path,size_bytes,sha256
.gitattributes,300,aae5e268098ab396c21fc2fb5de1dfb3d83bfa9ec35be9de1f3e1cc19d32fb32
.github/workflows/reproducibility.yml,2296,edd03d922dec5b0467a7c5510c13fa29135acedb9265f6d14ad2cc9494887b92
.gitignore,68,c777640f39f603e517c46c775993300d64947d0d41dd574fc9e87ac060932bcc
.zenodo.json,954,cc97b8afd2836c4529baf7ec8578b7e0ad85112387dd814f4cfa11d26951ad04
AUTHOR_RELEASE_ACTIONS.md,3066,1711b322cf5b514e6eb4cda4df6b741a2ac0770aaaf7afa66f43ff0241d111f8
CAUSAL_SPECIFICITY.md,8403,e9a38a0196e83716c0d52b2ffdc325838cd72bcb5b671887dd99d5ad64df4e09
CITATION.cff,1319,3d86bedeb4a1ca0dc7c25fd13acba3edb3a9dea1fa3800329ab3af6e8a542609
CORE_RESULT_SURVIVAL.md,7894,83ba830c7ab4be1428709bc4c82c5fb37321c72a3a3ee2fa4e0b914a236aa2dc
FROZEN_CLAIMS_AND_LIMITATIONS.md,11457,2ceda724b2837ac870c202125928a988df017daa447be70781257999edc07572
FROZEN_CONTENT_INTEGRITY.md,1127,a5dad98e9056a6f42d5b0086d731d09c5c796ac6997a690970d4eda1861852eb
GENERALITY_ANALYSIS.md,7818,4edcdd1c0af0848dc3b39fe80f4b1d0ca57df1442744263b657ecae1c9af2456
LICENSE,1071,3464b3d85f0b5e9a01d6cfaec29d575d688c6581416176582ecf8d9640af67cb
PHASE_03_ENVIRONMENT.md,615,0c2aba82b6183545abfcf5be9a712053a0b2b5ddc7396f073ba7f69d191afa17
PHASE_03_HANDOFF.md,9409,4c5658bd29b45e48dfe62ff14a07b598aab42427609d2a5e4cb985d69a73d310
PHASE_04_ENVIRONMENT.md,436,7ce0f7190ed950d79945661793b324a86ef93dbf0391f9823acfb8ef0e379f57
PHASE_04_HANDOFF.md,6290,deb8430907f62db7b27cb4279c840287bddd5e4c44681a64e329407fbb9457c1
PHASE_04_PACKAGE_MANIFEST.md,1399,a66b3d4d8833c12f3fdf62263330beb4a490df322783c99b42215f1146fb9a1d
PHASE_04_PILOT_PLAN.md,6889,b4cceb8aa5c4529a206347a559493aa7495dd7e118cf3805e8ecbae3484c7c6d
PHASE_05_ENVIRONMENT.md,532,2947ba9bd95f02aef1c4d9117239cbf2e1ff4078a9bc27f854319ab96cef246e
PHASE_05_HANDOFF.md,6536,357bcc2d0f55b61992ccc77e309b0a4bf38ab8ca585a2f78c9817a1779eb86f1
PHASE_05_PACKAGE_MANIFEST.md,2525,748f5c615bf63f0de9f816de248ae7e796689e165b27c947276bf5f6d96825f8
PHASE_05_PLAN.md,6221,5aff108e955a0a0591bedc6a1a21b98fbebf774e4c452e9ec84a60dbf71beadf
PHASE_06_ENVIRONMENT.md,504,0d80b1f9e079191f0c7725c46bfc58652a09e1e27ba42a63e6774be2d69cc1d5
PHASE_06_HANDOFF.md,6371,fcd972fb9d615728b387f092159ba94b249bac21cdbb960e49153fcacb951f40
PHASE_06_PACKAGE_MANIFEST.md,2618,6f51bb049f65baf842d32d81060749e135ab38ac1e84e8750ab553324ba37523
PHASE_06_PLAN.md,4870,b46f7eaa7eaab85594e5623c5ed98874fb944ef505db4353a10bfea7a571d207
PHASE_07_ENVIRONMENT.md,727,19d4aeac33f627d726ea249c3b88c4f574a2ee25b1370ce11a98487c27f68b64
PHASE_07_HANDOFF.md,4290,fc0a0d8c470213a21a43791ce59ab877c906ee815e45cb660cf0d3b4ab50b144
PHASE_07_PACKAGE_MANIFEST.md,3051,944856325745918d37c7d5aa49124f2403677781cb82ef37f4e3dcb4441ede97
PHASE_07_PLAN.md,4475,bb1b5eeec1bf918dc21d04ae6929b17c63b3ad6d69ae53227f3dce077df8e817
PUBLIC_RELEASE_CHECKLIST.md,2224,130c8206ed50c50227c8896f5b786bfaa6c1c85502742f46d556d0d319b71f40
README.md,5608,f857002b0b37cc96650e50d072abdf4de4bd82380b144716824ca68f5b321f10
RELEASE_NOTES_DRAFT.md,3041,77ade6f94ca2201c516dc11f981347ef06ff45fe9f6059ec5e30e6d5101b82a0
RELEASE_PROVENANCE.md,4367,31573d7d41d32f552838131cfa488df406dcae301a7e10e40c45b47a27a97f92
RESULT_FREEZE.md,6856,f65fdce127eaae8d3385601571c28c3c48af32af1e1a3ebb941bc4444383de69
STATISTICAL_PIPELINE_VALIDATION.md,10994,e57741fb5b56d79c922b9453b02a341ad73a229e5aaac7ce7bf670365e7ea037
TEST_RESULTS_PHASE3.txt,936,58482e9db63d260481a00c0e01a61b1be785cefcdaa710b546078ea2b6231f74
TEST_RESULTS_PHASE4.txt,100,7920e476334f6c9f8e7f527f65398dc516bf94c8a91896f46c64b3f4d22fb234
TEST_RESULTS_PHASE5.txt,100,25512e004547866d51387e89b99ecf206900dedfaf806a3d9bcb91bd4b68fe0e
TEST_RESULTS_PHASE6.txt,1433,7542b3ff212d9c0afe1521d0b876be509c416ccb5dbd174cf933108ffd91d1cb
TEST_RESULTS_PHASE7.txt,100,7e7ac77dc8ba1dda7045f3f69dbee533b2930a9957cc69306bc2028a1c861a10
VALIDATION_PHASE3.md,794,3a4e9ca3470b95c158c5dfd66bcf322f3c91cbf0f954f65f6bc4f8d2da68b735
VALIDATION_PHASE4.md,5292,488f26ec92c8d31566252d2b5330ae323a502999a013740974b2a736c1ce1472
VALIDATION_PHASE5.md,4160,c09dc04d68e8661b522b4694712c776f18f43c884fa5a120aed9ddd446b981ab
VALIDATION_PHASE6.md,3674,d84b7cdb08649dc03001e82f8f908fb26653a0103a41e3a8df26675dfd67382c
VALIDATION_RESULT_FREEZE.md,1507,0de033ecb324b8445e1f1057e5f9068979497a63d19d96fff4235e9510f470f2
artwork/ARTWORK_MANIFEST_SHA256.csv,1414,3538527842f29b5a3048df75a9c46ae4889e6142a1626898b01c5ac80bc2f7b0
artwork/ARTWORK_VALIDATION.md,4128,8a0cb5fd45006c2edb441d00fdca3ce023ddfd9054002b182f04bc7a0adcc72a
artwork/EDITABLE_VECTOR_ARTWORK_HANDOFF.md,16289,a61be331a0ea9d567d11e8d0fd58eca8de00f23a0727aae6cae35b8776fc637b
artwork/README.md,907,46bce9ab9e2c34f134351eebb3b67981f5ad51592de8c51026ee8d492f51cef9
artwork/exports/Figure_1.eps,1354579,10b123fa71403641f3681e852e842b43991aa8abcd1c53ba0eef2b0ce3c5fa57
artwork/exports/Figure_1.pdf,434029,4140e53038adb6052807ca45b2a4e44f46eb1b2f9369b6c2e7d0a0856437e46f
artwork/exports/Figure_1_600dpi_grayscale.png,530407,75db4a555bd1f62282624af00063782f55fad061f9b181c884be3bed0205fe00
artwork/exports/Figure_1_600dpi_grayscale.tiff,701800,362ecbb72057a1e3094368f58caaadd91f714119e5551d58a38a897ec6849f93
artwork/exports/Figure_2.eps,971388,a4a0caf5f86ee25c0e01f708635b7bc2fa70955f9c0edb7ceacebab36f7ca636
artwork/exports/Figure_2.pdf,316927,8c1e185319fa84ce072fba0c32e0b0087e8154527d9845a275312f63e85d27d9
artwork/exports/Figure_2_600dpi_grayscale.png,434638,87f688d916ce445e872d57c61ee305b2d3c4dd5cd62c64e1cb6ce9a70de3a2b4
artwork/exports/Figure_2_600dpi_grayscale.tiff,595494,e3c111d060bbd54796043f5a190c0e698928069bd4ebf29c5bf53cf63d6bf7b2
artwork/masters/Figure_1.svg,940526,5e81f2f70cbbc751e3ad691360ed70b6f9850f4cf8344cbc7a7d2b6032659d27
artwork/masters/Figure_2.svg,685684,4209626a8d184cfe9038a810dd9e9284e2c762dd874dc4f22dc4a3145bace476
docs/GATE8_INTERNAL_README.md,10751,0299fde40fa95c248e0d11d3fd0286aa336fae7d0b9368fd35513f0adf2fb460
environment-lock.yml,285,986d1849422e3ccb1c307655b23c6ec01a86ac800c0c5bd108b10a69cdecec8f
figures/paper/figure_1_baseline_vs_adaptive_gain.png,459164,9dc6d30683c4d065092d51eca5e7edfd7f437c8e6ea628c3b30774e20191c835
figures/paper/figure_2_intervention_schematic.png,407950,581fa5108c3222a925fb5be8b24de278b11c467119a1a1a981b3dd3cff6e0a96
figures/paper/figure_3_main_decomposition_excess_over_control.png,914772,4b0a23abd800b5b09075bb340bed647b8a4a5e9fd699d7a2731cc013dbfb63ca
figures/paper/figure_4_gap_widening.png,447568,c716489a172a59f4c835216bcadb497b8c55457f6dd2e03759a81aae6467d7b8
figures/paper/figure_4_viability_definition_comparison.png,447568,c716489a172a59f4c835216bcadb497b8c55457f6dd2e03759a81aae6467d7b8
figures/paper/figure_4b_entropy_state_definitions.png,402319,4963bbe5183c5f864e70b1112c14fa2d87c96df684e5c529b991102c600a17a2
figures/paper/figure_5_frontiers_and_robustness.png,950601,0d0454f9998c563f07ee94fa327ba8c8144f85507af7067dc4b5c11dd46d1b34
figures/paper/supplement_frontiers.png,568070,6d4abd5a2a5c576f69d6815b0e2b9eeb2da65cd2246dff499ff2189cb0709e3c
figures/paper/supplement_method_ablation_no_kmeans_sensitivity.png,476072,2994726abf909ad5f19c29da2f78227466031ef4f393f4806b1cda0b607ed609
figures/paper/supplement_method_diagnostics.png,903116,db204362c543029435fa15fa1862717258d6761f528d21b12036e8c753912943
figures/paper/supplement_threshold_survival.png,308016,2da08335e985f3ccd948c9b0ef7dc7f796b2a27a14555726edbb39b1df10f615
notebooks/01_run_pipeline.ipynb,1389,a64b3a6f44c649c5b6e99ef1f79fffb5b891a14e2252a6e13aee4a5f2821ee42
notebooks/02_make_figures.ipynb,2651,2f86ee505159e5a6a91f95f12e53bb3e6da8ca8fd1e8be01f23c2cce0c320d72
notebooks/03_preview_figure_1.ipynb,194167,63d735eaededfbe4418cb2a296edcfc0b510cc2916172aadf2723e6c752b4e6b
notebooks/04_preview_figure_3.ipynb,360481,7723aa2a6f63e956d3eb563dda10a1d49565ee1194a56d3c763d35f707e27a89
notebooks/05_preview_figure_4.ipynb,177700,64e32b29f9ced4e3f710873f79faaa0a7d5fb3f20129fb9afc2ce4b169240caf
notebooks/06_preview_figure_4b.ipynb,155994,c118ee8b90bc7a9041d867c6727305a68f9395b5ebbc141df0f3ff10354d7b98
notebooks/07_preview_figure_5.ipynb,1270921,19456acf9a7c1a6fb5ca66b0751f67f654404ed4484f177c69d34b8a32d10b30
notebooks/08_preview_supplement_frontiers.ipynb,227425,dbe82c749ce49f0d3d7a38c3d2458ae2e0c0c4947234969599b2d63553639050
notebooks/09_preview_supplement_method_ablation.ipynb,192659,e3749623b007e72d1fa1bc7c5241894fc15ec6e5cc268c2142599f8f7e98b8c8
notebooks/10_preview_supplement_method_diagnostics.ipynb,347330,21a129df23e5bddab2af81d07e62f68482898d4d165f9fecade0db3d4f12b857
notebooks/11_preview_supplement_threshold_survival.ipynb,128194,69819c8e186bbfcfc0e48abcd4ce53812339bb90088745731cc8fd950468e715
publication_figures/exports/main/FIGURE_3_PUBLICATION_GRADE.eps,176909,25bc737665a30f534b8baf305e5f780d0bec104c88af4fe886e23e26296292be
publication_figures/exports/main/FIGURE_3_PUBLICATION_GRADE.pdf,70223,1c68f74b5bdec348ce6a4705d2add9974404b11207f8d02166584a4a8eb61a43
publication_figures/exports/main/FIGURE_3_PUBLICATION_GRADE.png,657793,7b97f885ea420d24352dcc683c69b18e4fb38bd4e571e963b0a9a346b406732d
publication_figures/exports/main/FIGURE_3_PUBLICATION_GRADE.svg,298623,93a2c8b1c859d4630ab0cdedd11face4d36f43966f42274b523c70b9ab8bf4af
publication_figures/exports/main/FIGURE_3_PUBLICATION_GRADE.tiff,904444,064c9c55f0d3aad60447f4d0dfc8d6d1bf5e0e714338039074ff094bd16898d8
publication_figures/exports/main/FIGURE_4_PUBLICATION_GRADE.eps,119828,f42ad92b21aef233c52b80aba98a25ee768c746812a52f44846ce2934a83f7ff
publication_figures/exports/main/FIGURE_4_PUBLICATION_GRADE.pdf,35852,03cd4805dafd692508ae4000c298732e68d3133a0da41bb83d59cfc79911b70c
publication_figures/exports/main/FIGURE_4_PUBLICATION_GRADE.png,423371,6766c4ffa01413f33c0f30e0575f7cc38eee0d0eb5acacfe82413191f1a799b4
publication_figures/exports/main/FIGURE_4_PUBLICATION_GRADE.svg,86866,f313f385dc6577b7e47002116c897c0668e91ac3907613a1759c18185528f7c4
publication_figures/exports/main/FIGURE_4_PUBLICATION_GRADE.tiff,734646,66226754b92df8a00013ad8a66a3fb301276f4cc3e3635e9609a00fcb9c5db82
publication_figures/exports/main/FIGURE_5_PUBLICATION_GRADE.eps,131617,aff4bf8f3f80d9de07788c62271aee5104043838fc63159856dd031c8a098920
publication_figures/exports/main/FIGURE_5_PUBLICATION_GRADE.pdf,35338,8b7449af6ed2024f1ddf77cfd4fa70d53f7a05c0842275f69d2d6b82649bf3d2
publication_figures/exports/main/FIGURE_5_PUBLICATION_GRADE.png,962084,d39fb653fa2e797a6bf3e6d27091e7af4cb2e8497a8aef79d960f8dfb8d825e0
publication_figures/exports/main/FIGURE_5_PUBLICATION_GRADE.svg,108374,b6e1ecac950193adfc305b364028ac3ea7a31a53e7af8ab9de668e0612315994
publication_figures/exports/main/FIGURE_5_PUBLICATION_GRADE.tiff,1150474,70227aa34071a8dc011a36f62de37aa4f781594939e08b7c8cb3d64c7f972226
publication_figures/exports/main/FIGURE_6_PUBLICATION_GRADE.eps,97280,e64aa1f6c5a90c2d9fc3727fe25158bc39957b6b8195b3dea406dd1e513782b1
publication_figures/exports/main/FIGURE_6_PUBLICATION_GRADE.pdf,29178,769ab3b721802eb796208ca225dfe88f9ce8148d146708e36f1d7666e016990b
publication_figures/exports/main/FIGURE_6_PUBLICATION_GRADE.png,361561,84be95a81c7fcf4fb90bed88e556be15609e6134c4285462a1d200dd5c82a216
publication_figures/exports/main/FIGURE_6_PUBLICATION_GRADE.svg,61360,75828cab86cc4200fc0e83c2a33d95ed7891404ffe48f6c200914d5336f05e77
publication_figures/exports/main/FIGURE_6_PUBLICATION_GRADE.tiff,600902,9e7af437b426f92050bac7cff9a8b89c900c39a8b0c010bef080a7ff317cee1f
publication_figures/exports/main/FIGURE_7_PUBLICATION_GRADE.eps,114558,a2c34412d7123bfba084dcaa4e9197f77bc0e17bd9f2948add6504283a6bd213
publication_figures/exports/main/FIGURE_7_PUBLICATION_GRADE.pdf,36051,c21746a7a7b078d73d8f12582a9dcba3b7914f123bd8ab9ff496dc05bf129c57
publication_figures/exports/main/FIGURE_7_PUBLICATION_GRADE.png,386136,7ce0af55a95b2b3bb27b37d588431e898f90a74fc2a54854f5c098b781e3625f
publication_figures/exports/main/FIGURE_7_PUBLICATION_GRADE.svg,62360,594a85eb2eff557398ceac394cf237e92341288e3392b5c578652e5147b1c6b1
publication_figures/exports/main/FIGURE_7_PUBLICATION_GRADE.tiff,569744,16f60a6b3891db07e83178e26aceb3ecacfd66a2f57afa5f095e663dfb6d8d6a
publication_figures/exports/main/FIGURE_8_PUBLICATION_GRADE.eps,110654,0aa64298da95899e287e50548bb56f72075257055baf5e825c6289bf95265fe5
publication_figures/exports/main/FIGURE_8_PUBLICATION_GRADE.pdf,32093,ce0710575d4f29172ae0f39b88f0578fe8e5e4e1f02cfad38b96dbef58ab3297
publication_figures/exports/main/FIGURE_8_PUBLICATION_GRADE.png,383361,ce1fd25745acb1bae2a5d39daf37ef7050a11b2ed1a2af5bf5b2497cbc4c714f
publication_figures/exports/main/FIGURE_8_PUBLICATION_GRADE.svg,70663,33684f75775a5f8f2e41be2738310e9cf34ec49f07d82ff0c063eddc535c0e35
publication_figures/exports/main/FIGURE_8_PUBLICATION_GRADE.tiff,620478,00d0bc1f1fde86efe02d2c1a5aa597ddd672386f0c9e20d91c54b7b811423fee
publication_figures/exports/main/PUBLICATION_GRADE_FIGURE_MANIFEST.csv,4486,c2d5d210124aa5668de593067e9c1bfdcde8b657a1c77fe8374dd8e36ecbee8a
publication_figures/exports/supplementary/FIGURE_S1_PUBLICATION_GRADE.eps,234629,7f0a40d7376d05ca0c0835da0e86c02b76ff4b708a49ba5733ec67e020f67fb1
publication_figures/exports/supplementary/FIGURE_S1_PUBLICATION_GRADE.pdf,67421,95eb3666ff3b5283d2c160e05f2c675978e1b1354892fde1399e4597c1626631
publication_figures/exports/supplementary/FIGURE_S1_PUBLICATION_GRADE.png,556968,5075fd5c4b77c4cb780a149290c70bf3bf47c5691bc50fa8c7ef9dc93b3d5c20
publication_figures/exports/supplementary/FIGURE_S1_PUBLICATION_GRADE.svg,244696,cc80021b4fb4d38d2c9e02bf4807d051164af677465869763c252faf50e34dd2
publication_figures/exports/supplementary/FIGURE_S1_PUBLICATION_GRADE.tiff,1004352,f305f6cb78586a287ef671ba776a8ccd0f535125240a98df3355a1ce37a2ba02
publication_figures/exports/supplementary/FIGURE_S2_PUBLICATION_GRADE.eps,135453,096d39740a7bebaa2e92073345d93777e0fb9a5d7eb4552559375b66ab251345
publication_figures/exports/supplementary/FIGURE_S2_PUBLICATION_GRADE.pdf,34621,bb89aa892660b699371008aacea97a764da0a36403cfa1989f1aa9d3f8387634
publication_figures/exports/supplementary/FIGURE_S2_PUBLICATION_GRADE.png,570735,34cc4410763a58c584d4a84c591aaacef54dd83824092da9e8ff58501efa758e
publication_figures/exports/supplementary/FIGURE_S2_PUBLICATION_GRADE.svg,126124,e4ce183e1d3fc35e620cf99d73eb4ca5eea71ad60a9dacfebf10f40c45028e14
publication_figures/exports/supplementary/FIGURE_S2_PUBLICATION_GRADE.tiff,952548,f33d803223c05bf58ee286c7c8f5b15b143482ee7795f4400126ed3336fc2216
publication_figures/exports/supplementary/FIGURE_S3_PUBLICATION_GRADE.eps,107494,4d2eceb2d4f03ccee5732c51de568e1d6ff16a20f81ae3f8cf6268468903a08d
publication_figures/exports/supplementary/FIGURE_S3_PUBLICATION_GRADE.pdf,41756,405e8695670fe60c1fc5bb3d48de03c2f992ea07d02347c65cfde4abf40f733e
publication_figures/exports/supplementary/FIGURE_S3_PUBLICATION_GRADE.png,187727,e81a6363c67bf4607c9aa7ebc1ecda8166bc3a9e0d9c7aff3dd9523936ff1f52
publication_figures/exports/supplementary/FIGURE_S3_PUBLICATION_GRADE.svg,135631,8774088a045dbf7c30399675018144c387ae16e0d49901bd8853d12635f177f4
publication_figures/exports/supplementary/FIGURE_S3_PUBLICATION_GRADE.tiff,353018,e5ee9f5cadaf530f9b73ab082db8e26d77a9334509a813d2945452f2c0c0fc50
publication_figures/exports/supplementary/FIGURE_S4_PUBLICATION_GRADE.eps,110498,ab144c752a8a531ba17c3a76e2de3a83789660fddab7dab594c1296b1fee1d0a
publication_figures/exports/supplementary/FIGURE_S4_PUBLICATION_GRADE.pdf,33955,46551857e8adf1fa14ab072a85271dbfe91e67b2c0a9abaaeef251746bb21c62
publication_figures/exports/supplementary/FIGURE_S4_PUBLICATION_GRADE.png,1251733,5081cc82eb6a6c93328069bc21194834b35063599a17425aba912fc2a1631b24
publication_figures/exports/supplementary/FIGURE_S4_PUBLICATION_GRADE.svg,102828,858c258b32f396c727c88b155b12d2c5cf62acb33bf6626179f788db7003174c
publication_figures/exports/supplementary/FIGURE_S4_PUBLICATION_GRADE.tiff,1159042,dd99667f6304530f6a9b0429deca4608ff49ad547c97cee9c03bb4946ff00481
publication_figures/exports/supplementary/FIGURE_S5_PUBLICATION_GRADE.eps,198137,62fb5208d1e94d443dc1a05f5f78b45d8b3b8c6c4cf32f82fcdc43ee0fee1e46
publication_figures/exports/supplementary/FIGURE_S5_PUBLICATION_GRADE.pdf,94682,7e86abec1fe8d9471cbcc897567bb4052bb9f94d33dd82c8836690a1b05f8cdf
publication_figures/exports/supplementary/FIGURE_S5_PUBLICATION_GRADE.png,650898,8248b7e198b6643337bbb27b02c59052acd3acb9be023aa7216dc8f59048960b
publication_figures/exports/supplementary/FIGURE_S5_PUBLICATION_GRADE.svg,150708,ee6d23821bde7807eeb0f5f0be88db0b25af5743f552ffcd8dab6bd4daf6e24f
publication_figures/exports/supplementary/FIGURE_S5_PUBLICATION_GRADE.tiff,1606498,af6deeff22e796b314bdfa9e4d2935f985fca581fd8d4b0f14cb89567eb22718
publication_figures/exports/supplementary/FIGURE_S5_SETTING_ORDER.csv,33844,a47332bff2af29e80bdf6201479cf6ce0980efefd69ba66da4a9b43ed727fb5e
publication_figures/exports/supplementary/FIGURE_S6_PUBLICATION_GRADE.eps,137505,51dfc1ead87ab62c6074cd7660e64963c9c98857424944d81db7892e5c3f2308
publication_figures/exports/supplementary/FIGURE_S6_PUBLICATION_GRADE.pdf,34560,1a52ddb57c41859bb0c35205f9cfabb4a24306d6f1788093c367c2a1a8199bb7
publication_figures/exports/supplementary/FIGURE_S6_PUBLICATION_GRADE.png,399542,e8b93719fd1bb41285481e2d26b3588c4352a02de7e74c45a2d9e26f19714e64
publication_figures/exports/supplementary/FIGURE_S6_PUBLICATION_GRADE.svg,89111,e1527efe35b356b9f5a8cbbaf384df30a209223ad8aac299bf93a2805f41af75
publication_figures/exports/supplementary/FIGURE_S6_PUBLICATION_GRADE.tiff,791034,397960a70d5b34f33ee6930a47f43762a6d1f3a5c68932e27cea3972fd7e409a
publication_figures/exports/supplementary/FIGURE_S7_PUBLICATION_GRADE.eps,114249,1c24b1327a71430c821e5b7cf3e1822434d640d20462348af89d472d3949b786
publication_figures/exports/supplementary/FIGURE_S7_PUBLICATION_GRADE.pdf,35169,f95f48a6e260884e6b65f7a2bad8ebd6e0e5198cdf4c687904318f313a2e3b3f
publication_figures/exports/supplementary/FIGURE_S7_PUBLICATION_GRADE.png,712037,82927b03d42640d825ca89e2a42d62d13f56e2bbac832452ba1d8200e0421d93
publication_figures/exports/supplementary/FIGURE_S7_PUBLICATION_GRADE.svg,84534,3c3392fd7504f5a74681d71988d19e1c0a8992a3fb0725722452c75562416ac0
publication_figures/exports/supplementary/FIGURE_S7_PUBLICATION_GRADE.tiff,1054618,dec226887c7387d65918d4d21f9872a361228c7426f9bd1a608b97a1b734a374
publication_figures/exports/supplementary/SUPPLEMENTARY_FIGURE_MANIFEST.csv,5291,a4899e7859b3de47cb78aa1735b3c444fdc538640a129e07e2268a72eb872f34
publication_figures/main/FIGURE_3_SOURCE_TRACEABILITY.md,2812,5e69d8dc7a946810e86b246bf49703c5e5a3a1d3691374647b8d93080994337a
publication_figures/main/FIGURE_4_SOURCE_TRACEABILITY.md,3163,7050462ef2b35afec30c2afedf148a556abf3f6dfb42e6be0a46349eec6f7c22
publication_figures/main/FIGURE_5_SOURCE_TRACEABILITY.md,2966,b0712c2c99f32049e65aca9bdfc7addbd965128c04c77cad328b73c8d885eef3
publication_figures/main/FIGURE_6_SOURCE_TRACEABILITY.md,2724,1d85cf878c3618372683cd476394e9e9671ab114961525fc9addfcc9dac0d6e7
publication_figures/main/FIGURE_7_SOURCE_TRACEABILITY.md,2248,0a3455f6cd0fbc6e71dbed816aa51371ef2175edd67995877ca45ce3ff232140
publication_figures/main/FIGURE_8_SOURCE_TRACEABILITY.md,3121,a0403aa0c91e1ce65010ca509713f806759a4465f57cbfbfea150064fbab6669
publication_figures/main/FROZEN_SOURCE_TABLE_HASH_VERIFICATION.csv,2162,ce3b8488cd6d8ef7fe2b6790cdee394e9533657db473358cecab7b5e775c6c5f
publication_figures/main/produce_publication_figures.py,46600,2ae3f9e7e5c1505e6b227fbbe32567dfa74312188340caee2dd451f1f4d031ec
publication_figures/source_tables/causal_specificity_contrasts.csv,1648,d825e7f63b65b26d25efb8f58c88ae16550277bfb51931357e1d859f4bc3a442
publication_figures/source_tables/causal_specificity_seed_blocks.csv,25029,34af9be570d21034729692110a9fa5678f1d4768bfba66d8eaa6f4b0f6a255b8
publication_figures/source_tables/core_frontier_points.csv,4668107,d301e23271ca087481fbfa1f3d8b4d909f58f0f78194667cc258e0f10bc7a251
publication_figures/source_tables/core_inference_records.csv,22949,0bc30784704e210ad2da076c344b1a244bfbe3b1415b1ab3a84c5b7f454a16e5
publication_figures/source_tables/core_information_replicates.csv,81448,4c4f9810188d206884cdb9aff95c7b5e1fcfa2da3adc79c83e878ba68b13b7a8
publication_figures/source_tables/core_semantic_replicates.csv,109266,d8096c9e04f657337485dd2e1ffced4d04412ed2150c1319c52095e6f7c9bc69
publication_figures/source_tables/generality_confirmatory_replicates.csv,7099,0c5f967225f319ad7b9b371e045b39dce9f41303ac4cfc35368ca30187cf40c6
publication_figures/source_tables/generality_confirmatory_summary.csv,483,4c3fa39d27e2239fb481306894e4b8c5d5b7a64102ea6f158d87d2b18f870bef
publication_figures/source_tables/generality_protocol_summary.csv,9787,fd74eac9a6b2c2c45fb0381029772e96992ba48e46a74e38c892d16abbc9286c
publication_figures/source_tables/generality_screen_replicates.csv,191457,7fa270f81c45c52103338c363b430c9aea99d76aea31d21da9dff9372e2569b4
publication_figures/source_tables/generality_screen_summary.csv,51817,b1bc2824bbbe25109f7a8fde34ac8165a032785d91a22514b9b5203c8356c1e1
publication_figures/supplementary/FIGURE_S1_SOURCE_TRACEABILITY.md,2671,457d71e7a1fffdb18aa21666aab9bcfba628958aad0430346825a9253c6e7f7f
publication_figures/supplementary/FIGURE_S2_SOURCE_TRACEABILITY.md,2432,3e30c494d3a8d663a00e18ba087411dbbf54887e1645cd97a70145c9ee52e1c6
publication_figures/supplementary/FIGURE_S3_SOURCE_TRACEABILITY.md,1821,ac90e4dfa9c101ca328249198cee8e367ea50f6bf03856a67ea82bf9269e9909
publication_figures/supplementary/FIGURE_S4_SOURCE_TRACEABILITY.md,1816,ba8247cc2ec819297773caeb4b81005f6a9bfc73646abe185a821953fc2a0b3f
publication_figures/supplementary/FIGURE_S5_SOURCE_TRACEABILITY.md,2024,66bb022147068fe352afd50186f1f7f250f7e4c416c421484df043568a612d7c
publication_figures/supplementary/FIGURE_S6_SOURCE_TRACEABILITY.md,1910,64d32aa42ac2735e3af04a54448b074c885ea901bd1f23305b16c62831d688d2
publication_figures/supplementary/FIGURE_S7_SOURCE_TRACEABILITY.md,2608,8af53cb8c5c1ceef737f0150629d1229bb089cdae5c1acb3248715b18690a1d7
publication_figures/supplementary/FROZEN_SOURCE_TABLE_HASH_VERIFICATION.csv,2162,ce3b8488cd6d8ef7fe2b6790cdee394e9533657db473358cecab7b5e775c6c5f
publication_figures/supplementary/produce_supplementary_figures.py,44198,11c1a2d7efe7dd74357ef18e36969d7fe17445587e35e73630d4a1eeb34f47e9
pyproject.toml,544,d276a00ca668ad3ddcb8524666ac7d667a15d689d34fa1170b1f0ecf1a9bf6ae
reproduction/CLEAN_ROOM_RERUN_RECORD.md,2047,cee794ad64fd79060032a5f1e8eb9ce2a6d59836a16b7aef89c41bb849eb1be6
reproduction/DATA_ACCESSIBILITY_TEXT_AFTER_DOI.md,1017,b4bba8cd258a531456993669cf5e75ba07cc9621d95bd667e29983180c856efc
reproduction/EXACT_COMMANDS.md,4106,3c450bcb77c94e0f091b3d2b695c50691ac5add9274ecbb06c7e60c9ccf0876f
reproduction/PUBLICATION_FIGURE_REGEN_HASH_COMPARISON.csv,4676,80be6d409ff76eed49848f0756f5f0eda3031dbaecb7d4a6ca6c9abaf25665dd
reproduction/PUBLICATION_FIGURE_VERIFICATION_PUBLIC_RELEASE_CANDIDATE.txt,255,00db84c34cf820c91c6694b7bacdd82645b6038e305eaafacbf43e8be89895cb
reproduction/PUBLICATION_STEPS.md,4709,f647920bbe991473d56e869e3ba0ba902325296dcf56707d6c5798ad33d1f5d1
reproduction/PUBLIC_RELEASE_CANDIDATE_VALIDATION.md,1521,7aed1d15f2a03af540394bae6bfca710a713d1a54edce07de7b86b707e68a650
reproduction/RESULT_FREEZE_VALIDATION_PUBLIC_RELEASE_CANDIDATE.txt,59,182c7eb5cc463deb18c8ba80dfdcaf1535672fc5a0f257acc26d318c27a3167e
reproduction/TEST_RESULTS_PUBLIC_RELEASE_CANDIDATE.txt,100,9778c1c7c7d200b1417fb62ec559dcbbd787a6e54f3f855481f90a89036170c0
requirements-lock.txt,256,bd575db230c9657a8fc3d96d379d4dfb8004056e65ca7166718a2f980763a4fe
requirements.txt,49,3de9dd2cfc1c2f8e41d6bc3832eb5ebb6aa7c24f3271874096bf77b612620d52
results/paper/baseline_control_replicate_deltas.csv,9152,a97316e505b8161214c17ebaa04942dae3ae75ec4bb00a0ad599ee0e31ea72ca
results/paper/baseline_control_summary.csv,1361,d7e2e7948773abc2467b2a9b5afae56110067d4b7795d501d83a49d2c3cb47a3
results/paper/baseline_selective_replicate_deltas.csv,9037,9f179d9b10206944ee0db00feef1c9ecb679567b6073c82675208723e11c6e33
results/paper/baseline_selective_summary.csv,1325,263fc7ef133a1a8b120cfa9f58979238b51c1466674830649fd6a66e847f6dfd
results/paper/frontier_debug_control_excess_over_control_all_methods_inh_0.1_smooth1.csv,1666,08d574367aa487243e926f9df1cc6390ad689df333fe55e2e8ed18d59d56e36b
results/paper/frontier_debug_control_excess_over_control_all_methods_inh_0.1_smooth2.csv,1666,c544823d7c9be5f916d6b153006d37ad9ef5ed532c52fe5f10bb825b239bd4f9
results/paper/frontier_debug_control_excess_over_control_all_methods_inh_0.1_smooth3.csv,1666,a03e3daa43c180ad72e05090c48618343d6589101ab65a53ba7a2c184bfb509b
results/paper/frontier_debug_control_excess_over_control_all_methods_inh_0.1_smooth5.csv,1666,0fa1266191c5604ff1abe37778274cb5e70cd7233410baff267e9a396e446d1e
results/paper/frontier_debug_control_excess_over_control_all_methods_inh_0.2_smooth1.csv,1370,b18f57a804c59cb71c7bfd308b2f585834d541170d05285df8987edc9f10c8f1
results/paper/frontier_debug_control_excess_over_control_all_methods_inh_0.2_smooth2.csv,1370,b18f57a804c59cb71c7bfd308b2f585834d541170d05285df8987edc9f10c8f1
results/paper/frontier_debug_control_excess_over_control_all_methods_inh_0.2_smooth3.csv,1370,b18f57a804c59cb71c7bfd308b2f585834d541170d05285df8987edc9f10c8f1
results/paper/frontier_debug_control_excess_over_control_all_methods_inh_0.2_smooth5.csv,1370,b18f57a804c59cb71c7bfd308b2f585834d541170d05285df8987edc9f10c8f1
results/paper/frontier_debug_control_excess_over_control_all_methods_inh_0.3_smooth1.csv,1607,85f1a8247ab2ecbea6a536a9f0c3c83ed35aa5e54ccc3504caa7bf5951ce15b3
results/paper/frontier_debug_control_excess_over_control_all_methods_inh_0.3_smooth2.csv,1607,682549488dfabf7f732fc624cd37b7be65accdb0347c30b68b094a34a70f2ed0
results/paper/frontier_debug_control_excess_over_control_all_methods_inh_0.3_smooth3.csv,1607,d4948066f534d9cb68d6359b540185b963c9932957b3c4e21d05ab084ed2142f
results/paper/frontier_debug_control_excess_over_control_all_methods_inh_0.3_smooth5.csv,1607,d4948066f534d9cb68d6359b540185b963c9932957b3c4e21d05ab084ed2142f
results/paper/frontier_debug_control_excess_over_control_all_methods_inh_0.4_smooth1.csv,1665,a5a162c30e7f130c90f7328312a8a0499ff1617fb21440ec9cf4263ca1bde04b
results/paper/frontier_debug_control_excess_over_control_all_methods_inh_0.4_smooth2.csv,1664,d4095e81708ede20544c999ea34385192fd4893d71bb20872255cb85d321203c
results/paper/frontier_debug_control_excess_over_control_all_methods_inh_0.4_smooth3.csv,1663,67bbbd30049716f61a048650ede1a1cee5bbfe79781cb9209963b4d2a6d59f7e
results/paper/frontier_debug_control_excess_over_control_all_methods_inh_0.4_smooth5.csv,1663,fc4b1d2f73ed43bba1230cfe6b289b27fa4327664849c0b3aa4cfe8ef8d0da6d
results/paper/frontier_debug_control_excess_over_control_all_methods_inh_0.5_smooth1.csv,1655,884da14acc6e59929e2e93fc81168f5d8f3c381316706068229411811754486e
results/paper/frontier_debug_control_excess_over_control_all_methods_inh_0.5_smooth2.csv,1655,34c8914e8db9ed0e20880d3a1815e4f5cd1c5830491bb04c5918012cfd6ec8cb
results/paper/frontier_debug_control_excess_over_control_all_methods_inh_0.5_smooth3.csv,1654,d170e000e4f19f3ca9693acbef9b0ad53e428ee82cb38b7facb9ca4f8af9379a
results/paper/frontier_debug_control_excess_over_control_all_methods_inh_0.5_smooth5.csv,1652,d7e34ce2fe059c356a6768f92704a7d07fa1ab2879c8a3ab83c5d7fd884d9d52
results/paper/frontier_debug_control_excess_over_control_all_methods_inh_0.6_smooth1.csv,2091,718362504bdf84ba35621eb3032f2020e3bac0dca156c2fcee5020d202208954
results/paper/frontier_debug_control_excess_over_control_all_methods_inh_0.6_smooth2.csv,2091,718362504bdf84ba35621eb3032f2020e3bac0dca156c2fcee5020d202208954
results/paper/frontier_debug_control_excess_over_control_all_methods_inh_0.6_smooth3.csv,2091,718362504bdf84ba35621eb3032f2020e3bac0dca156c2fcee5020d202208954
results/paper/frontier_debug_control_excess_over_control_all_methods_inh_0.6_smooth5.csv,2091,718362504bdf84ba35621eb3032f2020e3bac0dca156c2fcee5020d202208954
results/paper/frontier_debug_control_excess_over_control_all_methods_inh_0.7_smooth1.csv,1875,bd074296bddcf31860c9a145d7c8bf4f08cb2ce78069a8033c8487ccc5575dc0
results/paper/frontier_debug_control_excess_over_control_all_methods_inh_0.7_smooth2.csv,1884,106eb3c0ef1780f44d93e513c33af35b2075cb46db09a59c8f2ae593f1671d9f
results/paper/frontier_debug_control_excess_over_control_all_methods_inh_0.7_smooth3.csv,1893,8a01a6e1a36c3daee2759c8d4a48a0d6a33140ac05d129da016d5ce52c171bab
results/paper/frontier_debug_control_excess_over_control_all_methods_inh_0.7_smooth5.csv,1911,8c1ef4a0815cce73dd11871a111a861da5bf39ba225a20a63b8999ea03031ebc
results/paper/frontier_debug_control_excess_over_control_all_methods_inh_0.8_smooth1.csv,2218,e520b03d77efb81b2b87dd09f36f49b230016f6d78f1af3615ae638beb3f9b6c
results/paper/frontier_debug_control_excess_over_control_all_methods_inh_0.8_smooth2.csv,2217,266c92495021e01fdf6ac18f1af1b464c6d0069ccd6c3834cf5928204ea1d86f
results/paper/frontier_debug_control_excess_over_control_all_methods_inh_0.8_smooth3.csv,2216,ac6f746e1a3b7e35359dd1553076509f2ecc87e710b3be506defda7413668356
results/paper/frontier_debug_control_excess_over_control_all_methods_inh_0.8_smooth5.csv,2214,9f171a0847ce539e9293825ba6c75362cc32d4589ac02fd25e9ca92eab30b42f
results/paper/frontier_debug_control_excess_over_control_all_methods_inh_0.9_smooth1.csv,2204,1aa16c7e7aa6d9c54debfe4ef2c708d1f443e1ff39aec22579fe7d1ee62ab331
results/paper/frontier_debug_control_excess_over_control_all_methods_inh_0.9_smooth2.csv,2202,a5ae85a5e809395bbb3bfdbf012eefd254844a8113669586c199c2aa698cbaff
results/paper/frontier_debug_control_excess_over_control_all_methods_inh_0.9_smooth3.csv,2200,cdb45242f6a555011c811460237fa4c60aedb988d1b05163dbc452180eed8386
results/paper/frontier_debug_control_excess_over_control_all_methods_inh_0.9_smooth5.csv,2196,22740c13789db96ba933c43c70df14234f144d3d3c66bcf9a47f1fa1eba6d185
results/paper/frontier_debug_control_excess_over_control_all_methods_inh_1.0_smooth1.csv,1821,2d90f0f81f62a9505b2d2905ff9d88eb327f1ce16178d67e18b8d1ae8cc0c7d2
results/paper/frontier_debug_control_excess_over_control_all_methods_inh_1.0_smooth2.csv,1822,03b71c78c951510e479ca721119674fc3b19b8286b373271458a04f5932627a9
results/paper/frontier_debug_control_excess_over_control_all_methods_inh_1.0_smooth3.csv,1823,43af8060b8849bbecd5f7c0a0800e07016f96f9b345b679960d6073324c4a92a
results/paper/frontier_debug_control_excess_over_control_all_methods_inh_1.0_smooth5.csv,1826,bc891a6edde818afc1184c7fbfa10cc4f46de0944676283ced4e16118b259d2e
results/paper/frontier_debug_control_excess_over_control_inh_0.1_smooth1.csv,1674,c5f45c5e7ad85a9943b903596440754a22a11d72fa5acc948f96304cacb2fd2a
results/paper/frontier_debug_control_excess_over_control_inh_0.2_smooth1.csv,1366,365f2c7375e346e68d3ebdf0bda89dae2b20785aa962270cd30ec17da7da6b27
results/paper/frontier_debug_control_excess_over_control_inh_0.3_smooth1.csv,1611,037a893ff91b3db61783c4a594ef662dd9451fcc0e9f4d61a504521552235a20
results/paper/frontier_debug_control_excess_over_control_inh_0.4_smooth1.csv,1643,4cbd55786189faa1ad637b3124c4ada0a4218f7022e1bf76f3b95e3d6194da6a
results/paper/frontier_debug_control_excess_over_control_inh_0.5_smooth1.csv,1663,c88a99b3f3f4edb01fa0925ba89bef5c7b50ed4782d9b08fb0b06941b85c5e6e
results/paper/frontier_debug_control_excess_over_control_inh_0.6_smooth1.csv,2089,77974c8604173a3341871a8544f97abdc008357a713a22159f0b970df7286983
results/paper/frontier_debug_control_excess_over_control_inh_0.7_smooth1.csv,2057,3cdd659ccab81ec7ef2454700207ff856580298b1def8b055a4b0c95aaef160c
results/paper/frontier_debug_control_excess_over_control_inh_0.8_smooth1.csv,2222,c93d12de87adac72b11d5957354f0282386d07ebed6b0ae518dcca2b586f3541
results/paper/frontier_debug_control_excess_over_control_inh_0.9_smooth1.csv,2208,f979ea96e7b61e20873b749a9a4054ee1b59ff42cff52951502191e1813f2d69
results/paper/frontier_debug_control_excess_over_control_inh_1.0_smooth1.csv,1831,f509ab8d9ac890f14c86afb77f3000a12ba243015c4583476ea1c2de713c5afd
results/paper/frontier_debug_control_excess_over_control_primary_no_kmeans_inh_0.1_smooth1.csv,1674,c5f45c5e7ad85a9943b903596440754a22a11d72fa5acc948f96304cacb2fd2a
results/paper/frontier_debug_control_excess_over_control_primary_no_kmeans_inh_0.1_smooth2.csv,1673,2622e2232bd4db24cfcc98a94e4b3a78ac23e293c1bfe5687517253d654a33bb
results/paper/frontier_debug_control_excess_over_control_primary_no_kmeans_inh_0.1_smooth3.csv,1673,f97bb9c261d48ff433b06fe7703ae5f971d054bead7dd788be2ae6623108ebd1
results/paper/frontier_debug_control_excess_over_control_primary_no_kmeans_inh_0.1_smooth5.csv,1673,22833cd74faf1a6a4a73f6144f476e9eec25f320590878d1b74e834e996e6d1b
results/paper/frontier_debug_control_excess_over_control_primary_no_kmeans_inh_0.2_smooth1.csv,1366,365f2c7375e346e68d3ebdf0bda89dae2b20785aa962270cd30ec17da7da6b27
results/paper/frontier_debug_control_excess_over_control_primary_no_kmeans_inh_0.2_smooth2.csv,1366,46a5f0be0f5b599abeea01312ac25fa3155f685bcb92b5dc0cf1b600cbc38665
results/paper/frontier_debug_control_excess_over_control_primary_no_kmeans_inh_0.2_smooth3.csv,1366,6ef733edaf4612f014371a0895d53a10e01ee18d8139da1e07a0d621faf23acb
results/paper/frontier_debug_control_excess_over_control_primary_no_kmeans_inh_0.2_smooth5.csv,1367,b0a781a700d8e6ce100ef8c3389b9dd7217116bd7a343aa7aeb7fa74360d80a8
results/paper/frontier_debug_control_excess_over_control_primary_no_kmeans_inh_0.3_smooth1.csv,1611,037a893ff91b3db61783c4a594ef662dd9451fcc0e9f4d61a504521552235a20
results/paper/frontier_debug_control_excess_over_control_primary_no_kmeans_inh_0.3_smooth2.csv,1611,e7dca0ef62f7a98be668cfcf5a597b367a417e7cc50353cd75e6e548ad7d22ed
results/paper/frontier_debug_control_excess_over_control_primary_no_kmeans_inh_0.3_smooth3.csv,1611,309d0029588a1cde4d451f5880b8f1ddf73370b7f25f0403764e2296f85049cc
results/paper/frontier_debug_control_excess_over_control_primary_no_kmeans_inh_0.3_smooth5.csv,1611,309d0029588a1cde4d451f5880b8f1ddf73370b7f25f0403764e2296f85049cc
results/paper/frontier_debug_control_excess_over_control_primary_no_kmeans_inh_0.4_smooth1.csv,1643,4cbd55786189faa1ad637b3124c4ada0a4218f7022e1bf76f3b95e3d6194da6a
results/paper/frontier_debug_control_excess_over_control_primary_no_kmeans_inh_0.4_smooth2.csv,1649,cfee808999051824dc7af6674b3285a54d3a72fdfbb3e858b852815a3ae83aaf
results/paper/frontier_debug_control_excess_over_control_primary_no_kmeans_inh_0.4_smooth3.csv,1655,2b744c2a1037b69f4d37273f9079da5a8f124c686293a4e02e1e9cb975fbb7bd
results/paper/frontier_debug_control_excess_over_control_primary_no_kmeans_inh_0.4_smooth5.csv,1655,6acedca06b4ac008bfa2b3846bf2acd5bbe47d6347faf735a790b18c59241def
results/paper/frontier_debug_control_excess_over_control_primary_no_kmeans_inh_0.5_smooth1.csv,1663,c88a99b3f3f4edb01fa0925ba89bef5c7b50ed4782d9b08fb0b06941b85c5e6e
results/paper/frontier_debug_control_excess_over_control_primary_no_kmeans_inh_0.5_smooth2.csv,1662,fa4f1f5e2b01eb2395d0a4d2f1638fd8e261d7e5ecb2393fc6928220cbdd78dc
results/paper/frontier_debug_control_excess_over_control_primary_no_kmeans_inh_0.5_smooth3.csv,1661,8e9a956262453378a1f8c614caa1a65d075c3d2bfc1a5cd0da7c0ef2cf3869d3
results/paper/frontier_debug_control_excess_over_control_primary_no_kmeans_inh_0.5_smooth5.csv,1659,59e3cc482b6bd73e5a9cd4a6f01f501481c94c824cae77c264de43439a4e32b2
results/paper/frontier_debug_control_excess_over_control_primary_no_kmeans_inh_0.6_smooth1.csv,2089,77974c8604173a3341871a8544f97abdc008357a713a22159f0b970df7286983
results/paper/frontier_debug_control_excess_over_control_primary_no_kmeans_inh_0.6_smooth2.csv,2089,1b0fc4f35a243bd44ac7ce7737cda9c1732b774d4bdeffbc2896a837d2934d94
results/paper/frontier_debug_control_excess_over_control_primary_no_kmeans_inh_0.6_smooth3.csv,2089,621ee97160a16c6a25783312e969740b96d1a4d8d249484ba51f45b51a7f61da
results/paper/frontier_debug_control_excess_over_control_primary_no_kmeans_inh_0.6_smooth5.csv,2089,7b0372390041bf24d13fd4d975ce27bf8c84dc7766dd6e4578f587ece6837d5f
results/paper/frontier_debug_control_excess_over_control_primary_no_kmeans_inh_0.7_smooth1.csv,2057,3cdd659ccab81ec7ef2454700207ff856580298b1def8b055a4b0c95aaef160c
results/paper/frontier_debug_control_excess_over_control_primary_no_kmeans_inh_0.7_smooth2.csv,2056,384cff2b296aabacfaa32193593350d9e41666b72f965746a468f8c69023c381
results/paper/frontier_debug_control_excess_over_control_primary_no_kmeans_inh_0.7_smooth3.csv,2055,707c3118a500f5dda040988188fdc212f3f6ff3e4c7b96342f76f1b9b4eda9eb
results/paper/frontier_debug_control_excess_over_control_primary_no_kmeans_inh_0.7_smooth5.csv,2054,3455b1dcc213ba16f073288bf4065f1938cbcd2bfe5a284b387537ce1873b1ce
results/paper/frontier_debug_control_excess_over_control_primary_no_kmeans_inh_0.8_smooth1.csv,2222,c93d12de87adac72b11d5957354f0282386d07ebed6b0ae518dcca2b586f3541
results/paper/frontier_debug_control_excess_over_control_primary_no_kmeans_inh_0.8_smooth2.csv,2221,d4c5632a5be7d6a4062f3147e1e4c667cb44dec1b43232b38b9b95f2543abcff
results/paper/frontier_debug_control_excess_over_control_primary_no_kmeans_inh_0.8_smooth3.csv,2220,ed3f84103df020a9adb14c972459f342843622d4a0bc9297c41c81458d01b448
results/paper/frontier_debug_control_excess_over_control_primary_no_kmeans_inh_0.8_smooth5.csv,2218,711a49e51ec5be35979e3bf5ee56cfc3ecd8d9434c7eb98c0652f6706b1a19ff
results/paper/frontier_debug_control_excess_over_control_primary_no_kmeans_inh_0.9_smooth1.csv,2208,f979ea96e7b61e20873b749a9a4054ee1b59ff42cff52951502191e1813f2d69
results/paper/frontier_debug_control_excess_over_control_primary_no_kmeans_inh_0.9_smooth2.csv,2206,0f234ff732b62bfbd397a4cb9bdd891166213638966e095e701acc97ba052f38
results/paper/frontier_debug_control_excess_over_control_primary_no_kmeans_inh_0.9_smooth3.csv,2204,b850f68702cad76127b355c2429633ece013f69dfdddfd8cf339ddf776a5af10
results/paper/frontier_debug_control_excess_over_control_primary_no_kmeans_inh_0.9_smooth5.csv,2200,7ba05c2716c1dd61d7c4e51459e19fb5a894420a179efa81dfbb066bf35ea801
results/paper/frontier_debug_control_excess_over_control_primary_no_kmeans_inh_1.0_smooth1.csv,1831,f509ab8d9ac890f14c86afb77f3000a12ba243015c4583476ea1c2de713c5afd
results/paper/frontier_debug_control_excess_over_control_primary_no_kmeans_inh_1.0_smooth2.csv,1831,53e40973ff7364d12d914705180bc5103f1e07f22f1336a333072f1643d16f10
results/paper/frontier_debug_control_excess_over_control_primary_no_kmeans_inh_1.0_smooth3.csv,1831,96dc8494224a2df5a389eb35d0160f11aad5b902ddf3836ceb58a8048fdbc2ed
results/paper/frontier_debug_control_excess_over_control_primary_no_kmeans_inh_1.0_smooth5.csv,1833,00d0b6846023a7e5cabad39aad3664faf8388f982c899f77615a3b4ee648abbb
results/paper/frontier_debug_control_mean_future_fitness_all_methods_inh_0.1_smooth1.csv,1481,38fe80aeecf3661f9537653dc020f459b30e4fbcb4c80633d150ba96f2548a21
results/paper/frontier_debug_control_mean_future_fitness_all_methods_inh_0.1_smooth2.csv,1485,da7db6e9748ec0d26c314a1c45fb3037f6db8d0811b0e8b3d3cd8988a35ded2e
results/paper/frontier_debug_control_mean_future_fitness_all_methods_inh_0.1_smooth3.csv,1489,78aa348490b78d2a06d1db770046e03286fdce368189dd901c8095aaa1c0fd6d
results/paper/frontier_debug_control_mean_future_fitness_all_methods_inh_0.1_smooth5.csv,1497,3c59d08ec8e43203cc3e71047f9cec676671a3b286df97d083df5579a05fb663
results/paper/frontier_debug_control_mean_future_fitness_all_methods_inh_0.2_smooth1.csv,1425,2bad2b8deed4488a0a9b4a99007cc0413d5155af8dea8b41883bb871627eb6f3
results/paper/frontier_debug_control_mean_future_fitness_all_methods_inh_0.2_smooth2.csv,1425,2bad2b8deed4488a0a9b4a99007cc0413d5155af8dea8b41883bb871627eb6f3
results/paper/frontier_debug_control_mean_future_fitness_all_methods_inh_0.2_smooth3.csv,1425,2bad2b8deed4488a0a9b4a99007cc0413d5155af8dea8b41883bb871627eb6f3
results/paper/frontier_debug_control_mean_future_fitness_all_methods_inh_0.2_smooth5.csv,1425,2bad2b8deed4488a0a9b4a99007cc0413d5155af8dea8b41883bb871627eb6f3
results/paper/frontier_debug_control_mean_future_fitness_all_methods_inh_0.3_smooth1.csv,1642,e9310e1359be0cd0dc921992f036a6a65034f6eb06f875d514dce1d0e1e4ac99
results/paper/frontier_debug_control_mean_future_fitness_all_methods_inh_0.3_smooth2.csv,1641,7aa8635c125336394b02214207319db5c99c9299c89ce71558263fd6fb3e0048
results/paper/frontier_debug_control_mean_future_fitness_all_methods_inh_0.3_smooth3.csv,1640,cd2a3226e3f1b859d11b971dbd8c9372d458e44ca1037167887ae5a1e48ec745
results/paper/frontier_debug_control_mean_future_fitness_all_methods_inh_0.3_smooth5.csv,1638,573dbf10f3ff969c192ab823d717e4bab25fe3fc557d898bee0e084a2b3f81a8
results/paper/frontier_debug_control_mean_future_fitness_all_methods_inh_0.4_smooth1.csv,1998,80c21ece24ae6cf6250d7f61ddeddcbfa731ea744c045614c7762396dfb92c80
results/paper/frontier_debug_control_mean_future_fitness_all_methods_inh_0.4_smooth2.csv,1998,80c21ece24ae6cf6250d7f61ddeddcbfa731ea744c045614c7762396dfb92c80
results/paper/frontier_debug_control_mean_future_fitness_all_methods_inh_0.4_smooth3.csv,1998,80c21ece24ae6cf6250d7f61ddeddcbfa731ea744c045614c7762396dfb92c80
results/paper/frontier_debug_control_mean_future_fitness_all_methods_inh_0.4_smooth5.csv,1998,80c21ece24ae6cf6250d7f61ddeddcbfa731ea744c045614c7762396dfb92c80
results/paper/frontier_debug_control_mean_future_fitness_all_methods_inh_0.5_smooth1.csv,1878,847c4b88c95cb7b67147f154dfb179c87dc858be973c1305160346d737649253
results/paper/frontier_debug_control_mean_future_fitness_all_methods_inh_0.5_smooth2.csv,1875,8bc15a6a7a351f3f98de1489c939f7eee0b090b919011cac2907e343e396f1af
results/paper/frontier_debug_control_mean_future_fitness_all_methods_inh_0.5_smooth3.csv,1872,8dd5bfe9fa423ced1aeaa4ad382d0cc45323a46648b7e12a617b3672c59aaf0a
results/paper/frontier_debug_control_mean_future_fitness_all_methods_inh_0.5_smooth5.csv,1864,a65b4e1df02887ac2f9e722be8084e67de69cbf5d91236fb4b8b72eb092f0fc6
results/paper/frontier_debug_control_mean_future_fitness_all_methods_inh_0.6_smooth1.csv,1851,86feb4867a3eef9799bab29dbbc62494a0c7dd5153e2ab8fd3232fa95b62ee18
results/paper/frontier_debug_control_mean_future_fitness_all_methods_inh_0.6_smooth2.csv,1851,86feb4867a3eef9799bab29dbbc62494a0c7dd5153e2ab8fd3232fa95b62ee18
results/paper/frontier_debug_control_mean_future_fitness_all_methods_inh_0.6_smooth3.csv,1851,86feb4867a3eef9799bab29dbbc62494a0c7dd5153e2ab8fd3232fa95b62ee18
results/paper/frontier_debug_control_mean_future_fitness_all_methods_inh_0.6_smooth5.csv,1851,86feb4867a3eef9799bab29dbbc62494a0c7dd5153e2ab8fd3232fa95b62ee18
results/paper/frontier_debug_control_mean_future_fitness_all_methods_inh_0.7_smooth1.csv,1961,4b80a8d2666a1f307f718703afc67e7932c31662afd6cbfd9f5300ea13688fb7
results/paper/frontier_debug_control_mean_future_fitness_all_methods_inh_0.7_smooth2.csv,1961,8ea6e1902b065590589227e49b1ef362edd53f5032c330ce7ff25e33354f83b8
results/paper/frontier_debug_control_mean_future_fitness_all_methods_inh_0.7_smooth3.csv,1961,5af7876035a33bf88ef81ae2c27232ee8467dc34e63192941366addc4b459165
results/paper/frontier_debug_control_mean_future_fitness_all_methods_inh_0.7_smooth5.csv,1961,0be58fb569d24d9f7fdae0a3bbceef1c2f811bcec4a3a1afc94a7820c4992211
results/paper/frontier_debug_control_mean_future_fitness_all_methods_inh_0.8_smooth1.csv,2053,f90516179da30b72ac55ca62959ed4ad602905fde292d6882e4ff3c79d4b5506
results/paper/frontier_debug_control_mean_future_fitness_all_methods_inh_0.8_smooth2.csv,2053,875c00b57c1296916f7f67033a47a33eac7e7800baa30ad34b0eaed57bbb67ad
results/paper/frontier_debug_control_mean_future_fitness_all_methods_inh_0.8_smooth3.csv,2053,564a5940e3f1945969779bc119d2b97a2896e945d859cd5b4f929d7e94b8ea30
results/paper/frontier_debug_control_mean_future_fitness_all_methods_inh_0.8_smooth5.csv,2053,564a5940e3f1945969779bc119d2b97a2896e945d859cd5b4f929d7e94b8ea30
results/paper/frontier_debug_control_mean_future_fitness_all_methods_inh_0.9_smooth1.csv,2112,14254655c61875374e37e41710a34bc52516bb075066208e9c777f3560aba9cf
results/paper/frontier_debug_control_mean_future_fitness_all_methods_inh_0.9_smooth2.csv,2112,7c7f66c4f182ef9863d91510f15377215771fd99275a7dc840ed5bd2f06266ec
results/paper/frontier_debug_control_mean_future_fitness_all_methods_inh_0.9_smooth3.csv,2112,a72de3a42390e06a35513c384614da18b40ab4be546e75cebf6809569a72e4b6
results/paper/frontier_debug_control_mean_future_fitness_all_methods_inh_0.9_smooth5.csv,2112,cd50bd483918ac7781d99fa9605141184e85b7b5ef9c4055e3b1d4345a6091ee
results/paper/frontier_debug_control_mean_future_fitness_all_methods_inh_1.0_smooth1.csv,1715,5765df7e525a0c3c3d18436e691ee3eacf6ab1a3e719023c7d29b49c46cc2855
results/paper/frontier_debug_control_mean_future_fitness_all_methods_inh_1.0_smooth2.csv,1715,5765df7e525a0c3c3d18436e691ee3eacf6ab1a3e719023c7d29b49c46cc2855
results/paper/frontier_debug_control_mean_future_fitness_all_methods_inh_1.0_smooth3.csv,1715,5765df7e525a0c3c3d18436e691ee3eacf6ab1a3e719023c7d29b49c46cc2855
results/paper/frontier_debug_control_mean_future_fitness_all_methods_inh_1.0_smooth5.csv,1715,5765df7e525a0c3c3d18436e691ee3eacf6ab1a3e719023c7d29b49c46cc2855
results/paper/frontier_debug_control_mean_future_fitness_inh_0.1_smooth1.csv,1481,38fe80aeecf3661f9537653dc020f459b30e4fbcb4c80633d150ba96f2548a21
results/paper/frontier_debug_control_mean_future_fitness_inh_0.2_smooth1.csv,1401,04c246598ce628cd3de94ff8f9a392291d540bacd89d7ebb69be0b9b0c85078c
results/paper/frontier_debug_control_mean_future_fitness_inh_0.3_smooth1.csv,1638,af884b29f5df41584d152914ac4faacaddb0dcefe638be884402cd9004a3915b
results/paper/frontier_debug_control_mean_future_fitness_inh_0.4_smooth1.csv,1998,80c21ece24ae6cf6250d7f61ddeddcbfa731ea744c045614c7762396dfb92c80
results/paper/frontier_debug_control_mean_future_fitness_inh_0.5_smooth1.csv,1886,e94cffe09eba33a7f6deef9afaba998341720f8db865043537fdc2f4cfa093e9
results/paper/frontier_debug_control_mean_future_fitness_inh_0.6_smooth1.csv,1903,a74230dc4ccfd1e122b9b75f0be0e9323e0f1e5b53bcdd56bac2faf894620c6c
results/paper/frontier_debug_control_mean_future_fitness_inh_0.7_smooth1.csv,1941,2f8fce142909330c85817de4d35b4a19ad4fefb1e8a42ddccc1b3b8c9a1ced9a
results/paper/frontier_debug_control_mean_future_fitness_inh_0.8_smooth1.csv,2057,b31ddcf1353f02eb0d2805ff772a8d61732c6efbb2ab37e4a3d2f64c954f91da
results/paper/frontier_debug_control_mean_future_fitness_inh_0.9_smooth1.csv,2108,6f72210526fe47c5aa4c45cc15741f96d0a9e9415c27b4686cbf9bf560e3f2ba
results/paper/frontier_debug_control_mean_future_fitness_inh_1.0_smooth1.csv,1721,5e0e1ef165aa353ac36e7ba08183d461357794898609e4ebba01f57446c9be69
results/paper/frontier_debug_control_mean_future_fitness_primary_no_kmeans_inh_0.1_smooth1.csv,1481,38fe80aeecf3661f9537653dc020f459b30e4fbcb4c80633d150ba96f2548a21
results/paper/frontier_debug_control_mean_future_fitness_primary_no_kmeans_inh_0.1_smooth2.csv,1485,da7db6e9748ec0d26c314a1c45fb3037f6db8d0811b0e8b3d3cd8988a35ded2e
results/paper/frontier_debug_control_mean_future_fitness_primary_no_kmeans_inh_0.1_smooth3.csv,1489,78aa348490b78d2a06d1db770046e03286fdce368189dd901c8095aaa1c0fd6d
results/paper/frontier_debug_control_mean_future_fitness_primary_no_kmeans_inh_0.1_smooth5.csv,1497,3c59d08ec8e43203cc3e71047f9cec676671a3b286df97d083df5579a05fb663
results/paper/frontier_debug_control_mean_future_fitness_primary_no_kmeans_inh_0.2_smooth1.csv,1401,04c246598ce628cd3de94ff8f9a392291d540bacd89d7ebb69be0b9b0c85078c
results/paper/frontier_debug_control_mean_future_fitness_primary_no_kmeans_inh_0.2_smooth2.csv,1401,83c4c03aad64235710e0b2ce6cff76486f8f22f927e6ec806607d4b5cc279517
results/paper/frontier_debug_control_mean_future_fitness_primary_no_kmeans_inh_0.2_smooth3.csv,1406,ae1ded4931e4b8216621a61ce378dbd9866d21da3a5b1fac49a779124ac0c395
results/paper/frontier_debug_control_mean_future_fitness_primary_no_kmeans_inh_0.2_smooth5.csv,1416,c974c5730669dfca79fb192be63f460454eaa340dc15be687755df8009fa9449
results/paper/frontier_debug_control_mean_future_fitness_primary_no_kmeans_inh_0.3_smooth1.csv,1638,af884b29f5df41584d152914ac4faacaddb0dcefe638be884402cd9004a3915b
results/paper/frontier_debug_control_mean_future_fitness_primary_no_kmeans_inh_0.3_smooth2.csv,1641,ffdd58a25317f3fa5931b21328642627cd07cd91f7862a15f036bd0229e23fd8
results/paper/frontier_debug_control_mean_future_fitness_primary_no_kmeans_inh_0.3_smooth3.csv,1640,61dae35db92a024e3c00ae893581dd7b478242abd027fafc0592063076312884
results/paper/frontier_debug_control_mean_future_fitness_primary_no_kmeans_inh_0.3_smooth5.csv,1638,a028e26a8ca6353136a01fcb42734b51263056292599b69f4cb5bb88e079481d
results/paper/frontier_debug_control_mean_future_fitness_primary_no_kmeans_inh_0.4_smooth1.csv,1998,80c21ece24ae6cf6250d7f61ddeddcbfa731ea744c045614c7762396dfb92c80
results/paper/frontier_debug_control_mean_future_fitness_primary_no_kmeans_inh_0.4_smooth2.csv,1998,80c21ece24ae6cf6250d7f61ddeddcbfa731ea744c045614c7762396dfb92c80
results/paper/frontier_debug_control_mean_future_fitness_primary_no_kmeans_inh_0.4_smooth3.csv,1998,80c21ece24ae6cf6250d7f61ddeddcbfa731ea744c045614c7762396dfb92c80
results/paper/frontier_debug_control_mean_future_fitness_primary_no_kmeans_inh_0.4_smooth5.csv,1998,80c21ece24ae6cf6250d7f61ddeddcbfa731ea744c045614c7762396dfb92c80
results/paper/frontier_debug_control_mean_future_fitness_primary_no_kmeans_inh_0.5_smooth1.csv,1886,e94cffe09eba33a7f6deef9afaba998341720f8db865043537fdc2f4cfa093e9
results/paper/frontier_debug_control_mean_future_fitness_primary_no_kmeans_inh_0.5_smooth2.csv,1882,efda5a905ec0fa8878141cdd0b570d73a4ed3e31ea7ae9dfca92d5fa74ef68ef
results/paper/frontier_debug_control_mean_future_fitness_primary_no_kmeans_inh_0.5_smooth3.csv,1878,65d0142adc00b10bae455d4a3247aebe1aa59ecfa77cbdf531479938506af382
results/paper/frontier_debug_control_mean_future_fitness_primary_no_kmeans_inh_0.5_smooth5.csv,1870,a040585e33da127c9d3306a827f43fb6404620acaae2442499b2f8819dbcd3a1
results/paper/frontier_debug_control_mean_future_fitness_primary_no_kmeans_inh_0.6_smooth1.csv,1903,a74230dc4ccfd1e122b9b75f0be0e9323e0f1e5b53bcdd56bac2faf894620c6c
results/paper/frontier_debug_control_mean_future_fitness_primary_no_kmeans_inh_0.6_smooth2.csv,1903,fcd83e5e646df4791d93a468f2e7a93c92d3c782c81455bd30ac78d84c748ab3
results/paper/frontier_debug_control_mean_future_fitness_primary_no_kmeans_inh_0.6_smooth3.csv,1903,e210793df8ec44022acf9e3f4f60f8de82586e4282f07b4269b7bbef88f026e9
results/paper/frontier_debug_control_mean_future_fitness_primary_no_kmeans_inh_0.6_smooth5.csv,1903,5e677e8bd611a774d6c0b0450744270afc8a8bce7a53c5c38961255a0378d76b
results/paper/frontier_debug_control_mean_future_fitness_primary_no_kmeans_inh_0.7_smooth1.csv,1941,2f8fce142909330c85817de4d35b4a19ad4fefb1e8a42ddccc1b3b8c9a1ced9a
results/paper/frontier_debug_control_mean_future_fitness_primary_no_kmeans_inh_0.7_smooth2.csv,1945,146e23d6f052a6fd1d51fba7e37029f576596fdeac5e3e4300a9c7c25a233e5f
results/paper/frontier_debug_control_mean_future_fitness_primary_no_kmeans_inh_0.7_smooth3.csv,1949,2e589fde7fc5d5598a30f61a4928af810c849adfa79eb2e653363a2440dd35b9
results/paper/frontier_debug_control_mean_future_fitness_primary_no_kmeans_inh_0.7_smooth5.csv,1953,9284b074151f32ecf01cb9be44ce5db1e30cb96efada320df35fb8561df31bf4
results/paper/frontier_debug_control_mean_future_fitness_primary_no_kmeans_inh_0.8_smooth1.csv,2057,b31ddcf1353f02eb0d2805ff772a8d61732c6efbb2ab37e4a3d2f64c954f91da
results/paper/frontier_debug_control_mean_future_fitness_primary_no_kmeans_inh_0.8_smooth2.csv,2057,6a59d26c37425d2abffc07e1cef93ce414393d3bd98982fc11fa604c674ff56a
results/paper/frontier_debug_control_mean_future_fitness_primary_no_kmeans_inh_0.8_smooth3.csv,2057,42a1167e7ca9077fd413a597abb645230b0b9cb3abb1b5b9c8fc6caee60e00dd
results/paper/frontier_debug_control_mean_future_fitness_primary_no_kmeans_inh_0.8_smooth5.csv,2057,42a1167e7ca9077fd413a597abb645230b0b9cb3abb1b5b9c8fc6caee60e00dd
results/paper/frontier_debug_control_mean_future_fitness_primary_no_kmeans_inh_0.9_smooth1.csv,2108,6f72210526fe47c5aa4c45cc15741f96d0a9e9415c27b4686cbf9bf560e3f2ba
results/paper/frontier_debug_control_mean_future_fitness_primary_no_kmeans_inh_0.9_smooth2.csv,2108,ba0cbd7d1a5113aba521ab698a3aed60c56488929474a1284c39c57b3c84b8b8
results/paper/frontier_debug_control_mean_future_fitness_primary_no_kmeans_inh_0.9_smooth3.csv,2108,427b6896b3a2374b3b9e060ab4425fafa2d74cac7a36b5948828c18316a6da5d
results/paper/frontier_debug_control_mean_future_fitness_primary_no_kmeans_inh_0.9_smooth5.csv,2108,c630dc18d73a8c63ea90f146c2800cbd073b88f236f6a892dc0f76b4e29c2f1b
results/paper/frontier_debug_control_mean_future_fitness_primary_no_kmeans_inh_1.0_smooth1.csv,1721,5e0e1ef165aa353ac36e7ba08183d461357794898609e4ebba01f57446c9be69
results/paper/frontier_debug_control_mean_future_fitness_primary_no_kmeans_inh_1.0_smooth2.csv,1721,c414288d449b3b7d47f6f1fd8069e62c412a3682ad7e57c87c7decf169fab7cc
results/paper/frontier_debug_control_mean_future_fitness_primary_no_kmeans_inh_1.0_smooth3.csv,1721,266550923d3b9253c910928123145e1c952bd70dfe33da8d3a0201c6f484937c
results/paper/frontier_debug_control_mean_future_fitness_primary_no_kmeans_inh_1.0_smooth5.csv,1721,fa7b4c38c03709d0c23472e608b06f6f152bb4c8f03de4dde41ec1a23ce5ff68
results/paper/frontier_debug_control_negative_adjacency_state_entropy_all_methods_inh_0.1_smooth1.csv,1384,a330ed0c799bc7056916550860f077290b8fc1eaa23231fb29b4d9401545fba7
results/paper/frontier_debug_control_negative_adjacency_state_entropy_all_methods_inh_0.1_smooth2.csv,1384,770eda7dca3b7f4430b4e7059205790f5221157bcacf7c23ff511cea40cfa12d
results/paper/frontier_debug_control_negative_adjacency_state_entropy_all_methods_inh_0.1_smooth3.csv,1384,743871c096c1ccc0936bf364d9f2f5d23338132b9360f31412668579756a19f9
results/paper/frontier_debug_control_negative_adjacency_state_entropy_all_methods_inh_0.1_smooth5.csv,1384,825f7b6e32dba6788aecd4d44d26f970846558ed9e310b99d4c94e05cdcf740d
results/paper/frontier_debug_control_negative_adjacency_state_entropy_all_methods_inh_0.2_smooth1.csv,1773,c8e63e2f900ef2b77c0f11ec552eaac4e97dcdbd09fe141ee820921675fdb72c
results/paper/frontier_debug_control_negative_adjacency_state_entropy_all_methods_inh_0.2_smooth2.csv,1773,c8e63e2f900ef2b77c0f11ec552eaac4e97dcdbd09fe141ee820921675fdb72c
results/paper/frontier_debug_control_negative_adjacency_state_entropy_all_methods_inh_0.2_smooth3.csv,1773,c8e63e2f900ef2b77c0f11ec552eaac4e97dcdbd09fe141ee820921675fdb72c
results/paper/frontier_debug_control_negative_adjacency_state_entropy_all_methods_inh_0.2_smooth5.csv,1773,c8e63e2f900ef2b77c0f11ec552eaac4e97dcdbd09fe141ee820921675fdb72c
results/paper/frontier_debug_control_negative_adjacency_state_entropy_all_methods_inh_0.3_smooth1.csv,1795,3a432be3972e1902cead2a31190fcae4ee30e33671a2b7b46ccefc321d11ec66
results/paper/frontier_debug_control_negative_adjacency_state_entropy_all_methods_inh_0.3_smooth2.csv,1795,3a432be3972e1902cead2a31190fcae4ee30e33671a2b7b46ccefc321d11ec66
results/paper/frontier_debug_control_negative_adjacency_state_entropy_all_methods_inh_0.3_smooth3.csv,1795,3a432be3972e1902cead2a31190fcae4ee30e33671a2b7b46ccefc321d11ec66
results/paper/frontier_debug_control_negative_adjacency_state_entropy_all_methods_inh_0.3_smooth5.csv,1795,3a432be3972e1902cead2a31190fcae4ee30e33671a2b7b46ccefc321d11ec66
results/paper/frontier_debug_control_negative_adjacency_state_entropy_all_methods_inh_0.4_smooth1.csv,1424,b8cee52f09d74a2ce3e9cb31ddd7d604efa37af580f1f8572391a155bb311b20
results/paper/frontier_debug_control_negative_adjacency_state_entropy_all_methods_inh_0.4_smooth2.csv,1423,99b0be10b74aed39dac3bd0d3af7c8a074a9773c502b2ddbc4abf7ca4aae723e
results/paper/frontier_debug_control_negative_adjacency_state_entropy_all_methods_inh_0.4_smooth3.csv,1422,a420f16df77dc08b0afc6740ed5c09d4562abb000cd9848034c2de475ce14793
results/paper/frontier_debug_control_negative_adjacency_state_entropy_all_methods_inh_0.4_smooth5.csv,1420,0f8f7178cb44e86a5b34445fdea5574a102b7df35efb6772950c97de0505beae
results/paper/frontier_debug_control_negative_adjacency_state_entropy_all_methods_inh_0.5_smooth1.csv,1768,1ee4875780cc1632053935420269e153198ecf1753a9a5ffc620166f00302130
results/paper/frontier_debug_control_negative_adjacency_state_entropy_all_methods_inh_0.5_smooth2.csv,1768,1cf4335355450e98ce90c4d699a852a896405adc3b75916da20b1262fbc3d818
results/paper/frontier_debug_control_negative_adjacency_state_entropy_all_methods_inh_0.5_smooth3.csv,1768,f9118e24328ec6f28262e4f9a6e21144eb6d310784d8a3679f738fe395f97cdd
results/paper/frontier_debug_control_negative_adjacency_state_entropy_all_methods_inh_0.5_smooth5.csv,1768,15418b066fb4d48fa76fd18382a31652c740939faf06936d41c4bec73efde011
results/paper/frontier_debug_control_negative_adjacency_state_entropy_all_methods_inh_0.6_smooth1.csv,2009,fbd27f830d7ac1624306c4221473b3751866d19d55cda9f644fcab014f690d77
results/paper/frontier_debug_control_negative_adjacency_state_entropy_all_methods_inh_0.6_smooth2.csv,2009,e3cf90a93b85fa976e713c5ce317fce9c61cacc78dbfd849ecc22a87c7e51c22
results/paper/frontier_debug_control_negative_adjacency_state_entropy_all_methods_inh_0.6_smooth3.csv,2009,fa33b62ad97bc23c23612a078948185718493d7bcacc87f9c70bcc6f72623d9e
results/paper/frontier_debug_control_negative_adjacency_state_entropy_all_methods_inh_0.6_smooth5.csv,2009,9773c348df04a9168663dcdf23c2398c74af76a954c5893ff7b080a871feebb4
results/paper/frontier_debug_control_negative_adjacency_state_entropy_all_methods_inh_0.7_smooth1.csv,2050,f9450682ff10f5ad248253d270148b9aae060eb6e752a373c2205a361e095fd4
results/paper/frontier_debug_control_negative_adjacency_state_entropy_all_methods_inh_0.7_smooth2.csv,2050,f9450682ff10f5ad248253d270148b9aae060eb6e752a373c2205a361e095fd4
results/paper/frontier_debug_control_negative_adjacency_state_entropy_all_methods_inh_0.7_smooth3.csv,2050,f9450682ff10f5ad248253d270148b9aae060eb6e752a373c2205a361e095fd4
results/paper/frontier_debug_control_negative_adjacency_state_entropy_all_methods_inh_0.7_smooth5.csv,2050,f9450682ff10f5ad248253d270148b9aae060eb6e752a373c2205a361e095fd4
results/paper/frontier_debug_control_negative_adjacency_state_entropy_all_methods_inh_0.8_smooth1.csv,2216,d381478f16ccd4e5428690eca41b250efd7763f8b743347ab423919d15e69b47
results/paper/frontier_debug_control_negative_adjacency_state_entropy_all_methods_inh_0.8_smooth2.csv,2217,db5a3d401f160283e5d8ed8a08b1b372d170f3ed49700755741b2252527a0873
results/paper/frontier_debug_control_negative_adjacency_state_entropy_all_methods_inh_0.8_smooth3.csv,2218,0cd2c71d53cc2ad6ca516ff0f4f7a67d0e3631ae893e5830f4a81be27ddb8e51
results/paper/frontier_debug_control_negative_adjacency_state_entropy_all_methods_inh_0.8_smooth5.csv,2220,99b03a37df0940504d6149dca0c0b0ef07c55a28269b7c703ee228f31e2bc28e
results/paper/frontier_debug_control_negative_adjacency_state_entropy_all_methods_inh_0.9_smooth1.csv,2157,a3d648eb337e07c1dd1f785f737e4e0b46470e1d2fd036ed1bcbd2c85fcac95f
results/paper/frontier_debug_control_negative_adjacency_state_entropy_all_methods_inh_0.9_smooth2.csv,2157,27dcb625410216045871a8d1c903b36f84acb63f633da8ebcb9c23d6cd30ba06
results/paper/frontier_debug_control_negative_adjacency_state_entropy_all_methods_inh_0.9_smooth3.csv,2157,0c81ff44276cdf6582afc20b8e2b43d4b6a39ba9eae2aaee61d866159eeb65f2
results/paper/frontier_debug_control_negative_adjacency_state_entropy_all_methods_inh_0.9_smooth5.csv,2157,3c3ec77cd809e063e08050561138b44e0c3031241d5d92da9a2091a9c2b1529f
results/paper/frontier_debug_control_negative_adjacency_state_entropy_all_methods_inh_1.0_smooth1.csv,1519,87deae612e640c327b00dfda9641da588866a7c36ca15e60a7b91d129a7580d5
results/paper/frontier_debug_control_negative_adjacency_state_entropy_all_methods_inh_1.0_smooth2.csv,1519,c2fb29cd7c6790ee854cfd5b4cec380c60bc3d98f04de1ddd814f351dee91bc7
results/paper/frontier_debug_control_negative_adjacency_state_entropy_all_methods_inh_1.0_smooth3.csv,1519,68f38e36cea2b341c2c9b1f06a65d45f8d34eee6c58212d2c6eccbf8175b612c
results/paper/frontier_debug_control_negative_adjacency_state_entropy_all_methods_inh_1.0_smooth5.csv,1519,7cf1df93af5b31473e2b14f0953a9ed3bc7ee2518889d1c2af3bf269226e2000
results/paper/frontier_debug_control_negative_adjacency_state_entropy_inh_0.1_smooth1.csv,1378,5ab124b35351146ff54f81b541912f1a553eeecf1d2db3005d7117067ccd978b
results/paper/frontier_debug_control_negative_adjacency_state_entropy_inh_0.2_smooth1.csv,1735,861e667b10f158222d283f7a6ad83496192d5310e49c214c526e18ceb1dab772
results/paper/frontier_debug_control_negative_adjacency_state_entropy_inh_0.3_smooth1.csv,1815,8bb28bf2984313fd7298dd673462b239673929b8563ac27438dff6ecdabf8748
results/paper/frontier_debug_control_negative_adjacency_state_entropy_inh_0.4_smooth1.csv,1424,b8cee52f09d74a2ce3e9cb31ddd7d604efa37af580f1f8572391a155bb311b20
results/paper/frontier_debug_control_negative_adjacency_state_entropy_inh_0.5_smooth1.csv,1770,2a70819d7a8f99c8afcf19d69c7ac451fcb840286b44f54fc67fef460fccb834
results/paper/frontier_debug_control_negative_adjacency_state_entropy_inh_0.6_smooth1.csv,2015,75e13e7e6313fdb279ca73a5b058e25a0ee2d6214fdca6b6beffcc39345fa711
results/paper/frontier_debug_control_negative_adjacency_state_entropy_inh_0.7_smooth1.csv,2086,af9e881715aa2c1db680595544a966a05d2f8d058adecae12c4267b6bc490933
results/paper/frontier_debug_control_negative_adjacency_state_entropy_inh_0.8_smooth1.csv,2216,d381478f16ccd4e5428690eca41b250efd7763f8b743347ab423919d15e69b47
results/paper/frontier_debug_control_negative_adjacency_state_entropy_inh_0.9_smooth1.csv,2151,f81d22aabb0418f66e703db5fb100d250c29072285e344808a17bfac6d6a38af
results/paper/frontier_debug_control_negative_adjacency_state_entropy_inh_1.0_smooth1.csv,1523,93e6c39cecbd3695537d29368d5db1e8fbee28ac579fd4edb6bb392f295c9b29
results/paper/frontier_debug_control_negative_adjacency_state_entropy_primary_no_kmeans_inh_0.1_smooth1.csv,1378,5ab124b35351146ff54f81b541912f1a553eeecf1d2db3005d7117067ccd978b
results/paper/frontier_debug_control_negative_adjacency_state_entropy_primary_no_kmeans_inh_0.1_smooth2.csv,1378,20b9cbdd13ac2271b9cf241d74be14989fc0f258334642a374ed4ef6094b304a
results/paper/frontier_debug_control_negative_adjacency_state_entropy_primary_no_kmeans_inh_0.1_smooth3.csv,1379,1de7ba592529531c103bde67feed1d9600ccccb6ec3340e6215b788bb0b1e454
results/paper/frontier_debug_control_negative_adjacency_state_entropy_primary_no_kmeans_inh_0.1_smooth5.csv,1381,32bcd69e655a41a82ce6431f5e3615cb6b477772e1d97d6751955c0e2800aac1
results/paper/frontier_debug_control_negative_adjacency_state_entropy_primary_no_kmeans_inh_0.2_smooth1.csv,1735,861e667b10f158222d283f7a6ad83496192d5310e49c214c526e18ceb1dab772
results/paper/frontier_debug_control_negative_adjacency_state_entropy_primary_no_kmeans_inh_0.2_smooth2.csv,1735,3826e3782f02add377fb6053d985b4223ed05b4be88fd1a9a8321c38a52202fe
results/paper/frontier_debug_control_negative_adjacency_state_entropy_primary_no_kmeans_inh_0.2_smooth3.csv,1735,e3ec9bf6e0afc5de54d1cba21866901b72dbf8f3b9ab633b60c2eccbe3ec9c6c
results/paper/frontier_debug_control_negative_adjacency_state_entropy_primary_no_kmeans_inh_0.2_smooth5.csv,1735,e3ec9bf6e0afc5de54d1cba21866901b72dbf8f3b9ab633b60c2eccbe3ec9c6c
results/paper/frontier_debug_control_negative_adjacency_state_entropy_primary_no_kmeans_inh_0.3_smooth1.csv,1815,8bb28bf2984313fd7298dd673462b239673929b8563ac27438dff6ecdabf8748
results/paper/frontier_debug_control_negative_adjacency_state_entropy_primary_no_kmeans_inh_0.3_smooth2.csv,1814,a980b72af55ec5a45a86bfdedd2bb892b43e35e7f09c815593ecce83c3f09f90
results/paper/frontier_debug_control_negative_adjacency_state_entropy_primary_no_kmeans_inh_0.3_smooth3.csv,1813,bd0bdf0c060f6cbe50157c8406ce2e089bd92885af910d79863a29974aba5e57
results/paper/frontier_debug_control_negative_adjacency_state_entropy_primary_no_kmeans_inh_0.3_smooth5.csv,1811,bae710797c11a68040166b77bb5dd331067ca7eb27569a54679fff2ddf45611a
results/paper/frontier_debug_control_negative_adjacency_state_entropy_primary_no_kmeans_inh_0.4_smooth1.csv,1424,b8cee52f09d74a2ce3e9cb31ddd7d604efa37af580f1f8572391a155bb311b20
results/paper/frontier_debug_control_negative_adjacency_state_entropy_primary_no_kmeans_inh_0.4_smooth2.csv,1423,99b0be10b74aed39dac3bd0d3af7c8a074a9773c502b2ddbc4abf7ca4aae723e
results/paper/frontier_debug_control_negative_adjacency_state_entropy_primary_no_kmeans_inh_0.4_smooth3.csv,1422,a420f16df77dc08b0afc6740ed5c09d4562abb000cd9848034c2de475ce14793
results/paper/frontier_debug_control_negative_adjacency_state_entropy_primary_no_kmeans_inh_0.4_smooth5.csv,1420,0f8f7178cb44e86a5b34445fdea5574a102b7df35efb6772950c97de0505beae
results/paper/frontier_debug_control_negative_adjacency_state_entropy_primary_no_kmeans_inh_0.5_smooth1.csv,1770,2a70819d7a8f99c8afcf19d69c7ac451fcb840286b44f54fc67fef460fccb834
results/paper/frontier_debug_control_negative_adjacency_state_entropy_primary_no_kmeans_inh_0.5_smooth2.csv,1772,c6eae5c4a0bf659486e2f8b839a06f0a5c917886fce04b95e48b28492183b937
results/paper/frontier_debug_control_negative_adjacency_state_entropy_primary_no_kmeans_inh_0.5_smooth3.csv,1772,99c009c47bcbf652142fec85fa2d6573578e6142fa44fa6132df32903e6d5ce1
results/paper/frontier_debug_control_negative_adjacency_state_entropy_primary_no_kmeans_inh_0.5_smooth5.csv,1772,8fd25afc660a2449ab8b763711ea5894907dd125d487801fb92193ab54763d27
results/paper/frontier_debug_control_negative_adjacency_state_entropy_primary_no_kmeans_inh_0.6_smooth1.csv,2015,75e13e7e6313fdb279ca73a5b058e25a0ee2d6214fdca6b6beffcc39345fa711
results/paper/frontier_debug_control_negative_adjacency_state_entropy_primary_no_kmeans_inh_0.6_smooth2.csv,2015,9bd4be9379777774eb8314b678000cf5a9fd7f9ed50c1803e30f1f9dd5130be9
results/paper/frontier_debug_control_negative_adjacency_state_entropy_primary_no_kmeans_inh_0.6_smooth3.csv,2015,62f6c10c47876a8a5c27c1f1f222b8e1ea431e493e707c6a8e52ac2f2244f85c
results/paper/frontier_debug_control_negative_adjacency_state_entropy_primary_no_kmeans_inh_0.6_smooth5.csv,2015,11d09e69391146f7915f187906bdeb635324def378b0e49d72499b929208a4a5
results/paper/frontier_debug_control_negative_adjacency_state_entropy_primary_no_kmeans_inh_0.7_smooth1.csv,2086,af9e881715aa2c1db680595544a966a05d2f8d058adecae12c4267b6bc490933
results/paper/frontier_debug_control_negative_adjacency_state_entropy_primary_no_kmeans_inh_0.7_smooth2.csv,2087,231986f52c9096387cd86c1ee5e3d13ca9fe5f211872a0fd77098aa8a52e85e1
results/paper/frontier_debug_control_negative_adjacency_state_entropy_primary_no_kmeans_inh_0.7_smooth3.csv,2088,48519ec599eb4399a34392610d95279ac3a85d7ef8672b66932f901f013981df
results/paper/frontier_debug_control_negative_adjacency_state_entropy_primary_no_kmeans_inh_0.7_smooth5.csv,2090,ec89b8edbcdd21f06d10b112c79b8b0ac960d9a304fd751a535ec288cdea758d
results/paper/frontier_debug_control_negative_adjacency_state_entropy_primary_no_kmeans_inh_0.8_smooth1.csv,2216,d381478f16ccd4e5428690eca41b250efd7763f8b743347ab423919d15e69b47
results/paper/frontier_debug_control_negative_adjacency_state_entropy_primary_no_kmeans_inh_0.8_smooth2.csv,2217,db5a3d401f160283e5d8ed8a08b1b372d170f3ed49700755741b2252527a0873
results/paper/frontier_debug_control_negative_adjacency_state_entropy_primary_no_kmeans_inh_0.8_smooth3.csv,2218,0cd2c71d53cc2ad6ca516ff0f4f7a67d0e3631ae893e5830f4a81be27ddb8e51
results/paper/frontier_debug_control_negative_adjacency_state_entropy_primary_no_kmeans_inh_0.8_smooth5.csv,2220,99b03a37df0940504d6149dca0c0b0ef07c55a28269b7c703ee228f31e2bc28e
results/paper/frontier_debug_control_negative_adjacency_state_entropy_primary_no_kmeans_inh_0.9_smooth1.csv,2151,f81d22aabb0418f66e703db5fb100d250c29072285e344808a17bfac6d6a38af
results/paper/frontier_debug_control_negative_adjacency_state_entropy_primary_no_kmeans_inh_0.9_smooth2.csv,2152,559a3abefea39dee7abc2cd265bdad5cd9d6da7741cc1de32a3be419fac9f2b2
results/paper/frontier_debug_control_negative_adjacency_state_entropy_primary_no_kmeans_inh_0.9_smooth3.csv,2153,62afcaf7146735b7447cfb408395d2d9607fa1a6c06f1e0021c4a23d460064ea
results/paper/frontier_debug_control_negative_adjacency_state_entropy_primary_no_kmeans_inh_0.9_smooth5.csv,2155,87b9d8f24f234e40a44cc45539e2be3d26b97fc6df9fc42d20e4c3d5d19191ad
results/paper/frontier_debug_control_negative_adjacency_state_entropy_primary_no_kmeans_inh_1.0_smooth1.csv,1523,93e6c39cecbd3695537d29368d5db1e8fbee28ac579fd4edb6bb392f295c9b29
results/paper/frontier_debug_control_negative_adjacency_state_entropy_primary_no_kmeans_inh_1.0_smooth2.csv,1523,e66374092799566969f46422f36f8d1986b0bd4115196cbf633792c370da22b7
results/paper/frontier_debug_control_negative_adjacency_state_entropy_primary_no_kmeans_inh_1.0_smooth3.csv,1523,a10a130d7b35c48097956beb655e24ac44ed7d4e7dcc10bc1bd1813e6f516de4
results/paper/frontier_debug_control_negative_adjacency_state_entropy_primary_no_kmeans_inh_1.0_smooth5.csv,1523,ab2cda45fc699bdc3024e60323d1aa990eed2c73eefb040062e695929a88f2cc
results/paper/frontier_debug_control_negative_fitness_distribution_entropy_all_methods_inh_0.1_smooth1.csv,1816,40007713eb47603d065b9d486aabfe7bfd0ab941c9d964036f382097deff9891
results/paper/frontier_debug_control_negative_fitness_distribution_entropy_all_methods_inh_0.1_smooth2.csv,1817,152f82829f6c4231d95ce4c60388336f5c153503eb1fcacdaf35b1d3cc5ce5dd
results/paper/frontier_debug_control_negative_fitness_distribution_entropy_all_methods_inh_0.1_smooth3.csv,1818,5bbfcfebb4a23c00e95a725fdac65f0d97c0679be68d86e1ad85dc9cb7275a24
results/paper/frontier_debug_control_negative_fitness_distribution_entropy_all_methods_inh_0.1_smooth5.csv,1819,bfb65c429cdde642d1c95a5ef4080c990aebaf5c15a02b84c6b047a638e3b439
results/paper/frontier_debug_control_negative_fitness_distribution_entropy_all_methods_inh_0.2_smooth1.csv,1507,cfe0552fdc19edb5032b625d5178e7f1969c5747df547b3b1e32f1d11c72325f
results/paper/frontier_debug_control_negative_fitness_distribution_entropy_all_methods_inh_0.2_smooth2.csv,1507,83caf9322196282b214a651b7da3f1e50068eea9ecd5b7311b4302f9a039e2c8
results/paper/frontier_debug_control_negative_fitness_distribution_entropy_all_methods_inh_0.2_smooth3.csv,1507,b26436ed9de400da0b8e8a1ea27c7b1bc0308baaf74f85ac6880744c077a28aa
results/paper/frontier_debug_control_negative_fitness_distribution_entropy_all_methods_inh_0.2_smooth5.csv,1507,30ef5ae070d490e86fec630b9ce11fb5369c34480ea0dd985b09f6fb29e46061
results/paper/frontier_debug_control_negative_fitness_distribution_entropy_all_methods_inh_0.3_smooth1.csv,1492,368183f772fe645fc3339e1f1d31d541dc9c8769f0e9e127184bde08eeac4a43
results/paper/frontier_debug_control_negative_fitness_distribution_entropy_all_methods_inh_0.3_smooth2.csv,1492,16c0ba9104fae77ad42e61d18b48bd8eb1fbdcc2ae0fb815380d4dfe3e28a8f1
results/paper/frontier_debug_control_negative_fitness_distribution_entropy_all_methods_inh_0.3_smooth3.csv,1492,2ad4aa999b08fdb1685ff0549ea6acfd6d44182aa15e55f070cb46ad54ccd996
results/paper/frontier_debug_control_negative_fitness_distribution_entropy_all_methods_inh_0.3_smooth5.csv,1492,a205b439710fe55be000e7cde18c0b249240648e702a9ba999c44a5850965247
results/paper/frontier_debug_control_negative_fitness_distribution_entropy_all_methods_inh_0.4_smooth1.csv,1826,34af460797867465375d226b94580f0bc1e8cfd18e1a3fd555933bea11b50ef0
results/paper/frontier_debug_control_negative_fitness_distribution_entropy_all_methods_inh_0.4_smooth2.csv,1826,20ebc1a3e6b68a8af9e3feed815469675b523fdf455b27a362a0b80b24f5db92
results/paper/frontier_debug_control_negative_fitness_distribution_entropy_all_methods_inh_0.4_smooth3.csv,1825,27bd85c4f369e0886c64db7182a49db74d739560611f6414388443bb6043a0b4
results/paper/frontier_debug_control_negative_fitness_distribution_entropy_all_methods_inh_0.4_smooth5.csv,1823,5c800983054a1d51a63545b3080b1c813d134d965290bff6021917a44822673a
results/paper/frontier_debug_control_negative_fitness_distribution_entropy_all_methods_inh_0.5_smooth1.csv,1417,fbe6e27fac4dedd6bad9a43ba4981f41247b838e32d18c637bb70469c523f5b0
results/paper/frontier_debug_control_negative_fitness_distribution_entropy_all_methods_inh_0.5_smooth2.csv,1417,879c9bb78ee6b7e0ddf2be8aad94debf32c22e034544800ca32acc7d9fc6165b
results/paper/frontier_debug_control_negative_fitness_distribution_entropy_all_methods_inh_0.5_smooth3.csv,1417,e6e6f08b9c3bc5bd2922a9d4e3006388dbc64001db9378b728a8655012ca683e
results/paper/frontier_debug_control_negative_fitness_distribution_entropy_all_methods_inh_0.5_smooth5.csv,1417,836d583df355515e78f6bf42f561813df1ad618e3151fc39e7d94e2fd4570041
results/paper/frontier_debug_control_negative_fitness_distribution_entropy_all_methods_inh_0.6_smooth1.csv,1828,592e11343726d58421ed2e3cc7e3def27e8d41765ea86fc76b55d822439a8cfa
results/paper/frontier_debug_control_negative_fitness_distribution_entropy_all_methods_inh_0.6_smooth2.csv,1829,b55b0d5b880c11e1ee44aad7f87289ada81e5337f6346e512890fd7ec85f5bb4
results/paper/frontier_debug_control_negative_fitness_distribution_entropy_all_methods_inh_0.6_smooth3.csv,1830,d4001c5035aadcb62ff60c10e31b3ddee385f624c815425216dbefed1c016868
results/paper/frontier_debug_control_negative_fitness_distribution_entropy_all_methods_inh_0.6_smooth5.csv,1832,392c12ca42d7dbb6b081f550a8022a9685dff4a7e1cfdcfac20993ac0e9c2ec3
results/paper/frontier_debug_control_negative_fitness_distribution_entropy_all_methods_inh_0.7_smooth1.csv,2050,ae3bbe439ad2924f5541c8a61e3be8b8793ee4a02db3c77ee513911557b2daa6
results/paper/frontier_debug_control_negative_fitness_distribution_entropy_all_methods_inh_0.7_smooth2.csv,2050,2b41bd5eddeb643f3f867dec8b83ac365a020abfa1b7804c6d1891c141da8d8b
results/paper/frontier_debug_control_negative_fitness_distribution_entropy_all_methods_inh_0.7_smooth3.csv,2050,4fb0c64dc10bbe337ff65c26badbe1b7d791bda68346361e1d6b0498d5657563
results/paper/frontier_debug_control_negative_fitness_distribution_entropy_all_methods_inh_0.7_smooth5.csv,2050,224f69a7fce8f32492b63a42ebd808d3fe8ccb7ba1de68ef1bd013ca2a767ffa
results/paper/frontier_debug_control_negative_fitness_distribution_entropy_all_methods_inh_0.8_smooth1.csv,1954,c9490f69219852d6bb849d713ae90862fb0006cedfd673bede7c6b5cab9a2875
results/paper/frontier_debug_control_negative_fitness_distribution_entropy_all_methods_inh_0.8_smooth2.csv,1954,c14f7a6e7bb4ee033927fb2bc9a6acad6e215395cf24e3cd7c04cd5fffeab26e
results/paper/frontier_debug_control_negative_fitness_distribution_entropy_all_methods_inh_0.8_smooth3.csv,1954,fffdb72d84626b338a36d165c6b9b291abcd3da9530c8abc19931d2822140e43
results/paper/frontier_debug_control_negative_fitness_distribution_entropy_all_methods_inh_0.8_smooth5.csv,1954,5a6f8798fd91a209835e114990cffd3b7cbe1223ee3c890a655809d89622ac46
results/paper/frontier_debug_control_negative_fitness_distribution_entropy_all_methods_inh_0.9_smooth1.csv,2269,7d7306c44a75d402c3284ba0cb2afe7f20f597ab647064a55c4d445c585e242b
results/paper/frontier_debug_control_negative_fitness_distribution_entropy_all_methods_inh_0.9_smooth2.csv,2269,4751388b68369ad151380a7aade8150665628abfedb824bb144f713b97632920
results/paper/frontier_debug_control_negative_fitness_distribution_entropy_all_methods_inh_0.9_smooth3.csv,2269,9664da46e2453ca499eb201f048345f2690a01e89ec41e8e8738f88f718850e8
results/paper/frontier_debug_control_negative_fitness_distribution_entropy_all_methods_inh_0.9_smooth5.csv,2267,7c4f58a5d018ee2c362dea8e74472b3f5a5649c10cfe7263865b7b7177b21078
results/paper/frontier_debug_control_negative_fitness_distribution_entropy_all_methods_inh_1.0_smooth1.csv,1717,bd7d445fd3fcde5cd89162bd7da9c16980fe43c3c410e05501950721490e9b2b
results/paper/frontier_debug_control_negative_fitness_distribution_entropy_all_methods_inh_1.0_smooth2.csv,1717,d85d673aadc443373554154fba289c8b2c70347357e0f5ce1726304c10cc1029
results/paper/frontier_debug_control_negative_fitness_distribution_entropy_all_methods_inh_1.0_smooth3.csv,1717,30e90a12b0541d91d7f4755e53eab29ffb4c03844293aa1eb019ab2fa8ed40f3
results/paper/frontier_debug_control_negative_fitness_distribution_entropy_all_methods_inh_1.0_smooth5.csv,1717,3230a3c3a634b3061c2f678e153c3824117cac0e732b16b30e70f1a093bc4884
results/paper/frontier_debug_control_negative_fitness_distribution_entropy_inh_0.1_smooth1.csv,1828,b81b784807977ab31d4cdf1c75f7c72b25499c9b8cced27f2476401d780eb9b8
results/paper/frontier_debug_control_negative_fitness_distribution_entropy_inh_0.2_smooth1.csv,1511,b77a6f378b0d174eddd5927c2037cb728f6f66a7c228a1b31dc96b3e079785fd
results/paper/frontier_debug_control_negative_fitness_distribution_entropy_inh_0.3_smooth1.csv,1498,d51aa5b750a96e3c4c8bb7d3dd600ce76aa25aac19abd732cba4d91e2ffa626b
results/paper/frontier_debug_control_negative_fitness_distribution_entropy_inh_0.4_smooth1.csv,1832,9bd80dd66e92b851b725bb2350cfb01dc5d0ee276c3a93fec7831ca0f3e752a8
results/paper/frontier_debug_control_negative_fitness_distribution_entropy_inh_0.5_smooth1.csv,1423,c77bf16b44f459b6c760134875773f61c19e723df6e3786af76e174e1fb1a3e5
results/paper/frontier_debug_control_negative_fitness_distribution_entropy_inh_0.6_smooth1.csv,1856,121fccfa19f50dc31934485af0c6fa9c2fda6b8cee6e9e67a6ff9ef3a6352b62
results/paper/frontier_debug_control_negative_fitness_distribution_entropy_inh_0.7_smooth1.csv,2056,468ebe4b88b0ffe2e351b08393d6fea82a95e4621846700af2f4f4882a0fce71
results/paper/frontier_debug_control_negative_fitness_distribution_entropy_inh_0.8_smooth1.csv,1958,72f5d5a0bf40010f892f8e28e1dd2fc74e2b7b892c6635a1a825b7be71046dcb
results/paper/frontier_debug_control_negative_fitness_distribution_entropy_inh_0.9_smooth1.csv,2273,2940f023711786cda7b57d2b93620a18c096b7e597f5537738cbaaaf8d3ab58a
results/paper/frontier_debug_control_negative_fitness_distribution_entropy_inh_1.0_smooth1.csv,1721,02acb67e0518bb9f7e52b7d323dc8e94f6fd3ad3c75e39cf3d14bae5669bf534
results/paper/frontier_debug_control_negative_fitness_distribution_entropy_primary_no_kmeans_inh_0.1_smooth1.csv,1828,b81b784807977ab31d4cdf1c75f7c72b25499c9b8cced27f2476401d780eb9b8
results/paper/frontier_debug_control_negative_fitness_distribution_entropy_primary_no_kmeans_inh_0.1_smooth2.csv,1828,7e8b64cba94f46f2870503747c7bf93f40a48497bf06ba30f446dc7e0cd45cc8
results/paper/frontier_debug_control_negative_fitness_distribution_entropy_primary_no_kmeans_inh_0.1_smooth3.csv,1828,c106413e15662c5c2ce40fb2bedd051b5286f70aa94d3674875653544e6692bf
results/paper/frontier_debug_control_negative_fitness_distribution_entropy_primary_no_kmeans_inh_0.1_smooth5.csv,1828,54fefdf6cddca2a9c5399db7d62f16552f7d202abd65b0cded63a25d8d8628b3
results/paper/frontier_debug_control_negative_fitness_distribution_entropy_primary_no_kmeans_inh_0.2_smooth1.csv,1511,b77a6f378b0d174eddd5927c2037cb728f6f66a7c228a1b31dc96b3e079785fd
results/paper/frontier_debug_control_negative_fitness_distribution_entropy_primary_no_kmeans_inh_0.2_smooth2.csv,1511,0afce5cb8b2a0ad059abcff4516531669305a5d752a7b1acdaccecbf1ee162a2
results/paper/frontier_debug_control_negative_fitness_distribution_entropy_primary_no_kmeans_inh_0.2_smooth3.csv,1511,de5c1a9a2166d1657add31f7c2526baf3e7b31212b2c85a9b39b8ab4d40d584b
results/paper/frontier_debug_control_negative_fitness_distribution_entropy_primary_no_kmeans_inh_0.2_smooth5.csv,1511,6500ca46a5dadac15605e8bda550f70ecc520d540e2bcd71156085110f25aeb4
results/paper/frontier_debug_control_negative_fitness_distribution_entropy_primary_no_kmeans_inh_0.3_smooth1.csv,1498,d51aa5b750a96e3c4c8bb7d3dd600ce76aa25aac19abd732cba4d91e2ffa626b
results/paper/frontier_debug_control_negative_fitness_distribution_entropy_primary_no_kmeans_inh_0.3_smooth2.csv,1498,e17cfb6e2026d456fc191c32461b0eddb1714b206ceeb7d8136802affadba2e1
results/paper/frontier_debug_control_negative_fitness_distribution_entropy_primary_no_kmeans_inh_0.3_smooth3.csv,1498,e7a8da65865de784ae6f9b4f9e2c9f1ae02598a4c08298e555793efda78efef4
results/paper/frontier_debug_control_negative_fitness_distribution_entropy_primary_no_kmeans_inh_0.3_smooth5.csv,1498,4169c1e43bf8e6d5d1f3ae50101a25954b5e8dd168fd86a2ff186f23fcb52c96
results/paper/frontier_debug_control_negative_fitness_distribution_entropy_primary_no_kmeans_inh_0.4_smooth1.csv,1832,9bd80dd66e92b851b725bb2350cfb01dc5d0ee276c3a93fec7831ca0f3e752a8
results/paper/frontier_debug_control_negative_fitness_distribution_entropy_primary_no_kmeans_inh_0.4_smooth2.csv,1832,1722ca340dc2bb1d83acd2a1aef3de519d5ee7732a5571f96bfd8b78822e7aa2
results/paper/frontier_debug_control_negative_fitness_distribution_entropy_primary_no_kmeans_inh_0.4_smooth3.csv,1831,11bc890e7829af3af7b5eeb4683fd971155aed6d8baa8079baebe471fb291f52
results/paper/frontier_debug_control_negative_fitness_distribution_entropy_primary_no_kmeans_inh_0.4_smooth5.csv,1829,cc51ed5752b104646890247c9885fa1e2999b143a7678cb8bcbdd0e024cfe559
results/paper/frontier_debug_control_negative_fitness_distribution_entropy_primary_no_kmeans_inh_0.5_smooth1.csv,1423,c77bf16b44f459b6c760134875773f61c19e723df6e3786af76e174e1fb1a3e5
results/paper/frontier_debug_control_negative_fitness_distribution_entropy_primary_no_kmeans_inh_0.5_smooth2.csv,1423,5daa0ee96493dc57d1277c76d6b7190173c2ae36eeff1be77a3c7c9c3b00fc7c
results/paper/frontier_debug_control_negative_fitness_distribution_entropy_primary_no_kmeans_inh_0.5_smooth3.csv,1423,944e17a80b83fe1fd9652045a54f239f188f531933c3311b7d76f311d91420ec
results/paper/frontier_debug_control_negative_fitness_distribution_entropy_primary_no_kmeans_inh_0.5_smooth5.csv,1422,4fd427c66488367e8c43d799d6cc00054e34f6501e2d7a538019b43831910e28
results/paper/frontier_debug_control_negative_fitness_distribution_entropy_primary_no_kmeans_inh_0.6_smooth1.csv,1856,121fccfa19f50dc31934485af0c6fa9c2fda6b8cee6e9e67a6ff9ef3a6352b62
results/paper/frontier_debug_control_negative_fitness_distribution_entropy_primary_no_kmeans_inh_0.6_smooth2.csv,1857,f5d397f785c61255181d3de1c099ccf1b4070152b439a0a78f930c24c992d887
results/paper/frontier_debug_control_negative_fitness_distribution_entropy_primary_no_kmeans_inh_0.6_smooth3.csv,1857,14cc7ab18e6fb7bf14afa10412f9abc386df82d4d71243cf4b416a933dbeee81
results/paper/frontier_debug_control_negative_fitness_distribution_entropy_primary_no_kmeans_inh_0.6_smooth5.csv,1858,f59d2831ca1e0e1a373386336011cbe661dd6e9969fc5a8cbb4cac0bd80c7af4
results/paper/frontier_debug_control_negative_fitness_distribution_entropy_primary_no_kmeans_inh_0.7_smooth1.csv,2056,468ebe4b88b0ffe2e351b08393d6fea82a95e4621846700af2f4f4882a0fce71
results/paper/frontier_debug_control_negative_fitness_distribution_entropy_primary_no_kmeans_inh_0.7_smooth2.csv,2056,7c5f2378c3f5222d3ce731ce829953b44c5cf32e346815955c65e72713bfb0ee
results/paper/frontier_debug_control_negative_fitness_distribution_entropy_primary_no_kmeans_inh_0.7_smooth3.csv,2056,c9fcced9df323754b15343d9745cbc368ce5f09cf4f2ee5714351858320351e2
results/paper/frontier_debug_control_negative_fitness_distribution_entropy_primary_no_kmeans_inh_0.7_smooth5.csv,2056,49e149e672118871ab5eb94af2cfac64e11c58d65b806999a0470d3394fb0e13
results/paper/frontier_debug_control_negative_fitness_distribution_entropy_primary_no_kmeans_inh_0.8_smooth1.csv,1958,72f5d5a0bf40010f892f8e28e1dd2fc74e2b7b892c6635a1a825b7be71046dcb
results/paper/frontier_debug_control_negative_fitness_distribution_entropy_primary_no_kmeans_inh_0.8_smooth2.csv,1958,120e4857c501598d4b84eb1ee10bc730ed5a9fcffc7e8678f1b3dc62ee273ded
results/paper/frontier_debug_control_negative_fitness_distribution_entropy_primary_no_kmeans_inh_0.8_smooth3.csv,1958,d1e699793806ab6ea9640a1c24223c1f3d51c7e28f47f22a4fed6aaf6dad7622
results/paper/frontier_debug_control_negative_fitness_distribution_entropy_primary_no_kmeans_inh_0.8_smooth5.csv,1958,e272e4242277f984ca542290d6bffe3d298a41ee575f27a997658fe7b945e27e
results/paper/frontier_debug_control_negative_fitness_distribution_entropy_primary_no_kmeans_inh_0.9_smooth1.csv,2273,2940f023711786cda7b57d2b93620a18c096b7e597f5537738cbaaaf8d3ab58a
results/paper/frontier_debug_control_negative_fitness_distribution_entropy_primary_no_kmeans_inh_0.9_smooth2.csv,2273,88fc40aea352b4f58212a6b77d256e254fde8ad6391408f61b66a4edc2d189ba
results/paper/frontier_debug_control_negative_fitness_distribution_entropy_primary_no_kmeans_inh_0.9_smooth3.csv,2273,18b7b242a1fc6de10c6103d20b2e9820f39916e151b64e4bf989a08687516f29
results/paper/frontier_debug_control_negative_fitness_distribution_entropy_primary_no_kmeans_inh_0.9_smooth5.csv,2271,47b69f8247369dbe940e060ea55893f04815738a89d5467cfc0edc95d02e877b
results/paper/frontier_debug_control_negative_fitness_distribution_entropy_primary_no_kmeans_inh_1.0_smooth1.csv,1721,02acb67e0518bb9f7e52b7d323dc8e94f6fd3ad3c75e39cf3d14bae5669bf534
results/paper/frontier_debug_control_negative_fitness_distribution_entropy_primary_no_kmeans_inh_1.0_smooth2.csv,1721,ce1fb41b4e929c0ebcf5ee20b4dcc177d98cc21cbb22601b579be263419be8ca
results/paper/frontier_debug_control_negative_fitness_distribution_entropy_primary_no_kmeans_inh_1.0_smooth3.csv,1721,7b7cf78790de5ac65b9ca19a7e33fb6cf1bf3dc632214cbd04940f04aa666028
results/paper/frontier_debug_control_negative_fitness_distribution_entropy_primary_no_kmeans_inh_1.0_smooth5.csv,1721,030dc5a151cce2d1eda43de5adf0065ffb51244d2221001cfb60021007d98e96
results/paper/frontier_debug_control_negative_local_metabolite_configuration_entropy_all_methods_inh_0.1_smooth1.csv,1613,1142c2e4130f279de65582055a4ed88b8bd2ba2af3cb694ee148b81c7a791fa3
results/paper/frontier_debug_control_negative_local_metabolite_configuration_entropy_all_methods_inh_0.1_smooth2.csv,1613,f4312b31d9566f8bbb3afd79fccbf9a0186a11e3c70c02c0cdcc732417492184
results/paper/frontier_debug_control_negative_local_metabolite_configuration_entropy_all_methods_inh_0.1_smooth3.csv,1613,2b874f58d54efd95cb10074fe7dfdacf34aaa7c31bb9a686f37b5b6dbe801f1e
results/paper/frontier_debug_control_negative_local_metabolite_configuration_entropy_all_methods_inh_0.1_smooth5.csv,1613,5a995f3ef21ca6cfc4ee65066d974134f6a6bd3c514cffe7e9bc322436821853
results/paper/frontier_debug_control_negative_local_metabolite_configuration_entropy_all_methods_inh_0.2_smooth1.csv,1706,14cccf695ee8f8838f29f2060a1dbf0f217e66f9fa6eab2e1c0c67d5e5737d06
results/paper/frontier_debug_control_negative_local_metabolite_configuration_entropy_all_methods_inh_0.2_smooth2.csv,1705,11ae100e12a459891b52dd3c350b471311f1e326bd4c98b8bc04451ae12bc420
results/paper/frontier_debug_control_negative_local_metabolite_configuration_entropy_all_methods_inh_0.2_smooth3.csv,1704,1744d519f552630bede02a65520ecd524405ced29f75ce305cd4fda921ad7bb2
results/paper/frontier_debug_control_negative_local_metabolite_configuration_entropy_all_methods_inh_0.2_smooth5.csv,1702,b689945e0d9735014cccb96113ca033d65c9b7ed0d716008875010329bb6daf5
results/paper/frontier_debug_control_negative_local_metabolite_configuration_entropy_all_methods_inh_0.3_smooth1.csv,1364,850fa9e0ae5814701773b70c66bf7aad882543d648133cd3ceeec4f4ece90961
results/paper/frontier_debug_control_negative_local_metabolite_configuration_entropy_all_methods_inh_0.3_smooth2.csv,1364,4fb2790f93cd734b12c4caa963009b894cbaff84000fceb9d7a90dff6cc92109
results/paper/frontier_debug_control_negative_local_metabolite_configuration_entropy_all_methods_inh_0.3_smooth3.csv,1364,8411030b404785c994c72f794dafcbf4c2dea96daa86ba04313ee04c2d645065
results/paper/frontier_debug_control_negative_local_metabolite_configuration_entropy_all_methods_inh_0.3_smooth5.csv,1365,8718caafc992283bb3128af656b1874a977afe7a69f9ae07938586af6fc101d0
results/paper/frontier_debug_control_negative_local_metabolite_configuration_entropy_all_methods_inh_0.4_smooth1.csv,1898,99bb7ee9c84d693f7ad419329d73caf1e2e2a2bde87017331298cf4fe37149e1
results/paper/frontier_debug_control_negative_local_metabolite_configuration_entropy_all_methods_inh_0.4_smooth2.csv,1897,e8e1cdb3be4be54984f09ea98043aa16cd7a39302faaaeeb91a8e6492ea98d01
results/paper/frontier_debug_control_negative_local_metabolite_configuration_entropy_all_methods_inh_0.4_smooth3.csv,1896,e324b526b7b7dbd4602b23b2326117440d0997f05191d36686157f118a763265
results/paper/frontier_debug_control_negative_local_metabolite_configuration_entropy_all_methods_inh_0.4_smooth5.csv,1896,e324b526b7b7dbd4602b23b2326117440d0997f05191d36686157f118a763265
results/paper/frontier_debug_control_negative_local_metabolite_configuration_entropy_all_methods_inh_0.5_smooth1.csv,1978,0a5105ded044625fde6a111cbee1c3cb122fe6c548ca3b89706f8238897cc722
results/paper/frontier_debug_control_negative_local_metabolite_configuration_entropy_all_methods_inh_0.5_smooth2.csv,1978,0a5105ded044625fde6a111cbee1c3cb122fe6c548ca3b89706f8238897cc722
results/paper/frontier_debug_control_negative_local_metabolite_configuration_entropy_all_methods_inh_0.5_smooth3.csv,1978,0a5105ded044625fde6a111cbee1c3cb122fe6c548ca3b89706f8238897cc722
results/paper/frontier_debug_control_negative_local_metabolite_configuration_entropy_all_methods_inh_0.5_smooth5.csv,1978,0a5105ded044625fde6a111cbee1c3cb122fe6c548ca3b89706f8238897cc722
results/paper/frontier_debug_control_negative_local_metabolite_configuration_entropy_all_methods_inh_0.6_smooth1.csv,1812,42b84f945a67b204bb68bb4f69b1f0e2a826970b22b98a2c1c67e8560cbabc9c
results/paper/frontier_debug_control_negative_local_metabolite_configuration_entropy_all_methods_inh_0.6_smooth2.csv,1813,4d0d70ddad177b127e49e791bd7230056d3f1035eda2f9d7809727d3a0d9fa66
results/paper/frontier_debug_control_negative_local_metabolite_configuration_entropy_all_methods_inh_0.6_smooth3.csv,1814,2de70d725b4cf811c1b7e1c2a27fa96c148546369783f0a3188786f704e91610
results/paper/frontier_debug_control_negative_local_metabolite_configuration_entropy_all_methods_inh_0.6_smooth5.csv,1816,e2110c82c7f6bbf3bfb71512f23c9a4e632d22e71bcacd069ba4f49425d752e6
results/paper/frontier_debug_control_negative_local_metabolite_configuration_entropy_all_methods_inh_0.7_smooth1.csv,1961,9a62c22e2ce79b744bad961b95756720d484e9e98670da38d2efca964b0f8c64
results/paper/frontier_debug_control_negative_local_metabolite_configuration_entropy_all_methods_inh_0.7_smooth2.csv,1961,9a62c22e2ce79b744bad961b95756720d484e9e98670da38d2efca964b0f8c64
results/paper/frontier_debug_control_negative_local_metabolite_configuration_entropy_all_methods_inh_0.7_smooth3.csv,1961,9a62c22e2ce79b744bad961b95756720d484e9e98670da38d2efca964b0f8c64
results/paper/frontier_debug_control_negative_local_metabolite_configuration_entropy_all_methods_inh_0.7_smooth5.csv,1961,9a62c22e2ce79b744bad961b95756720d484e9e98670da38d2efca964b0f8c64
results/paper/frontier_debug_control_negative_local_metabolite_configuration_entropy_all_methods_inh_0.8_smooth1.csv,2106,e168534f7c86869be74636aaa436009bc3d078a4b5fd5bad77d7bd444103d1fe
results/paper/frontier_debug_control_negative_local_metabolite_configuration_entropy_all_methods_inh_0.8_smooth2.csv,2106,679ed695853513af1353c1282c71cf624afca03d0704021296fc29a7390d3a23
results/paper/frontier_debug_control_negative_local_metabolite_configuration_entropy_all_methods_inh_0.8_smooth3.csv,2106,94ac8bba4a1c0a22ec489082df17af750fe36a16c0c7cda21ab5dc2377399c35
results/paper/frontier_debug_control_negative_local_metabolite_configuration_entropy_all_methods_inh_0.8_smooth5.csv,2107,55d1e98acbe352e6d74aa4395bbb17607cfbc3433101be030cdd6467b35ea9dd
results/paper/frontier_debug_control_negative_local_metabolite_configuration_entropy_all_methods_inh_0.9_smooth1.csv,2307,ee74c6e074c9c0df0e5353b84ae5df2eb3761c017acbc5e49eb9aedaf794a44b
results/paper/frontier_debug_control_negative_local_metabolite_configuration_entropy_all_methods_inh_0.9_smooth2.csv,2307,29d558a4a809c7077acd783d13a0e97d001210f581b2233f363a3db24ee2dfc0
results/paper/frontier_debug_control_negative_local_metabolite_configuration_entropy_all_methods_inh_0.9_smooth3.csv,2307,d7120e9f1a521258b9262713c9896b5dccd57dcc71e5b47d78b9781548bbe8e2
results/paper/frontier_debug_control_negative_local_metabolite_configuration_entropy_all_methods_inh_0.9_smooth5.csv,2307,4ef9bab81ebaea31afe2e12332cfb53061db0f213e94abf09b44ac3d9e57cb7e
results/paper/frontier_debug_control_negative_local_metabolite_configuration_entropy_all_methods_inh_1.0_smooth1.csv,1829,89f8dcfdb09057a7933bf78c75671a89afc1cf8e83b2e64ec02ff20bafc7d9b8
results/paper/frontier_debug_control_negative_local_metabolite_configuration_entropy_all_methods_inh_1.0_smooth2.csv,1828,b79c2117ff66558629a2663c5edca5cb2ab2827e1ad564070f625c92650d9cf7
results/paper/frontier_debug_control_negative_local_metabolite_configuration_entropy_all_methods_inh_1.0_smooth3.csv,1827,ea853f1fca7339b0c316509159e1648b799af9f8a5e13d073b4c8a87058e9e66
results/paper/frontier_debug_control_negative_local_metabolite_configuration_entropy_all_methods_inh_1.0_smooth5.csv,1825,1e3ee82bc36a66cfb02a03bdfc59bcfb35cc99502ca91371d8cb896f9f398da1
results/paper/frontier_debug_control_negative_local_metabolite_configuration_entropy_inh_0.1_smooth1.csv,1619,de270acef5a5a03dcb792bf86ec93adc54102874515f90e6b2f35e51495538d4
results/paper/frontier_debug_control_negative_local_metabolite_configuration_entropy_inh_0.2_smooth1.csv,1704,e6540bced90b4afa1227058b1620e0b6ba59aea1b313bbf3111fb1af129adf09
results/paper/frontier_debug_control_negative_local_metabolite_configuration_entropy_inh_0.3_smooth1.csv,1368,460e9700825bcc114e55855280267943743a2a1418bb012324dadd8dc07d7649
results/paper/frontier_debug_control_negative_local_metabolite_configuration_entropy_inh_0.4_smooth1.csv,1900,61135ec6239d548d11ba86b27cbc44a974c8d9d8181ac922bff0af10fe7ad4f8
results/paper/frontier_debug_control_negative_local_metabolite_configuration_entropy_inh_0.5_smooth1.csv,2020,dda76aba1492967c9513b9286026eaaa2f41a9989900a9f09d3b3ef999333b25
results/paper/frontier_debug_control_negative_local_metabolite_configuration_entropy_inh_0.6_smooth1.csv,1816,f5169c7acb3df2efb9558274ac413f8785347692e47ff01c3940fe98fe54e062
results/paper/frontier_debug_control_negative_local_metabolite_configuration_entropy_inh_0.7_smooth1.csv,2007,e96713ab3d5ce0471a33f5fa6b479da283eb0a56ef230c72cb352b261ba7c5ff
results/paper/frontier_debug_control_negative_local_metabolite_configuration_entropy_inh_0.8_smooth1.csv,2114,35e6eafd4a097976740eba204602b847a15fea7e91e41f50cda16283bd175089
results/paper/frontier_debug_control_negative_local_metabolite_configuration_entropy_inh_0.9_smooth1.csv,2297,493f4e9c2d3b8835531592441dabfb115fb4239b96b2fa317fddbda05787bd8d
results/paper/frontier_debug_control_negative_local_metabolite_configuration_entropy_inh_1.0_smooth1.csv,1835,748c6f168f87ea551d0af1b2fe3e479d77a3315b3aa87f1405c7606c155e4a42
results/paper/frontier_debug_control_negative_local_metabolite_configuration_entropy_primary_no_kmeans_inh_0.1_smooth1.csv,1619,de270acef5a5a03dcb792bf86ec93adc54102874515f90e6b2f35e51495538d4
results/paper/frontier_debug_control_negative_local_metabolite_configuration_entropy_primary_no_kmeans_inh_0.1_smooth2.csv,1619,0c6ee618da46c3085f6d5dd40bff37a5088e6a4f98b39485049aec7e46070e2f
results/paper/frontier_debug_control_negative_local_metabolite_configuration_entropy_primary_no_kmeans_inh_0.1_smooth3.csv,1619,375ebfadeb41fb1c24d039823260b0060e4c1eefee02fb8314d5a0e95c25c027
results/paper/frontier_debug_control_negative_local_metabolite_configuration_entropy_primary_no_kmeans_inh_0.1_smooth5.csv,1619,a510a5d272ce88048b9d30f2301a04cf26ebb01a3b0bbb749a3b0b4672df3849
results/paper/frontier_debug_control_negative_local_metabolite_configuration_entropy_primary_no_kmeans_inh_0.2_smooth1.csv,1704,e6540bced90b4afa1227058b1620e0b6ba59aea1b313bbf3111fb1af129adf09
results/paper/frontier_debug_control_negative_local_metabolite_configuration_entropy_primary_no_kmeans_inh_0.2_smooth2.csv,1704,b96ef6169f059e66b24ab81a83e82cd6956a7164aaad18db447bd85babde8dd4
results/paper/frontier_debug_control_negative_local_metabolite_configuration_entropy_primary_no_kmeans_inh_0.2_smooth3.csv,1704,e3f5aee9681619975c600d6925a84077fa2cdb525bfe98f9a6a85d41e35f378b
results/paper/frontier_debug_control_negative_local_metabolite_configuration_entropy_primary_no_kmeans_inh_0.2_smooth5.csv,1703,dba97aae2c5f7ab505395f57357abc559748573d1017f4adbc91db08a6f1215c
results/paper/frontier_debug_control_negative_local_metabolite_configuration_entropy_primary_no_kmeans_inh_0.3_smooth1.csv,1368,460e9700825bcc114e55855280267943743a2a1418bb012324dadd8dc07d7649
results/paper/frontier_debug_control_negative_local_metabolite_configuration_entropy_primary_no_kmeans_inh_0.3_smooth2.csv,1368,6198449c5b649b3cdb45c8e2744a58afcd48a8dc65100946bcc4a6c2fd5953f8
results/paper/frontier_debug_control_negative_local_metabolite_configuration_entropy_primary_no_kmeans_inh_0.3_smooth3.csv,1368,dda3e878fe8e23ee562a402bfd281e75f32674ae9f2b7008da7abe532b8211d4
results/paper/frontier_debug_control_negative_local_metabolite_configuration_entropy_primary_no_kmeans_inh_0.3_smooth5.csv,1369,1b68dcf8c7d0dfeaa35ac4404370d2c92c3da7476792e998a2c3325d334719ea
results/paper/frontier_debug_control_negative_local_metabolite_configuration_entropy_primary_no_kmeans_inh_0.4_smooth1.csv,1900,61135ec6239d548d11ba86b27cbc44a974c8d9d8181ac922bff0af10fe7ad4f8
results/paper/frontier_debug_control_negative_local_metabolite_configuration_entropy_primary_no_kmeans_inh_0.4_smooth2.csv,1899,a828d3341a54944f20af1f9c7481d1fba580419b8f5f947b198be0c1abb9409b
results/paper/frontier_debug_control_negative_local_metabolite_configuration_entropy_primary_no_kmeans_inh_0.4_smooth3.csv,1899,9738477214b563e098f01cded588827109fd6130e9db5e1ac68f8509f13ce942
results/paper/frontier_debug_control_negative_local_metabolite_configuration_entropy_primary_no_kmeans_inh_0.4_smooth5.csv,1899,9738477214b563e098f01cded588827109fd6130e9db5e1ac68f8509f13ce942
results/paper/frontier_debug_control_negative_local_metabolite_configuration_entropy_primary_no_kmeans_inh_0.5_smooth1.csv,2020,dda76aba1492967c9513b9286026eaaa2f41a9989900a9f09d3b3ef999333b25
results/paper/frontier_debug_control_negative_local_metabolite_configuration_entropy_primary_no_kmeans_inh_0.5_smooth2.csv,2019,70aed7901a3bf2100c061c7f57066d8dc485b81e0e446feae567eded8d5cee54
results/paper/frontier_debug_control_negative_local_metabolite_configuration_entropy_primary_no_kmeans_inh_0.5_smooth3.csv,2019,81a2fabaa99cb6d99fbd967d9fa732ab4562aa5866f4919eab6f5664b04a9d2a
results/paper/frontier_debug_control_negative_local_metabolite_configuration_entropy_primary_no_kmeans_inh_0.5_smooth5.csv,2019,4cd5c98bf2bc649772bb7a2d6d58ddf678cbc80311bf23925edb7c4f23162d98
results/paper/frontier_debug_control_negative_local_metabolite_configuration_entropy_primary_no_kmeans_inh_0.6_smooth1.csv,1816,f5169c7acb3df2efb9558274ac413f8785347692e47ff01c3940fe98fe54e062
results/paper/frontier_debug_control_negative_local_metabolite_configuration_entropy_primary_no_kmeans_inh_0.6_smooth2.csv,1818,faca1c2cea7425d261f13e556b68a48064b429de691251169412409381ac6095
results/paper/frontier_debug_control_negative_local_metabolite_configuration_entropy_primary_no_kmeans_inh_0.6_smooth3.csv,1819,2f256f4bb54ad11ac25ada65da1a1424078c585ac7414c28f8a2c73afd1e170d
results/paper/frontier_debug_control_negative_local_metabolite_configuration_entropy_primary_no_kmeans_inh_0.6_smooth5.csv,1821,e15aeccf87454a6cdb7d5b2ef61b3582979088e3bd0a68d331c8be4df333309a
results/paper/frontier_debug_control_negative_local_metabolite_configuration_entropy_primary_no_kmeans_inh_0.7_smooth1.csv,2007,e96713ab3d5ce0471a33f5fa6b479da283eb0a56ef230c72cb352b261ba7c5ff
results/paper/frontier_debug_control_negative_local_metabolite_configuration_entropy_primary_no_kmeans_inh_0.7_smooth2.csv,2008,cc954f82547b50aec6d3de77a3f505c308e959b4cbb7c838ca8ecdfb86c53bd7
results/paper/frontier_debug_control_negative_local_metabolite_configuration_entropy_primary_no_kmeans_inh_0.7_smooth3.csv,2009,66a75a2ae8db511139cf99a1327b969cb445e50c5f7fc9b2db6232273d781e8e
results/paper/frontier_debug_control_negative_local_metabolite_configuration_entropy_primary_no_kmeans_inh_0.7_smooth5.csv,2010,86d504e3635f9b27b507c0ae7146293b50e9d9cf1325a34b25298aa8ec8efc98
results/paper/frontier_debug_control_negative_local_metabolite_configuration_entropy_primary_no_kmeans_inh_0.8_smooth1.csv,2114,35e6eafd4a097976740eba204602b847a15fea7e91e41f50cda16283bd175089
results/paper/frontier_debug_control_negative_local_metabolite_configuration_entropy_primary_no_kmeans_inh_0.8_smooth2.csv,2113,d426e329825837c905123210893df38f184be8b190b189785213bb2f40db2eb5
results/paper/frontier_debug_control_negative_local_metabolite_configuration_entropy_primary_no_kmeans_inh_0.8_smooth3.csv,2112,f630695e38266c4f2754c18b04e64ba5d6364fee9e19850eceeba6b11a9799fc
results/paper/frontier_debug_control_negative_local_metabolite_configuration_entropy_primary_no_kmeans_inh_0.8_smooth5.csv,2113,5a201f8dac5e466d64eb596a64e22af9d18a0e04c3ab5fadfe45018529a78e3b
results/paper/frontier_debug_control_negative_local_metabolite_configuration_entropy_primary_no_kmeans_inh_0.9_smooth1.csv,2297,493f4e9c2d3b8835531592441dabfb115fb4239b96b2fa317fddbda05787bd8d
results/paper/frontier_debug_control_negative_local_metabolite_configuration_entropy_primary_no_kmeans_inh_0.9_smooth2.csv,2297,ac9dee7ee0f636afdfc8417b12d0069f983bf2a901258ce950944fd5ca62ef02
results/paper/frontier_debug_control_negative_local_metabolite_configuration_entropy_primary_no_kmeans_inh_0.9_smooth3.csv,2297,fa96b1553ce4cbdb758ccf69d9bae7755037af3e062e67bbac5b3e017402603d
results/paper/frontier_debug_control_negative_local_metabolite_configuration_entropy_primary_no_kmeans_inh_0.9_smooth5.csv,2297,252c8c54a2d0c81189d0566690d35175b3ce9b8391f15db51a9d17c16de0dedc
results/paper/frontier_debug_control_negative_local_metabolite_configuration_entropy_primary_no_kmeans_inh_1.0_smooth1.csv,1835,748c6f168f87ea551d0af1b2fe3e479d77a3315b3aa87f1405c7606c155e4a42
results/paper/frontier_debug_control_negative_local_metabolite_configuration_entropy_primary_no_kmeans_inh_1.0_smooth2.csv,1834,cbd922d545ee7e0d6029d11be34ed21c6b3a189cea79388948e218422e0c8e2f
results/paper/frontier_debug_control_negative_local_metabolite_configuration_entropy_primary_no_kmeans_inh_1.0_smooth3.csv,1833,c0082904a04395519b6a5264b98549544b234a1abb83b87ae2d87683ebd4cd63
results/paper/frontier_debug_control_negative_local_metabolite_configuration_entropy_primary_no_kmeans_inh_1.0_smooth5.csv,1831,3d80b30ced303c6c7ebea4b15d2ebc4dfc51d2048bccd463f16a4895492b4856
results/paper/frontier_debug_control_negative_protocell_compositional_entropy_all_methods_inh_0.1_smooth1.csv,1662,f564da7514fc3bdfe504a511f7f16bada3dff34a654ebfce47b0e39905f357b1
results/paper/frontier_debug_control_negative_protocell_compositional_entropy_all_methods_inh_0.1_smooth2.csv,1662,f564da7514fc3bdfe504a511f7f16bada3dff34a654ebfce47b0e39905f357b1
results/paper/frontier_debug_control_negative_protocell_compositional_entropy_all_methods_inh_0.1_smooth3.csv,1662,f564da7514fc3bdfe504a511f7f16bada3dff34a654ebfce47b0e39905f357b1
results/paper/frontier_debug_control_negative_protocell_compositional_entropy_all_methods_inh_0.1_smooth5.csv,1662,f564da7514fc3bdfe504a511f7f16bada3dff34a654ebfce47b0e39905f357b1
results/paper/frontier_debug_control_negative_protocell_compositional_entropy_all_methods_inh_0.2_smooth1.csv,1347,49d6744320aeb9ab7fcea3483438d65cf32d34c33a07da598e5307ef18e0401b
results/paper/frontier_debug_control_negative_protocell_compositional_entropy_all_methods_inh_0.2_smooth2.csv,1347,34fadeb28d47de31e8b3a8e0884b691162bdb55ddf5c9f8b727aee3dbfc150fb
results/paper/frontier_debug_control_negative_protocell_compositional_entropy_all_methods_inh_0.2_smooth3.csv,1347,6f42be19118935152ecacfc0c184e729a55ecd1fd9797561497347f97476dc1d
results/paper/frontier_debug_control_negative_protocell_compositional_entropy_all_methods_inh_0.2_smooth5.csv,1347,02c56fa5dae4d326a97a31a7fc9d18f20a10977c832652581600cf46eb6f10e2
results/paper/frontier_debug_control_negative_protocell_compositional_entropy_all_methods_inh_0.3_smooth1.csv,1542,538338244d5340d44091626be0172a71e39e8bd8acc1f1d3394a9f29f44becc6
results/paper/frontier_debug_control_negative_protocell_compositional_entropy_all_methods_inh_0.3_smooth2.csv,1542,0be367e55606f251181005be841708732100c95f20ef1c694f1060a9d1e1cceb
results/paper/frontier_debug_control_negative_protocell_compositional_entropy_all_methods_inh_0.3_smooth3.csv,1542,557ec4380cf5b832851c884808065346c06e06cd39e0fa69abfe42a7932b276b
results/paper/frontier_debug_control_negative_protocell_compositional_entropy_all_methods_inh_0.3_smooth5.csv,1542,65bc9a18c8619cc58b7151a3e896e441eb78dae49da69d75134908e91a92da10
results/paper/frontier_debug_control_negative_protocell_compositional_entropy_all_methods_inh_0.4_smooth1.csv,1541,0b563e186e62d8fb24b40a2ed476adaf8bcf5b81c9782c59ce4479d9cf052fea
results/paper/frontier_debug_control_negative_protocell_compositional_entropy_all_methods_inh_0.4_smooth2.csv,1540,09623368ebdb7071b6a1794bb9090b45bd0dca5bfd5b8a5c6326f16695150e01
results/paper/frontier_debug_control_negative_protocell_compositional_entropy_all_methods_inh_0.4_smooth3.csv,1539,55303dac8c17a8e8edabbd5325e9ed9003ae9e57737689d4b8833d946552aa26
results/paper/frontier_debug_control_negative_protocell_compositional_entropy_all_methods_inh_0.4_smooth5.csv,1538,af15f95e69c0b495537a3cacc4f37969103b2ac35fd4d7f8e3666984fd094627
results/paper/frontier_debug_control_negative_protocell_compositional_entropy_all_methods_inh_0.5_smooth1.csv,1880,dd6c7e16c26612e9f5c0e98d332003b8634492549472e772e0a350bd9205c57a
results/paper/frontier_debug_control_negative_protocell_compositional_entropy_all_methods_inh_0.5_smooth2.csv,1880,952074057bf9fba8af67cf17401723636269692de3e9f5aee22dc155c2655bb1
results/paper/frontier_debug_control_negative_protocell_compositional_entropy_all_methods_inh_0.5_smooth3.csv,1880,d47d17da16dbea9b2c028c09e691edf8a90cacfbfa580ae010e02ec5766881db
results/paper/frontier_debug_control_negative_protocell_compositional_entropy_all_methods_inh_0.5_smooth5.csv,1880,2ad1f0fce0c9e74454fad1e9cb6f726c084954749c6e3bcf47415a8ebe151d83
results/paper/frontier_debug_control_negative_protocell_compositional_entropy_all_methods_inh_0.6_smooth1.csv,1887,b29ee34a7c085eae3d206d9f17920c1026e7fd9c333d6b2ebc9a9154559ee0e0
results/paper/frontier_debug_control_negative_protocell_compositional_entropy_all_methods_inh_0.6_smooth2.csv,1887,b29ee34a7c085eae3d206d9f17920c1026e7fd9c333d6b2ebc9a9154559ee0e0
results/paper/frontier_debug_control_negative_protocell_compositional_entropy_all_methods_inh_0.6_smooth3.csv,1887,b29ee34a7c085eae3d206d9f17920c1026e7fd9c333d6b2ebc9a9154559ee0e0
results/paper/frontier_debug_control_negative_protocell_compositional_entropy_all_methods_inh_0.6_smooth5.csv,1887,b29ee34a7c085eae3d206d9f17920c1026e7fd9c333d6b2ebc9a9154559ee0e0
results/paper/frontier_debug_control_negative_protocell_compositional_entropy_all_methods_inh_0.7_smooth1.csv,2020,2dd851b321b507fea5508a8b72ca67c0f5a0c5741f4dac4e95d56d3717902205
results/paper/frontier_debug_control_negative_protocell_compositional_entropy_all_methods_inh_0.7_smooth2.csv,2019,07e1709ce6c43af1eba7fbac12feada7845cff10962f16de6c20e0701fd2694c
results/paper/frontier_debug_control_negative_protocell_compositional_entropy_all_methods_inh_0.7_smooth3.csv,2018,7a60a8aeba21032dc2d447344ce90db6bf2a96ffb8b976af773e30d5cc370f38
results/paper/frontier_debug_control_negative_protocell_compositional_entropy_all_methods_inh_0.7_smooth5.csv,2016,e8e5a02f20cc99982360db1bfa2a79e1f9d71c2fd96929e9c0986925d43cbf4c
results/paper/frontier_debug_control_negative_protocell_compositional_entropy_all_methods_inh_0.8_smooth1.csv,1965,ec25cdcc59e23a5481f3fba9a880e4f5dc3106bf75ff50c1d0fa4d67f8587e84
results/paper/frontier_debug_control_negative_protocell_compositional_entropy_all_methods_inh_0.8_smooth2.csv,1965,ec25cdcc59e23a5481f3fba9a880e4f5dc3106bf75ff50c1d0fa4d67f8587e84
results/paper/frontier_debug_control_negative_protocell_compositional_entropy_all_methods_inh_0.8_smooth3.csv,1965,ec25cdcc59e23a5481f3fba9a880e4f5dc3106bf75ff50c1d0fa4d67f8587e84
results/paper/frontier_debug_control_negative_protocell_compositional_entropy_all_methods_inh_0.8_smooth5.csv,1965,ec25cdcc59e23a5481f3fba9a880e4f5dc3106bf75ff50c1d0fa4d67f8587e84
results/paper/frontier_debug_control_negative_protocell_compositional_entropy_all_methods_inh_0.9_smooth1.csv,2258,7fc473ef74896a1a0e56a4fff3a5e4204dcf9a340cc81c99a00cd8baf33ba7be
results/paper/frontier_debug_control_negative_protocell_compositional_entropy_all_methods_inh_0.9_smooth2.csv,2258,1d91bec9f7f03ea6dd3f30c41c8938fcbc548bcb5ea4f296c21e0d07c3564d2d
results/paper/frontier_debug_control_negative_protocell_compositional_entropy_all_methods_inh_0.9_smooth3.csv,2258,7d216f8864c759ba889a1a3aa9f11e90f7b95528c4b6306c038a88465d8481ce
results/paper/frontier_debug_control_negative_protocell_compositional_entropy_all_methods_inh_0.9_smooth5.csv,2258,8a89d91e4f1e9720693adf6237e5119d5a20d50d618a3673c981023c4bf79a31
results/paper/frontier_debug_control_negative_protocell_compositional_entropy_all_methods_inh_1.0_smooth1.csv,1639,ec1e3d1cb3e4a2e1cbb7099d881c3b1eeb38eeaffb726f1a889b85257fa5fd79
results/paper/frontier_debug_control_negative_protocell_compositional_entropy_all_methods_inh_1.0_smooth2.csv,1638,c75dd9bea5a41e98c07781f92ac69e0ff3d9fd390026f195cf8aa795054f09b0
results/paper/frontier_debug_control_negative_protocell_compositional_entropy_all_methods_inh_1.0_smooth3.csv,1637,cb2e21f79f6ff3fd17d28bb9be884da77d2aa8a84b30a0ae4e6ffeb8d56339ed
results/paper/frontier_debug_control_negative_protocell_compositional_entropy_all_methods_inh_1.0_smooth5.csv,1635,a7c7a029ba4c7fea82f5f96cee8ecda8551a6314307d991ed22fa762c1168615
results/paper/frontier_debug_control_negative_protocell_compositional_entropy_inh_0.1_smooth1.csv,1656,52b68da0700bc04d6514399f1f8585a3726270706d683515d166f08a40ec1e8c
results/paper/frontier_debug_control_negative_protocell_compositional_entropy_inh_0.2_smooth1.csv,1355,33460749dcbf06ad8469912516086e4ac3068a5aa5ca4566e9f2386069bf730f
results/paper/frontier_debug_control_negative_protocell_compositional_entropy_inh_0.3_smooth1.csv,1542,e28012717c0658c30d7453145118525842b81a0f12a5fbacbb67170adea2b25d
results/paper/frontier_debug_control_negative_protocell_compositional_entropy_inh_0.4_smooth1.csv,1545,5f393395beff3fae32cce8b59311970e226846a03d230b406376a2d571a9cbf4
results/paper/frontier_debug_control_negative_protocell_compositional_entropy_inh_0.5_smooth1.csv,1884,1f22d90cb2d7c49bf0fb733e3e5239fbd7ea074c52e562e98b5e1dc0c1013598
results/paper/frontier_debug_control_negative_protocell_compositional_entropy_inh_0.6_smooth1.csv,1881,5d4a1aaa73033e9a61ceee2b7dbc3e2398521bbbe9f42d01778d45facb1a7c7a
results/paper/frontier_debug_control_negative_protocell_compositional_entropy_inh_0.7_smooth1.csv,1998,8959c15987fddf00a456dc3fe527cd7c73e26d011bbd059b51e09f5013e48480
results/paper/frontier_debug_control_negative_protocell_compositional_entropy_inh_0.8_smooth1.csv,1969,fa0111ca357f529c99b0a1647fd66fe12faf955bd18cfda8b533a17125b0538b
results/paper/frontier_debug_control_negative_protocell_compositional_entropy_inh_0.9_smooth1.csv,2258,7fc473ef74896a1a0e56a4fff3a5e4204dcf9a340cc81c99a00cd8baf33ba7be
results/paper/frontier_debug_control_negative_protocell_compositional_entropy_inh_1.0_smooth1.csv,1645,60d2a7640bd8a33edbb674126ce58626c396e41d3fd6769c98f17921536b5e27
results/paper/frontier_debug_control_negative_protocell_compositional_entropy_primary_no_kmeans_inh_0.1_smooth1.csv,1656,52b68da0700bc04d6514399f1f8585a3726270706d683515d166f08a40ec1e8c
results/paper/frontier_debug_control_negative_protocell_compositional_entropy_primary_no_kmeans_inh_0.1_smooth2.csv,1654,0b43f18b8ff226607581ed6b00fb3ff1a5db4522337030b88f3e69af0b3a97ed
results/paper/frontier_debug_control_negative_protocell_compositional_entropy_primary_no_kmeans_inh_0.1_smooth3.csv,1652,e623064a4e9adef3989fccaec8c59d9be86c54bae1720b239c55bc3cd21ba498
results/paper/frontier_debug_control_negative_protocell_compositional_entropy_primary_no_kmeans_inh_0.1_smooth5.csv,1649,d66a30da38e4b4e64bfa859d9a3d5507ff753e0e53b9b64ac8dfbdc6f1db3f26
results/paper/frontier_debug_control_negative_protocell_compositional_entropy_primary_no_kmeans_inh_0.2_smooth1.csv,1355,33460749dcbf06ad8469912516086e4ac3068a5aa5ca4566e9f2386069bf730f
results/paper/frontier_debug_control_negative_protocell_compositional_entropy_primary_no_kmeans_inh_0.2_smooth2.csv,1355,4bb16a548f2f28715ca472299fe7e2c382580aab0e73d2c9ac81dad8a091c8b0
results/paper/frontier_debug_control_negative_protocell_compositional_entropy_primary_no_kmeans_inh_0.2_smooth3.csv,1354,f390f109660e0eafe75ecc35ff88b61ecfa0f7cd2c8557a4e4634a1208726628
results/paper/frontier_debug_control_negative_protocell_compositional_entropy_primary_no_kmeans_inh_0.2_smooth5.csv,1353,ef31e7c46eaabeabdb2e567fc061c7fa3e497340bac5f7d8a76e5b850b9afd9e
results/paper/frontier_debug_control_negative_protocell_compositional_entropy_primary_no_kmeans_inh_0.3_smooth1.csv,1542,e28012717c0658c30d7453145118525842b81a0f12a5fbacbb67170adea2b25d
results/paper/frontier_debug_control_negative_protocell_compositional_entropy_primary_no_kmeans_inh_0.3_smooth2.csv,1543,85d5953b3f2e78b6fa58f655c70b6714f95fab0e80a9dec19ce661fcb74a9b73
results/paper/frontier_debug_control_negative_protocell_compositional_entropy_primary_no_kmeans_inh_0.3_smooth3.csv,1544,a369f4dc4b8be2113cf9703119eda4920707cb1031b69094e85665910615453b
results/paper/frontier_debug_control_negative_protocell_compositional_entropy_primary_no_kmeans_inh_0.3_smooth5.csv,1545,45171caea5d9abd79dbd904c95e42a91c552d81a5f910567dde4ab7ad7f27e85
results/paper/frontier_debug_control_negative_protocell_compositional_entropy_primary_no_kmeans_inh_0.4_smooth1.csv,1545,5f393395beff3fae32cce8b59311970e226846a03d230b406376a2d571a9cbf4
results/paper/frontier_debug_control_negative_protocell_compositional_entropy_primary_no_kmeans_inh_0.4_smooth2.csv,1544,182ccf8693a90f59ca8bf587c5d7e0b241109bb0919469a0851823baaeb8492b
results/paper/frontier_debug_control_negative_protocell_compositional_entropy_primary_no_kmeans_inh_0.4_smooth3.csv,1543,464004bc0aa62dff4d615b8a3037430e9b13a4157f36969416efb9d40975f710
results/paper/frontier_debug_control_negative_protocell_compositional_entropy_primary_no_kmeans_inh_0.4_smooth5.csv,1542,5ed7a4e773021a4db02ea5cc930a3147568606db594cf209b866affd40468275
results/paper/frontier_debug_control_negative_protocell_compositional_entropy_primary_no_kmeans_inh_0.5_smooth1.csv,1884,1f22d90cb2d7c49bf0fb733e3e5239fbd7ea074c52e562e98b5e1dc0c1013598
results/paper/frontier_debug_control_negative_protocell_compositional_entropy_primary_no_kmeans_inh_0.5_smooth2.csv,1885,60c361da460b3e39c9e6390d6f89fa32296f174656bc3cc890fef8d403c860e0
results/paper/frontier_debug_control_negative_protocell_compositional_entropy_primary_no_kmeans_inh_0.5_smooth3.csv,1886,0c674832b9c4d2a85b603d7cd4814a037ca02bd40dfb26622f487f0a4cc5fa1f
results/paper/frontier_debug_control_negative_protocell_compositional_entropy_primary_no_kmeans_inh_0.5_smooth5.csv,1885,c198598e1a0abadad0a221321b1eb64630eb73d606e9ce4dda76dca8b7407447
results/paper/frontier_debug_control_negative_protocell_compositional_entropy_primary_no_kmeans_inh_0.6_smooth1.csv,1881,5d4a1aaa73033e9a61ceee2b7dbc3e2398521bbbe9f42d01778d45facb1a7c7a
results/paper/frontier_debug_control_negative_protocell_compositional_entropy_primary_no_kmeans_inh_0.6_smooth2.csv,1880,434a01e085afa1ccd7acae31ca24975b6861c0a580c21c7c5c672ed249e68a15
results/paper/frontier_debug_control_negative_protocell_compositional_entropy_primary_no_kmeans_inh_0.6_smooth3.csv,1879,9ce9664d61ab5717837c2a615f1afff4bf4f75b7f993e93c5c41e9fd0f8eae4b
results/paper/frontier_debug_control_negative_protocell_compositional_entropy_primary_no_kmeans_inh_0.6_smooth5.csv,1877,22bdff24f6e2f6a0f6d6a7fb61487b79a926c9429b743a05c7814d17a2f082f7
results/paper/frontier_debug_control_negative_protocell_compositional_entropy_primary_no_kmeans_inh_0.7_smooth1.csv,1998,8959c15987fddf00a456dc3fe527cd7c73e26d011bbd059b51e09f5013e48480
results/paper/frontier_debug_control_negative_protocell_compositional_entropy_primary_no_kmeans_inh_0.7_smooth2.csv,1997,ce73cc81806922a6b52e15ceae11029ac2f39706f7dd510ab203cab73ac5876c
results/paper/frontier_debug_control_negative_protocell_compositional_entropy_primary_no_kmeans_inh_0.7_smooth3.csv,1996,f0bc4abfb578eab5dbbee8ea8e392c4a255d3d08878696fd2dbabc2d2c2fd9bc
results/paper/frontier_debug_control_negative_protocell_compositional_entropy_primary_no_kmeans_inh_0.7_smooth5.csv,1994,ee501878b8c360f97d63eb91830fd5d96b7c3738d7008e083ce21ea6b8e6d0be
results/paper/frontier_debug_control_negative_protocell_compositional_entropy_primary_no_kmeans_inh_0.8_smooth1.csv,1969,fa0111ca357f529c99b0a1647fd66fe12faf955bd18cfda8b533a17125b0538b
results/paper/frontier_debug_control_negative_protocell_compositional_entropy_primary_no_kmeans_inh_0.8_smooth2.csv,1969,91a39afc43d673aea7c4a4083e806eaad178414bd3773645ceecfd386c418779
results/paper/frontier_debug_control_negative_protocell_compositional_entropy_primary_no_kmeans_inh_0.8_smooth3.csv,1969,99dc14722e5ee78c461d8b8216f9810fe15dffd4ce18067748adb6df0162f2b0
results/paper/frontier_debug_control_negative_protocell_compositional_entropy_primary_no_kmeans_inh_0.8_smooth5.csv,1969,99dc14722e5ee78c461d8b8216f9810fe15dffd4ce18067748adb6df0162f2b0
results/paper/frontier_debug_control_negative_protocell_compositional_entropy_primary_no_kmeans_inh_0.9_smooth1.csv,2258,7fc473ef74896a1a0e56a4fff3a5e4204dcf9a340cc81c99a00cd8baf33ba7be
results/paper/frontier_debug_control_negative_protocell_compositional_entropy_primary_no_kmeans_inh_0.9_smooth2.csv,2258,1d91bec9f7f03ea6dd3f30c41c8938fcbc548bcb5ea4f296c21e0d07c3564d2d
results/paper/frontier_debug_control_negative_protocell_compositional_entropy_primary_no_kmeans_inh_0.9_smooth3.csv,2258,7d216f8864c759ba889a1a3aa9f11e90f7b95528c4b6306c038a88465d8481ce
results/paper/frontier_debug_control_negative_protocell_compositional_entropy_primary_no_kmeans_inh_0.9_smooth5.csv,2258,8a89d91e4f1e9720693adf6237e5119d5a20d50d618a3673c981023c4bf79a31
results/paper/frontier_debug_control_negative_protocell_compositional_entropy_primary_no_kmeans_inh_1.0_smooth1.csv,1645,60d2a7640bd8a33edbb674126ce58626c396e41d3fd6769c98f17921536b5e27
results/paper/frontier_debug_control_negative_protocell_compositional_entropy_primary_no_kmeans_inh_1.0_smooth2.csv,1644,9fa9bfb96a8cbb4dcf9bf217c3f14eac642fa830a6a2e35ff6cf9fd1bb3cff7f
results/paper/frontier_debug_control_negative_protocell_compositional_entropy_primary_no_kmeans_inh_1.0_smooth3.csv,1643,e937b5a3b222b0d0c3fbfa33c0c41744dfb3b0de33f9f9ae8bef4a06cb085d8e
results/paper/frontier_debug_control_negative_protocell_compositional_entropy_primary_no_kmeans_inh_1.0_smooth5.csv,1641,2358f98870170aa1cb700b8b0da1957f543b5b48e60a0ee9daedffdb203050fc
results/paper/frontier_debug_control_threshold_survival_all_methods_inh_0.1_smooth1.csv,824,b1a8d1c4515c03d4ef2e3da66dfa5f9ec602bfe2aae3af59b64bf85975a95a86
results/paper/frontier_debug_control_threshold_survival_all_methods_inh_0.1_smooth2.csv,824,b1a8d1c4515c03d4ef2e3da66dfa5f9ec602bfe2aae3af59b64bf85975a95a86
results/paper/frontier_debug_control_threshold_survival_all_methods_inh_0.1_smooth3.csv,824,b1a8d1c4515c03d4ef2e3da66dfa5f9ec602bfe2aae3af59b64bf85975a95a86
results/paper/frontier_debug_control_threshold_survival_all_methods_inh_0.1_smooth5.csv,824,b1a8d1c4515c03d4ef2e3da66dfa5f9ec602bfe2aae3af59b64bf85975a95a86
results/paper/frontier_debug_control_threshold_survival_all_methods_inh_0.2_smooth1.csv,1098,8d775fcd50d2f6982ce9d9555157c2b515650ae042781a1fed8013e7f3fa1324
results/paper/frontier_debug_control_threshold_survival_all_methods_inh_0.2_smooth2.csv,1098,8d775fcd50d2f6982ce9d9555157c2b515650ae042781a1fed8013e7f3fa1324
results/paper/frontier_debug_control_threshold_survival_all_methods_inh_0.2_smooth3.csv,1098,8d775fcd50d2f6982ce9d9555157c2b515650ae042781a1fed8013e7f3fa1324
results/paper/frontier_debug_control_threshold_survival_all_methods_inh_0.2_smooth5.csv,1098,8d775fcd50d2f6982ce9d9555157c2b515650ae042781a1fed8013e7f3fa1324
results/paper/frontier_debug_control_threshold_survival_all_methods_inh_0.3_smooth1.csv,1104,77f9d3b292acf9e73100c21248455ec441020f7a8d83ba3f288ff69aaf00dc73
results/paper/frontier_debug_control_threshold_survival_all_methods_inh_0.3_smooth2.csv,1104,77f9d3b292acf9e73100c21248455ec441020f7a8d83ba3f288ff69aaf00dc73
results/paper/frontier_debug_control_threshold_survival_all_methods_inh_0.3_smooth3.csv,1104,77f9d3b292acf9e73100c21248455ec441020f7a8d83ba3f288ff69aaf00dc73
results/paper/frontier_debug_control_threshold_survival_all_methods_inh_0.3_smooth5.csv,1104,77f9d3b292acf9e73100c21248455ec441020f7a8d83ba3f288ff69aaf00dc73
results/paper/frontier_debug_control_threshold_survival_all_methods_inh_0.4_smooth1.csv,1099,4a981b3f65aff973c6f1abd060358255a4fabbe47a566dd0a91fd956ebf7cfd0
results/paper/frontier_debug_control_threshold_survival_all_methods_inh_0.4_smooth2.csv,1099,4a981b3f65aff973c6f1abd060358255a4fabbe47a566dd0a91fd956ebf7cfd0
results/paper/frontier_debug_control_threshold_survival_all_methods_inh_0.4_smooth3.csv,1099,4a981b3f65aff973c6f1abd060358255a4fabbe47a566dd0a91fd956ebf7cfd0
results/paper/frontier_debug_control_threshold_survival_all_methods_inh_0.4_smooth5.csv,1099,4a981b3f65aff973c6f1abd060358255a4fabbe47a566dd0a91fd956ebf7cfd0
results/paper/frontier_debug_control_threshold_survival_all_methods_inh_0.5_smooth1.csv,1145,3b3f440de56170fb6e235326ecc5f90c7f335e8ed2709de82b75ad6152f9b62a
results/paper/frontier_debug_control_threshold_survival_all_methods_inh_0.5_smooth2.csv,1145,3b3f440de56170fb6e235326ecc5f90c7f335e8ed2709de82b75ad6152f9b62a
results/paper/frontier_debug_control_threshold_survival_all_methods_inh_0.5_smooth3.csv,1145,3b3f440de56170fb6e235326ecc5f90c7f335e8ed2709de82b75ad6152f9b62a
results/paper/frontier_debug_control_threshold_survival_all_methods_inh_0.5_smooth5.csv,1145,3b3f440de56170fb6e235326ecc5f90c7f335e8ed2709de82b75ad6152f9b62a
results/paper/frontier_debug_control_threshold_survival_all_methods_inh_0.6_smooth1.csv,1189,b6949eee8ef0b09add1619bdb8e492441ad3f7e8f94a5b6aef95e884b67fe2ad
results/paper/frontier_debug_control_threshold_survival_all_methods_inh_0.6_smooth2.csv,1189,b6949eee8ef0b09add1619bdb8e492441ad3f7e8f94a5b6aef95e884b67fe2ad
results/paper/frontier_debug_control_threshold_survival_all_methods_inh_0.6_smooth3.csv,1189,b6949eee8ef0b09add1619bdb8e492441ad3f7e8f94a5b6aef95e884b67fe2ad
results/paper/frontier_debug_control_threshold_survival_all_methods_inh_0.6_smooth5.csv,1189,b6949eee8ef0b09add1619bdb8e492441ad3f7e8f94a5b6aef95e884b67fe2ad
results/paper/frontier_debug_control_threshold_survival_all_methods_inh_0.7_smooth1.csv,1328,06e02f7a041e48ee9128dc7d1bd78bd7e18fab64413cdaf9a6f92f917bf2233f
results/paper/frontier_debug_control_threshold_survival_all_methods_inh_0.7_smooth2.csv,1328,06e02f7a041e48ee9128dc7d1bd78bd7e18fab64413cdaf9a6f92f917bf2233f
results/paper/frontier_debug_control_threshold_survival_all_methods_inh_0.7_smooth3.csv,1328,06e02f7a041e48ee9128dc7d1bd78bd7e18fab64413cdaf9a6f92f917bf2233f
results/paper/frontier_debug_control_threshold_survival_all_methods_inh_0.7_smooth5.csv,1328,06e02f7a041e48ee9128dc7d1bd78bd7e18fab64413cdaf9a6f92f917bf2233f
results/paper/frontier_debug_control_threshold_survival_all_methods_inh_0.8_smooth1.csv,1321,83356d8b9358f627855a5003d8fd4272ccd1e527c7c94f6b4612aad5fd99db72
results/paper/frontier_debug_control_threshold_survival_all_methods_inh_0.8_smooth2.csv,1321,83356d8b9358f627855a5003d8fd4272ccd1e527c7c94f6b4612aad5fd99db72
results/paper/frontier_debug_control_threshold_survival_all_methods_inh_0.8_smooth3.csv,1321,83356d8b9358f627855a5003d8fd4272ccd1e527c7c94f6b4612aad5fd99db72
results/paper/frontier_debug_control_threshold_survival_all_methods_inh_0.8_smooth5.csv,1321,83356d8b9358f627855a5003d8fd4272ccd1e527c7c94f6b4612aad5fd99db72
results/paper/frontier_debug_control_threshold_survival_all_methods_inh_0.9_smooth1.csv,1311,0985630c014e7d8d808931f46bfc98c59f56911b644caf604b93131786181597
results/paper/frontier_debug_control_threshold_survival_all_methods_inh_0.9_smooth2.csv,1311,0985630c014e7d8d808931f46bfc98c59f56911b644caf604b93131786181597
results/paper/frontier_debug_control_threshold_survival_all_methods_inh_0.9_smooth3.csv,1311,0985630c014e7d8d808931f46bfc98c59f56911b644caf604b93131786181597
results/paper/frontier_debug_control_threshold_survival_all_methods_inh_0.9_smooth5.csv,1311,0985630c014e7d8d808931f46bfc98c59f56911b644caf604b93131786181597
results/paper/frontier_debug_control_threshold_survival_all_methods_inh_1.0_smooth1.csv,1130,740afcf43e0b36a7d3ab9a196470161806beae6d2502a451244c875822df1cb8
results/paper/frontier_debug_control_threshold_survival_all_methods_inh_1.0_smooth2.csv,1130,740afcf43e0b36a7d3ab9a196470161806beae6d2502a451244c875822df1cb8
results/paper/frontier_debug_control_threshold_survival_all_methods_inh_1.0_smooth3.csv,1130,740afcf43e0b36a7d3ab9a196470161806beae6d2502a451244c875822df1cb8
results/paper/frontier_debug_control_threshold_survival_all_methods_inh_1.0_smooth5.csv,1130,740afcf43e0b36a7d3ab9a196470161806beae6d2502a451244c875822df1cb8
results/paper/frontier_debug_control_threshold_survival_inh_0.1_smooth1.csv,824,b1a8d1c4515c03d4ef2e3da66dfa5f9ec602bfe2aae3af59b64bf85975a95a86
results/paper/frontier_debug_control_threshold_survival_inh_0.2_smooth1.csv,1098,8d775fcd50d2f6982ce9d9555157c2b515650ae042781a1fed8013e7f3fa1324
results/paper/frontier_debug_control_threshold_survival_inh_0.3_smooth1.csv,1104,77f9d3b292acf9e73100c21248455ec441020f7a8d83ba3f288ff69aaf00dc73
results/paper/frontier_debug_control_threshold_survival_inh_0.4_smooth1.csv,1099,4a981b3f65aff973c6f1abd060358255a4fabbe47a566dd0a91fd956ebf7cfd0
results/paper/frontier_debug_control_threshold_survival_inh_0.5_smooth1.csv,1145,3b3f440de56170fb6e235326ecc5f90c7f335e8ed2709de82b75ad6152f9b62a
results/paper/frontier_debug_control_threshold_survival_inh_0.6_smooth1.csv,1189,b6949eee8ef0b09add1619bdb8e492441ad3f7e8f94a5b6aef95e884b67fe2ad
results/paper/frontier_debug_control_threshold_survival_inh_0.7_smooth1.csv,1328,06e02f7a041e48ee9128dc7d1bd78bd7e18fab64413cdaf9a6f92f917bf2233f
results/paper/frontier_debug_control_threshold_survival_inh_0.8_smooth1.csv,1321,83356d8b9358f627855a5003d8fd4272ccd1e527c7c94f6b4612aad5fd99db72
results/paper/frontier_debug_control_threshold_survival_inh_0.9_smooth1.csv,1311,0985630c014e7d8d808931f46bfc98c59f56911b644caf604b93131786181597
results/paper/frontier_debug_control_threshold_survival_inh_1.0_smooth1.csv,1130,740afcf43e0b36a7d3ab9a196470161806beae6d2502a451244c875822df1cb8
results/paper/frontier_debug_control_threshold_survival_primary_no_kmeans_inh_0.1_smooth1.csv,824,b1a8d1c4515c03d4ef2e3da66dfa5f9ec602bfe2aae3af59b64bf85975a95a86
results/paper/frontier_debug_control_threshold_survival_primary_no_kmeans_inh_0.1_smooth2.csv,824,b1a8d1c4515c03d4ef2e3da66dfa5f9ec602bfe2aae3af59b64bf85975a95a86
results/paper/frontier_debug_control_threshold_survival_primary_no_kmeans_inh_0.1_smooth3.csv,824,b1a8d1c4515c03d4ef2e3da66dfa5f9ec602bfe2aae3af59b64bf85975a95a86
results/paper/frontier_debug_control_threshold_survival_primary_no_kmeans_inh_0.1_smooth5.csv,824,b1a8d1c4515c03d4ef2e3da66dfa5f9ec602bfe2aae3af59b64bf85975a95a86
results/paper/frontier_debug_control_threshold_survival_primary_no_kmeans_inh_0.2_smooth1.csv,1098,8d775fcd50d2f6982ce9d9555157c2b515650ae042781a1fed8013e7f3fa1324
results/paper/frontier_debug_control_threshold_survival_primary_no_kmeans_inh_0.2_smooth2.csv,1098,8d775fcd50d2f6982ce9d9555157c2b515650ae042781a1fed8013e7f3fa1324
results/paper/frontier_debug_control_threshold_survival_primary_no_kmeans_inh_0.2_smooth3.csv,1098,8d775fcd50d2f6982ce9d9555157c2b515650ae042781a1fed8013e7f3fa1324
results/paper/frontier_debug_control_threshold_survival_primary_no_kmeans_inh_0.2_smooth5.csv,1098,8d775fcd50d2f6982ce9d9555157c2b515650ae042781a1fed8013e7f3fa1324
results/paper/frontier_debug_control_threshold_survival_primary_no_kmeans_inh_0.3_smooth1.csv,1104,77f9d3b292acf9e73100c21248455ec441020f7a8d83ba3f288ff69aaf00dc73
results/paper/frontier_debug_control_threshold_survival_primary_no_kmeans_inh_0.3_smooth2.csv,1104,77f9d3b292acf9e73100c21248455ec441020f7a8d83ba3f288ff69aaf00dc73
results/paper/frontier_debug_control_threshold_survival_primary_no_kmeans_inh_0.3_smooth3.csv,1104,77f9d3b292acf9e73100c21248455ec441020f7a8d83ba3f288ff69aaf00dc73
results/paper/frontier_debug_control_threshold_survival_primary_no_kmeans_inh_0.3_smooth5.csv,1104,77f9d3b292acf9e73100c21248455ec441020f7a8d83ba3f288ff69aaf00dc73
results/paper/frontier_debug_control_threshold_survival_primary_no_kmeans_inh_0.4_smooth1.csv,1099,4a981b3f65aff973c6f1abd060358255a4fabbe47a566dd0a91fd956ebf7cfd0
results/paper/frontier_debug_control_threshold_survival_primary_no_kmeans_inh_0.4_smooth2.csv,1099,4a981b3f65aff973c6f1abd060358255a4fabbe47a566dd0a91fd956ebf7cfd0
results/paper/frontier_debug_control_threshold_survival_primary_no_kmeans_inh_0.4_smooth3.csv,1099,4a981b3f65aff973c6f1abd060358255a4fabbe47a566dd0a91fd956ebf7cfd0
results/paper/frontier_debug_control_threshold_survival_primary_no_kmeans_inh_0.4_smooth5.csv,1099,4a981b3f65aff973c6f1abd060358255a4fabbe47a566dd0a91fd956ebf7cfd0
results/paper/frontier_debug_control_threshold_survival_primary_no_kmeans_inh_0.5_smooth1.csv,1145,3b3f440de56170fb6e235326ecc5f90c7f335e8ed2709de82b75ad6152f9b62a
results/paper/frontier_debug_control_threshold_survival_primary_no_kmeans_inh_0.5_smooth2.csv,1145,3b3f440de56170fb6e235326ecc5f90c7f335e8ed2709de82b75ad6152f9b62a
results/paper/frontier_debug_control_threshold_survival_primary_no_kmeans_inh_0.5_smooth3.csv,1145,3b3f440de56170fb6e235326ecc5f90c7f335e8ed2709de82b75ad6152f9b62a
results/paper/frontier_debug_control_threshold_survival_primary_no_kmeans_inh_0.5_smooth5.csv,1145,3b3f440de56170fb6e235326ecc5f90c7f335e8ed2709de82b75ad6152f9b62a
results/paper/frontier_debug_control_threshold_survival_primary_no_kmeans_inh_0.6_smooth1.csv,1189,b6949eee8ef0b09add1619bdb8e492441ad3f7e8f94a5b6aef95e884b67fe2ad
results/paper/frontier_debug_control_threshold_survival_primary_no_kmeans_inh_0.6_smooth2.csv,1189,b6949eee8ef0b09add1619bdb8e492441ad3f7e8f94a5b6aef95e884b67fe2ad
results/paper/frontier_debug_control_threshold_survival_primary_no_kmeans_inh_0.6_smooth3.csv,1189,b6949eee8ef0b09add1619bdb8e492441ad3f7e8f94a5b6aef95e884b67fe2ad
results/paper/frontier_debug_control_threshold_survival_primary_no_kmeans_inh_0.6_smooth5.csv,1189,b6949eee8ef0b09add1619bdb8e492441ad3f7e8f94a5b6aef95e884b67fe2ad
results/paper/frontier_debug_control_threshold_survival_primary_no_kmeans_inh_0.7_smooth1.csv,1328,06e02f7a041e48ee9128dc7d1bd78bd7e18fab64413cdaf9a6f92f917bf2233f
results/paper/frontier_debug_control_threshold_survival_primary_no_kmeans_inh_0.7_smooth2.csv,1328,06e02f7a041e48ee9128dc7d1bd78bd7e18fab64413cdaf9a6f92f917bf2233f
results/paper/frontier_debug_control_threshold_survival_primary_no_kmeans_inh_0.7_smooth3.csv,1328,06e02f7a041e48ee9128dc7d1bd78bd7e18fab64413cdaf9a6f92f917bf2233f
results/paper/frontier_debug_control_threshold_survival_primary_no_kmeans_inh_0.7_smooth5.csv,1328,06e02f7a041e48ee9128dc7d1bd78bd7e18fab64413cdaf9a6f92f917bf2233f
results/paper/frontier_debug_control_threshold_survival_primary_no_kmeans_inh_0.8_smooth1.csv,1321,83356d8b9358f627855a5003d8fd4272ccd1e527c7c94f6b4612aad5fd99db72
results/paper/frontier_debug_control_threshold_survival_primary_no_kmeans_inh_0.8_smooth2.csv,1321,83356d8b9358f627855a5003d8fd4272ccd1e527c7c94f6b4612aad5fd99db72
results/paper/frontier_debug_control_threshold_survival_primary_no_kmeans_inh_0.8_smooth3.csv,1321,83356d8b9358f627855a5003d8fd4272ccd1e527c7c94f6b4612aad5fd99db72
results/paper/frontier_debug_control_threshold_survival_primary_no_kmeans_inh_0.8_smooth5.csv,1321,83356d8b9358f627855a5003d8fd4272ccd1e527c7c94f6b4612aad5fd99db72
results/paper/frontier_debug_control_threshold_survival_primary_no_kmeans_inh_0.9_smooth1.csv,1311,0985630c014e7d8d808931f46bfc98c59f56911b644caf604b93131786181597
results/paper/frontier_debug_control_threshold_survival_primary_no_kmeans_inh_0.9_smooth2.csv,1311,0985630c014e7d8d808931f46bfc98c59f56911b644caf604b93131786181597
results/paper/frontier_debug_control_threshold_survival_primary_no_kmeans_inh_0.9_smooth3.csv,1311,0985630c014e7d8d808931f46bfc98c59f56911b644caf604b93131786181597
results/paper/frontier_debug_control_threshold_survival_primary_no_kmeans_inh_0.9_smooth5.csv,1311,0985630c014e7d8d808931f46bfc98c59f56911b644caf604b93131786181597
results/paper/frontier_debug_control_threshold_survival_primary_no_kmeans_inh_1.0_smooth1.csv,1130,740afcf43e0b36a7d3ab9a196470161806beae6d2502a451244c875822df1cb8
results/paper/frontier_debug_control_threshold_survival_primary_no_kmeans_inh_1.0_smooth2.csv,1130,740afcf43e0b36a7d3ab9a196470161806beae6d2502a451244c875822df1cb8
results/paper/frontier_debug_control_threshold_survival_primary_no_kmeans_inh_1.0_smooth3.csv,1130,740afcf43e0b36a7d3ab9a196470161806beae6d2502a451244c875822df1cb8
results/paper/frontier_debug_control_threshold_survival_primary_no_kmeans_inh_1.0_smooth5.csv,1130,740afcf43e0b36a7d3ab9a196470161806beae6d2502a451244c875822df1cb8
results/paper/frontier_debug_selective_excess_over_control_all_methods_inh_0.1_smooth1.csv,1177,acc93a8ede23939b3be305bcb058c3fd184660c5923d6cd76b4ab2f1099b19cd
results/paper/frontier_debug_selective_excess_over_control_all_methods_inh_0.1_smooth2.csv,1175,e77d9c163316351550d1426f052f7368022cc9e68826134ee7cf0bb4bf991af5
results/paper/frontier_debug_selective_excess_over_control_all_methods_inh_0.1_smooth3.csv,1179,6b83e90d7ef3e942e824271a123e08729a9b356c4443fb3754e423e9cc235d9a
results/paper/frontier_debug_selective_excess_over_control_all_methods_inh_0.1_smooth5.csv,1177,55798f17463f5d5daae0580a70c06056d7bd886b35d6d1199993c504e9af707b
results/paper/frontier_debug_selective_excess_over_control_all_methods_inh_0.2_smooth1.csv,1184,6a220689713cc9d4adb3d6b650475763e496d0474a442bf99a8441ef12eed03d
results/paper/frontier_debug_selective_excess_over_control_all_methods_inh_0.2_smooth2.csv,1181,a9994938cc70333c876aa91340809811ed12af0b2189dd6e2e24b2ea9e315548
results/paper/frontier_debug_selective_excess_over_control_all_methods_inh_0.2_smooth3.csv,1179,0bc37cf56cbef3f4f87d7d76ede5e3f7edb51a30c16c3e8613f1e2373a644bc8
results/paper/frontier_debug_selective_excess_over_control_all_methods_inh_0.2_smooth5.csv,1176,45912c0a2eeed891b1c89788fe84b2802cf276a3e49300ba9e31e8c75fbba48c
results/paper/frontier_debug_selective_excess_over_control_all_methods_inh_0.3_smooth1.csv,1179,b11ab4284d6db2cc1c9c8e0d7826b5ffec4701726a7367e51fcffb6070b2e1f4
results/paper/frontier_debug_selective_excess_over_control_all_methods_inh_0.3_smooth2.csv,1177,31ea6c43d54ff7c4f821c2e9d047bb0cba78f05321c18847fcd0b88cf749faec
results/paper/frontier_debug_selective_excess_over_control_all_methods_inh_0.3_smooth3.csv,1177,e8aa90002903588b32e8f80df63ed28d341bc54470c98707e5265f5c9e24f7ba
results/paper/frontier_debug_selective_excess_over_control_all_methods_inh_0.3_smooth5.csv,1175,d74aec546b6183403ca13c6109ef8e77a5acf5fee0618977ceb0b5f5eaa4633a
results/paper/frontier_debug_selective_excess_over_control_all_methods_inh_0.4_smooth1.csv,1170,851acac0783377083213e4a5dea631d96a91e7fe019ae6aa1bf4c48928b9e5dc
results/paper/frontier_debug_selective_excess_over_control_all_methods_inh_0.4_smooth2.csv,1169,9507c7c8ed6ae505685645dc8cbe36cffaf2b1ae7208b731af4dd0c8b3fb4fea
results/paper/frontier_debug_selective_excess_over_control_all_methods_inh_0.4_smooth3.csv,1168,cef2a61c1877fc9237f6c6f1eca22827c6520c70d0160d3dfbb6bb0e0ea9371c
results/paper/frontier_debug_selective_excess_over_control_all_methods_inh_0.4_smooth5.csv,1167,9f8cd8a50fa8f1fbc26e0949fd77949ced5045105186d4e4931a308861959f12
results/paper/frontier_debug_selective_excess_over_control_all_methods_inh_0.5_smooth1.csv,1331,e6339d4d919eb29ba7623266b1e1f124b7403bd8cab0091471f903880380c44e
results/paper/frontier_debug_selective_excess_over_control_all_methods_inh_0.5_smooth2.csv,1330,707fdd5dcdd3a4eefba36b1e83ecbb77fed9efd0b8937441a5597965e1040c11
results/paper/frontier_debug_selective_excess_over_control_all_methods_inh_0.5_smooth3.csv,1329,e63d33753e573cdf5a78cb8158df431ee1acc191398cff2631e771fbefc52426
results/paper/frontier_debug_selective_excess_over_control_all_methods_inh_0.5_smooth5.csv,1328,a2caace8ae9f838e5b4a68ed83283c02bc8c870d01948d169942de4529b2eabe
results/paper/frontier_debug_selective_excess_over_control_all_methods_inh_0.6_smooth1.csv,1461,947b8d3bbe2046d3b6b1c0e08b2c44ad4941a64cc1bc4f2f4d48df752af7dd50
results/paper/frontier_debug_selective_excess_over_control_all_methods_inh_0.6_smooth2.csv,1460,bff2b6608a4ea397b9aeaf0f33c53fed49701e41dba018570b90a3235bae4a48
results/paper/frontier_debug_selective_excess_over_control_all_methods_inh_0.6_smooth3.csv,1459,90284f52cdeea27ffdc9c9929871aec118164717868dbd28a7442201fcb23520
results/paper/frontier_debug_selective_excess_over_control_all_methods_inh_0.6_smooth5.csv,1458,fc950cfd7885f6dae903add858c8af6c87dd276740de2c48d50fdcf7c817394a
results/paper/frontier_debug_selective_excess_over_control_all_methods_inh_0.7_smooth1.csv,1460,6ebc52ad80579853c22fae83141ec36324c6baf5160ee3bd4ec03af67b923558
results/paper/frontier_debug_selective_excess_over_control_all_methods_inh_0.7_smooth2.csv,1458,163006f546b342a2485158c997805d6053fe9c275dc0c06aec6ff7df8e137139
results/paper/frontier_debug_selective_excess_over_control_all_methods_inh_0.7_smooth3.csv,1457,3906c2de8aa4efbd23270a393566496224317e54b656a688fdb123c923aa4928
results/paper/frontier_debug_selective_excess_over_control_all_methods_inh_0.7_smooth5.csv,1462,923d06458f3758186eeae133824f699ff10dfcc69bc837b74b190ee778548446
results/paper/frontier_debug_selective_excess_over_control_all_methods_inh_0.8_smooth1.csv,1753,7fcfc3508796c0108171a45fc4303b3d3957fc085ad1abe3548dc051ab9ea4d6
results/paper/frontier_debug_selective_excess_over_control_all_methods_inh_0.8_smooth2.csv,1752,caed2413b1ee65c1d61a5b0946392f5de8e9f63c3e8d4185096414055fc72768
results/paper/frontier_debug_selective_excess_over_control_all_methods_inh_0.8_smooth3.csv,1751,c9566083d5bf0410e34b8b1ae0944025cca5b39078b467990973b1ccd7cfcbca
results/paper/frontier_debug_selective_excess_over_control_all_methods_inh_0.8_smooth5.csv,1752,7a2d305ab1146decc8ea06532d50baa64bf7746bd9c49ad5c4d04606bd054848
results/paper/frontier_debug_selective_excess_over_control_all_methods_inh_0.9_smooth1.csv,1950,24551f5c5e54b717fdec188f4f2d463c65f8f5634ccc8218da709e648ab4437d
results/paper/frontier_debug_selective_excess_over_control_all_methods_inh_0.9_smooth2.csv,1950,51a9212a5819a3c227b72b3343dc54074d32967b795b9ba7ce1bf6398b00cae3
results/paper/frontier_debug_selective_excess_over_control_all_methods_inh_0.9_smooth3.csv,1949,921c859044118da5abc89a905a1b947c25fbc73cd082f35f3ee659b22ee7e651
results/paper/frontier_debug_selective_excess_over_control_all_methods_inh_0.9_smooth5.csv,1947,b87b29404da434b088a46e5f0451680279ff8d8b216fd52e60e0d78bb041e45b
results/paper/frontier_debug_selective_excess_over_control_all_methods_inh_1.0_smooth1.csv,1751,ad511923a8c28ee7b81067dae6553c202d9e16c8ad3487dfb8467aee004fc7a9
results/paper/frontier_debug_selective_excess_over_control_all_methods_inh_1.0_smooth2.csv,1751,1bb107dccc8e215266823b635a0e241a55b3d9f1e0afe9bffa5acad378646af2
results/paper/frontier_debug_selective_excess_over_control_all_methods_inh_1.0_smooth3.csv,1753,5d46707059e35e9a80d9e137d2b9b305e54390c60333196198add35da454deeb
results/paper/frontier_debug_selective_excess_over_control_all_methods_inh_1.0_smooth5.csv,1755,67e47b25109c6bfcad4619bb75f86df912d74cf2c2e15a40a0625afffdcd1234
results/paper/frontier_debug_selective_excess_over_control_inh_0.1_smooth1.csv,1276,2caca743c9482ef6f6b6c8c96c3aa12366e0cb49b6794a30b7f3c04b8e056cf0
results/paper/frontier_debug_selective_excess_over_control_inh_0.2_smooth1.csv,1264,8323aa0a820de5e1c3996c4f9d6e3bc12a23b736217341677fced0f35f772564
results/paper/frontier_debug_selective_excess_over_control_inh_0.3_smooth1.csv,1277,abd6726608f043abe6447f7e10bba89c4a094a7115a4dc001f9b16c102eb75b6
results/paper/frontier_debug_selective_excess_over_control_inh_0.4_smooth1.csv,1262,39623fab9144cc015df8812ac1949d5a8f36d4b9c8b9665388d35321a6606a7e
results/paper/frontier_debug_selective_excess_over_control_inh_0.5_smooth1.csv,1436,35ef7f5c517831a75e72a8636f3c99051db1f8eaabf3ea198ef7a86ca70cbcc3
results/paper/frontier_debug_selective_excess_over_control_inh_0.6_smooth1.csv,1548,c90522cc01c3021414b0ebcfaad4d3b800503d6b285ea2928f96c905c763c68f
results/paper/frontier_debug_selective_excess_over_control_inh_0.7_smooth1.csv,1536,2220b303a2af59c1406ecc33cd11f403fc612d60e6848e50f51267fd5d2f268f
results/paper/frontier_debug_selective_excess_over_control_inh_0.8_smooth1.csv,1873,345349452ccfb09e8423bf765de384f4d6b4d87dcff7bf0c2d89deee33fffbdc
results/paper/frontier_debug_selective_excess_over_control_inh_0.9_smooth1.csv,2104,fcccc1a459fad0e47674c253aef949d5013767188c657c571fc8b547893c1598
results/paper/frontier_debug_selective_excess_over_control_inh_1.0_smooth1.csv,1734,f850bd9e8ef2433c08d2f202e6832dbaf18df101618b5f5f06f80fa16bd18a34
results/paper/frontier_debug_selective_excess_over_control_kmeans_profile_inh_0.1_smooth1.csv,1386,ed8110ee632cc98555a9d05657b7a620c503bdd9406c17e637553868fe0e1524
results/paper/frontier_debug_selective_excess_over_control_kmeans_profile_inh_0.1_smooth2.csv,1384,9c1d0227f96fb6d4a0aa79f73e95e21ffba78965c61c5a625c296cda45742fa7
results/paper/frontier_debug_selective_excess_over_control_kmeans_profile_inh_0.1_smooth3.csv,1388,c012800808d54568f743d44a0599f2fe09f31a31dc3c8bc7f97d75e6bf5bf96e
results/paper/frontier_debug_selective_excess_over_control_kmeans_profile_inh_0.1_smooth5.csv,1386,bcce65afa8aa5d8f88d0c793d8166fd7d5827b74dd0ba378441fbd5f528b613c
results/paper/frontier_debug_selective_excess_over_control_kmeans_profile_inh_0.2_smooth1.csv,1106,f78488ee6148526e9823f05c9910b9e7a8e40388d0d6c1bad4de4bcbb3bf05fc
results/paper/frontier_debug_selective_excess_over_control_kmeans_profile_inh_0.2_smooth2.csv,1103,446cf469100b8542ce780d639e418f2e4c8d164fb3e09ec4a477d7ee9dca2783
results/paper/frontier_debug_selective_excess_over_control_kmeans_profile_inh_0.2_smooth3.csv,1101,a79fef2343bf972cacac699613f8b1c4996a1f74154806569a426c9f7ceb405b
results/paper/frontier_debug_selective_excess_over_control_kmeans_profile_inh_0.2_smooth5.csv,1098,27d6278a4e1d58aaab6e34d4039cd839e4cf1ec5e2ac4711d1d0c811ea263eac
results/paper/frontier_debug_selective_excess_over_control_kmeans_profile_inh_0.3_smooth1.csv,1179,d3713857fda462d1d6ba401f4eb70102833bd0097db08eb61e0ec444d00aedfc
results/paper/frontier_debug_selective_excess_over_control_kmeans_profile_inh_0.3_smooth2.csv,1177,6ff3f01c220741d34dcf811140a668b2986a57c1c399b383241978d94b36d5cf
results/paper/frontier_debug_selective_excess_over_control_kmeans_profile_inh_0.3_smooth3.csv,1177,4ccd86a6a2601ecaf2d7e49436e184d8824bf6682e95a71a266f7360744efdd2
results/paper/frontier_debug_selective_excess_over_control_kmeans_profile_inh_0.3_smooth5.csv,1175,3f17f931741516eae565fc27b15d60b4b6199bb8509097755b92650ca9b3979b
results/paper/frontier_debug_selective_excess_over_control_kmeans_profile_inh_0.4_smooth1.csv,1388,9a419c9da2b7266ba460ea034dc85f3438d57b275244eba774399dca87e7836e
results/paper/frontier_debug_selective_excess_over_control_kmeans_profile_inh_0.4_smooth2.csv,1387,3cb721dd865b2d4858bdf0407872a0d4ff004ed65bc42f2c13d7966c18e3b9dc
results/paper/frontier_debug_selective_excess_over_control_kmeans_profile_inh_0.4_smooth3.csv,1386,f1667311dc7d7c80a96e689b476c484968c0022800334a015a00fab57f7870ff
results/paper/frontier_debug_selective_excess_over_control_kmeans_profile_inh_0.4_smooth5.csv,1385,cc909583473118eb3cd710449f999a6703d8ca958a77cd0bdb9e7cb8f16f238f
results/paper/frontier_debug_selective_excess_over_control_kmeans_profile_inh_0.5_smooth1.csv,1398,d2d78b82629dc09f4ef1456021ca0a1e5c37450f5bc3ad27f94dbc191f395bf2
results/paper/frontier_debug_selective_excess_over_control_kmeans_profile_inh_0.5_smooth2.csv,1397,4579c86f30a7066403971ce2bcdc70eb0788c86c72d8a395b0e65a36d6d68177
results/paper/frontier_debug_selective_excess_over_control_kmeans_profile_inh_0.5_smooth3.csv,1396,742055bc67887c96d28193d8805fd4ed7979d3cbb8ccb4b4920e73e2f04d5c2a
results/paper/frontier_debug_selective_excess_over_control_kmeans_profile_inh_0.5_smooth5.csv,1395,4f41213b9c3ff68ffe8f35f427f434cacac11490d9e1fd1538e479aabe328c4a
results/paper/frontier_debug_selective_excess_over_control_kmeans_profile_inh_0.6_smooth1.csv,1387,140d7f8360e39e8adf70e29f61af3ed6f77e88fe44be497c06ccd051c73ce330
results/paper/frontier_debug_selective_excess_over_control_kmeans_profile_inh_0.6_smooth2.csv,1386,d4a3691455758f71ed5af1b02cf716ea5dbe3709621abaee84270db5177107a6
results/paper/frontier_debug_selective_excess_over_control_kmeans_profile_inh_0.6_smooth3.csv,1385,05fb8b27f71082a0fc94f4aa9dddf4c8e089cee7eacf3f6ec8821aa65ffb9905
results/paper/frontier_debug_selective_excess_over_control_kmeans_profile_inh_0.6_smooth5.csv,1384,818f8feea8df39f49aef8b43b9e97a882a1c1aa7094277357a643cf31a7ab920
results/paper/frontier_debug_selective_excess_over_control_kmeans_profile_inh_0.7_smooth1.csv,1442,0363caaf56d9a3beea41e7d2fcec5a5d37df04d942f2a36cfe6fa675dd3c8768
results/paper/frontier_debug_selective_excess_over_control_kmeans_profile_inh_0.7_smooth2.csv,1440,74dcd5a7d8f48bd1c97bab667e6b306b9251b3ef74f4420738e8330701e7f41d
results/paper/frontier_debug_selective_excess_over_control_kmeans_profile_inh_0.7_smooth3.csv,1439,29f39622597af3ec17a60c2609e171b847e9a5ab511a0d07e53a1835b5b90e30
results/paper/frontier_debug_selective_excess_over_control_kmeans_profile_inh_0.7_smooth5.csv,1445,cb61b4341ce43ce392ebd034f2e941043bd3c74c35f3c8464705eb8dff310451
results/paper/frontier_debug_selective_excess_over_control_kmeans_profile_inh_0.8_smooth1.csv,1394,9c3626e9a5dc205691340ee88fa3c09f2b8d696b20e8d3fba09757453a8338ed
results/paper/frontier_debug_selective_excess_over_control_kmeans_profile_inh_0.8_smooth2.csv,1392,163e7ef5222903809c561778737911e83434418474df014cbededd137625c19d
results/paper/frontier_debug_selective_excess_over_control_kmeans_profile_inh_0.8_smooth3.csv,1391,06fe19ceec15db7f81584ff2ee4091fb1168813e55043908d5d19e43b8939d68
results/paper/frontier_debug_selective_excess_over_control_kmeans_profile_inh_0.8_smooth5.csv,1390,bb1f3a0c9a63e7e407ade2dfbf287ef02b0bc9ae66b8721596119110ee118b69
results/paper/frontier_debug_selective_excess_over_control_kmeans_profile_inh_0.9_smooth1.csv,1530,266fd7a56170a91be1f4d8e700179b21ca9c24bab259babd2a580fee902ea004
results/paper/frontier_debug_selective_excess_over_control_kmeans_profile_inh_0.9_smooth2.csv,1530,b0b9345892470f29a5ca48e59f1971f2644b5d0f3125b7990bf0a2fb9fd1a9e0
results/paper/frontier_debug_selective_excess_over_control_kmeans_profile_inh_0.9_smooth3.csv,1529,fc4b798dd1bc35aa32f67f3c687ae579467ad8ed4349be543e4a6bc8c9a998ca
results/paper/frontier_debug_selective_excess_over_control_kmeans_profile_inh_0.9_smooth5.csv,1528,fc1ccdbf49571b89f7afb74d7ae4b1605957b58f40c157ea924b5e0a695a6d59
results/paper/frontier_debug_selective_excess_over_control_kmeans_profile_inh_1.0_smooth1.csv,1305,ae9076e239eac68bed5badb44d6b2a380d3f73905b7da2fd119efd04ed5d0fa8
results/paper/frontier_debug_selective_excess_over_control_kmeans_profile_inh_1.0_smooth2.csv,1305,a45e766ac3e90c5f635b2c06615718836965f174b3c0509035b018f522985416
results/paper/frontier_debug_selective_excess_over_control_kmeans_profile_inh_1.0_smooth3.csv,1307,ba42bda76c025e4c172fd742267fb6ab45a976d22ca91105bd399290a2c2f237
results/paper/frontier_debug_selective_excess_over_control_kmeans_profile_inh_1.0_smooth5.csv,1309,ddc24e905339cfaff818f7e6acf09892eaaa02991d8ace1ae3f7c99108e2ac97
results/paper/frontier_debug_selective_excess_over_control_primary_no_kmeans_inh_0.1_smooth1.csv,1276,2caca743c9482ef6f6b6c8c96c3aa12366e0cb49b6794a30b7f3c04b8e056cf0
results/paper/frontier_debug_selective_excess_over_control_primary_no_kmeans_inh_0.1_smooth2.csv,1274,919647a3097588cd40d3c5132ff8f20104e51c1ec602be1a1ce07466ed398473
results/paper/frontier_debug_selective_excess_over_control_primary_no_kmeans_inh_0.1_smooth3.csv,1272,58e5c93f8d4da7f179b8e9ef521ba2f2acb32cf949be1178aa92a86b4cea6bff
results/paper/frontier_debug_selective_excess_over_control_primary_no_kmeans_inh_0.1_smooth5.csv,1268,b607642f884102fec3349cd0bc1e1b354e74ba5c22c4beda367fd5d6f95ddf23
results/paper/frontier_debug_selective_excess_over_control_primary_no_kmeans_inh_0.2_smooth1.csv,1264,8323aa0a820de5e1c3996c4f9d6e3bc12a23b736217341677fced0f35f772564
results/paper/frontier_debug_selective_excess_over_control_primary_no_kmeans_inh_0.2_smooth2.csv,1263,52c99fde1ec0030f06d19418372bcf4b428c2847cf10eea6ff90c7e5a72656d7
results/paper/frontier_debug_selective_excess_over_control_primary_no_kmeans_inh_0.2_smooth3.csv,1262,5b4c771418b73a68b72e2924d632a4f0b1de70274394ef8c3465a600aeb14056
results/paper/frontier_debug_selective_excess_over_control_primary_no_kmeans_inh_0.2_smooth5.csv,1260,45d83691bf304dadd7a6bc61bdccec62e9937e930d3bb7b93811bb5d29e8f2e2
results/paper/frontier_debug_selective_excess_over_control_primary_no_kmeans_inh_0.3_smooth1.csv,1277,abd6726608f043abe6447f7e10bba89c4a094a7115a4dc001f9b16c102eb75b6
results/paper/frontier_debug_selective_excess_over_control_primary_no_kmeans_inh_0.3_smooth2.csv,1276,aed0588783c3b39c09c01a0ef9398bb42e0d46d66e7297d5b90491d9ba4defa2
results/paper/frontier_debug_selective_excess_over_control_primary_no_kmeans_inh_0.3_smooth3.csv,1275,45d34924b488a67f03faa52d2a32ceb2f9901032ee7fda08b5d9a9b417a479f9
results/paper/frontier_debug_selective_excess_over_control_primary_no_kmeans_inh_0.3_smooth5.csv,1273,627a0acc1de025e9f2d921eaf95e2e7a6549ec3adc9cc074a028e6201aea32d3
results/paper/frontier_debug_selective_excess_over_control_primary_no_kmeans_inh_0.4_smooth1.csv,1262,39623fab9144cc015df8812ac1949d5a8f36d4b9c8b9665388d35321a6606a7e
results/paper/frontier_debug_selective_excess_over_control_primary_no_kmeans_inh_0.4_smooth2.csv,1260,44a247f47f07e84f6e0d703417cd3b60ecfe3c2f67098cc7e1167c38aa6a9fde
results/paper/frontier_debug_selective_excess_over_control_primary_no_kmeans_inh_0.4_smooth3.csv,1258,e9c976b9ce6a45a8c2bdf93ab11ef28e4969db23cdf8eb4a3c3921b1e68c90bd
results/paper/frontier_debug_selective_excess_over_control_primary_no_kmeans_inh_0.4_smooth5.csv,1254,f5442474cec2e9c60ceec0e40efc36410f49b5f541eedfaa46fa0660cb8ea66a
results/paper/frontier_debug_selective_excess_over_control_primary_no_kmeans_inh_0.5_smooth1.csv,1436,35ef7f5c517831a75e72a8636f3c99051db1f8eaabf3ea198ef7a86ca70cbcc3
results/paper/frontier_debug_selective_excess_over_control_primary_no_kmeans_inh_0.5_smooth2.csv,1435,e93fa0cc8bde4fdb64539bc2c2e8409b5f3cc8e49efc69a70975cf1f48a8cc6b
results/paper/frontier_debug_selective_excess_over_control_primary_no_kmeans_inh_0.5_smooth3.csv,1433,6320791efcd17927dd68201a1937e2af3450e1613001b9b42f53f398732acc3e
results/paper/frontier_debug_selective_excess_over_control_primary_no_kmeans_inh_0.5_smooth5.csv,1429,d8c9215b6b1eb6bc16d17eb2335706dc3bc2c3bc905a53a722fe626c6cdddb11
results/paper/frontier_debug_selective_excess_over_control_primary_no_kmeans_inh_0.6_smooth1.csv,1548,c90522cc01c3021414b0ebcfaad4d3b800503d6b285ea2928f96c905c763c68f
results/paper/frontier_debug_selective_excess_over_control_primary_no_kmeans_inh_0.6_smooth2.csv,1548,4160c736fc415827af589e60c9e9193187c80e3d4724f28dc02ee59b320248e2
results/paper/frontier_debug_selective_excess_over_control_primary_no_kmeans_inh_0.6_smooth3.csv,1548,f5e9153f60d77c8969c9456333d8b6ae691d97803aa422686dd7497d6ddbd276
results/paper/frontier_debug_selective_excess_over_control_primary_no_kmeans_inh_0.6_smooth5.csv,1548,4d1eb0eec228c8f44f92232265c9e81dabf19b10bcee31524cafa5b507a20462
results/paper/frontier_debug_selective_excess_over_control_primary_no_kmeans_inh_0.7_smooth1.csv,1536,2220b303a2af59c1406ecc33cd11f403fc612d60e6848e50f51267fd5d2f268f
results/paper/frontier_debug_selective_excess_over_control_primary_no_kmeans_inh_0.7_smooth2.csv,1533,d71e5007f9c9003d9dc59e6695c81ab52337d15b300cac0e0726cddf4dcb93a5
results/paper/frontier_debug_selective_excess_over_control_primary_no_kmeans_inh_0.7_smooth3.csv,1530,62bbf82c70ed78b2f1c2f53d36d29a2cf0903aa4eb00cb8ddf0c43ac08186188
results/paper/frontier_debug_selective_excess_over_control_primary_no_kmeans_inh_0.7_smooth5.csv,1527,8fa5efd72a00a16d09b67ab693ac4ec276e4d50aa687b21cc778aebac4390aa0
results/paper/frontier_debug_selective_excess_over_control_primary_no_kmeans_inh_0.8_smooth1.csv,1873,345349452ccfb09e8423bf765de384f4d6b4d87dcff7bf0c2d89deee33fffbdc
results/paper/frontier_debug_selective_excess_over_control_primary_no_kmeans_inh_0.8_smooth2.csv,1872,7ccda93bd8590f5fce10ebdc1219a3ccc80901e2efce5256773afe360297212b
results/paper/frontier_debug_selective_excess_over_control_primary_no_kmeans_inh_0.8_smooth3.csv,1871,8c683fb7e5a138548a0dddc10dc742d98cea0ee070868f848799d10e0828ad25
results/paper/frontier_debug_selective_excess_over_control_primary_no_kmeans_inh_0.8_smooth5.csv,1869,4faeb050ec9887375f9f9c8f5b1a89af8d47fa8e7da32c01d47d8f7ebf88d1f7
results/paper/frontier_debug_selective_excess_over_control_primary_no_kmeans_inh_0.9_smooth1.csv,2104,fcccc1a459fad0e47674c253aef949d5013767188c657c571fc8b547893c1598
results/paper/frontier_debug_selective_excess_over_control_primary_no_kmeans_inh_0.9_smooth2.csv,2104,6b0dd1d11b272fceeb4ac20d430c437122eafaa221cd2cbbe770782dcbdf837a
results/paper/frontier_debug_selective_excess_over_control_primary_no_kmeans_inh_0.9_smooth3.csv,2103,15a811775ed38499c0db7a20290aefc563d2720dfb5105df1ba43af8aa4e3265
results/paper/frontier_debug_selective_excess_over_control_primary_no_kmeans_inh_0.9_smooth5.csv,2103,4d1d84566c5aceccac55bedd3aa26025aac2d27ef43abf265032bbe5b3c9debf
results/paper/frontier_debug_selective_excess_over_control_primary_no_kmeans_inh_1.0_smooth1.csv,1734,f850bd9e8ef2433c08d2f202e6832dbaf18df101618b5f5f06f80fa16bd18a34
results/paper/frontier_debug_selective_excess_over_control_primary_no_kmeans_inh_1.0_smooth2.csv,1733,105e43b9bdac64d2f7753e5cd805c3032a85257507748b8f7bf25c6c6ef6aee5
results/paper/frontier_debug_selective_excess_over_control_primary_no_kmeans_inh_1.0_smooth3.csv,1732,fcd65ed35cc3da2fe341438a5b53a9c4a3d5bbc2d078b322abfe7ba6ed41288f
results/paper/frontier_debug_selective_excess_over_control_primary_no_kmeans_inh_1.0_smooth5.csv,1730,43bbfb6b960ed6674e381ccd83a67f3fccbf1bce4368117919e7482b9bb0f2e8
results/paper/frontier_debug_selective_mean_future_fitness_all_methods_inh_0.1_smooth1.csv,1174,b3d5de399c62d88c4fa23d8488ee7070f7293ba4a0caecfce16320581ee78cdf
results/paper/frontier_debug_selective_mean_future_fitness_all_methods_inh_0.1_smooth2.csv,1174,d8dfd7b0acaa68229b9a9fae9bd63f3cdb69bc916fc0ee9cdbd145d275b1077a
results/paper/frontier_debug_selective_mean_future_fitness_all_methods_inh_0.1_smooth3.csv,1174,741132c810930b17b923491bd0fa6317f31080e8ff9129ac927538376dd969cb
results/paper/frontier_debug_selective_mean_future_fitness_all_methods_inh_0.1_smooth5.csv,1183,69a9610b0567746d30d96426eaa726b35d125a0ad0ab56049864305a1e550d15
results/paper/frontier_debug_selective_mean_future_fitness_all_methods_inh_0.2_smooth1.csv,1334,3887467b4ad96f791f86ffb67f356b264ce647fb03e30d96338ff2a2d38be043
results/paper/frontier_debug_selective_mean_future_fitness_all_methods_inh_0.2_smooth2.csv,1333,27b24f83bcaa2bba60ae2306554fd092ccf2725e33256690825cbc8ea5b26b0d
results/paper/frontier_debug_selective_mean_future_fitness_all_methods_inh_0.2_smooth3.csv,1332,2502ab894d480818105a5b7c11ab919516d56ba5281774dabbb58c3db2e61ae2
results/paper/frontier_debug_selective_mean_future_fitness_all_methods_inh_0.2_smooth5.csv,1331,469ec4fcf8aefc0949510eb0a0efea736db21a4efd24a46f8a2dd5f4cd1be063
results/paper/frontier_debug_selective_mean_future_fitness_all_methods_inh_0.3_smooth1.csv,1292,234896a2c31324c7a425bf535c98b2d597aa434e55c3dfb537c4267edbccfdc4
results/paper/frontier_debug_selective_mean_future_fitness_all_methods_inh_0.3_smooth2.csv,1293,ae9e228778ea1359b2714df95988e0843b2c51b27b7acdf1bb00eef41e6d47ca
results/paper/frontier_debug_selective_mean_future_fitness_all_methods_inh_0.3_smooth3.csv,1293,e90b22ee1ffe1a4c28ce9d957603ea4c4727eb374b018f7619d77840baa5133a
results/paper/frontier_debug_selective_mean_future_fitness_all_methods_inh_0.3_smooth5.csv,1297,7eb6d35b908111a2f5764fa66df1dad240341149973b8ff6fbc6d25944b14939
results/paper/frontier_debug_selective_mean_future_fitness_all_methods_inh_0.4_smooth1.csv,1150,850dc70fcc019195af45d1b83f6d97eef78dbd5117410d48222af4b2cde0596f
results/paper/frontier_debug_selective_mean_future_fitness_all_methods_inh_0.4_smooth2.csv,1145,1ce2fc6fefe42b08cc46844e0101a4b445f9eeda0ac24b0dd40ba582a8821917
results/paper/frontier_debug_selective_mean_future_fitness_all_methods_inh_0.4_smooth3.csv,1144,328dd3ab1c67872a5694281d775eff76150a81a06d6fe1e1f6d468e165837aef
results/paper/frontier_debug_selective_mean_future_fitness_all_methods_inh_0.4_smooth5.csv,1140,5cc9dda0668d9956aff7d706c39bd10e654cb09906be5a2f5015923b793ae666
results/paper/frontier_debug_selective_mean_future_fitness_all_methods_inh_0.5_smooth1.csv,1174,b84a339736a73b89dfe06f354124470622da705e71f939023784ccebe13db6c6
results/paper/frontier_debug_selective_mean_future_fitness_all_methods_inh_0.5_smooth2.csv,1173,80df1d81299bdccd827640273eb1dbb5e4fb2b395cd9496d8dc53f07074c5e8a
results/paper/frontier_debug_selective_mean_future_fitness_all_methods_inh_0.5_smooth3.csv,1172,96a21ce32b146aa48edc1205c9ba6a776bc3f8685c75a6ca5d9cc946dde89948
results/paper/frontier_debug_selective_mean_future_fitness_all_methods_inh_0.5_smooth5.csv,1172,f6b29a97cd6c238b1e9277cfbc774dafca533f68a48f179c304f1c1bb3520c49
results/paper/frontier_debug_selective_mean_future_fitness_all_methods_inh_0.6_smooth1.csv,1292,45deb703a0c6949e78c55ed994b49da71ea26178d54fc1590d0e8f2b563bb1b7
results/paper/frontier_debug_selective_mean_future_fitness_all_methods_inh_0.6_smooth2.csv,1298,bc2541eeab3d3b2ef2e304f134e73be8cdb160259912577e6110a53068aeee25
results/paper/frontier_debug_selective_mean_future_fitness_all_methods_inh_0.6_smooth3.csv,1297,06211c422bb8c10a76c951486c58e93af6b3f64e64d11e2870578db417634383
results/paper/frontier_debug_selective_mean_future_fitness_all_methods_inh_0.6_smooth5.csv,1297,e46cc70b7d43ad24bab254a10bfe831f6bc2f25afc592d32bce733ff03bc7462
results/paper/frontier_debug_selective_mean_future_fitness_all_methods_inh_0.7_smooth1.csv,1602,d70dd9d20d226abd5db8e3e273f54092a996222ef172628777213c947afba42e
results/paper/frontier_debug_selective_mean_future_fitness_all_methods_inh_0.7_smooth2.csv,1602,746c4fd7f1dc657ada0b857cc4cff390ac4859deb5f36c5b9b866f4eaf2eff3d
results/paper/frontier_debug_selective_mean_future_fitness_all_methods_inh_0.7_smooth3.csv,1601,722a4228ec88fb94b27ac9e17a897e918b43a0065a066a1893826f464d823881
results/paper/frontier_debug_selective_mean_future_fitness_all_methods_inh_0.7_smooth5.csv,1599,bc32fa614e6c98216d46735f6af9747b3d0d54962c8b654ac0e37a676f219f5b
results/paper/frontier_debug_selective_mean_future_fitness_all_methods_inh_0.8_smooth1.csv,1544,74459f640e0c3dc6b68d077b72f999f12ac3117a1448dbe360eb421342af8ae3
results/paper/frontier_debug_selective_mean_future_fitness_all_methods_inh_0.8_smooth2.csv,1543,13262f045e862ff8f77e1d32cfa089f7ca4480ae55645f0d7f26195c8546e1fe
results/paper/frontier_debug_selective_mean_future_fitness_all_methods_inh_0.8_smooth3.csv,1543,3c2463d4c051456f7dc78303d2dad3fc93f5d22cf21c440109400a7d226ea451
results/paper/frontier_debug_selective_mean_future_fitness_all_methods_inh_0.8_smooth5.csv,1542,be1cba95897345f3d103c202844bfa8365f580abbc443ecdec0fb6170db3a5e6
results/paper/frontier_debug_selective_mean_future_fitness_all_methods_inh_0.9_smooth1.csv,1940,7952752161de6ec892744b59050f5a85da2c51dd850282aa805ae99818c103f4
results/paper/frontier_debug_selective_mean_future_fitness_all_methods_inh_0.9_smooth2.csv,1940,b623d4f495d1bf248fde72509c9ea239c1b45ec8ce57dbbcb8982f5ca1f1b2c5
results/paper/frontier_debug_selective_mean_future_fitness_all_methods_inh_0.9_smooth3.csv,1940,407af859cfb018744edc157da9ea972a11af16b21bbec9df75536f5fc0aa5253
results/paper/frontier_debug_selective_mean_future_fitness_all_methods_inh_0.9_smooth5.csv,1940,c7f3d695b4f1f3d7a825cb4d76886f4248141bf71de46c5bcee846ef7ae74c77
results/paper/frontier_debug_selective_mean_future_fitness_all_methods_inh_1.0_smooth1.csv,1657,e70448ea5d89c9d3d241f8c15c94da07eee9de0e0f524d8d1bb3a07a2db202aa
results/paper/frontier_debug_selective_mean_future_fitness_all_methods_inh_1.0_smooth2.csv,1653,12afa6fc512d9e281a9c22b04358e4dff4a74e10ec0556e6265fd05f106f905b
results/paper/frontier_debug_selective_mean_future_fitness_all_methods_inh_1.0_smooth3.csv,1649,d8de84b1a92c5c8de1fe816fc87bed591198b6664b817251134e7442206bfc00
results/paper/frontier_debug_selective_mean_future_fitness_all_methods_inh_1.0_smooth5.csv,1641,8b8dee2d81b566a3e3d6969b66d438f507d77644395923fb57a37b64b5d089be
results/paper/frontier_debug_selective_mean_future_fitness_inh_0.1_smooth1.csv,1239,79bcc9a2ba72cc13088e7e1ba0c02a18225ca571656586e7ec688cbda10234f4
results/paper/frontier_debug_selective_mean_future_fitness_inh_0.2_smooth1.csv,1387,ea122cee92374384e37b36213fecc84f9766b281b98a2481fe1d9620126cb0d8
results/paper/frontier_debug_selective_mean_future_fitness_inh_0.3_smooth1.csv,1386,30c0a29bc9f93ffee2ff371dd335accf773d124ae8bdafcea1803ca41f03a0b2
results/paper/frontier_debug_selective_mean_future_fitness_inh_0.4_smooth1.csv,1207,80059bf8c257fff1a2ff36c5aa7c1d5ef14c4ad52c23872a002871b6a7216115
results/paper/frontier_debug_selective_mean_future_fitness_inh_0.5_smooth1.csv,1253,4b1c665612e1cee58d196cdcc04d8b36c175a1573ec74bdcf37850698154d900
results/paper/frontier_debug_selective_mean_future_fitness_inh_0.6_smooth1.csv,1356,800802873e15a6e56ec96e7351a003416f9a61a3b5f74883fec3867735805ba6
results/paper/frontier_debug_selective_mean_future_fitness_inh_0.7_smooth1.csv,1770,4311be2fd5bebe88c6b758f9586491770f5af0b3d4c1622413e4f20a9301ad6a
results/paper/frontier_debug_selective_mean_future_fitness_inh_0.8_smooth1.csv,1650,76ae8b54b902b9d8feaec93a7dc8f47792a8d7e0419bd94980f049273b1fe261
results/paper/frontier_debug_selective_mean_future_fitness_inh_0.9_smooth1.csv,2018,8c163a687bedec438ca8a22be1dc8de15b407da9f25f862f436a0a24593af45e
results/paper/frontier_debug_selective_mean_future_fitness_inh_1.0_smooth1.csv,1828,3e87103736a6ce626897be53fc6057149021141a5ab2d1d59c797fb170ca8969
results/paper/frontier_debug_selective_mean_future_fitness_kmeans_profile_inh_0.1_smooth1.csv,1228,4a921ef59129f2e5442101f7abc2f0e087bfcb054c9df2646e84129856ce5404
results/paper/frontier_debug_selective_mean_future_fitness_kmeans_profile_inh_0.1_smooth2.csv,1229,2954d571681d181cfdc204447ae152ec1d3a15b03d82d976d62b485660f92e73
results/paper/frontier_debug_selective_mean_future_fitness_kmeans_profile_inh_0.1_smooth3.csv,1229,7abb52719592572cf1ad17c193175297dc6ed4d6406dde4a8f28adf3910ab70a
results/paper/frontier_debug_selective_mean_future_fitness_kmeans_profile_inh_0.1_smooth5.csv,1238,71bff4a455965667fe4a7887405407db619223f87e736e154736ab13480f23e4
results/paper/frontier_debug_selective_mean_future_fitness_kmeans_profile_inh_0.2_smooth1.csv,1184,1ef767166fbdc6b103d22b42ad6df8d14f8fd0c59e0b64cbb3c92321693a7161
results/paper/frontier_debug_selective_mean_future_fitness_kmeans_profile_inh_0.2_smooth2.csv,1183,4d4dcb41c4964a1ea2441d0da2d96b96f1b00ddb16ecc6800b17818a95962243
results/paper/frontier_debug_selective_mean_future_fitness_kmeans_profile_inh_0.2_smooth3.csv,1182,bc05bc6ce3da73bd7188a7214909cd2c6c0d904eca78f985a5425907f6c8a5bd
results/paper/frontier_debug_selective_mean_future_fitness_kmeans_profile_inh_0.2_smooth5.csv,1181,8687d9d6b219920b27919a75bd9321b0c6e7a9c7e8e423e43a8c1223b6117ed4
results/paper/frontier_debug_selective_mean_future_fitness_kmeans_profile_inh_0.3_smooth1.csv,1283,149ed8529b677cd53bef23ad9e459d6df2cb5130d4a68ad1ee5eed5c014ef23d
results/paper/frontier_debug_selective_mean_future_fitness_kmeans_profile_inh_0.3_smooth2.csv,1284,2dd98f89bd3318ea341a8bc3436db7de4d7aabb41705d67d72677dac8d0feaff
results/paper/frontier_debug_selective_mean_future_fitness_kmeans_profile_inh_0.3_smooth3.csv,1284,a04894ed8831160685643f4df4b67aa3853c66037e20a2c7ff59e6d6461836c9
results/paper/frontier_debug_selective_mean_future_fitness_kmeans_profile_inh_0.3_smooth5.csv,1288,0d0d12bc99bc84ce1035a477effd7e7c8411ff977d8c41e149d98500ea916a11
results/paper/frontier_debug_selective_mean_future_fitness_kmeans_profile_inh_0.4_smooth1.csv,1077,b7b3b4e8b46b34f57a31ec6fa181fc7918f70e373358667fd979c7973a3482ca
results/paper/frontier_debug_selective_mean_future_fitness_kmeans_profile_inh_0.4_smooth2.csv,1072,0b4dfbc2ee68f498bd8b4a02c92dde093c94d117ec7fda2eae1144a38427d056
results/paper/frontier_debug_selective_mean_future_fitness_kmeans_profile_inh_0.4_smooth3.csv,1071,74b2c3cb954c5c29bdda7aa878873ecd6bd04631ce527c8568affe540ab8dea9
results/paper/frontier_debug_selective_mean_future_fitness_kmeans_profile_inh_0.4_smooth5.csv,1067,20808812524b14beb391e95057c85d59f7008c40db1b9fb7ff5c76817f40697b
results/paper/frontier_debug_selective_mean_future_fitness_kmeans_profile_inh_0.5_smooth1.csv,1172,122f3eab13fde80d5eb7b87fcfbbf99ce1696ec71a17f308a515f5bf1c496fbd
results/paper/frontier_debug_selective_mean_future_fitness_kmeans_profile_inh_0.5_smooth2.csv,1171,7788aa3e25a2d7fb7589fbccecf3a796dd15a909d451f59856893ef89d1876bd
results/paper/frontier_debug_selective_mean_future_fitness_kmeans_profile_inh_0.5_smooth3.csv,1170,ee80370caa082407695aea2f940e8af437c7b887b983666f26e9ba4a12dcd7f1
results/paper/frontier_debug_selective_mean_future_fitness_kmeans_profile_inh_0.5_smooth5.csv,1170,7645c81e816dd038699ccb7136004d6a826d48b802ca89ed880653ca94f744b8
results/paper/frontier_debug_selective_mean_future_fitness_kmeans_profile_inh_0.6_smooth1.csv,1344,668f6d1a2b9e3606527dd708713a0b6a7ca7b95c8d8749f39542b2dbb8330b44
results/paper/frontier_debug_selective_mean_future_fitness_kmeans_profile_inh_0.6_smooth2.csv,1344,fce23e2e7ab39d62bbb22249ad72a3c5f02d9e4e250bbc7071c3d26168242052
results/paper/frontier_debug_selective_mean_future_fitness_kmeans_profile_inh_0.6_smooth3.csv,1343,b59a50d97998c56c305fa8591ff1599dd62f25982a85e7f15e44694d6dfdc4d4
results/paper/frontier_debug_selective_mean_future_fitness_kmeans_profile_inh_0.6_smooth5.csv,1343,d248915fd6db096a91aaee6f098a5720787928975c9727284099489dc2d92a9d
results/paper/frontier_debug_selective_mean_future_fitness_kmeans_profile_inh_0.7_smooth1.csv,1276,4a9c2cfcf3066b3b8bb21270bb4f389593609d1eb465c051c7da2f23971e7e1b
results/paper/frontier_debug_selective_mean_future_fitness_kmeans_profile_inh_0.7_smooth2.csv,1276,85a347259502944847e3c43b9b7ff7bac8cb0fd6ff8800a0870f12fd5bc3304d
results/paper/frontier_debug_selective_mean_future_fitness_kmeans_profile_inh_0.7_smooth3.csv,1276,dfe67a93d547c4bd74a4afc056f3377536dbf7d2e805cb4f05f7ec6b2f6018b5
results/paper/frontier_debug_selective_mean_future_fitness_kmeans_profile_inh_0.7_smooth5.csv,1278,cb41f92ee05c426aeb5d62c51a00120e450e96b17ec279fcbe00b648c153befe
results/paper/frontier_debug_selective_mean_future_fitness_kmeans_profile_inh_0.8_smooth1.csv,1245,9a9b279589f6979bb080e71baf1226082bf2eb28bb0303d23689e90eff112c52
results/paper/frontier_debug_selective_mean_future_fitness_kmeans_profile_inh_0.8_smooth2.csv,1245,12d26d9b5353b994ab23b32635cd40441c19ebb6ce4f714d6765edbe5b793644
results/paper/frontier_debug_selective_mean_future_fitness_kmeans_profile_inh_0.8_smooth3.csv,1246,f4d3cc7f9de3af31226888615856963853868f455454b497ed7c8220eb7d28d9
results/paper/frontier_debug_selective_mean_future_fitness_kmeans_profile_inh_0.8_smooth5.csv,1247,26093238eb4fdc207e80a2c1aefe76c57b583ae48c9691771810881f19bb7639
results/paper/frontier_debug_selective_mean_future_fitness_kmeans_profile_inh_0.9_smooth1.csv,1511,fa939865c47a20acdd5273f84f130b9ccd89095c82d0b75644d399650cae7720
results/paper/frontier_debug_selective_mean_future_fitness_kmeans_profile_inh_0.9_smooth2.csv,1510,002293221a5fd18a20d0bcbe47474c86fef77511847c050c647fdda58a1c8846
results/paper/frontier_debug_selective_mean_future_fitness_kmeans_profile_inh_0.9_smooth3.csv,1509,10b044e3a97b720e3617ee14f0575c9797dc03bc1aa17f39a72253ec2a56ef7f
results/paper/frontier_debug_selective_mean_future_fitness_kmeans_profile_inh_0.9_smooth5.csv,1507,bd443eb277c52e6c8adde1b0779cddd7ea66b19dcb324fbb94ee464e09770db5
results/paper/frontier_debug_selective_mean_future_fitness_kmeans_profile_inh_1.0_smooth1.csv,1357,ade2192e106f14a30bf9b8d9f7a744d1376474482e5f37ab136b8b7e5e8f69e1
results/paper/frontier_debug_selective_mean_future_fitness_kmeans_profile_inh_1.0_smooth2.csv,1354,a6b2e75143bd424db9d3aa232fc93fa7cad01e0b80716b9781b339e429ed42bb
results/paper/frontier_debug_selective_mean_future_fitness_kmeans_profile_inh_1.0_smooth3.csv,1350,d580319c5c7e308825e5dd870b548ef7816a38740b421aa8fff1a437d749cda1
results/paper/frontier_debug_selective_mean_future_fitness_kmeans_profile_inh_1.0_smooth5.csv,1342,8e9b6dd74011de143539c9481b982a71e0510f8ba972cfcee9e5b2977f255079
results/paper/frontier_debug_selective_mean_future_fitness_primary_no_kmeans_inh_0.1_smooth1.csv,1239,79bcc9a2ba72cc13088e7e1ba0c02a18225ca571656586e7ec688cbda10234f4
results/paper/frontier_debug_selective_mean_future_fitness_primary_no_kmeans_inh_0.1_smooth2.csv,1239,2d393a98016863c58ce84d02b5b6545ac7062b3431592d73244d7fc95130bb1d
results/paper/frontier_debug_selective_mean_future_fitness_primary_no_kmeans_inh_0.1_smooth3.csv,1239,277cdf3dde7f0402375fe89989361cd258b22060badd4a7c04668b8d30aef619
results/paper/frontier_debug_selective_mean_future_fitness_primary_no_kmeans_inh_0.1_smooth5.csv,1239,11655e05b501e47f6990c334131992ba5bc9e2bf0504bff3d4377af5335595f9
results/paper/frontier_debug_selective_mean_future_fitness_primary_no_kmeans_inh_0.2_smooth1.csv,1387,ea122cee92374384e37b36213fecc84f9766b281b98a2481fe1d9620126cb0d8
results/paper/frontier_debug_selective_mean_future_fitness_primary_no_kmeans_inh_0.2_smooth2.csv,1387,1d942d5e72f27e825f26129ee30d79c33d5f75b04da35cb0065815c464a1c96c
results/paper/frontier_debug_selective_mean_future_fitness_primary_no_kmeans_inh_0.2_smooth3.csv,1387,6dd46eca0ee9f51c2d574d039bccbc0e810254316ca3cba8aeba6df650677465
results/paper/frontier_debug_selective_mean_future_fitness_primary_no_kmeans_inh_0.2_smooth5.csv,1389,7cf33f1e108769126011d33c3b590b093e3d4d8d35754e10b2b5af684383d1d2
results/paper/frontier_debug_selective_mean_future_fitness_primary_no_kmeans_inh_0.3_smooth1.csv,1386,30c0a29bc9f93ffee2ff371dd335accf773d124ae8bdafcea1803ca41f03a0b2
results/paper/frontier_debug_selective_mean_future_fitness_primary_no_kmeans_inh_0.3_smooth2.csv,1387,2a439e58f1b2cfd8b761912c8d4493506aaffc53909e884dd9a452d4cab54b6d
results/paper/frontier_debug_selective_mean_future_fitness_primary_no_kmeans_inh_0.3_smooth3.csv,1388,47429706322abad4a629d5b1d271125dd892e311070e5375a853fd8c5612a568
results/paper/frontier_debug_selective_mean_future_fitness_primary_no_kmeans_inh_0.3_smooth5.csv,1390,80d1eb92732a957f83aec028689b1510d0a3ad1368d1af9218b4aecb5ce60200
results/paper/frontier_debug_selective_mean_future_fitness_primary_no_kmeans_inh_0.4_smooth1.csv,1207,80059bf8c257fff1a2ff36c5aa7c1d5ef14c4ad52c23872a002871b6a7216115
results/paper/frontier_debug_selective_mean_future_fitness_primary_no_kmeans_inh_0.4_smooth2.csv,1207,5414a13f77d42a23250fe43e330b947fa17c48ab052c808c31567fb9f362a3ee
results/paper/frontier_debug_selective_mean_future_fitness_primary_no_kmeans_inh_0.4_smooth3.csv,1207,78d04220a900d76ef64503861534a1ad097af5b4461bd5195e45f483b0f3455c
results/paper/frontier_debug_selective_mean_future_fitness_primary_no_kmeans_inh_0.4_smooth5.csv,1213,d3b1d5744a59ecddf7e971e158fda107746791f881d2ff8fe31e6f6c92ad22c5
results/paper/frontier_debug_selective_mean_future_fitness_primary_no_kmeans_inh_0.5_smooth1.csv,1253,4b1c665612e1cee58d196cdcc04d8b36c175a1573ec74bdcf37850698154d900
results/paper/frontier_debug_selective_mean_future_fitness_primary_no_kmeans_inh_0.5_smooth2.csv,1252,4af1c453d26083c79443199c4d9c411593f7a400787268dcd7f243b324a3852a
results/paper/frontier_debug_selective_mean_future_fitness_primary_no_kmeans_inh_0.5_smooth3.csv,1251,a5428b01bee58144df02d3b66c3a8b512cf43464103b6e1c6f795cc2dd7f29eb
results/paper/frontier_debug_selective_mean_future_fitness_primary_no_kmeans_inh_0.5_smooth5.csv,1249,e8bf676ce42fc2df4f3093ddc17824a440bf0131b098c0f306f460dbda5f7da1
results/paper/frontier_debug_selective_mean_future_fitness_primary_no_kmeans_inh_0.6_smooth1.csv,1356,800802873e15a6e56ec96e7351a003416f9a61a3b5f74883fec3867735805ba6
results/paper/frontier_debug_selective_mean_future_fitness_primary_no_kmeans_inh_0.6_smooth2.csv,1363,4f43f62519daa1aeb358d205bf994fb1e900686ed84bafe126d1d3e42ba3f444
results/paper/frontier_debug_selective_mean_future_fitness_primary_no_kmeans_inh_0.6_smooth3.csv,1370,16d6b7a63872fe7f120d5d5752626234050b365decd2792aed5c0af5ca05316b
results/paper/frontier_debug_selective_mean_future_fitness_primary_no_kmeans_inh_0.6_smooth5.csv,1374,75ff1c433a2cfa39f75ffb690154ace897d56c5f00054e463d60a8cf8b00016b
results/paper/frontier_debug_selective_mean_future_fitness_primary_no_kmeans_inh_0.7_smooth1.csv,1770,4311be2fd5bebe88c6b758f9586491770f5af0b3d4c1622413e4f20a9301ad6a
results/paper/frontier_debug_selective_mean_future_fitness_primary_no_kmeans_inh_0.7_smooth2.csv,1770,393d10ea472411ff4677e771680a2ca52c7aeca607c927b6f0a450c810442e22
results/paper/frontier_debug_selective_mean_future_fitness_primary_no_kmeans_inh_0.7_smooth3.csv,1770,d1c9a5a272c3af551db143b366510782fc58126b9c916664cb10f55ff7e32a50
results/paper/frontier_debug_selective_mean_future_fitness_primary_no_kmeans_inh_0.7_smooth5.csv,1769,c178fecbf8a8fe63a4d75c07876c5c7445d553119768b6546212722440f47b9b
results/paper/frontier_debug_selective_mean_future_fitness_primary_no_kmeans_inh_0.8_smooth1.csv,1650,76ae8b54b902b9d8feaec93a7dc8f47792a8d7e0419bd94980f049273b1fe261
results/paper/frontier_debug_selective_mean_future_fitness_primary_no_kmeans_inh_0.8_smooth2.csv,1649,2698594b3c3730ff40306dbdba74e98958e5f6ff1c19fb6a462e8494a907e7fe
results/paper/frontier_debug_selective_mean_future_fitness_primary_no_kmeans_inh_0.8_smooth3.csv,1648,eb1827cb4c721b7626b4310559fe472b8f5342538250d2af496e590c1bd42029
results/paper/frontier_debug_selective_mean_future_fitness_primary_no_kmeans_inh_0.8_smooth5.csv,1646,b1b6defee1f0826dc6dd61e46a21ae113a8abe3cd0c99e32ca7e8bb945d7d05c
results/paper/frontier_debug_selective_mean_future_fitness_primary_no_kmeans_inh_0.9_smooth1.csv,2018,8c163a687bedec438ca8a22be1dc8de15b407da9f25f862f436a0a24593af45e
results/paper/frontier_debug_selective_mean_future_fitness_primary_no_kmeans_inh_0.9_smooth2.csv,2014,6cf3f949bea7f2c0d64c7900298ebe967ee5d09ece9ec23ce2a13937c8525bdc
results/paper/frontier_debug_selective_mean_future_fitness_primary_no_kmeans_inh_0.9_smooth3.csv,2010,740dc5ec985a0f6ba5bf56ff56df6f98a065d4242582d8424a25e811489645c7
results/paper/frontier_debug_selective_mean_future_fitness_primary_no_kmeans_inh_0.9_smooth5.csv,2002,28656272b81743eaebed8953e07bd1905950fb85b6029e7909ece2a143ab2aa9
results/paper/frontier_debug_selective_mean_future_fitness_primary_no_kmeans_inh_1.0_smooth1.csv,1828,3e87103736a6ce626897be53fc6057149021141a5ab2d1d59c797fb170ca8969
results/paper/frontier_debug_selective_mean_future_fitness_primary_no_kmeans_inh_1.0_smooth2.csv,1828,cfaa4481d689efdfa295d7e96d5364e47302025cb10ba97de16fdb73db930ff0
results/paper/frontier_debug_selective_mean_future_fitness_primary_no_kmeans_inh_1.0_smooth3.csv,1829,f5891a4cc2686c2d7d3bd927db365ec46b03dbf10b0ea91bd7354efa963f11a2
results/paper/frontier_debug_selective_mean_future_fitness_primary_no_kmeans_inh_1.0_smooth5.csv,1829,a8bdbe14d6e0b95628d6cffb2d193c5061ed70a58fcf408687a56310a7b0d50b
results/paper/frontier_debug_selective_negative_adjacency_state_entropy_all_methods_inh_0.1_smooth1.csv,1292,7dd4f878bae2f19621b08eec9dece1b61599f25f77f4866a29a0a78f40f94c2f
results/paper/frontier_debug_selective_negative_adjacency_state_entropy_all_methods_inh_0.1_smooth2.csv,1293,0f08eb22f07bf9a993764ee0ca55406e258ccfa08c0f8d7c6b6e18209bb5d945
results/paper/frontier_debug_selective_negative_adjacency_state_entropy_all_methods_inh_0.1_smooth3.csv,1293,a3ea9aed013eae4834ba68953b3401a5cd3caea45df5d68207d913902f2c73c0
results/paper/frontier_debug_selective_negative_adjacency_state_entropy_all_methods_inh_0.1_smooth5.csv,1293,1ac6fe97715b0e2e4e817e6343dd5431040e6db12216b1cd35d982d1e1a4045c
results/paper/frontier_debug_selective_negative_adjacency_state_entropy_all_methods_inh_0.2_smooth1.csv,1293,5581d38bb989fbca29ef9b75f70b00b8a0a639b281bc5c6cb86009752a7cc79a
results/paper/frontier_debug_selective_negative_adjacency_state_entropy_all_methods_inh_0.2_smooth2.csv,1293,5581d38bb989fbca29ef9b75f70b00b8a0a639b281bc5c6cb86009752a7cc79a
results/paper/frontier_debug_selective_negative_adjacency_state_entropy_all_methods_inh_0.2_smooth3.csv,1293,5581d38bb989fbca29ef9b75f70b00b8a0a639b281bc5c6cb86009752a7cc79a
results/paper/frontier_debug_selective_negative_adjacency_state_entropy_all_methods_inh_0.2_smooth5.csv,1293,5581d38bb989fbca29ef9b75f70b00b8a0a639b281bc5c6cb86009752a7cc79a
results/paper/frontier_debug_selective_negative_adjacency_state_entropy_all_methods_inh_0.3_smooth1.csv,1466,ace69456516050d5a37d1ab6edf24c40299396331958c6bebe120397ba1b3624
results/paper/frontier_debug_selective_negative_adjacency_state_entropy_all_methods_inh_0.3_smooth2.csv,1466,77c277be046370b9c4c719caa50bfc17a5bec0ef289dbdef91b3bae0eb97cf71
results/paper/frontier_debug_selective_negative_adjacency_state_entropy_all_methods_inh_0.3_smooth3.csv,1468,4d80fce1f6e896881517ed18d2721667f8c73fca1a9c643ee5b991bcc987f864
results/paper/frontier_debug_selective_negative_adjacency_state_entropy_all_methods_inh_0.3_smooth5.csv,1468,4d80fce1f6e896881517ed18d2721667f8c73fca1a9c643ee5b991bcc987f864
results/paper/frontier_debug_selective_negative_adjacency_state_entropy_all_methods_inh_0.4_smooth1.csv,1290,abb6a9e025f1d09e939d2bf28a4e74de1a4ce2af2ecc5511888152ce5f9d5bdb
results/paper/frontier_debug_selective_negative_adjacency_state_entropy_all_methods_inh_0.4_smooth2.csv,1291,89bc67846e79fbc1aa28318348e6b8223f8dadc409929b03e1a4f655d68ba9f4
results/paper/frontier_debug_selective_negative_adjacency_state_entropy_all_methods_inh_0.4_smooth3.csv,1291,89bc67846e79fbc1aa28318348e6b8223f8dadc409929b03e1a4f655d68ba9f4
results/paper/frontier_debug_selective_negative_adjacency_state_entropy_all_methods_inh_0.4_smooth5.csv,1291,89bc67846e79fbc1aa28318348e6b8223f8dadc409929b03e1a4f655d68ba9f4
results/paper/frontier_debug_selective_negative_adjacency_state_entropy_all_methods_inh_0.5_smooth1.csv,1288,5e34f54581d9e854a87d9f114f0d9c08e0d34d7285b68dbeb1f992157264672b
results/paper/frontier_debug_selective_negative_adjacency_state_entropy_all_methods_inh_0.5_smooth2.csv,1288,c3426e7d0966978a14529ddca6ecde401e33f751049468420aa71b46192a38a6
results/paper/frontier_debug_selective_negative_adjacency_state_entropy_all_methods_inh_0.5_smooth3.csv,1288,c3426e7d0966978a14529ddca6ecde401e33f751049468420aa71b46192a38a6
results/paper/frontier_debug_selective_negative_adjacency_state_entropy_all_methods_inh_0.5_smooth5.csv,1288,c3426e7d0966978a14529ddca6ecde401e33f751049468420aa71b46192a38a6
results/paper/frontier_debug_selective_negative_adjacency_state_entropy_all_methods_inh_0.6_smooth1.csv,1300,0a31076c32a4a8af1128e22c328619a7804dc1980088ef1c35e0ff20dc3cd5d5
results/paper/frontier_debug_selective_negative_adjacency_state_entropy_all_methods_inh_0.6_smooth2.csv,1301,745835666f75927bcffe016b59eaac3001603428da75e9c2cf5ce2bda32f7852
results/paper/frontier_debug_selective_negative_adjacency_state_entropy_all_methods_inh_0.6_smooth3.csv,1301,745835666f75927bcffe016b59eaac3001603428da75e9c2cf5ce2bda32f7852
results/paper/frontier_debug_selective_negative_adjacency_state_entropy_all_methods_inh_0.6_smooth5.csv,1301,745835666f75927bcffe016b59eaac3001603428da75e9c2cf5ce2bda32f7852
results/paper/frontier_debug_selective_negative_adjacency_state_entropy_all_methods_inh_0.7_smooth1.csv,1612,5296c1d6b9ada363ef142b759613108564feabf78400f37946df0caf66408bbc
results/paper/frontier_debug_selective_negative_adjacency_state_entropy_all_methods_inh_0.7_smooth2.csv,1612,0b20c1267830adacd258c4342df4b6c799a2033adef9c2fee1ef4d70c1ee8fd0
results/paper/frontier_debug_selective_negative_adjacency_state_entropy_all_methods_inh_0.7_smooth3.csv,1612,a2e22c380a55afc4c65a5249930f500e97c97c2ea282ac32097758a85a78daf3
results/paper/frontier_debug_selective_negative_adjacency_state_entropy_all_methods_inh_0.7_smooth5.csv,1612,4bd17b6edf69803b923ecbc3cb5134206488a4f101abea74b3c1be901f1d17f6
results/paper/frontier_debug_selective_negative_adjacency_state_entropy_all_methods_inh_0.8_smooth1.csv,1757,c6d983f679024cb237db53220e216f95f483996e2cf5f1e98bbef2a1f8d2de00
results/paper/frontier_debug_selective_negative_adjacency_state_entropy_all_methods_inh_0.8_smooth2.csv,1757,60a618778f27f5fec6b74619712df134b2785bacc4d06f043932a2ca52eefa66
results/paper/frontier_debug_selective_negative_adjacency_state_entropy_all_methods_inh_0.8_smooth3.csv,1757,0e8a6c4497149661066c8c7e2e65a203e5bdb68cb0ebc19e4144031dcabacf29
results/paper/frontier_debug_selective_negative_adjacency_state_entropy_all_methods_inh_0.8_smooth5.csv,1757,0d5c3531f4c47392c3419b0dafa6097705775656340431f2075df180543f259b
results/paper/frontier_debug_selective_negative_adjacency_state_entropy_all_methods_inh_0.9_smooth1.csv,1930,6ae81802e30843cfe95e67ae56a2dd360e131d8eda47774afaf6ef2fa0a7d5ac
results/paper/frontier_debug_selective_negative_adjacency_state_entropy_all_methods_inh_0.9_smooth2.csv,1931,4066f5c09bd37a9e89573f59435df74012dc1c982a809bb1da6747f422b264c1
results/paper/frontier_debug_selective_negative_adjacency_state_entropy_all_methods_inh_0.9_smooth3.csv,1931,4066f5c09bd37a9e89573f59435df74012dc1c982a809bb1da6747f422b264c1
results/paper/frontier_debug_selective_negative_adjacency_state_entropy_all_methods_inh_0.9_smooth5.csv,1931,4066f5c09bd37a9e89573f59435df74012dc1c982a809bb1da6747f422b264c1
results/paper/frontier_debug_selective_negative_adjacency_state_entropy_all_methods_inh_1.0_smooth1.csv,1890,195aabc714fbfd6da35ae6b034e0d9dc35a29464abe98220579469b75b520a17
results/paper/frontier_debug_selective_negative_adjacency_state_entropy_all_methods_inh_1.0_smooth2.csv,1889,a1f72e6a6de2e848fe1924ad14b1c50ce53495e9660c23ddc5f39c817240d65c
results/paper/frontier_debug_selective_negative_adjacency_state_entropy_all_methods_inh_1.0_smooth3.csv,1888,182e204edd180228815a7bc1cde500fb08d2ffd06a4f8c8ee76ab3243e3e61cf
results/paper/frontier_debug_selective_negative_adjacency_state_entropy_all_methods_inh_1.0_smooth5.csv,1886,4a2d95bf687f4a0c97e335dfc91bea50ba67260e39854673719004cc645d6c1e
results/paper/frontier_debug_selective_negative_adjacency_state_entropy_inh_0.1_smooth1.csv,1292,7dd4f878bae2f19621b08eec9dece1b61599f25f77f4866a29a0a78f40f94c2f
results/paper/frontier_debug_selective_negative_adjacency_state_entropy_inh_0.2_smooth1.csv,1270,69ad65d3c7fa68682cc2da83b158607fa77697b482ccac9e818f3029b65743f1
results/paper/frontier_debug_selective_negative_adjacency_state_entropy_inh_0.3_smooth1.csv,1466,ace69456516050d5a37d1ab6edf24c40299396331958c6bebe120397ba1b3624
results/paper/frontier_debug_selective_negative_adjacency_state_entropy_inh_0.4_smooth1.csv,1263,c3405e107a36186659f109e759f3c5d568548725a33901725d469aed48801b09
results/paper/frontier_debug_selective_negative_adjacency_state_entropy_inh_0.5_smooth1.csv,1302,655cb0ec216a6c78282347c5004c2294e519cd4d0e9db954e200d4599f3a8fda
results/paper/frontier_debug_selective_negative_adjacency_state_entropy_inh_0.6_smooth1.csv,1309,2ded9c3fc9d81307a248fc17183c806a384db8026feed0bf8b64fa1d3c3a2624
results/paper/frontier_debug_selective_negative_adjacency_state_entropy_inh_0.7_smooth1.csv,1613,afbb9a1e54fc40ad6749011ac6dfc57b7ef8c66075eeb298a82a10c32f21aab2
results/paper/frontier_debug_selective_negative_adjacency_state_entropy_inh_0.8_smooth1.csv,1767,aa54187b323ed50e3816ec2a0305630388adf6631331566e7caef488740938d6
results/paper/frontier_debug_selective_negative_adjacency_state_entropy_inh_0.9_smooth1.csv,1948,4d962ba9f217251393783e5ae608bac261909d4076c237b41d1e3a08ca759908
results/paper/frontier_debug_selective_negative_adjacency_state_entropy_inh_1.0_smooth1.csv,1896,fe16e8169bd922e17d36b1dffa2f4d05a250d5d88e0f65880d978a9c8c617fb8
results/paper/frontier_debug_selective_negative_adjacency_state_entropy_kmeans_profile_inh_0.1_smooth1.csv,1457,340e6dda6100e98a6241a4478d74305fe441d681faffdf074d0d398818cf64a2
results/paper/frontier_debug_selective_negative_adjacency_state_entropy_kmeans_profile_inh_0.1_smooth2.csv,1457,340e6dda6100e98a6241a4478d74305fe441d681faffdf074d0d398818cf64a2
results/paper/frontier_debug_selective_negative_adjacency_state_entropy_kmeans_profile_inh_0.1_smooth3.csv,1457,340e6dda6100e98a6241a4478d74305fe441d681faffdf074d0d398818cf64a2
results/paper/frontier_debug_selective_negative_adjacency_state_entropy_kmeans_profile_inh_0.1_smooth5.csv,1457,340e6dda6100e98a6241a4478d74305fe441d681faffdf074d0d398818cf64a2
results/paper/frontier_debug_selective_negative_adjacency_state_entropy_kmeans_profile_inh_0.2_smooth1.csv,1218,580acee5686e2a12fe8af66f913d45f0a595ee9aefbf55cab2fd287676f16fcf
results/paper/frontier_debug_selective_negative_adjacency_state_entropy_kmeans_profile_inh_0.2_smooth2.csv,1218,580acee5686e2a12fe8af66f913d45f0a595ee9aefbf55cab2fd287676f16fcf
results/paper/frontier_debug_selective_negative_adjacency_state_entropy_kmeans_profile_inh_0.2_smooth3.csv,1218,580acee5686e2a12fe8af66f913d45f0a595ee9aefbf55cab2fd287676f16fcf
results/paper/frontier_debug_selective_negative_adjacency_state_entropy_kmeans_profile_inh_0.2_smooth5.csv,1218,580acee5686e2a12fe8af66f913d45f0a595ee9aefbf55cab2fd287676f16fcf
results/paper/frontier_debug_selective_negative_adjacency_state_entropy_kmeans_profile_inh_0.3_smooth1.csv,1230,1f19359afe06b531506213ef91ec1f60baa42eb8daba67f72f1beb268c169d31
results/paper/frontier_debug_selective_negative_adjacency_state_entropy_kmeans_profile_inh_0.3_smooth2.csv,1230,727c2f5f984b302d90979b22f216d66a7cdfe2f373338c3ddc05fa0a083b5f6b
results/paper/frontier_debug_selective_negative_adjacency_state_entropy_kmeans_profile_inh_0.3_smooth3.csv,1230,727c2f5f984b302d90979b22f216d66a7cdfe2f373338c3ddc05fa0a083b5f6b
results/paper/frontier_debug_selective_negative_adjacency_state_entropy_kmeans_profile_inh_0.3_smooth5.csv,1230,727c2f5f984b302d90979b22f216d66a7cdfe2f373338c3ddc05fa0a083b5f6b
results/paper/frontier_debug_selective_negative_adjacency_state_entropy_kmeans_profile_inh_0.4_smooth1.csv,1226,14e19d207ea5057a532079371eb52fb754d3a745fa717e03764b1d4dc35c2d06
results/paper/frontier_debug_selective_negative_adjacency_state_entropy_kmeans_profile_inh_0.4_smooth2.csv,1226,fad670bec8aae966c80778450864420b5d0441bbc9b4c93c6104f2bdf81d7d29
results/paper/frontier_debug_selective_negative_adjacency_state_entropy_kmeans_profile_inh_0.4_smooth3.csv,1226,fad670bec8aae966c80778450864420b5d0441bbc9b4c93c6104f2bdf81d7d29
results/paper/frontier_debug_selective_negative_adjacency_state_entropy_kmeans_profile_inh_0.4_smooth5.csv,1226,fad670bec8aae966c80778450864420b5d0441bbc9b4c93c6104f2bdf81d7d29
results/paper/frontier_debug_selective_negative_adjacency_state_entropy_kmeans_profile_inh_0.5_smooth1.csv,1225,9ec4c9ed57938c999fcc573b7aa4ba687d1b03ea1d285f42730b1282121a2534
results/paper/frontier_debug_selective_negative_adjacency_state_entropy_kmeans_profile_inh_0.5_smooth2.csv,1225,4a3c5d322f34f1fd8ab9f0d816876b83d07fc278a04c6bf2186e71aaf0a21b85
results/paper/frontier_debug_selective_negative_adjacency_state_entropy_kmeans_profile_inh_0.5_smooth3.csv,1225,4a3c5d322f34f1fd8ab9f0d816876b83d07fc278a04c6bf2186e71aaf0a21b85
results/paper/frontier_debug_selective_negative_adjacency_state_entropy_kmeans_profile_inh_0.5_smooth5.csv,1225,4a3c5d322f34f1fd8ab9f0d816876b83d07fc278a04c6bf2186e71aaf0a21b85
results/paper/frontier_debug_selective_negative_adjacency_state_entropy_kmeans_profile_inh_0.6_smooth1.csv,1125,f5e2d034f11da5b1c1bf81ad8f8410e456a99598d8d0dc9c7696fa3aedeb84da
results/paper/frontier_debug_selective_negative_adjacency_state_entropy_kmeans_profile_inh_0.6_smooth2.csv,1125,f5e2d034f11da5b1c1bf81ad8f8410e456a99598d8d0dc9c7696fa3aedeb84da
results/paper/frontier_debug_selective_negative_adjacency_state_entropy_kmeans_profile_inh_0.6_smooth3.csv,1125,f5e2d034f11da5b1c1bf81ad8f8410e456a99598d8d0dc9c7696fa3aedeb84da
results/paper/frontier_debug_selective_negative_adjacency_state_entropy_kmeans_profile_inh_0.6_smooth5.csv,1125,f5e2d034f11da5b1c1bf81ad8f8410e456a99598d8d0dc9c7696fa3aedeb84da
results/paper/frontier_debug_selective_negative_adjacency_state_entropy_kmeans_profile_inh_0.7_smooth1.csv,1379,dd9b99674f5e421bfa5d9a294578dd85aec928850893b32bb5b348d099ec546b
results/paper/frontier_debug_selective_negative_adjacency_state_entropy_kmeans_profile_inh_0.7_smooth2.csv,1379,dd9b99674f5e421bfa5d9a294578dd85aec928850893b32bb5b348d099ec546b
results/paper/frontier_debug_selective_negative_adjacency_state_entropy_kmeans_profile_inh_0.7_smooth3.csv,1379,dd9b99674f5e421bfa5d9a294578dd85aec928850893b32bb5b348d099ec546b
results/paper/frontier_debug_selective_negative_adjacency_state_entropy_kmeans_profile_inh_0.7_smooth5.csv,1379,dd9b99674f5e421bfa5d9a294578dd85aec928850893b32bb5b348d099ec546b
results/paper/frontier_debug_selective_negative_adjacency_state_entropy_kmeans_profile_inh_0.8_smooth1.csv,1530,da80057e972611be90b52ed69a8103f9cf613fc2e7ff81cbd96cc8350858f6a8
results/paper/frontier_debug_selective_negative_adjacency_state_entropy_kmeans_profile_inh_0.8_smooth2.csv,1530,da80057e972611be90b52ed69a8103f9cf613fc2e7ff81cbd96cc8350858f6a8
results/paper/frontier_debug_selective_negative_adjacency_state_entropy_kmeans_profile_inh_0.8_smooth3.csv,1530,da80057e972611be90b52ed69a8103f9cf613fc2e7ff81cbd96cc8350858f6a8
results/paper/frontier_debug_selective_negative_adjacency_state_entropy_kmeans_profile_inh_0.8_smooth5.csv,1530,da80057e972611be90b52ed69a8103f9cf613fc2e7ff81cbd96cc8350858f6a8
results/paper/frontier_debug_selective_negative_adjacency_state_entropy_kmeans_profile_inh_0.9_smooth1.csv,1632,d52d39100b8a85da3bde9aed7a2729767093bd33ab473a2c99a89dde75f5618f
results/paper/frontier_debug_selective_negative_adjacency_state_entropy_kmeans_profile_inh_0.9_smooth2.csv,1633,17ac343a1415ac9dcfa27bf3552f7e89dd6b7ac7b6a42e50844dc42fe8c4722c
results/paper/frontier_debug_selective_negative_adjacency_state_entropy_kmeans_profile_inh_0.9_smooth3.csv,1634,1a0d1b1e4e0be928a54b386a5924e4a3a6f9db4a99c595e6403c11dae1ae7a4b
results/paper/frontier_debug_selective_negative_adjacency_state_entropy_kmeans_profile_inh_0.9_smooth5.csv,1634,1a0d1b1e4e0be928a54b386a5924e4a3a6f9db4a99c595e6403c11dae1ae7a4b
results/paper/frontier_debug_selective_negative_adjacency_state_entropy_kmeans_profile_inh_1.0_smooth1.csv,1519,cfa828ee432e1a3a4a0da33b36431f88de79f514e1af8eb7767d241d71543dc5
results/paper/frontier_debug_selective_negative_adjacency_state_entropy_kmeans_profile_inh_1.0_smooth2.csv,1521,d8348fdcd4eecccef651628f5539b406dd6958e717b2f13270f48d686634b0cf
results/paper/frontier_debug_selective_negative_adjacency_state_entropy_kmeans_profile_inh_1.0_smooth3.csv,1521,07ce5ee4af8fc9dbcd65ade3aaf9fc8001666ccab2d5a64adc5161ac9237824f
results/paper/frontier_debug_selective_negative_adjacency_state_entropy_kmeans_profile_inh_1.0_smooth5.csv,1521,952d306a147ea6ac405597af246d3de5883408efef1b13f684d08923de33efb7
results/paper/frontier_debug_selective_negative_adjacency_state_entropy_primary_no_kmeans_inh_0.1_smooth1.csv,1292,7dd4f878bae2f19621b08eec9dece1b61599f25f77f4866a29a0a78f40f94c2f
results/paper/frontier_debug_selective_negative_adjacency_state_entropy_primary_no_kmeans_inh_0.1_smooth2.csv,1293,0f08eb22f07bf9a993764ee0ca55406e258ccfa08c0f8d7c6b6e18209bb5d945
results/paper/frontier_debug_selective_negative_adjacency_state_entropy_primary_no_kmeans_inh_0.1_smooth3.csv,1293,a3ea9aed013eae4834ba68953b3401a5cd3caea45df5d68207d913902f2c73c0
results/paper/frontier_debug_selective_negative_adjacency_state_entropy_primary_no_kmeans_inh_0.1_smooth5.csv,1293,1ac6fe97715b0e2e4e817e6343dd5431040e6db12216b1cd35d982d1e1a4045c
results/paper/frontier_debug_selective_negative_adjacency_state_entropy_primary_no_kmeans_inh_0.2_smooth1.csv,1270,69ad65d3c7fa68682cc2da83b158607fa77697b482ccac9e818f3029b65743f1
results/paper/frontier_debug_selective_negative_adjacency_state_entropy_primary_no_kmeans_inh_0.2_smooth2.csv,1270,83d6f1ca9d242a79d2beb57a8790e40cc3a58fe20bc279cd2f30a8a9a7878d55
results/paper/frontier_debug_selective_negative_adjacency_state_entropy_primary_no_kmeans_inh_0.2_smooth3.csv,1270,83d6f1ca9d242a79d2beb57a8790e40cc3a58fe20bc279cd2f30a8a9a7878d55
results/paper/frontier_debug_selective_negative_adjacency_state_entropy_primary_no_kmeans_inh_0.2_smooth5.csv,1270,83d6f1ca9d242a79d2beb57a8790e40cc3a58fe20bc279cd2f30a8a9a7878d55
results/paper/frontier_debug_selective_negative_adjacency_state_entropy_primary_no_kmeans_inh_0.3_smooth1.csv,1466,ace69456516050d5a37d1ab6edf24c40299396331958c6bebe120397ba1b3624
results/paper/frontier_debug_selective_negative_adjacency_state_entropy_primary_no_kmeans_inh_0.3_smooth2.csv,1466,77c277be046370b9c4c719caa50bfc17a5bec0ef289dbdef91b3bae0eb97cf71
results/paper/frontier_debug_selective_negative_adjacency_state_entropy_primary_no_kmeans_inh_0.3_smooth3.csv,1468,4d80fce1f6e896881517ed18d2721667f8c73fca1a9c643ee5b991bcc987f864
results/paper/frontier_debug_selective_negative_adjacency_state_entropy_primary_no_kmeans_inh_0.3_smooth5.csv,1468,4d80fce1f6e896881517ed18d2721667f8c73fca1a9c643ee5b991bcc987f864
results/paper/frontier_debug_selective_negative_adjacency_state_entropy_primary_no_kmeans_inh_0.4_smooth1.csv,1263,c3405e107a36186659f109e759f3c5d568548725a33901725d469aed48801b09
results/paper/frontier_debug_selective_negative_adjacency_state_entropy_primary_no_kmeans_inh_0.4_smooth2.csv,1263,b86fdcd96f6396e8f8d4f3ed12c8ab14d2a43b6830def50e990d64e6d48e68ab
results/paper/frontier_debug_selective_negative_adjacency_state_entropy_primary_no_kmeans_inh_0.4_smooth3.csv,1265,b1d378481d7db0a0357dd4f1d9900dab737ece41aa7719eafbbed56ebaad5211
results/paper/frontier_debug_selective_negative_adjacency_state_entropy_primary_no_kmeans_inh_0.4_smooth5.csv,1265,b1d378481d7db0a0357dd4f1d9900dab737ece41aa7719eafbbed56ebaad5211
results/paper/frontier_debug_selective_negative_adjacency_state_entropy_primary_no_kmeans_inh_0.5_smooth1.csv,1302,655cb0ec216a6c78282347c5004c2294e519cd4d0e9db954e200d4599f3a8fda
results/paper/frontier_debug_selective_negative_adjacency_state_entropy_primary_no_kmeans_inh_0.5_smooth2.csv,1302,21e834883163bf0666fc17701cdb18ea142c151eb06b8479fcac8b5e2cc047df
results/paper/frontier_debug_selective_negative_adjacency_state_entropy_primary_no_kmeans_inh_0.5_smooth3.csv,1302,7e7172fd3d1d3df41a46d3c3732c3b2424ed1f127e549f6234b49085bc9ee48d
results/paper/frontier_debug_selective_negative_adjacency_state_entropy_primary_no_kmeans_inh_0.5_smooth5.csv,1302,b11cb23edc47550259c5278709f7c9596bcf57df68cf36b870552636e42bbefa
results/paper/frontier_debug_selective_negative_adjacency_state_entropy_primary_no_kmeans_inh_0.6_smooth1.csv,1309,2ded9c3fc9d81307a248fc17183c806a384db8026feed0bf8b64fa1d3c3a2624
results/paper/frontier_debug_selective_negative_adjacency_state_entropy_primary_no_kmeans_inh_0.6_smooth2.csv,1309,d52d2734316af9e7841b43e45aeea1b661002edb020db1b2f03d38e4f2a628e9
results/paper/frontier_debug_selective_negative_adjacency_state_entropy_primary_no_kmeans_inh_0.6_smooth3.csv,1309,d52d2734316af9e7841b43e45aeea1b661002edb020db1b2f03d38e4f2a628e9
results/paper/frontier_debug_selective_negative_adjacency_state_entropy_primary_no_kmeans_inh_0.6_smooth5.csv,1309,d52d2734316af9e7841b43e45aeea1b661002edb020db1b2f03d38e4f2a628e9
results/paper/frontier_debug_selective_negative_adjacency_state_entropy_primary_no_kmeans_inh_0.7_smooth1.csv,1613,afbb9a1e54fc40ad6749011ac6dfc57b7ef8c66075eeb298a82a10c32f21aab2
results/paper/frontier_debug_selective_negative_adjacency_state_entropy_primary_no_kmeans_inh_0.7_smooth2.csv,1613,a8bc0f3b9aa9736b0e755cc8d24197859c45f66526c7d5b1bf7f5b354e74161b
results/paper/frontier_debug_selective_negative_adjacency_state_entropy_primary_no_kmeans_inh_0.7_smooth3.csv,1614,4ece65d4f8e5ba96a99691f508dfca1e96d1aa6e5d22430bd88acf3b92e64c85
results/paper/frontier_debug_selective_negative_adjacency_state_entropy_primary_no_kmeans_inh_0.7_smooth5.csv,1615,2f4cae534c47312d3f12d211dd01294d86d988886afa1bd0a2b20f2139883009
results/paper/frontier_debug_selective_negative_adjacency_state_entropy_primary_no_kmeans_inh_0.8_smooth1.csv,1767,aa54187b323ed50e3816ec2a0305630388adf6631331566e7caef488740938d6
results/paper/frontier_debug_selective_negative_adjacency_state_entropy_primary_no_kmeans_inh_0.8_smooth2.csv,1767,840f8287ad2d21ca32ef5514455b2632a6e28f8c5b39c111334438549125baff
results/paper/frontier_debug_selective_negative_adjacency_state_entropy_primary_no_kmeans_inh_0.8_smooth3.csv,1767,772aef1d059dc1dfb4565a88d01cdcdd3eea8b923b057057ebe09a97f19becda
results/paper/frontier_debug_selective_negative_adjacency_state_entropy_primary_no_kmeans_inh_0.8_smooth5.csv,1767,adaf816810505c35da5d2b7d88c416c71d0adb1784c2dcc01b3533b933090af5
results/paper/frontier_debug_selective_negative_adjacency_state_entropy_primary_no_kmeans_inh_0.9_smooth1.csv,1948,4d962ba9f217251393783e5ae608bac261909d4076c237b41d1e3a08ca759908
results/paper/frontier_debug_selective_negative_adjacency_state_entropy_primary_no_kmeans_inh_0.9_smooth2.csv,1947,c05115e284d01d6c8f19b51549912f111f8732674c335b0ecb14ba4c4277d726
results/paper/frontier_debug_selective_negative_adjacency_state_entropy_primary_no_kmeans_inh_0.9_smooth3.csv,1947,c05115e284d01d6c8f19b51549912f111f8732674c335b0ecb14ba4c4277d726
results/paper/frontier_debug_selective_negative_adjacency_state_entropy_primary_no_kmeans_inh_0.9_smooth5.csv,1947,c05115e284d01d6c8f19b51549912f111f8732674c335b0ecb14ba4c4277d726
results/paper/frontier_debug_selective_negative_adjacency_state_entropy_primary_no_kmeans_inh_1.0_smooth1.csv,1896,fe16e8169bd922e17d36b1dffa2f4d05a250d5d88e0f65880d978a9c8c617fb8
results/paper/frontier_debug_selective_negative_adjacency_state_entropy_primary_no_kmeans_inh_1.0_smooth2.csv,1895,bcdce88aefeabc1586ab97ccbd46cf3c1f2f58d0accfcc2d9b58a5b49a12e0f1
results/paper/frontier_debug_selective_negative_adjacency_state_entropy_primary_no_kmeans_inh_1.0_smooth3.csv,1894,d471cc61d1a64b9cbb46571afe64ce20f0eca25364ae35bf78c9145a7e77202c
results/paper/frontier_debug_selective_negative_adjacency_state_entropy_primary_no_kmeans_inh_1.0_smooth5.csv,1892,b7a08fcf3a07ae7d6edbf2e2ba90eebeed515b2ab6a8f585055bb81798910b4d
results/paper/frontier_debug_selective_negative_fitness_distribution_entropy_all_methods_inh_0.1_smooth1.csv,1390,2e38ab7d12b82ac235a5964230f32c06d11573550ef6b44a99dcd921626ab909
results/paper/frontier_debug_selective_negative_fitness_distribution_entropy_all_methods_inh_0.1_smooth2.csv,1389,4f8bb389773bb752378a56acbd9cce59f86e5c96460944540c71c7e8fd67c562
results/paper/frontier_debug_selective_negative_fitness_distribution_entropy_all_methods_inh_0.1_smooth3.csv,1389,ae77346b02f8f677edfc3a23655d27d3b9934976f218277b3285c72769476b4e
results/paper/frontier_debug_selective_negative_fitness_distribution_entropy_all_methods_inh_0.1_smooth5.csv,1389,fd083b479943562d5c1c96cc119eb5b724464e1e6ba48d355ee314f825f2df57
results/paper/frontier_debug_selective_negative_fitness_distribution_entropy_all_methods_inh_0.2_smooth1.csv,1216,d766510737ea7970ccf34b36d49a014b6155a9e4249352be42a15264f4ecee72
results/paper/frontier_debug_selective_negative_fitness_distribution_entropy_all_methods_inh_0.2_smooth2.csv,1216,73de29db68799ddc54f8a53616300ebeb0e93fe7f6b9fc48c3b388db628ab281
results/paper/frontier_debug_selective_negative_fitness_distribution_entropy_all_methods_inh_0.2_smooth3.csv,1216,4b045078fc87f5d402a0f6c4af23fdb41b77c49b2122d195f3844e3ba2674338
results/paper/frontier_debug_selective_negative_fitness_distribution_entropy_all_methods_inh_0.2_smooth5.csv,1216,968cf41706f3ca2642b16d917ae0cfa3c2097e2edffa26263fa6965d76b61923
results/paper/frontier_debug_selective_negative_fitness_distribution_entropy_all_methods_inh_0.3_smooth1.csv,1207,b5cf56d42bf406f772062415f2d30b7b24715c8a502826eac346ffe4cb730ab5
results/paper/frontier_debug_selective_negative_fitness_distribution_entropy_all_methods_inh_0.3_smooth2.csv,1207,e3f3cfe55696fc7570e4e26ba3e5be40e29044614c2996a425d81eeafbf062c1
results/paper/frontier_debug_selective_negative_fitness_distribution_entropy_all_methods_inh_0.3_smooth3.csv,1207,0067da01f6907a4d85c1fddabd5e14e9acfe0a75ed37f75b71ef9526c8eab1b7
results/paper/frontier_debug_selective_negative_fitness_distribution_entropy_all_methods_inh_0.3_smooth5.csv,1207,943d06e1fc700e932aee80ad21c72497869e16bc887f4477a9ba626bde0c83e8
results/paper/frontier_debug_selective_negative_fitness_distribution_entropy_all_methods_inh_0.4_smooth1.csv,1219,f22120db83052a68e1ecdffb6533563d48e33d1f96c932cd0da0ee39172f99f7
results/paper/frontier_debug_selective_negative_fitness_distribution_entropy_all_methods_inh_0.4_smooth2.csv,1219,04f173a95753b6962363182847d085845352203d9e86bf00d18a3b79c12b3291
results/paper/frontier_debug_selective_negative_fitness_distribution_entropy_all_methods_inh_0.4_smooth3.csv,1219,49a6b6d3275228c08d41c7a3b7557e638f4c8f8621cc8a9b98f1dbeff103cbcc
results/paper/frontier_debug_selective_negative_fitness_distribution_entropy_all_methods_inh_0.4_smooth5.csv,1218,e19a7141cd3c287bc763e0ed09a94c903962b753b2d97be01972ae6b2ac7d5af
results/paper/frontier_debug_selective_negative_fitness_distribution_entropy_all_methods_inh_0.5_smooth1.csv,1373,79eee2f646f7acb9c110f5af201bd6012014500291aabeadb38e712aac9b0d8a
results/paper/frontier_debug_selective_negative_fitness_distribution_entropy_all_methods_inh_0.5_smooth2.csv,1374,2d4caebed1cd5f0751879b78e9bbd89e2a943ee59d97b3d45abe7b0696fd740b
results/paper/frontier_debug_selective_negative_fitness_distribution_entropy_all_methods_inh_0.5_smooth3.csv,1375,5e2e741d6aadbd23d2540a39df860b6c0a9f0f975c08cf669b698e1c2fc02c2d
results/paper/frontier_debug_selective_negative_fitness_distribution_entropy_all_methods_inh_0.5_smooth5.csv,1375,a5ee90c5d4ff860f7b9cc7cb0a39bbcc030be922ea3b755198584743ffe49537
results/paper/frontier_debug_selective_negative_fitness_distribution_entropy_all_methods_inh_0.6_smooth1.csv,1389,c6f9ba62cbd66f87271c431839578a861cec58b2c279d42b58ee126b00ee290c
results/paper/frontier_debug_selective_negative_fitness_distribution_entropy_all_methods_inh_0.6_smooth2.csv,1389,ab91a1e0d611aa7fe4103413fc000b77dabeb1335f5f04f0306cee5b98c3edfb
results/paper/frontier_debug_selective_negative_fitness_distribution_entropy_all_methods_inh_0.6_smooth3.csv,1388,412ae2672c44f5fea1ff7c07d5a2a1ac3c6e88a3fd8f3132881e6195339b67c7
results/paper/frontier_debug_selective_negative_fitness_distribution_entropy_all_methods_inh_0.6_smooth5.csv,1386,2267359c5f46c28ea795bd99e2907774c296fb76e853baec09b38c3ee8f8b2be
results/paper/frontier_debug_selective_negative_fitness_distribution_entropy_all_methods_inh_0.7_smooth1.csv,1487,8ad8112a4f2e2e71097140349f6a1e6a55e8aa0bf94d0c0b8c71e5360cafa710
results/paper/frontier_debug_selective_negative_fitness_distribution_entropy_all_methods_inh_0.7_smooth2.csv,1487,8ad8112a4f2e2e71097140349f6a1e6a55e8aa0bf94d0c0b8c71e5360cafa710
results/paper/frontier_debug_selective_negative_fitness_distribution_entropy_all_methods_inh_0.7_smooth3.csv,1487,8ad8112a4f2e2e71097140349f6a1e6a55e8aa0bf94d0c0b8c71e5360cafa710
results/paper/frontier_debug_selective_negative_fitness_distribution_entropy_all_methods_inh_0.7_smooth5.csv,1487,8ad8112a4f2e2e71097140349f6a1e6a55e8aa0bf94d0c0b8c71e5360cafa710
results/paper/frontier_debug_selective_negative_fitness_distribution_entropy_all_methods_inh_0.8_smooth1.csv,1466,37f0c52c578ee972ea9a63cbcba2f626a4f29c5e7ed4e41f43e1048416b187b2
results/paper/frontier_debug_selective_negative_fitness_distribution_entropy_all_methods_inh_0.8_smooth2.csv,1466,37f0c52c578ee972ea9a63cbcba2f626a4f29c5e7ed4e41f43e1048416b187b2
results/paper/frontier_debug_selective_negative_fitness_distribution_entropy_all_methods_inh_0.8_smooth3.csv,1466,37f0c52c578ee972ea9a63cbcba2f626a4f29c5e7ed4e41f43e1048416b187b2
results/paper/frontier_debug_selective_negative_fitness_distribution_entropy_all_methods_inh_0.8_smooth5.csv,1466,37f0c52c578ee972ea9a63cbcba2f626a4f29c5e7ed4e41f43e1048416b187b2
results/paper/frontier_debug_selective_negative_fitness_distribution_entropy_all_methods_inh_0.9_smooth1.csv,2164,39f89b00efe9959ff4475676e092588f31c40d1cf85d370fa29a48d98e6b04c8
results/paper/frontier_debug_selective_negative_fitness_distribution_entropy_all_methods_inh_0.9_smooth2.csv,2164,39f89b00efe9959ff4475676e092588f31c40d1cf85d370fa29a48d98e6b04c8
results/paper/frontier_debug_selective_negative_fitness_distribution_entropy_all_methods_inh_0.9_smooth3.csv,2164,39f89b00efe9959ff4475676e092588f31c40d1cf85d370fa29a48d98e6b04c8
results/paper/frontier_debug_selective_negative_fitness_distribution_entropy_all_methods_inh_0.9_smooth5.csv,2164,39f89b00efe9959ff4475676e092588f31c40d1cf85d370fa29a48d98e6b04c8
results/paper/frontier_debug_selective_negative_fitness_distribution_entropy_all_methods_inh_1.0_smooth1.csv,1976,faf6fb0a2a913e55f09dd5d26c0694d70fb38349f7e9cc03e348813467bd7d5f
results/paper/frontier_debug_selective_negative_fitness_distribution_entropy_all_methods_inh_1.0_smooth2.csv,1978,a57128c16dfd8a237238a96efb9d78af13dcb1d4df5c4ad485546d656d4a688f
results/paper/frontier_debug_selective_negative_fitness_distribution_entropy_all_methods_inh_1.0_smooth3.csv,1979,998ddb0c6ad6350e35e835a2183a0509b9285d79afe9f6752aae195310f2bbd5
results/paper/frontier_debug_selective_negative_fitness_distribution_entropy_all_methods_inh_1.0_smooth5.csv,1981,80779d7789e2b7936cc656b6d5c91826b0414e498c20982747dbe99f97d3910e
results/paper/frontier_debug_selective_negative_fitness_distribution_entropy_inh_0.1_smooth1.csv,1436,5f9b12314bb55c0a7322f74312701265ab4392904b9fd6af45c96cb5a8288f4d
results/paper/frontier_debug_selective_negative_fitness_distribution_entropy_inh_0.2_smooth1.csv,1274,9ccece940ca5b542792214f0494e222f9e348a851712bf35c9560959d5992e57
results/paper/frontier_debug_selective_negative_fitness_distribution_entropy_inh_0.3_smooth1.csv,1280,47151a858cc30f6c8a5e6f87d03a73f0b577c23aa790e4dd3fd790b59a36688c
results/paper/frontier_debug_selective_negative_fitness_distribution_entropy_inh_0.4_smooth1.csv,1284,9ae1ed4a06f83c7c9d90414efc8f75fcbbb2de082d9d589bb04e144e17c1ce31
results/paper/frontier_debug_selective_negative_fitness_distribution_entropy_inh_0.5_smooth1.csv,1439,b0e4ada6876b4d4016f4360e0aa0b7bd9874f397470a851618a74a37d65aeb6d
results/paper/frontier_debug_selective_negative_fitness_distribution_entropy_inh_0.6_smooth1.csv,1421,ab1f3652ca64344fbe08b81a91e40ab5c26f8d218050c4e5b0f4d99bc20d2441
results/paper/frontier_debug_selective_negative_fitness_distribution_entropy_inh_0.7_smooth1.csv,1509,bdee4a4ef86ef191cd3c0b2fbabbc4e7dc2275c6afc70ee53559d43a144c5cd2
results/paper/frontier_debug_selective_negative_fitness_distribution_entropy_inh_0.8_smooth1.csv,1478,762b0caf8bc30c0441074ce657f951b26f4fb5a356a56a95e50360f4767d68e8
results/paper/frontier_debug_selective_negative_fitness_distribution_entropy_inh_0.9_smooth1.csv,2203,3af882b2cb36520c2b584f3338bd791ac781c481a07e8f49c03b4e9b559f65f5
results/paper/frontier_debug_selective_negative_fitness_distribution_entropy_inh_1.0_smooth1.csv,2025,62874498c1b4f335bdf3ee4055518752c3ec8992daee32ada63f2b34fc4572f6
results/paper/frontier_debug_selective_negative_fitness_distribution_entropy_kmeans_profile_inh_0.1_smooth1.csv,1121,aef84dd3e9233cfa1f7fc8417fcee0c43a3ad43b03d68e7514909f798122e607
results/paper/frontier_debug_selective_negative_fitness_distribution_entropy_kmeans_profile_inh_0.1_smooth2.csv,1121,a974ab99f9d726ab4269fbe2fafaf5c3ed2a3b17f9b909751e82ced3e1d84e9b
results/paper/frontier_debug_selective_negative_fitness_distribution_entropy_kmeans_profile_inh_0.1_smooth3.csv,1122,a09d9d94127d1851a2f9ca0fd849d61412b109317854974d603c4488d67ef511
results/paper/frontier_debug_selective_negative_fitness_distribution_entropy_kmeans_profile_inh_0.1_smooth5.csv,1123,634b71880d6a9a2462162660a1578a3bb5816d057a3491273cc81d44c1577110
results/paper/frontier_debug_selective_negative_fitness_distribution_entropy_kmeans_profile_inh_0.2_smooth1.csv,1193,60909f3eaa45fa3071d4e215ef400d36106cb11d360ab1f33a221403e8524ac7
results/paper/frontier_debug_selective_negative_fitness_distribution_entropy_kmeans_profile_inh_0.2_smooth2.csv,1192,d1ee3abdef4a8ae7bb51719ecfda035b16790c440916394e4e39acc7db7a6b2e
results/paper/frontier_debug_selective_negative_fitness_distribution_entropy_kmeans_profile_inh_0.2_smooth3.csv,1192,72d6f4e21fc0e75b8c4aef3755be9636621f3036eddf8c10d38b75e0bd2f04b2
results/paper/frontier_debug_selective_negative_fitness_distribution_entropy_kmeans_profile_inh_0.2_smooth5.csv,1192,5538b3460a389cf69c466f7df820165bdacf1c2950b7d78556e7f6119de8bd79
results/paper/frontier_debug_selective_negative_fitness_distribution_entropy_kmeans_profile_inh_0.3_smooth1.csv,1322,67379b7f090798746d8d51e1f64186f5c4cfee8f12582741bfcdf7f5b95b1afa
results/paper/frontier_debug_selective_negative_fitness_distribution_entropy_kmeans_profile_inh_0.3_smooth2.csv,1322,5d5885ac9a87164cdc51fd3807af7e984a754bdeb034a79ae9a8ea5372e9c064
results/paper/frontier_debug_selective_negative_fitness_distribution_entropy_kmeans_profile_inh_0.3_smooth3.csv,1321,76be6e0e202aa4d5f2bb8244eca6d68539e5a6955301bad93cf0620fcd0acbd8
results/paper/frontier_debug_selective_negative_fitness_distribution_entropy_kmeans_profile_inh_0.3_smooth5.csv,1322,3baf948ad6166c05f7df86ff7076d91f8b350daf2bbe57b021b7d682e5155e7d
results/paper/frontier_debug_selective_negative_fitness_distribution_entropy_kmeans_profile_inh_0.4_smooth1.csv,1345,88c95b808c50183f67ade9472fa0edd37dbb0b516d04451c0f43507f3da4febe
results/paper/frontier_debug_selective_negative_fitness_distribution_entropy_kmeans_profile_inh_0.4_smooth2.csv,1345,51615559862231fde225724b33bb1a0983a91758c5990b2abbe20c729f4d9385
results/paper/frontier_debug_selective_negative_fitness_distribution_entropy_kmeans_profile_inh_0.4_smooth3.csv,1345,f03a884a5061f80e711bfb08e3c0d7be5c15356cf54c2c17de3cedcc94905cb8
results/paper/frontier_debug_selective_negative_fitness_distribution_entropy_kmeans_profile_inh_0.4_smooth5.csv,1345,53656b15740d0210308678a134f61d5507dbbf6cf922f45848ba5c3dc107e424
results/paper/frontier_debug_selective_negative_fitness_distribution_entropy_kmeans_profile_inh_0.5_smooth1.csv,1413,38324877f62c3924ad4d5e9216e25fe665ca07b9fa96366abefd7c7496783f57
results/paper/frontier_debug_selective_negative_fitness_distribution_entropy_kmeans_profile_inh_0.5_smooth2.csv,1414,baa7e90aa3ff5a5c03b94083b1670f4a587c045e2343712f1c8cda4f7d5c86d4
results/paper/frontier_debug_selective_negative_fitness_distribution_entropy_kmeans_profile_inh_0.5_smooth3.csv,1415,8e07925c72c32af5a5ef2293ecaa17021480a69d12a18343d459df936d154c35
results/paper/frontier_debug_selective_negative_fitness_distribution_entropy_kmeans_profile_inh_0.5_smooth5.csv,1415,ff2abbf0181be8316128dddf59c9ce17a7df0ec2112173cc5c3d54672a146ec6
results/paper/frontier_debug_selective_negative_fitness_distribution_entropy_kmeans_profile_inh_0.6_smooth1.csv,1424,d75564c18eb21ae98be6abbf5915fd1599b40246e45a02f956d1abc570181652
results/paper/frontier_debug_selective_negative_fitness_distribution_entropy_kmeans_profile_inh_0.6_smooth2.csv,1424,930a787713cf8cfc44cd633d45648bae05a5eb815b926d77aec7f54c69ab52b2
results/paper/frontier_debug_selective_negative_fitness_distribution_entropy_kmeans_profile_inh_0.6_smooth3.csv,1424,ae15a246e5e522877aa284f9dc156b400b22609c1b6bfb74d8290927533ec4fa
results/paper/frontier_debug_selective_negative_fitness_distribution_entropy_kmeans_profile_inh_0.6_smooth5.csv,1424,aa42c8b8a77aa1d8182c1a57a20e12395f6e1f913d3d03355dbd88e5e1b7b177
results/paper/frontier_debug_selective_negative_fitness_distribution_entropy_kmeans_profile_inh_0.7_smooth1.csv,1345,29e79ed54fa37906a55a4982d56fb5e18779f0fc87b5bb64b4d75dbe02ca061b
results/paper/frontier_debug_selective_negative_fitness_distribution_entropy_kmeans_profile_inh_0.7_smooth2.csv,1345,29e79ed54fa37906a55a4982d56fb5e18779f0fc87b5bb64b4d75dbe02ca061b
results/paper/frontier_debug_selective_negative_fitness_distribution_entropy_kmeans_profile_inh_0.7_smooth3.csv,1345,29e79ed54fa37906a55a4982d56fb5e18779f0fc87b5bb64b4d75dbe02ca061b
results/paper/frontier_debug_selective_negative_fitness_distribution_entropy_kmeans_profile_inh_0.7_smooth5.csv,1345,29e79ed54fa37906a55a4982d56fb5e18779f0fc87b5bb64b4d75dbe02ca061b
results/paper/frontier_debug_selective_negative_fitness_distribution_entropy_kmeans_profile_inh_0.8_smooth1.csv,1345,702c3eab969be5bcfbe8e5359ed4e872932646cc558e6f7e822fe89279da1146
results/paper/frontier_debug_selective_negative_fitness_distribution_entropy_kmeans_profile_inh_0.8_smooth2.csv,1344,e2ca98ce8d3d5f690952b553519f2437a1742220f7281b46fbad392564ba1548
results/paper/frontier_debug_selective_negative_fitness_distribution_entropy_kmeans_profile_inh_0.8_smooth3.csv,1344,e2ca98ce8d3d5f690952b553519f2437a1742220f7281b46fbad392564ba1548
results/paper/frontier_debug_selective_negative_fitness_distribution_entropy_kmeans_profile_inh_0.8_smooth5.csv,1344,e2ca98ce8d3d5f690952b553519f2437a1742220f7281b46fbad392564ba1548
results/paper/frontier_debug_selective_negative_fitness_distribution_entropy_kmeans_profile_inh_0.9_smooth1.csv,1561,b478487e0db76d843009d1830fb9268a9645c0c5e77a3f961fb21aced3f2faae
results/paper/frontier_debug_selective_negative_fitness_distribution_entropy_kmeans_profile_inh_0.9_smooth2.csv,1561,b478487e0db76d843009d1830fb9268a9645c0c5e77a3f961fb21aced3f2faae
results/paper/frontier_debug_selective_negative_fitness_distribution_entropy_kmeans_profile_inh_0.9_smooth3.csv,1561,b478487e0db76d843009d1830fb9268a9645c0c5e77a3f961fb21aced3f2faae
results/paper/frontier_debug_selective_negative_fitness_distribution_entropy_kmeans_profile_inh_0.9_smooth5.csv,1561,b478487e0db76d843009d1830fb9268a9645c0c5e77a3f961fb21aced3f2faae
results/paper/frontier_debug_selective_negative_fitness_distribution_entropy_kmeans_profile_inh_1.0_smooth1.csv,1427,64519791bf76d427bb9be7f63aca26db6a6fff597e5233d9b894b41ec3f8b1ee
results/paper/frontier_debug_selective_negative_fitness_distribution_entropy_kmeans_profile_inh_1.0_smooth2.csv,1429,807fab27ca5f1e1eaf8bde2eb8a722ad7ee21568d3b7605b2056b4c5b79ba804
results/paper/frontier_debug_selective_negative_fitness_distribution_entropy_kmeans_profile_inh_1.0_smooth3.csv,1431,fafd8be5828416b114ca53e1f3d9b6e39e01ee7cea0aa75a935c4d4d97026fa0
results/paper/frontier_debug_selective_negative_fitness_distribution_entropy_kmeans_profile_inh_1.0_smooth5.csv,1433,4f3f8b3d483da9700f370e64a386fad00195c9e7543bae5ad729a232dd053e94
results/paper/frontier_debug_selective_negative_fitness_distribution_entropy_primary_no_kmeans_inh_0.1_smooth1.csv,1436,5f9b12314bb55c0a7322f74312701265ab4392904b9fd6af45c96cb5a8288f4d
results/paper/frontier_debug_selective_negative_fitness_distribution_entropy_primary_no_kmeans_inh_0.1_smooth2.csv,1435,b814e64b6dd038a5b1b8f840f43b373a0f26408c6e2e708f04108d4121fd3563
results/paper/frontier_debug_selective_negative_fitness_distribution_entropy_primary_no_kmeans_inh_0.1_smooth3.csv,1435,bf4c592767e057e07e1880bb920503a1ce771fdaa7c0015eb60e018abe16c3a7
results/paper/frontier_debug_selective_negative_fitness_distribution_entropy_primary_no_kmeans_inh_0.1_smooth5.csv,1435,67c9ccfbdb586891e667e842104e0e23a2bd2b9fd5199c3e460e9127279b01c3
results/paper/frontier_debug_selective_negative_fitness_distribution_entropy_primary_no_kmeans_inh_0.2_smooth1.csv,1274,9ccece940ca5b542792214f0494e222f9e348a851712bf35c9560959d5992e57
results/paper/frontier_debug_selective_negative_fitness_distribution_entropy_primary_no_kmeans_inh_0.2_smooth2.csv,1274,149c4a36ac7c32f1998b89639b025a73e3cff3a3173ecc9943f7e508ed583cd8
results/paper/frontier_debug_selective_negative_fitness_distribution_entropy_primary_no_kmeans_inh_0.2_smooth3.csv,1274,88d5b8e6600dbb2862604aae6efd24af2256d8011deb17ba8a3301071b831a82
results/paper/frontier_debug_selective_negative_fitness_distribution_entropy_primary_no_kmeans_inh_0.2_smooth5.csv,1274,8da0e04ab09792a3f460d3ad2de5a4cfd496aa0f5d2e838b19c02f75256ecce6
results/paper/frontier_debug_selective_negative_fitness_distribution_entropy_primary_no_kmeans_inh_0.3_smooth1.csv,1280,47151a858cc30f6c8a5e6f87d03a73f0b577c23aa790e4dd3fd790b59a36688c
results/paper/frontier_debug_selective_negative_fitness_distribution_entropy_primary_no_kmeans_inh_0.3_smooth2.csv,1280,0ed87d7859d67535199b6f55e7103ee588110e5cfc1385f5844c3b5aeb1ba137
results/paper/frontier_debug_selective_negative_fitness_distribution_entropy_primary_no_kmeans_inh_0.3_smooth3.csv,1280,be656a379f221705fce108bada3ce6a1aafc8c52e2a1b2af7ceb0d54a3ce1fe4
results/paper/frontier_debug_selective_negative_fitness_distribution_entropy_primary_no_kmeans_inh_0.3_smooth5.csv,1278,3c62be714cfe1b87ef249ca557c25164f276d1b83168fe6cd988a4a308740368
results/paper/frontier_debug_selective_negative_fitness_distribution_entropy_primary_no_kmeans_inh_0.4_smooth1.csv,1284,9ae1ed4a06f83c7c9d90414efc8f75fcbbb2de082d9d589bb04e144e17c1ce31
results/paper/frontier_debug_selective_negative_fitness_distribution_entropy_primary_no_kmeans_inh_0.4_smooth2.csv,1286,b07549aeb69b45aae12da0c7614a31e2c12cf9c1bdb9f942c00731cf87e90b9d
results/paper/frontier_debug_selective_negative_fitness_distribution_entropy_primary_no_kmeans_inh_0.4_smooth3.csv,1288,667633a53e183d26a8e770d7eaf23dbbd4a6ac3db03ffe494295b7c049c08eae
results/paper/frontier_debug_selective_negative_fitness_distribution_entropy_primary_no_kmeans_inh_0.4_smooth5.csv,1290,ec0a27df7dc51e9b60ea7c39b1def4499fce47b1efc86c815d69942f4cd2c4e5
results/paper/frontier_debug_selective_negative_fitness_distribution_entropy_primary_no_kmeans_inh_0.5_smooth1.csv,1439,b0e4ada6876b4d4016f4360e0aa0b7bd9874f397470a851618a74a37d65aeb6d
results/paper/frontier_debug_selective_negative_fitness_distribution_entropy_primary_no_kmeans_inh_0.5_smooth2.csv,1439,a328969264da69a3d6902556edb1c9f3c908fa661c36b175fb27dbc086edef2b
results/paper/frontier_debug_selective_negative_fitness_distribution_entropy_primary_no_kmeans_inh_0.5_smooth3.csv,1439,83dea622d46a3b5ba41b2548d44d7ba6a68f65944f0649adf58cae4ab62a5a37
results/paper/frontier_debug_selective_negative_fitness_distribution_entropy_primary_no_kmeans_inh_0.5_smooth5.csv,1440,531625560ab5112a58c1751d212cf69b857b62559f721909c3d2956f25d3de1d
results/paper/frontier_debug_selective_negative_fitness_distribution_entropy_primary_no_kmeans_inh_0.6_smooth1.csv,1421,ab1f3652ca64344fbe08b81a91e40ab5c26f8d218050c4e5b0f4d99bc20d2441
results/paper/frontier_debug_selective_negative_fitness_distribution_entropy_primary_no_kmeans_inh_0.6_smooth2.csv,1421,32e783e378b016ca02976f275ab8cc8eaa13b74d652b3ca9df4d259d530ad09c
results/paper/frontier_debug_selective_negative_fitness_distribution_entropy_primary_no_kmeans_inh_0.6_smooth3.csv,1420,5ee056b0e94d170082e7255842857790eead0ae94935ac94c2fc473ab62845c1
results/paper/frontier_debug_selective_negative_fitness_distribution_entropy_primary_no_kmeans_inh_0.6_smooth5.csv,1418,0a78a6e0e7f1cd9ca222fab9de70b9a60882f75192ac3eeda6f041f4d95cda1b
results/paper/frontier_debug_selective_negative_fitness_distribution_entropy_primary_no_kmeans_inh_0.7_smooth1.csv,1509,bdee4a4ef86ef191cd3c0b2fbabbc4e7dc2275c6afc70ee53559d43a144c5cd2
results/paper/frontier_debug_selective_negative_fitness_distribution_entropy_primary_no_kmeans_inh_0.7_smooth2.csv,1510,7a757abd8ae8d3a1fa9581883cf580eda3c0c894ce533edf2518aedbc9272dce
results/paper/frontier_debug_selective_negative_fitness_distribution_entropy_primary_no_kmeans_inh_0.7_smooth3.csv,1510,7a757abd8ae8d3a1fa9581883cf580eda3c0c894ce533edf2518aedbc9272dce
results/paper/frontier_debug_selective_negative_fitness_distribution_entropy_primary_no_kmeans_inh_0.7_smooth5.csv,1510,7a757abd8ae8d3a1fa9581883cf580eda3c0c894ce533edf2518aedbc9272dce
results/paper/frontier_debug_selective_negative_fitness_distribution_entropy_primary_no_kmeans_inh_0.8_smooth1.csv,1478,762b0caf8bc30c0441074ce657f951b26f4fb5a356a56a95e50360f4767d68e8
results/paper/frontier_debug_selective_negative_fitness_distribution_entropy_primary_no_kmeans_inh_0.8_smooth2.csv,1478,762b0caf8bc30c0441074ce657f951b26f4fb5a356a56a95e50360f4767d68e8
results/paper/frontier_debug_selective_negative_fitness_distribution_entropy_primary_no_kmeans_inh_0.8_smooth3.csv,1478,762b0caf8bc30c0441074ce657f951b26f4fb5a356a56a95e50360f4767d68e8
results/paper/frontier_debug_selective_negative_fitness_distribution_entropy_primary_no_kmeans_inh_0.8_smooth5.csv,1478,762b0caf8bc30c0441074ce657f951b26f4fb5a356a56a95e50360f4767d68e8
results/paper/frontier_debug_selective_negative_fitness_distribution_entropy_primary_no_kmeans_inh_0.9_smooth1.csv,2203,3af882b2cb36520c2b584f3338bd791ac781c481a07e8f49c03b4e9b559f65f5
results/paper/frontier_debug_selective_negative_fitness_distribution_entropy_primary_no_kmeans_inh_0.9_smooth2.csv,2204,f92df7651980a1d633f0273317e0766108388fc81acfffc88f662a0e0aee0e6b
results/paper/frontier_debug_selective_negative_fitness_distribution_entropy_primary_no_kmeans_inh_0.9_smooth3.csv,2205,e0dbac5e04d360ef2a7d42bf86f8e59034e477641d5a2db924f92f678daba056
results/paper/frontier_debug_selective_negative_fitness_distribution_entropy_primary_no_kmeans_inh_0.9_smooth5.csv,2207,82fe97df80080cb33bf7b0725d6adb88e11b77bf7955fddc94f3ab5543c5221a
results/paper/frontier_debug_selective_negative_fitness_distribution_entropy_primary_no_kmeans_inh_1.0_smooth1.csv,2025,62874498c1b4f335bdf3ee4055518752c3ec8992daee32ada63f2b34fc4572f6
results/paper/frontier_debug_selective_negative_fitness_distribution_entropy_primary_no_kmeans_inh_1.0_smooth2.csv,2025,24212c9ba01b898d3bc1103589b52e63e6c8bb751ef04cea7f38f3a34d1f91a2
results/paper/frontier_debug_selective_negative_fitness_distribution_entropy_primary_no_kmeans_inh_1.0_smooth3.csv,2025,c3a3de065d3101ce7087342d41e0a871e43196dbf78dbcb3741edf1ff9d20d26
results/paper/frontier_debug_selective_negative_fitness_distribution_entropy_primary_no_kmeans_inh_1.0_smooth5.csv,2025,862098f6c9b02ba37a6f19fa9410d5251880c3af7a452fb5612211a8fa7e85f2
results/paper/frontier_debug_selective_negative_local_metabolite_configuration_entropy_all_methods_inh_0.1_smooth1.csv,1419,7343c1dd88a950fed94e33328cdc80a64e56a046f263047bdca1c3de222cfa5f
results/paper/frontier_debug_selective_negative_local_metabolite_configuration_entropy_all_methods_inh_0.1_smooth2.csv,1419,7343c1dd88a950fed94e33328cdc80a64e56a046f263047bdca1c3de222cfa5f
results/paper/frontier_debug_selective_negative_local_metabolite_configuration_entropy_all_methods_inh_0.1_smooth3.csv,1419,7343c1dd88a950fed94e33328cdc80a64e56a046f263047bdca1c3de222cfa5f
results/paper/frontier_debug_selective_negative_local_metabolite_configuration_entropy_all_methods_inh_0.1_smooth5.csv,1419,7343c1dd88a950fed94e33328cdc80a64e56a046f263047bdca1c3de222cfa5f
results/paper/frontier_debug_selective_negative_local_metabolite_configuration_entropy_all_methods_inh_0.2_smooth1.csv,1292,6f2d4230977845ad43eef906429b09a3c212d37bebed6e5217204045a2c60f5b
results/paper/frontier_debug_selective_negative_local_metabolite_configuration_entropy_all_methods_inh_0.2_smooth2.csv,1292,57269c74bdc406aadb83c7b94de5ebf257866323794c3abe7039ce418d39b385
results/paper/frontier_debug_selective_negative_local_metabolite_configuration_entropy_all_methods_inh_0.2_smooth3.csv,1292,ecf8f725735d7a5a97955dc7ff1e7e53d3df859b907e2f74f07f633f0f3bf4a1
results/paper/frontier_debug_selective_negative_local_metabolite_configuration_entropy_all_methods_inh_0.2_smooth5.csv,1292,c28ac9d00ed9529cf74afab175c2dd24bb6529c5ad36139cf32e5022980100ac
results/paper/frontier_debug_selective_negative_local_metabolite_configuration_entropy_all_methods_inh_0.3_smooth1.csv,1292,f9dc1b6b6b8fbfbf74a0370af035fb115d2959136fddd50f2ffa9221f867fa79
results/paper/frontier_debug_selective_negative_local_metabolite_configuration_entropy_all_methods_inh_0.3_smooth2.csv,1292,f9dc1b6b6b8fbfbf74a0370af035fb115d2959136fddd50f2ffa9221f867fa79
results/paper/frontier_debug_selective_negative_local_metabolite_configuration_entropy_all_methods_inh_0.3_smooth3.csv,1292,f9dc1b6b6b8fbfbf74a0370af035fb115d2959136fddd50f2ffa9221f867fa79
results/paper/frontier_debug_selective_negative_local_metabolite_configuration_entropy_all_methods_inh_0.3_smooth5.csv,1292,f9dc1b6b6b8fbfbf74a0370af035fb115d2959136fddd50f2ffa9221f867fa79
results/paper/frontier_debug_selective_negative_local_metabolite_configuration_entropy_all_methods_inh_0.4_smooth1.csv,1541,1d36181ed8feb5bce4161d9a30c476e5a4ae836374ac3ea22f6f4ed11dec786b
results/paper/frontier_debug_selective_negative_local_metabolite_configuration_entropy_all_methods_inh_0.4_smooth2.csv,1541,b31b3f2f72cc44d302d9d0e70b9b9ab7384c6ca51077a5037fab7632b4924c56
results/paper/frontier_debug_selective_negative_local_metabolite_configuration_entropy_all_methods_inh_0.4_smooth3.csv,1541,24e0ba909e479e673d9ee2d2166a51705ac90c2d92e16ace68ffaf8cd5133c5f
results/paper/frontier_debug_selective_negative_local_metabolite_configuration_entropy_all_methods_inh_0.4_smooth5.csv,1541,21706d498f81eb94e42002aef557281f262f9439a53128b80f100eb3dde08172
results/paper/frontier_debug_selective_negative_local_metabolite_configuration_entropy_all_methods_inh_0.5_smooth1.csv,1283,0dd686488054d771ec10d7bd9f137b49eb69fa291342e3ebadd108e4fcd4e52e
results/paper/frontier_debug_selective_negative_local_metabolite_configuration_entropy_all_methods_inh_0.5_smooth2.csv,1283,0dd686488054d771ec10d7bd9f137b49eb69fa291342e3ebadd108e4fcd4e52e
results/paper/frontier_debug_selective_negative_local_metabolite_configuration_entropy_all_methods_inh_0.5_smooth3.csv,1283,0dd686488054d771ec10d7bd9f137b49eb69fa291342e3ebadd108e4fcd4e52e
results/paper/frontier_debug_selective_negative_local_metabolite_configuration_entropy_all_methods_inh_0.5_smooth5.csv,1283,0dd686488054d771ec10d7bd9f137b49eb69fa291342e3ebadd108e4fcd4e52e
results/paper/frontier_debug_selective_negative_local_metabolite_configuration_entropy_all_methods_inh_0.6_smooth1.csv,1295,e7a7f3b15ae3854db5a0fe57910dda51a85d0a9ef7e887c42b4c30a469fbbe4b
results/paper/frontier_debug_selective_negative_local_metabolite_configuration_entropy_all_methods_inh_0.6_smooth2.csv,1296,cdf991b13eb7943fbcd3ea723e997aeb1f67b23692ad2c64750d5957fedb3aae
results/paper/frontier_debug_selective_negative_local_metabolite_configuration_entropy_all_methods_inh_0.6_smooth3.csv,1296,cdf991b13eb7943fbcd3ea723e997aeb1f67b23692ad2c64750d5957fedb3aae
results/paper/frontier_debug_selective_negative_local_metabolite_configuration_entropy_all_methods_inh_0.6_smooth5.csv,1296,cdf991b13eb7943fbcd3ea723e997aeb1f67b23692ad2c64750d5957fedb3aae
results/paper/frontier_debug_selective_negative_local_metabolite_configuration_entropy_all_methods_inh_0.7_smooth1.csv,1449,bdbd24054b8dbaaa2987c57e222217d859c9045497f3dadb8e592d588818f4fa
results/paper/frontier_debug_selective_negative_local_metabolite_configuration_entropy_all_methods_inh_0.7_smooth2.csv,1449,4296d1a5dafe3dd3b0af7de245b7bbead90c68ae8e72afc743b0a8531ba2a263
results/paper/frontier_debug_selective_negative_local_metabolite_configuration_entropy_all_methods_inh_0.7_smooth3.csv,1449,4296d1a5dafe3dd3b0af7de245b7bbead90c68ae8e72afc743b0a8531ba2a263
results/paper/frontier_debug_selective_negative_local_metabolite_configuration_entropy_all_methods_inh_0.7_smooth5.csv,1449,4296d1a5dafe3dd3b0af7de245b7bbead90c68ae8e72afc743b0a8531ba2a263
results/paper/frontier_debug_selective_negative_local_metabolite_configuration_entropy_all_methods_inh_0.8_smooth1.csv,1776,af4cf317efb17e5da7af3ee13cf2befb3d29786a64b16e73ee23946cb0473f4e
results/paper/frontier_debug_selective_negative_local_metabolite_configuration_entropy_all_methods_inh_0.8_smooth2.csv,1776,af4cf317efb17e5da7af3ee13cf2befb3d29786a64b16e73ee23946cb0473f4e
results/paper/frontier_debug_selective_negative_local_metabolite_configuration_entropy_all_methods_inh_0.8_smooth3.csv,1776,af4cf317efb17e5da7af3ee13cf2befb3d29786a64b16e73ee23946cb0473f4e
results/paper/frontier_debug_selective_negative_local_metabolite_configuration_entropy_all_methods_inh_0.8_smooth5.csv,1776,af4cf317efb17e5da7af3ee13cf2befb3d29786a64b16e73ee23946cb0473f4e
results/paper/frontier_debug_selective_negative_local_metabolite_configuration_entropy_all_methods_inh_0.9_smooth1.csv,1877,e06f685eb92a587ca1813519cc46e8817dafce718f7ad8a0d62a612571147245
results/paper/frontier_debug_selective_negative_local_metabolite_configuration_entropy_all_methods_inh_0.9_smooth2.csv,1877,f39f214c83a0fa47b341d34dde1e0f901da01c303ee246d263e9faf595ac7e23
results/paper/frontier_debug_selective_negative_local_metabolite_configuration_entropy_all_methods_inh_0.9_smooth3.csv,1877,503b45008637fc4b465ce1a3602d9170881afed3fe598f54edfaf2849b43a107
results/paper/frontier_debug_selective_negative_local_metabolite_configuration_entropy_all_methods_inh_0.9_smooth5.csv,1876,a2a445eee312208fe79476f4db63f733151f275c23f5ae925e52ecf15a72ede9
results/paper/frontier_debug_selective_negative_local_metabolite_configuration_entropy_all_methods_inh_1.0_smooth1.csv,1948,f33a477df25b5ec3f217ce313f2d5f18faeb4069e633ddc70827bfdd3d291749
results/paper/frontier_debug_selective_negative_local_metabolite_configuration_entropy_all_methods_inh_1.0_smooth2.csv,1949,401735bd840bf25d044d7359d46d541087c51ce3d7a30ece487c7d3958a727bf
results/paper/frontier_debug_selective_negative_local_metabolite_configuration_entropy_all_methods_inh_1.0_smooth3.csv,1950,72a4bf7d46bc6d4e503254489bf74cab8b7013e35dc18a8c749dd16cc897da07
results/paper/frontier_debug_selective_negative_local_metabolite_configuration_entropy_all_methods_inh_1.0_smooth5.csv,1950,3b84a48e9530231dd601d3e4c5d9aaf3bd6250986d461bcdcac7aa9c9da2fb26
results/paper/frontier_debug_selective_negative_local_metabolite_configuration_entropy_inh_0.1_smooth1.csv,1419,7343c1dd88a950fed94e33328cdc80a64e56a046f263047bdca1c3de222cfa5f
results/paper/frontier_debug_selective_negative_local_metabolite_configuration_entropy_inh_0.2_smooth1.csv,1292,6f2d4230977845ad43eef906429b09a3c212d37bebed6e5217204045a2c60f5b
results/paper/frontier_debug_selective_negative_local_metabolite_configuration_entropy_inh_0.3_smooth1.csv,1292,f9dc1b6b6b8fbfbf74a0370af035fb115d2959136fddd50f2ffa9221f867fa79
results/paper/frontier_debug_selective_negative_local_metabolite_configuration_entropy_inh_0.4_smooth1.csv,1541,1d36181ed8feb5bce4161d9a30c476e5a4ae836374ac3ea22f6f4ed11dec786b
results/paper/frontier_debug_selective_negative_local_metabolite_configuration_entropy_inh_0.5_smooth1.csv,1288,d4b6b731ad21df692e313915b30361e998a1981626cc86d59b5dd1af4b803098
results/paper/frontier_debug_selective_negative_local_metabolite_configuration_entropy_inh_0.6_smooth1.csv,1302,d44a66e637c057960c52c8ec5f0029725b75b970f8115f5f630374a736103e6b
results/paper/frontier_debug_selective_negative_local_metabolite_configuration_entropy_inh_0.7_smooth1.csv,1449,bdbd24054b8dbaaa2987c57e222217d859c9045497f3dadb8e592d588818f4fa
results/paper/frontier_debug_selective_negative_local_metabolite_configuration_entropy_inh_0.8_smooth1.csv,1776,af4cf317efb17e5da7af3ee13cf2befb3d29786a64b16e73ee23946cb0473f4e
results/paper/frontier_debug_selective_negative_local_metabolite_configuration_entropy_inh_0.9_smooth1.csv,1888,958ef33c4db2e4f731209b842f2d5f92d8b1db457155bcd9d4250056235335eb
results/paper/frontier_debug_selective_negative_local_metabolite_configuration_entropy_inh_1.0_smooth1.csv,1955,16497cdb63f036d3de08dc0276607e756c3933ad3c1c4de9f7e914adc949c6a4
results/paper/frontier_debug_selective_negative_local_metabolite_configuration_entropy_kmeans_profile_inh_0.1_smooth1.csv,1195,bb41b4f23261a74cbc5d6a1000173584b0ea1394c78e7bb63c1831b17d47a5d0
results/paper/frontier_debug_selective_negative_local_metabolite_configuration_entropy_kmeans_profile_inh_0.1_smooth2.csv,1195,bb41b4f23261a74cbc5d6a1000173584b0ea1394c78e7bb63c1831b17d47a5d0
results/paper/frontier_debug_selective_negative_local_metabolite_configuration_entropy_kmeans_profile_inh_0.1_smooth3.csv,1195,bb41b4f23261a74cbc5d6a1000173584b0ea1394c78e7bb63c1831b17d47a5d0
results/paper/frontier_debug_selective_negative_local_metabolite_configuration_entropy_kmeans_profile_inh_0.1_smooth5.csv,1195,bb41b4f23261a74cbc5d6a1000173584b0ea1394c78e7bb63c1831b17d47a5d0
results/paper/frontier_debug_selective_negative_local_metabolite_configuration_entropy_kmeans_profile_inh_0.2_smooth1.csv,1225,06ac05fb6def64b68bb8fa0b7dd347d20fec5f056ed248c5bab84059ad824506
results/paper/frontier_debug_selective_negative_local_metabolite_configuration_entropy_kmeans_profile_inh_0.2_smooth2.csv,1225,06ac05fb6def64b68bb8fa0b7dd347d20fec5f056ed248c5bab84059ad824506
results/paper/frontier_debug_selective_negative_local_metabolite_configuration_entropy_kmeans_profile_inh_0.2_smooth3.csv,1225,06ac05fb6def64b68bb8fa0b7dd347d20fec5f056ed248c5bab84059ad824506
results/paper/frontier_debug_selective_negative_local_metabolite_configuration_entropy_kmeans_profile_inh_0.2_smooth5.csv,1225,06ac05fb6def64b68bb8fa0b7dd347d20fec5f056ed248c5bab84059ad824506
results/paper/frontier_debug_selective_negative_local_metabolite_configuration_entropy_kmeans_profile_inh_0.3_smooth1.csv,1151,b4db239f9e92c9dfa569add474ce71d3e0fc03e6e4fe1d59815daa1500f469af
results/paper/frontier_debug_selective_negative_local_metabolite_configuration_entropy_kmeans_profile_inh_0.3_smooth2.csv,1151,b4db239f9e92c9dfa569add474ce71d3e0fc03e6e4fe1d59815daa1500f469af
results/paper/frontier_debug_selective_negative_local_metabolite_configuration_entropy_kmeans_profile_inh_0.3_smooth3.csv,1151,b4db239f9e92c9dfa569add474ce71d3e0fc03e6e4fe1d59815daa1500f469af
results/paper/frontier_debug_selective_negative_local_metabolite_configuration_entropy_kmeans_profile_inh_0.3_smooth5.csv,1151,b4db239f9e92c9dfa569add474ce71d3e0fc03e6e4fe1d59815daa1500f469af
results/paper/frontier_debug_selective_negative_local_metabolite_configuration_entropy_kmeans_profile_inh_0.4_smooth1.csv,1274,83ddee2b8317ec65ff8282966cb38c6ebf0c25fbb641d09b90da2b2471977675
results/paper/frontier_debug_selective_negative_local_metabolite_configuration_entropy_kmeans_profile_inh_0.4_smooth2.csv,1274,83ddee2b8317ec65ff8282966cb38c6ebf0c25fbb641d09b90da2b2471977675
results/paper/frontier_debug_selective_negative_local_metabolite_configuration_entropy_kmeans_profile_inh_0.4_smooth3.csv,1274,83ddee2b8317ec65ff8282966cb38c6ebf0c25fbb641d09b90da2b2471977675
results/paper/frontier_debug_selective_negative_local_metabolite_configuration_entropy_kmeans_profile_inh_0.4_smooth5.csv,1274,83ddee2b8317ec65ff8282966cb38c6ebf0c25fbb641d09b90da2b2471977675
results/paper/frontier_debug_selective_negative_local_metabolite_configuration_entropy_kmeans_profile_inh_0.5_smooth1.csv,1304,1f8ceb9d2451887b29f3f4f07729c22d61b31fca22b0065ff03095bd91a84837
results/paper/frontier_debug_selective_negative_local_metabolite_configuration_entropy_kmeans_profile_inh_0.5_smooth2.csv,1304,1f8ceb9d2451887b29f3f4f07729c22d61b31fca22b0065ff03095bd91a84837
results/paper/frontier_debug_selective_negative_local_metabolite_configuration_entropy_kmeans_profile_inh_0.5_smooth3.csv,1304,1f8ceb9d2451887b29f3f4f07729c22d61b31fca22b0065ff03095bd91a84837
results/paper/frontier_debug_selective_negative_local_metabolite_configuration_entropy_kmeans_profile_inh_0.5_smooth5.csv,1304,1f8ceb9d2451887b29f3f4f07729c22d61b31fca22b0065ff03095bd91a84837
results/paper/frontier_debug_selective_negative_local_metabolite_configuration_entropy_kmeans_profile_inh_0.6_smooth1.csv,1423,12da4bc838bf153819c1fc79613a851403fa196b1a3d6829a891db003e6138c7
results/paper/frontier_debug_selective_negative_local_metabolite_configuration_entropy_kmeans_profile_inh_0.6_smooth2.csv,1423,12da4bc838bf153819c1fc79613a851403fa196b1a3d6829a891db003e6138c7
results/paper/frontier_debug_selective_negative_local_metabolite_configuration_entropy_kmeans_profile_inh_0.6_smooth3.csv,1423,12da4bc838bf153819c1fc79613a851403fa196b1a3d6829a891db003e6138c7
results/paper/frontier_debug_selective_negative_local_metabolite_configuration_entropy_kmeans_profile_inh_0.6_smooth5.csv,1423,12da4bc838bf153819c1fc79613a851403fa196b1a3d6829a891db003e6138c7
results/paper/frontier_debug_selective_negative_local_metabolite_configuration_entropy_kmeans_profile_inh_0.7_smooth1.csv,1488,d1545b78ea81cddf37b66bfb89fbc8412fe5917480182b4ac1e649da7b0c656d
results/paper/frontier_debug_selective_negative_local_metabolite_configuration_entropy_kmeans_profile_inh_0.7_smooth2.csv,1488,d1545b78ea81cddf37b66bfb89fbc8412fe5917480182b4ac1e649da7b0c656d
results/paper/frontier_debug_selective_negative_local_metabolite_configuration_entropy_kmeans_profile_inh_0.7_smooth3.csv,1488,d1545b78ea81cddf37b66bfb89fbc8412fe5917480182b4ac1e649da7b0c656d
results/paper/frontier_debug_selective_negative_local_metabolite_configuration_entropy_kmeans_profile_inh_0.7_smooth5.csv,1488,d1545b78ea81cddf37b66bfb89fbc8412fe5917480182b4ac1e649da7b0c656d
results/paper/frontier_debug_selective_negative_local_metabolite_configuration_entropy_kmeans_profile_inh_0.8_smooth1.csv,1532,e2ca4190b85902815bd8a951c75f331267a81e390d037d67981040f0f366054c
results/paper/frontier_debug_selective_negative_local_metabolite_configuration_entropy_kmeans_profile_inh_0.8_smooth2.csv,1532,e2ca4190b85902815bd8a951c75f331267a81e390d037d67981040f0f366054c
results/paper/frontier_debug_selective_negative_local_metabolite_configuration_entropy_kmeans_profile_inh_0.8_smooth3.csv,1532,e2ca4190b85902815bd8a951c75f331267a81e390d037d67981040f0f366054c
results/paper/frontier_debug_selective_negative_local_metabolite_configuration_entropy_kmeans_profile_inh_0.8_smooth5.csv,1532,e2ca4190b85902815bd8a951c75f331267a81e390d037d67981040f0f366054c
results/paper/frontier_debug_selective_negative_local_metabolite_configuration_entropy_kmeans_profile_inh_0.9_smooth1.csv,1635,dbb0420499c4d29d1f7db8ecf7b59061198a60528d832f664b5df785bcac83ad
results/paper/frontier_debug_selective_negative_local_metabolite_configuration_entropy_kmeans_profile_inh_0.9_smooth2.csv,1635,dbb0420499c4d29d1f7db8ecf7b59061198a60528d832f664b5df785bcac83ad
results/paper/frontier_debug_selective_negative_local_metabolite_configuration_entropy_kmeans_profile_inh_0.9_smooth3.csv,1635,dbb0420499c4d29d1f7db8ecf7b59061198a60528d832f664b5df785bcac83ad
results/paper/frontier_debug_selective_negative_local_metabolite_configuration_entropy_kmeans_profile_inh_0.9_smooth5.csv,1635,dbb0420499c4d29d1f7db8ecf7b59061198a60528d832f664b5df785bcac83ad
results/paper/frontier_debug_selective_negative_local_metabolite_configuration_entropy_kmeans_profile_inh_1.0_smooth1.csv,1490,6255a7534f18b903234da6a8ac49e6af3a67ff1ff88d2960377459b8fb7aff07
results/paper/frontier_debug_selective_negative_local_metabolite_configuration_entropy_kmeans_profile_inh_1.0_smooth2.csv,1490,6255a7534f18b903234da6a8ac49e6af3a67ff1ff88d2960377459b8fb7aff07
results/paper/frontier_debug_selective_negative_local_metabolite_configuration_entropy_kmeans_profile_inh_1.0_smooth3.csv,1490,6255a7534f18b903234da6a8ac49e6af3a67ff1ff88d2960377459b8fb7aff07
results/paper/frontier_debug_selective_negative_local_metabolite_configuration_entropy_kmeans_profile_inh_1.0_smooth5.csv,1490,6255a7534f18b903234da6a8ac49e6af3a67ff1ff88d2960377459b8fb7aff07
results/paper/frontier_debug_selective_negative_local_metabolite_configuration_entropy_primary_no_kmeans_inh_0.1_smooth1.csv,1419,7343c1dd88a950fed94e33328cdc80a64e56a046f263047bdca1c3de222cfa5f
results/paper/frontier_debug_selective_negative_local_metabolite_configuration_entropy_primary_no_kmeans_inh_0.1_smooth2.csv,1419,7343c1dd88a950fed94e33328cdc80a64e56a046f263047bdca1c3de222cfa5f
results/paper/frontier_debug_selective_negative_local_metabolite_configuration_entropy_primary_no_kmeans_inh_0.1_smooth3.csv,1419,7343c1dd88a950fed94e33328cdc80a64e56a046f263047bdca1c3de222cfa5f
results/paper/frontier_debug_selective_negative_local_metabolite_configuration_entropy_primary_no_kmeans_inh_0.1_smooth5.csv,1419,7343c1dd88a950fed94e33328cdc80a64e56a046f263047bdca1c3de222cfa5f
results/paper/frontier_debug_selective_negative_local_metabolite_configuration_entropy_primary_no_kmeans_inh_0.2_smooth1.csv,1292,6f2d4230977845ad43eef906429b09a3c212d37bebed6e5217204045a2c60f5b
results/paper/frontier_debug_selective_negative_local_metabolite_configuration_entropy_primary_no_kmeans_inh_0.2_smooth2.csv,1292,57269c74bdc406aadb83c7b94de5ebf257866323794c3abe7039ce418d39b385
results/paper/frontier_debug_selective_negative_local_metabolite_configuration_entropy_primary_no_kmeans_inh_0.2_smooth3.csv,1292,ecf8f725735d7a5a97955dc7ff1e7e53d3df859b907e2f74f07f633f0f3bf4a1
results/paper/frontier_debug_selective_negative_local_metabolite_configuration_entropy_primary_no_kmeans_inh_0.2_smooth5.csv,1292,c28ac9d00ed9529cf74afab175c2dd24bb6529c5ad36139cf32e5022980100ac
results/paper/frontier_debug_selective_negative_local_metabolite_configuration_entropy_primary_no_kmeans_inh_0.3_smooth1.csv,1292,f9dc1b6b6b8fbfbf74a0370af035fb115d2959136fddd50f2ffa9221f867fa79
results/paper/frontier_debug_selective_negative_local_metabolite_configuration_entropy_primary_no_kmeans_inh_0.3_smooth2.csv,1292,f9dc1b6b6b8fbfbf74a0370af035fb115d2959136fddd50f2ffa9221f867fa79
results/paper/frontier_debug_selective_negative_local_metabolite_configuration_entropy_primary_no_kmeans_inh_0.3_smooth3.csv,1292,f9dc1b6b6b8fbfbf74a0370af035fb115d2959136fddd50f2ffa9221f867fa79
results/paper/frontier_debug_selective_negative_local_metabolite_configuration_entropy_primary_no_kmeans_inh_0.3_smooth5.csv,1292,f9dc1b6b6b8fbfbf74a0370af035fb115d2959136fddd50f2ffa9221f867fa79
results/paper/frontier_debug_selective_negative_local_metabolite_configuration_entropy_primary_no_kmeans_inh_0.4_smooth1.csv,1541,1d36181ed8feb5bce4161d9a30c476e5a4ae836374ac3ea22f6f4ed11dec786b
results/paper/frontier_debug_selective_negative_local_metabolite_configuration_entropy_primary_no_kmeans_inh_0.4_smooth2.csv,1541,b31b3f2f72cc44d302d9d0e70b9b9ab7384c6ca51077a5037fab7632b4924c56
results/paper/frontier_debug_selective_negative_local_metabolite_configuration_entropy_primary_no_kmeans_inh_0.4_smooth3.csv,1541,24e0ba909e479e673d9ee2d2166a51705ac90c2d92e16ace68ffaf8cd5133c5f
results/paper/frontier_debug_selective_negative_local_metabolite_configuration_entropy_primary_no_kmeans_inh_0.4_smooth5.csv,1541,21706d498f81eb94e42002aef557281f262f9439a53128b80f100eb3dde08172
results/paper/frontier_debug_selective_negative_local_metabolite_configuration_entropy_primary_no_kmeans_inh_0.5_smooth1.csv,1288,d4b6b731ad21df692e313915b30361e998a1981626cc86d59b5dd1af4b803098
results/paper/frontier_debug_selective_negative_local_metabolite_configuration_entropy_primary_no_kmeans_inh_0.5_smooth2.csv,1288,d4b6b731ad21df692e313915b30361e998a1981626cc86d59b5dd1af4b803098
results/paper/frontier_debug_selective_negative_local_metabolite_configuration_entropy_primary_no_kmeans_inh_0.5_smooth3.csv,1288,d4b6b731ad21df692e313915b30361e998a1981626cc86d59b5dd1af4b803098
results/paper/frontier_debug_selective_negative_local_metabolite_configuration_entropy_primary_no_kmeans_inh_0.5_smooth5.csv,1288,d4b6b731ad21df692e313915b30361e998a1981626cc86d59b5dd1af4b803098
results/paper/frontier_debug_selective_negative_local_metabolite_configuration_entropy_primary_no_kmeans_inh_0.6_smooth1.csv,1302,d44a66e637c057960c52c8ec5f0029725b75b970f8115f5f630374a736103e6b
results/paper/frontier_debug_selective_negative_local_metabolite_configuration_entropy_primary_no_kmeans_inh_0.6_smooth2.csv,1302,9b92d82fc86a610ae610ed67d3a40af05f658dce9c7425fc4a2659e80e0a6fa3
results/paper/frontier_debug_selective_negative_local_metabolite_configuration_entropy_primary_no_kmeans_inh_0.6_smooth3.csv,1302,9b92d82fc86a610ae610ed67d3a40af05f658dce9c7425fc4a2659e80e0a6fa3
results/paper/frontier_debug_selective_negative_local_metabolite_configuration_entropy_primary_no_kmeans_inh_0.6_smooth5.csv,1302,9b92d82fc86a610ae610ed67d3a40af05f658dce9c7425fc4a2659e80e0a6fa3
results/paper/frontier_debug_selective_negative_local_metabolite_configuration_entropy_primary_no_kmeans_inh_0.7_smooth1.csv,1449,bdbd24054b8dbaaa2987c57e222217d859c9045497f3dadb8e592d588818f4fa
results/paper/frontier_debug_selective_negative_local_metabolite_configuration_entropy_primary_no_kmeans_inh_0.7_smooth2.csv,1449,4296d1a5dafe3dd3b0af7de245b7bbead90c68ae8e72afc743b0a8531ba2a263
results/paper/frontier_debug_selective_negative_local_metabolite_configuration_entropy_primary_no_kmeans_inh_0.7_smooth3.csv,1449,4296d1a5dafe3dd3b0af7de245b7bbead90c68ae8e72afc743b0a8531ba2a263
results/paper/frontier_debug_selective_negative_local_metabolite_configuration_entropy_primary_no_kmeans_inh_0.7_smooth5.csv,1449,4296d1a5dafe3dd3b0af7de245b7bbead90c68ae8e72afc743b0a8531ba2a263
results/paper/frontier_debug_selective_negative_local_metabolite_configuration_entropy_primary_no_kmeans_inh_0.8_smooth1.csv,1776,af4cf317efb17e5da7af3ee13cf2befb3d29786a64b16e73ee23946cb0473f4e
results/paper/frontier_debug_selective_negative_local_metabolite_configuration_entropy_primary_no_kmeans_inh_0.8_smooth2.csv,1776,af4cf317efb17e5da7af3ee13cf2befb3d29786a64b16e73ee23946cb0473f4e
results/paper/frontier_debug_selective_negative_local_metabolite_configuration_entropy_primary_no_kmeans_inh_0.8_smooth3.csv,1776,af4cf317efb17e5da7af3ee13cf2befb3d29786a64b16e73ee23946cb0473f4e
results/paper/frontier_debug_selective_negative_local_metabolite_configuration_entropy_primary_no_kmeans_inh_0.8_smooth5.csv,1776,af4cf317efb17e5da7af3ee13cf2befb3d29786a64b16e73ee23946cb0473f4e
results/paper/frontier_debug_selective_negative_local_metabolite_configuration_entropy_primary_no_kmeans_inh_0.9_smooth1.csv,1888,958ef33c4db2e4f731209b842f2d5f92d8b1db457155bcd9d4250056235335eb
results/paper/frontier_debug_selective_negative_local_metabolite_configuration_entropy_primary_no_kmeans_inh_0.9_smooth2.csv,1887,c9cb11d19e2d56dcd01032559525a9050812c269ba6e485a54c961a3d8856e50
results/paper/frontier_debug_selective_negative_local_metabolite_configuration_entropy_primary_no_kmeans_inh_0.9_smooth3.csv,1886,c2c264cda8f59847353382bd426ee4353f27706956b2f3f01c47d6b192d7d06a
results/paper/frontier_debug_selective_negative_local_metabolite_configuration_entropy_primary_no_kmeans_inh_0.9_smooth5.csv,1885,e8d19e7dd89b9b4847de56ec0774bf52b3d4d7cc73a595d62cc210e2ff331a70
results/paper/frontier_debug_selective_negative_local_metabolite_configuration_entropy_primary_no_kmeans_inh_1.0_smooth1.csv,1955,16497cdb63f036d3de08dc0276607e756c3933ad3c1c4de9f7e914adc949c6a4
results/paper/frontier_debug_selective_negative_local_metabolite_configuration_entropy_primary_no_kmeans_inh_1.0_smooth2.csv,1955,63b1d2b7f87bb21fd588aaf229bc06606657757c380d2784863a723980efd166
results/paper/frontier_debug_selective_negative_local_metabolite_configuration_entropy_primary_no_kmeans_inh_1.0_smooth3.csv,1956,63b199060b99ddeed37227a10cfaae9a3085ccc766429773ec2bdccbbcf42af5
results/paper/frontier_debug_selective_negative_local_metabolite_configuration_entropy_primary_no_kmeans_inh_1.0_smooth5.csv,1956,c51a1f5e8a46971d535a9f2e4cc940a3dde893f9449993c0459133d4fc299cd1
results/paper/frontier_debug_selective_negative_protocell_compositional_entropy_all_methods_inh_0.1_smooth1.csv,1237,23c437a5bb4e4deb4bcd3493957f3cfcef49f7cac24b62196cba7a92c59fbb4b
results/paper/frontier_debug_selective_negative_protocell_compositional_entropy_all_methods_inh_0.1_smooth2.csv,1237,218370ab3f44862a52e7ff66ea38aef785136cbd22ceb07f33e69b8fc208cca0
results/paper/frontier_debug_selective_negative_protocell_compositional_entropy_all_methods_inh_0.1_smooth3.csv,1237,6c029870798de118f1f955005cc3f035efef899ad26db81d91d31d3ad27c7e7f
results/paper/frontier_debug_selective_negative_protocell_compositional_entropy_all_methods_inh_0.1_smooth5.csv,1237,f3aa44b201a0b668933a247f1a5a522a7e44b9aa2ee2d1489a40adfeb1449501
results/paper/frontier_debug_selective_negative_protocell_compositional_entropy_all_methods_inh_0.2_smooth1.csv,1248,7291f388f0e3d14c249c41d7ead68892b151c1db051aef50255d4e800152c754
results/paper/frontier_debug_selective_negative_protocell_compositional_entropy_all_methods_inh_0.2_smooth2.csv,1248,e24fd6813bc67551be1fae1b9a8d5083ee999a7ebd343a94cd2f011629ee4308
results/paper/frontier_debug_selective_negative_protocell_compositional_entropy_all_methods_inh_0.2_smooth3.csv,1248,556b01caf616d6178440b83262c660b3b6cc4fe22570028ab630da9c7d0b8779
results/paper/frontier_debug_selective_negative_protocell_compositional_entropy_all_methods_inh_0.2_smooth5.csv,1248,1bdbcc3b626199c7f9f3fa546cb0ceb9b5370e9b522a2571fc9b89d426937a67
results/paper/frontier_debug_selective_negative_protocell_compositional_entropy_all_methods_inh_0.3_smooth1.csv,1209,3a1e2de5f1ec832d52073fd4c3d9e48711473ae1a5e7c67ace0b7bef70504b5a
results/paper/frontier_debug_selective_negative_protocell_compositional_entropy_all_methods_inh_0.3_smooth2.csv,1206,25c888b1a27208a2f9d003195d37b2ce1b9f073facd153c86ef1c75d47728a0a
results/paper/frontier_debug_selective_negative_protocell_compositional_entropy_all_methods_inh_0.3_smooth3.csv,1203,458cdf28556e875291b437cb6ab899d4dda03c0d742c61a8d461c0d0952cf7c7
results/paper/frontier_debug_selective_negative_protocell_compositional_entropy_all_methods_inh_0.3_smooth5.csv,1200,6a3ac048b54bc490246709e571a4d9e8effb733a15ff071f49ea0b8b60cd71d0
results/paper/frontier_debug_selective_negative_protocell_compositional_entropy_all_methods_inh_0.4_smooth1.csv,1247,2f2871e368699c4b289854e271b7cff2fcbb4287b4968303d0f82dfb96591dcf
results/paper/frontier_debug_selective_negative_protocell_compositional_entropy_all_methods_inh_0.4_smooth2.csv,1246,b6c88cf53dd091a8f695af95ef18a471fc42e7ef08545a6ef6580149655fad1a
results/paper/frontier_debug_selective_negative_protocell_compositional_entropy_all_methods_inh_0.4_smooth3.csv,1245,6f4f7360ce83b810ee338e3df04e8bb64735cf82d1186fb12342b5e5934d13ca
results/paper/frontier_debug_selective_negative_protocell_compositional_entropy_all_methods_inh_0.4_smooth5.csv,1244,f84d0cf1e2c49c15e2d80baa3c44b174c8d973de7e25a0ee2670d1e98155663c
results/paper/frontier_debug_selective_negative_protocell_compositional_entropy_all_methods_inh_0.5_smooth1.csv,1306,0a8a54b1276916ffe40f19d5e753e304d8c9913728200e3a7a336d121046efe1
results/paper/frontier_debug_selective_negative_protocell_compositional_entropy_all_methods_inh_0.5_smooth2.csv,1306,9908171d7ab6e3403b1520851d127be2eb2412f38be2b046b45d8f5416735fda
results/paper/frontier_debug_selective_negative_protocell_compositional_entropy_all_methods_inh_0.5_smooth3.csv,1306,e9cf5a0e2a40277a9946afd048676215e1ae5570394db76e3fc28ea7349a20d5
results/paper/frontier_debug_selective_negative_protocell_compositional_entropy_all_methods_inh_0.5_smooth5.csv,1306,e9cf5a0e2a40277a9946afd048676215e1ae5570394db76e3fc28ea7349a20d5
results/paper/frontier_debug_selective_negative_protocell_compositional_entropy_all_methods_inh_0.6_smooth1.csv,1313,e5dd9c8a3230b20f1780a456315332c24461280f8b15edb77325acd3fb67ec4c
results/paper/frontier_debug_selective_negative_protocell_compositional_entropy_all_methods_inh_0.6_smooth2.csv,1315,7f7e11a43a37f121f4627c964db40d8fecc02edb175b33ad9d651dbd4478a17e
results/paper/frontier_debug_selective_negative_protocell_compositional_entropy_all_methods_inh_0.6_smooth3.csv,1317,1b72c46aea57ab5426b5a953c05605cdb411e3947ced2b005b04896ae200a4a0
results/paper/frontier_debug_selective_negative_protocell_compositional_entropy_all_methods_inh_0.6_smooth5.csv,1317,72907bd9573254eec92e59dc30411f02c769947c5c8818461249b80a71075e09
results/paper/frontier_debug_selective_negative_protocell_compositional_entropy_all_methods_inh_0.7_smooth1.csv,1560,866cf74d50a96a87f34083fb2cb44238d394e0bc555ae834fb95d008aa31085e
results/paper/frontier_debug_selective_negative_protocell_compositional_entropy_all_methods_inh_0.7_smooth2.csv,1561,98ea856627bf0c8f5d90858c5dab95a9c9b1a2283a68de8401905e4412e9e934
results/paper/frontier_debug_selective_negative_protocell_compositional_entropy_all_methods_inh_0.7_smooth3.csv,1561,0902b8a0717c1b77aa88462b87ff39dbac1ec73e29e22b8452e2e36764f6adc7
results/paper/frontier_debug_selective_negative_protocell_compositional_entropy_all_methods_inh_0.7_smooth5.csv,1561,78a3fb20fa411fad88c38b96ad34b706ba80331f850231126797689a51ea2242
results/paper/frontier_debug_selective_negative_protocell_compositional_entropy_all_methods_inh_0.8_smooth1.csv,1784,308208c68102e1813a95ee7101e7ab332cae5512e537d4f69319e174ce96db51
results/paper/frontier_debug_selective_negative_protocell_compositional_entropy_all_methods_inh_0.8_smooth2.csv,1784,9b38ee89cd2066441f79fb410902c4d9d30d6a221bf1f815ad0c5663e7b6d387
results/paper/frontier_debug_selective_negative_protocell_compositional_entropy_all_methods_inh_0.8_smooth3.csv,1784,581ad723621281389e74438a5f4101214476efd9e9276ee825193a78a60e3e26
results/paper/frontier_debug_selective_negative_protocell_compositional_entropy_all_methods_inh_0.8_smooth5.csv,1784,f02872499c158e0c365dacbea4b008c519bf1f334ef115b4cfe2ac4e8528c32c
results/paper/frontier_debug_selective_negative_protocell_compositional_entropy_all_methods_inh_0.9_smooth1.csv,1879,6cde02d0eb142ae03726231ac20b6039d9cc681726f69a8f5032f8095e866c33
results/paper/frontier_debug_selective_negative_protocell_compositional_entropy_all_methods_inh_0.9_smooth2.csv,1878,b1d628cbdf19521da97c3d12002c51272279ff055b38b04a1d153ee55a5c97e4
results/paper/frontier_debug_selective_negative_protocell_compositional_entropy_all_methods_inh_0.9_smooth3.csv,1877,30672f60ae158117677b5d2691e631ebe70ee184ea23103c05f58cd21a817604
results/paper/frontier_debug_selective_negative_protocell_compositional_entropy_all_methods_inh_0.9_smooth5.csv,1875,1533dbb33a33d2c9bb6eaa99e6b192379605982aef3dabab08e536113b7634ea
results/paper/frontier_debug_selective_negative_protocell_compositional_entropy_all_methods_inh_1.0_smooth1.csv,1768,9047d2dde125f08d1bf768b3c71cdf140276725ad01de223a27ce124f0595b4f
results/paper/frontier_debug_selective_negative_protocell_compositional_entropy_all_methods_inh_1.0_smooth2.csv,1768,f7c62ddd7e2e5f4dd2b89ec6a82cd8cc1f0859fd0d522fe2f82dcec034731b8b
results/paper/frontier_debug_selective_negative_protocell_compositional_entropy_all_methods_inh_1.0_smooth3.csv,1769,29beabbc119c235525540230c6655e5edd070ce7ee462967348aafda543b0711
results/paper/frontier_debug_selective_negative_protocell_compositional_entropy_all_methods_inh_1.0_smooth5.csv,1771,521193fcdc3b89e88fd555d049ec9bdea00e8c45bbc8008974f79d6148975c94
results/paper/frontier_debug_selective_negative_protocell_compositional_entropy_inh_0.1_smooth1.csv,1265,5ac42bf12e9cfabac0e0518d32da5d9b079b3700743741a5201036e0d9e907b5
results/paper/frontier_debug_selective_negative_protocell_compositional_entropy_inh_0.2_smooth1.csv,1265,c2f96f3a5cfedd3a817eca6959b082fa991783263ec05b194066f7352f6186d2
results/paper/frontier_debug_selective_negative_protocell_compositional_entropy_inh_0.3_smooth1.csv,1276,c1bc113cd5426d335726c7b7b3246c6c6fd10f1fe155ac453949830b474a2551
results/paper/frontier_debug_selective_negative_protocell_compositional_entropy_inh_0.4_smooth1.csv,1272,6e967866f41dd85c5230f3cdff201f282258595a5d7cccb176950be47f7686fb
results/paper/frontier_debug_selective_negative_protocell_compositional_entropy_inh_0.5_smooth1.csv,1338,78297683c934c09a136cd29fe6e85234aa9852a00d7138aea531c6ceb8bcec08
results/paper/frontier_debug_selective_negative_protocell_compositional_entropy_inh_0.6_smooth1.csv,1341,ef84b0a6026a55dc4aae4b3b4c081484f4411f59978b579f3b8556c2f2d63996
results/paper/frontier_debug_selective_negative_protocell_compositional_entropy_inh_0.7_smooth1.csv,1572,2f6859444cbfb8cb73ba99a3c3ea7b7ec5e92116bea873de6b508a33aa89f644
results/paper/frontier_debug_selective_negative_protocell_compositional_entropy_inh_0.8_smooth1.csv,1802,ad27825ad221e9266a1a4f45893e073dd599574360337cc2ba57a5587c8689d4
results/paper/frontier_debug_selective_negative_protocell_compositional_entropy_inh_0.9_smooth1.csv,1936,849184c96d8a4fe377d99eec400608a0b32f1dee0de90eefa79d2174039f5df5
results/paper/frontier_debug_selective_negative_protocell_compositional_entropy_inh_1.0_smooth1.csv,1829,73133436375d89520cbd9e09f136223ccb8e9a6374788d0d01de2193f2a9546e
results/paper/frontier_debug_selective_negative_protocell_compositional_entropy_kmeans_profile_inh_0.1_smooth1.csv,1192,7a8aa71bdf215804b84fc175f98d9bcbdfc6ad0e6291600a1132d8d4f4ef387a
results/paper/frontier_debug_selective_negative_protocell_compositional_entropy_kmeans_profile_inh_0.1_smooth2.csv,1192,2cb9c9b2e3f390826c71eee6647a9abbd63f0a7ff3914d38f831dc61c72f01d9
results/paper/frontier_debug_selective_negative_protocell_compositional_entropy_kmeans_profile_inh_0.1_smooth3.csv,1192,6dc54b241cb6bd1972c252758e1e1c1ca0503c14b76a6f6f1c98ca6d44b6f1d5
results/paper/frontier_debug_selective_negative_protocell_compositional_entropy_kmeans_profile_inh_0.1_smooth5.csv,1192,6dc54b241cb6bd1972c252758e1e1c1ca0503c14b76a6f6f1c98ca6d44b6f1d5
results/paper/frontier_debug_selective_negative_protocell_compositional_entropy_kmeans_profile_inh_0.2_smooth1.csv,1199,65fab220fa077c41841e269553b9025510e9e0dbb39178b7af9225d48d4b0f0d
results/paper/frontier_debug_selective_negative_protocell_compositional_entropy_kmeans_profile_inh_0.2_smooth2.csv,1199,934f0470085b48d2fb0e2596334442ec8e961f24077016c08b6da99bd0da86a6
results/paper/frontier_debug_selective_negative_protocell_compositional_entropy_kmeans_profile_inh_0.2_smooth3.csv,1199,7a8586f99b2b81653447b0fbe0e927a60b46b5f9357e56d9b21757306403bf37
results/paper/frontier_debug_selective_negative_protocell_compositional_entropy_kmeans_profile_inh_0.2_smooth5.csv,1199,b4421628c9a5e21cbe2b0425fe20a308aff4a8169b896a349b1d9df84e9e8d0d
results/paper/frontier_debug_selective_negative_protocell_compositional_entropy_kmeans_profile_inh_0.3_smooth1.csv,1297,97e2c5052cb5758f2550d1ed4d89114b83d72b570de4e4167fcba6f405f5c806
results/paper/frontier_debug_selective_negative_protocell_compositional_entropy_kmeans_profile_inh_0.3_smooth2.csv,1294,e8442342ae8109337e59f0fa33310b5c462ca87feff0dbd9b7225f7dcba11832
results/paper/frontier_debug_selective_negative_protocell_compositional_entropy_kmeans_profile_inh_0.3_smooth3.csv,1291,a3c4a61366be2d1e24981b3f9de2c997082dda9195100d5f666a18273fddfdb2
results/paper/frontier_debug_selective_negative_protocell_compositional_entropy_kmeans_profile_inh_0.3_smooth5.csv,1288,38e3e1f05b2ddfd6c4458fc578a3597d2d170413261dcfaa84dc2cb5bf129061
results/paper/frontier_debug_selective_negative_protocell_compositional_entropy_kmeans_profile_inh_0.4_smooth1.csv,1422,d70e766fdd1bbfc71d8538a63d04a0fca7f38e83bbbc6e1710a992d3b8caf370
results/paper/frontier_debug_selective_negative_protocell_compositional_entropy_kmeans_profile_inh_0.4_smooth2.csv,1421,825d6bc18ae787ec94461afec9cd94643f688258ba9e8815d8154492c9470492
results/paper/frontier_debug_selective_negative_protocell_compositional_entropy_kmeans_profile_inh_0.4_smooth3.csv,1421,ba23ea83a8d5f71d87910898a86e989ad51a211c2f2a2db95cf6c68749862608
results/paper/frontier_debug_selective_negative_protocell_compositional_entropy_kmeans_profile_inh_0.4_smooth5.csv,1421,cb898c72bb65908a261c54a00f47c448beb0818d0e138100d089fec469daebd3
results/paper/frontier_debug_selective_negative_protocell_compositional_entropy_kmeans_profile_inh_0.5_smooth1.csv,1418,4cb43f836a47c544fd5d43bd62b5e7a5c30ced5134db2bdbeb3aa28835708e1d
results/paper/frontier_debug_selective_negative_protocell_compositional_entropy_kmeans_profile_inh_0.5_smooth2.csv,1418,099105d054ba45dea3ba81556005d3a47a00f84729bf7e603277f22518df19b5
results/paper/frontier_debug_selective_negative_protocell_compositional_entropy_kmeans_profile_inh_0.5_smooth3.csv,1418,bb8918d12e1767896a3d53a5bef44a96aa63296f41516c8eca07644d66cec4d5
results/paper/frontier_debug_selective_negative_protocell_compositional_entropy_kmeans_profile_inh_0.5_smooth5.csv,1418,a6282be1852eb04fa17c9a22f375dbb9db8aa868b8a7f42bb08cedb40cac72b0
results/paper/frontier_debug_selective_negative_protocell_compositional_entropy_kmeans_profile_inh_0.6_smooth1.csv,1416,c354571f3c344bf3802a228ad697837c3f66dd763f6bde52af27b3d24a1607c8
results/paper/frontier_debug_selective_negative_protocell_compositional_entropy_kmeans_profile_inh_0.6_smooth2.csv,1417,a70faccc4f9bc2dad192b3a9cd5f5f85b6f294584824ec61a55a04e3d0ebe6a9
results/paper/frontier_debug_selective_negative_protocell_compositional_entropy_kmeans_profile_inh_0.6_smooth3.csv,1418,a952c493bd559b7c80452e1616bf56421bf56c847fc25ee761c887191f1d0ef9
results/paper/frontier_debug_selective_negative_protocell_compositional_entropy_kmeans_profile_inh_0.6_smooth5.csv,1418,a952c493bd559b7c80452e1616bf56421bf56c847fc25ee761c887191f1d0ef9
results/paper/frontier_debug_selective_negative_protocell_compositional_entropy_kmeans_profile_inh_0.7_smooth1.csv,1247,6737f2841b5c539ac75a37d2b6c06b0e2fa5b0dccae836cf9bdc9f4043ad45f9
results/paper/frontier_debug_selective_negative_protocell_compositional_entropy_kmeans_profile_inh_0.7_smooth2.csv,1248,81e382312aafbdd8cd030f95ecba11d7e0668a4b1bd0302aeca8f4cb9399cce9
results/paper/frontier_debug_selective_negative_protocell_compositional_entropy_kmeans_profile_inh_0.7_smooth3.csv,1249,4056d67b5dee5a66c42c477ad03ec4520851f65937c90dbd8d316a76c8e012c3
results/paper/frontier_debug_selective_negative_protocell_compositional_entropy_kmeans_profile_inh_0.7_smooth5.csv,1251,31a6000193c7f7ca6f8be8ed79aff318695ed2c1d2b86ed69bb015d506aaf854
results/paper/frontier_debug_selective_negative_protocell_compositional_entropy_kmeans_profile_inh_0.8_smooth1.csv,1492,9eaa47cce4fcdaaec0c0a6e7543dddb686215e09368b6b0ce3680c7795777f3b
results/paper/frontier_debug_selective_negative_protocell_compositional_entropy_kmeans_profile_inh_0.8_smooth2.csv,1492,2d5af598b069fade1c12d980876a23c548a1453f559e667ae1ab5b89de55b784
results/paper/frontier_debug_selective_negative_protocell_compositional_entropy_kmeans_profile_inh_0.8_smooth3.csv,1492,ecaa464208a924449f3cc35be9274db37548bf4bab1b662bb34e47d5d3dc6707
results/paper/frontier_debug_selective_negative_protocell_compositional_entropy_kmeans_profile_inh_0.8_smooth5.csv,1493,7dffcebb85fb6554e8e5137278cefde2b6dad08e096c5f2f2d096702a4c22610
results/paper/frontier_debug_selective_negative_protocell_compositional_entropy_kmeans_profile_inh_0.9_smooth1.csv,1636,9ecd763c78f188aac4065cfd1bd328fb7910d5a35f394833c43dc8c8f2c83452
results/paper/frontier_debug_selective_negative_protocell_compositional_entropy_kmeans_profile_inh_0.9_smooth2.csv,1635,c629273099fb4a361e7f8358e5e05c4db68bfb470b85fe7488f015e0617cece5
results/paper/frontier_debug_selective_negative_protocell_compositional_entropy_kmeans_profile_inh_0.9_smooth3.csv,1634,7361f8aceb5ce5bfb0bbb4b463cc5179767ce1dbf35c152358dbfd592ff97773
results/paper/frontier_debug_selective_negative_protocell_compositional_entropy_kmeans_profile_inh_0.9_smooth5.csv,1632,eaae782526863eec7a58df7311ab8d9c9076c0d46e1fa58da30481b8d4e5ce15
results/paper/frontier_debug_selective_negative_protocell_compositional_entropy_kmeans_profile_inh_1.0_smooth1.csv,1428,411648d36c0109b783725e592a5af690ae26339b2fc246e36ccc2f61674b9572
results/paper/frontier_debug_selective_negative_protocell_compositional_entropy_kmeans_profile_inh_1.0_smooth2.csv,1427,a446bae76f695d46182d27ae638aa735b8ca5c7b1df93d9d57fd99e11eb982c9
results/paper/frontier_debug_selective_negative_protocell_compositional_entropy_kmeans_profile_inh_1.0_smooth3.csv,1426,2f57e52823ebba06f187044ff27980385903773081556c93eecae7d8ba4d4364
results/paper/frontier_debug_selective_negative_protocell_compositional_entropy_kmeans_profile_inh_1.0_smooth5.csv,1424,d347e943269e1edbfc49672501a102680a5ba78d1d8c7acb9cdf3fde13db503a
results/paper/frontier_debug_selective_negative_protocell_compositional_entropy_primary_no_kmeans_inh_0.1_smooth1.csv,1265,5ac42bf12e9cfabac0e0518d32da5d9b079b3700743741a5201036e0d9e907b5
results/paper/frontier_debug_selective_negative_protocell_compositional_entropy_primary_no_kmeans_inh_0.1_smooth2.csv,1265,95d204b5566fd62e8b139c704d0fc9df6330c0ebd48b2ae6667fdf8a6e9b47a8
results/paper/frontier_debug_selective_negative_protocell_compositional_entropy_primary_no_kmeans_inh_0.1_smooth3.csv,1265,921b9961431967762ac7e0ebc14b489dea265251831fe8c4472f037937239cb9
results/paper/frontier_debug_selective_negative_protocell_compositional_entropy_primary_no_kmeans_inh_0.1_smooth5.csv,1265,1c11c849be3029f3317c048632098bb02ff226180fd4156d2cf126d1fd6596da
results/paper/frontier_debug_selective_negative_protocell_compositional_entropy_primary_no_kmeans_inh_0.2_smooth1.csv,1265,c2f96f3a5cfedd3a817eca6959b082fa991783263ec05b194066f7352f6186d2
results/paper/frontier_debug_selective_negative_protocell_compositional_entropy_primary_no_kmeans_inh_0.2_smooth2.csv,1265,a3278367c9707b3a5c93e9222f3bbf67900deeaba12f171c9c02902ee1ea4bed
results/paper/frontier_debug_selective_negative_protocell_compositional_entropy_primary_no_kmeans_inh_0.2_smooth3.csv,1265,f51cb77dbd417225c6562c8fee95530e093f9494fa4b2738c7ce24ae0669cdb5
results/paper/frontier_debug_selective_negative_protocell_compositional_entropy_primary_no_kmeans_inh_0.2_smooth5.csv,1265,b765e70bc014a43c541e530ebbf92cb7f49720ac593a18c5a50b980f5e2b4fb6
results/paper/frontier_debug_selective_negative_protocell_compositional_entropy_primary_no_kmeans_inh_0.3_smooth1.csv,1276,c1bc113cd5426d335726c7b7b3246c6c6fd10f1fe155ac453949830b474a2551
results/paper/frontier_debug_selective_negative_protocell_compositional_entropy_primary_no_kmeans_inh_0.3_smooth2.csv,1275,2acdad60f6e5bb1e528a4538ef23b10e951bea1455ee2e6e36306511cc84c9cc
results/paper/frontier_debug_selective_negative_protocell_compositional_entropy_primary_no_kmeans_inh_0.3_smooth3.csv,1274,4854b8b836620447986703177f09088d619debcb2ec9504ec53d4e2118b3769a
results/paper/frontier_debug_selective_negative_protocell_compositional_entropy_primary_no_kmeans_inh_0.3_smooth5.csv,1272,d82518a2b590c0a6f6e5d60d7530276802cd3aff845536b7fc2cdfa09e687847
results/paper/frontier_debug_selective_negative_protocell_compositional_entropy_primary_no_kmeans_inh_0.4_smooth1.csv,1272,6e967866f41dd85c5230f3cdff201f282258595a5d7cccb176950be47f7686fb
results/paper/frontier_debug_selective_negative_protocell_compositional_entropy_primary_no_kmeans_inh_0.4_smooth2.csv,1272,9c4a1c4c7aa653f030cea2452ec5beb1b9e4cb72ba04eff3f74246b37e5c386f
results/paper/frontier_debug_selective_negative_protocell_compositional_entropy_primary_no_kmeans_inh_0.4_smooth3.csv,1271,062b44102fc0e4240813ec5b1a2dfcb6d49debefd111b057b4f7828ca9cc25e4
results/paper/frontier_debug_selective_negative_protocell_compositional_entropy_primary_no_kmeans_inh_0.4_smooth5.csv,1270,3d53819bda7e8c0c21ab2801d82ab4a87ce84ece188a38647e5ae5cdaf760975
results/paper/frontier_debug_selective_negative_protocell_compositional_entropy_primary_no_kmeans_inh_0.5_smooth1.csv,1338,78297683c934c09a136cd29fe6e85234aa9852a00d7138aea531c6ceb8bcec08
results/paper/frontier_debug_selective_negative_protocell_compositional_entropy_primary_no_kmeans_inh_0.5_smooth2.csv,1337,0832fed8aa0624670ec545c2e4b9966aff9133846a48c3e051e4f30c72be8213
results/paper/frontier_debug_selective_negative_protocell_compositional_entropy_primary_no_kmeans_inh_0.5_smooth3.csv,1336,064c32c6181a164ec8844a4598285eb81bd714e36e1eef1f3476b983ffabd846
results/paper/frontier_debug_selective_negative_protocell_compositional_entropy_primary_no_kmeans_inh_0.5_smooth5.csv,1336,064c32c6181a164ec8844a4598285eb81bd714e36e1eef1f3476b983ffabd846
results/paper/frontier_debug_selective_negative_protocell_compositional_entropy_primary_no_kmeans_inh_0.6_smooth1.csv,1341,ef84b0a6026a55dc4aae4b3b4c081484f4411f59978b579f3b8556c2f2d63996
results/paper/frontier_debug_selective_negative_protocell_compositional_entropy_primary_no_kmeans_inh_0.6_smooth2.csv,1343,0da8332d34a22763c5aa40ed4dd881f6f3b77210e7c629bd9d47b3d3bd5e9375
results/paper/frontier_debug_selective_negative_protocell_compositional_entropy_primary_no_kmeans_inh_0.6_smooth3.csv,1345,b70dc4bad107abc12c7abc30a963935091ca62034338e36bed3a2459f25a1a55
results/paper/frontier_debug_selective_negative_protocell_compositional_entropy_primary_no_kmeans_inh_0.6_smooth5.csv,1345,93453bc9553375c2b73756b02bf541c65fc961d13f0fdddcf2f255b07a83923d
results/paper/frontier_debug_selective_negative_protocell_compositional_entropy_primary_no_kmeans_inh_0.7_smooth1.csv,1572,2f6859444cbfb8cb73ba99a3c3ea7b7ec5e92116bea873de6b508a33aa89f644
results/paper/frontier_debug_selective_negative_protocell_compositional_entropy_primary_no_kmeans_inh_0.7_smooth2.csv,1573,ca7911dab4fc3eb9e0891c2a9ffbdb65aa448f666bd6057380b9445e2b983b1b
results/paper/frontier_debug_selective_negative_protocell_compositional_entropy_primary_no_kmeans_inh_0.7_smooth3.csv,1573,e355713a4b1e7c87ac9c08b244a78c0dfbc37202f6c6b853d7cdf2189628ffb9
results/paper/frontier_debug_selective_negative_protocell_compositional_entropy_primary_no_kmeans_inh_0.7_smooth5.csv,1573,918ae8211490f51d006c414b48a32f2fefc83f5c36248d798f8e30ac025f5767
results/paper/frontier_debug_selective_negative_protocell_compositional_entropy_primary_no_kmeans_inh_0.8_smooth1.csv,1802,ad27825ad221e9266a1a4f45893e073dd599574360337cc2ba57a5587c8689d4
results/paper/frontier_debug_selective_negative_protocell_compositional_entropy_primary_no_kmeans_inh_0.8_smooth2.csv,1802,eb25c04733790c8fd0968bcd85acf062e3766675ed6d7004dec16d9d57e483f8
results/paper/frontier_debug_selective_negative_protocell_compositional_entropy_primary_no_kmeans_inh_0.8_smooth3.csv,1802,82a7fcadfdb53b9d889f9510aa0258a7bdbda2f63815db53773a3342eb6e47e7
results/paper/frontier_debug_selective_negative_protocell_compositional_entropy_primary_no_kmeans_inh_0.8_smooth5.csv,1802,085cf84fb9bcae1237ac27bac3c930a610ee86f0e68eca508d560c341dd4c051
results/paper/frontier_debug_selective_negative_protocell_compositional_entropy_primary_no_kmeans_inh_0.9_smooth1.csv,1936,849184c96d8a4fe377d99eec400608a0b32f1dee0de90eefa79d2174039f5df5
results/paper/frontier_debug_selective_negative_protocell_compositional_entropy_primary_no_kmeans_inh_0.9_smooth2.csv,1935,21916aaa2ef18f51f081eac59c7db360c7bee63debbd62c422ae404082cd9b82
results/paper/frontier_debug_selective_negative_protocell_compositional_entropy_primary_no_kmeans_inh_0.9_smooth3.csv,1934,77c22d7cda7986e138c9280152e88a231e8990362560b0e6df95a0d21a583116
results/paper/frontier_debug_selective_negative_protocell_compositional_entropy_primary_no_kmeans_inh_0.9_smooth5.csv,1932,45b15ff993d1baa2486418df3be3f264baefc005ffcc0cb0e5338d7b2e22f4f7
results/paper/frontier_debug_selective_negative_protocell_compositional_entropy_primary_no_kmeans_inh_1.0_smooth1.csv,1829,73133436375d89520cbd9e09f136223ccb8e9a6374788d0d01de2193f2a9546e
results/paper/frontier_debug_selective_negative_protocell_compositional_entropy_primary_no_kmeans_inh_1.0_smooth2.csv,1828,38647c76a3c8e0fa66fffd7ebe8c663cc7ddfb1456a9a396409b939ad5c7b57d
results/paper/frontier_debug_selective_negative_protocell_compositional_entropy_primary_no_kmeans_inh_1.0_smooth3.csv,1828,38647c76a3c8e0fa66fffd7ebe8c663cc7ddfb1456a9a396409b939ad5c7b57d
results/paper/frontier_debug_selective_negative_protocell_compositional_entropy_primary_no_kmeans_inh_1.0_smooth5.csv,1828,38647c76a3c8e0fa66fffd7ebe8c663cc7ddfb1456a9a396409b939ad5c7b57d
results/paper/frontier_debug_selective_threshold_survival_all_methods_inh_0.1_smooth1.csv,864,85d8bdc587b05b320e60a63ddb61d3e7e48251dc603534e99186698f30814b44
results/paper/frontier_debug_selective_threshold_survival_all_methods_inh_0.1_smooth2.csv,864,22d1a5d490ea2295e8cd4f280a6bb160e18ea1c4b9c0cccc2317110c944bde1a
results/paper/frontier_debug_selective_threshold_survival_all_methods_inh_0.1_smooth3.csv,864,130866417aef730b4e9f47f4773c8d0bc826ef7a7386e50a6a7c67d6fb2824a6
results/paper/frontier_debug_selective_threshold_survival_all_methods_inh_0.1_smooth5.csv,833,78c8373fbf39ad896fc5f9f22b55f1e1d07c3146a2e94edff46e6f9ebfe5c7c8
results/paper/frontier_debug_selective_threshold_survival_all_methods_inh_0.2_smooth1.csv,823,48851c8b2c27c773e0f06bd3002c8f679d0ca88561b49b7a7875504b839299e7
results/paper/frontier_debug_selective_threshold_survival_all_methods_inh_0.2_smooth2.csv,823,4696b9658abba3baaf5854fb6d17881606e7ebe390abf315019c2915d6defa33
results/paper/frontier_debug_selective_threshold_survival_all_methods_inh_0.2_smooth3.csv,823,f244a15551c71eac24529a97e0858b3bde5ec7f6c7738c05122c4be8c0164984
results/paper/frontier_debug_selective_threshold_survival_all_methods_inh_0.2_smooth5.csv,793,15299c980618a24394e59f29d3cc1213af773f29dd816c1558202c15c4785d6d
results/paper/frontier_debug_selective_threshold_survival_all_methods_inh_0.3_smooth1.csv,794,499e805ecef6909fba63178abcee10ea4841ccf1a47311cb30fcfa10a8aefd60
results/paper/frontier_debug_selective_threshold_survival_all_methods_inh_0.3_smooth2.csv,794,fb6f2fa31e63b82fe157534d83429976a85896fa2ddc240b16fe977130dcbeac
results/paper/frontier_debug_selective_threshold_survival_all_methods_inh_0.3_smooth3.csv,794,8534657d75054b24f3cd257f0252e7185c9dd3af2eaf18c00e99d3b65e34cf3d
results/paper/frontier_debug_selective_threshold_survival_all_methods_inh_0.3_smooth5.csv,779,2f74d076309ee1aee2a35e4153beba77826117e9a633f1f5c39f097d266be62a
results/paper/frontier_debug_selective_threshold_survival_all_methods_inh_0.4_smooth1.csv,764,08b4afdad6debea78cbd9bebf743e4befe44e47d9024ccd630dbbd239bf1f015
results/paper/frontier_debug_selective_threshold_survival_all_methods_inh_0.4_smooth2.csv,764,5ef5077147434dec5f376deedd680e34c3b38c67b9a68729cfb25cfcd9557c61
results/paper/frontier_debug_selective_threshold_survival_all_methods_inh_0.4_smooth3.csv,764,6401fdd94a1246baca90c5fea9efd3123df06d3a2ca77317685f16d3642ecadf
results/paper/frontier_debug_selective_threshold_survival_all_methods_inh_0.4_smooth5.csv,763,ede456b5b69f7169fde44f24a7d24918eb49b2df15dfb71c9b20ab33fd78a1b3
results/paper/frontier_debug_selective_threshold_survival_all_methods_inh_0.5_smooth1.csv,846,cc48d512884e649a47f9e53add53123f236a5484e2999fcfd0078004600a59fe
results/paper/frontier_debug_selective_threshold_survival_all_methods_inh_0.5_smooth2.csv,846,0d201d074a8b24d09927c67e95ed575ea8db180f7354c4c5447b0adc8fa26178
results/paper/frontier_debug_selective_threshold_survival_all_methods_inh_0.5_smooth3.csv,846,711de9c65427fd29f09c19cc44d4f39f424a3ee3b62ec75cfedb3763e5a201c4
results/paper/frontier_debug_selective_threshold_survival_all_methods_inh_0.5_smooth5.csv,816,c4466ae89cee9c876d732c54374f52eec8c83130e682b0a097cb57ab45b820ea
results/paper/frontier_debug_selective_threshold_survival_all_methods_inh_0.6_smooth1.csv,788,d344f376eec43e6461c96db477f27bf087ec5015922d2ee10445b36f4f503f3c
results/paper/frontier_debug_selective_threshold_survival_all_methods_inh_0.6_smooth2.csv,788,10732e5f149e1c6af6679e758e490d7d4e90293349ee497473999e8c599adc1b
results/paper/frontier_debug_selective_threshold_survival_all_methods_inh_0.6_smooth3.csv,788,de6e1c6b4ab8bde2a4ac8b2a302b6003b7eaaf3705bd440fbcb5760758b94258
results/paper/frontier_debug_selective_threshold_survival_all_methods_inh_0.6_smooth5.csv,773,9ef0d5e283c5f6cb5c4465a609b0951b762aca906d8ead2bf195bd68a680151f
results/paper/frontier_debug_selective_threshold_survival_all_methods_inh_0.7_smooth1.csv,854,01ef4fa2c370ba50dba921e17993463eac22e22831cd007f48137fff5b8d3622
results/paper/frontier_debug_selective_threshold_survival_all_methods_inh_0.7_smooth2.csv,854,82ce3c251cc0f31fdd8b96159a10e920ff17c6291688c624b008a7046a7afb6d
results/paper/frontier_debug_selective_threshold_survival_all_methods_inh_0.7_smooth3.csv,854,a51e1bf53ffd857a7082a47856454e8ec838d1c8fc8fb87da5fce0156e8e6d15
results/paper/frontier_debug_selective_threshold_survival_all_methods_inh_0.7_smooth5.csv,851,7efaf6c87370491e318be4031804e5f41235c4a13c8b51319a6ece99681a6d55
results/paper/frontier_debug_selective_threshold_survival_all_methods_inh_0.8_smooth1.csv,1077,ccd14ffd12b53bbeda2617dc0f55b28284414c5504fb98e6aeab30a7178259fc
results/paper/frontier_debug_selective_threshold_survival_all_methods_inh_0.8_smooth2.csv,1077,c6f39a081ddf62f42ad7b983f38ca4da0d0961f7f168edfc2d5caa815d3c4fe9
results/paper/frontier_debug_selective_threshold_survival_all_methods_inh_0.8_smooth3.csv,1077,1f967633ae034929921ed035b1bb8436591d185348488e1bbc4608c37e37c1b8
results/paper/frontier_debug_selective_threshold_survival_all_methods_inh_0.8_smooth5.csv,1047,03c1c073b1cd33a498ae1d81cba0bfed91929ea0980150316f8ba8586c1c5390
results/paper/frontier_debug_selective_threshold_survival_all_methods_inh_0.9_smooth1.csv,1240,0624d11f52989409e4c872a3aa655e2b7891206ac42370cf5312c2fcbbf67669
results/paper/frontier_debug_selective_threshold_survival_all_methods_inh_0.9_smooth2.csv,1240,6ab0a471efc6fce20fbfb589a6406336e22ac87b51dde44c4e9d82efcdad3f5a
results/paper/frontier_debug_selective_threshold_survival_all_methods_inh_0.9_smooth3.csv,1240,b9c76cbd7ba919375c655b1ba0f31ff932f74009750f86d8e9f94272e691692c
results/paper/frontier_debug_selective_threshold_survival_all_methods_inh_0.9_smooth5.csv,1238,1cbbf65ad375ff5004b10148387dee753fa1c22db778680743ce20a94dbe1959
results/paper/frontier_debug_selective_threshold_survival_all_methods_inh_1.0_smooth1.csv,1126,04e6994842ccdc21441a3342ef98b350e070daf6505756e16679c6a36b6384be
results/paper/frontier_debug_selective_threshold_survival_all_methods_inh_1.0_smooth2.csv,1126,0138f8bc73b093fc2bbfa586ca07106948bd1defc5f3e5315a11d759c38383d4
results/paper/frontier_debug_selective_threshold_survival_all_methods_inh_1.0_smooth3.csv,1111,b66fbf9c695bdc888f5b5d32358950a2ec447237c2e01526442baa6e15dd3b41
results/paper/frontier_debug_selective_threshold_survival_all_methods_inh_1.0_smooth5.csv,1111,b66fbf9c695bdc888f5b5d32358950a2ec447237c2e01526442baa6e15dd3b41
results/paper/frontier_debug_selective_threshold_survival_inh_0.1_smooth1.csv,928,843243f54617ef2fb50989aba454668027c3d19bf71ce75eee8c45a08641e0b4
results/paper/frontier_debug_selective_threshold_survival_inh_0.2_smooth1.csv,857,f4dd703b31ca46c76e76cb5f96e3e6edd329457844ca4b3f757986557190e023
results/paper/frontier_debug_selective_threshold_survival_inh_0.3_smooth1.csv,858,317a58210e9f58d3d4f6432f92f64ea5e4397bf6c5cffda49f527ab5affb9753
results/paper/frontier_debug_selective_threshold_survival_inh_0.4_smooth1.csv,856,d8cc45a5ec1f0b1d20319b54dfe4383c33511ff318021d451ecbd7826d27ca8b
results/paper/frontier_debug_selective_threshold_survival_inh_0.5_smooth1.csv,850,56e0882d47452ebb5a8f3cbf521ec83e68e839479ef939ba24ac9a02b6bdad3f
results/paper/frontier_debug_selective_threshold_survival_inh_0.6_smooth1.csv,850,e661308b14b37912e8807d9847c89176f7e9e46ecf20a697c4cf04c3436c60cd
results/paper/frontier_debug_selective_threshold_survival_inh_0.7_smooth1.csv,947,d53fafc46fca0d416be57e75b9bae89f14e4a87d4ab85ed75ddd1c805f34bb5b
results/paper/frontier_debug_selective_threshold_survival_inh_0.8_smooth1.csv,1095,b045b6a95c5412e14a67ecb38c2329942db76d3da82cfbc888ab1c287c53a3ce
results/paper/frontier_debug_selective_threshold_survival_inh_0.9_smooth1.csv,1408,4bfb5bfca22a25d75814a6873fd7dc572571c06c10b0425fb7831e570cb2ff9c
results/paper/frontier_debug_selective_threshold_survival_inh_1.0_smooth1.csv,1317,eba0cfe7ddb553eef9d181dd40af1d1453ed8c10b4bdafebd10dbf735b822f2f
results/paper/frontier_debug_selective_threshold_survival_kmeans_profile_inh_0.1_smooth1.csv,941,b4424ed048b1b53213c0a3a3ace22697f570afd797c965f4669b3a9ad9d9fd65
results/paper/frontier_debug_selective_threshold_survival_kmeans_profile_inh_0.1_smooth2.csv,941,d0d666b8a7b63625c29b806b18a52f60d7128591c340108a9c043b85b4c7a610
results/paper/frontier_debug_selective_threshold_survival_kmeans_profile_inh_0.1_smooth3.csv,941,bb9791e51d2f023416346e020516129f5d29c8fb8da6ebd2e5f8257de4394e91
results/paper/frontier_debug_selective_threshold_survival_kmeans_profile_inh_0.1_smooth5.csv,910,d9d58e1c17270102b1d85aa6252cb19e0e0030d00eb7de0e1cd78cd2b2e767b0
results/paper/frontier_debug_selective_threshold_survival_kmeans_profile_inh_0.2_smooth1.csv,897,23353faa1c28eb751e7544a7b0639ac793bb0463c60b819e28759c8266a91a30
results/paper/frontier_debug_selective_threshold_survival_kmeans_profile_inh_0.2_smooth2.csv,897,9ac82871479299f423553afbd6531350476e8f2f27a9536aaaa3298add7ec2c7
results/paper/frontier_debug_selective_threshold_survival_kmeans_profile_inh_0.2_smooth3.csv,897,f6a5377b082c92429e6204bf53705cf275ab014131d96d9a11ffeed868c8a812
results/paper/frontier_debug_selective_threshold_survival_kmeans_profile_inh_0.2_smooth5.csv,867,0d837355a3ae15e4e062912034f104d61f753d22f7dfee57ac3950f718b489c2
results/paper/frontier_debug_selective_threshold_survival_kmeans_profile_inh_0.3_smooth1.csv,914,b3834d7d4ff10f961b2808889af94fb56edc0a0bac1a5264cca9035928f5c209
results/paper/frontier_debug_selective_threshold_survival_kmeans_profile_inh_0.3_smooth2.csv,914,1815f185571b6084060753d4453562d5c78934fff34502be678717b15a1b7902
results/paper/frontier_debug_selective_threshold_survival_kmeans_profile_inh_0.3_smooth3.csv,914,e6b616441e0a40fb58133dea0aa6d251f773c367c358d9618d3ef393fb4ffba8
results/paper/frontier_debug_selective_threshold_survival_kmeans_profile_inh_0.3_smooth5.csv,899,cc57677aa906fbd96c921b6a9b03640b42d14f6de4e10a1205227ea6427f001c
results/paper/frontier_debug_selective_threshold_survival_kmeans_profile_inh_0.4_smooth1.csv,883,500986456b18a457b6b4127d9c1d7eb0567404749efaa5dd16f299ddb575c55b
results/paper/frontier_debug_selective_threshold_survival_kmeans_profile_inh_0.4_smooth2.csv,883,5fbf889c8ee4791ad0e525bc7f28c44b974bd5682225f261a36f6d79762072e5
results/paper/frontier_debug_selective_threshold_survival_kmeans_profile_inh_0.4_smooth3.csv,883,7f48c7f416526b7f87a172d6f972e9675395d908a74bf9365180149287144e18
results/paper/frontier_debug_selective_threshold_survival_kmeans_profile_inh_0.4_smooth5.csv,882,83b57ebb110d3dd39340ce2a5d8a2ecce3ec7dd7a173dee7fdbdfd689eb2744f
results/paper/frontier_debug_selective_threshold_survival_kmeans_profile_inh_0.5_smooth1.csv,837,0815346b5d81e205e572406e3926cf1b666e3d5fbeb4a5c62d3105a5c8b35d66
results/paper/frontier_debug_selective_threshold_survival_kmeans_profile_inh_0.5_smooth2.csv,837,fa62218806fbd459dae9276d510e7827718a353682f992ca8d65f32129903adb
results/paper/frontier_debug_selective_threshold_survival_kmeans_profile_inh_0.5_smooth3.csv,837,157d4dd46dff3427fe73395c7a62a76075f114a5581cc0201f3c19cfcd0edca4
results/paper/frontier_debug_selective_threshold_survival_kmeans_profile_inh_0.5_smooth5.csv,807,720f5aac71d620bc91b9a1161897c9fa423d62c5b229c0a79cab63ffc40284af
results/paper/frontier_debug_selective_threshold_survival_kmeans_profile_inh_0.6_smooth1.csv,908,04179cd64e39c62b7fbefb965745e447e06aa9569be9c0ba33080037afe41da2
results/paper/frontier_debug_selective_threshold_survival_kmeans_profile_inh_0.6_smooth2.csv,908,57bfeaf2786ddf64a98764c97ea17e187a8cdfff83fc7414a25a6c65486f4162
results/paper/frontier_debug_selective_threshold_survival_kmeans_profile_inh_0.6_smooth3.csv,908,82fc1e57c161c8fa393cb0a1ce4e7a86829633da8241838505338dcdee3962cc
results/paper/frontier_debug_selective_threshold_survival_kmeans_profile_inh_0.6_smooth5.csv,893,69ff46571e194112884c9de67bd8cc1a313ddc7fc01b0fd204376a08056e7747
results/paper/frontier_debug_selective_threshold_survival_kmeans_profile_inh_0.7_smooth1.csv,844,cc0006237888e547b4ca91e0c7a399d29be09f1076d935063e75b76794d0edcb
results/paper/frontier_debug_selective_threshold_survival_kmeans_profile_inh_0.7_smooth2.csv,844,0758e4c57d8066328d9eebb49edb80cbdaa07344481f93aed3dcc740a88f8bac
results/paper/frontier_debug_selective_threshold_survival_kmeans_profile_inh_0.7_smooth3.csv,844,b45da6c67b90f5ff27d2949a82f7faa3590d0ccd8868d9b040bb396c935814e6
results/paper/frontier_debug_selective_threshold_survival_kmeans_profile_inh_0.7_smooth5.csv,841,acb8fbdaedce25803a39d4f21a3dcc558d68ee1373d8ed29900ba2314c338262
results/paper/frontier_debug_selective_threshold_survival_kmeans_profile_inh_0.8_smooth1.csv,932,41d828db62c6e2d6221a7934d689756aa135bc0b8c367607aaaffa82a60b75d7
results/paper/frontier_debug_selective_threshold_survival_kmeans_profile_inh_0.8_smooth2.csv,932,5a4f751cc01a146b7a7e3d5398b96664d44ebef4309751aba29a4330fe808ef5
results/paper/frontier_debug_selective_threshold_survival_kmeans_profile_inh_0.8_smooth3.csv,932,7fbf27a3472964b76c1cb265a5b4b3fe41bea28d5a9c8b68835d8b9471377726
results/paper/frontier_debug_selective_threshold_survival_kmeans_profile_inh_0.8_smooth5.csv,902,2d749ba010b1841be16d17a89a3df7545ff71f97996cbcef7b371e92b989155c
results/paper/frontier_debug_selective_threshold_survival_kmeans_profile_inh_0.9_smooth1.csv,965,e90ed860cbdd1dad8ba6406bedf0b563a35f8bc5a790f19364eccc25395080e5
results/paper/frontier_debug_selective_threshold_survival_kmeans_profile_inh_0.9_smooth2.csv,965,6ee9cbc42468258629738ffdeafcc60c6cc46377f62384849d54b96f2b428df5
results/paper/frontier_debug_selective_threshold_survival_kmeans_profile_inh_0.9_smooth3.csv,965,73218cd33683cb875cd0fd309f31902c9a7e61066f28c00479c1c7b90243cba3
results/paper/frontier_debug_selective_threshold_survival_kmeans_profile_inh_0.9_smooth5.csv,963,0a7b5a1bc2de49162a0538687ab52f35c28ccedf67392a451ddbdc73937f3786
results/paper/frontier_debug_selective_threshold_survival_kmeans_profile_inh_1.0_smooth1.csv,903,9249c74c97c549aacf4310ca61546e2f7ea3d6d3c7da8ebc79670135fe1be211
results/paper/frontier_debug_selective_threshold_survival_kmeans_profile_inh_1.0_smooth2.csv,903,43a441c900f8ae10cd63e17df34f28da7726667c9c92140750c1c2cda3f87ba8
results/paper/frontier_debug_selective_threshold_survival_kmeans_profile_inh_1.0_smooth3.csv,888,4bd35b77d552ae83f0cef392820024a41dfe32121a92ecf5996a2fe963ad566b
results/paper/frontier_debug_selective_threshold_survival_kmeans_profile_inh_1.0_smooth5.csv,888,4bd35b77d552ae83f0cef392820024a41dfe32121a92ecf5996a2fe963ad566b
results/paper/frontier_debug_selective_threshold_survival_primary_no_kmeans_inh_0.1_smooth1.csv,928,843243f54617ef2fb50989aba454668027c3d19bf71ce75eee8c45a08641e0b4
results/paper/frontier_debug_selective_threshold_survival_primary_no_kmeans_inh_0.1_smooth2.csv,944,709119e6bda7eddd73db7d0477465d130b72ecdcbe70c093f6c5cdd455ecbdc4
results/paper/frontier_debug_selective_threshold_survival_primary_no_kmeans_inh_0.1_smooth3.csv,960,3961b5ed97e01ab962d427f795e034b72decc76da1011d4d06f0363170e4e269
results/paper/frontier_debug_selective_threshold_survival_primary_no_kmeans_inh_0.1_smooth5.csv,992,2e57012eb3a343fa75ec2d713f0c77d4fc6c2b977b09c5706d7739f2ce9d843c
results/paper/frontier_debug_selective_threshold_survival_primary_no_kmeans_inh_0.2_smooth1.csv,857,f4dd703b31ca46c76e76cb5f96e3e6edd329457844ca4b3f757986557190e023
results/paper/frontier_debug_selective_threshold_survival_primary_no_kmeans_inh_0.2_smooth2.csv,874,22d8119cfcf14db377baa4cd2dac3489d3a66e7fb6bf30edcfb5a616cf19bd3a
results/paper/frontier_debug_selective_threshold_survival_primary_no_kmeans_inh_0.2_smooth3.csv,891,61ca0eb9a40d626e4e16ccc0ee1ad1c9eb5069b2ce178ce97caf260df023f455
results/paper/frontier_debug_selective_threshold_survival_primary_no_kmeans_inh_0.2_smooth5.csv,925,596ef53d85a256f0dafeb438cc254e11b09944c65d71e94084ec55161c0238a3
results/paper/frontier_debug_selective_threshold_survival_primary_no_kmeans_inh_0.3_smooth1.csv,858,317a58210e9f58d3d4f6432f92f64ea5e4397bf6c5cffda49f527ab5affb9753
results/paper/frontier_debug_selective_threshold_survival_primary_no_kmeans_inh_0.3_smooth2.csv,875,1e4d17ac584dd798383cd633437912327adeed11a29a7cb92cd845c77b9b423d
results/paper/frontier_debug_selective_threshold_survival_primary_no_kmeans_inh_0.3_smooth3.csv,892,fc03b7de5fa9912c8dc2f87c14d00e18be7d9429bcb8d07adc0f0e313ce46289
results/paper/frontier_debug_selective_threshold_survival_primary_no_kmeans_inh_0.3_smooth5.csv,926,56443612049eb2a652aa106478bd7d5476b1bc8a1da7292e1711293a13a58d65
results/paper/frontier_debug_selective_threshold_survival_primary_no_kmeans_inh_0.4_smooth1.csv,856,d8cc45a5ec1f0b1d20319b54dfe4383c33511ff318021d451ecbd7826d27ca8b
results/paper/frontier_debug_selective_threshold_survival_primary_no_kmeans_inh_0.4_smooth2.csv,873,af11d5bdcc1118edc3138239f7748381adcf22816a47f78e2841c27065e5fc91
results/paper/frontier_debug_selective_threshold_survival_primary_no_kmeans_inh_0.4_smooth3.csv,890,f32e17a97e9c736223ab4bf1e8d12c02819896dcc86bbc2fe72e6e5550e0f4f1
results/paper/frontier_debug_selective_threshold_survival_primary_no_kmeans_inh_0.4_smooth5.csv,924,39bd59bf461786144dd6f797dd8003926ef3a578fd0365dc1e5766759b4f3cd4
results/paper/frontier_debug_selective_threshold_survival_primary_no_kmeans_inh_0.5_smooth1.csv,850,56e0882d47452ebb5a8f3cbf521ec83e68e839479ef939ba24ac9a02b6bdad3f
results/paper/frontier_debug_selective_threshold_survival_primary_no_kmeans_inh_0.5_smooth2.csv,867,0d6285eefa299d9b2ae680d37155bcb8df1fad1f4229a11a5744fca8d64482c7
results/paper/frontier_debug_selective_threshold_survival_primary_no_kmeans_inh_0.5_smooth3.csv,884,deec4f11cfbea68d430ca179bc0fa8dd5f521688b2f65402f6cde7155a3215eb
results/paper/frontier_debug_selective_threshold_survival_primary_no_kmeans_inh_0.5_smooth5.csv,918,da561e0e4ec6c78eb1bc65e6a9945818aea4aa6bcd185c7e63c7a099166f6f03
results/paper/frontier_debug_selective_threshold_survival_primary_no_kmeans_inh_0.6_smooth1.csv,850,e661308b14b37912e8807d9847c89176f7e9e46ecf20a697c4cf04c3436c60cd
results/paper/frontier_debug_selective_threshold_survival_primary_no_kmeans_inh_0.6_smooth2.csv,866,1b236a862c55e772a08608aedc14a854706cec1bcfc4256bebfacf36d0556b8e
results/paper/frontier_debug_selective_threshold_survival_primary_no_kmeans_inh_0.6_smooth3.csv,882,6c271396ccb674bd5843049c1cf77e09f96153e8185b3b57dfa6db05e943fcf5
results/paper/frontier_debug_selective_threshold_survival_primary_no_kmeans_inh_0.6_smooth5.csv,914,d07cbc3b0997f1b744dc4ef14fb3e9a4382f777d8d7ca0939e9910b937a79839
results/paper/frontier_debug_selective_threshold_survival_primary_no_kmeans_inh_0.7_smooth1.csv,947,d53fafc46fca0d416be57e75b9bae89f14e4a87d4ab85ed75ddd1c805f34bb5b
results/paper/frontier_debug_selective_threshold_survival_primary_no_kmeans_inh_0.7_smooth2.csv,964,79a5bbee3f49a819736e07b029093521a712af9f0dcb886283b6edd309aa317d
results/paper/frontier_debug_selective_threshold_survival_primary_no_kmeans_inh_0.7_smooth3.csv,981,635c8f5137208c31d58de1cd8648c06bc78bf57ae4ecb5e79079267924e7e185
results/paper/frontier_debug_selective_threshold_survival_primary_no_kmeans_inh_0.7_smooth5.csv,1015,43f8de7c0b8a363b90984b34a79a09e8cbe9373929a2b6e982b3fd878580fdd3
results/paper/frontier_debug_selective_threshold_survival_primary_no_kmeans_inh_0.8_smooth1.csv,1095,b045b6a95c5412e14a67ecb38c2329942db76d3da82cfbc888ab1c287c53a3ce
results/paper/frontier_debug_selective_threshold_survival_primary_no_kmeans_inh_0.8_smooth2.csv,1097,298ecbc38c547d72cc5038630e7cb677e6002a9836a0335d6cfc276e44a4ed50
results/paper/frontier_debug_selective_threshold_survival_primary_no_kmeans_inh_0.8_smooth3.csv,1099,e8774b3512c54936a44d5437bf27d1828c3d8334c3d50ef5bfede8fde3c7a5fa
results/paper/frontier_debug_selective_threshold_survival_primary_no_kmeans_inh_0.8_smooth5.csv,1103,1ccbbde5e448e5af2e0fe3c3aa6310ad2abbb5e539c63b9b613b8e0b11c2e011
results/paper/frontier_debug_selective_threshold_survival_primary_no_kmeans_inh_0.9_smooth1.csv,1408,4bfb5bfca22a25d75814a6873fd7dc572571c06c10b0425fb7831e570cb2ff9c
results/paper/frontier_debug_selective_threshold_survival_primary_no_kmeans_inh_0.9_smooth2.csv,1423,d071fd3521298569d5945367b26413c1760a49b5458cf3771200b45eb4926146
results/paper/frontier_debug_selective_threshold_survival_primary_no_kmeans_inh_0.9_smooth3.csv,1438,9ec67eae17c772ccef3c86e7b32c903458890c3556804ed5a85ff31965335fa4
results/paper/frontier_debug_selective_threshold_survival_primary_no_kmeans_inh_0.9_smooth5.csv,1468,fd251ae5c9838432f29602c61a7af43255718f9f43d71627df48989a0e07b24f
results/paper/frontier_debug_selective_threshold_survival_primary_no_kmeans_inh_1.0_smooth1.csv,1317,eba0cfe7ddb553eef9d181dd40af1d1453ed8c10b4bdafebd10dbf735b822f2f
results/paper/frontier_debug_selective_threshold_survival_primary_no_kmeans_inh_1.0_smooth2.csv,1317,740d63b9b64c2b0dde3bd051edc994565a3e33f414cefdc0789cdbd97286b00e
results/paper/frontier_debug_selective_threshold_survival_primary_no_kmeans_inh_1.0_smooth3.csv,1317,c5fd1dddf9a715e956ab9687e1393ec70be3552a584a86bf4fa2de655c09012b
results/paper/frontier_debug_selective_threshold_survival_primary_no_kmeans_inh_1.0_smooth5.csv,1317,4b3c3e31f8a0e05e20455bd04672e4a8b50cac00590e18ac2ccf322b98feed28
results/paper/intervention_points_control_excess_over_control.csv,1213967,0491be613de706a63f7515394cd923fc97f9a1ffacb519f4808bb8d2ee939290
results/paper/intervention_points_control_mean_future_fitness.csv,1183823,09f3aea9e0834a56536d6097382d2d7796f2980c58ff4003d3298146b7fdc73e
results/paper/intervention_points_control_negative_adjacency_state_entropy.csv,1294702,95dfa2b3119886b4971fc011cb9adba0eb415ddaaa3801374607c0a15729ed27
results/paper/intervention_points_control_negative_fitness_distribution_entropy.csv,1319281,d1723fc93458342bc7c4f2e6ce5612ab51928fdd8f6566c43f0413532a502fdb
results/paper/intervention_points_control_negative_local_metabolite_configuration_entropy.csv,1392980,d892d81964c46cf35a4b79090aa3637a02cff7212448df76748424dbf211f417
results/paper/intervention_points_control_negative_protocell_compositional_entropy.csv,1337561,e8cff66e7baed4dadaddd9b226ef1975c980ffc1a1bbf7f5b85610c1906baaa3
results/paper/intervention_points_control_threshold_survival.csv,989736,4f86a794cf2ce4ecc02ea5a297c41931c2b0890939aa035c5ccb6213edfee2e4
results/paper/intervention_points_selective_excess_over_control.csv,1270088,3afd3da55b2637409a92361c2b8b67c15ab50e864c75ac91130d8d2c31af3914
results/paper/intervention_points_selective_mean_future_fitness.csv,1257668,ce897f55cdc795af2ad715b33d647cf04a81186644316c91df22cbea2959339f
results/paper/intervention_points_selective_negative_adjacency_state_entropy.csv,1371985,0db0503ef87859696e3dddcec0b47f1903b98ca2c30686b3ca20f8dc746a6fce
results/paper/intervention_points_selective_negative_fitness_distribution_entropy.csv,1395481,1caa3d08fd3109bc8cf682a27f605f99281402bf3f6a4e3eba55b5e9c55bd26d
results/paper/intervention_points_selective_negative_local_metabolite_configuration_entropy.csv,1470147,da41c00cb8476129dc08e65e01cc3b093e7c736b72a3aad31722a2a87d1aae05
results/paper/intervention_points_selective_negative_protocell_compositional_entropy.csv,1413347,5129b5465f8f00d8348e932a912b0bac4f89963048a6beadb1c93db4e4c89aa3
results/paper/intervention_points_selective_threshold_survival.csv,1070888,af03ef0e2f7fd60bcd48a8c1b493e757f869273b197a915315fa5f47f0752016
results/paper/intervention_summary_control_excess_over_control.csv,2247,894e219735592cca86f0d4778c67f22b77cedb528632bc819b985e3ba81716d9
results/paper/intervention_summary_control_excess_over_control_all_methods_diagnostic.csv,2516,bcce07c8730fe7cbb1d6856275e6f4a8bbf92ac4e68f5275e6a39b362aa3e295
results/paper/intervention_summary_control_excess_over_control_kmeans_profile_mechanistic.csv,1753,5207b4b59fdd9186437be148fc4869345b0a11af01e0069f1614615243fa40f6
results/paper/intervention_summary_control_mean_future_fitness.csv,2216,0db08073505cac9023392d639f325df53da3a9409621351c35573e6976ee128d
results/paper/intervention_summary_control_mean_future_fitness_all_methods_diagnostic.csv,2484,4a0850f72e1e72589cc65e5e7fdc12e1ba26c755348aaeea6ae34217afacf6b3
results/paper/intervention_summary_control_mean_future_fitness_kmeans_profile_mechanistic.csv,1735,c995d623047f6e5fa41f783b72279eda3c96570dfa1d25ee13837e7aff4a63a2
results/paper/intervention_summary_control_negative_adjacency_state_entropy.csv,2390,39a21edecc16554d687015988bdd620acaaa43821c71151033048e5e477e7dd3
results/paper/intervention_summary_control_negative_adjacency_state_entropy_all_methods_diagnostic.csv,2659,8b1acd3df8fbbe6436613758f530812d37f4be91c9b8494461b937308178305e
results/paper/intervention_summary_control_negative_adjacency_state_entropy_kmeans_profile_mechanistic.csv,1902,8e29c1230f19d2c1d899b5ef723d34e6cc80e53f635ab395b5aec1e67f7c7732
results/paper/intervention_summary_control_negative_fitness_distribution_entropy.csv,2422,7da4ebcbca2971d3c6bbe83e78c798d0a13f54af8ed224bb91b80986cc86429d
results/paper/intervention_summary_control_negative_fitness_distribution_entropy_all_methods_diagnostic.csv,2691,a75a6e438c4c30a01734373feaec7509982b819e504500b5b67e03f4d857f125
results/paper/intervention_summary_control_negative_fitness_distribution_entropy_kmeans_profile_mechanistic.csv,1932,fdaa8536fb39e35b7d5cf74a23b58f33ace458eb3e5debcda4aca09fcfe2babd
results/paper/intervention_summary_control_negative_local_metabolite_configuration_entropy.csv,2535,69eb289af2c8d4e8e0be27e461b3f6daf458087428b95eaa3500d32d6aba4de7
results/paper/intervention_summary_control_negative_local_metabolite_configuration_entropy_all_methods_diagnostic.csv,2804,9c1252745a6aeb311dd43478973b4db9c7f7d9bbeacad25f661a0f4811aa338c
results/paper/intervention_summary_control_negative_local_metabolite_configuration_entropy_kmeans_profile_mechanistic.csv,2040,3ca0ed219c6cbc4d026b728f75c9728995b87e59b479cdd37a09098d8395e91e
results/paper/intervention_summary_control_negative_protocell_compositional_entropy.csv,2434,4ca0c484bda49b8a74a7a4e93f82e227bb0892b4a85056c09c657fe8e77690fa
results/paper/intervention_summary_control_negative_protocell_compositional_entropy_all_methods_diagnostic.csv,2706,ef8ea1b605c3dd921bf2878dd9a78e0ab44d7441ee7cd506715c972e3eb92a9b
results/paper/intervention_summary_control_negative_protocell_compositional_entropy_kmeans_profile_mechanistic.csv,1949,b996413e8255b141c49bab4d0ec81527881a794ebc96e57368f611e94b8ec649
results/paper/intervention_summary_control_threshold_survival.csv,1768,6d7f213ee1b4297e46687c19a561848c0d7faccb629a39f3004502ea338ea7e9
results/paper/intervention_summary_control_threshold_survival_all_methods_diagnostic.csv,2038,35cb203fc6c7c7f3ca207072d9c5bd591096799a3c1b9d615f717c0bcd7e6b0c
results/paper/intervention_summary_control_threshold_survival_kmeans_profile_mechanistic.csv,1428,f144995459e04b35cee83e6c876a6ed3f1ddb143c396b23083165bfd5d05804b
results/paper/intervention_summary_selective_excess_over_control.csv,2519,5f0888a0d81f8fae0643ecea179bc1b996cf85e5ccecde168f1dd20f447bdac6
results/paper/intervention_summary_selective_excess_over_control_all_methods_diagnostic.csv,2783,c8c2ee4c7b7f479094fc6f9d9c64208b9a4b9e723bda72a5c45d31a117bba35e
results/paper/intervention_summary_selective_excess_over_control_kmeans_profile_mechanistic.csv,2249,698aa54fc47c033de4cb7303c9df5a5d53732edfd78bbaaa6f366d104ac007bc
results/paper/intervention_summary_selective_mean_future_fitness.csv,2533,7565821b434e1c843082ad1feaeddd58cdbe447f7b5712736597a67e83e6ec02
results/paper/intervention_summary_selective_mean_future_fitness_all_methods_diagnostic.csv,2792,65ca528dd5541c939c6b56279f04876c77427e9327ce97c2a144c60186074145
results/paper/intervention_summary_selective_mean_future_fitness_kmeans_profile_mechanistic.csv,2262,847250d7118a8c73aaedfe7248e7bd6e9d889bd56088a789b842f72075a805f8
results/paper/intervention_summary_selective_negative_adjacency_state_entropy.csv,2413,51996614f17794516b017eb15c626b0ddb5a265fd2a8b465b86466c59f64b4f1
results/paper/intervention_summary_selective_negative_adjacency_state_entropy_all_methods_diagnostic.csv,2692,b8f208c5347584778472fdb8fe16fccc084d024b0b1ec7c4f57eb7ddc7a378b8
results/paper/intervention_summary_selective_negative_adjacency_state_entropy_kmeans_profile_mechanistic.csv,2162,f01e8ba34e95513ef804e041ba24b68e0adf466b6859b77b8c21835e46530826
results/paper/intervention_summary_selective_negative_fitness_distribution_entropy.csv,2475,e300d6cf84fe6477f3aa45305f766caf71bf9af532a96773f87b465b58492427
results/paper/intervention_summary_selective_negative_fitness_distribution_entropy_all_methods_diagnostic.csv,2703,52b322cc7d1fb70d66bd2da249109b874dff82f6c4f49c584e836e74aedfa082
results/paper/intervention_summary_selective_negative_fitness_distribution_entropy_kmeans_profile_mechanistic.csv,2206,65631486ac3782ba6ed030a1121bf75a7570ecd3c9542be29df66dd0d2529c04
results/paper/intervention_summary_selective_negative_local_metabolite_configuration_entropy.csv,2561,4ff51058af71a8504faf7b1fa050c9cd3cc1ad1a36ae2fbc4616f699db263ba0
results/paper/intervention_summary_selective_negative_local_metabolite_configuration_entropy_all_methods_diagnostic.csv,2840,4a2107b22978189b22e9357921c41e482f609cda891a2ce36c000660b73f24f1
results/paper/intervention_summary_selective_negative_local_metabolite_configuration_entropy_kmeans_profile_mechanistic.csv,2306,b0efae8da68758c0bd2ce27ec0cdb3d30ea9e57b48e2f50c9bb4b58ab8d0269f
results/paper/intervention_summary_selective_negative_protocell_compositional_entropy.csv,2450,5e2c8ae873e53abbb0e05e2373295fc6a1789faf2f971735daa8b51d9003fcb5
results/paper/intervention_summary_selective_negative_protocell_compositional_entropy_all_methods_diagnostic.csv,2721,cd497158f2bdec7badfbb3db0629f90d217bac527083e205ba435b1ff035a0d6
results/paper/intervention_summary_selective_negative_protocell_compositional_entropy_kmeans_profile_mechanistic.csv,2192,0710d2bbc5d184cbef6efe338c1e5feb3a189c06ddf23028a03cc7ca4423deee
results/paper/intervention_summary_selective_threshold_survival.csv,2229,9fd0b3c1ffe0e278c5f295601c8551f4efdb564968e221f53ed9e83c857f541d
results/paper/intervention_summary_selective_threshold_survival_all_methods_diagnostic.csv,2368,6baf4c000e5094de1e991fd6cac200783fdf9d8ae34e6e815bce22a86c1c0797
results/paper/intervention_summary_selective_threshold_survival_kmeans_profile_mechanistic.csv,1837,3ae5ffbe3143877a30109c9290b23c30ff26d26c5b25a6140a6ebe2caa15e37c
results/paper/run_metadata.json,205529,2ba38520aee2c3cacbc3fb36792f84b2fcfca6614b81d478162753bfb01fa237
results/paper/threshold_sensitivity_control_excess_over_control.csv,8066,e9ed513a905e2f78129af28b14a70e50c99945427c84d7df99adb999cdb097e3
results/paper/threshold_sensitivity_control_excess_over_control_all_methods_diagnostic.csv,9506,f47fff71d89d6c58fc8a5f220c9cb1516baccc7408482b93e0e41e985afa8c6e
results/paper/threshold_sensitivity_control_excess_over_control_kmeans_profile_mechanistic.csv,9506,423c1b7e2f248700d1a1fb21c8417b75771f3044aec66c2b85688f0be518420d
results/paper/threshold_sensitivity_control_mean_future_fitness.csv,8066,9ff93d4991c569181cb6c0ef73c4a1bf1e5efc01cb31023e510678f3eb180be8
results/paper/threshold_sensitivity_control_mean_future_fitness_all_methods_diagnostic.csv,9506,74cf9009e9ab6039aec25377d7bdf3636178dc6d6899e2ce81ac41a465bd2e0d
results/paper/threshold_sensitivity_control_mean_future_fitness_kmeans_profile_mechanistic.csv,9506,854581a204136ae9684632c548449b8a3a24e2eb5d14c54cadfea93dd1343c31
results/paper/threshold_sensitivity_control_negative_adjacency_state_entropy.csv,9626,e1a1cff71e9b4512c510961d5e962e286d385107e19871bf07a1002e44f591e9
results/paper/threshold_sensitivity_control_negative_adjacency_state_entropy_all_methods_diagnostic.csv,11066,d59f245c2504d7630dc8e458ec2d89fb90c24a7948912bc08e7e0d92babcc32d
results/paper/threshold_sensitivity_control_negative_adjacency_state_entropy_kmeans_profile_mechanistic.csv,11066,7d3fd1b8fe706d309fd27ae1f66866972a35b7c8754332570467162381c141dc
results/paper/threshold_sensitivity_control_negative_fitness_distribution_entropy.csv,10226,cc96f0481438c797994af6c692fdf9e5521f639e5cd35b2862d24c608acaf15f
results/paper/threshold_sensitivity_control_negative_fitness_distribution_entropy_all_methods_diagnostic.csv,11666,0c0be5ac576d9647d06537079f1d91d10df378cbe01d826c2b0db49db3eaa7b7
results/paper/threshold_sensitivity_control_negative_fitness_distribution_entropy_kmeans_profile_mechanistic.csv,11666,e29763f6a294da35047bc943791f90f8493ea1b0a625947927139947e8ce70f6
results/paper/threshold_sensitivity_control_negative_local_metabolite_configuration_entropy.csv,11426,036f5dd9f8a9035e0b31608e9c102d0821df73eb047843da8555aaaa32b2262f
results/paper/threshold_sensitivity_control_negative_local_metabolite_configuration_entropy_all_methods_diagnostic.csv,12866,58fe9395ff8f4800c22dcda72ae8931b2a1189f11855cd0b6c781948d5f37565
results/paper/threshold_sensitivity_control_negative_local_metabolite_configuration_entropy_kmeans_profile_mechanistic.csv,12866,9921022465c1fb1de2ea0d1ae3b40753da0da378f81db1a77aef0ae6efa25120
results/paper/threshold_sensitivity_control_negative_protocell_compositional_entropy.csv,10586,1fb9d8e09b399ff7c47eef20919e312e12149ab2a5ce9b5cd8fb3dcfe71def5d
results/paper/threshold_sensitivity_control_negative_protocell_compositional_entropy_all_methods_diagnostic.csv,12026,cd00743cbcdd62b258fa14bb053629ff6876d16e65a2263b0b856c463811d792
results/paper/threshold_sensitivity_control_negative_protocell_compositional_entropy_kmeans_profile_mechanistic.csv,12026,57ed487209c243784cd17554cf43c13a2b4726c322d1e32c8a582e6479854260
results/paper/threshold_sensitivity_control_threshold_survival.csv,7946,00a43b96ff7b4e57ab9a767ab8780532c8cd94a70aed31710da139097adbd390
results/paper/threshold_sensitivity_control_threshold_survival_all_methods_diagnostic.csv,9386,a52545152c86ebeaa662f3ad28063ef4c595f36575fe6db35fc8ff212de8dac9
results/paper/threshold_sensitivity_control_threshold_survival_kmeans_profile_mechanistic.csv,9386,b79a88e7e5f4238c03f0c2fb44ed35a706be09d482c511a572096cc6a30225f1
results/paper/threshold_sensitivity_selective_excess_over_control.csv,10310,8eae61a4f04faa52330ddc2b064dd3e904bcc17edde32a4007b9898149f6aef1
results/paper/threshold_sensitivity_selective_excess_over_control_all_methods_diagnostic.csv,11680,512deb4ed18f867a2a0aa77b6989e3b8570543302104a2ef5832164bc8a8f48f
results/paper/threshold_sensitivity_selective_excess_over_control_kmeans_profile_mechanistic.csv,11899,8b1f89e614907a9b9410574aa59557c6c3ffc1c65075aeed2dc52e555cb18c34
results/paper/threshold_sensitivity_selective_mean_future_fitness.csv,10322,0f9af663d582398e83b07c8ff04ea12e58163683999b11a1b66bdf7a66e5a2c0
results/paper/threshold_sensitivity_selective_mean_future_fitness_all_methods_diagnostic.csv,11686,66e02149b433571bec58dc84cc0571417915538949bfa5f6e15cd2cf908545c2
results/paper/threshold_sensitivity_selective_mean_future_fitness_kmeans_profile_mechanistic.csv,11902,975801fbff97d1d0493afec8e613284b226f4f68adca4540ca56e9cc1c23a0bb
results/paper/threshold_sensitivity_selective_negative_adjacency_state_entropy.csv,9866,31dd219474910793f907acdd71e3d556403d99fefc0992873b7bdf621876da38
results/paper/threshold_sensitivity_selective_negative_adjacency_state_entropy_all_methods_diagnostic.csv,11306,eab9449083815fb2ff9530b5bb48f060cfbe5717951ef1866fd719c261aecdac
results/paper/threshold_sensitivity_selective_negative_adjacency_state_entropy_kmeans_profile_mechanistic.csv,11546,e637533be3f47452dae76718858756b815387909f9b8087f00f319e95d9bb1f4
results/paper/threshold_sensitivity_selective_negative_fitness_distribution_entropy.csv,10484,800fe3a702f1bd31512c4ec7ee7c6a42c13677a61fb3f72edcc627cc325a222b
results/paper/threshold_sensitivity_selective_negative_fitness_distribution_entropy_all_methods_diagnostic.csv,11906,82f701468eed215f70696297732d02252eacf385bbb503691bb09fcf716610fb
results/paper/threshold_sensitivity_selective_negative_fitness_distribution_entropy_kmeans_profile_mechanistic.csv,12213,38ef7fccc146ffb12e12e4c987a7e9c29bd83dc7ca83fde0a6e0b7c595dc9d77
results/paper/threshold_sensitivity_selective_negative_local_metabolite_configuration_entropy.csv,11666,56202a4a5fc94577d350eee7368b5066d221f7fe19c3549d7fdb0506ddeedd7d
results/paper/threshold_sensitivity_selective_negative_local_metabolite_configuration_entropy_all_methods_diagnostic.csv,13106,27f51875d6e5ebfff94b16ff93dcdbb507c372b8a058c86d5a75fa752db9ad91
results/paper/threshold_sensitivity_selective_negative_local_metabolite_configuration_entropy_kmeans_profile_mechanistic.csv,13346,c53a8a4236e1d5bc52da30362e705c32660d06cf833c7fdca64e6fc873423cc9
results/paper/threshold_sensitivity_selective_negative_protocell_compositional_entropy.csv,10826,2a853defe12f59ff3699673da9c632e1e368ef20518e20df7fc80cc7764ca763
results/paper/threshold_sensitivity_selective_negative_protocell_compositional_entropy_all_methods_diagnostic.csv,12266,70fc89636cad8bd17167bc57b438b1dd500cc3929d63e333998efee8e4498eb2
results/paper/threshold_sensitivity_selective_negative_protocell_compositional_entropy_kmeans_profile_mechanistic.csv,12506,3c794f5598adf9e66ae8a2f4cb6211760a6297edca94e7b0ded108681d5ac569
results/paper/threshold_sensitivity_selective_threshold_survival.csv,10149,d0fc975f95cac3d3c1da1ddb7de37e54e24aa47e9b6abf644d0b830a2a8a90e8
results/paper/threshold_sensitivity_selective_threshold_survival_all_methods_diagnostic.csv,11051,ff7cc321cb50845435465fa3ccbbbde44d5b5fc43124ffafc9bb09b99a02fd9e
results/paper/threshold_sensitivity_selective_threshold_survival_kmeans_profile_mechanistic.csv,11287,624a4ac813c71f980424501a0d4acbe88e61341b8858f214221be60deb67ca98
results/phase4_core/FILE_MANIFEST_SHA256.csv,131534,90125b00e1ac39dce41e3245591b044b77ede689fdad663c83a6fec2e8a22e38
results/phase4_core/GATE_4_DECISION.json,621,86fb9ef0136665a438223b3ffd628a74f9478cb2552ee339675e00936b3e2e3e
results/phase4_core/baseline_information.csv,177375,c6bd6148db28eb61e3a308ca1ecf5f662ec76ba4741b413617857c451cbc695d
results/phase4_core/baseline_seed_ledger.csv,27325,a3a6b5c61299076234da1af627ef91caf0006b991f0cab87bf58181fce2cc800
results/phase4_core/block_bootstrap_draws.csv,2021317,c8057d36d9b58d94bb774458447cbc0985a1dcf53fdab714bebf99134e856245
results/phase4_core/block_bootstrap_intervals.csv,11461,5600ec1ac4417efc205a6b8f1738a4e52466b7c88a54a298c13002333e101b95
results/phase4_core/continuation_blocks/control_p0.1_r00.csv,52095,650c51e611cca7e69ebbe6f4bd540ef60aefe082125dd6726b6c7196d1d82f72
results/phase4_core/continuation_blocks/control_p0.1_r01.csv,51885,2d312e8c96a136d1826f6fa28c0cc2476b25f22c570d3bc478511ba9eed3760b
results/phase4_core/continuation_blocks/control_p0.1_r02.csv,51765,3f4c2219bdfb04707bcf8a1bf17433888c6ff9261589814aa0ad37dbbbaf7c07
results/phase4_core/continuation_blocks/control_p0.1_r03.csv,52300,e1f5290a247114485fc92b9f42262e14701ebd7efb9417067565e89b2fd4dfae
results/phase4_core/continuation_blocks/control_p0.1_r04.csv,51495,e001e727b49947ba8bc11ac0003312697f7d207d06747465932286f91818f3bb
results/phase4_core/continuation_blocks/control_p0.1_r05.csv,52590,072ee1ccc39461a93ee425ca1f37399c424fb1a3e89864420d886762c396177f
results/phase4_core/continuation_blocks/control_p0.1_r06.csv,52436,0fb4600ce17025ef7072be48750b0926376d74e74ce18eca10c9341214e6f4c6
results/phase4_core/continuation_blocks/control_p0.1_r07.csv,52592,ebacb8deeb60a345a1cd6cc5a4ba54857b99656a2c0ada9c4ad6555ddd8a5351
results/phase4_core/continuation_blocks/control_p0.1_r08.csv,52549,47bab14b05fcd92f899a8d6a9fec6533bd0cd3709c72c84b854cb2869144ea9c
results/phase4_core/continuation_blocks/control_p0.1_r09.csv,52870,11ad525973921e6a2e89da192660fb144afc9438fdf60f616a6a6a91dc607d73
results/phase4_core/continuation_blocks/control_p0.1_r10.csv,52273,7f1051d3d0186fa1eef649b35ffcf341e6b2d25995d3f3f67a08c297b1bfb355
results/phase4_core/continuation_blocks/control_p0.1_r11.csv,53214,1eafd05d2eb229ced74ef7286c2307d0dda30e7b3e8b68ab16aa6b507ff5160e
results/phase4_core/continuation_blocks/control_p0.1_r12.csv,52556,8ce21bbff4abb70250390a73d7f0355fd93654254bec9bdaf325f5e9ecb46eb5
results/phase4_core/continuation_blocks/control_p0.1_r13.csv,52475,8eb3b481891bf4d50ce73d27096f61114057c39b5867d9c68293a5fd2a7c736e
results/phase4_core/continuation_blocks/control_p0.1_r14.csv,53363,6307e9a29fe5c4aa5548c0d8e50655dbfb6ea863e861f589a8b97c45357235f9
results/phase4_core/continuation_blocks/control_p0.1_r15.csv,52692,0d262d8d87757f9f3d5d3043e743b334834b1c0507c00a2439cd7b360ef79d16
results/phase4_core/continuation_blocks/control_p0.1_r16.csv,51706,88a5baa0493a30503327a6a1195a131c6c4c579beb4fc756d47672528df1f82d
results/phase4_core/continuation_blocks/control_p0.1_r17.csv,52858,197657863a8675143b938c79f0c21bb8690d40093887675193b74efdc50967c3
results/phase4_core/continuation_blocks/control_p0.1_r18.csv,52481,d4d47c88773b0a411d84a8819e5572518072889308fb6a61b3c841d0ab479f6e
results/phase4_core/continuation_blocks/control_p0.1_r19.csv,52826,289be05c85ec82e85e2b38467d50464c3307282489793ddffa9c6dbcd0808940
results/phase4_core/continuation_blocks/control_p0.2_r00.csv,52652,bb130f8cde52cb176ca0f7c90ab5d3e5767e6d75a7a95ea3cdb2e77621f28ce0
results/phase4_core/continuation_blocks/control_p0.2_r01.csv,52689,736463a6923b8fb5ab2f6c4a564abf05a702a195b591b8a7ed7907f41a7e7ff9
results/phase4_core/continuation_blocks/control_p0.2_r02.csv,51997,447b4a0a70618eea390a7b49bf99cf85688785b7bfd0e9a35fdebfa04853ac9a
results/phase4_core/continuation_blocks/control_p0.2_r03.csv,52191,90f14523ecb727aa4bb1ebfb1af4e806f3c98599d017b187fddef953f7d2f590
results/phase4_core/continuation_blocks/control_p0.2_r04.csv,52599,f18af4ce37bdc28803ed49a9c5a4089c9da65098d6c1667e2c780e3e5575022f
results/phase4_core/continuation_blocks/control_p0.2_r05.csv,52226,efce84fe1665e4d0475197823ff3e96b1e1e6a8e95e285177f4bd8bb57183daf
results/phase4_core/continuation_blocks/control_p0.2_r06.csv,52522,1b0542339cec4cbef306d32b65d2d62c5c4144f710fe3227d382d345239e06d9
results/phase4_core/continuation_blocks/control_p0.2_r07.csv,52893,c67abfe556d9bb1a23541ade02ec2e21e9f4898d37529353a72932540a751d9b
results/phase4_core/continuation_blocks/control_p0.2_r08.csv,52166,1243b820a29bfa4552fc5626f76fcb31adc90b492c1dea37a3c7085287b66399
results/phase4_core/continuation_blocks/control_p0.2_r09.csv,52725,7baa777c479de4ead647d4cb37862efe083139f56c34eade69edab240d133516
results/phase4_core/continuation_blocks/control_p0.2_r10.csv,52340,d5f592158c07954eea10892d545ce33fb63c15c8a54bc41ad1fdaaab8b8d92b0
results/phase4_core/continuation_blocks/control_p0.2_r11.csv,52762,eb38d44c0482e03b389b3f05424c147714ebe5835db5b463ab5b80b78320e2e3
results/phase4_core/continuation_blocks/control_p0.2_r12.csv,52364,31490d2a70f1b12d227edc73be0b60abbd4abf07f8aab266c030d5d65febb80a
results/phase4_core/continuation_blocks/control_p0.2_r13.csv,52964,c6e818288ef8ce991ca8facbf0861853fa7dbf18cbfdec39b32540a35ff5e916
results/phase4_core/continuation_blocks/control_p0.2_r14.csv,52480,3abe0cc153350115faa1d73d381ad284bcff9e150b23e1d40416c6d212e49c3e
results/phase4_core/continuation_blocks/control_p0.2_r15.csv,51773,1ae1db8eb440eaad16697388ca654422fb93b8ba96d16067f11a93f89f34a0ca
results/phase4_core/continuation_blocks/control_p0.2_r16.csv,51598,4252dd183180bffefd63825dde2973acfed184cecc2bf8feabc0455d978409ab
results/phase4_core/continuation_blocks/control_p0.2_r17.csv,52055,928b4514c78dbbe3581fa106a9045e6a5cd3d3f817349159abd96e20f6b710a1
results/phase4_core/continuation_blocks/control_p0.2_r18.csv,52654,287adfaf7a46ccd1e94a3b5fe40759fb954c1dd72d8eebbdef13b0bf1374c856
results/phase4_core/continuation_blocks/control_p0.2_r19.csv,53010,a58d174ccb78e927d9bac0d9e12fcdbebf90d90bf2c0b91eed9741e396fe68c9
results/phase4_core/continuation_blocks/control_p0.3_r00.csv,52510,42ab180203ef47e0474fb878247f20e835fb09395ca878dec092aa80ca78c66a
results/phase4_core/continuation_blocks/control_p0.3_r01.csv,51467,683f5636d3fe4917a72a23704f26e01f686d058f2e46cc424e94dc1c437c6932
results/phase4_core/continuation_blocks/control_p0.3_r02.csv,52624,65b3fe313f66a72d5abc8680eb3456635d1119b143c7a1ef7175a5ad6d271d52
results/phase4_core/continuation_blocks/control_p0.3_r03.csv,52098,a7d48f922583ead26338813ff9ef253e9ef89b3eb1fef64142986ad98a1da099
results/phase4_core/continuation_blocks/control_p0.3_r04.csv,52310,cdfe277028f3a73e67fc5209ff003c44416831f8e16887365ade3359cf12c961
results/phase4_core/continuation_blocks/control_p0.3_r05.csv,52833,9199431c207e6315ff6c0b3440cf1c91446c3962039fc19e07b9aaeb58678db1
results/phase4_core/continuation_blocks/control_p0.3_r06.csv,52875,43d28e1149b49aef17944f489e34a8c7c3b5ab8ac060102bb5aedcfdb6b99330
results/phase4_core/continuation_blocks/control_p0.3_r07.csv,53102,901a08516c6cfce5d151ad834989e5146ae88459b930432d2ab9bd38b7ec8bcb
results/phase4_core/continuation_blocks/control_p0.3_r08.csv,52442,a8e2a77ba83a53f6fb0a5d8178344795f40673a58037ad36b3a2850258011541
results/phase4_core/continuation_blocks/control_p0.3_r09.csv,52310,0592dbcd1d64dbf82da127bf34df8f61fc22d9e8e7eaba8e48941cd0f2189c91
results/phase4_core/continuation_blocks/control_p0.3_r10.csv,52199,e45bb616bc9c2a3f2b146b9871ec4e57f3704fcc9205c73caa1dc089ad582286
results/phase4_core/continuation_blocks/control_p0.3_r11.csv,52891,478b41c7003e52c74e2d94d44ed88ebae7f7020f0c99c300de5df43f2160b810
results/phase4_core/continuation_blocks/control_p0.3_r12.csv,52419,2d2552cce3318cda29532ad674d9a1284690a1ba36373f86ef86befab304cbb6
results/phase4_core/continuation_blocks/control_p0.3_r13.csv,52553,ce5a684d1b43cf5c6962871f0f4e6802098a6bbfa68a86ac9d6d336ed598616d
results/phase4_core/continuation_blocks/control_p0.3_r14.csv,52522,1dfec081fb9f486d6f12e76cc394c6d81110a142bd0c7e88a90b8d308386770d
results/phase4_core/continuation_blocks/control_p0.3_r15.csv,52868,104cb295d15b374def28b7fdeac6e5100001f4dd338f4a80c96986a12e3aaff4
results/phase4_core/continuation_blocks/control_p0.3_r16.csv,52233,f7c27ad0ccd1facb769d126971dfc09c0500304409a3c2ed0c4501ad927cbc2c
results/phase4_core/continuation_blocks/control_p0.3_r17.csv,52695,875b1c1b138d7de4cd8ada12e8089a9567e5b8a542d95dbafa98ae8a0196ed4d
results/phase4_core/continuation_blocks/control_p0.3_r18.csv,52168,1683213a42659a3d3ad77ff515942aadb13b66f04b6e99e1be539de8e99aa156
results/phase4_core/continuation_blocks/control_p0.3_r19.csv,52442,fa2200c2fb83783102fd7537cd62173260bf183ef40197737aba915d2e638f3b
results/phase4_core/continuation_blocks/control_p0.4_r00.csv,52049,dd05e563dd53445e19c503525d1462b67a3354023316984850ebf9cfdbfea94a
results/phase4_core/continuation_blocks/control_p0.4_r01.csv,52525,1ad56e93e3a7db0266e2de0216c809ee2582c4b0033546e9b80e882566711c4c
results/phase4_core/continuation_blocks/control_p0.4_r02.csv,52521,2f8c19704cd6122c726099abf69b95d68c59bc85b158f7f2071e1517cac08e18
results/phase4_core/continuation_blocks/control_p0.4_r03.csv,52207,ff8308d52c9ea6ffca19f850d9fc387160d887afc354ce82d401fec9d5ee8d92
results/phase4_core/continuation_blocks/control_p0.4_r04.csv,52316,bafa4c3a70a7dc9e51f129bc25fc33fd8387e0e6ef876cc764bf5fd36d531ea6
results/phase4_core/continuation_blocks/control_p0.4_r05.csv,52439,8439fffaffa2dc9846b5a8c7e513b4248ba874af0b0d9307444f381b74e9b0b5
results/phase4_core/continuation_blocks/control_p0.4_r06.csv,52942,0fd095e59707acaa2a43b11b02d1e8f4b53dd3362e31ff62687145415cc6aa56
results/phase4_core/continuation_blocks/control_p0.4_r07.csv,52526,912b93ac6e3ce27c10432adacc96f229cfe837b03e4d19a411d3b400c83aa45e
results/phase4_core/continuation_blocks/control_p0.4_r08.csv,52476,c4d9453bbe13ea4935a45c199cd91fb695eb30b2d8efc68ee2d2cff1bab1507e
results/phase4_core/continuation_blocks/control_p0.4_r09.csv,51608,3ebb0ba277f03fd2b820c62418140e0482d109b09029733d9f5986e770601fa9
results/phase4_core/continuation_blocks/control_p0.4_r10.csv,52302,950e6a33f5d4669c7873899c740859abb12a4ac498b8ab69f71de9478d55d142
results/phase4_core/continuation_blocks/control_p0.4_r11.csv,51649,84f16c991453262617fe4b0dc0fe3cfe64154f18b10ce41cf4484c61883a6252
results/phase4_core/continuation_blocks/control_p0.4_r12.csv,52640,bf4503a33f828beb27ea39d61d40ccd790c43daa19cf6da110da1cef0b630e94
results/phase4_core/continuation_blocks/control_p0.4_r13.csv,52372,e58d46dc582182fa222b4565d5a7006678720f201c7eb14837f20fb5674de53b
results/phase4_core/continuation_blocks/control_p0.4_r14.csv,53222,f63d604a53ae572d473118a8cbf4b48e55729fb25e6c7f59aa627b23f613919f
results/phase4_core/continuation_blocks/control_p0.4_r15.csv,52555,91ea6aab528c17131823b0de6b7186dc2da32cb5d05f2bd6c7c2e2bca2a3eed8
results/phase4_core/continuation_blocks/control_p0.4_r16.csv,52450,e1be72ccd0e181681d118ff8eb067ac56e91b7aa963709d8b2fb5ea7d56dd707
results/phase4_core/continuation_blocks/control_p0.4_r17.csv,52555,ef2e2b724f793e26bc1a2357757c8341b9e294c521dc34f206d619cbd36f5ff1
results/phase4_core/continuation_blocks/control_p0.4_r18.csv,52586,bc645a57e0b3b2bfd119dee739800600cb6646d0073dbbeaaca740b77c09fdeb
results/phase4_core/continuation_blocks/control_p0.4_r19.csv,52659,cfe51a5008e7e371acba6e4633617b0597eef4200d5c8f82a47a2d64bfa3248b
results/phase4_core/continuation_blocks/control_p0.5_r00.csv,52276,badc5a5aa1658efb6c01ca1a8e749f634174b5a685c2a2c7c3b8a3b3c13c2b70
results/phase4_core/continuation_blocks/control_p0.5_r01.csv,52656,6bd79201002e0ff1d9671e1f9a6a04a7614585ad0973e5f30faffb8ed984de5d
results/phase4_core/continuation_blocks/control_p0.5_r02.csv,52698,ac03901a0acd064548ea3f609c50163603267fc59f48fcf107f76bc6426bc3ce
results/phase4_core/continuation_blocks/control_p0.5_r03.csv,52238,ded8ca5b7abccc0534c78c28e314cedf84f9b53717600aa2336ec87ecd3c258a
results/phase4_core/continuation_blocks/control_p0.5_r04.csv,52345,3275785a2b68e84f01aae814a9c659c071a3d74b1bdf06ec3dbe44bdfef72b7d
results/phase4_core/continuation_blocks/control_p0.5_r05.csv,52299,87010472dd65695c4e005547c995179bd75a6aeebd4e3bb553d802627b7cd550
results/phase4_core/continuation_blocks/control_p0.5_r06.csv,52797,5f57297f72944a9a86309ee90906a4882aff9db1371e58666cad2b240623a75b
results/phase4_core/continuation_blocks/control_p0.5_r07.csv,53256,4b98beaaf8a86b79937882ef9a40fea750534637be475ae962711f5ac70abeaa
results/phase4_core/continuation_blocks/control_p0.5_r08.csv,52364,a7c80a15710a4e0936cd2e715297aa98b1b34887c2c0368c3ea4881d12a122d4
results/phase4_core/continuation_blocks/control_p0.5_r09.csv,53002,1dbb09b4cfb90cac8fb96b13c1cb6089825ab1fd08677f63d0723b3f7116744d
results/phase4_core/continuation_blocks/control_p0.5_r10.csv,51816,e0d20a0c78fb171e6783bf04d688430b80da7383cc9cf65420dd7a66b0efc72a
results/phase4_core/continuation_blocks/control_p0.5_r11.csv,52553,5b4c99c9294295698c9f920095944e168ff33e812e5e41ab225eb7e80a343fbb
results/phase4_core/continuation_blocks/control_p0.5_r12.csv,52794,7b7c0820ae842139ecf5535c0e644d551fd60b52a65140fe52ec87b7fc19bc12
results/phase4_core/continuation_blocks/control_p0.5_r13.csv,52932,e9952b209c6ba9460e74d5da8ac5d0807fb8f4d09c702410fa8a8426954fb774
results/phase4_core/continuation_blocks/control_p0.5_r14.csv,52689,65317fe4026f85733ae0dc80373bc92b0cbe9a028d49214b30f67324bf775fcb
results/phase4_core/continuation_blocks/control_p0.5_r15.csv,51847,aaf28122b7ed9630f6c88048a9abc25d4e31c92c045d2c9d1d7f6c5e32831a4c
results/phase4_core/continuation_blocks/control_p0.5_r16.csv,52786,d77a7398f656375e9e020cf8aac6d2ba0583e072b26a26654b4abb030465282c
results/phase4_core/continuation_blocks/control_p0.5_r17.csv,52973,45665616f9cc73c6b9e2715f5a564833faadacd5cf21463e512f630278023171
results/phase4_core/continuation_blocks/control_p0.5_r18.csv,52724,f3d10a6e83f64ec174d6275344110eab68d96c2d0514794215cab0010bd645d7
results/phase4_core/continuation_blocks/control_p0.5_r19.csv,52320,dc0b5df33946721bfd39337ce9c7acf99d338ed4db02efec5a4f2901e4e79040
results/phase4_core/continuation_blocks/control_p0.6_r00.csv,52364,9b02ebe666561820117105285ed23a6af49e6c0fc6997eb5145075dbb4140900
results/phase4_core/continuation_blocks/control_p0.6_r01.csv,53013,3c48977ad3fd373544efbd359539ad73c6006a87e4c2fc47a61f6bff99fc3a3a
results/phase4_core/continuation_blocks/control_p0.6_r02.csv,52340,1c08ca54ab917aef38247203aa2edf3233e55d7855e41418c83dd8a5deaddd6e
results/phase4_core/continuation_blocks/control_p0.6_r03.csv,52099,7a1aad2f574fa284bcee6db8c8a69494c3d3f1966649815941fe11aea3da21cf
results/phase4_core/continuation_blocks/control_p0.6_r04.csv,51821,7d82100a60cccacabc9165214139eb92be811083b3b3da23f47b4c59e20f3a5a
results/phase4_core/continuation_blocks/control_p0.6_r05.csv,52795,9afcef74d7deca089f8a120ac988ac54d3972477957d82bda75ea6b79b88a730
results/phase4_core/continuation_blocks/control_p0.6_r06.csv,51332,d64747dc58ca9c236aa25174e9639419b29d37d41e2ab5e1ae3dcefbbb433f82
results/phase4_core/continuation_blocks/control_p0.6_r07.csv,51540,f46efebe887ea15c9b1238611a1a88a5917cc3672f1e4c278622264ea2be22d2
results/phase4_core/continuation_blocks/control_p0.6_r08.csv,53284,fe53e26e5ef2393948418453fe0f57189edd5496933404a7406c7827d560a868
results/phase4_core/continuation_blocks/control_p0.6_r09.csv,52759,1cec0b0c50162ba90ad4d0f631bfb84f2e3e328291753c908e113b20c490830e
results/phase4_core/continuation_blocks/control_p0.6_r10.csv,52506,253c7cff16f390960e1cfaedcd24957a67545272871993b33ae8bb75490d4b8e
results/phase4_core/continuation_blocks/control_p0.6_r11.csv,52697,dc8805e2a0fc7aa3450ffea09d734d1bb0aea76be3a495feac81c8e5f8647e94
results/phase4_core/continuation_blocks/control_p0.6_r12.csv,52823,8e9d9a2bc5b7c938f107e282d4886d52acc70b3a571465e8df1605ffe720f06c
results/phase4_core/continuation_blocks/control_p0.6_r13.csv,51993,0af2e25c14083346ebdcef1a9dbc7e1c6377a8a433dfdcae79c14d65f61b2428
results/phase4_core/continuation_blocks/control_p0.6_r14.csv,50903,b0563a9899be79e13f173acbe336ceef27307f148de3e7a1b9d63d136212df77
results/phase4_core/continuation_blocks/control_p0.6_r15.csv,53315,676bbcd37bc75d429b07cebb7ae73995757878d20f71bc8ad94601b8164d8096
results/phase4_core/continuation_blocks/control_p0.6_r16.csv,52267,d51c6db6b2d362d8ae380e05f08a0a4f16a8c872cadadb8f5bc6e77bde7db41c
results/phase4_core/continuation_blocks/control_p0.6_r17.csv,52802,c2fabc1589b14dc776f41804d75debf49e8b981c1d7dee0fb33ecbef3cc83006
results/phase4_core/continuation_blocks/control_p0.6_r18.csv,52546,e68bba6fa58ea25e80fe442bb57e34b1c52b3423a8883e5cbadc172f53a62cd1
results/phase4_core/continuation_blocks/control_p0.6_r19.csv,52206,5f8f861fa9a8eb8fc30992989bfb9c55c914e0fbcab6fbac6e9fc669813d3e4f
results/phase4_core/continuation_blocks/control_p0.7_r00.csv,52919,0d9c97687639cc92a993d55ada714559e220aa2eca1ef339134fb5fc40af2abf
results/phase4_core/continuation_blocks/control_p0.7_r01.csv,51915,1cccfe46c0e1f54ad90b8ae95697e566c9ebebb83612ea287d580694eb2d2103
results/phase4_core/continuation_blocks/control_p0.7_r02.csv,52539,58c8c8470335f2049505ff38bf714bf24ba4bf97cb6e621922fe3e83eaf955fd
results/phase4_core/continuation_blocks/control_p0.7_r03.csv,51052,e0d111f40374b0070527a48890cf1b9a99d41d05607663a2a93855c5c4371194
results/phase4_core/continuation_blocks/control_p0.7_r04.csv,51824,67f5e4995003e6502bf809e3e2bb4ffd9aacc0d9ccf2322c7819e8ad561d962a
results/phase4_core/continuation_blocks/control_p0.7_r05.csv,52576,40755df9a8b4a02c36cb2b47080ad7139d7e3fdaa9656574f0c5aabd9fb8b6ca
results/phase4_core/continuation_blocks/control_p0.7_r06.csv,52898,ca1a6937a41fd48faeeae347a3c1587acc73928e6a93a266ab68d71c39ea4987
results/phase4_core/continuation_blocks/control_p0.7_r07.csv,53565,43c3051d576eef0eb25ff3b7fa2e5d6511c1a867a09ad312cb96890386587ded
results/phase4_core/continuation_blocks/control_p0.7_r08.csv,52584,a804d3699d3fe75e048994e73c5ac7e7d5a280e2a17faa3dfd64378c452570a3
results/phase4_core/continuation_blocks/control_p0.7_r09.csv,52481,0345c10bb48046410397e6281aadb92f908db102dcdd77b2e78a17474f2b506a
results/phase4_core/continuation_blocks/control_p0.7_r10.csv,52100,8aec6b47f42bd1f265c7a4687d78ddb77aa54b3e52e0e37b6fba838eaffda7ac
results/phase4_core/continuation_blocks/control_p0.7_r11.csv,52417,b0f897c534ac1991314b6cd16fedc78591f699210b23de3d8559376981587709
results/phase4_core/continuation_blocks/control_p0.7_r12.csv,52516,287c845a9342353f9f6e4e38842e457bed8a8062a8800969e8c84c4b82a2e9dd
results/phase4_core/continuation_blocks/control_p0.7_r13.csv,52452,c78945516698f2f1eb75298bf8819fe4633cacbb70100163484e150a968cdee5
results/phase4_core/continuation_blocks/control_p0.7_r14.csv,52345,ae6231e3acbbbb1eeabc0a01d6e5e252c7386ababb60c7198e86f05b91e2b3ff
results/phase4_core/continuation_blocks/control_p0.7_r15.csv,52787,0ff5c6133367356b07ff5e751d29fd2ef7d01f650e118d1a32f5a670631152b1
results/phase4_core/continuation_blocks/control_p0.7_r16.csv,52607,e8d9d2356bfd4d771aea0e4ec63cbda1b556d00b3ae4a141b8ffee3530de1f3f
results/phase4_core/continuation_blocks/control_p0.7_r17.csv,53251,d637ce5206ada4e48743d5c949a1a84d51e7aa872c1619577684f510bfb29472
results/phase4_core/continuation_blocks/control_p0.7_r18.csv,52276,56b3b1c264ba72c0193979ab69ff4fe9e0c1d142e82832dc94bad0fbae1a49b1
results/phase4_core/continuation_blocks/control_p0.7_r19.csv,51954,e0fa1744496eb5c72dfd4fa7addb63f8d2d48cdd03bb7ece01a149af38968a92
results/phase4_core/continuation_blocks/control_p0.8_r00.csv,52579,842365e963b407497d1cd79415ca3105c4f39437cd3300535986e8940b07ee43
results/phase4_core/continuation_blocks/control_p0.8_r01.csv,52862,308c9d4f26e0b5d11295203ee53cd2dd077ba04d0172d7905176b6ec586a6fb0
results/phase4_core/continuation_blocks/control_p0.8_r02.csv,52576,21445092bc205811dc552f4316e8eb87e7e789fa02bb47806563c760d39c2d12
results/phase4_core/continuation_blocks/control_p0.8_r03.csv,52689,d752dc77820c1d28b162142a4cc03baa757c8efcecb61acbae1dbec544bf0687
results/phase4_core/continuation_blocks/control_p0.8_r04.csv,52973,2208ead889fca986d300c38a5f50610b5c023837fec7fd25e1c23099721f3a03
results/phase4_core/continuation_blocks/control_p0.8_r05.csv,52932,e369fed853a65e380a9b0982b49837e8c8602086cbad1758e8d0ebec66d09c65
results/phase4_core/continuation_blocks/control_p0.8_r06.csv,52586,fb14d98a6038e823fdc0398afe750b22bfc4a498c088597b6a9c830cf0838615
results/phase4_core/continuation_blocks/control_p0.8_r07.csv,52275,c30973cc86905aa640fd5fe9ca544bc5f0c9abebc3e9c7895773b4eb66c91cf6
results/phase4_core/continuation_blocks/control_p0.8_r08.csv,51679,3c8dde90fe9c41482beedcb970577a39499515bbe11d1ec44cd0cf4afe934f9a
results/phase4_core/continuation_blocks/control_p0.8_r09.csv,52336,4c16423f7411a34cb07110d8ee0429c2dcea786f3a773ad7f6a69d74b11e39fa
results/phase4_core/continuation_blocks/control_p0.8_r10.csv,53039,7c8e2481cc83e88c90f62d35386e1af699db9a782b538e6e7a3da7ac0fad16e7
results/phase4_core/continuation_blocks/control_p0.8_r11.csv,52516,c03ce482fca9869726daa31e8acab3f4deb353bb3216ba857a8a17aefb6e269f
results/phase4_core/continuation_blocks/control_p0.8_r12.csv,51859,e0787394300fc5aa1fdd6bb93623f8627d432732c21ccb29b8a081b6dae46e00
results/phase4_core/continuation_blocks/control_p0.8_r13.csv,52653,2491935d976a9a57481a85ec6c04871e96aacdbfd096cbd2cfa18221659ba638
results/phase4_core/continuation_blocks/control_p0.8_r14.csv,53141,51d7822abb46491d4050fc0b0153ae472067a947249087cc315149c2d9a929b1
results/phase4_core/continuation_blocks/control_p0.8_r15.csv,52176,5b0c69fb61c631d6ddaa7dc27868a7fbfbd6cb583d571a81e23b31b8bfdb0dc4
results/phase4_core/continuation_blocks/control_p0.8_r16.csv,52924,9e3d7ec4609c16c23a34ac2ecf64fe23888d0c246920c8a09c9779644cad01cc
results/phase4_core/continuation_blocks/control_p0.8_r17.csv,52370,9373b3256ddc8b1ed07a3925f856c947e5df5c662dcbb45a6b99038f7ad8e4fa
results/phase4_core/continuation_blocks/control_p0.8_r18.csv,52093,2ae7a821580cc83e13ed43ffb85b98d04105af82ad5133b2bad998e7eb12cf0b
results/phase4_core/continuation_blocks/control_p0.8_r19.csv,52680,e54b3b29cd3c48054001bc9da03bdb2b8a35a6380fbff1789a8b879adf11beaa
results/phase4_core/continuation_blocks/control_p0.9_r00.csv,52940,8da6589737250546a5abfe4b9c8d4bbb033db857b2dbd5cfebf10b4aa0ceaa0f
results/phase4_core/continuation_blocks/control_p0.9_r01.csv,52298,e46d6f6f39dd4b61674ed7dac47004f170bda08a8be60fcb58c155441a3a728d
results/phase4_core/continuation_blocks/control_p0.9_r02.csv,51869,77719488318fb472fc60b0bd22e84184ec112808167763f6810b3c8bee5a1685
results/phase4_core/continuation_blocks/control_p0.9_r03.csv,52380,c04e47d227890e51d3981f5ec389d94c25f29d60abe29809adde953ebe160444
results/phase4_core/continuation_blocks/control_p0.9_r04.csv,52203,be93444487dcf6e08cb66ddb067b37ec546b216d72b2b2f0bef7119263a9fd96
results/phase4_core/continuation_blocks/control_p0.9_r05.csv,52374,b41c0c09ec376f209dd3408677f6cd80b04324594a36cb4a54c3c903cb1d0698
results/phase4_core/continuation_blocks/control_p0.9_r06.csv,52788,5b7013abd1598e2f6f562b8c5baefda7bf30847019e6351960b140bbc5b9db79
results/phase4_core/continuation_blocks/control_p0.9_r07.csv,52895,246e9695ad5830c7f7fa0caca91a16d5d3c29bf4dcd95fc77fd858889d8cd636
results/phase4_core/continuation_blocks/control_p0.9_r08.csv,52612,1613cada043d9f5ea975b4613ddacf14e6848651d2717c3d4bc22aae0f542215
results/phase4_core/continuation_blocks/control_p0.9_r09.csv,52515,a0254192abfafc6d37d94b8c39bb83fa1b353c09fb082423673596d0e43631d8
results/phase4_core/continuation_blocks/control_p0.9_r10.csv,52057,6c48e48d7f2da03a1c939060e7a011082a45b77cd0581d11f1fb75e687c2b2fb
results/phase4_core/continuation_blocks/control_p0.9_r11.csv,53305,90b5729b12cf715ed7975be7cbaac6f6eec65c1bdfa16719d5787929fb37152e
results/phase4_core/continuation_blocks/control_p0.9_r12.csv,52802,35da5cce0dd9351be6d362eb0cb6dc080f9529793aa036dad4f8cf1de341c8f6
results/phase4_core/continuation_blocks/control_p0.9_r13.csv,52419,40017ea1366e222bb7e1d56b6960ffdcf7fa36202fd82322d6f91dfeca750a4d
results/phase4_core/continuation_blocks/control_p0.9_r14.csv,52892,098c4e5a67294cecb8e6345e59b5b661c4e26ff3feacee614b48edcbe06cdc8d
results/phase4_core/continuation_blocks/control_p0.9_r15.csv,52449,a51af83db677752f2dc61d8b97943c331560ec65a8fff18555467f186d2588be
results/phase4_core/continuation_blocks/control_p0.9_r16.csv,52931,392e21d1f753ee1681b242f6a1cfa385f8bef0e495ace0792de190bbdc03140d
results/phase4_core/continuation_blocks/control_p0.9_r17.csv,51985,0e4e641a4a5ebfbde9b893ef93106ba846e54f49de99fe5c4f4df55601f7ee7b
results/phase4_core/continuation_blocks/control_p0.9_r18.csv,52796,eafe9d48eee3a374c1499807e9f17d74f6204cb3aa0727ec8e909b779fafea6f
results/phase4_core/continuation_blocks/control_p0.9_r19.csv,53213,301706edc997b6a862e3d1ca4978e502ef147c1e1df387a5eb119f2de757be0a
results/phase4_core/continuation_blocks/control_p1.0_r00.csv,52780,04124c6e70692d9e2219380df4e7d4c1daad266dd930f54d4698de150d92342e
results/phase4_core/continuation_blocks/control_p1.0_r01.csv,52908,24b10d498b0fef13bbcae3d6a1c15d67756fd7d59e8e04bc2f21fa599fba1594
results/phase4_core/continuation_blocks/control_p1.0_r02.csv,53086,f602bbb8b0fdb88c2c483824d2d590d384d6be9754d611e195a02168bd63e652
results/phase4_core/continuation_blocks/control_p1.0_r03.csv,53380,56e3fa37dc85499d61a7b8989f342e0399f852c7159dded6ea8d9e3d08fec59a
results/phase4_core/continuation_blocks/control_p1.0_r04.csv,52524,36978ef7868bfb615353f3e0cde0e20813c220766a5b6f59822e0630c9c36a9a
results/phase4_core/continuation_blocks/control_p1.0_r05.csv,52277,70ff67db6425f640e8e6baa65d1ae05cf9cac9b44830aa16a00a66229b664347
results/phase4_core/continuation_blocks/control_p1.0_r06.csv,52598,c92352a003f1f452cae70ec7451f97ba0f67ba83d30767e54007891bd933a6ed
results/phase4_core/continuation_blocks/control_p1.0_r07.csv,52430,810f80d76e1e890b1917f2dd17626313a1fa86b7a3aacdbaee966dd638ce8df6
results/phase4_core/continuation_blocks/control_p1.0_r08.csv,52903,6618200457feff5295ee0afb96643946640d1d0b979fdeddd89df3ead8fbb4ec
results/phase4_core/continuation_blocks/control_p1.0_r09.csv,52778,548a08d1211626ff19f5a1cc5df884b65b08c273d6a0b1ecf670f5980dd9d23d
results/phase4_core/continuation_blocks/control_p1.0_r10.csv,52874,9b648aecbb2317c3a0ef0049d78b975ea81515a991d0810cb2f66aaf09979b48
results/phase4_core/continuation_blocks/control_p1.0_r11.csv,52738,a70bc20c2cf4c8131bc49f7ff2151f0fa107086525f4472a0b5085b13dd0ae16
results/phase4_core/continuation_blocks/control_p1.0_r12.csv,52675,cee2a692f02698ebae7478d26cc01549005b7ee44ef590a65876120aea04302c
results/phase4_core/continuation_blocks/control_p1.0_r13.csv,52668,b5038040a47a8a705a2ea57c8fedbb4fc721c7e5ebb8d522c8bb41b83cff985a
results/phase4_core/continuation_blocks/control_p1.0_r14.csv,52495,dfa27c7c066e14b50c6ea4141eaa8c238b965f5b82d9d10ac06c2a8a4a725a78
results/phase4_core/continuation_blocks/control_p1.0_r15.csv,52921,cd5dc39fd74ceb33b03acb284a0891e1dcf66ee245203504d35860be3093b3c3
results/phase4_core/continuation_blocks/control_p1.0_r16.csv,52681,00602042a4f4e4eb9f534c1f902dd51f5a3eafbbc4f8c3be357e0cf119dea645
results/phase4_core/continuation_blocks/control_p1.0_r17.csv,52890,b1360eef75d9a81f61ca5d9f972e5284a0bc2e2ce16394efe7cccf7a3ad0445d
results/phase4_core/continuation_blocks/control_p1.0_r18.csv,52779,3fcec8185ce8ac55dda54debb7be44248dbe554602f5f6d8f7d0f0f87f8d35ec
results/phase4_core/continuation_blocks/control_p1.0_r19.csv,52531,cc52327a7a251a79420a1dc762ac633715b2710b5cf854fe0cd0fe1312565c4e
results/phase4_core/continuation_blocks/selective_p0.1_r00.csv,52721,958c3d384721b1faa54109e18141c9259b773bc70ab9d4957b384db71ab101fb
results/phase4_core/continuation_blocks/selective_p0.1_r01.csv,52714,189f1423be48bf3b1453bc64d9482f3f29215f2c5821505c5e348e2c742c88f8
results/phase4_core/continuation_blocks/selective_p0.1_r02.csv,52738,a9e6f2d47e6122c0745c44ddeb85102824b9ca3bf4ba008d8fd83339c79be7f5
results/phase4_core/continuation_blocks/selective_p0.1_r03.csv,52772,cd91df42ba789e9200d7fe5f57cbde5940d7ecb439f9eb1a4ea749634cbf6cc0
results/phase4_core/continuation_blocks/selective_p0.1_r04.csv,52895,65c6507f7354926efc31edb3762e150232cd35943be0890ee158bde9fbb0e4c7
results/phase4_core/continuation_blocks/selective_p0.1_r05.csv,52984,82094205e9f339bdc18c2dcaa041b2e0667a0051e8ba248c30f46b3c1aebbe8b
results/phase4_core/continuation_blocks/selective_p0.1_r06.csv,52828,f9d897a956e1040c2b70442973218a26d82e8ad4946fb0c2ef16e4a725c8a31b
results/phase4_core/continuation_blocks/selective_p0.1_r07.csv,52849,fdd00f2af4cbba7c6f26ee51d2fa1d92f27f0f0cd1b2529f7c409c5b6fe6c956
results/phase4_core/continuation_blocks/selective_p0.1_r08.csv,52795,365547b8d47256f6480f5fdd0cba5735fd654c684e50a15d1b5dcf6df8e99199
results/phase4_core/continuation_blocks/selective_p0.1_r09.csv,52776,cc787a6a4d6f427feda528d2b21c617aef6682ca4c1ecd6ba06cef0129a659fa
results/phase4_core/continuation_blocks/selective_p0.1_r10.csv,52865,a53c4b4ce73d3a4275cf632af2acd232c97b88aa3d23c33a735fce882d9fc100
results/phase4_core/continuation_blocks/selective_p0.1_r11.csv,52826,54fce5fcd260c9f6b796d08e02816634556c12246e6d17ea260223416ec59afc
results/phase4_core/continuation_blocks/selective_p0.1_r12.csv,53023,7d3ef406265ad85ea57c81ec33bb1dface669d4e293a29ff45e6b19ac43bd84f
results/phase4_core/continuation_blocks/selective_p0.1_r13.csv,52937,53b01e178ce6bcb7bbaca99f51c8927a0aebce84f030119adbaa78a8f76d4dbe
results/phase4_core/continuation_blocks/selective_p0.1_r14.csv,52950,b74b10c4d897df92411b6b404627e9f21c25fe1438880bf8fc6f68ff8a5e0e4f
results/phase4_core/continuation_blocks/selective_p0.1_r15.csv,52856,db59c7f5ec86636d18b5f4cfd3f2d15dab491ed95612b4e54382710220a88e91
results/phase4_core/continuation_blocks/selective_p0.1_r16.csv,52936,f4e830cf94adfd9928d83b47cb53b548e062454c1dffc52ce3e9178c8eba64a4
results/phase4_core/continuation_blocks/selective_p0.1_r17.csv,52899,091504f5da3396493bbaff21a8781484d2dc84b97d268bb8aa0ce1c376e1ceab
results/phase4_core/continuation_blocks/selective_p0.1_r18.csv,52850,883c25c7e97f52b3034c69718393781d8cb23f0c0f69431c7fe1a0dcab6996f3
results/phase4_core/continuation_blocks/selective_p0.1_r19.csv,52901,f341463a93ef5c33cf9d02df917d7655acec69eea5796b6f8846b8ceda00792b
results/phase4_core/continuation_blocks/selective_p0.2_r00.csv,52889,47dfcbc6d71b77f3e4d539edcb919f86c7a078f2e66d2d6aa9b62f54f41fa19f
results/phase4_core/continuation_blocks/selective_p0.2_r01.csv,52795,81cb461596c7d5c38d768a78a6f8b86cd309791358e79296e15a6c9e27062d3d
results/phase4_core/continuation_blocks/selective_p0.2_r02.csv,52781,dc04723f22fd4ba6c2e93066a7cc616abd17571577738db724a1a144ec5669e9
results/phase4_core/continuation_blocks/selective_p0.2_r03.csv,52805,085db620bcd62f6d3a3ebf095dfd4d1e5ffce37fd98bbc2d71141f1af0eb4dfc
results/phase4_core/continuation_blocks/selective_p0.2_r04.csv,52756,be7a8e4b6266645f5a4296a751f033a0c5d53a872d42a6a9646bd5bce3407bb6
results/phase4_core/continuation_blocks/selective_p0.2_r05.csv,52943,156516976776ea1f3713c29f8cd26c47777c1e1a6d3f32508778793546752130
results/phase4_core/continuation_blocks/selective_p0.2_r06.csv,52927,55acae5b7c0a3230b60638290d58610c6893ea02542b0a3f5c857d4f6e709e0a
results/phase4_core/continuation_blocks/selective_p0.2_r07.csv,52916,a0275ae58d0ab5f776948d5c4ada40085d68e3c8efab6b10802264f52f5ca07f
results/phase4_core/continuation_blocks/selective_p0.2_r08.csv,52802,1a118ca035d4968ed5bdd8feeba85c7012ed745ca52cd6bafb57498ebe6ecdb8
results/phase4_core/continuation_blocks/selective_p0.2_r09.csv,52951,e66764285d73d4d22507851d4c94b7ff8de1a033dd64b146c7004a27427e55b0
results/phase4_core/continuation_blocks/selective_p0.2_r10.csv,52932,b4ad16415c7504a1575f942e8cf4cc001891e34a168522b4c621acdb9956e5e4
results/phase4_core/continuation_blocks/selective_p0.2_r11.csv,52924,6bb18b4273f183c433199f2c97df261393a8b69cf77e26a55baba2fa62124261
results/phase4_core/continuation_blocks/selective_p0.2_r12.csv,52980,4539e91dbb2bf5915e3f6fd007765835cf1ec46eadae7f58209ee4405a73cd40
results/phase4_core/continuation_blocks/selective_p0.2_r13.csv,52894,33a712d0bf185888b4921c973a0b863041f720df5d5ce6b83f01ac42f99eaf17
results/phase4_core/continuation_blocks/selective_p0.2_r14.csv,52926,90692cf5b8217c47f41dee74ec3d8f7fb3255c1766f66372d7f53bd04448c3f0
results/phase4_core/continuation_blocks/selective_p0.2_r15.csv,52948,a54f06ff9944618bbb26a54b9895ed0657b0e31ac14f22441697d74ba11d3746
results/phase4_core/continuation_blocks/selective_p0.2_r16.csv,52873,af3a46240826c845ba736dfb3d6185575883134a301d4b5a565276b3a2a9e725
results/phase4_core/continuation_blocks/selective_p0.2_r17.csv,52927,aec7793c5b0b911797e59bdb0fc4d395ae6fec0e814923bd4eadb1669f7060cb
results/phase4_core/continuation_blocks/selective_p0.2_r18.csv,52893,5a8c219c318b65828334d9484d5c8a05d74f5e02a39b754545f04655fc1724c2
results/phase4_core/continuation_blocks/selective_p0.2_r19.csv,52930,d967aab283681e15b34df5870d55d913794f62036f1eb8431f34cfa0d8d6155d
results/phase4_core/continuation_blocks/selective_p0.3_r00.csv,52877,3041a05ae25cd13d3ba8b1c2cc5ba806e013d25da66e8521583007700fc07c48
results/phase4_core/continuation_blocks/selective_p0.3_r01.csv,52758,e3a48414a6b3566ed96b5959ed17ef07bc6b1390e9038f712e2041c1c4de12d2
results/phase4_core/continuation_blocks/selective_p0.3_r02.csv,52775,7131958e233cf7c5acd7390a3251816d90537015ba798efbea1a222a037fdc71
results/phase4_core/continuation_blocks/selective_p0.3_r03.csv,52889,873a91857cc4d3f96b10d41ce461351aad91e780c7b1337988a5fb6854bf59b9
results/phase4_core/continuation_blocks/selective_p0.3_r04.csv,52902,4e0d925c55a6f35ea8134f3ffa878a250bdb617a50272f3179b890b31dd4a4f5
results/phase4_core/continuation_blocks/selective_p0.3_r05.csv,52845,ab22f1dc1bb1a0b9df051c4f4192677e789f880799fd48810e931531801f8171
results/phase4_core/continuation_blocks/selective_p0.3_r06.csv,52829,6dfb713f8a6fc1b36b04da39e2b5c301795d8ac805bdfa1383464a413aa6ed4f
results/phase4_core/continuation_blocks/selective_p0.3_r07.csv,52825,0608f2c7cc6bbedb3948087f5711a236d846f998b6aa7a3c1bd237776ae8205f
results/phase4_core/continuation_blocks/selective_p0.3_r08.csv,52862,1e479f0bbd879abf8084fd9b3f415a2d4e49ab420c238a174f8bd39886a05314
results/phase4_core/continuation_blocks/selective_p0.3_r09.csv,52958,16988f99d74bc018f400d602fc189d74c1c44bbf186b4c70f7751099a4a8284b
results/phase4_core/continuation_blocks/selective_p0.3_r10.csv,52930,d9c1dc171e2231df095744d2c61a1648942916348f7f1a6b191dc7606c9e462c
results/phase4_core/continuation_blocks/selective_p0.3_r11.csv,52864,4aeda28e74f4061020b19517d5c632f18ddc94d8936f3a834a1afc3a4e3b64b3
results/phase4_core/continuation_blocks/selective_p0.3_r12.csv,52815,f1716c66287d026f9cd02eed1f32ad8503fd42f8646f56354ed785e7102e8a3e
results/phase4_core/continuation_blocks/selective_p0.3_r13.csv,52876,f26f9ddd5c52c3da9904898790e6b508ea0e805ce21e67cb8ec2023bddec8b66
results/phase4_core/continuation_blocks/selective_p0.3_r14.csv,52865,a7f04d68d2ff99a0c7f440986560e3269d99b931a4f4fd69d3198efda431e001
results/phase4_core/continuation_blocks/selective_p0.3_r15.csv,52825,03f7fee733cd73012c308f7aca468fc342b1b12ba766aece97ba5bf8adb8d96e
results/phase4_core/continuation_blocks/selective_p0.3_r16.csv,52875,44b229f3cea59c43cd2eccb29fa07b84ab7593b2a62913e6a419be1903213989
results/phase4_core/continuation_blocks/selective_p0.3_r17.csv,52796,39487be9670546e9492ce18650488f571a76fd8ac25c573219fb0bed59583920
results/phase4_core/continuation_blocks/selective_p0.3_r18.csv,52967,eaf38ebf8a04e9d9ed098ac7ea0987a27faee22c77f7f1dca6bd769fb3d86a90
results/phase4_core/continuation_blocks/selective_p0.3_r19.csv,52960,92c3b9dc2b136d32bc8344d0cf638fad4eb894bd5d36ba32ac41e943e2dab5f1
results/phase4_core/continuation_blocks/selective_p0.4_r00.csv,52787,1e2dd3739545c185fff5db17cde5cb4a3a3c1ed2c07b14a3b68f4b93fa2e3185
results/phase4_core/continuation_blocks/selective_p0.4_r01.csv,52919,fdadcf27fdd1a52fd209e21388210674063419103c337a60837fca6439fbdf3e
results/phase4_core/continuation_blocks/selective_p0.4_r02.csv,53011,58582874e47ad3cb0af7575ac3c46b79df3bedc7b2fb62603bcb338b42352f43
results/phase4_core/continuation_blocks/selective_p0.4_r03.csv,52746,aaad29a78c262f38342799300d03dfa40114b11b6b2565d4dedebe0338035c9b
results/phase4_core/continuation_blocks/selective_p0.4_r04.csv,52841,4ed712493036e3f014008d27ff8d4ff235f310814b0ac589b3d40337a2bc3d05
results/phase4_core/continuation_blocks/selective_p0.4_r05.csv,52930,2183c6e2305079884d62b3ded128b5ddaa36f50b291907ab44cbe9eff00c916e
results/phase4_core/continuation_blocks/selective_p0.4_r06.csv,52841,d1e03576b825152fe506084d6e625bbf75cfead88cdec20ce7371ba60a5337fe
results/phase4_core/continuation_blocks/selective_p0.4_r07.csv,52835,422add02d61269e349e6cb043bc094073c189547237a77af6c949cda5018cf1e
results/phase4_core/continuation_blocks/selective_p0.4_r08.csv,52836,e714cadfaaf2fc8c862c159275a2f92fd2227f3f71268c2298b0e8725ae45c98
results/phase4_core/continuation_blocks/selective_p0.4_r09.csv,52860,8f4e887ffb6bee4b116d76d99a02f6fb5304fa0e7b3c58ada67b0ddc46ab9690
results/phase4_core/continuation_blocks/selective_p0.4_r10.csv,52934,f1d37260aa9b5ef73e347c963ebf68ba3aed997a38166e1e16a10bcb30a20345
results/phase4_core/continuation_blocks/selective_p0.4_r11.csv,52925,bbfd5d5b835b487fd941fefd608121a8f0da414c14f857865ab8699b4eaafe16
results/phase4_core/continuation_blocks/selective_p0.4_r12.csv,52915,bcb65906d8eb37e9a2ac9284e9ae69616c5f2bc1855135169271f9b2a4e6db7c
results/phase4_core/continuation_blocks/selective_p0.4_r13.csv,52644,6a5f5c07e4ff8a6d72c7db761635f04e9eaf160d8768ebcd87751e5b6177a7ea
results/phase4_core/continuation_blocks/selective_p0.4_r14.csv,52969,3f869057b06d086147d1810fd50af6a7d10c31f4c2c86c25696a065b6f5e0354
results/phase4_core/continuation_blocks/selective_p0.4_r15.csv,52928,aa81af6c76da4f1b32731cfbb98edcbcf63a38f292c93741fe6908367366d049
results/phase4_core/continuation_blocks/selective_p0.4_r16.csv,52819,438b384a2bfe76eeccaa9360618fa19b7a28100b5e7337f2a7f95cb262a3b6e6
results/phase4_core/continuation_blocks/selective_p0.4_r17.csv,52868,df140cb4276c401f5f664418d73f4a36079377e2dd5067849473f3701768b6c4
results/phase4_core/continuation_blocks/selective_p0.4_r18.csv,52795,0f6b3346b5c52e56c044f0077598c92e4c793d4a196a81a35dcdeccd3d347b0b
results/phase4_core/continuation_blocks/selective_p0.4_r19.csv,52930,49eaa7e79d953669d645c7cd49ea8159e76e3dbe74de3882737170ce51cd091b
results/phase4_core/continuation_blocks/selective_p0.5_r00.csv,52827,5d6b341d6dfaea624cbace0e42a3872a8095ffc5842a4b2f41d9b034f46704fd
results/phase4_core/continuation_blocks/selective_p0.5_r01.csv,52878,c66f8d5aba6d7b13ce1343f7535401a2b3aba1ca54bb857d13344cebdf230074
results/phase4_core/continuation_blocks/selective_p0.5_r02.csv,52709,604c5d4d43cc4b5f68ef172a46cfbc664f257294dbf2956392db940afca558db
results/phase4_core/continuation_blocks/selective_p0.5_r03.csv,52894,c8e5f2f7357a4c899bd1ebe7e891f479a31016130b96eeb364e26e6fe6156693
results/phase4_core/continuation_blocks/selective_p0.5_r04.csv,52717,cdefbcd654e388c3228f19b7eb7d357aaf33a5452be8626267811f1236236c83
results/phase4_core/continuation_blocks/selective_p0.5_r05.csv,52866,75d5e3c7219d1723471207c907ff64638d4454c56a1f4797a772cc602c144673
results/phase4_core/continuation_blocks/selective_p0.5_r06.csv,52775,2b3548c4447ee4466835d92b08323fec2e12d0b6586ddde4a6016854dabfb168
results/phase4_core/continuation_blocks/selective_p0.5_r07.csv,52708,fb4c0fe543a88d83d023a94eed5fdc9b81a7894491064f8d0f5494414496333d
results/phase4_core/continuation_blocks/selective_p0.5_r08.csv,52824,979d3738dd0fdac8a234a16d5a4bcedd88161a29aad60c206ccba3bd9046dfda
results/phase4_core/continuation_blocks/selective_p0.5_r09.csv,53026,6c352d81ca42c3e4c75ed1cbc5ad74be720d9c8b77904db560f6c2de472b7177
results/phase4_core/continuation_blocks/selective_p0.5_r10.csv,52946,795b1e56d15d3ccef1a61b6cac55125cc3b46932b20adfe93e8c05ddd09a1a84
results/phase4_core/continuation_blocks/selective_p0.5_r11.csv,53041,9ca4cf62dfeaa09d0b2c0ed49f301ff0b2e6a3a16cbe0c39da638d5087daa90a
results/phase4_core/continuation_blocks/selective_p0.5_r12.csv,52935,21a85c7774b7e01f7f3ab3dad953e003a0b1cb57b6791c46f14d21a969727fe9
results/phase4_core/continuation_blocks/selective_p0.5_r13.csv,52867,3add2c67ed9eae353af7b984f4c88aa5850b699de9b8fd8e96033a9cf8f4be3c
results/phase4_core/continuation_blocks/selective_p0.5_r14.csv,52841,01c8bac3247dda6ce045490212e3fb7c66d5dade004b5cf056f9cc484a7812e6
results/phase4_core/continuation_blocks/selective_p0.5_r15.csv,52905,1184e4a5585f0a38fb90035221b958f426e66c8bcda8e19d76b78d97edb50672
results/phase4_core/continuation_blocks/selective_p0.5_r16.csv,52811,1e70c23feb48f05275904c02198e78feac019396ae687d6f6af38c5caede7bc6
results/phase4_core/continuation_blocks/selective_p0.5_r17.csv,52861,74f47549f6c213bbb05919078a8933df9d0534e16040fce43ac2e65832263332
results/phase4_core/continuation_blocks/selective_p0.5_r18.csv,52878,90ace446d026d0a45f0517738baac3388310ae0b66d40161490d189ff1f1c11e
results/phase4_core/continuation_blocks/selective_p0.5_r19.csv,52956,240c272a5bd06c94852b09c12b1caaed10d314769346e1acd8e34b87c1039557
results/phase4_core/continuation_blocks/selective_p0.6_r00.csv,52955,ba0a5721afeab8d50ea24999afddf3110fab7ad9e0ab34f3aa736db54fcaca74
results/phase4_core/continuation_blocks/selective_p0.6_r01.csv,52694,83fd0a6e0e50feb005179edc7f8df7e48ef2fc796dae729a76114084a92ebc5a
results/phase4_core/continuation_blocks/selective_p0.6_r02.csv,52872,c19ebb746ae1915939bd5af38f4bdd701b646aaad3ee60c7ffea707b85cac364
results/phase4_core/continuation_blocks/selective_p0.6_r03.csv,52917,027eb9d28edd37852cee81cb7e06e4513becee5f0a677fafdbc933424a07b941
results/phase4_core/continuation_blocks/selective_p0.6_r04.csv,52935,038299f6a5c988d393600c94173f5fb5d649694d8397438f903840112147261a
results/phase4_core/continuation_blocks/selective_p0.6_r05.csv,52911,044a335cb6a44c3a8c721315269554609a1c66a5229834acdf0f07bfc00a837d
results/phase4_core/continuation_blocks/selective_p0.6_r06.csv,52807,bcf9f667f3f76614764ce2393aa6a5483050c3e613102eb7fccde4f418dc7f23
results/phase4_core/continuation_blocks/selective_p0.6_r07.csv,52820,e426bca4228421bb85eb3f26300ae4472bf27f4b2ae4cdc5327dbf057fd9bea1
results/phase4_core/continuation_blocks/selective_p0.6_r08.csv,52796,548d141ac8cf576e47d29ba281ce71747514c98e6a40acb8443d2a265658e785
results/phase4_core/continuation_blocks/selective_p0.6_r09.csv,52831,4fdf6daee14c9afa14adfb99bfd37c01a4d70184db2f11dab6878047a65c4e92
results/phase4_core/continuation_blocks/selective_p0.6_r10.csv,52993,40bc1d9a2029ad156e4e4592ab63134c9529898140460666ace7b3c8bcc2aeb3
results/phase4_core/continuation_blocks/selective_p0.6_r11.csv,52872,a326710211ba1b4d764f4646fe83149707c69a734b2b23e15edda904a2a76d41
results/phase4_core/continuation_blocks/selective_p0.6_r12.csv,52881,791f0bb5914252a6a87d3dcc4f06bc8970a0f1aa5edc31253254313ecd0927b0
results/phase4_core/continuation_blocks/selective_p0.6_r13.csv,52925,5b46db0556f272734b21e67e2e8730c1a458b6ddf3c2b1bd5f8e43290de7b0a2
results/phase4_core/continuation_blocks/selective_p0.6_r14.csv,52919,da71a6e3ff699a0eb87669aac182cf4c102d795a8bd755b291dc8f461b3ca0b9
results/phase4_core/continuation_blocks/selective_p0.6_r15.csv,52834,2d89f17c3a44727c718d2f3652c056a1616cdb6d17ab33ab95cddbde2a5eaf4f
results/phase4_core/continuation_blocks/selective_p0.6_r16.csv,52815,6e5f88616bff53eddec7de6c45bd4f8580553d1d082cfc64d9e6ef89e119cca2
results/phase4_core/continuation_blocks/selective_p0.6_r17.csv,52967,e145125789cd2971f0274f15e632161b6f48d91586dfc8cf7e90c376be93cc3f
results/phase4_core/continuation_blocks/selective_p0.6_r18.csv,52925,6f0dbe7313532bfac833b782a6147ce3b592a2d4448e5648cf383a6247d5e77e
results/phase4_core/continuation_blocks/selective_p0.6_r19.csv,53083,2e1281f678acd698047d88ba6e1419ef419218a87b9771cd5365cc88d0933d1f
results/phase4_core/continuation_blocks/selective_p0.7_r00.csv,52834,ff913a0e45613ac5ed9d0ac37f24f4f38f3e6c94d356d16ee2a6425903e8168f
results/phase4_core/continuation_blocks/selective_p0.7_r01.csv,52964,fa0d9fd23ad17cbbbc23a366fd7dfc026de67de19cb7e16104f2e4a325b0791a
results/phase4_core/continuation_blocks/selective_p0.7_r02.csv,52857,f64f2cde433b8549b0c43c5f5840cc2cb96b08d5d2b3ac9cfba9f562c373cec7
results/phase4_core/continuation_blocks/selective_p0.7_r03.csv,52768,d6ebcbd893c9f4260fcfeb1c3bac72e4c37686f74dc09399590bffbbe1d6b850
results/phase4_core/continuation_blocks/selective_p0.7_r04.csv,53021,03b09edb2aa50be0a4d082b034045eee4554763036bb80171d6a2184fa2e8c0d
results/phase4_core/continuation_blocks/selective_p0.7_r05.csv,52871,14a3830ba420eeb605152e79f97a56ceb92de0b024fe48fe47c45732d1c03bb9
results/phase4_core/continuation_blocks/selective_p0.7_r06.csv,52883,9bed1dff2b6ea57393835df92af2cb464740c8db5045a4966e4b60513cbdc90c
results/phase4_core/continuation_blocks/selective_p0.7_r07.csv,52924,40844bc928a5db768a5d1bc1568f1c8ebbd94265c438e6f524581e14d4974bb3
results/phase4_core/continuation_blocks/selective_p0.7_r08.csv,52705,b7907c27a49b9db41d05074a39d7992c2bc8c5f95de8c9f02881b05f8f0007c4
results/phase4_core/continuation_blocks/selective_p0.7_r09.csv,52835,36323265d9d10d369a008b961ae7c3d9dc43b5b907022100d857cba8f904a895
results/phase4_core/continuation_blocks/selective_p0.7_r10.csv,53066,7213973dd1729e5faaa70060ce40f8bc0d69ec5719a254e557adae054213e2f7
results/phase4_core/continuation_blocks/selective_p0.7_r11.csv,52932,0e133ca85aac482835fcadb2f2e712abf163684669255f53a90717f247acac4d
results/phase4_core/continuation_blocks/selective_p0.7_r12.csv,52743,093ecce2e001d2f67864ba6dafa3205c4d81906047041c1aebe6939dd92142eb
results/phase4_core/continuation_blocks/selective_p0.7_r13.csv,52669,f98623422c0afb7111bc6d7033cd35b4f3140d2d29e658f2ab315242124eca0e
results/phase4_core/continuation_blocks/selective_p0.7_r14.csv,52831,fa36e5927e5e36821598e2406e9998bcf8a6a70d35b3c43c19893bd26db3d020
results/phase4_core/continuation_blocks/selective_p0.7_r15.csv,52925,b8f08f5376f266080338448a00744827ac1b447de81b465c574a65162a85a890
results/phase4_core/continuation_blocks/selective_p0.7_r16.csv,52997,fd35f022b613524470412db38d85049ca5f79e373ace917777f64b9ddb8b1b28
results/phase4_core/continuation_blocks/selective_p0.7_r17.csv,53007,dfbccb657dd94d22e697d85b0da97018d70c5eb875a45d9c58aaa42d8d5a5260
results/phase4_core/continuation_blocks/selective_p0.7_r18.csv,52881,bb7d532cc35ba0a91af31ab52f8ba02be1f80ffa84cdcce3b2570848bf0548d7
results/phase4_core/continuation_blocks/selective_p0.7_r19.csv,52757,1e2adc613b5dca9e1a8383375413014822cbf73284df01314427735fca8538e9
results/phase4_core/continuation_blocks/selective_p0.8_r00.csv,52824,399f89a5c5f913ca02048c1c3659235e779f7ce888ffe2e13ab94faf302720f4
results/phase4_core/continuation_blocks/selective_p0.8_r01.csv,52780,161d1fd24f0cf17656d95a9600093423eb401acb88980c7aebc436a694d47743
results/phase4_core/continuation_blocks/selective_p0.8_r02.csv,52946,344c12e4b8e2610e9e57a8b554f0cfe63d22dffac923c24b3e17dd6698d39f63
results/phase4_core/continuation_blocks/selective_p0.8_r03.csv,52948,dcffebfcffc470ff5fd52509da3ab5ebdee9bafa32716d20aff7147182d4a237
results/phase4_core/continuation_blocks/selective_p0.8_r04.csv,52838,a869a9748603da6413f9c7fdc5fe3ce09fa30f5fa0d5fd1a0e5b44e3e0d28941
results/phase4_core/continuation_blocks/selective_p0.8_r05.csv,53049,83e9f8d55eb6b4868e8c1c44deca71a51fe8efcaee666ef6efdfff61a1ab977e
results/phase4_core/continuation_blocks/selective_p0.8_r06.csv,52789,f40a786555dcfeedcb80da6253d02fd036aa20b1b889efb0750e07883ddfb5ca
results/phase4_core/continuation_blocks/selective_p0.8_r07.csv,52884,e2f89eff106867245b5e6a873421a762d797a866d4335b5a5ff95ff18667878f
results/phase4_core/continuation_blocks/selective_p0.8_r08.csv,52924,c7fd1c3a38f5cad777c7e25de9b54f986b122927a799592dbb3bf99acc458f04
results/phase4_core/continuation_blocks/selective_p0.8_r09.csv,52737,20f546d70ac60683b443b92d0eef4eae62bbe9e71ff990bdafd44992fba2943f
results/phase4_core/continuation_blocks/selective_p0.8_r10.csv,52982,4fce26b88a7c007a7a268a55075dca4dfa1e5069aa58d236fdfca01b5b8ffb7d
results/phase4_core/continuation_blocks/selective_p0.8_r11.csv,52834,7562b51053b778ef5ffc0aaccb0fbb9c38437a331faed7794611b62e0f9444cc
results/phase4_core/continuation_blocks/selective_p0.8_r12.csv,52885,5e24691d168bcd5ed8d69ab9964b6c39790072cc2220fdf9f218c79b8c20df76
results/phase4_core/continuation_blocks/selective_p0.8_r13.csv,52925,ffc6c32f7bee5d2ab757428537db48eb6fedb74251cea47a995a6b5512064890
results/phase4_core/continuation_blocks/selective_p0.8_r14.csv,52934,d2b1f4f26a55c6560fd4f2195279f9d5a9504c6b6bd4fad8a8d72a9c652edab7
results/phase4_core/continuation_blocks/selective_p0.8_r15.csv,52891,a12344a86d12cb35bee6578604ced9e8e60abe72f7a71027dd085d30800f0639
results/phase4_core/continuation_blocks/selective_p0.8_r16.csv,52949,4e9a048857f5b98c87814050952f36f3443e07960659600f392d6ea8410d2c22
results/phase4_core/continuation_blocks/selective_p0.8_r17.csv,52923,079ffb49404b29ef941155219c3dac38c13fca7f1d36daa683654e6bc4e441ae
results/phase4_core/continuation_blocks/selective_p0.8_r18.csv,52931,aeeb0711f022a5e22cf2fe1459352c9b475275fb10cfa9c6371cffbb0a33b4d3
results/phase4_core/continuation_blocks/selective_p0.8_r19.csv,52839,42dfb858fa90ad0591d914cea1aeb1b072a22140f21960054b71b619f5c91d02
results/phase4_core/continuation_blocks/selective_p0.9_r00.csv,52765,dd72e098c30ece64fa9732e7c4516f9b0b565c76fa7b98ff518076607c0e3387
results/phase4_core/continuation_blocks/selective_p0.9_r01.csv,52852,98201639e57b4f6c825169ea807cb32fdb75d27f281a7ffdde35c50eeec03445
results/phase4_core/continuation_blocks/selective_p0.9_r02.csv,52835,aa7dffcecebcf856b6724a541edde8bf2820f6cc48e7d54e05f286c5d6335bb4
results/phase4_core/continuation_blocks/selective_p0.9_r03.csv,52878,492c6ea49d143f0ba82f0d997b9b028a7b76709c4f30a031107465c742d436f9
results/phase4_core/continuation_blocks/selective_p0.9_r04.csv,52816,cb245b730fc215259138fa75c895be4a66c0dcfd1fe4891cb01d937a29ea9c2a
results/phase4_core/continuation_blocks/selective_p0.9_r05.csv,52923,7acff20638512eebe839cdee5e83176bb6ff62c1dd016568ef4e678c61bdb46a
results/phase4_core/continuation_blocks/selective_p0.9_r06.csv,52832,34528e9b8b6c4b0f149a01cd8578ef5e36e298005ac2d03125b6e3eaa87b3c9f
results/phase4_core/continuation_blocks/selective_p0.9_r07.csv,52775,be443aadd5bb886d1bac34482a5cdf833d97d4456c1dc8a4c6c1a6a7dbd8d334
results/phase4_core/continuation_blocks/selective_p0.9_r08.csv,52731,34aaf2a71cecb0493ca640015294cdc865381ba28bd26143478d523f1fa6c96d
results/phase4_core/continuation_blocks/selective_p0.9_r09.csv,52932,e0aef85e8c7df809062fda2492c02a399cc245af3870cf500ebf89b0c30d53de
results/phase4_core/continuation_blocks/selective_p0.9_r10.csv,52835,217d1bee1788236bad43a07ab6822739b6eaa4c7ab2686f6b882c5ddb00a52a2
results/phase4_core/continuation_blocks/selective_p0.9_r11.csv,52926,7e70285361f662dab420941cb836c9ced2edeb3a66d4fd4b692dd1b7f8875ae0
results/phase4_core/continuation_blocks/selective_p0.9_r12.csv,52833,f97194e81e0a5c6e25d5c3c511fae96503aa97dec7be2955151a25fd20af8bc0
results/phase4_core/continuation_blocks/selective_p0.9_r13.csv,52957,2effbb606a4bc0cc03f6a7e3e43f423ea16c14ce7f907b69d25e315b1700ae9d
results/phase4_core/continuation_blocks/selective_p0.9_r14.csv,52854,77468128279cc740094adfbd27f0b5e599833c3aea130322c797216b75806224
results/phase4_core/continuation_blocks/selective_p0.9_r15.csv,52878,5b457a032a297a7fef395ae1be91fb6ff287864b4b50cb3e6437fe8079cf3100
results/phase4_core/continuation_blocks/selective_p0.9_r16.csv,52803,24b00ba96893bb2588a8c850230a12d03ceadc1316c715d5c2cab29437fd2060
results/phase4_core/continuation_blocks/selective_p0.9_r17.csv,52815,5e1e1132b705956a12d38ea6fe8691982f37cc81ee07e0fc0b975188a743a523
results/phase4_core/continuation_blocks/selective_p0.9_r18.csv,53002,26fed5c52ac74322e08a0206e93bcc7d1a6abe566ba3afc1e6c17e53f1e79915
results/phase4_core/continuation_blocks/selective_p0.9_r19.csv,52987,4bab8c31c207455d7c44d0c55c077bae4c62193b8f1c16e26a40a2fe8d7381ab
results/phase4_core/continuation_blocks/selective_p1.0_r00.csv,52732,9256a1fc8c0093a1c6e6f1875d857a96c60fa933d90360749c2e2b7e33946cf1
results/phase4_core/continuation_blocks/selective_p1.0_r01.csv,52790,6ba496b20524c081c57a4a091728df99c981d37f731f53d09315014443d649de
results/phase4_core/continuation_blocks/selective_p1.0_r02.csv,52816,59b3bc76d8f1583e479edfff7a5404b796b3a32c100eb70ed824ecc030605609
results/phase4_core/continuation_blocks/selective_p1.0_r03.csv,52831,a23d3709196be0887c814d96bb433a222220af8c88c5d81eadc5f0dceb4df572
results/phase4_core/continuation_blocks/selective_p1.0_r04.csv,52761,58141a41ea17261ed68c55e01ac770b09da3ff7df41756d4d9b4175649b78c16
results/phase4_core/continuation_blocks/selective_p1.0_r05.csv,52934,b158e73abd4247ca1d12f32cc4266b766103472c99d6f2837f7c8439a2bb7e18
results/phase4_core/continuation_blocks/selective_p1.0_r06.csv,52726,5812a110b1540ac59aa25ed4b1ee43997651cbda3b176041d7fa621ec7b268b9
results/phase4_core/continuation_blocks/selective_p1.0_r07.csv,52831,8b0ce95a39d24745be5d4d0046d573922f4dc2a4716104ec494dd542e2bf4a2b
results/phase4_core/continuation_blocks/selective_p1.0_r08.csv,52834,de78e01e2399c215f207950b20833dfd3e567f60cc49d7f823b985e4af86206b
results/phase4_core/continuation_blocks/selective_p1.0_r09.csv,52802,1d983934c6392adfd2dc398f37cc98ffc0983bbd530d9e38222d249859853c0d
results/phase4_core/continuation_blocks/selective_p1.0_r10.csv,52752,694f6986eba20490d0c906c4459685efb8daff6782866294a35d66d66fa61d0a
results/phase4_core/continuation_blocks/selective_p1.0_r11.csv,52953,e4b6f1a7704dac6251f3fe6ceb2ed3a9bbc97a78dcce205047fd7b4d1a0c46a4
results/phase4_core/continuation_blocks/selective_p1.0_r12.csv,52974,0e953dcfdddac83b57b81ce1d26760169bef300a8760a6076a7a75a236c78b27
results/phase4_core/continuation_blocks/selective_p1.0_r13.csv,52897,36fdfdb3b0fae386ea94db0a7bd7c81e65e7f146bef52ba0728c7be3d6699faa
results/phase4_core/continuation_blocks/selective_p1.0_r14.csv,52944,6920350d3b3df779841f54c593ac0c9921e4c0034b8a83f5885473b3ced23caa
results/phase4_core/continuation_blocks/selective_p1.0_r15.csv,52830,15a2db9c8d43939d47630217b3db425c2b12343f7ae2bfe51f639f7951d8684b
results/phase4_core/continuation_blocks/selective_p1.0_r16.csv,52842,28da6fccce6788dd9ab52a356244da510aa85cf553b5eaff913df34ea47072bf
results/phase4_core/continuation_blocks/selective_p1.0_r17.csv,52679,59485ce9dc3c9ff63ffb98474127ebd295b91d61fe6ddd3e964d9199da4dd9c7
results/phase4_core/continuation_blocks/selective_p1.0_r18.csv,52965,1b3c13be15e2bc3fef9e132ca0ead5d3bc72e0c88ae126e2cf6e39c0282c29bb
results/phase4_core/continuation_blocks/selective_p1.0_r19.csv,52905,695190183652943cb696f06d877fd7caf4db65be1482d59ed80788d4e31991de
results/phase4_core/continuation_level_results.csv,20891498,9d0157ad1deffc4e54ed3aa0b8813c6fdc6d9d1e0e60922d9fd7c09a26061af2
results/phase4_core/continuation_seed_ledger.csv,4329334,38db45ccedffc0ed2ab7fac0f2a4df0490b88ab8afe317d71d999fcdcab617da
results/phase4_core/map_level_nested_summary.csv,2948425,dd721d250966d084232f895aa687b53ac81ef0bc197b2e7e59d5d799d118ed06
results/phase4_core/maps/grouping_assignments.npz,34123,4932a37393af9ee3e08dc9e6e33047a49a57ea0d729cfa8965cff14310537d0f
results/phase4_core/maps/grouping_map_manifest.csv,6202,c4f8870d5fa27ff7fc6e352620414f583d1ffd0af1f1acca8d22611f0d4c538c
results/phase4_core/phase4_settings.json,257,588859d615948b3dccdab16f43b0ca0b1363487812df43682d4ee9cde4570947
results/phase4_core/replicate_frontier_summary.csv,89119,1fd0f6e72067d7dc303461df12930ecf3371ff2c0dd6d7253e1fabd6a00ef06a
results/phase4_core/replicate_frontiers.csv,4078503,d81a1d41d18546afc40717dc7beeedb4f6bf826d39fa4ede912ca1b57abf2f5c
results/phase4_core/replicate_level_permutation_results.csv,5290,56034f50d4800aeb1054147bfdce0ff6915b1c60e1d894de55eeca8d023373c5
results/phase4_core/states/control/p0.1/rep_00.npz,81746,c1174bc6c86d9621c2350e0a70c0cea968938c721656d1f9b31dd67678edb7cc
results/phase4_core/states/control/p0.1/rep_00.rng.json,691,511217b63276361ed27e8b7cf275d46d946b94076b2f1ff859c59315a7c29ad8
results/phase4_core/states/control/p0.1/rep_01.npz,81661,d1262dc432065859387fb3857a8df0dd7f9cc5f61e74624a9abf9bf4ce21ae1e
results/phase4_core/states/control/p0.1/rep_01.rng.json,694,4c3d430a51705583d17863cb07a3c8a7248066652f251f9d16d16440ce0d2f8c
results/phase4_core/states/control/p0.1/rep_02.npz,81818,e41092b81200c1dc1f6090c1b754f331dec1181ee0317b5ae3d748239d63de69
results/phase4_core/states/control/p0.1/rep_02.rng.json,692,03f080ddbbbff3cb7f9a14373798f0977d9199c5821b02b014f2b4b2c5c46d4e
results/phase4_core/states/control/p0.1/rep_03.npz,81986,6748b9f0cf98c486b75a883af8d21332a06c2eb37ba1460ee149e99961a5134a
results/phase4_core/states/control/p0.1/rep_03.rng.json,693,8c313c697dad850dc25672a07137b7937f73b9ebdbfc1a982775638c43f0042a
results/phase4_core/states/control/p0.1/rep_04.npz,81645,e2c3374efe429e2205fbba6e7f4a2c938dd524f7ed2d680d2956ebcf9f56da3c
results/phase4_core/states/control/p0.1/rep_04.rng.json,694,ff5cbebb85edbe3475d96df7427794e762a873f6d4cac78ea18edb9fe7abbd97
results/phase4_core/states/control/p0.1/rep_05.npz,81818,db69ebe32a8f7515278db8a9a22b4b3c3e2a0465e533501b718dbd9154067bec
results/phase4_core/states/control/p0.1/rep_05.rng.json,692,520d152d7864037fc1c8300fbbb8cadd9472e9195c7d8846fe4c478a9337dcb1
results/phase4_core/states/control/p0.1/rep_06.npz,81709,adb3e2a9accfce7078321183a7cbcbbb4751bc0e9509bba3e4c5eb7cb45520bd
results/phase4_core/states/control/p0.1/rep_06.rng.json,693,7621b3ffe062b6c11da3a229dab1a050c855a0c3ed023233e9a240fd656d6a85
results/phase4_core/states/control/p0.1/rep_07.npz,81907,6e33f41dc6948d6ad78229c6c3599ed1945d4879eb626c18848ef17856c087d2
results/phase4_core/states/control/p0.1/rep_07.rng.json,692,47fb0398e2c212fc8fc0bc4f7cfa531103079c8dd7f474e4f54168afcd89fac2
results/phase4_core/states/control/p0.1/rep_08.npz,81466,9b5a1da2945db1d7d9c32fdea782be415f2bda447b9f55b8db49fe6f0fe87421
results/phase4_core/states/control/p0.1/rep_08.rng.json,692,d3375e9144774c1a7331d1e2d82852edef0437251fe4f6940223ba952120036e
results/phase4_core/states/control/p0.1/rep_09.npz,81531,8e790643f97ee1c5c9f6c13163012252fcea2e952390563175b3ac27dd8755a7
results/phase4_core/states/control/p0.1/rep_09.rng.json,691,d7d3e4da2a20cae67e0e2931bb4f9b4c521bcf7147268d47294a90a9a8f90164
results/phase4_core/states/control/p0.1/rep_10.npz,81752,3e7ed5c18fe220ce7ef6db71cc9bdfdceefde1a4c88c0f80a3930e282c760612
results/phase4_core/states/control/p0.1/rep_10.rng.json,691,ff6e01ca71788a568fb274dee48b7175c1ed18d93b7b52f08293f4be2bd704c2
results/phase4_core/states/control/p0.1/rep_11.npz,81826,e731ce86fcece362df6be8db5b0b14e565a1fd3accff032bfa16ece87be44d85
results/phase4_core/states/control/p0.1/rep_11.rng.json,690,6d9cf8e9137a4f346581c1f068e07f2309ebe85b2d3673dde6a7b2b9ed326226
results/phase4_core/states/control/p0.1/rep_12.npz,81598,52e9e172719a5ca4ed9ff07ed7d36429116cbbf25900d04493420d6d6481e598
results/phase4_core/states/control/p0.1/rep_12.rng.json,693,159c9441690f132bf87e453cc4fe1804c3664eb7ca186193831fae920bf8680d
results/phase4_core/states/control/p0.1/rep_13.npz,81949,ae518fe025af02f49616a6c5bd41a9731030d430f5614136438701a06c44d9ca
results/phase4_core/states/control/p0.1/rep_13.rng.json,692,ec6e1de6f8ff939bc8633509132226cabdd3f4d1fb1bc024a972ae84ff44a3ff
results/phase4_core/states/control/p0.1/rep_14.npz,81885,472e9ab1e98eb88a4ec2b59f6e96dfe9cea830bf4fb5d7364081c40d78ca528c
results/phase4_core/states/control/p0.1/rep_14.rng.json,692,48b546c0d64bf0269b8afe852a9fc3995b19f59565b1093e9c2ddaa084e379bf
results/phase4_core/states/control/p0.1/rep_15.npz,81663,c42ca90db10989fbfca8f3020984bf2638e3b9eedd895b0850c7e821ecc815f9
results/phase4_core/states/control/p0.1/rep_15.rng.json,694,4590193c430494ae45fa2acd7759b1cc077fc0bf0cdc43347da8e25b6a46deaa
results/phase4_core/states/control/p0.1/rep_16.npz,81861,c04242b20cbd52a8b716b60b48f518437e5ba0976ff73e82be50589f9f51487c
results/phase4_core/states/control/p0.1/rep_16.rng.json,694,90ae2770f847cc913da75bfc2de5539e7c02624cdbbcfba1a2f04d5d4a7030c2
results/phase4_core/states/control/p0.1/rep_17.npz,81947,ef2a95bb65d6fe270168801bb1c567e7495bd54e7c19016e994cfb9cf818fbbb
results/phase4_core/states/control/p0.1/rep_17.rng.json,692,0d426e1c887389fca9948436273087f69fe926a7e0578558b1470a33cd395056
results/phase4_core/states/control/p0.1/rep_18.npz,81780,10aedfee998d0714f9233c56e9fc6c44492f47fd7aa77e54092fc72ca051ab58
results/phase4_core/states/control/p0.1/rep_18.rng.json,693,338ffbd7ae211e4d1b4eceab77b787a354ee134fbaf0783222913b7478ea32ef
results/phase4_core/states/control/p0.1/rep_19.npz,81715,94b4e406c6a6a402558fcae61d861d6233cd369b498353668f4331b188336b6e
results/phase4_core/states/control/p0.1/rep_19.rng.json,693,a0d7716b57c495e47f0e69ea21eda208e273750746c90e2e55c308d866c7fd6b
results/phase4_core/states/control/p0.2/rep_00.npz,81181,69f5db9814bc44c1f0781ef3b17b00edafc380c91f25a24b6d7a2c8710c02559
results/phase4_core/states/control/p0.2/rep_00.rng.json,694,08f611b24a52bbb6e357c4729c982b441cef93269fddab5537fe4b3fd49a458a
results/phase4_core/states/control/p0.2/rep_01.npz,80597,8721d5d9769100fcea3fc5a7562e9d290b3343db37a89a16ab7bbcca2f20f25a
results/phase4_core/states/control/p0.2/rep_01.rng.json,694,535bf1f93e0f9fe12f4d4bc830c57d6d0740716daca26d6a86f7b9e13ebc0c4d
results/phase4_core/states/control/p0.2/rep_02.npz,80903,9b0b8416961c3029ec7f702461f5a58353386dab61dfd7073d14086cdc6a7ff6
results/phase4_core/states/control/p0.2/rep_02.rng.json,693,4a364875ffa0c785870d08ef116e4809d641f295420ae89a8cac1740f79e4621
results/phase4_core/states/control/p0.2/rep_03.npz,81241,41559fe635f9dbe21dae177c7202383e649d0b177323b0cf7a8d34453eacb417
results/phase4_core/states/control/p0.2/rep_03.rng.json,691,1202c020398575c883b3cc2f020b2f5235234344441873fde23b5fc14c5b8ef4
results/phase4_core/states/control/p0.2/rep_04.npz,81397,155ca9b220f1591a92c5914d7aadfda6098fcfa688dc99f684ec768cb7c70628
results/phase4_core/states/control/p0.2/rep_04.rng.json,692,cd789b99fb85a5605073e18321a34f752358d6c1e1bbb24e4d22f2bd40f4d221
results/phase4_core/states/control/p0.2/rep_05.npz,81053,648fe6cf446355ea7b257d145bfe0a9ecc65baad594d0cbffe8e98f1c91b7f47
results/phase4_core/states/control/p0.2/rep_05.rng.json,692,f0ab34dffafe33312c7035671dd45546daabf4d92e961337d428278596836ff6
results/phase4_core/states/control/p0.2/rep_06.npz,81227,1e6d1078bd444bb738ee684b1b367bed65fec13fdd92393a04f5e1c5ce714606
results/phase4_core/states/control/p0.2/rep_06.rng.json,694,842be939f1a6907f888ade58ef9a68b044a59a98b6256a64c972e14814d76c34
results/phase4_core/states/control/p0.2/rep_07.npz,81525,15e49b142439c0b2e9c5f0a9fac3aa7fb24423889eeea30b2d1b9aa132d21937
results/phase4_core/states/control/p0.2/rep_07.rng.json,694,716ed18f08ba8e10df4897013ce4b5f0d388c1bb30badedd0e41f37292d0a6ad
results/phase4_core/states/control/p0.2/rep_08.npz,81023,b811f24ec1ee148439c9489a75e71ef3f1c95c47395ee41aba21d2d864d28986
results/phase4_core/states/control/p0.2/rep_08.rng.json,691,b1dbc7052fc6f512978d81a4aad17fb5b0f09c14af60cde95bcda137bb20fa78
results/phase4_core/states/control/p0.2/rep_09.npz,81207,6c9b17a69032e3267ae94fdec2662a09b28b657dccfbc256f55789120734e606
results/phase4_core/states/control/p0.2/rep_09.rng.json,692,e3910d80e783a87ecca3fd4dc4bce170114de96e46b4909308f15855c467a966
results/phase4_core/states/control/p0.2/rep_10.npz,80998,e635ad9ec3f19b7db46abc2bd862ae9518cfd52e8ccc5d64d7fb7e91e761d293
results/phase4_core/states/control/p0.2/rep_10.rng.json,691,f78f3398059ce828701c39422a86f5e5312c0258d49f7f560d67e44ea897c64e
results/phase4_core/states/control/p0.2/rep_11.npz,80549,12a10f881d0ab400282c7faa1eba70860d16994c440c67b8b70f43f4d09f5a55
results/phase4_core/states/control/p0.2/rep_11.rng.json,691,5e66712370bb9c022fa3e4ca6bb340ca988002396a6a04fdc74187fa24c1f7c8
results/phase4_core/states/control/p0.2/rep_12.npz,81320,a9d0c5c2dcc0ba0275f374809bf97ca74fcac8cec6b9ed76a14628adca7256f8
results/phase4_core/states/control/p0.2/rep_12.rng.json,692,9f1d105ce4bddbdedb99091be6c975be4f8833621bb1099ca7193eb440352302
results/phase4_core/states/control/p0.2/rep_13.npz,81365,f08b47ae34f4b131d752a3ed0cbd62e4192db25418d53c1ca7734b0499f87cd5
results/phase4_core/states/control/p0.2/rep_13.rng.json,693,ae8ae6dbca09ef530892e34a724e8a96df780904909a754f58ddfa0062fa47d6
results/phase4_core/states/control/p0.2/rep_14.npz,80869,032517bc8ecec6d1dda43e9c03d858049941b91c4fb25258cfd31a06af069e9f
results/phase4_core/states/control/p0.2/rep_14.rng.json,692,c96c035a3ec67944fc649901277d02d3f55e43b5b0983f83d4378a5985303f69
results/phase4_core/states/control/p0.2/rep_15.npz,80869,21f56b3e7340a18ce97ae39202b6c6bb54c05e988a97bf1ab365bd5bec1c27e0
results/phase4_core/states/control/p0.2/rep_15.rng.json,692,c95a93f07f2b4bccbaf6fda55305de9092455d17d32261b7c056170c58c13e0d
results/phase4_core/states/control/p0.2/rep_16.npz,81070,43a2a7f6b1b3520f6968708a67dfcf7347152cb357e094e1d9486681491b6a44
results/phase4_core/states/control/p0.2/rep_16.rng.json,694,98440a750ed94366d73361727578ae40afb67df476ab737925226d5440c16848
results/phase4_core/states/control/p0.2/rep_17.npz,81353,ddd7b22aa11ad326594d7a87b31d9d8662b218b8dd2d5fad00e798f11757fd0a
results/phase4_core/states/control/p0.2/rep_17.rng.json,695,b5573e91d429a02b3e7fe2ed44ad2e020d2245c4a45bd73e16fe6a0f5d899e65
results/phase4_core/states/control/p0.2/rep_18.npz,81212,2243adf1855d56c1411a094b3d164412b14bf233765c28f391c51e6581ab9580
results/phase4_core/states/control/p0.2/rep_18.rng.json,691,4c87d1dfe7568c39c7127be6decb7ad1efbcc22b97c381c297b58525c810c3e1
results/phase4_core/states/control/p0.2/rep_19.npz,81139,7ac5e84b3019b29384871c484896df411c12d7f38c16dc9dbe44ff68972c6722
results/phase4_core/states/control/p0.2/rep_19.rng.json,693,659a2658c4e042048d46b241fa6908919b97c2a21f1a0def8167844f51cb9948
results/phase4_core/states/control/p0.3/rep_00.npz,80084,b82e25ad3dcb6f07580de1bbf18c80f8346f9549be462d1e0c27bc21f194edf1
results/phase4_core/states/control/p0.3/rep_00.rng.json,694,909c9c729ef950c24f18b26b35d077fdbe0bdd76f085aa032479a9c729530b5c
results/phase4_core/states/control/p0.3/rep_01.npz,80186,690b05ac913680dfd8a099d70c25a1dd18201b2e558fb2d529b7b3dde9189a4d
results/phase4_core/states/control/p0.3/rep_01.rng.json,692,6ee4c3606249daf6c4133f4a762200006ad489c797584a577556fda4e9a25e6c
results/phase4_core/states/control/p0.3/rep_02.npz,80060,fe088950cb8475c4495baacedd1e74b56d19633c9326810a5951a91dd7495b7c
results/phase4_core/states/control/p0.3/rep_02.rng.json,694,140fe2be3938257d3645a3f89c9cec92fa4b306b32d5f6b48e3c6ff1713922d5
results/phase4_core/states/control/p0.3/rep_03.npz,79913,986c16823a0adc632ea23a0286109476fde72510be0f22ff9efeef3afbef7f3c
results/phase4_core/states/control/p0.3/rep_03.rng.json,692,5d7127db6dccdf7284d7e41b0d4f49fa7cd93bdbc12c7b61ab7dd27d9c785214
results/phase4_core/states/control/p0.3/rep_04.npz,79919,64ace01dc6297f73f50883bcca7f30b2d45697089d8ce01bfbee58485dece946
results/phase4_core/states/control/p0.3/rep_04.rng.json,694,a4ec4e51fc38af703ec57cb730f39716b6f8e6197ab124766e69430facb086db
results/phase4_core/states/control/p0.3/rep_05.npz,80105,b40c9292a232956388353251113d42ccac2c8213ceeaa12ecbe97e89ee21c95c
results/phase4_core/states/control/p0.3/rep_05.rng.json,692,23c54e56bda0f2a7b7c4309aeead5fa412118bba8ed239dd817ffd86af982770
results/phase4_core/states/control/p0.3/rep_06.npz,80597,cfbd5959d530ab8214dc88361fefb587878ff5383402f933069b84f18869c6c5
results/phase4_core/states/control/p0.3/rep_06.rng.json,693,6cc74bf3b84489c2a8150b4226d6a89b5494c57ada4eed1a7fa1f93849ad6a33
results/phase4_core/states/control/p0.3/rep_07.npz,80555,af8f22855ee467ffb06f7e7043d2ac606981807dd4670420d395ccd017de69a4
results/phase4_core/states/control/p0.3/rep_07.rng.json,692,07768f0df4bd62c1da656a5b9b282953de415caddb1278c7fb76212ec6b3daf1
results/phase4_core/states/control/p0.3/rep_08.npz,80305,6adf9eea5fb6005414ecc4a5d5b3cb93c05ac1aa014f5b0fdc8b14b2d1b9fb78
results/phase4_core/states/control/p0.3/rep_08.rng.json,689,fd7576017e1c3f58bfa3518713dd4c2a7e292005b2abe58202348f2a2ea686f1
results/phase4_core/states/control/p0.3/rep_09.npz,80332,c864b676eb61fb9bd09793368df07510cafac00211e0ddf4efe27cb588813684
results/phase4_core/states/control/p0.3/rep_09.rng.json,694,fb4ae859de3b6b0d7a100071ad50e2f557af26221902e5f0387f7c48dd39f8e9
results/phase4_core/states/control/p0.3/rep_10.npz,80643,c9391a2685be0235dabbdcdfc0f79c777836b1edb36075d4d3518a004a3b7dba
results/phase4_core/states/control/p0.3/rep_10.rng.json,693,c3d05ec77244394d94e88e55feb337d9c4a0250f57fa5c78692bec25d2422456
results/phase4_core/states/control/p0.3/rep_11.npz,80708,94b8f72a667e8a6c6dec1aa20e0e1fa73eafb8003c8764028d123d918d651933
results/phase4_core/states/control/p0.3/rep_11.rng.json,689,dafae95cb2b111db1b284d4b6ceb008900ee6d8d034e747ecfc4ab7aaa63f28b
results/phase4_core/states/control/p0.3/rep_12.npz,80045,862f200cb60ccebe16f77e1b9026c11836090591fc8cfd56b8991fa524ae11a5
results/phase4_core/states/control/p0.3/rep_12.rng.json,692,945103d0212528b431d94071eba1386a31784560147f5c9f075005ad14d7d2cf
results/phase4_core/states/control/p0.3/rep_13.npz,80572,30385bc8e29c3789fe61944935b5351e2fd402efcb5ef5e0aaec00e8ba8d13ff
results/phase4_core/states/control/p0.3/rep_13.rng.json,693,16e5e7ffe6cafe57878b9f98e68af5da85a83cbc451af3a8207b95eec3ef7d9a
results/phase4_core/states/control/p0.3/rep_14.npz,80567,0fb335de5b0bf254ab7006c5698c151ad556ee67f36b93de4ecaf5e368a19751
results/phase4_core/states/control/p0.3/rep_14.rng.json,693,4a4203d175a4785df6e10accb811c6dbccb2491d854300f704e3a00712a506b7
results/phase4_core/states/control/p0.3/rep_15.npz,80026,67b293139c565822bba0985c9e2b319b383664cb5e8eb1c7a177ea26ac35d142
results/phase4_core/states/control/p0.3/rep_15.rng.json,695,43e8c3ede909b4811c82a48691663eb2dfb7d3c430006be6ebbd1a388fac2503
results/phase4_core/states/control/p0.3/rep_16.npz,80473,9bde19586ae293b2139f8e778ef40e0d5b3016c7619e4b013a7cdff02ad324c9
results/phase4_core/states/control/p0.3/rep_16.rng.json,693,44b3bd1bfef6c4b17bd955c8c79e4d99361783767dbcdbf6f2f9a7ed23d4b926
results/phase4_core/states/control/p0.3/rep_17.npz,79667,c9452aaddec54b76f8f3f793ec72bc2ed9e595a697b038594a10fc27b4618d41
results/phase4_core/states/control/p0.3/rep_17.rng.json,694,e7472242dc2f36f43e2f99b392b64c145dd278e15e5651695b168bd7e6e43d47
results/phase4_core/states/control/p0.3/rep_18.npz,80184,8d5a3f54042f8ff475456347be1befd2ef28e1da6696b1bd4c42ee446409a41b
results/phase4_core/states/control/p0.3/rep_18.rng.json,692,de187a105464479017a1785bf443bc5db3a36780445cda7b8d598799f1a217ed
results/phase4_core/states/control/p0.3/rep_19.npz,79593,4c57177028c463e30db88df29657fad328ad0c576dbf01100492b21d7f6a5b50
results/phase4_core/states/control/p0.3/rep_19.rng.json,693,7e1be23dcaca6bb29bef1b6e754e0e1c2ceff8f024623a4961220116b204ef60
results/phase4_core/states/control/p0.4/rep_00.npz,79151,f4c8361336c52cbb5abeb825969db8a7e584dafdef195ac72d16654d71830539
results/phase4_core/states/control/p0.4/rep_00.rng.json,692,ba50c7b0be9953cfdf2740246b131e9e47ad3557386dbd10a26a231216bb1d6e
results/phase4_core/states/control/p0.4/rep_01.npz,79480,7cc4a8b50544915bc9d33dce32ea5c1d314ca78d3e3dee0f447c17825c62fd7b
results/phase4_core/states/control/p0.4/rep_01.rng.json,690,d5cee229dd4a4e0e01c0448c311f00b1b6ad4617190815fd8c243164a2a7be85
results/phase4_core/states/control/p0.4/rep_02.npz,79363,fd7e12147b85eabc22504e78e657fbcba32e45c456d32bd8b4468d922c3ffc68
results/phase4_core/states/control/p0.4/rep_02.rng.json,693,72507ac0b218fd4215a4846ba28bbde4f980d2c159a0e1bfebde10ad73d2c75c
results/phase4_core/states/control/p0.4/rep_03.npz,78734,f96939526f9fa00e5adbfa354d77a73edf45b358c38cadc69b9b3bafd64cbb28
results/phase4_core/states/control/p0.4/rep_03.rng.json,695,a954ffb5daaa0e1ba6d97639ca94b87978abccb7623a2b6aa1b563e8e63175c8
results/phase4_core/states/control/p0.4/rep_04.npz,78519,94de5ecd72bc33dac982bd306a1f44f4f997bfcf0e7d97810910c2324bb88607
results/phase4_core/states/control/p0.4/rep_04.rng.json,693,1dc4a9a169b95e7f50ae2537f618102b52fc3b68fb6598ac8db675e27a442e8f
results/phase4_core/states/control/p0.4/rep_05.npz,78785,d10c1042fbe518b37b3984572cd60459a51e05a2361270abb723132d428bc64b
results/phase4_core/states/control/p0.4/rep_05.rng.json,693,47e8d5d24506b302354d2d15f21f568f7256fea603b6fc607b5a6c462bc0147d
results/phase4_core/states/control/p0.4/rep_06.npz,78154,ebce92da8db4b0fc8fdae7a0e1fe7c789d137fbf5e75e2a5cbc18ec9fbeb819c
results/phase4_core/states/control/p0.4/rep_06.rng.json,693,bbba902bca9820878aa79ba86ce9691f2a3ef085cbc0ba5811641a2bf6a93d00
results/phase4_core/states/control/p0.4/rep_07.npz,79567,b6fc7867540ebecde71be432c1e3a0c73fb36068b6566967edf509c23b286246
results/phase4_core/states/control/p0.4/rep_07.rng.json,690,20b7a00f39aa80bb12c26171739be580f2dd74218686328c8ea522a89444a1b4
results/phase4_core/states/control/p0.4/rep_08.npz,79886,514965e46709a86d18faa180dc718be83210e9638f9db096f38dde4a212cebea
results/phase4_core/states/control/p0.4/rep_08.rng.json,692,f0f97d1a3c884d835e540fe74084f84bd56d07c8250817fa584daec756dff0b9
results/phase4_core/states/control/p0.4/rep_09.npz,78428,babaccc539f6edca090ef11d5ebef5244b01c7abbfd6883ac00ae8c1b17c9fec
results/phase4_core/states/control/p0.4/rep_09.rng.json,693,5179d84cb62e8b899a56d7cbd40c10d6fefda42ed6a8a162db447c7a2003f9b7
results/phase4_core/states/control/p0.4/rep_10.npz,78948,bc608ac7938bcf2f25848bc074173b4661c26eb94e04fe891098d4c6aa0783a2
results/phase4_core/states/control/p0.4/rep_10.rng.json,693,5b73716dc24e92fd0b5bc93a59e1f42222424543eab316167dc684b30973df67
results/phase4_core/states/control/p0.4/rep_11.npz,78907,6f663673dfcb103094a31b35e4cbb3d465b1ea0df8e7ff61a9002b375ee3d788
results/phase4_core/states/control/p0.4/rep_11.rng.json,693,92542fa87bb797401e5be6a925c5439b79e3e8a263a81a2c315cde89756e4cc8
results/phase4_core/states/control/p0.4/rep_12.npz,78184,4887d86879b82156c5c756db80bff5cb7f015a84e4d597ceb6f9a0b586458686
results/phase4_core/states/control/p0.4/rep_12.rng.json,694,bdfd838911d4d6304d6c198add9198783c41d5ec6a1cf571e1b3b8703a00e362
results/phase4_core/states/control/p0.4/rep_13.npz,79400,96129bbaf12c56a0d089a7abacde391afd91661feff917bf130447af14588f7d
results/phase4_core/states/control/p0.4/rep_13.rng.json,693,63e4ece794c10adb0a8ba394045c05ba6454b9d59f579a8e2ab9151ec3d1cced
results/phase4_core/states/control/p0.4/rep_14.npz,78177,ee881693f4f431eb67a20cd1255cb7c1eccc6d7a67bc018b613890a1f31d80d6
results/phase4_core/states/control/p0.4/rep_14.rng.json,694,3bf671c8f593133c48435a38ca9d233c7f1c074d92b20edf076401f235a32d9a
results/phase4_core/states/control/p0.4/rep_15.npz,78353,410eb9964ff3229b7c90035a2bec15f58fe7d81f75a5e59779cba4d9c7eb533f
results/phase4_core/states/control/p0.4/rep_15.rng.json,693,0f34b528b5a2423d5898ff258efd601fcf3a7ea9dd80e00c497d108916ff5ba7
results/phase4_core/states/control/p0.4/rep_16.npz,77989,cd8df4352f6b9872208473f1cd313eeb005a67dd04be23cc88293fff4bb0542e
results/phase4_core/states/control/p0.4/rep_16.rng.json,693,88a6d199d3fa1dbd0b13cfa552ff0ec0dee3b9ad499f6f82997b040f1b381f15
results/phase4_core/states/control/p0.4/rep_17.npz,78132,a604e585675d1722d2aff6d1d5a6449aa176946759ec5787e3f10307e79b8e13
results/phase4_core/states/control/p0.4/rep_17.rng.json,691,9fd6be6641117d7e913170ddf32832e608db49431c095f7b59fa73c3ebd764ab
results/phase4_core/states/control/p0.4/rep_18.npz,78564,45199db4773ec34030087897efe247541259548530a86bac83cbfaaaa483ab50
results/phase4_core/states/control/p0.4/rep_18.rng.json,695,aa3dbc9c537ac1358a7151878a10d26df4c6bb18cce35d000ddb2ad4fad4da07
results/phase4_core/states/control/p0.4/rep_19.npz,78941,4a17342a3ea351dc9286dcf78a7e81d8ab0585761001ae5f2e9c1e116efb0c19
results/phase4_core/states/control/p0.4/rep_19.rng.json,692,fea3ba007698ecbdbea179c908c63345304f96d7aeaca0f4cea52635c7804873
results/phase4_core/states/control/p0.5/rep_00.npz,76629,58bc27e5dc5ed278329b1a95a13606ca8b6617bd265269f9f6555c5d1c1caf74
results/phase4_core/states/control/p0.5/rep_00.rng.json,690,d5c8faa406aaaffee5cfaafcb33edee813ecc1d32ea176ca1d2bb12fd69fe927
results/phase4_core/states/control/p0.5/rep_01.npz,76741,a8f64e05048e0a2eedf48555ea1fb3316af45afe87b5e7a73e67d1f2c9b47e84
results/phase4_core/states/control/p0.5/rep_01.rng.json,693,cbecbff1e34b3c7cecc1643e5d8977c280c15f4ae7a2690522bc283be2fef666
results/phase4_core/states/control/p0.5/rep_02.npz,77800,79ef31c70ee191aff7091b667c821c2ed9b2b62bf3cbf91db1a99c47538b3b06
results/phase4_core/states/control/p0.5/rep_02.rng.json,694,06d7c8a076f4c4e1513cb0109783bd3ef0293a89bf84311b153390ff37551d76
results/phase4_core/states/control/p0.5/rep_03.npz,77192,e21c4990d9d29b24e7f48cfd426f689d7e03cb24b9fe4774972a4881e9360ea2
results/phase4_core/states/control/p0.5/rep_03.rng.json,693,3afd19308a0263a61146a51ba62e3f778396f9a3954cc412aee279b0b24a070f
results/phase4_core/states/control/p0.5/rep_04.npz,76406,26f3517253d55f72316518f432c695787ec1fb49d5a8d9afd64d284414eddfe9
results/phase4_core/states/control/p0.5/rep_04.rng.json,690,500d7696536ea2006741beab73501b5ab52a88a54bb7d6fbea0fc52bb51d193a
results/phase4_core/states/control/p0.5/rep_05.npz,77714,c2c739a55f46fd980cff4210e65f159770f7f063ff6989f7830ec70a50b00648
results/phase4_core/states/control/p0.5/rep_05.rng.json,693,e9eac146d7f03a6e6eae37745a84ccb51e8a3e0d00531501bb452ca9fbe4b5d8
results/phase4_core/states/control/p0.5/rep_06.npz,76582,f20d5d890969d2aa02d3eeee4b9fb49c71feacea27946a73ec76b39333bc7921
results/phase4_core/states/control/p0.5/rep_06.rng.json,694,7cee851b9a30cab9490e73ca634d9297e73642030172615e3e602c543ec2ec57
results/phase4_core/states/control/p0.5/rep_07.npz,77016,23ce8476a6708cecc8652bd4c2d4450b05c95efc670d3c7f2f65ca797d9360de
results/phase4_core/states/control/p0.5/rep_07.rng.json,694,7ed44ab42ad2de7d884b7db357e64a6eb40f9b6e3ffe543ca4208e928a178714
results/phase4_core/states/control/p0.5/rep_08.npz,76075,93fface6dd4eedc2514970623cf982400b5380813ff74e331b482ac80190cbf8
results/phase4_core/states/control/p0.5/rep_08.rng.json,694,d71323c15c8075a67870521f18b14150fb4abe856f4e104c1ff73630d0c258b4
results/phase4_core/states/control/p0.5/rep_09.npz,76807,dff866d4ed6d1e9dac3288af0cbba6e7999ea7fffb8f21617c78d7b96c63e520
results/phase4_core/states/control/p0.5/rep_09.rng.json,694,18e1dd32a801ea97944c62d683a74a1f4e0b10f6b511f375a66970586c4e18f9
results/phase4_core/states/control/p0.5/rep_10.npz,77527,242957a0bb9822f3b5bb23e634fc9e90600c71aea2ebb04a604bfe7bf0e26ddd
results/phase4_core/states/control/p0.5/rep_10.rng.json,693,c865b1c67540953cba02810b8310047c16c280586c233e54eddd29ac8a117c69
results/phase4_core/states/control/p0.5/rep_11.npz,76728,b1e09f90d565acbf5c2e3eaac34f647a14148e132a7d9df1eade032a0a06b109
results/phase4_core/states/control/p0.5/rep_11.rng.json,694,157a16e81cbb889d2401924a8e5502c53686c292087421b9fa1f9e3592c3f407
results/phase4_core/states/control/p0.5/rep_12.npz,76999,41a8a7e2b471045d9723a92bae921c540b0055a4dd1bda51163595f3a4ee35fc
results/phase4_core/states/control/p0.5/rep_12.rng.json,693,509172f81a83011e9c82ea494b11668e61185f93f216636920e4e25a30b9e85d
results/phase4_core/states/control/p0.5/rep_13.npz,74986,79196c7f319542a88105276f420a742a5e0d7ffb9c65fe9ac656d40182756bf0
results/phase4_core/states/control/p0.5/rep_13.rng.json,691,94eefbd219280faa7384db842ae0ae4e96ff44dc0d052d18f05adc994e6a3063
results/phase4_core/states/control/p0.5/rep_14.npz,76207,f9e324651b8f357e2594f1e7ac54525bc5d877fcc04ac55b6a96dbd57966ad34
results/phase4_core/states/control/p0.5/rep_14.rng.json,688,854ecd64a81772bcaa48823151cb7b42e723f4a3ba481b69a139d5ad1277a661
results/phase4_core/states/control/p0.5/rep_15.npz,76749,00ccf877ea80de3c624e4ea46b797800b7c81fd79b0c65fce388f502b35d07c5
results/phase4_core/states/control/p0.5/rep_15.rng.json,693,8c670f34fd7af7d05d200de10aea0fc7f14db910ba8ea3ee8998b75e8b48e761
results/phase4_core/states/control/p0.5/rep_16.npz,77407,835236ca3d198d298c5091ace2644a701e5307aa0cebcfa8869bce7fce99e8d5
results/phase4_core/states/control/p0.5/rep_16.rng.json,693,0dceb1810490b326810b16d3b7f5c51b378f9233a515b2940ac5f32372cd009f
results/phase4_core/states/control/p0.5/rep_17.npz,76191,6fabfbad6b38c0d163ff678f81ffbe98dfdbef0f700d9b0d4209e6c44689417e
results/phase4_core/states/control/p0.5/rep_17.rng.json,693,67cd07cc79750ec2bed6f6c799672d2dd73244cd485bcbc7e2475656f7b4a788
results/phase4_core/states/control/p0.5/rep_18.npz,76542,e4e7bacabe7113adeb03f94a772447f3719a34390e050cb219004d645754d664
results/phase4_core/states/control/p0.5/rep_18.rng.json,691,8b02e9de5449e5e375cd032201273f6f2573c85e394e70268c2ebc2a396e80cc
results/phase4_core/states/control/p0.5/rep_19.npz,76341,a81f808125b618a89ab5ebc48615e87496f6eb494435dc28e10fbdbef6ec0412
results/phase4_core/states/control/p0.5/rep_19.rng.json,691,b18b1cb7d2739f450d02fc931955b26f15aba05001bb9a9adef72738137aab44
results/phase4_core/states/control/p0.6/rep_00.npz,73667,cf9edaf5ac0f75f22f503291547dc6d73d73258887778408c44e3f6ac3ffe1da
results/phase4_core/states/control/p0.6/rep_00.rng.json,693,7029c21bc43ea64f927fef3c32932b4aef167290ecc889aebc6a6131e61de384
results/phase4_core/states/control/p0.6/rep_01.npz,75042,b0127dd912d669830af4966fcac77baba8114d0a0112ef54629bff6aaada266e
results/phase4_core/states/control/p0.6/rep_01.rng.json,695,f7901fd4240e839f7d57c360fdfacbd9d30fd717c61aa9ee0659c54e7562b761
results/phase4_core/states/control/p0.6/rep_02.npz,74188,b99a19dc878c69ca930ce3e9ff0d3cc2d6d33506e3615a183298f46e8baa5a21
results/phase4_core/states/control/p0.6/rep_02.rng.json,694,33d08e46b8da3f31c30d16ed0dd0c40b0bea442cddb6b6f959cc2513fee16abd
results/phase4_core/states/control/p0.6/rep_03.npz,73385,fe88319bdf092afaf0a9944d66cc9ca459f4df88c274595bc86e606c2387bb95
results/phase4_core/states/control/p0.6/rep_03.rng.json,692,6bd938aa44a52a354ae24759d2ac8104c61934f36f57f7e1b698000838b4ca25
results/phase4_core/states/control/p0.6/rep_04.npz,74755,e68c6634a1a3ba39fe400e28038273e9811c0924f503b9487bce1f6f7920952c
results/phase4_core/states/control/p0.6/rep_04.rng.json,694,f9009d4b0b38832025992b5db41c0305812b88b1305581b2b3a631fae0a79657
results/phase4_core/states/control/p0.6/rep_05.npz,74847,c73e26c8a43a32ed6475ea0d369caecac9af957e462787061ed77b8612a85ae2
results/phase4_core/states/control/p0.6/rep_05.rng.json,694,002e7ac9415a2add324c0c763a9ed435195a369c9187255f61c4b14bc8c82109
results/phase4_core/states/control/p0.6/rep_06.npz,73974,9601c523fdf3b81c081a7205a59bfc43a062a16fbe713f0f7e1f7e39245d6fb5
results/phase4_core/states/control/p0.6/rep_06.rng.json,694,6ccb8c83f812c2f5cb309b76f503a58f0ac3d4fb0fb3c3836a9f4b23950b4d7d
results/phase4_core/states/control/p0.6/rep_07.npz,73774,899ee3611cee5b4f30467cab0f0de5b60bdfd7004a7a3104478efea45029e84f
results/phase4_core/states/control/p0.6/rep_07.rng.json,695,fbfa100be961bf6e329568ea4678280f6cdf4894c35bfcebdbaea697f3ab76e5
results/phase4_core/states/control/p0.6/rep_08.npz,73071,6d9371f35ffaa15b386aa74838709c286dffe42b2db83bac64a5e9b97fb9b494
results/phase4_core/states/control/p0.6/rep_08.rng.json,689,d364559ef5b5f3b8f6bbf8b8c9d61723e59f1949927a6c2c30a4d6e98d5e2128
results/phase4_core/states/control/p0.6/rep_09.npz,74619,f36d2167c9248eb5bd3dc95ff307f30f298f358abfcf0a84d840e9fd13c46445
results/phase4_core/states/control/p0.6/rep_09.rng.json,692,4b0f168b73a3a388bc52f7f434f68e21061474eba5a9abcd69975ffaaafde060
results/phase4_core/states/control/p0.6/rep_10.npz,73960,9dbfe8ad218ba8156fff1968667523c4b082abdebc0aaffce9ce7ab52bfbfa78
results/phase4_core/states/control/p0.6/rep_10.rng.json,691,21eb956a57c61e2ee5b9543155a65325c1be59bfe52f884b7119b7d949bdc672
results/phase4_core/states/control/p0.6/rep_11.npz,73706,06170b0c13283c5e8ba11fd151e4cf06e912b61c00bc18450ca28addb09d0c94
results/phase4_core/states/control/p0.6/rep_11.rng.json,693,bf328c58322f6d7e7f745ecff4a0c33d8ff5daf851eef80dc49ea5777a6b71de
results/phase4_core/states/control/p0.6/rep_12.npz,73422,04ee8973b7456e116f3d32ce368283305bde1a832f7b12574e7961b201898bcf
results/phase4_core/states/control/p0.6/rep_12.rng.json,693,1eb5fddd16e9438daa9faabe216a4e4c35755ece0e73c1d124d3edd97becd709
results/phase4_core/states/control/p0.6/rep_13.npz,74439,548a292f2d8f9d200b7674b6317f866fb7ec6798a3b172d63549e621c56dc854
results/phase4_core/states/control/p0.6/rep_13.rng.json,694,a5bfe7d46e342e288c1820b2e62e677b7e2c891b9cec91c308ef709d3d60d998
results/phase4_core/states/control/p0.6/rep_14.npz,72955,3478cd9f036d98690218b31b91e156b2f3a5427ec35f33a0e61cecbefa6d1936
results/phase4_core/states/control/p0.6/rep_14.rng.json,693,861a6c8229758382d7d3ecbd90e8de8958f77b29904653067c993fb2bdcc1f5a
results/phase4_core/states/control/p0.6/rep_15.npz,75175,7eda75182cafd431ff65552a4b61d66ee96d2d44231447fef515a7531a67e051
results/phase4_core/states/control/p0.6/rep_15.rng.json,694,df513e6e0e41acb15a65745894def307241ffb82a13ce84c71eb37a1ddeeb1e1
results/phase4_core/states/control/p0.6/rep_16.npz,73373,97ef1a3b91c889d692835107915b713538b831599fc43bafc49b7984439b0160
results/phase4_core/states/control/p0.6/rep_16.rng.json,692,11cb4871cd8ad182389c40637c6a1b706714f094f8cc67536510c0ef613a95f6
results/phase4_core/states/control/p0.6/rep_17.npz,74174,11ee99e7c245d65d094c1dca8ecf305b9f3eb922b685a4cb8c9b672998d63d50
results/phase4_core/states/control/p0.6/rep_17.rng.json,691,d6b0d24013e03906b576ccfa4a233cec000d9183fcdbaea216ecc1949aed7547
results/phase4_core/states/control/p0.6/rep_18.npz,72921,25c033047ab928cdc6b48f7e4018eea576bea3b0dcd917647ea2aea0a27c25f4
results/phase4_core/states/control/p0.6/rep_18.rng.json,693,3a23cb141188605d441253326efe66889745017a181a67eec67d48cd5d1f4d1f
results/phase4_core/states/control/p0.6/rep_19.npz,72920,974939221ae2b8aafaa2722cdf3ad86a579765aa26a168fe5522314eefb79442
results/phase4_core/states/control/p0.6/rep_19.rng.json,694,0e016deafd5e0fba632e3289405babf485c2f994ff91bb9c6ca37434264adf37
results/phase4_core/states/control/p0.7/rep_00.npz,70293,9a8a8c0aea83587b07de306c1b6aeaae76b2b0102944dea4b5fc34642931a1c2
results/phase4_core/states/control/p0.7/rep_00.rng.json,694,9dc02b4d87575b9a6efe7970d324ed4d91d0316c9f483241268bd880cac719b9
results/phase4_core/states/control/p0.7/rep_01.npz,69521,a6155927cad88700817d9ad67f607bb82ec836df12acf5dc4fe49a9e9744f529
results/phase4_core/states/control/p0.7/rep_01.rng.json,691,25ebfe782e845f8179c5ca09cbb4a57155317f4c439f7e14642a29e827069a58
results/phase4_core/states/control/p0.7/rep_02.npz,68099,782f594d14fb198b450929d464df7c6f2ceef944cee1af0dc79381ec039ca889
results/phase4_core/states/control/p0.7/rep_02.rng.json,695,cbfc6287c37dc35350c9b8858681e947f8f31129a8b6a57ca88388af0956a54c
results/phase4_core/states/control/p0.7/rep_03.npz,69053,5ece1c790ab3645c0f4adb724ee708666d9a9aa427e607036d189ec14bae11c5
results/phase4_core/states/control/p0.7/rep_03.rng.json,688,4c8b0f1ae35be73c842198e97e26561feaeb60663616b003ba51ecfd2cbc8539
results/phase4_core/states/control/p0.7/rep_04.npz,68872,8f7aba00c2953752472f64a2701e8d1d9ab742c0e58766fa5e39792d6246f7e0
results/phase4_core/states/control/p0.7/rep_04.rng.json,689,0c77b6776d61763974405ab5171f3085eda0a91ab12190b81cf4fa46a5c3d3c0
results/phase4_core/states/control/p0.7/rep_05.npz,69139,d1d21172aa5bc748ec21089dff02cda5a58e8536ad2e5234095ed0111bb16da9
results/phase4_core/states/control/p0.7/rep_05.rng.json,688,29d21d66591295865da7fc8c281c5fa7acba43e54d347296d773d21e6684a43a
results/phase4_core/states/control/p0.7/rep_06.npz,69494,fd71a6ac0e4ec6ef5bebffeeb223e58ed3c74b76a4df117acce883b92304a669
results/phase4_core/states/control/p0.7/rep_06.rng.json,692,3a3ede452556207ce64923c486b5b8b5a9b30c9db121dceb55f84b872aa0744f
results/phase4_core/states/control/p0.7/rep_07.npz,69781,6e7f4d49db539e8035888cd5426564aae901092c279768e27f34484f52fedcef
results/phase4_core/states/control/p0.7/rep_07.rng.json,693,0e4e71e201e3f6cbe5eddbaebe99ba4ee8e4ff1e93fee08565eedfb345439b11
results/phase4_core/states/control/p0.7/rep_08.npz,68635,525d2a7690e2b5acb7a203c2e92ad9992d0095a5cc6c8b3a8f4a80fbd2c6e42d
results/phase4_core/states/control/p0.7/rep_08.rng.json,690,b06c4d3a1106814ce5741fbd892edaaec0ebc085a2fc59e08b9d0959a1c37f14
results/phase4_core/states/control/p0.7/rep_09.npz,69956,f3bbd45da9dc4bf34fa11c1f59ec21145b0b30de933f8835e4272b3a6f4cfdad
results/phase4_core/states/control/p0.7/rep_09.rng.json,692,17fbaaca2084f692cd7013083df452cf0d6ad136787b2094b2bc5df832eab66b
results/phase4_core/states/control/p0.7/rep_10.npz,70774,717a1b466170e2fb99675544a2a455dae05f08869a0008f908fbadf1037fa456
results/phase4_core/states/control/p0.7/rep_10.rng.json,694,5f37d3d77596b83dcf38e9e05c6633508f51a141082d8b10e83d9db2b26c1f01
results/phase4_core/states/control/p0.7/rep_11.npz,70169,641f6222cd82bf67fc1b39db89962b5038de80f099b0113e3224beb0a557dba8
results/phase4_core/states/control/p0.7/rep_11.rng.json,692,f89927d133a7ac5e4a622946599a128c1afd7f7508950b67f07af6d607705905
results/phase4_core/states/control/p0.7/rep_12.npz,70827,a05c2a6d3a1cabdb25df7c98ed81d6cf2862f9486c43c7406f344a62968b8bb4
results/phase4_core/states/control/p0.7/rep_12.rng.json,693,1791044099b9c5d2c7cea65ee1b775a3010cce5b1e8d7729b3a10e50121f24e7
results/phase4_core/states/control/p0.7/rep_13.npz,71103,08b68a206d7a3d9396c3aa81717e093d72522ac04654cbf20e8676022d188743
results/phase4_core/states/control/p0.7/rep_13.rng.json,691,b5b4c178cfa560999d767d2bc7bf9e891cd9a481abc6f57a075d760ebaa645b0
results/phase4_core/states/control/p0.7/rep_14.npz,70005,eeb20ae75185531cff48035902b6d2f5fdce554cbe2b97a19de76c2e6e84996f
results/phase4_core/states/control/p0.7/rep_14.rng.json,691,7c2ad2f3c10628017deedc478ca37f722b388aad52bb32aa1bf1bdadac424c40
results/phase4_core/states/control/p0.7/rep_15.npz,70311,d67980b112a5b5a77ab86c109f75f572b95200490cbbbd27e91816688f31a7fa
results/phase4_core/states/control/p0.7/rep_15.rng.json,691,3e20408219ea03901171a0b1082597a64a1bdb251854a4660764c588f81cb19d
results/phase4_core/states/control/p0.7/rep_16.npz,69593,b4ac9cd8c4de509668c1f56a34ada68d4aa4f423d8d637728192e35ef39bce4e
results/phase4_core/states/control/p0.7/rep_16.rng.json,694,583e431b2d92fa4a1bec8aebc7806e23cf93203d32702c8639bc3dbb980d88a5
results/phase4_core/states/control/p0.7/rep_17.npz,69966,a44fb0bb978071f310b40208c2a7138e30a99528e25a49f45d2d7548fae85d6e
results/phase4_core/states/control/p0.7/rep_17.rng.json,693,8537401be9aa45a8092a41cb4bdd20ab4ff552a1042f54d44ec1968cf49795c5
results/phase4_core/states/control/p0.7/rep_18.npz,69359,48af98fa261a11daf6a68227684886b0d60b02d78ef896033691664dce5e5bb8
results/phase4_core/states/control/p0.7/rep_18.rng.json,693,8bf65cba97e50f2a73891716e2f192b6b37d68b9dc7edbd6712e3dd2f3e42cde
results/phase4_core/states/control/p0.7/rep_19.npz,70478,c3391d83a78b40f46fb43d5d7bdc92764ff720c6f1e39edaf41eaedde4888a65
results/phase4_core/states/control/p0.7/rep_19.rng.json,693,3ead46ca67d5e4c58b18d8728c43eaf4352ad9ce47a394ef4d6c1b624441bb01
results/phase4_core/states/control/p0.8/rep_00.npz,63303,1826fc388b7c04a44f5bb6a1cf7434226b953befc6f1affbf2a359bf1cc4853e
results/phase4_core/states/control/p0.8/rep_00.rng.json,694,8ba967a2a88f356834af2ae28fde15fa9a222a5344158ef03c2d80b4b16426aa
results/phase4_core/states/control/p0.8/rep_01.npz,63358,8637de741a2b84a2ecef2644f333eba68f03c2f1b99e5d6e54c8d9bb05ff5ce9
results/phase4_core/states/control/p0.8/rep_01.rng.json,694,fc3af92a01258dad5a698187ce394e894c83ac46618c8107ef684f173607715c
results/phase4_core/states/control/p0.8/rep_02.npz,63872,37bdb063b1fabee0823988ea63e2d0297b7c552875978e93ebc3b221333e10bf
results/phase4_core/states/control/p0.8/rep_02.rng.json,692,d121aad36f83e7ad2fca873c5cc40305a1d04896c75d894ed2f7de32fd29cd83
results/phase4_core/states/control/p0.8/rep_03.npz,65116,2f9216b2d6cd6e9b0ee4ec4898974275dff767a9aac4cf994e51cd464e8a7c04
results/phase4_core/states/control/p0.8/rep_03.rng.json,694,8b8c92db396affb147c7b5fa691784ec44f5a7178c51e4c662d80c3181f479cb
results/phase4_core/states/control/p0.8/rep_04.npz,64430,2618ccb279f3e8a46d8ef14487962565b4e01c7530faf5e8d1535615e588d41f
results/phase4_core/states/control/p0.8/rep_04.rng.json,690,7a94c14c96dd624436381c0a890cbfe01bcb89e9ba42325095603df8f9828526
results/phase4_core/states/control/p0.8/rep_05.npz,63689,06250fd79eae8e3a1b3b8a2fbda667cd647ba00ad6ee4e4aba07dc9bc64aebdc
results/phase4_core/states/control/p0.8/rep_05.rng.json,693,a50289eee84f509152b915ab3aa4318c8c50eba09e8a30c093a986ea5f921409
results/phase4_core/states/control/p0.8/rep_06.npz,65040,ebd22dbc719f59717d87617ef6814ccb16d86bfff2b63d7b48912a8c667eb57f
results/phase4_core/states/control/p0.8/rep_06.rng.json,693,362d689bd02d10616f61b520bc24a7cf41a89633866520161349a5d46073270d
results/phase4_core/states/control/p0.8/rep_07.npz,64437,dd167ffc946fa31c91fca7a3a66e9e34a7b24b36b596adb6818e87082b1d5fb7
results/phase4_core/states/control/p0.8/rep_07.rng.json,692,0478424a3728f793ca4a0f5a7a4704e58023578f58ac8ec48436af095677bb16
results/phase4_core/states/control/p0.8/rep_08.npz,64068,350edaf6d628a8c64765dc72da0730dca6a1b305ea2a2463321eedf8ef1c40a6
results/phase4_core/states/control/p0.8/rep_08.rng.json,694,4d1935e7960393383a4d6a8741a05b9a298dde22f57e87c3214546658b59d8f9
results/phase4_core/states/control/p0.8/rep_09.npz,65387,8d3d99645e241e2a4c7fe3d0dd2d075c8e223ed15e944b0a2485a24ef1a2af66
results/phase4_core/states/control/p0.8/rep_09.rng.json,693,353b2622caae67d92234eb4360d4971f2de95ab83ea4861006b093161c4f6f1e
results/phase4_core/states/control/p0.8/rep_10.npz,64906,0dbdc67410ee4d6e4368c5b74a40d48bd39644984df032759deb3551fc8dd936
results/phase4_core/states/control/p0.8/rep_10.rng.json,693,1fe90919f4ae8ddafb66b59a13c94f84b600c150d3f6ea18d9bde397820b8625
results/phase4_core/states/control/p0.8/rep_11.npz,64636,2393ee2b8afd867b4803da196ed91329b45c38c1f9e99880679d59afa4bed513
results/phase4_core/states/control/p0.8/rep_11.rng.json,694,fdf1a1af9b72343cfc43ded5f42bda1d391823649540e53b93a9f7b26fe23428
results/phase4_core/states/control/p0.8/rep_12.npz,63556,3b4c03651cf598a8a4f6b97c4653e0adc7102dd15455c55c281fca8db66b5c23
results/phase4_core/states/control/p0.8/rep_12.rng.json,693,8e6b6cebee5edac54a8af59a439ffdd8a6902a296a89a167f9a22346ce318e56
results/phase4_core/states/control/p0.8/rep_13.npz,65315,ab2e209d4b0ab662e83ed4fc032f865aca65446b50d650e72452ecc895544621
results/phase4_core/states/control/p0.8/rep_13.rng.json,692,60ea94266cca195bf69df79723791868c7bb09d7532a6d77d16c9854385b1862
results/phase4_core/states/control/p0.8/rep_14.npz,65510,2819a9d74613c5f8e99b67c4f8a781a13525f577d7654c90b45f84fad0e763c0
results/phase4_core/states/control/p0.8/rep_14.rng.json,694,900b6fb458301dc9d884febdce7b53c29a72c50865abd44631c8370fb3e2d9c1
results/phase4_core/states/control/p0.8/rep_15.npz,64358,4bf11b15ae9e63e26f79af16e8bee8013fd422365fa7a38b01951d8055586254
results/phase4_core/states/control/p0.8/rep_15.rng.json,694,10cc2c1b5b02cfba62af1bee765d45cd047d6236eac25ffb9ac3b934ece287c9
results/phase4_core/states/control/p0.8/rep_16.npz,64416,40685f0dac9c02ed74ccf7c06e2635bdc17a5f4e7efe7aa390d68d4e2ed37c02
results/phase4_core/states/control/p0.8/rep_16.rng.json,694,2dac5ebfce75e620caa95c910d2c6f3be69d6d85f5345d8b3808061d68bb5d88
results/phase4_core/states/control/p0.8/rep_17.npz,63519,2176c61e22f54cd59dffe3c74fe3e035a2ea9fdbc33b29b8fc9f56f02f9d90c9
results/phase4_core/states/control/p0.8/rep_17.rng.json,695,7a5b1251dacb4dff7afc58c7a7fb5aded655928235570992a61826e169e075fd
results/phase4_core/states/control/p0.8/rep_18.npz,62245,5328ef6da7bbb86ecbb17752068b2debe749a0877ff49202a9f1f12a64c20da6
results/phase4_core/states/control/p0.8/rep_18.rng.json,694,8a4c71cc3cd664855d4dd996a8683b815873d9b500deefc18907641699e242c5
results/phase4_core/states/control/p0.8/rep_19.npz,65390,cc1482ebbad1d164d1a790c2caea9bf59249db92361c309497ac769f845fe4c5
results/phase4_core/states/control/p0.8/rep_19.rng.json,692,166d5032b805e65d3f3a312b4e09404bc590758fd3eca114cce9f60c75192b0f
results/phase4_core/states/control/p0.9/rep_00.npz,54187,b0b8dbac026d536d6a714a66bdcb99a7682cbb1aacf7d99444782a5ba8411ac4
results/phase4_core/states/control/p0.9/rep_00.rng.json,694,485b45d0e2e3be4480a81707d9f67e92b0715e95dd401f1dd0d502495040467f
results/phase4_core/states/control/p0.9/rep_01.npz,51960,91ad0b86043ff19a28315b10f09e787f9622d947cfdcb13b9f74bf28718e255b
results/phase4_core/states/control/p0.9/rep_01.rng.json,687,bf26766607095540f63b43954fb4dc885445e8e7ed9e85dd3c8b6edd768a7bd1
results/phase4_core/states/control/p0.9/rep_02.npz,50141,a2c588d94aa7ecdd11a607f73066a818eda168537d9ff1102350bbfbd11d96ea
results/phase4_core/states/control/p0.9/rep_02.rng.json,695,7a0893757deec708c1bb43471a5251071c79989e618964ccff4fd47ba034a43e
results/phase4_core/states/control/p0.9/rep_03.npz,55882,6bfa933289bf1cd2c57b34495532f10d7172fd22031ec423c5ab240dcc22901d
results/phase4_core/states/control/p0.9/rep_03.rng.json,691,11549f2c3d731f2c84c5ba93b2509ef3da8c6401ed75582021597f5f4976e1cc
results/phase4_core/states/control/p0.9/rep_04.npz,54676,5550384fac6fad76551d4aa3d0f7d5d2cd5a684c654dd491c00948f8c91675d4
results/phase4_core/states/control/p0.9/rep_04.rng.json,694,9ecc0a857990368ad3544cb191fb227cdc558b4a6e891fd35840b5ffc8117258
results/phase4_core/states/control/p0.9/rep_05.npz,54313,b91b7e608b4183fc3bdd306d1fd6c038a61c0653e60a3e71ef7e864a552193b3
results/phase4_core/states/control/p0.9/rep_05.rng.json,691,994e4d4fa2aa48fd7d860943cde54ffabdc4f30facaf72c2abdc5c959e0f3136
results/phase4_core/states/control/p0.9/rep_06.npz,52164,1659feb7d71dfec7cd9772bdc51b4905222a67be3f65b6e44427feba5b6f0a18
results/phase4_core/states/control/p0.9/rep_06.rng.json,693,d7c2f283e5462c31855c12452a43d88d61c01ffc6db1f91a3589da9be45aa52f
results/phase4_core/states/control/p0.9/rep_07.npz,53380,cebf7c46661c1e5b4cf89ee7a684de1b58b1d08c3e3d63a0a47f9197c434dd13
results/phase4_core/states/control/p0.9/rep_07.rng.json,691,cea68cae31ea88a34c00e5cfc9ac1f29f87bd955282993270bbcd07887fbdd3c
results/phase4_core/states/control/p0.9/rep_08.npz,54710,ced266f32693a74d594d3fc82d4d86acb92693863330fb5e37d1a0552f70a9fa
results/phase4_core/states/control/p0.9/rep_08.rng.json,689,d00ce2a1131f1daeefb984c6d0f03b9d014878e155ff1f3c7fb1fdb834d9471b
results/phase4_core/states/control/p0.9/rep_09.npz,53588,9252f42e0758b284e21d2440252554e37fe66af25a29aade8812d40b72105426
results/phase4_core/states/control/p0.9/rep_09.rng.json,690,0d43c31b220c1a808dba6405a5b5ef8adc0142de67509c145c2acd316654b260
results/phase4_core/states/control/p0.9/rep_10.npz,55510,3efff806ac52f621b04509b2b7605fd28d64f6b91101736d38d78d7238fb558a
results/phase4_core/states/control/p0.9/rep_10.rng.json,695,2233ed3cdcfae20bfa75073ec9ff9b4e564098553f2b3f12cb20a1ba67a7448d
results/phase4_core/states/control/p0.9/rep_11.npz,54656,ab26a135217685293b149a873e5ff5c6481201e0444f73ed597d30dd7e26167c
results/phase4_core/states/control/p0.9/rep_11.rng.json,695,9704634d9917fab244741da4389c9f8a4c79cd9c6d99de880fb83510d155e4c8
results/phase4_core/states/control/p0.9/rep_12.npz,52350,37e410a3b658dc7b87ee19dba9def71c815b0f049b94830ae4a78e7b4bb876ec
results/phase4_core/states/control/p0.9/rep_12.rng.json,691,1a009894bd9c8b3523ecb44d7ff07da7f4437ce7033ae8d2437395171aae4b4e
results/phase4_core/states/control/p0.9/rep_13.npz,54786,30b26f68e6b8400c9c7fa402714a976787164b8185eb54306f69a0bde886db86
results/phase4_core/states/control/p0.9/rep_13.rng.json,694,e14357c7f0f73b5ce36ad9074277b814f3c8a152986a132e53acfd0b889e3e89
results/phase4_core/states/control/p0.9/rep_14.npz,53880,f946ed77db69a8aa3374932070a263e11fbcc1af4e92977cf22e560cde5f8003
results/phase4_core/states/control/p0.9/rep_14.rng.json,693,12bb8eedba4977b4a14dc1191c7f2eee936d54c0ba0b7075ecf669d4dff3d399
results/phase4_core/states/control/p0.9/rep_15.npz,51873,edc6eaa631216a3cf56c36f2a5c016b27fea3242ba0852869afa7d75604776f7
results/phase4_core/states/control/p0.9/rep_15.rng.json,695,ca1e079ae0df884b739cc9d05a213dcc314c288a831b4d061c5e9cdcf3e66ebb
results/phase4_core/states/control/p0.9/rep_16.npz,52675,7479b7eb8e4d26699e5316de24af53dc2791dd09a3aa6ca004b74e36809666ff
results/phase4_core/states/control/p0.9/rep_16.rng.json,690,350d6a6407b4ffacf9b3c4263692b379cf2cce7d79f0d0648bf8ca7c4ee83edd
results/phase4_core/states/control/p0.9/rep_17.npz,52212,32d1abaa3b23f73eb0917425717c6332f764ca2740504e34772824e76af838f4
results/phase4_core/states/control/p0.9/rep_17.rng.json,694,09acf3068402e841625c772f98fb14a2af6a03b78e2f7c70f6ac15656ed3c2f0
results/phase4_core/states/control/p0.9/rep_18.npz,53207,ea14cf4f75513a466dac6634bce724039539c181660d045922d2b3eed01b77b9
results/phase4_core/states/control/p0.9/rep_18.rng.json,693,7fba229f8775e9279b9232bdba563d27cf084070115dc811dedef4ea591e44ea
results/phase4_core/states/control/p0.9/rep_19.npz,54706,5d44f3369c2700c3e6015ed0c58207de1e42dc67f0d73f8931b714e136bc25b1
results/phase4_core/states/control/p0.9/rep_19.rng.json,694,81190952f554eacceb6a668cce7471d6c2e2f0a53aa6dd5b84fd8af052e20462
results/phase4_core/states/control/p1.0/rep_00.npz,28922,d2ba4c1a87690ad2002fb22ea85bd5d56e72086252eadb3968256edf7f27c1c8
results/phase4_core/states/control/p1.0/rep_00.rng.json,693,e8cffac15d17ed455d08b23119b6c880bebd66d7f91b84cd9aefa45757fe48c5
results/phase4_core/states/control/p1.0/rep_01.npz,28359,d9d08108c4990d602a6f6fb129a1784fa01fc5b073f05711be6bc2b3fc7fb2a3
results/phase4_core/states/control/p1.0/rep_01.rng.json,693,78c9d6c773b59f6e648b7f6835f67f29f65f17d6dddef79a533aa61800ded502
results/phase4_core/states/control/p1.0/rep_02.npz,29597,69005d06b626c4fc75bcace02b31b8759f8030c206845ef98fecb4fb2c4b050e
results/phase4_core/states/control/p1.0/rep_02.rng.json,694,0ca58e6f3b95444f688d2c7e3a116c4718a1752fc1bb7bf0f935ef3eb0345695
results/phase4_core/states/control/p1.0/rep_03.npz,29432,d8c6d3a2479de7373c97166f312bbc4917c1680b7a47c9eed9b49a313c485b6e
results/phase4_core/states/control/p1.0/rep_03.rng.json,691,1625ab1b5f73792b299bd79fe1f4a298a34fc0d53f01bc006f8bea56ba886249
results/phase4_core/states/control/p1.0/rep_04.npz,29498,ab7ad5a31191994a930bb78dcf4a441255d01aab4a1d8b7ff1588e0dfcbada02
results/phase4_core/states/control/p1.0/rep_04.rng.json,694,d1f3723dfb1fef24e7df977f4220ff1ef15c1340a8191280b6b81502ad50d24e
results/phase4_core/states/control/p1.0/rep_05.npz,28953,4cf101857d1b849458f50211e201a53ad652d6b4a63be342b13a73216f73105b
results/phase4_core/states/control/p1.0/rep_05.rng.json,693,c72043659e5e5742768ae7a02934d8d44f1a6652fa1e41223f1be9f45a25dded
results/phase4_core/states/control/p1.0/rep_06.npz,29365,3e6f01436f7f97e901eb514a998180a5c5e6c9eaf1776323b5bc29216598294d
results/phase4_core/states/control/p1.0/rep_06.rng.json,691,2c7da9846231a985631891d76f8477415ed7fbbdfbe5ae0c3b3a97130e411e7b
results/phase4_core/states/control/p1.0/rep_07.npz,29283,849ba9606b0791578b45f296079e30f5f6d4fec184e768bcb5eb3b1e37cddb5a
results/phase4_core/states/control/p1.0/rep_07.rng.json,695,3f15b2ff5d9b59d390b65d94c711439c67e348047106d650ba1e89d5b5777fcd
results/phase4_core/states/control/p1.0/rep_08.npz,29051,898b349dfa5f882e354f6726be5499823dc17ff5fbdd4134e15e7fe76cc06ec1
results/phase4_core/states/control/p1.0/rep_08.rng.json,691,c0f40a34c8285a1119aa702cc37642d8c6c353db9fcc5cb6964f5462d3a9b27f
results/phase4_core/states/control/p1.0/rep_09.npz,29381,432a5d5a93bd86add14cc1c724198391c4b6c43a1be757c2abb6b0082bf67748
results/phase4_core/states/control/p1.0/rep_09.rng.json,693,273dcdeb70d19aa9fd529f74c77f2cadb202aaf3482eeb99ea1be02fa701a547
results/phase4_core/states/control/p1.0/rep_10.npz,29401,ff78445e0f0f5d1ccddd85c472672f034c2a6f1383eda9acc9954029d6cdf9dd
results/phase4_core/states/control/p1.0/rep_10.rng.json,695,13a0d5a2c02cbe18277e70456d7a5feb9c8f26c2a1d5a2c5f7150a9847035945
results/phase4_core/states/control/p1.0/rep_11.npz,28809,440f9cd0c66e4ea73442f7e59a70dce47587b1534a90951e84832ecf97087257
results/phase4_core/states/control/p1.0/rep_11.rng.json,692,a0bdf78811faab6e927e65728b8ce3143e00781b4b441a78b0d1aefa5faff39e
results/phase4_core/states/control/p1.0/rep_12.npz,28946,21d1784bc92a41aea55b9b5347a6bf8f7a13a0294c03b7a3886d7932ed9c5650
results/phase4_core/states/control/p1.0/rep_12.rng.json,695,05e9fdccdce1ee01d0b23227d87abab5e52db1ed8bf1ed3fce3b0d6a069813a1
results/phase4_core/states/control/p1.0/rep_13.npz,28947,bbd2a1dda536079da623e85a9dda08c2cbebeab072736b6b7d2d47984f4b786a
results/phase4_core/states/control/p1.0/rep_13.rng.json,693,1f9644266a4b62850fa9d73578a1624dd4e7062efd2c95db52291c743a4cb6eb
results/phase4_core/states/control/p1.0/rep_14.npz,30326,5dc38aa55ee098cecfedb2e24f00eda9b57f5795992d68fae1a3efc4ebb6e853
results/phase4_core/states/control/p1.0/rep_14.rng.json,692,31ad6ee47f5d8c1051f71f0b0b229152e8d0c193460e698c3efda57d59142507
results/phase4_core/states/control/p1.0/rep_15.npz,29564,82fc9d670fe46a200391f2235f51ec087ea79a5e70b9a21562d9e5a007331859
results/phase4_core/states/control/p1.0/rep_15.rng.json,693,e1da19aa686ef8cdf445daa9b4f525b3359d4ec8716a409faaa308289a2f1474
results/phase4_core/states/control/p1.0/rep_16.npz,29739,64f9612372655debf64e3f120bcd8b47f33ec21f869d78c43470911d0cdacd80
results/phase4_core/states/control/p1.0/rep_16.rng.json,692,b5526558b23575de31cde60e155d27f21311046bf225dae853e950fb06145b3c
results/phase4_core/states/control/p1.0/rep_17.npz,28945,53224dea68cb8a985adf1f30b0eb9afc99cfe64723fbd7d19144c08cea7b0b06
results/phase4_core/states/control/p1.0/rep_17.rng.json,687,6b90df0b43f0e5f99ac2fb5cb4e6f26569e2a9408ae109d74ab9f2920ad8f8f5
results/phase4_core/states/control/p1.0/rep_18.npz,29821,08c8662918ba0a8578430d05089682c968eb46f69ebc0fdf064b386555777316
results/phase4_core/states/control/p1.0/rep_18.rng.json,692,3a17cda912c397598aa0b841c1cf430f0aecbeea8ef8df5d5b5cd65fc7e562ac
results/phase4_core/states/control/p1.0/rep_19.npz,28628,689de9144021d1c4e10ece58c68353e774c61f409969b98cd79aa81bf4c3865a
results/phase4_core/states/control/p1.0/rep_19.rng.json,692,e87352aaf7a7e287240a7e31459ddf604e47ee197d609fb787eff722dd83afa6
results/phase4_core/states/selective/p0.1/rep_00.npz,82052,b85ca9706d7f7f7523d8567f359a540aa991403ba8a5e3f0f9d88f1d3499e945
results/phase4_core/states/selective/p0.1/rep_00.rng.json,694,a271d7bae7a0c34b2394dec6e840140974ec623a71dbcd23b10c157154251812
results/phase4_core/states/selective/p0.1/rep_01.npz,82364,987c447e5f0c19cafc41d871b99cdde9fb5b5346b7f2776311c1664de506bc12
results/phase4_core/states/selective/p0.1/rep_01.rng.json,694,f3d64183040827be123dd0e859a6b21a26864af1b3f767b6bb978055e2ef8058
results/phase4_core/states/selective/p0.1/rep_02.npz,82603,143a93a2bb22a75cadc50faf1273bb80cedbe3cfe6bd97b9ca8f26f58dcb5c26
results/phase4_core/states/selective/p0.1/rep_02.rng.json,695,621d43afe6fd1a92b1fcdc199fdf2e8e98e99f580596035906eb944088fe8bf3
results/phase4_core/states/selective/p0.1/rep_03.npz,82317,702ce3594593b063ed5280ccf59b9afb3c41a63f59e4273982c4c960f0cfaa67
results/phase4_core/states/selective/p0.1/rep_03.rng.json,693,0da62b936db7d28a6112db4494c9d8f96104fe713fd7ef1e840f235515222d38
results/phase4_core/states/selective/p0.1/rep_04.npz,82245,ddbaec8db13c5765d058feb48ee9440fc6648ee39dd1bf93a1b613d65df64d43
results/phase4_core/states/selective/p0.1/rep_04.rng.json,692,2e778acf5e120ce8c8dd1da7cac5c75b86858e572ca206f7e24ea3c02a7bd8ea
results/phase4_core/states/selective/p0.1/rep_05.npz,82300,37ab0a4cee6215de0284c939452becde813850baa211889a0e0f635ba39eed15
results/phase4_core/states/selective/p0.1/rep_05.rng.json,693,108e890523adb11322325352d21b7c594c1c0a5c6cffcc945cb58590e16499b5
results/phase4_core/states/selective/p0.1/rep_06.npz,82307,2fd25d3d3b11b7dd010b6694e8c6d08110155da32dbda9dde7ed7f07e60dea2a
results/phase4_core/states/selective/p0.1/rep_06.rng.json,695,fc582732c883654bf0a1ad207682871fc4cb20eb3857b7d9b0928233b161361c
results/phase4_core/states/selective/p0.1/rep_07.npz,82116,382caf29440744dd5e54b569a962c9263f906befaea0801314890afb686acd97
results/phase4_core/states/selective/p0.1/rep_07.rng.json,693,4281968ca0d45d090bcc03c1b80a93c2cc603f34ff0f1bdd6ffd6ea2592a56ab
results/phase4_core/states/selective/p0.1/rep_08.npz,82398,e5c6e412ca2361746f369fccbcc3ac8667a250c1990b563b6dd01468c1b8a96c
results/phase4_core/states/selective/p0.1/rep_08.rng.json,694,cae4ff41b6e2e22e10f4c6cdb5d3f255dff455e923d7a95c7d4301c2ee29e580
results/phase4_core/states/selective/p0.1/rep_09.npz,82551,a301cccc92b66b230afd313844ead30416d252fba69b6d56b16f6d8390608a59
results/phase4_core/states/selective/p0.1/rep_09.rng.json,691,d04a73e0887d265e7a0b7798d8133fed36968fd30361bf909acc759b530668c4
results/phase4_core/states/selective/p0.1/rep_10.npz,82358,a41c598ca522607cb065ba8df7ed814eb577a5813d38d0765ce92d28ca7df91d
results/phase4_core/states/selective/p0.1/rep_10.rng.json,690,311087cdd29759403b345f12fa4c7ac4f8b2028da33d085438ed17d395d1db16
results/phase4_core/states/selective/p0.1/rep_11.npz,82337,e8fd69c102eea44f63f9c5c4078e3d2cffe3c220dc7f0027e36c9521561acdcd
results/phase4_core/states/selective/p0.1/rep_11.rng.json,693,cf6f3d941b7c12f1274684e96376c26090f7733552486b46303b4b77c3ca5f3d
results/phase4_core/states/selective/p0.1/rep_12.npz,82201,f74233d69645d0fdc2382f345028c452946841a9cee88443b8ad87e1bf1b3ffd
results/phase4_core/states/selective/p0.1/rep_12.rng.json,693,a48065c2700a088164da325a049475841b67681fb3a8d5f4b1253b6d7f767023
results/phase4_core/states/selective/p0.1/rep_13.npz,82186,d11bd7e6a7b5cb38b3ad5e575e3d1e3538fdcecf62ff5a66f45008e317c17d92
results/phase4_core/states/selective/p0.1/rep_13.rng.json,693,27e48278c161585f6a71923fd9f69b54d87ef1c7228a65d3f8330f6e52886c5f
results/phase4_core/states/selective/p0.1/rep_14.npz,82436,7399df9b5e828864af6ccc10e51ef7fc323c2c37cc2e2f9b51bd78deb8ffacc7
results/phase4_core/states/selective/p0.1/rep_14.rng.json,692,a6937ee018e01334345daa484105fa7c0995fadd701934598171ef109a98de43
results/phase4_core/states/selective/p0.1/rep_15.npz,82089,310370398aa2bc299a1de90e5fa7c8befef19428399c275e75241c1cc32ed23f
results/phase4_core/states/selective/p0.1/rep_15.rng.json,693,97c7163790d08d775ee935f8f1c33acbddefc6463bca4699eb6f5f4b8908b9b2
results/phase4_core/states/selective/p0.1/rep_16.npz,82395,7f75921708249e8c060cc7635817f12449c6f6e95fbe857589f40976720dbda7
results/phase4_core/states/selective/p0.1/rep_16.rng.json,690,a3ea4f563a0bcfce8a714d70d872e17e477ee28fb73c93bfce30f72b475dd3fe
results/phase4_core/states/selective/p0.1/rep_17.npz,82309,bc67ac85b7d423ffc60283153c64308bec4e47d9635e93ea6350df3633fc0baf
results/phase4_core/states/selective/p0.1/rep_17.rng.json,690,6fdd7017ceafd782b8e42a6f3eed70aa78e9c68208bda606e8121468b24e551a
results/phase4_core/states/selective/p0.1/rep_18.npz,82295,898a21568bf774f88bcfcbf8d7eabb5413981d8c7a98e351058ef06584f477ab
results/phase4_core/states/selective/p0.1/rep_18.rng.json,693,1fece766b9564fba9cfa25909cae3ba61d8c708db48856b30d7aede0e614dcd8
results/phase4_core/states/selective/p0.1/rep_19.npz,82431,54ae23b7b1830fcad97cf1eefe2876bee4eb56abd7ad9fd247e3c08e3443a419
results/phase4_core/states/selective/p0.1/rep_19.rng.json,693,6ed01dfa63796f08f201265d4ca50d9935d2c930ea6dca6bc0fccabdc45155cc
results/phase4_core/states/selective/p0.2/rep_00.npz,82268,a6e8dbb293a6b2a91d1904549431a22663aafb99be3dda58625cfbb0a0d9f176
results/phase4_core/states/selective/p0.2/rep_00.rng.json,692,11a0e30b9a0e0dc3f3a6bcd2328115cf2eeee28cf3af02ae0f9e20018430230a
results/phase4_core/states/selective/p0.2/rep_01.npz,82216,5d958aa5098da18a708ab6bb48769ad525cc820cc12e37ea167058bd38cbba78
results/phase4_core/states/selective/p0.2/rep_01.rng.json,694,55116f84fe7d0578c35e45c6cdde3e85cf2499c47373925ba7e1c00ad9681d35
results/phase4_core/states/selective/p0.2/rep_02.npz,82020,d6d295e2df34345093b3fb0e43d6ab68d82ee231c2c9ffbd23e652b2ccbd9746
results/phase4_core/states/selective/p0.2/rep_02.rng.json,694,a7591f99ace524865367f5468c4daee70819d4758a2913cd4232bf3206cb8ac3
results/phase4_core/states/selective/p0.2/rep_03.npz,81637,eb7edb4728462cb47f9cb290dd15710ae7d88deb853825c697ba84109d29c14e
results/phase4_core/states/selective/p0.2/rep_03.rng.json,690,61d6b4694215f335357696924ee636a943eb45cdd3497cdbf3e7de80b2b6bfb6
results/phase4_core/states/selective/p0.2/rep_04.npz,82060,3cccb12b91ccf68fc9c5b6d51d979598c33942d3fa49fe30c376a473d6acb3d1
results/phase4_core/states/selective/p0.2/rep_04.rng.json,691,a195112d134d386749b3115b978ba2f20c1c42920db82bd00dae3200893beb99
results/phase4_core/states/selective/p0.2/rep_05.npz,81769,12051e4a50f31398c112f65e29b0a7008e420996f0ede74d292ef67d14a8ffac
results/phase4_core/states/selective/p0.2/rep_05.rng.json,693,31c43eeeb3ae20f2900a8156f4fee41c9ea113699bed0d28ab5caa100903f8d2
results/phase4_core/states/selective/p0.2/rep_06.npz,81508,1d4ff7e080a5f49cdcce39efaa3845ecf1570c22aa16b0b5b32ecc6fe4909911
results/phase4_core/states/selective/p0.2/rep_06.rng.json,692,597a9d49df3be19043dda417cded0e706e4cacbbd2a232206629be2db8e1696a
results/phase4_core/states/selective/p0.2/rep_07.npz,81923,0a602b8f48b5417d8da471d9a4c92f06c4cf5a2feb1cdfc03d5ce9d583188f00
results/phase4_core/states/selective/p0.2/rep_07.rng.json,691,5a0b0da75d863e6528dc09f0510c189be7d84df02a32849e3c119650f8ec420a
results/phase4_core/states/selective/p0.2/rep_08.npz,82209,abb5f67d4b41e8ed05a1d35b194436e8ab13993f9bc80dd751874e25d2b5ec07
results/phase4_core/states/selective/p0.2/rep_08.rng.json,691,3b174030df8b3627de93e4471a6cbf840a4c4eb2c0bcd21ea6bff52c5e6f0d82
results/phase4_core/states/selective/p0.2/rep_09.npz,81985,545424e2db8b1c79bcc0088b6963cc7ede8e551f089a30ba6211d28a03cbca46
results/phase4_core/states/selective/p0.2/rep_09.rng.json,694,cc4fb1bfacee0bfc086cc02151ec2fac4e40564c71303a08a7832b0e62efb743
results/phase4_core/states/selective/p0.2/rep_10.npz,81824,e3238e3a371a8a8a1e6c3c5f2e05d8eb73aa15e75c548454b47cb219692f64da
results/phase4_core/states/selective/p0.2/rep_10.rng.json,692,f989539da81d1ef2df9bf0cb62f20315b684fb60cf702bf80978da3c26eb1782
results/phase4_core/states/selective/p0.2/rep_11.npz,81907,458cc096e987eff5948a72fa2fb7b8b749fc841266db3b8ce78d2a53524a9d15
results/phase4_core/states/selective/p0.2/rep_11.rng.json,693,01174fd45282804192fd51c94a5489c53c7f95178115a0a6db63419bb50681da
results/phase4_core/states/selective/p0.2/rep_12.npz,81781,12e727389d4fe5de77a62cf637ad2dc5b896c96c64e5668089b52036557dfa5e
results/phase4_core/states/selective/p0.2/rep_12.rng.json,693,8eafff8198b42d17d9ea096e756acf4a93c1b633acf23e1bd60bb26c396fe4bb
results/phase4_core/states/selective/p0.2/rep_13.npz,81405,5e418b296d07fc8201ad50f5ca0f6f3575c452365627ab6bc956982728833747
results/phase4_core/states/selective/p0.2/rep_13.rng.json,692,82c6a81ae3493748b54d7b027c9f19d92b0a887c89768f47d9f9af663a5344b6
results/phase4_core/states/selective/p0.2/rep_14.npz,81927,c2e1b6f2114edc765e9b041db64a98726611038c9859a189a13eaee535194e81
results/phase4_core/states/selective/p0.2/rep_14.rng.json,693,0191533d430cd9545a8ec1da366fb9e7edc052482270d2889d45ae94b5f260d4
results/phase4_core/states/selective/p0.2/rep_15.npz,81418,bd626652b77ec6dbb191fc9d12afbba775b71522f06e6011d9a30e0794f57321
results/phase4_core/states/selective/p0.2/rep_15.rng.json,694,c4b7b0121c6671562ad54be4268f41858c8ed85627084d91b1e45c964eb3d6e0
results/phase4_core/states/selective/p0.2/rep_16.npz,81274,3bb11444e90017044626a10da915f35da6bd5e30c7fefc7a8ef02366c61678a1
results/phase4_core/states/selective/p0.2/rep_16.rng.json,695,583004166531272db88446df82e1a7e7822f52b29f059b1f7b17283a79824720
results/phase4_core/states/selective/p0.2/rep_17.npz,81951,2ad7c6395abd9f0dccc09bb05adb9e906612ef8066c936821572cb98cff4119e
results/phase4_core/states/selective/p0.2/rep_17.rng.json,694,b8bdec84f2d1c7e55d79c4d6a938019470159f02861804fd432aeef5bef43c83
results/phase4_core/states/selective/p0.2/rep_18.npz,82021,fe9eb509e52d3d443d5d4684a2c3664e55b39af52040d0f6c1a6cb5f6256a9df
results/phase4_core/states/selective/p0.2/rep_18.rng.json,694,69bb614b668696f33edd07335a0a004fe01c1880e6cf2fc61d3d9ee01a291779
results/phase4_core/states/selective/p0.2/rep_19.npz,81487,1b48f25e7f5bca12abedd9bea76f422e909338a4860ee5091e00efc0a764bf1f
results/phase4_core/states/selective/p0.2/rep_19.rng.json,692,62ba221cef1f94006e3ecd79e6e8055e91bae780143084bd33873d858d1e233a
results/phase4_core/states/selective/p0.3/rep_00.npz,80939,6da45d8069e4b85977d7417edc2dd3329f2633fe7b08272c7ee8e406c9d11938
results/phase4_core/states/selective/p0.3/rep_00.rng.json,695,16d7b1ac9435b1c1b1ff01b606917a8618981ec9169eed2b6d77f005f39de2f6
results/phase4_core/states/selective/p0.3/rep_01.npz,81057,35a511f176a50a2772805388901316c645f390429275985d0df9d7011b8c2fd5
results/phase4_core/states/selective/p0.3/rep_01.rng.json,695,9c522ea0b00abda814e0a3e8842117868443c86e2ffb35838927b2c45708e95e
results/phase4_core/states/selective/p0.3/rep_02.npz,80389,96cd73a2b45354480efc5ec58196e9ea7dd01345ea230c59735658a453f21b84
results/phase4_core/states/selective/p0.3/rep_02.rng.json,693,ed68fe08f1d519d0dc3d0d8f10ffe11d919aae99aab1e54dcbbab46ba9f3e4ca
results/phase4_core/states/selective/p0.3/rep_03.npz,80494,4aef841d2c4166a1b1c5538f1f108bbd5b692f493dbbca83445c542b9dfe0984
results/phase4_core/states/selective/p0.3/rep_03.rng.json,693,2e35c060ac3a5a8d619a48002ef9704d29960f4ba99ca0567001a9facb820668
results/phase4_core/states/selective/p0.3/rep_04.npz,81190,be530491f33ee0fba434a13b4493b2dcba6594781b641959cdfa076fb8c15d72
results/phase4_core/states/selective/p0.3/rep_04.rng.json,693,a5bfa89fd374f8d63d4856a9e45f36305447ea70b3b0d99f33c2eda8f54acf7f
results/phase4_core/states/selective/p0.3/rep_05.npz,80973,0387b2de81a085906c982a0ba9fe1dd8d7ffb316410a6818e792f568cc839943
results/phase4_core/states/selective/p0.3/rep_05.rng.json,691,fc6610d01681c2386524707850051a23ccaebf330f33ab6c6888546865713aa3
results/phase4_core/states/selective/p0.3/rep_06.npz,81141,d3aab5fb218eec57895e1952e706113793a1fd17526177d9ed2165e0b4dea103
results/phase4_core/states/selective/p0.3/rep_06.rng.json,688,ec4b67a32c058dfdc03f780d5b421d20add04305c855a6fb568bdffda5e6daa0
results/phase4_core/states/selective/p0.3/rep_07.npz,80421,46c08da5bbe771e2e8e984431c136e7d8e42274a9c2549199e0711ddfaa42f0a
results/phase4_core/states/selective/p0.3/rep_07.rng.json,695,f57aa0f914a2b146753abf5f9151aae7c8a334893e50f28802df9e47aa986ceb
results/phase4_core/states/selective/p0.3/rep_08.npz,81081,988856c15a2965bf38c01721a55649a75efd13d5951a4294b12c2ad355c5b8dc
results/phase4_core/states/selective/p0.3/rep_08.rng.json,694,b3911787b618bd5d8f8983e32e7c0d31e69f6049ffc4372c1991abff33cfcb5f
results/phase4_core/states/selective/p0.3/rep_09.npz,80819,02d768fba23638215e38286568b7e77898e9729b8f273aa7dcc55fb0b46d1abd
results/phase4_core/states/selective/p0.3/rep_09.rng.json,694,c1d6e4ec709bdcf606ac32ed75268880c593e4fd364ecdd4b9abfa8d3e9a500f
results/phase4_core/states/selective/p0.3/rep_10.npz,80564,80401e1d3ac7ccd384971cedcf7b61e28de673990da8af9d5e5cb1c31e57ec23
results/phase4_core/states/selective/p0.3/rep_10.rng.json,690,640017e00346675dfa08f33e695a9628e959a9fdf6b3b446e3fdc76628556919
results/phase4_core/states/selective/p0.3/rep_11.npz,80502,c5b1158ee21b2baa8e028d6f97a01eb5fccd44a3585850afbbd61d6b1744a727
results/phase4_core/states/selective/p0.3/rep_11.rng.json,694,73ac730bfaa85711b6c4b35b1450bb209d2e0acb93c1be80ff626c04fcca7c62
results/phase4_core/states/selective/p0.3/rep_12.npz,80787,3e11ba4753fbe38f2ce6dcfb6db298d6a0a3a8f8903a6b93431250d3d1daf258
results/phase4_core/states/selective/p0.3/rep_12.rng.json,691,97cc8c151e7018963c2d02d2bbf02b3b9f88e13e8a55feeaa35bd8e69dc87427
results/phase4_core/states/selective/p0.3/rep_13.npz,80840,967f87a5729e9220f5d3e54d2beb7592dda4655b91beb6ecfff93814eb5564dd
results/phase4_core/states/selective/p0.3/rep_13.rng.json,692,6119aaf440498188e41a6b1933d3ec3018b1cb98766972c9b6d5acb0f007db78
results/phase4_core/states/selective/p0.3/rep_14.npz,81000,7c57aeebbc326a356c9d1602415e1e7a7e47a08e24a82225c9bed3fce6e44293
results/phase4_core/states/selective/p0.3/rep_14.rng.json,692,6432f3b13fc9d3d573b1447cf42d592feef5f58dcab81a9b725fb54af8caeabd
results/phase4_core/states/selective/p0.3/rep_15.npz,80255,33a8ac043e149786b29195d845adc9715b9c87562808d272245defb17a670cf3
results/phase4_core/states/selective/p0.3/rep_15.rng.json,694,66161a2559302465a3ddd660687d3e0b2e3d7b0e9960d3ae455efa01a077dcd7
results/phase4_core/states/selective/p0.3/rep_16.npz,81462,a4a9302760827b6aece290ad700ba5520313b61f3c001f521871d75577ffe915
results/phase4_core/states/selective/p0.3/rep_16.rng.json,689,14c34e126761cb0567557cc8a35042a18ab7ca47ad142f95ce667e61ff84501b
results/phase4_core/states/selective/p0.3/rep_17.npz,80162,8935411c25ab6cfc37aef9003ef824966b546b178c46606742eae0bd866bcbcc
results/phase4_core/states/selective/p0.3/rep_17.rng.json,690,c47de9375d5a8e2ee917910350d72929a5f735fcfcfb60168cfa3c13963de4f8
results/phase4_core/states/selective/p0.3/rep_18.npz,80405,bd6dc1ccac23132e8676018876a07bd5ff7c232aef35c01880911f757f5a5480
results/phase4_core/states/selective/p0.3/rep_18.rng.json,692,26d3b32ca05307c3e59f24d0887305e84c82929e163ac0ffeccec5741e040c33
results/phase4_core/states/selective/p0.3/rep_19.npz,80892,4247bebf452941aa3e7a32aa7560ed08d0ac84f9166cafdfecc47e15b225e400
results/phase4_core/states/selective/p0.3/rep_19.rng.json,692,e04b4a966912acfb30e1d2192d6766532700567fa61845d0c20e7f4e077d8c63
results/phase4_core/states/selective/p0.4/rep_00.npz,80475,9f9196bb965b9d8322aab31b2fb6e022e128a73f0567f8a6d05a50aa7f6a35a7
results/phase4_core/states/selective/p0.4/rep_00.rng.json,691,f7ed4d02d153bb9241b02e2b61f2041f07ced58eb323bae1ee0890303e9835fc
results/phase4_core/states/selective/p0.4/rep_01.npz,79972,4ca87b1ea709708a14565c9307a1aa3703c1c965921a33ae00373be9535cff80
results/phase4_core/states/selective/p0.4/rep_01.rng.json,694,b0d90255357dbfc4bcd857fef1556aa950dc1ec41d6f24fd702edfad904ff717
results/phase4_core/states/selective/p0.4/rep_02.npz,80045,d17a9d4ebf90b9403fe074ab722f70fa53a0e699e063e4d3e561a9f87569b112
results/phase4_core/states/selective/p0.4/rep_02.rng.json,691,c6cefd78628ee71938c7dc55700564ba67cccab961f6db4d50b9aecd062dfb2d
results/phase4_core/states/selective/p0.4/rep_03.npz,80208,a49a8b700539b8598ac44662c9695871c5f80b153b9d47779320e7a1d468cd6e
results/phase4_core/states/selective/p0.4/rep_03.rng.json,693,69882f7f26b24f198fc917da2486558475010c70be5fc38953b4bbb47f6e2879
results/phase4_core/states/selective/p0.4/rep_04.npz,79571,fe0c155cd3ed8c3567bf3ef63848c9515fb6760f099c7bf733510469b9d0dae8
results/phase4_core/states/selective/p0.4/rep_04.rng.json,693,0df72a4219ea406444dd82a21240ae485296204a82da6f21e433f1c9f7362052
results/phase4_core/states/selective/p0.4/rep_05.npz,79067,2e8edd12cad8878064ecf70b335f5555feab87da520a9ff8ba5ed833621c1a74
results/phase4_core/states/selective/p0.4/rep_05.rng.json,693,62c236b16c47742ce4830771212913262233940292dab705e31b1fc063ecb835
results/phase4_core/states/selective/p0.4/rep_06.npz,79007,dc4dbd8ca5175681b447459ef47e7bec07f044ca5d947e1153fddd75551bbd6a
results/phase4_core/states/selective/p0.4/rep_06.rng.json,692,4f6943da5c5148463ed91ea3c72f8d7288b07ca394e27857ff71872c177e6c19
results/phase4_core/states/selective/p0.4/rep_07.npz,78737,72721f66ce31d243e65871a472264458a3a8139d60fe295a32050a1a371e67ad
results/phase4_core/states/selective/p0.4/rep_07.rng.json,694,4c9e407956603ecb8cd4a22121226d3b735077eae04a4861b361b3e80be240a7
results/phase4_core/states/selective/p0.4/rep_08.npz,79327,9a7db4de7e511a897cee6f1ca7e870e10ddee8f6fb5bf979c9e9e3c36aff3c5d
results/phase4_core/states/selective/p0.4/rep_08.rng.json,694,b737b3f02e6b2aa6c384aa5e19b05cf1e952495a682aa31dbbe07abccc974943
results/phase4_core/states/selective/p0.4/rep_09.npz,79889,35ed3f7089600dc4ad96e3deb7d5d87f52915d8f7c16262131fe63b10d6c7cf3
results/phase4_core/states/selective/p0.4/rep_09.rng.json,693,cd3615a50fbcc5d2c6f549f1735508b2f03e8303fac3002b889a87818b2b061d
results/phase4_core/states/selective/p0.4/rep_10.npz,80172,7263854b8b1973e7f54b2d5ad2135970047ef50145798c35279f1924f2665ff3
results/phase4_core/states/selective/p0.4/rep_10.rng.json,692,2422b579dc248d621bb1ee38be16c66d90f3c8127247b196cbe90266016972f4
results/phase4_core/states/selective/p0.4/rep_11.npz,79346,bd2c83af99f60188998cbe4d6a9c2b7be6a7d7921aaf259737f25cd381edab29
results/phase4_core/states/selective/p0.4/rep_11.rng.json,693,3981adf5fca7ff212733404b80de77bc674eae99cbe1edbd8dd716c01fd725c4
results/phase4_core/states/selective/p0.4/rep_12.npz,78657,f39066a11ad4f1a1109ca3726bde7dc0f25d25e8b23f217aed9e4e21f0010728
results/phase4_core/states/selective/p0.4/rep_12.rng.json,695,b158944e1e97cbea548344c38a9de2ddb2b863843bea44f111139a9e3f3fcf4d
results/phase4_core/states/selective/p0.4/rep_13.npz,78845,94ce8c2e6c8905ba506f0ef710924de531ceacb412202d6ac09d49b906feeb15
results/phase4_core/states/selective/p0.4/rep_13.rng.json,693,0ec058af4610b65b0b1a0769e196098e472e2354696970494ff0d2d713347a86
results/phase4_core/states/selective/p0.4/rep_14.npz,78416,a76f68cb2032806d4833f429e54d8933cbf0d1c82d89d8b641f155488e7c3e16
results/phase4_core/states/selective/p0.4/rep_14.rng.json,693,7630f6b346667ac5cffbbaf18a6f09364c1ba4805ce3d20faac1770bca4de09e
results/phase4_core/states/selective/p0.4/rep_15.npz,79614,3fa279000a5dd2808eab76f2761ec6f8ea5b0e6f0b849972aecafeb42975c120
results/phase4_core/states/selective/p0.4/rep_15.rng.json,692,6a0bfc25831dc8807bad2e8a510df61b481da7f68487238d0a17564dd7b8f19b
results/phase4_core/states/selective/p0.4/rep_16.npz,78798,15f45b63ae5b517b060f703b6678e87108f43c9bb5b353b40e1fd7e7a09808f3
results/phase4_core/states/selective/p0.4/rep_16.rng.json,694,918e1857599952b6d86e16a1bee24e686a7f4a1b5613ef6ebcec43cdfccb55a2
results/phase4_core/states/selective/p0.4/rep_17.npz,79352,8dd23b55fc99b5fb1253906bc1740933d672f725350f24e398c239d65fac5af7
results/phase4_core/states/selective/p0.4/rep_17.rng.json,694,aa06135541b6d8da076a2cd41a7f4f705848f6395d73ba7c23893977fb3b8475
results/phase4_core/states/selective/p0.4/rep_18.npz,79995,9e8ce9ff9b0d4fd9efec0fbdc76a14e96de75b682af30582381a0b8d877d54fd
results/phase4_core/states/selective/p0.4/rep_18.rng.json,693,0dd765f56bbef76d7af34b423745d201f10e5efc3faffd3d89609ac03018ecf2
results/phase4_core/states/selective/p0.4/rep_19.npz,79003,fdc65349bccdf9a910c84e3b9347d86ad59c783880cedbf120f5dae45e2f4b8f
results/phase4_core/states/selective/p0.4/rep_19.rng.json,694,c15010d97f35b96440b7a3df92585b6b65c76283fcb1ab62818061cc8ba66a7a
results/phase4_core/states/selective/p0.5/rep_00.npz,76204,18d99106d8e150b2b41d1f9b4b63ff705c0e8b901411dfd62592510dc9cc8400
results/phase4_core/states/selective/p0.5/rep_00.rng.json,694,5766983a612ba106e6ccd1cc48216d46061f6c0da30ec8ac7201bf854b5b145d
results/phase4_core/states/selective/p0.5/rep_01.npz,78149,da527a1ea0412b54a5664d21c4d411b14203ca3104d6a1c89be3da132337c94b
results/phase4_core/states/selective/p0.5/rep_01.rng.json,693,f7a333b6b42e5f5efc8a3392033e62fdfe7567216f7e5d9978f460a0e47e12e1
results/phase4_core/states/selective/p0.5/rep_02.npz,77581,66ee3e43440ae45d16927b8c1001f86f5211029e333c07e897f7cf6d9811c866
results/phase4_core/states/selective/p0.5/rep_02.rng.json,692,6b96b1edd4912d70450dc40ef0ce11d37b1d247fc74aad86f0d9a5d08a5d67e8
results/phase4_core/states/selective/p0.5/rep_03.npz,77382,fbb9c8f682c2e2024a7602a7926ac757742e10cbda92170309ed1277ca0c01f8
results/phase4_core/states/selective/p0.5/rep_03.rng.json,693,20dcc3ab8f0a9bfb60b01a9c6c908247659f241d1658738eed28504ed5647e54
results/phase4_core/states/selective/p0.5/rep_04.npz,76979,2b4c3de34a09a9c5fb855a30c2763a0845a22a6f79d788815fb5a5b739877ecb
results/phase4_core/states/selective/p0.5/rep_04.rng.json,691,86097ab5463f8ded1f3f8f9d26ca6dea0c27dc871f2e6567b0c7a6cc42db72db
results/phase4_core/states/selective/p0.5/rep_05.npz,76168,fd0f6dcf64fef6a41771999078de640cac2c55db1afdd8f2c92be7bc8268c247
results/phase4_core/states/selective/p0.5/rep_05.rng.json,694,967acb1fcb1bf3d53009f6abc982499357264002b1c0721f77023c6a668d712e
results/phase4_core/states/selective/p0.5/rep_06.npz,77341,ad6275a7dd49773ec6d8d0293dae8419da5cfbc4896f3fff9a8e9377a6116227
results/phase4_core/states/selective/p0.5/rep_06.rng.json,692,556c863485e6fe5fd639d0dfcec98e483cf04852f04fc5c94d31a122f25c8fdd
results/phase4_core/states/selective/p0.5/rep_07.npz,77421,0d28d7262392f58773d2da2463f81c00d5a0f8e978323127102815fb1b41bee7
results/phase4_core/states/selective/p0.5/rep_07.rng.json,689,008e10e63e513f620d40adec8f7c278f0f55ddea68c05eb96f249fb51da96e07
results/phase4_core/states/selective/p0.5/rep_08.npz,77420,1716cd6c53b66a5c06b509fdb4b8a2e48fd5516f4522fcf0cd099d73e7bbdb8d
results/phase4_core/states/selective/p0.5/rep_08.rng.json,690,e41dcb75598478a7ef06540abfc64c447ab0240ee1164ec85add02675df366fb
results/phase4_core/states/selective/p0.5/rep_09.npz,77738,23b0229ceddbbc1e791d5665084a9604e160d387d7fe4432dd1fda45153b6f71
results/phase4_core/states/selective/p0.5/rep_09.rng.json,691,8e42ee7ebc29d210150cadce5fac06fd676790e5e2e7f84836b4f0856d8c976f
results/phase4_core/states/selective/p0.5/rep_10.npz,77647,0a65f5dbf35d835b070119d2c9b859928386044e3295bc5b4f5df53a76a98919
results/phase4_core/states/selective/p0.5/rep_10.rng.json,694,7c4fae43026cbf1d87debd75f02d6ce33366237389313426823e21386fb2aa32
results/phase4_core/states/selective/p0.5/rep_11.npz,78032,d4fe0f26396f148685dc127c758ffc8594006dfddd84593ca97999d79d2cbfba
results/phase4_core/states/selective/p0.5/rep_11.rng.json,691,a560c243c736b9835bb62b4532311d60dbaaf7491466c52c0ed7ce0efc9e9bb6
results/phase4_core/states/selective/p0.5/rep_12.npz,75938,673523a8f9b9d2198ad977072bc54e46cb44575e855a97ac4026f6b5dc7ace35
results/phase4_core/states/selective/p0.5/rep_12.rng.json,693,7766f932c00958ea5a7dc885807e89694db84eb737a7828423a55abe8573f727
results/phase4_core/states/selective/p0.5/rep_13.npz,76921,c968ac0c50f8444d346aaf98b699bc13b7aa72faaae7d4eb686114f0feb27936
results/phase4_core/states/selective/p0.5/rep_13.rng.json,690,fdb2de2d655c5ba1cfbf3cee42fb46ea53a7058c06bd6ff65adbb6922ee5fb5c
results/phase4_core/states/selective/p0.5/rep_14.npz,76390,a069142998310546141776711620ec6a6d92032475b48940b563d06ad76bb041
results/phase4_core/states/selective/p0.5/rep_14.rng.json,693,6c23176b42dfd0d32eef05e5f3afde54e772360452396553f9920069d62cad7f
results/phase4_core/states/selective/p0.5/rep_15.npz,77098,cbbcbd8d6d8aae277655a550e69dbf4288f5c1970472f7bc3a6fd6fa91511a4d
results/phase4_core/states/selective/p0.5/rep_15.rng.json,694,b5b9a77fca0c1d5c206276b4a6520df26185f4301c52cd28311fcf9922ccb130
results/phase4_core/states/selective/p0.5/rep_16.npz,77557,5591cb2a51250cf0d1efe97b23181a452053b25792e6833d7b1d8c82a6ba0b61
results/phase4_core/states/selective/p0.5/rep_16.rng.json,691,2fbb1279da260e5966ef73d53e3ed3a9011f65465fc4ab0a784eb6533e756c40
results/phase4_core/states/selective/p0.5/rep_17.npz,76371,302ed111423ca3a1cb44e2395bbb6b25a6b589cbb7e2fc0d9d667dbcde5f73ba
results/phase4_core/states/selective/p0.5/rep_17.rng.json,695,b0333c4d7f7b3253df99316acaf15b09033fddc4a33f4bc682106a06f8f6558c
results/phase4_core/states/selective/p0.5/rep_18.npz,77452,6b44d76b539dc9071fb84152cc3c08baa42293cb9c630edde42c93499cca94e9
results/phase4_core/states/selective/p0.5/rep_18.rng.json,691,28fa1ded158c7ef5a274658e102f18246b5362409b7e1a75c7dfb3797031bd29
results/phase4_core/states/selective/p0.5/rep_19.npz,77696,3da63d08add9f855569be8881dc034a48efa4a0cb807d7f0cc4d075f679306a6
results/phase4_core/states/selective/p0.5/rep_19.rng.json,693,43498bc8c5d99102a059a6453f59f3af767253c5ebe9f844a8d4dbed4ae20192
results/phase4_core/states/selective/p0.6/rep_00.npz,74115,66e0ea84ecc532b5f193a82d0cf9d41c6563f4bbfd5255cd607408d1b6277871
results/phase4_core/states/selective/p0.6/rep_00.rng.json,692,286dc923bd0d340d98e5b9d970fe290864b863ac5a0865bd3dbcb531c67de9ed
results/phase4_core/states/selective/p0.6/rep_01.npz,75480,0fcadf1ad983648824ada3b76bd96241f9b597cbcbaec7ecc2a2770909112986
results/phase4_core/states/selective/p0.6/rep_01.rng.json,693,4020e509a30771e0aa54c3ecb36a3997d4d74ade3ffbb2f939a5d550e136a4aa
results/phase4_core/states/selective/p0.6/rep_02.npz,74638,bc2d05804312205119f2ff360e7faee925c0c41753b6ae2ca10591f8d8caeb84
results/phase4_core/states/selective/p0.6/rep_02.rng.json,691,cde96a8091080e992b853e5efb19cb63e8dc91550ab34cda29f49dddc9726c80
results/phase4_core/states/selective/p0.6/rep_03.npz,74276,2a920d2ed3fa73c2e3e64a7ad89de39f8e542103c861d801983ac49d1b91cd45
results/phase4_core/states/selective/p0.6/rep_03.rng.json,695,8886ee81503cdaf3ba96525e42b99530c8dd45767f4de9a1f05ed9e723962556
results/phase4_core/states/selective/p0.6/rep_04.npz,73627,daa3bc4adbcc512d64459339e61f33d2e320c372782ce81569372a246a5f61aa
results/phase4_core/states/selective/p0.6/rep_04.rng.json,694,de25251cc7ffd733ab6edc339dba089bd561538aad0ee62a9e9f70e574c51718
results/phase4_core/states/selective/p0.6/rep_05.npz,74886,790ec365869d4912a1b3f60f70ad39b53ed98096f698c5a00b723a515452cf2a
results/phase4_core/states/selective/p0.6/rep_05.rng.json,693,877e513c57e2edf36f923597ef397de399f7debd678b0a4552884957f653ac97
results/phase4_core/states/selective/p0.6/rep_06.npz,74469,a02f8ebdd3e6299fa487e0402e9824e4cbd8cbeab162fff26d759e3ba108186c
results/phase4_core/states/selective/p0.6/rep_06.rng.json,694,0fc48ace81f4d5baed53db74971d40049761aefa3466d1b6e97c6d26205647fd
results/phase4_core/states/selective/p0.6/rep_07.npz,75259,677de5c7af47b00bc4f3fe46d1ddb864e793a5e14e4f45330ba8723b11286df4
results/phase4_core/states/selective/p0.6/rep_07.rng.json,693,09ea7d48fdc64a757e56a0371f59d03ac65c74a8245e3b6e555c26f9362d2233
results/phase4_core/states/selective/p0.6/rep_08.npz,74476,cfb467e52e24fbe83fb4e7240e421c60ff73a08621bf2d332d6a871a0780d4c9
results/phase4_core/states/selective/p0.6/rep_08.rng.json,694,ae66406687829046baf36a53f393af12d5eedc1e2f0d673f66a0f0369c684363
results/phase4_core/states/selective/p0.6/rep_09.npz,73870,4ca2cf34767a53d9eba6ddb41c015c20760648b7306f1fea43c06df969b19cb3
results/phase4_core/states/selective/p0.6/rep_09.rng.json,692,6d2166eedb9d875a3b4db2a28e34abab0ed7ed3fbbf6d404fbcc49174bc969ca
results/phase4_core/states/selective/p0.6/rep_10.npz,75036,e66e1cf6ca5caceb4f9654a453fa99bb0b2e31052762504f67bcf0b21e5e3e34
results/phase4_core/states/selective/p0.6/rep_10.rng.json,693,f4595809f9cfa2a79eb4887511719cd9149627042a316b9e53139cc630ff91a9
results/phase4_core/states/selective/p0.6/rep_11.npz,74361,52211a91edbcce5ac824f0f6e86882c1ac86afaeb4af825562165befdec2a82a
results/phase4_core/states/selective/p0.6/rep_11.rng.json,691,f3733c2ca6612a275080e1e4dedecfd1c864743ac2d605d4df8855e0a3723013
results/phase4_core/states/selective/p0.6/rep_12.npz,75848,985844c234b140cc98c3b997d9bb7f3c210e7003fe8319931b1cf2d39016b06c
results/phase4_core/states/selective/p0.6/rep_12.rng.json,692,a2dff38ffda18bdc22f5dae4e496439ca11ea130e27e91b9f794b65851e6cf36
results/phase4_core/states/selective/p0.6/rep_13.npz,74349,1c0cb58a48b54fcfc45b355884ce9065c03d3571530f380d2ff59b08b09d8b0a
results/phase4_core/states/selective/p0.6/rep_13.rng.json,690,01a6a0f084c6ad26b40baf78aab636b94cc7021db32e8ff680aa648ef514e7b6
results/phase4_core/states/selective/p0.6/rep_14.npz,74064,c3bdaed93383485f9f367746635b928abf970837bb49833a6af6ce05c180c8cc
results/phase4_core/states/selective/p0.6/rep_14.rng.json,691,52f376fe00a4616e1070e12e6d162f6b4ac6e1a2153cad5ad3607290ee13f911
results/phase4_core/states/selective/p0.6/rep_15.npz,73605,43aa391fca09c21e595244fca44dde092a0b537dd12095f2d82ab13a1be61ead
results/phase4_core/states/selective/p0.6/rep_15.rng.json,692,c13ef777d73d191a268d439bcdf52f9c95b55cf8f9d225ae29d2711f9310c457
results/phase4_core/states/selective/p0.6/rep_16.npz,73825,8adc112834c3676cdf0c1c50423f9a235839ffd698a39225f3081766f8aec367
results/phase4_core/states/selective/p0.6/rep_16.rng.json,694,69e6d37f9be9031c64b12b69a82af307460af5226e37b7c253b7612385f5c37f
results/phase4_core/states/selective/p0.6/rep_17.npz,74265,a2580087451442eb6110c6713bc6a5c7ae5104a59aca06880c91fe3cbe3e22d1
results/phase4_core/states/selective/p0.6/rep_17.rng.json,694,ad62121a2a2aea70b0a2fdc5453c794fda3143431de41a8dd534b8ea9f74979e
results/phase4_core/states/selective/p0.6/rep_18.npz,73433,22162bc3f2839b6ce13c978106d0af84b96788aa680a19a0951caa9de9332520
results/phase4_core/states/selective/p0.6/rep_18.rng.json,694,9bc4bfd043c9f84c2405736eb9172df16b0c542db22be29a7af8a3aa269aa4dd
results/phase4_core/states/selective/p0.6/rep_19.npz,74700,fdf75cfc0aee387995354b60bcc615024c3164cd845328b02e52cb406eb01f76
results/phase4_core/states/selective/p0.6/rep_19.rng.json,692,922c26d05123614068735584645ab26c624f72a910acac9207f8fb30afbd7b2a
results/phase4_core/states/selective/p0.7/rep_00.npz,71434,f0a9e8e8d974c181c5794a25e2b5780ebb8f35f717054a747669ea90332195f4
results/phase4_core/states/selective/p0.7/rep_00.rng.json,692,a031d9d6bce4dbdd05b552aa43901a721475ef5bd169545bb31d70d7584457ac
results/phase4_core/states/selective/p0.7/rep_01.npz,69793,8cc247e6a1603f8d7cd8ffa68453830641d99a83400d2ab33b2cbd43eef7ab20
results/phase4_core/states/selective/p0.7/rep_01.rng.json,694,f4ab8a7f5c30616c5ed7a970fe0e69a459ab9962eb9dcbe523cdf7f84486af96
results/phase4_core/states/selective/p0.7/rep_02.npz,70735,93544747a0952b8dd309678317ad011b0c364fc40ae3b9ba456024c3374fcb91
results/phase4_core/states/selective/p0.7/rep_02.rng.json,692,0c719923336408b8d79392a3ca1f1b2f17bdc62bd1bae25a0cdb12570642019d
results/phase4_core/states/selective/p0.7/rep_03.npz,69547,2d117c1e067e68b8e286d188417c2e5c2b8e47b193a6caa901b58524d980d3e4
results/phase4_core/states/selective/p0.7/rep_03.rng.json,693,6930c7da778a2b1644d43ec4595742414eeb685c448c63ce0a313d44a95e2434
results/phase4_core/states/selective/p0.7/rep_04.npz,70265,f641f0cd61b7b6dd16a5b49fadb062c4ba826132482842b0f235adea7c2e6506
results/phase4_core/states/selective/p0.7/rep_04.rng.json,694,9fd017c3f34020170a83a75c7cc293a6886ef129dbd011aff6a8aaede0ed9018
results/phase4_core/states/selective/p0.7/rep_05.npz,70979,18e296382cd286fb6821af474728be894f241d7c1464ef543b36501988732145
results/phase4_core/states/selective/p0.7/rep_05.rng.json,693,a28cb18b80b2a79abd272884406174583d5035713b5799b4029edb56e96dd8c9
results/phase4_core/states/selective/p0.7/rep_06.npz,70531,f031eafe4798dffe076edd5082a15b9b6d4211d81513810883b98afdd7403ea5
results/phase4_core/states/selective/p0.7/rep_06.rng.json,693,f8198183afc26e1d6b019ffa7d7077204cb7c44cb5e10b3b61f2cf914d255876
results/phase4_core/states/selective/p0.7/rep_07.npz,69690,8179fe6b10f5c70429fc4acebdcc0ff40c2e6bf4d8dc33609a5b5b399c92a941
results/phase4_core/states/selective/p0.7/rep_07.rng.json,689,d64db9b6cc04ad06ed672c17f967b9288e7f833076d852bd2bbaecd43abb41e8
results/phase4_core/states/selective/p0.7/rep_08.npz,71818,9edceea8bdbc7c6197b7b7aaeecffe716dbd7279252b3609261fe459b334c5c1
results/phase4_core/states/selective/p0.7/rep_08.rng.json,694,74a191843b342707ec3b5169ad6ef509cc6b92e6b9667087d94585e350fd497b
results/phase4_core/states/selective/p0.7/rep_09.npz,71972,ed0c708936bfbc4f7848ccb8fe3613dafeed42139327d8b8cb3ed23266266d58
results/phase4_core/states/selective/p0.7/rep_09.rng.json,691,676382fea1ab0547b6ec7b66394ac698d7df4d3602e4ae44248ee9d4e46df9c2
results/phase4_core/states/selective/p0.7/rep_10.npz,71187,80928c7cb7af3e5948313def2e8f4641ca80e204daeceec9da5d59e68a44a745
results/phase4_core/states/selective/p0.7/rep_10.rng.json,694,a3d0b0f541b34ec59913b23a37212e0a80f6390a758fa48a0e1215ec661bb20a
results/phase4_core/states/selective/p0.7/rep_11.npz,71143,6319ab31f7f3af1aed4cb7725faf49aa40c5c1ee2e12efd2f11f452981f960b8
results/phase4_core/states/selective/p0.7/rep_11.rng.json,693,841ea8d277dc35d08cf3d30a0b46c339536430f274c42019cd0b2d0d513d9ffb
results/phase4_core/states/selective/p0.7/rep_12.npz,70668,fb553fe482fa2ea095c78bcc8a58ff51a1824d438549a49cfcf07977c7eef675
results/phase4_core/states/selective/p0.7/rep_12.rng.json,694,4192d37d66ec0f7f73fee0dfa67fa8baf6c84369f8adc705ad1bc9d14bd239e5
results/phase4_core/states/selective/p0.7/rep_13.npz,69473,760694b74c6f145b1ba5b8104d6f11a03181d0b40a9cbf3b000fa9721aaa3745
results/phase4_core/states/selective/p0.7/rep_13.rng.json,691,e972b6e9bd334ab4d1aee66a529324c9becbf44ef13cde1624a1c56e4b58589b
results/phase4_core/states/selective/p0.7/rep_14.npz,69999,c5d829a9db320bac04b50ece50f0ee95e6e5838ca6dd13f58fcbcaeaa3490c20
results/phase4_core/states/selective/p0.7/rep_14.rng.json,692,cddeaab5710e03f981682897a38a49ffde43058d54c2ea925c53a9a363a8886a
results/phase4_core/states/selective/p0.7/rep_15.npz,70571,06e07eb02e656f098179b94523fd828247ba225bd2966165de36134cd2b32206
results/phase4_core/states/selective/p0.7/rep_15.rng.json,694,abe9839cd5c0316f8b9ae049b0e0ab30a283be867711125868730f3f26226af6
results/phase4_core/states/selective/p0.7/rep_16.npz,70394,e79b359beaad59e6b3b2e0526a81b85a77e7e51ecf71689f063caf86d143526b
results/phase4_core/states/selective/p0.7/rep_16.rng.json,692,db7936fc2c1db64e34d1b5bf41a2db607c6b25fc17414dffb7d5dc5ec622de27
results/phase4_core/states/selective/p0.7/rep_17.npz,70711,247475bf8229bca2c2e905bcb2835809ffce45c3be9c537dc1f30fbba8ef4241
results/phase4_core/states/selective/p0.7/rep_17.rng.json,691,1b96ccb0e945799d203853abcce742308e9ad1d111b2b1e02effa707b9446032
results/phase4_core/states/selective/p0.7/rep_18.npz,70228,845b87ba2be988a0b37fc016bf4d347cb36bf01c62b51b9c1144a3536dce0b23
results/phase4_core/states/selective/p0.7/rep_18.rng.json,691,ba5dc43c5b4f3d76f67a207221ed00a185220c8c879d48864af4b0fbf68fe6c7
results/phase4_core/states/selective/p0.7/rep_19.npz,69825,0bfa5424d08cd0db0c35d8d830e707d11583ff2bce3fb316ce469b90dcf2a755
results/phase4_core/states/selective/p0.7/rep_19.rng.json,693,e116c71f5066f981ccf65e37be0903eda1900f56dbbf79d40cd4f8da91d52c35
results/phase4_core/states/selective/p0.8/rep_00.npz,65274,c8a07b488efa8a0be77d6c570b3fc6e5c4d568a7ce104c471353a0d740972401
results/phase4_core/states/selective/p0.8/rep_00.rng.json,693,c108c73e1f47f49e158ffd3b1f41487a948af1922832a2c56a00be20b66b2b11
results/phase4_core/states/selective/p0.8/rep_01.npz,65019,7213fa20be4173e92bb0211e891de51b588d2fe4b9e6686b05fbadc8d97e7f6d
results/phase4_core/states/selective/p0.8/rep_01.rng.json,691,db29882380353b4060a109c041e039d62d44730d11cd24b863be313b2905fef0
results/phase4_core/states/selective/p0.8/rep_02.npz,65013,5a71c7113a2002209478a1338f98297eed3dd777a941ed027ba7d11a7be833a3
results/phase4_core/states/selective/p0.8/rep_02.rng.json,695,91c24ae2a71619024f85bd36787d36cf20154a73aa9b43c1dba05e69a6f7710b
results/phase4_core/states/selective/p0.8/rep_03.npz,64640,a8774185fba21cbcea6ce90b711a271433b915effabee0abf63083d2724e630d
results/phase4_core/states/selective/p0.8/rep_03.rng.json,694,f119f291573064852cd98a80679ffc31b2a07668f0d536a778c325de708b463b
results/phase4_core/states/selective/p0.8/rep_04.npz,63213,6a5e5c7c590fcd3d626ef1e6e4249d96257389e914a9fa6720c04b2a77dd7d92
results/phase4_core/states/selective/p0.8/rep_04.rng.json,693,471233a233d80b07dd8a9bed9a6ac6c185f1aca5e294ef0a9cbb4f4a93d67636
results/phase4_core/states/selective/p0.8/rep_05.npz,65492,f1b5c904531b489d9964802f585e38457da385ab3bddf29ffa164efa17e6e751
results/phase4_core/states/selective/p0.8/rep_05.rng.json,693,1ec07dbab616375f1c72c51e4b9cb14135aa338a1a45ebf4b246dc8c21d9e641
results/phase4_core/states/selective/p0.8/rep_06.npz,64003,4715b3c7c9792aa7dafd4ffbd2a689f488907a540df9c05a67bca8555a8a60bd
results/phase4_core/states/selective/p0.8/rep_06.rng.json,692,069ec49182b0e8ccefd34f364e7b0c7eb937a5a97a3e74d528976872d274556e
results/phase4_core/states/selective/p0.8/rep_07.npz,64855,ea340afaa42fb6b1f0a644c0fb04c41a19fc19f1383dd6114646135743278c56
results/phase4_core/states/selective/p0.8/rep_07.rng.json,692,2c474aa8b35a7864eb397f1fb3b9eec1c73a9a5dd679b493951671c839090073
results/phase4_core/states/selective/p0.8/rep_08.npz,64811,82e191feae3e3e8d79f30a856124eadfd78df09af7f08723c7214d1bd5db80f1
results/phase4_core/states/selective/p0.8/rep_08.rng.json,694,5bbce13fd43d0f67c07d5b3c85d5a0a3a32841fdc0b1d58f507684470ae1455a
results/phase4_core/states/selective/p0.8/rep_09.npz,64617,187fe6268de7f7ae6f05cb99070cede8378e7428b1deeb45d12505c13a0f816a
results/phase4_core/states/selective/p0.8/rep_09.rng.json,693,1e09a8f717fe1574ecce7f60bdaa8da3b034101f732be907dcf7740ed940bc05
results/phase4_core/states/selective/p0.8/rep_10.npz,64979,c14d0fc9e263a11ce109f145f682340dd80a37870919107553570899463ef01e
results/phase4_core/states/selective/p0.8/rep_10.rng.json,692,c8c5ac253b1f1bfaf88643221de0b24230efde3145f444529ab7396589281de6
results/phase4_core/states/selective/p0.8/rep_11.npz,63718,e4947caf3d882fdf48a532249615790fab1a8a391c4b63abab8c9b3647ca55a0
results/phase4_core/states/selective/p0.8/rep_11.rng.json,693,dc27b32586d9ec7c6a4b630671785f19e3b13e29630967d57cd30ab1aae43492
results/phase4_core/states/selective/p0.8/rep_12.npz,64104,dfcb19bda9dba827679ace674cf7eae3533c07c2316958cbb7beba5ada2b5823
results/phase4_core/states/selective/p0.8/rep_12.rng.json,692,d72c967c99b4b67377fdb9825d1bfd4a10b08bea634dd3116258e81c2b4be0d7
results/phase4_core/states/selective/p0.8/rep_13.npz,65440,ff43f3afd600f43468d273f33088da838f9ae4a04d375dd9b0855e71b949c795
results/phase4_core/states/selective/p0.8/rep_13.rng.json,695,48f752e504985cec15a5b0bbe2fdb06a66d3ee061a39132d68c581b3220d7ebb
results/phase4_core/states/selective/p0.8/rep_14.npz,65804,49f441af4224029579ee57d68f869720a9caf678e321d5ec92a54b700d7bb31f
results/phase4_core/states/selective/p0.8/rep_14.rng.json,694,e886e68fc855678dd3004da6800af1b529ae49e42e59643a0fc6a6aacc896836
results/phase4_core/states/selective/p0.8/rep_15.npz,66161,d40ec9dfb3d2d06c61f7b4210124179a239b5b3e9ef810940e3aee46c4837670
results/phase4_core/states/selective/p0.8/rep_15.rng.json,694,2eefc91331735e981758faffae05439f42b1e5e2025881e30656e7a2454859cf
results/phase4_core/states/selective/p0.8/rep_16.npz,63951,6770f195f197e51d2abc15c287e6c8aec1bbc949b51cf1c55fdb4f2572b45c98
results/phase4_core/states/selective/p0.8/rep_16.rng.json,692,145088c76d90c80bf1b25160c5237f821bd44629070bb250412b51adfac89c95
results/phase4_core/states/selective/p0.8/rep_17.npz,64357,44271d55f052c96ae2116e9d8952ae2909337dd08632a3ccc80b26d2ce4f3472
results/phase4_core/states/selective/p0.8/rep_17.rng.json,688,138e74283a4d584da44fa3d985d958408bf1c5a4e5a00c432c3c2b7678aa4f78
results/phase4_core/states/selective/p0.8/rep_18.npz,62911,5e1850fc515608b96f8be7fb5081f84574243088351487bd3d33dbf2b55f034f
results/phase4_core/states/selective/p0.8/rep_18.rng.json,693,d6f1b1280358611f383266692fbe480b5fc12313cb805a17ee3877939927e48e
results/phase4_core/states/selective/p0.8/rep_19.npz,64620,9304700440defe29b1f99d6776e9346798eae3f6edfe081e84518827626d4c08
results/phase4_core/states/selective/p0.8/rep_19.rng.json,695,a8966a3e5da44313a914997659597f4b6fd1179fc004a53ff55af6e70580c91d
results/phase4_core/states/selective/p0.9/rep_00.npz,54751,23751c397970db05e3cf0a47b09b103f1cf1572ac5f573d839b973f960c0061d
results/phase4_core/states/selective/p0.9/rep_00.rng.json,691,0198e36dc9d4e1fb755516821cc9292df04cefcfd87c0216cfa953ddf93ae030
results/phase4_core/states/selective/p0.9/rep_01.npz,54844,0bd36dd2299ed38be2769a362c3affd9922005d69c17b671d36647a05609040e
results/phase4_core/states/selective/p0.9/rep_01.rng.json,693,c9e80889fbfb2901a399f4b77053675831472e17e10aadde3b9eb488ec89bf4a
results/phase4_core/states/selective/p0.9/rep_02.npz,52755,704c3762781d54705104a283b087988e45ddc3737e7cbd5fd26d99912ccd12c0
results/phase4_core/states/selective/p0.9/rep_02.rng.json,694,ad5e5daeecf93e50edb749cbbe64f7aaa99d3cf7c5a60528983848a69cf5f756
results/phase4_core/states/selective/p0.9/rep_03.npz,55879,04f3b12229e44b52a006fe5f253d06138508eecf36d7b56bf6b2904b16fe060e
results/phase4_core/states/selective/p0.9/rep_03.rng.json,693,0f83df4e9e24329af0acf3ea763edab0e80dabbea3cb10678973ad4c7f1e9ab1
results/phase4_core/states/selective/p0.9/rep_04.npz,54601,f9d7f89a7c70535d4d0a989ebbe73712dc126e22e5e805829da75a75519d4e47
results/phase4_core/states/selective/p0.9/rep_04.rng.json,691,d8286e4ae330d19314547f793cb4e7d91f177b3a803223db46384990c7975ed7
results/phase4_core/states/selective/p0.9/rep_05.npz,50522,36313c0a69e8230a9b95eb5549597c2a4b69aba9f567db65e4caf29d9e6555d5
results/phase4_core/states/selective/p0.9/rep_05.rng.json,695,64337a624178102ae97d40c14069f63fc6ec750e9f73fd5ecd4519bb7b4fe144
results/phase4_core/states/selective/p0.9/rep_06.npz,53167,0d7d9e7a7bbe956e8ff7115ad3884410ffa49b8276ebcc1efac8c0b5cc948316
results/phase4_core/states/selective/p0.9/rep_06.rng.json,692,0c737d0e1046417332d2b0b92cc479d08c1c223bf645ac26b1b80f4dceda95f9
results/phase4_core/states/selective/p0.9/rep_07.npz,55788,28b6352b86afc6e48ac60179a493c89fffbea32507d36beaad3ba79907b79681
results/phase4_core/states/selective/p0.9/rep_07.rng.json,695,94feaf0d0c533b182a16004be3ae7723481ba713baa2ea86d5c15292bfa5f7f0
results/phase4_core/states/selective/p0.9/rep_08.npz,53271,161a4970916cb70e423f9368dee607148c0ab1178f1966a0d8ab2b19dba6df64
results/phase4_core/states/selective/p0.9/rep_08.rng.json,693,e3a011cb13b0538823e9f4468b3739703033d8ecec9064908b79be526a8832f5
results/phase4_core/states/selective/p0.9/rep_09.npz,54783,03117cc3360d35c9f2807b5c10e61aa02fc4707789805204a9b985a7c60c7be8
results/phase4_core/states/selective/p0.9/rep_09.rng.json,693,1873a153c8733ec635967323195dd12f74140561da7fa6f687132ffebe0d2ed1
results/phase4_core/states/selective/p0.9/rep_10.npz,51568,a3e1f0efac4a52cdc57ab057c18b950d032b211bddcda77de29ef0ea5e9d9de7
results/phase4_core/states/selective/p0.9/rep_10.rng.json,694,bf3ed5bbb190a4254044039f4d91340b2e667f2aaa63cad51b71c8bc59dc9983
results/phase4_core/states/selective/p0.9/rep_11.npz,52118,9e06988a94210b1c6021fbf78b28b1aa04ba2aead31d4a6b7de1e5673d88cb48
results/phase4_core/states/selective/p0.9/rep_11.rng.json,694,b29fcd12f20f1060523910d2d9d2b432fb5319adf456fa77c5d80eb6e68cc981
results/phase4_core/states/selective/p0.9/rep_12.npz,52681,5931a4548de6b8f0073508b9ee41b07beab5c5b97d1997f41be8a0c49df5883e
results/phase4_core/states/selective/p0.9/rep_12.rng.json,691,fca86ded2774b6965be194269a83573398a6ab1243403332183a42741becc339
results/phase4_core/states/selective/p0.9/rep_13.npz,53419,20e2042f221deb60030ddae54aaa0811a912d263826c18227720057c794ad564
results/phase4_core/states/selective/p0.9/rep_13.rng.json,692,ce6da47a87b4d7cf89e56bd12cc5bb87d9ee8a185ac3027ff67651015021eddc
results/phase4_core/states/selective/p0.9/rep_14.npz,54038,456d03ad6dcfb3236ef246073681bb2fea4b59c58cf5f7c73977d3f7834d49ba
results/phase4_core/states/selective/p0.9/rep_14.rng.json,692,20f80571bb455d879d38cb711d15417887a181063858452d8e9eeb33fecfc3b9
results/phase4_core/states/selective/p0.9/rep_15.npz,53445,3ca369a14bae8eb1714f127c247dd88fe3cdc286c84e6ea213f572bd2a891911
results/phase4_core/states/selective/p0.9/rep_15.rng.json,694,b53b549529e10cd8b047985fb614653016778fbafb2b4bba68b21ac9ed9e5d64
results/phase4_core/states/selective/p0.9/rep_16.npz,54955,83570a9d691b69ad316a897deb1771e3e4aa319f4af4c4b30ac7f4df3990f500
results/phase4_core/states/selective/p0.9/rep_16.rng.json,693,206fb780f60e3b1dc1ff5d0de5b17e13dd34a18e7b876c30975b4e4211bd095a
results/phase4_core/states/selective/p0.9/rep_17.npz,52787,4220aff1b8fda7bca58bba44f2da0dbe00bc3974789caac59bcea37ceefe69a9
results/phase4_core/states/selective/p0.9/rep_17.rng.json,693,c612168e7d283e599f8121c4570cacf02588fb2f4d6fc1961674d8df6c8da254
results/phase4_core/states/selective/p0.9/rep_18.npz,53539,78c3b2d429164a4b1d2771a14afa7652104c7938115f3be20a310ab253593611
results/phase4_core/states/selective/p0.9/rep_18.rng.json,693,d893da0d640a76f51287cd51996f8484254ad65380d268bcd3b8d800666112db
results/phase4_core/states/selective/p0.9/rep_19.npz,53877,3a4b1b2f8d3acd0dcb7276126151e20c3445de79a3234b3b7c095d2ec68d58d1
results/phase4_core/states/selective/p0.9/rep_19.rng.json,695,0f4797e4c289c8172078efff6c9f73829aae2d921a26cb82c7c57495633bec94
results/phase4_core/states/selective/p1.0/rep_00.npz,29846,316a90e4d22e3c650b512a1fa374d7592dd92eb74961a259e96fb75f4fd2fb23
results/phase4_core/states/selective/p1.0/rep_00.rng.json,693,7973c8df05b969fc6a17ff12cf97847cad2a50ee21c26c5257d5cd32444b4e4f
results/phase4_core/states/selective/p1.0/rep_01.npz,30451,ea2ea53784410edb96e48d772133dc705d9cdf50bb69a05e1d3e327399064b43
results/phase4_core/states/selective/p1.0/rep_01.rng.json,692,2a491474e03aa601dbe47335bd6683a21e2468d81e298089bce74e38829f6c80
results/phase4_core/states/selective/p1.0/rep_02.npz,30782,ed5e82617ab6c4c4f29876667d3f53eb540f6f6820f89f42ac455c1ae557d8cc
results/phase4_core/states/selective/p1.0/rep_02.rng.json,695,6376d0432144926931dfaf2608de9dbd2eb21b4bafa0491a7eb9f3b68f64e8ea
results/phase4_core/states/selective/p1.0/rep_03.npz,29600,4ba7bf50716d0f2d3dd294efcf90cea9b9f7fa1f9258057c810fc950021b7647
results/phase4_core/states/selective/p1.0/rep_03.rng.json,693,47ec22e93cfbfaf07834df6593803771d72c4f51bb8fd98b9867450557686355
results/phase4_core/states/selective/p1.0/rep_04.npz,29761,23db075c16ac633a7b1bffc90968d3f9a4345df32bed9d59f81937e5ba88941d
results/phase4_core/states/selective/p1.0/rep_04.rng.json,692,b87d019f499df5f7a2f9abcb7c4070904676f2a73c1db61cc6441390569951f5
results/phase4_core/states/selective/p1.0/rep_05.npz,30161,2061b829d67caea1d9d25f7ac2eb1d6ae2dd6667a70922a21fba2b9ee629f03a
results/phase4_core/states/selective/p1.0/rep_05.rng.json,693,d9188b4dd4d18f114335519a471672f2f595c6fe78996b15bf25bb44ba20eef4
results/phase4_core/states/selective/p1.0/rep_06.npz,29544,b7d742d28ebfbfbb911e31e3c5004eb842cbb840b1f994d940597dfc09bd8672
results/phase4_core/states/selective/p1.0/rep_06.rng.json,694,3a7c34bc953c7bc28416ee54fbc8a6e541ce2528ab76f8a23ac27978344a4139
results/phase4_core/states/selective/p1.0/rep_07.npz,30021,acf343f5005fa1d1c3f310ca997fabc2c725fdc4d524dcd72ffe8916f4d2b54a
results/phase4_core/states/selective/p1.0/rep_07.rng.json,694,7020d2d03b6b77db2c9dad7b264e01c6e88ec70342148af11b2ea54d0a312fc1
results/phase4_core/states/selective/p1.0/rep_08.npz,30406,e8678c5d88d16f45fc942c17a970ca5683419268258178e30d2b2da71fb30147
results/phase4_core/states/selective/p1.0/rep_08.rng.json,692,39b8b955d21bfc7e4c71d9f0e96d720543d22f2a38e92e99c002465ab9b303c6
results/phase4_core/states/selective/p1.0/rep_09.npz,30489,eb88d747ab6af2a8b7e519c75b97b79c57e209c17b841641f1a67f2bc7058253
results/phase4_core/states/selective/p1.0/rep_09.rng.json,694,59c71e662eeaa0079a6645851fb3381d4d1c3cb26263dcc1fa95eb07b93f7994
results/phase4_core/states/selective/p1.0/rep_10.npz,30342,d53dba681f66308523166231e62d5034c1dd56941137ebf8fe586b9e8f320147
results/phase4_core/states/selective/p1.0/rep_10.rng.json,692,1f59331c77d9b602f97643733f8cf1214f2de2ba3293c484927d51beaf41184c
results/phase4_core/states/selective/p1.0/rep_11.npz,30632,f22c82b88f360aa93b7f6c46028ac0cce62067ff28f5765f85379c6dbcd0e2e9
results/phase4_core/states/selective/p1.0/rep_11.rng.json,692,e1272e4ff12def7f42a79627653aa9a74f9801c8ebebce877f8fbdeec3795383
results/phase4_core/states/selective/p1.0/rep_12.npz,30542,34e62b47f9bbb93b5650e4216f45870d286572f865b70f5a4a54e67692889827
results/phase4_core/states/selective/p1.0/rep_12.rng.json,691,3a687a21b783369f97195a8bb8496f58a6cf1bdaba5a0c4f72decfda84638ddc
results/phase4_core/states/selective/p1.0/rep_13.npz,30677,c10b005ab51a37bbf65f8e4e48568ef00cb8f69c135e0f8e3f66d319bbee4052
results/phase4_core/states/selective/p1.0/rep_13.rng.json,693,96ec4f9ecba90da4038ced80a99b307b03700c06eee0236c7be4833821f2a0bb
results/phase4_core/states/selective/p1.0/rep_14.npz,29293,45bf3b44dfb0fd2e01736aa32373c09451e75c493fa27398be6bb55eee2ff166
results/phase4_core/states/selective/p1.0/rep_14.rng.json,695,f101bffab2b08b87bf6e86120097470bf9b8d182d458735b29f6cfa0557fe36e
results/phase4_core/states/selective/p1.0/rep_15.npz,30623,90da769f71f1f3a7a514020c877c4192ee313e9b6d9c2daa3ba036bed1e38b8b
results/phase4_core/states/selective/p1.0/rep_15.rng.json,693,11bda7518044c88a5adc956fc02c6632f1d981320566b9356476ae4c505ba762
results/phase4_core/states/selective/p1.0/rep_16.npz,30513,9d097456c6db0631520ba68b3cbbb5d68e07bfc8d1c630366399933389bdc9ad
results/phase4_core/states/selective/p1.0/rep_16.rng.json,693,df4a6853846434a4c2129c74ff7d63f00b531850adc10417c95e894c85b5a1f6
results/phase4_core/states/selective/p1.0/rep_17.npz,29741,941bb8c0cba8acf144b214c6f3f78023cba3c47991bed87ce567ba94f6389cae
results/phase4_core/states/selective/p1.0/rep_17.rng.json,691,08bb75115da1fa7376664a5e9b888815c001733ac80514085609905519fba746
results/phase4_core/states/selective/p1.0/rep_18.npz,30189,acd4c8da60a6769b688a3ee4dfee6a6bb5bec03a554c95cb2fa8c72fe2c78c8a
results/phase4_core/states/selective/p1.0/rep_18.rng.json,693,59d4c3d75d42ebabbbdc7d8c71e98720c4561485f75788f8f2672ed72e54b70a
results/phase4_core/states/selective/p1.0/rep_19.npz,30837,fd5212b35a0ca5a8c301259f53df9a36556767eab81e7eb91aabce564599cc08
results/phase4_core/states/selective/p1.0/rep_19.rng.json,693,08a3dfc8b72efde083ecb42145eeef0d7f9131db6d1b6f1dfb8172f565b6195a
results/phase4_core/target_reach_counts.csv,606,00cd68bebaf8a0231e112284455e69ef80f5f1d46ee3f4c7c432377198b55ba1
results/phase5_causal_specificity/FILE_MANIFEST_SHA256.csv,100516,d21e543d042d939b42752135611653e9b187567fae5f6023636d41371601e5cc
results/phase5_causal_specificity/GATE_5_DECISION.json,462,5f6dbcbda6e40120b77e8a32e77776ca441ba6ac359dee771c94f00b754d195a
results/phase5_causal_specificity/baseline_blocks/alternative_a_p1.0_r00.csv,799,e0c1222298ef9b88b96a7a7445f464d0f9c99dae203a7be5f8493917f85f6d50
results/phase5_causal_specificity/baseline_blocks/alternative_a_p1.0_r01.csv,804,6e9ac4b8b9cea5c131f55fca6bbc0b8e274bba6a55685af8f0daffce66f0757a
results/phase5_causal_specificity/baseline_blocks/alternative_a_p1.0_r02.csv,802,54d7563510ea8799e92eb73aac4645b4bfb75f3b9e59b0ea66023a57f55bd4ac
results/phase5_causal_specificity/baseline_blocks/alternative_a_p1.0_r03.csv,801,031f635edfe2eff53aca797df2f55ef5e5f8d82f995ef85a28eabbad94678d22
results/phase5_causal_specificity/baseline_blocks/alternative_a_p1.0_r04.csv,805,af5185db5ed9aa1e652349ee651211bf4eb43e662ef74e46f25d7e2fa4a3d02b
results/phase5_causal_specificity/baseline_blocks/alternative_a_p1.0_r05.csv,803,972f6bf9fc4b74dafa034782762b392c974b2ea336c513a3c38ac5f92a79114b
results/phase5_causal_specificity/baseline_blocks/alternative_a_p1.0_r06.csv,801,17d57fc074c51f924eb20a8ba9cbcc9545891057857d0a8e151d9ab8447aa4b2
results/phase5_causal_specificity/baseline_blocks/alternative_a_p1.0_r07.csv,742,1447e7f7b8a1a295bdac0585d0d8f07692a2cffed01aabc62a78327a932b46ba
results/phase5_causal_specificity/baseline_blocks/alternative_a_p1.0_r08.csv,743,44efbef1cf202f3d9860b318a72659fbe2b2612f2922d1389f26fe2b6446156e
results/phase5_causal_specificity/baseline_blocks/alternative_a_p1.0_r09.csv,744,397a961e5e759d900363b6ef703e977695491247c7c4e7fe9c18f862659209b9
results/phase5_causal_specificity/baseline_blocks/alternative_a_p1.0_r10.csv,746,015a1d5eb90ef6108b4e2c9f4515ac137742534577dc306fd24ea980c4998e19
results/phase5_causal_specificity/baseline_blocks/alternative_a_p1.0_r11.csv,747,86c7b1512cbd7c92dfc535bc502a14f24f6c366b907c6b3148d5a11984583853
results/phase5_causal_specificity/baseline_blocks/alternative_a_p1.0_r12.csv,743,9e859594a7de15e42e4be76c87bff24824f080bb30a2e3962866d42ea4f6afd6
results/phase5_causal_specificity/baseline_blocks/alternative_a_p1.0_r13.csv,746,f345efd8b1fc97f72af082cac2ec2bdb93bb5fea23112b46affb3216a0e38382
results/phase5_causal_specificity/baseline_blocks/alternative_a_p1.0_r14.csv,746,45efcf6018b549d732e7a0abc0c0671da0e08c72ccddde367f6c854b6b09ed6e
results/phase5_causal_specificity/baseline_blocks/alternative_a_p1.0_r15.csv,744,76d645ad77dc848574140e36419af3f38d044ab7e87a7e5958cf8fbdcc16e60a
results/phase5_causal_specificity/baseline_blocks/alternative_a_p1.0_r16.csv,745,383be5b991434d2e8d76ea455a29c24587010e11d7d9a18b7b07aca4f964619f
results/phase5_causal_specificity/baseline_blocks/alternative_a_p1.0_r17.csv,747,a48a7ff893ef958db58440d748308e454ae6084b7c5fb299df3ee1fede6cbd5f
results/phase5_causal_specificity/baseline_blocks/alternative_a_p1.0_r18.csv,744,fb9ab3f5c3149f082555566b93c38436d96c4cd41572bb426a819c700d54fd5d
results/phase5_causal_specificity/baseline_blocks/alternative_a_p1.0_r19.csv,745,afbc7a6a18e15b30cae4a258e9cee9fc294e1625c5b002f5974e2aecd5fad254
results/phase5_causal_specificity/baseline_blocks/alternative_b_p1.0_r00.csv,740,b3e69a945abc296b94890b9c9784464169df8580ff6386c21c2f20d3b9b22eef
results/phase5_causal_specificity/baseline_blocks/alternative_b_p1.0_r01.csv,741,8490993f5d7d9f8d3309c22bc55a663cd1db3cb9a496636b71998f7898623c85
results/phase5_causal_specificity/baseline_blocks/alternative_b_p1.0_r02.csv,742,ce73c0b4f293b5102604245956189a376e5c1cc8438ecc2df5e5b81246d452f2
results/phase5_causal_specificity/baseline_blocks/alternative_b_p1.0_r03.csv,744,b35516bb901e3b10714ac3a03a18d14b121db71b39fef825d7ef4fecd0ca76bb
results/phase5_causal_specificity/baseline_blocks/alternative_b_p1.0_r04.csv,745,53e8fc527652072d588e103fc33b016794645d033651fffe93015fb6dc29c2a8
results/phase5_causal_specificity/baseline_blocks/alternative_b_p1.0_r05.csv,743,ca111475d10e2ae1b6ba01ed6712c08013efb611fa2a414369e4dbcdf51f8a03
results/phase5_causal_specificity/baseline_blocks/alternative_b_p1.0_r06.csv,742,109536907ca16c0df92bc9469308152d870b8850f939efbf70670d92329f65d9
results/phase5_causal_specificity/baseline_blocks/alternative_b_p1.0_r07.csv,739,f8fedb6fc7e5e4697201eaaab561a13d169bb50fb53730f791a30bf0c8d2454e
results/phase5_causal_specificity/baseline_blocks/alternative_b_p1.0_r08.csv,804,912cde602b9ca61ca7471f857a723bbf571a86c2e81668dcc26fb3715b12434f
results/phase5_causal_specificity/baseline_blocks/alternative_b_p1.0_r09.csv,743,8ffb56078ef2a863cbc4875ca6cd484b4dc23b8f016908c71ac4b5a51760e96c
results/phase5_causal_specificity/baseline_blocks/alternative_b_p1.0_r10.csv,746,24e6c79f370a560531f143827ca5f3ac2c8dc50d6e95b30b8e7f7f66e479aa5f
results/phase5_causal_specificity/baseline_blocks/alternative_b_p1.0_r11.csv,744,8d64e696125de1476168a894d6d7e8ac5e9385c5e884d6b2ae639c446059725a
results/phase5_causal_specificity/baseline_blocks/alternative_b_p1.0_r12.csv,804,586e34762b19e5b70728e4bb6056c109acb867a831acf5f5cb11f19aa52edb0e
results/phase5_causal_specificity/baseline_blocks/alternative_b_p1.0_r13.csv,804,5c3ab27c384100b160c3eb7791cfc0dea7e5518400c5ecd16f7fa34652640db6
results/phase5_causal_specificity/baseline_blocks/alternative_b_p1.0_r14.csv,806,48b6735279f0a80bc2c9f5fc8c50e9fd84f8df29707e481a37f61466b7f7c403
results/phase5_causal_specificity/baseline_blocks/alternative_b_p1.0_r15.csv,806,6efedae661e7a7af295f7e032827fa4ad96a222c9fd6f9c127323f8c6a9a47f2
results/phase5_causal_specificity/baseline_blocks/alternative_b_p1.0_r16.csv,806,0afb2ff0ec65aa2d719460d066b63a1dd40ee0ac4c413d2177910ad08bb8eec2
results/phase5_causal_specificity/baseline_blocks/alternative_b_p1.0_r17.csv,806,dffcfb5772d1dce9577bd388d50bc6190fb4eed3a99a25cb8138146a999f71d4
results/phase5_causal_specificity/baseline_blocks/alternative_b_p1.0_r18.csv,805,d4cd4de5c584ea0a2276c85adbe30edde7517e4872fc3558895ea52176216cf1
results/phase5_causal_specificity/baseline_blocks/alternative_b_p1.0_r19.csv,806,2682597013602579a36cdc873dcd2112a4516cd6e96da30390e3b3cf1d9e16a3
results/phase5_causal_specificity/baseline_blocks/selection_neutral_p1.0_r00.csv,819,ffd1f758908d7520b884e79e3f2cfdcaf32569ddca4aa0279d3aaf0efeb71b4e
results/phase5_causal_specificity/baseline_blocks/selection_neutral_p1.0_r01.csv,817,626de31b0bdd3c708218a67980479653872c3e6d236e61b8270705dd73e4d6f5
results/phase5_causal_specificity/baseline_blocks/selection_neutral_p1.0_r02.csv,819,883bb7803913dd75f2c5f8e3ca40b569ddadd8a1b4aaf9006cd8a111f5063c37
results/phase5_causal_specificity/baseline_blocks/selection_neutral_p1.0_r03.csv,818,3ee2bb0b86041a95e7f09aa04fd5463ab1ac166d9900e063e1d1c0fdd49686c0
results/phase5_causal_specificity/baseline_blocks/selection_neutral_p1.0_r04.csv,817,d9beba508acedf6655deb32a78bb712a1f87080ea70eefcc59b463f2ee7c9e18
results/phase5_causal_specificity/baseline_blocks/selection_neutral_p1.0_r05.csv,817,efc0089a6fa825a2b701873ebbb5a637f312db57a98de03f7bc9b7809b88b058
results/phase5_causal_specificity/baseline_blocks/selection_neutral_p1.0_r06.csv,820,2539fd9d6c1a05674a6a2b50e05caa2372f2162da8d2fb525d48b5e346192e15
results/phase5_causal_specificity/baseline_blocks/selection_neutral_p1.0_r07.csv,818,55955027b35515dfa78eabd98f35db0ac9a2c22839ec9b916ab776b53df9f3e4
results/phase5_causal_specificity/baseline_blocks/selection_neutral_p1.0_r08.csv,817,4c63a8083d9c6ee9415b2dd3b9dfa1285bd6f284f7969e289112752951b0c9af
results/phase5_causal_specificity/baseline_blocks/selection_neutral_p1.0_r09.csv,816,db8b8a4ee50ac43811484b8299b53e4e313de4a9825c1125d59e1ea8778f4d3f
results/phase5_causal_specificity/baseline_blocks/selection_neutral_p1.0_r10.csv,819,b516efa221a6453ef9ab34b5ae94d07e97f0cedd4b70e0d953ff21d6b6596a58
results/phase5_causal_specificity/baseline_blocks/selection_neutral_p1.0_r11.csv,823,02f30add1e9073d1b2a422eda0f2e1219bad416945c9e43e7c9e9296cf0dfd76
results/phase5_causal_specificity/baseline_blocks/selection_neutral_p1.0_r12.csv,818,2ce8e6ee17272fe741d6ab0fd0f96ff4fbd0e541a3a4486cc14b26b0faa8dcfc
results/phase5_causal_specificity/baseline_blocks/selection_neutral_p1.0_r13.csv,820,3ce7b4d99f02c334cfce82bd16710c971c87ca5b7494dc88e7bb67150baa7b83
results/phase5_causal_specificity/baseline_blocks/selection_neutral_p1.0_r14.csv,818,80d402b77b4adc315c2a3b3811c9e30e93b336fd66c434d7f0c7ebccfb6d5503
results/phase5_causal_specificity/baseline_blocks/selection_neutral_p1.0_r15.csv,820,ca2dd8833cac7653ac79ec8cc0f31bab984b9f0bb3d347ed09e7639b9400f1db
results/phase5_causal_specificity/baseline_blocks/selection_neutral_p1.0_r16.csv,817,d0dd8338d4ba1f86860d15cadcfd89b66a4f63c9b612b0782803e709b01de83d
results/phase5_causal_specificity/baseline_blocks/selection_neutral_p1.0_r17.csv,819,7369dd855d0835171365d34ddf04be402ac09f1ab11d1852e85e4043cbc2203a
results/phase5_causal_specificity/baseline_blocks/selection_neutral_p1.0_r18.csv,821,f56368df4b1534a0d9af6e4a0c81784593000906779654a15f1753c4763c4309
results/phase5_causal_specificity/baseline_blocks/selection_neutral_p1.0_r19.csv,814,65d3fcb9dd7c06472208a06977d34a069f60bf60ea8fc6aac57cbf73e1906313
results/phase5_causal_specificity/baseline_blocks/selection_reduced_p1.0_r00.csv,819,6561741faa8178f770f3954acf4a27590547a7b0dc50169bab93220e618962d6
results/phase5_causal_specificity/baseline_blocks/selection_reduced_p1.0_r01.csv,819,4f0c5cf560ce9bf3b8ed28a3ade1f16f8c33542c6cfdac1bf435aaac4d1e6773
results/phase5_causal_specificity/baseline_blocks/selection_reduced_p1.0_r02.csv,820,c09deb2397b8ad8a2b5fc2a6b77bb9fd46eb89529d48fe3978dc85b1cf513639
results/phase5_causal_specificity/baseline_blocks/selection_reduced_p1.0_r03.csv,816,c4cd3276fa41e688f13c66ad9487c95d859a4a1a73204e908d7ced5d0caf569f
results/phase5_causal_specificity/baseline_blocks/selection_reduced_p1.0_r04.csv,814,ed79c5ccafa01d038b8dfb077de48d9afabe3754f59113fc54457c43ebd018a8
results/phase5_causal_specificity/baseline_blocks/selection_reduced_p1.0_r05.csv,818,d109734ca533a95c2cc61e4e7dc44c789bbdf66ad4c99df8324ae01e650b63a9
results/phase5_causal_specificity/baseline_blocks/selection_reduced_p1.0_r06.csv,821,c1df6b5563e07d990ca22aa627b750ff6bf8a76425a540225f299a55f4f33185
results/phase5_causal_specificity/baseline_blocks/selection_reduced_p1.0_r07.csv,820,f35a1084b02ff880bdba962b54109764941e615a84444d63d1bb367e4152474c
results/phase5_causal_specificity/baseline_blocks/selection_reduced_p1.0_r08.csv,820,835eb0e6e9a917f10213103a707f9d8ec3350876828e07e2d69b8b31354b4abd
results/phase5_causal_specificity/baseline_blocks/selection_reduced_p1.0_r09.csv,821,2df842d053d68b30e732c35a8011c73d134d6725ed3e226fed5df3927de96da3
results/phase5_causal_specificity/baseline_blocks/selection_reduced_p1.0_r10.csv,822,46e13202221b7b3218ac14dfbc2f527f846385f976c6f61df2be999ee76b086f
results/phase5_causal_specificity/baseline_blocks/selection_reduced_p1.0_r11.csv,816,9eb20f7259669566089c3978e7a3db27f6cbed4265bbb7d74844684d3f01d190
results/phase5_causal_specificity/baseline_blocks/selection_reduced_p1.0_r12.csv,822,1fcef04c024f9413305f6c9392bcb5928e02091dc90801b8c3e5f2a688ccb02f
results/phase5_causal_specificity/baseline_blocks/selection_reduced_p1.0_r13.csv,821,d5a6b560f8f81d1d224a54750ff1b694925fc2fd320d5139afc4cf21a1f1462c
results/phase5_causal_specificity/baseline_blocks/selection_reduced_p1.0_r14.csv,821,99633c53e499b457d637aa0c4ba383af6e24695c7faab58dd00ed822fda5b47f
results/phase5_causal_specificity/baseline_blocks/selection_reduced_p1.0_r15.csv,821,4c7e6ef282a5629f28e7f214d4cb60402421650d5a5b2bd75626118b50486e87
results/phase5_causal_specificity/baseline_blocks/selection_reduced_p1.0_r16.csv,823,d0d1675ba761ba6a171faa8a3b912bae71c7bd3d4a1cc1f7e235670abf65fe2f
results/phase5_causal_specificity/baseline_blocks/selection_reduced_p1.0_r17.csv,821,b77058edb35aa761d2b4102dbf63f8c220173670d65f704573fdfe0fcc9c1023
results/phase5_causal_specificity/baseline_blocks/selection_reduced_p1.0_r18.csv,821,45cda48038c95f47adeb1ac2ae592eccf5b7274064ee9047d643364eea7434d7
results/phase5_causal_specificity/baseline_blocks/selection_reduced_p1.0_r19.csv,818,eadd067872d9737fd96dd818e660a5784d6e7aee4efbb6ffad52c28665873cf1
results/phase5_causal_specificity/baseline_blocks/temporally_unstable_p1.0_r00.csv,939,c11d27b079f1bb8ec42238dc3e49e141717a6932233598404cc619bac4c30b38
results/phase5_causal_specificity/baseline_blocks/temporally_unstable_p1.0_r01.csv,936,05a659073f1fa7a1a7fe39ac031fc9f13163d4b03a46ca577b7691a103e4e6b9
results/phase5_causal_specificity/baseline_blocks/temporally_unstable_p1.0_r02.csv,939,202e889b145f9be596b4c5a6defd33c998787b9740a285b53319d29544e1aa25
results/phase5_causal_specificity/baseline_blocks/temporally_unstable_p1.0_r03.csv,939,f870d1108576abb8b96eae10b0c596172ce5e0416ca22408c3d1d455d6f5c840
results/phase5_causal_specificity/baseline_blocks/temporally_unstable_p1.0_r04.csv,937,1b82053993abeb78acb325a4595fda8c65d58e3f68a555f782402f809415806b
results/phase5_causal_specificity/baseline_blocks/temporally_unstable_p1.0_r05.csv,940,ea26833b629474daf1818a41d95cd49ea3c750d3b1e32f9f9b732119ff4376e2
results/phase5_causal_specificity/baseline_blocks/temporally_unstable_p1.0_r06.csv,939,dd6daaf8985cb7067fdbb721f96dda97106f3c2cd2f6660d48465f870d6bcf12
results/phase5_causal_specificity/baseline_blocks/temporally_unstable_p1.0_r07.csv,940,39acae45695988251d84178ba4fa28573e2eaa761094b087047e2dfd44ed73a7
results/phase5_causal_specificity/baseline_blocks/temporally_unstable_p1.0_r08.csv,938,b5006ae1d2b34a6313546f09c04f946512964dd81a4a46e0e98342675f0a8209
results/phase5_causal_specificity/baseline_blocks/temporally_unstable_p1.0_r09.csv,934,5231b276cbe3d1c0ac1cf5f827bc3e7f3aaed7293359b51d2472f27681d7407d
results/phase5_causal_specificity/baseline_blocks/temporally_unstable_p1.0_r10.csv,939,87dab80a49d400f8b7a5feb9ed1bad9432aa4d332202ac46f5c8f7f8a304e02b
results/phase5_causal_specificity/baseline_blocks/temporally_unstable_p1.0_r11.csv,939,171f9d39c3e979bf66d4ce67e0deb8adf6fb5baff03b1c92216093e67f3e454a
results/phase5_causal_specificity/baseline_blocks/temporally_unstable_p1.0_r12.csv,940,7563088c735662c95e70493be10326618a953f95c0ea2659687e3be62b836941
results/phase5_causal_specificity/baseline_blocks/temporally_unstable_p1.0_r13.csv,942,61fc1b44456a28d72a0b17f37af391f70292c7abcb0f0595e1f0f7457c75c8b6
results/phase5_causal_specificity/baseline_blocks/temporally_unstable_p1.0_r14.csv,939,91da63b3d69ea9082b86c259d7daa40bc7f310250ec8cc43c211b54daed9b305
results/phase5_causal_specificity/baseline_blocks/temporally_unstable_p1.0_r15.csv,939,0e3f1b702ce2f60c9c51ebdc540b635ed3a0db6d5f02ffa07c4f9133a13bf6f8
results/phase5_causal_specificity/baseline_blocks/temporally_unstable_p1.0_r16.csv,941,30df608fb1c2802f892177c34e772269d95e08d7616ce9a23013361edff1e520
results/phase5_causal_specificity/baseline_blocks/temporally_unstable_p1.0_r17.csv,941,0aa27b479ae2aa5763379896fc38676363640c2eeb99edd16f493b1c39c13ea7
results/phase5_causal_specificity/baseline_blocks/temporally_unstable_p1.0_r18.csv,940,8dc61663b1c34cd8fad3f22ca4231282b160b25ebd4aac5b7c6a2b65a356dccd
results/phase5_causal_specificity/baseline_blocks/temporally_unstable_p1.0_r19.csv,944,44bc0eedb42f4c72d0d102fdfa118b075931fa34acf08b24d797511494632c56
results/phase5_causal_specificity/continuation_blocks/affinity_reassigned_p1.0_r00_q0.csv,59673,a6edd1710d77d795b5109eb84fd8f472466d3cec45aa12488fe4d71113f78207
results/phase5_causal_specificity/continuation_blocks/affinity_reassigned_p1.0_r00_q1.csv,59473,097b983508c0989754fea2c9851f155b832cc7223ef9a227c1f340dc791143ad
results/phase5_causal_specificity/continuation_blocks/affinity_reassigned_p1.0_r01_q0.csv,59550,ac3de19bb360e50e53e0e14fbf9cb46ad5fe522933c0f3359b58918b4b15987b
results/phase5_causal_specificity/continuation_blocks/affinity_reassigned_p1.0_r01_q1.csv,59476,7f75ca2d2059fd85539127f7c6aeb19deb2880fac72f03f8bc2b134ced088414
results/phase5_causal_specificity/continuation_blocks/affinity_reassigned_p1.0_r02_q0.csv,59591,7d7ad494e619931d0eb88fb7fbf8906de035cef66b6182ba91f9cce8c9e8c6be
results/phase5_causal_specificity/continuation_blocks/affinity_reassigned_p1.0_r02_q1.csv,59530,a01c9d5b606648c2a78491fcbec1eaa8f4cc12ccff034ceb99a27ede2ab150da
results/phase5_causal_specificity/continuation_blocks/affinity_reassigned_p1.0_r03_q0.csv,59643,ec0fee9524e176a0fe23cb3d27f2a6c6e6bc473933b7b18953f4811b679e7780
results/phase5_causal_specificity/continuation_blocks/affinity_reassigned_p1.0_r03_q1.csv,59628,5ed8e4e2e2c8d7f61a8e8987037cc5eab336f8daaaf88c517455665f78a5e014
results/phase5_causal_specificity/continuation_blocks/affinity_reassigned_p1.0_r04_q0.csv,59584,1183ccd80dd3b6241b098bf0192b41de778b3e7dcff963b113d0a16822d84ca5
results/phase5_causal_specificity/continuation_blocks/affinity_reassigned_p1.0_r04_q1.csv,59453,a48ab042de7dce302006ef538151a032561cd5c8871f550776d4d33aeceaf711
results/phase5_causal_specificity/continuation_blocks/affinity_reassigned_p1.0_r05_q0.csv,59624,cb38b697d72d71bc89eb0c28ba43311eb80f58ce72214455e972867b452e4f79
results/phase5_causal_specificity/continuation_blocks/affinity_reassigned_p1.0_r05_q1.csv,59663,d1a6bf275312b36b9d7d222d0de2198ee2a02b2b82dd6facbf95c78d68a6d766
results/phase5_causal_specificity/continuation_blocks/affinity_reassigned_p1.0_r06_q0.csv,59579,60e053914231ecae6741c9acb833eacbb37fc0baea544edd6e45b1d335e81dc0
results/phase5_causal_specificity/continuation_blocks/affinity_reassigned_p1.0_r06_q1.csv,59594,d9232cf09f2d722d508a8bfe3ae339acb1e4bfcb7aabe9407301f03a34e06276
results/phase5_causal_specificity/continuation_blocks/affinity_reassigned_p1.0_r07_q0.csv,59509,45e297c8d4c6566e38eeca12633400fcc997502ffabe18f75355d78dae44ff9a
results/phase5_causal_specificity/continuation_blocks/affinity_reassigned_p1.0_r07_q1.csv,59542,8a15337bbcd9cc51d8d89643be6d0b10387b83fc9194de218d47827ead38e4c8
results/phase5_causal_specificity/continuation_blocks/affinity_reassigned_p1.0_r08_q0.csv,59607,0ad856aa448180766135db58bb8393aefaef9ec306b514a716d262da684e2109
results/phase5_causal_specificity/continuation_blocks/affinity_reassigned_p1.0_r08_q1.csv,59554,6faea77a23948ff92e899b2541f84cd47c647dd3b692ddbb5eb113d1571f5429
results/phase5_causal_specificity/continuation_blocks/affinity_reassigned_p1.0_r09_q0.csv,59461,a60c0bf80e88d64031dc95b032d846db0b3db0f1d6355cf9792d3b58d7a3116c
results/phase5_causal_specificity/continuation_blocks/affinity_reassigned_p1.0_r09_q1.csv,59453,0b98d3a4bb8db198c2e561b0dc2a0306a57a2cfeefa3c36a2b226b39d903941a
results/phase5_causal_specificity/continuation_blocks/affinity_reassigned_p1.0_r10_q0.csv,59537,97cb09e9f783b5265105c262cb74c72c19df817c45f9793948bb869d29c00d6c
results/phase5_causal_specificity/continuation_blocks/affinity_reassigned_p1.0_r10_q1.csv,59545,d50fe24f8ee9ca96e5a5de74905a4d7000810a95e8774620b34d851ae99e12b1
results/phase5_causal_specificity/continuation_blocks/affinity_reassigned_p1.0_r11_q0.csv,59426,77754e2450cf9e5315aed81f1cadca33fd071ffca674b48127fcac1980aa2145
results/phase5_causal_specificity/continuation_blocks/affinity_reassigned_p1.0_r11_q1.csv,59711,f9f6c20e9fcb11e097b68dd03cadee5ddaff143fbbea388fcb5aa417c929dd08
results/phase5_causal_specificity/continuation_blocks/affinity_reassigned_p1.0_r12_q0.csv,59744,e80599c210543eab5d8731704271da52f4ff1862d83372020952a554b2a04683
results/phase5_causal_specificity/continuation_blocks/affinity_reassigned_p1.0_r12_q1.csv,59607,43ef6bfe0e8aa37ee7df1165aacac502b814553576862982067001dc540d9443
results/phase5_causal_specificity/continuation_blocks/affinity_reassigned_p1.0_r13_q0.csv,59675,0925ffb7c3a960574a02c07e190aa4f9aae64232b74997efd5669a6dc338140c
results/phase5_causal_specificity/continuation_blocks/affinity_reassigned_p1.0_r13_q1.csv,59624,7a1d90f7d82ca687dffa14687f1505146eb6eb5a23bdfac6f1823204d8e7f1a3
results/phase5_causal_specificity/continuation_blocks/affinity_reassigned_p1.0_r14_q0.csv,59698,209fe856837044b5e32ffc039e320dbe8d49da77c3a3d1af215e0f22ca560ea5
results/phase5_causal_specificity/continuation_blocks/affinity_reassigned_p1.0_r14_q1.csv,59518,dfa85cc8206c0c2cdced1d22b7de9a7b0bf265d82c13002cc2319560fb835e28
results/phase5_causal_specificity/continuation_blocks/affinity_reassigned_p1.0_r15_q0.csv,59701,d59057c0a3498ef1dfe7cdd1a05df78f4c3452403b0762b61742a971ee706cc6
results/phase5_causal_specificity/continuation_blocks/affinity_reassigned_p1.0_r15_q1.csv,59624,cd66d84a97fe12656b1a2ddb50165cf768b0e2cfd2aee14997922fd07759d17d
results/phase5_causal_specificity/continuation_blocks/affinity_reassigned_p1.0_r16_q0.csv,59569,8658f00cd16002501f7f911eb9664b277c6c1032ec05bdad901e2b7a8bb03e01
results/phase5_causal_specificity/continuation_blocks/affinity_reassigned_p1.0_r16_q1.csv,59666,5b0721e427959c1e9d81949de45ce1048ab94750cbe117cfae11fe607facad45
results/phase5_causal_specificity/continuation_blocks/affinity_reassigned_p1.0_r17_q0.csv,59468,89461fbb7ebea5fab134f99c4a5b409e212121428b46a375e0de470583b54929
results/phase5_causal_specificity/continuation_blocks/affinity_reassigned_p1.0_r17_q1.csv,59408,b04ad9f6ad308738839a39ec5136718fb9240c76d850f7479e87f2663f68b3b9
results/phase5_causal_specificity/continuation_blocks/affinity_reassigned_p1.0_r18_q0.csv,59494,b43578cd4e162949d2648328e0461ef9c50f3e65376e021148647cfef6bf396b
results/phase5_causal_specificity/continuation_blocks/affinity_reassigned_p1.0_r18_q1.csv,59627,b55dcc903f8dadf06b4879007cbc8647ee8af75fb1b61e425ca75eaf89d0013e
results/phase5_causal_specificity/continuation_blocks/affinity_reassigned_p1.0_r19_q0.csv,59610,ac86575e2b8cf1b85668bf8834c53aa473541f647a9d1635c292adc636457889
results/phase5_causal_specificity/continuation_blocks/affinity_reassigned_p1.0_r19_q1.csv,59566,6616e09e96916e4eeb0756f4d43e97aa609c91450a8c6ce5fe074f433e6f59a5
results/phase5_causal_specificity/continuation_blocks/alternative_a_cross_b_p1.0_r00.csv,60047,31f23240efbf9fa1eaa0bd1cdba1659442958117adcf5704dd1b3aac4a807cb8
results/phase5_causal_specificity/continuation_blocks/alternative_a_cross_b_p1.0_r01.csv,60039,4b45a567b62a5aed953fd39d4519f8bdc4858bf9f2081f44671f57494071b242
results/phase5_causal_specificity/continuation_blocks/alternative_a_cross_b_p1.0_r02.csv,60036,df727507247ffefd3985679ba410b039c6bd11f3649141b0e14b9a4c229f52ca
results/phase5_causal_specificity/continuation_blocks/alternative_a_cross_b_p1.0_r03.csv,60050,0eea7c2a87c4dc550aaa42d95c353830839dcc5452e389374b1667d7a838d776
results/phase5_causal_specificity/continuation_blocks/alternative_a_cross_b_p1.0_r04.csv,59778,bf4e6fd32afb8f1f8ff5fd862173cd4ca1549e77069c52fa8ed883d8e8c8ed16
results/phase5_causal_specificity/continuation_blocks/alternative_a_cross_b_p1.0_r05.csv,60009,a47ee65cdd1367f8026589c93bcf6a640828286495322ab88b18df7d91b6c67f
results/phase5_causal_specificity/continuation_blocks/alternative_a_cross_b_p1.0_r06.csv,60024,5ae00536ec397d170e875016f0e7c33eb1b3ad46b16201a04cbd1b5e1eabeab4
results/phase5_causal_specificity/continuation_blocks/alternative_a_cross_b_p1.0_r07.csv,60093,27eefca857fc86b32e939c0c7b6f0afad7dbb95107abb942455f9598a46fa96a
results/phase5_causal_specificity/continuation_blocks/alternative_a_cross_b_p1.0_r08.csv,59856,2803fc91922a472f2cf7b2e264fd18cf7a448052bc40ea2542c1a308c06fa5d7
results/phase5_causal_specificity/continuation_blocks/alternative_a_cross_b_p1.0_r09.csv,60192,3bd8f6f4f6103e1f4f6c18bc86b1dea68457127f458bfec0ae0aa0a04ce7d266
results/phase5_causal_specificity/continuation_blocks/alternative_a_cross_b_p1.0_r10.csv,60036,df89fd3cbf9f1e78421531cb84f8f27c069dc40e50d1590b358f2eb07cbaaec0
results/phase5_causal_specificity/continuation_blocks/alternative_a_cross_b_p1.0_r11.csv,60183,45b65c393e2b0eb32c04547f38a0e427221ffbc72d7860fcd77a103fb0c72bcd
results/phase5_causal_specificity/continuation_blocks/alternative_a_cross_b_p1.0_r12.csv,60052,42dba22d7da96866d884e58751502f54dac60a74dc273dd1df3802d57b86e913
results/phase5_causal_specificity/continuation_blocks/alternative_a_cross_b_p1.0_r13.csv,59987,452690e5f5a2b65141aa88ef4c65f4c815cb579358bf5eccc4533dfd6ab6b837
results/phase5_causal_specificity/continuation_blocks/alternative_a_cross_b_p1.0_r14.csv,60052,27b22bd9a9ad5ff98cf7e37233e2f1b8741a85be9b03d47499496bcc4427407f
results/phase5_causal_specificity/continuation_blocks/alternative_a_cross_b_p1.0_r15.csv,59862,4e4c97bd1a428751d3f02410edd58564f566b2d0c2976f98cdb7be768ebf9f7a
results/phase5_causal_specificity/continuation_blocks/alternative_a_cross_b_p1.0_r16.csv,60199,881ef240b7dd1fae7490ddab4df63862dd86b9091f7d910c8247ae119bf2f744
results/phase5_causal_specificity/continuation_blocks/alternative_a_cross_b_p1.0_r17.csv,60053,0db9e95772195d87c18bb87b61e72ae9678973d2b7384d98bd8ffb413694935e
results/phase5_causal_specificity/continuation_blocks/alternative_a_cross_b_p1.0_r18.csv,60063,885f323bc0533465aae25b9139febab902e6f98ad4a6eb3fe98714f393ad7d28
results/phase5_causal_specificity/continuation_blocks/alternative_a_cross_b_p1.0_r19.csv,60127,01c47dd2f46099fae3f607274de2dfe881f686b90838f7b77cb51edaa8631d55
results/phase5_causal_specificity/continuation_blocks/alternative_a_native_p1.0_r00.csv,59878,aaedcdc43fb57c4ea05ff053267bad3a72b4fa4e9e824cd985c939add84f667b
results/phase5_causal_specificity/continuation_blocks/alternative_a_native_p1.0_r01.csv,59822,97d9f09f85e26db9f5bef49ab644bb6f2b24f0773480e68705cee7d8fa7ffdb1
results/phase5_causal_specificity/continuation_blocks/alternative_a_native_p1.0_r02.csv,59871,bd17996614faaf0f9c4a694c614262f67a63bc5cfb4ea79087180ee160894b6a
results/phase5_causal_specificity/continuation_blocks/alternative_a_native_p1.0_r03.csv,59900,60f83489712ae5859382ec0001768b90293e73fe6a4421217ce5fd8e57eac5c2
results/phase5_causal_specificity/continuation_blocks/alternative_a_native_p1.0_r04.csv,59547,abf1626b9455b22ab21e4f97c96773bebbd1dc01c4ca4ef8670ba3da68485ad5
results/phase5_causal_specificity/continuation_blocks/alternative_a_native_p1.0_r05.csv,59770,df3cf8f1a039e898fc87401280bbde6f3b77a6af9522eb64222c2ee1f0011d4b
results/phase5_causal_specificity/continuation_blocks/alternative_a_native_p1.0_r06.csv,59791,4516d43f32432f03019eb7ffe50017494109d172b557b34e5d68a75d7ebf72e4
results/phase5_causal_specificity/continuation_blocks/alternative_a_native_p1.0_r07.csv,59769,cd8b43df492d52724e22f9540e827898b584af31d786ef2b2d6da19048b8723e
results/phase5_causal_specificity/continuation_blocks/alternative_a_native_p1.0_r08.csv,59808,b6c6578ae2c66efcb2046551dc1164676aa990087e6bc7a18db7bc58f99dde17
results/phase5_causal_specificity/continuation_blocks/alternative_a_native_p1.0_r09.csv,59876,17e4d796c0e797e5323f9d80e9916374763b709c2549463c17ae13d93f455e23
results/phase5_causal_specificity/continuation_blocks/alternative_a_native_p1.0_r10.csv,59804,d7cca79a3c8bcb2ecf785bb170d5e660f77638ca1c633695301bfe4fd5195762
results/phase5_causal_specificity/continuation_blocks/alternative_a_native_p1.0_r11.csv,59768,72b841223fed0f0aae28fa1298d553f2ec1b6a6882e2e2410aa8cc19dd40fa52
results/phase5_causal_specificity/continuation_blocks/alternative_a_native_p1.0_r12.csv,59828,b85196f52eb4830d80e28e99a7459e5a8f2b20fd27fa90177f0f80ae22897282
results/phase5_causal_specificity/continuation_blocks/alternative_a_native_p1.0_r13.csv,59895,700fb11c4feb273c69bc07880eb037dd4c1d452dda9f9bbe2229b35c1c0f92c3
results/phase5_causal_specificity/continuation_blocks/alternative_a_native_p1.0_r14.csv,59877,2abe80a096758ef1fb63953c9de90bcc6184391a452e8889ead63c0e5d5ef2c1
results/phase5_causal_specificity/continuation_blocks/alternative_a_native_p1.0_r15.csv,59727,2687ca9bc48ca484898baba73fcf43ff35f393a96f9c03f9436373dda74b4921
results/phase5_causal_specificity/continuation_blocks/alternative_a_native_p1.0_r16.csv,59791,b039dbd9b220100bd4f7db2ac9d3a96e4093c6ed256f48b23d79a83457170dc1
results/phase5_causal_specificity/continuation_blocks/alternative_a_native_p1.0_r17.csv,59790,21037c0fb1d2571e7f0778b504d04d634ac62107091fd533012f434039d6e09d
results/phase5_causal_specificity/continuation_blocks/alternative_a_native_p1.0_r18.csv,59952,d535a6167fbcfcd843719a37810325a243aa2e6007f218da4714fe3d42fecb45
results/phase5_causal_specificity/continuation_blocks/alternative_a_native_p1.0_r19.csv,59827,86073f5ca7f410096a5fa482bde20f20166fa4e255b92cb2a2858cb0d56392ee
results/phase5_causal_specificity/continuation_blocks/alternative_b_cross_a_p1.0_r00.csv,60073,ff811adac53d9a9b0afa67ded91bbdc4f17730d9730258988eb7553fd0f58a26
results/phase5_causal_specificity/continuation_blocks/alternative_b_cross_a_p1.0_r01.csv,59979,16f65e5b913542e7e7edaa9282b41539a8fcad9176d81823cab746efcc866f7c
results/phase5_causal_specificity/continuation_blocks/alternative_b_cross_a_p1.0_r02.csv,59791,4aa56e98493315bd744e5a4c18c1c6c17b4befb0359afdd56e9ca5701ff76a84
results/phase5_causal_specificity/continuation_blocks/alternative_b_cross_a_p1.0_r03.csv,59989,283f0048e8fe33c7afbac53e880475c01c3a10b72cf75d67f368d7d6fbc68344
results/phase5_causal_specificity/continuation_blocks/alternative_b_cross_a_p1.0_r04.csv,59897,5fab1fee1c609b854d0b243e4d25a7e9780bd0fd4e392c341f2aa9dbebfd2b05
results/phase5_causal_specificity/continuation_blocks/alternative_b_cross_a_p1.0_r05.csv,60083,a0ff8ec344541b5f78ba9e9dd22b69dd076a854ef5e9be55fd21744a8bb96fc3
results/phase5_causal_specificity/continuation_blocks/alternative_b_cross_a_p1.0_r06.csv,60045,b892aa4c05e63a1ea49f0a35182d7bacea9bd97ec4ad5b39db557fab8c879af5
results/phase5_causal_specificity/continuation_blocks/alternative_b_cross_a_p1.0_r07.csv,60200,a372c40c2977de393399182450ba1ae9332f92cd46eb9ad3df968205361eb672
results/phase5_causal_specificity/continuation_blocks/alternative_b_cross_a_p1.0_r08.csv,59887,63e0af3094e5b3b8de6e514d601f1c427912264733d8f0a1fdbc128fdf8873a8
results/phase5_causal_specificity/continuation_blocks/alternative_b_cross_a_p1.0_r09.csv,60008,56d4c5713ce15f1f5463a8e66e12fcbb2a533b27b5e7bb64a1689f5ec07b2861
results/phase5_causal_specificity/continuation_blocks/alternative_b_cross_a_p1.0_r10.csv,60058,cddca8973c9296f8ddaf5c39d448c2317aed9c7c2fee3fd507b125d946ff606b
results/phase5_causal_specificity/continuation_blocks/alternative_b_cross_a_p1.0_r11.csv,60055,84154a7673a73e612b8f6cc5166c88add6ee4949a8311aac981feb9aef489daa
results/phase5_causal_specificity/continuation_blocks/alternative_b_cross_a_p1.0_r12.csv,60063,626048d3429e0c22c7e92ccd43c18a05838d6373ea328c329e121ffdb3c4e7d4
results/phase5_causal_specificity/continuation_blocks/alternative_b_cross_a_p1.0_r13.csv,60048,53899a6b395af1caac37419ebbfd947d2868b0feaaa4626c211463e07dc6762d
results/phase5_causal_specificity/continuation_blocks/alternative_b_cross_a_p1.0_r14.csv,59888,810f9b9df88be8f4977da7e7f9cabfd5702bcc00e73c85a8205c63d74f25cecc
results/phase5_causal_specificity/continuation_blocks/alternative_b_cross_a_p1.0_r15.csv,60169,8e27e3c3685452e5cde67cfd77532fec0f0ed5c7ce65571cc09fdc78acd4006d
results/phase5_causal_specificity/continuation_blocks/alternative_b_cross_a_p1.0_r16.csv,60020,de841aa50b3908ebaa492d6a28d1e6bdfb9cd2b8b4f1c8926a3ec3ab294876ce
results/phase5_causal_specificity/continuation_blocks/alternative_b_cross_a_p1.0_r17.csv,60107,b4470fc3d3124c46cd3f1914a9c756fb85ec4859e31a312100a68790abc57ade
results/phase5_causal_specificity/continuation_blocks/alternative_b_cross_a_p1.0_r18.csv,60087,e6c5dfb2103b6da72bb1c59177bdb7dd73e6ec233d84be4b30b7fe9435ae1dc4
results/phase5_causal_specificity/continuation_blocks/alternative_b_cross_a_p1.0_r19.csv,60059,1a94f13815be0f5c84e0d8455b78f241cebe889b42ca2c7a2eab8d754577b3ac
results/phase5_causal_specificity/continuation_blocks/alternative_b_native_p1.0_r00.csv,59740,6d7b6b84fc2408f9736a407dce2bcbcd366c97332c011afbf702c587f2423a98
results/phase5_causal_specificity/continuation_blocks/alternative_b_native_p1.0_r01.csv,59949,42238639b69592ec9d2cde9aa2643cbcbad9b695acdb4cb91bb7f248ee57772e
results/phase5_causal_specificity/continuation_blocks/alternative_b_native_p1.0_r02.csv,59814,8617ff9ffccf4d0ab6b203a7c6b1b56aa0684a28bb3ce8f738befcdd652b19c8
results/phase5_causal_specificity/continuation_blocks/alternative_b_native_p1.0_r03.csv,59775,e923155aad60360e3064d6c93deb6429683659757f08adb673786df1a578566d
results/phase5_causal_specificity/continuation_blocks/alternative_b_native_p1.0_r04.csv,59765,7ec7d09098b11c6bde4188b04ccdde45aef4c8cf92c1afc0ce6ac1ba4c7fd2db
results/phase5_causal_specificity/continuation_blocks/alternative_b_native_p1.0_r05.csv,59782,ebf76e9e0a54cd82b946a7a62da974540e010096e7ade1913be0a84c3ecf6dd0
results/phase5_causal_specificity/continuation_blocks/alternative_b_native_p1.0_r06.csv,59751,a918a3bf20a082b51963745f3bc7e976ac515144f208163cc28d5c28c249b37d
results/phase5_causal_specificity/continuation_blocks/alternative_b_native_p1.0_r07.csv,59819,3fecb3bf38c94163bcece8391e08172a7cfe344a59d4c8011d796d7c003046e4
results/phase5_causal_specificity/continuation_blocks/alternative_b_native_p1.0_r08.csv,59902,15a1108b81c0487cf16a753de5bb975f5fde8e65e6a2f0959e0995515c2022a3
results/phase5_causal_specificity/continuation_blocks/alternative_b_native_p1.0_r09.csv,59596,55634963269a295e3038b17810185661d78c02ef87e9eff8250e4530fb00b481
results/phase5_causal_specificity/continuation_blocks/alternative_b_native_p1.0_r10.csv,59896,9f06049c167a6446f3fac8079c727ba734860f36c2c91963a9ebfdc97366b3ed
results/phase5_causal_specificity/continuation_blocks/alternative_b_native_p1.0_r11.csv,59817,4375d1ce74b6b744b2a422f4aa5ae723729b17145805f0ff3829a60ea82f72ff
results/phase5_causal_specificity/continuation_blocks/alternative_b_native_p1.0_r12.csv,59849,4694c657817d773128986cc6c85ac868e339766b29303a31679f5184abc0822d
results/phase5_causal_specificity/continuation_blocks/alternative_b_native_p1.0_r13.csv,59877,c628e097aeb785d7a813c5c5316de64ccd8888e8468bde38e70485408c59242d
results/phase5_causal_specificity/continuation_blocks/alternative_b_native_p1.0_r14.csv,59739,0af42d80def93a207cac2d21fbb5388d5a88ba731a1e5c5462fa49818474ec07
results/phase5_causal_specificity/continuation_blocks/alternative_b_native_p1.0_r15.csv,59890,2586bc96641741ebb9ea9fcfcc0891b4bed14a8e1a007dafaa893ef6334934c9
results/phase5_causal_specificity/continuation_blocks/alternative_b_native_p1.0_r16.csv,59935,3506a55db207f496cba2baa27db2bfe9c7da5fdcfa996e26c8ac9555f5ed7e1a
results/phase5_causal_specificity/continuation_blocks/alternative_b_native_p1.0_r17.csv,59914,e33f20283848c1c039f2fc5c0c9d8a163a493e493765f6bac9702d352fc299ee
results/phase5_causal_specificity/continuation_blocks/alternative_b_native_p1.0_r18.csv,59786,3f52033450c5052579f639d1dcb90a3a1f4f2f6466e1b48fe13783a90fe5f676
results/phase5_causal_specificity/continuation_blocks/alternative_b_native_p1.0_r19.csv,59731,9443eb41868b17a9de020f85654ffbb82ed7b531442fae3113539c4e07079790
results/phase5_causal_specificity/continuation_blocks/selection_neutral_p1.0_r00.csv,59427,3ba7087d156c42870ca4ea756b3b92d34578923b8de87c82da912fa6cedf2ae6
results/phase5_causal_specificity/continuation_blocks/selection_neutral_p1.0_r01.csv,59558,90478e76ec3046b0176e6aac6b079e4ca06e30ac9a5a2446d61163bbe5ba0b1d
results/phase5_causal_specificity/continuation_blocks/selection_neutral_p1.0_r02.csv,59560,b6b61ee43606a915d43ea35d59744f121df1e14ff31121b2fd8adfbfd25ff932
results/phase5_causal_specificity/continuation_blocks/selection_neutral_p1.0_r03.csv,59424,89b619f5a5bb2f7f8c73b8a629050eb636183c89ea5040f1aa2871e75d3c6957
results/phase5_causal_specificity/continuation_blocks/selection_neutral_p1.0_r04.csv,59406,4ecdc61ec9dd780b217cf8473876d9705f173094982f18ef59473f6f1127e8ac
results/phase5_causal_specificity/continuation_blocks/selection_neutral_p1.0_r05.csv,59481,3dc4f7a288d99c719f81fc2bce40021530c1f606a7cde6f77c2ec0b0807645b1
results/phase5_causal_specificity/continuation_blocks/selection_neutral_p1.0_r06.csv,59506,0d2ea1b0b979fb72dd11d6e0cbe3e2eae889241eede71cfac83e11a46a7592ca
results/phase5_causal_specificity/continuation_blocks/selection_neutral_p1.0_r07.csv,59487,db81d1bd41ec15fc05b05701ed949abfd7c861117fc66713bf04f27026637cef
results/phase5_causal_specificity/continuation_blocks/selection_neutral_p1.0_r08.csv,59350,f98d3c5310701715cb3c1d367b0642188da98e5b8b0af497666e5ebd756b00c1
results/phase5_causal_specificity/continuation_blocks/selection_neutral_p1.0_r09.csv,59469,82132022c263128c45160de6de6b01d9ad28cd0cb99adc4f16e451d9689ae197
results/phase5_causal_specificity/continuation_blocks/selection_neutral_p1.0_r10.csv,59480,c56e792aedf8647944bf31465ab6d5f515b4397a52eb35a0ec94572d98c01093
results/phase5_causal_specificity/continuation_blocks/selection_neutral_p1.0_r11.csv,59443,a1636226c109b822aab0fa063c8bfbc37dadf614f0902a2c97caaf2be128e2be
results/phase5_causal_specificity/continuation_blocks/selection_neutral_p1.0_r12.csv,59437,2cfa0f1cb8c7e595a4bd4ca636f9442f04a45cc65fc0e906abbbb82daf1bee3f
results/phase5_causal_specificity/continuation_blocks/selection_neutral_p1.0_r13.csv,59472,c8fdb6279c35a9372b6b9a279a0cafd781effc0eee243a2047264eab163c5fef
results/phase5_causal_specificity/continuation_blocks/selection_neutral_p1.0_r14.csv,59558,7a4ddf4005df9cb10695fe77565a07663daddbf3e69b447f59f80422be3ee13f
results/phase5_causal_specificity/continuation_blocks/selection_neutral_p1.0_r15.csv,59486,faebafcb22368f97d57f9d5f124151ae3e9c96d9cfc884394981a62e36a52a72
results/phase5_causal_specificity/continuation_blocks/selection_neutral_p1.0_r16.csv,59531,96c4f15f47320fbcbc8c6d632660d7fa2d08095f0386836c2345ab4039d4e927
results/phase5_causal_specificity/continuation_blocks/selection_neutral_p1.0_r17.csv,59474,697feecb5773fb7ef19d6c5963f9aa8480f3b8991e6f549e6e7444df2eb3b20f
results/phase5_causal_specificity/continuation_blocks/selection_neutral_p1.0_r18.csv,59518,34aa332547bbc6520d8fb26bcd686e651d73e84250ff9711d7f72a0f33fb43df
results/phase5_causal_specificity/continuation_blocks/selection_neutral_p1.0_r19.csv,59538,e52875f691f3f871036425b1c5addab02f5952e25b9b7d839dc17a02c8a9c058
results/phase5_causal_specificity/continuation_blocks/selection_reduced_p1.0_r00.csv,59608,dbeac31f7776d29bae8223ee684b48bb150b8314ba7e8709a7c5928378c4ec09
results/phase5_causal_specificity/continuation_blocks/selection_reduced_p1.0_r01.csv,59604,61e9d724b0f776ee0ea6f2a197864f7dcf9d732d36390637f9fa88f945931e52
results/phase5_causal_specificity/continuation_blocks/selection_reduced_p1.0_r02.csv,59516,4cdd9e2a6429f36c5a593b269d59963236984d1347974486e17b97c6833ecca2
results/phase5_causal_specificity/continuation_blocks/selection_reduced_p1.0_r03.csv,59676,1ed6302f41d20304e2e0305a8d92fc7d601a22c0d698ae04358de66bf1e02903
results/phase5_causal_specificity/continuation_blocks/selection_reduced_p1.0_r04.csv,59581,8a00376841ac87685ea7302163837891642028f0966316fe560854728440af86
results/phase5_causal_specificity/continuation_blocks/selection_reduced_p1.0_r05.csv,59530,d60e4368e788a07da3e59253120b791758139863d9191a4c61000b31f06b6d5b
results/phase5_causal_specificity/continuation_blocks/selection_reduced_p1.0_r06.csv,59510,61e3e03f10b183ffd4e8d13d742fb7d868aba2cfdb9cc1bef6adc7dab5dea1e1
results/phase5_causal_specificity/continuation_blocks/selection_reduced_p1.0_r07.csv,59523,b20f34371f4b1a2099732d6d080aa446af3a3466990166dddf6b9bee4a057345
results/phase5_causal_specificity/continuation_blocks/selection_reduced_p1.0_r08.csv,59521,f13cde5b57ceaf4e7c11cee2e3770acc6c3b63f6bbefa16edb7935859b34fa4d
results/phase5_causal_specificity/continuation_blocks/selection_reduced_p1.0_r09.csv,59703,06fa8196ab2859164a0b0b51b2e1d55303db8028ddb6fc5fab21cd5640b5b92f
results/phase5_causal_specificity/continuation_blocks/selection_reduced_p1.0_r10.csv,59584,a534e8a7916d885705adb88f718ceb197aa81a7c4612113974afcf94a54f73a9
results/phase5_causal_specificity/continuation_blocks/selection_reduced_p1.0_r11.csv,59514,fa25c242af0dd3f229f23aeacb84255a17ef9f29e55b900a89844904db0ae909
results/phase5_causal_specificity/continuation_blocks/selection_reduced_p1.0_r12.csv,59555,a9a3dd5ecd1cfa7a1795d7f9b94c2c3907e210224e40f9181c4f95fb12155ab0
results/phase5_causal_specificity/continuation_blocks/selection_reduced_p1.0_r13.csv,59553,085aea34dab8d91152e8f8c792999b5b9590789ef5538e92f216621728b7f880
results/phase5_causal_specificity/continuation_blocks/selection_reduced_p1.0_r14.csv,59550,856811c35daa08af99d3002de6346cfefebf1dd1487864234023b060ae6d0e4c
results/phase5_causal_specificity/continuation_blocks/selection_reduced_p1.0_r15.csv,59567,6a9312707c263489a98ef2da7c43cea05fa6a87563e94fbebd087a0ab858406b
results/phase5_causal_specificity/continuation_blocks/selection_reduced_p1.0_r16.csv,59505,d1daafc6e21c93065eeb5dc93d3cc4fc49c1641bd03a31cda7b691916e077764
results/phase5_causal_specificity/continuation_blocks/selection_reduced_p1.0_r17.csv,59547,4167244bc440705cc827e1c71f65c6d222e9deb3d9154989cd4a778b3a6765b8
results/phase5_causal_specificity/continuation_blocks/selection_reduced_p1.0_r18.csv,59547,e7e17b22e4544138c0324f7bd8baacf9475d9d26be24c3301353df0b02d1b6cf
results/phase5_causal_specificity/continuation_blocks/selection_reduced_p1.0_r19.csv,59674,a9e7b93a459d61ce57117aaa154904e14f6a724a5d2f3af0f05ff86e1c5ca49e
results/phase5_causal_specificity/continuation_blocks/temporally_unstable_p1.0_r00.csv,60580,0e52f1499a0b0e6c53ff5674fb8db29f79c907fe456a5058e5400f3a0dcc753c
results/phase5_causal_specificity/continuation_blocks/temporally_unstable_p1.0_r01.csv,60587,553707dafee04fbb89c66c6dfeac09540836838f8b9feefa34c392514201d984
results/phase5_causal_specificity/continuation_blocks/temporally_unstable_p1.0_r02.csv,60607,1527b9355f44e998a31ef9330fee72039896dc29d997d3a8ed554b0f4d3480e4
results/phase5_causal_specificity/continuation_blocks/temporally_unstable_p1.0_r03.csv,60521,f015b6d8f7ea2635c28f3b59939066f2d0eeffe004aecbab0d562bc2ef7a5a67
results/phase5_causal_specificity/continuation_blocks/temporally_unstable_p1.0_r04.csv,60660,b2246f5cc1a0c0d826897590dd608b76c343cde50e3d5ca045f77dc3c67d352b
results/phase5_causal_specificity/continuation_blocks/temporally_unstable_p1.0_r05.csv,60613,66be8e6061198ab4245408946d8fc8cb0ad9269b5832ddf64a7fe0e903713359
results/phase5_causal_specificity/continuation_blocks/temporally_unstable_p1.0_r06.csv,60501,96993082a4e13f18f1e3e9c3a42fc8ce4331319cf64fbdaf7128fdd020ec0c74
results/phase5_causal_specificity/continuation_blocks/temporally_unstable_p1.0_r07.csv,60602,fd67b2e9f0146ed25ca89d7ff76b515bcdb48d5e123e4c4e80fa13521d079c39
results/phase5_causal_specificity/continuation_blocks/temporally_unstable_p1.0_r08.csv,60541,9958e15215c85d933e58be004dc306228279efb1910e1ffe0631f98d386eebaf
results/phase5_causal_specificity/continuation_blocks/temporally_unstable_p1.0_r09.csv,60614,26a6f7e69479a5f937b37c9d3dd14dedd5da6f3889437f8af0a717d4a55841f4
results/phase5_causal_specificity/continuation_blocks/temporally_unstable_p1.0_r10.csv,60751,54c50b80b117f4bf30e88b342397c14d79169d60af432e215fbfff4d1098eb76
results/phase5_causal_specificity/continuation_blocks/temporally_unstable_p1.0_r11.csv,60534,7c6452aa4f221b7762fc54f568b2c72813b3aaf5d33543d099d0bf8b72fb6543
results/phase5_causal_specificity/continuation_blocks/temporally_unstable_p1.0_r12.csv,60625,948e35baca68af935dae3845ac42169ac017676c2089b506f894b21607932143
results/phase5_causal_specificity/continuation_blocks/temporally_unstable_p1.0_r13.csv,60618,599a9b20d871a27825cfbe9a26204b55b207dd4e2c2a625313c2ba29633c972f
results/phase5_causal_specificity/continuation_blocks/temporally_unstable_p1.0_r14.csv,60636,c50b27d24d15e21a3da4878a1740b82ff8d0dc7cae7c71516171b078b87e8be7
results/phase5_causal_specificity/continuation_blocks/temporally_unstable_p1.0_r15.csv,60750,c22d46f22589ce6dc3234693e0af4d70c18d5b2d0a9603eb9d365b26cc22b03a
results/phase5_causal_specificity/continuation_blocks/temporally_unstable_p1.0_r16.csv,60633,51aff65cd2c6f08eaae1a74dcbb13e4ae896acb7fba74c6ee57bdb1665215201
results/phase5_causal_specificity/continuation_blocks/temporally_unstable_p1.0_r17.csv,60551,accff43140a93899510a93bc714dde0c4e28306ca435cac67a33ca094036da32
results/phase5_causal_specificity/continuation_blocks/temporally_unstable_p1.0_r18.csv,60649,de28ea20f8ef3e9ff7bd5a6bac71ab1ed651d9545db71d94c7bdbaa92eb09d9b
results/phase5_causal_specificity/continuation_blocks/temporally_unstable_p1.0_r19.csv,60666,a0dd788e3fe6ed5af9e2ed4e2d5f7faa348370ab4bf3f4b238e06780ec6c338c
results/phase5_causal_specificity/continuation_blocks/topology_mismatch_p1.0_r00_q0.csv,59044,a0682c5b2b5edbefd6b580a53300ff531c0dc21d16cdb1135d2ad08172aa8141
results/phase5_causal_specificity/continuation_blocks/topology_mismatch_p1.0_r00_q1.csv,59029,b6b7ae80828eec6b14934d6b102019e7e2dfd262406664a673ddd4014851aa3e
results/phase5_causal_specificity/continuation_blocks/topology_mismatch_p1.0_r01_q0.csv,59116,4530555c519d80bd16d3530d752e3cc0a0e2c091826ebf64db2ed0063517551c
results/phase5_causal_specificity/continuation_blocks/topology_mismatch_p1.0_r01_q1.csv,59041,e73fe2284e50e3688d3c3461be5d4760339da6428ed12d929cf58889e92969e9
results/phase5_causal_specificity/continuation_blocks/topology_mismatch_p1.0_r02_q0.csv,59205,68b23cc4db1a28b7586aaeb1bc235e74ab1243b32be5a4282eabad050027d70a
results/phase5_causal_specificity/continuation_blocks/topology_mismatch_p1.0_r02_q1.csv,59069,9d3a884e268dbc215cebc464383888c88dea4fec39a4bd8bb82fb45eaf64fbdb
results/phase5_causal_specificity/continuation_blocks/topology_mismatch_p1.0_r03_q0.csv,59128,8b430371630406e07452f3fa03a8ec98babec47b29a470948281621fcf9c741a
results/phase5_causal_specificity/continuation_blocks/topology_mismatch_p1.0_r03_q1.csv,59132,b6c20531b21c7b464244892517c91b81643f84b2e371bb39429ca618a21f3f67
results/phase5_causal_specificity/continuation_blocks/topology_mismatch_p1.0_r04_q0.csv,58975,40bfb2a0f1eaf8f8e2160736190c765323d069e678e709f98e5b31f01a97276c
results/phase5_causal_specificity/continuation_blocks/topology_mismatch_p1.0_r04_q1.csv,59057,f210a99620382a50cb81697fbaab3b5b6de85cea8f546c7fa71c55c2c82911c1
results/phase5_causal_specificity/continuation_blocks/topology_mismatch_p1.0_r05_q0.csv,59134,3fc2a39330141e91bc509a131b0f1d3bfdd6a4f59b4209872df6835859581558
results/phase5_causal_specificity/continuation_blocks/topology_mismatch_p1.0_r05_q1.csv,59079,0d52ed298303ca700edb970d81735ee369eacd52dac83574be33097aeca4da75
results/phase5_causal_specificity/continuation_blocks/topology_mismatch_p1.0_r06_q0.csv,59088,dda012f658b3c35499e6d5c654b673cca50b94e9462913722f6c34fc624f5540
results/phase5_causal_specificity/continuation_blocks/topology_mismatch_p1.0_r06_q1.csv,59145,f09f99f40729b122c6180d7ef31276b9ab9514a05d729cc4fd4fd5b896f2a798
results/phase5_causal_specificity/continuation_blocks/topology_mismatch_p1.0_r07_q0.csv,59247,2e7959c09c6e47d62587341539495368cacc004abc8bd53480ab84ef4632bc55
results/phase5_causal_specificity/continuation_blocks/topology_mismatch_p1.0_r07_q1.csv,59002,25a4fc229b7b8cd2f45634d15671accfbe583b842d27ffe6ab57062ab727178d
results/phase5_causal_specificity/continuation_blocks/topology_mismatch_p1.0_r08_q0.csv,58985,5eed6360458d7379069bb452e8cf343ec59b6d1432475875750021950cdd947c
results/phase5_causal_specificity/continuation_blocks/topology_mismatch_p1.0_r08_q1.csv,59041,1add036b0b0f9bef1775977dc4bc9f18da5a693fdf5f5ff275646ffb66ef01e6
results/phase5_causal_specificity/continuation_blocks/topology_mismatch_p1.0_r09_q0.csv,59146,0f3136bee2a5add2c16ef0751f898782a7625645767f339df44c249835e2c30a
results/phase5_causal_specificity/continuation_blocks/topology_mismatch_p1.0_r09_q1.csv,59092,ad14d46cac084f4f7c3af870b395cd7fb015dc778643b1a58890737327ba73b5
results/phase5_causal_specificity/continuation_blocks/topology_mismatch_p1.0_r10_q0.csv,59290,46a4ec956dda714df5a8d47f26f1d54279233f704fbf02872188ca19f0469d42
results/phase5_causal_specificity/continuation_blocks/topology_mismatch_p1.0_r10_q1.csv,59168,bcef696632a864ea14d704460e0b6356ebe5ee06886b94e0099e90cb6c05aeff
results/phase5_causal_specificity/continuation_blocks/topology_mismatch_p1.0_r11_q0.csv,59204,e90076307bb5aa7c5d95eddb5bd559361fddbf0af1fa093d7cc02debd0876036
results/phase5_causal_specificity/continuation_blocks/topology_mismatch_p1.0_r11_q1.csv,59323,8730f61cfb24802a5ee1992121355e7d09e38045a8127a95271ae01d6ad52ec6
results/phase5_causal_specificity/continuation_blocks/topology_mismatch_p1.0_r12_q0.csv,59150,76479663228ead47bf4c4c73bbecd33991e4f684277ad0e211b4e9d6099b42b7
results/phase5_causal_specificity/continuation_blocks/topology_mismatch_p1.0_r12_q1.csv,59081,8d50e187c5700443ac6ba73753abbeef739f61f4457d1f2996122855b7ffd178
results/phase5_causal_specificity/continuation_blocks/topology_mismatch_p1.0_r13_q0.csv,59029,a27dce3991459fe59b2ea7e74db3c2955d78d8a7b3f26feaa2bd7b9594de0c5c
results/phase5_causal_specificity/continuation_blocks/topology_mismatch_p1.0_r13_q1.csv,59020,74373876dc5769d6c4496caaa267463b8179cc70f3ff42cfd622e99bfd4a77aa
results/phase5_causal_specificity/continuation_blocks/topology_mismatch_p1.0_r14_q0.csv,59253,a0a0232c679dfa284a5d5af2eee6ebb673c84f0a659c015c5dda2a2ffeff341e
results/phase5_causal_specificity/continuation_blocks/topology_mismatch_p1.0_r14_q1.csv,59080,36b9958e62791f1dd11424b9e74275d19015c43e6299c48103cdc116deffb363
results/phase5_causal_specificity/continuation_blocks/topology_mismatch_p1.0_r15_q0.csv,59098,dd08baaa6620640a5a7001735c7afe2cbc89c8cab2effd61bfa126bbbff754d7
results/phase5_causal_specificity/continuation_blocks/topology_mismatch_p1.0_r15_q1.csv,59228,3983306d7eeba26ea42f1adc055dbe1d171e9c98174d8261c64f540109ba559f
results/phase5_causal_specificity/continuation_blocks/topology_mismatch_p1.0_r16_q0.csv,59100,4cf109842fc82c46ddcb687bfe5591e813844d6d886c7c7ea1f2c17a3d5717a2
results/phase5_causal_specificity/continuation_blocks/topology_mismatch_p1.0_r16_q1.csv,59189,657782dd6632a86bf0a2d049f6bcf47ed946b0f9006016dd5aee8a5b34343e34
results/phase5_causal_specificity/continuation_blocks/topology_mismatch_p1.0_r17_q0.csv,59167,d508b9885d66d055e5b668f40c8daf8138d35ff829d75ef05b17d9f54afcc9c4
results/phase5_causal_specificity/continuation_blocks/topology_mismatch_p1.0_r17_q1.csv,59106,b63b9e6bad181535dafa58f486c2e37cabf1e5f5ea651c2bb2fd5ae81e2f70d5
results/phase5_causal_specificity/continuation_blocks/topology_mismatch_p1.0_r18_q0.csv,59173,d284c53c7269205a063f590163ac4f3a1f37ed9fe13f43ba1a23951df2fa7412
results/phase5_causal_specificity/continuation_blocks/topology_mismatch_p1.0_r18_q1.csv,59234,8c9d9a87f6b3d75fb0fd00835147c28dc3b9785db8266c919de6671ebb7e7e33
results/phase5_causal_specificity/continuation_blocks/topology_mismatch_p1.0_r19_q0.csv,59127,7e7799dbaff659ce7d239b341ace00f92f3d87e4f390915b83b8e1eae6439437
results/phase5_causal_specificity/continuation_blocks/topology_mismatch_p1.0_r19_q1.csv,59197,e9fae0c9d7592a946cc8d0b5bc42be71ba3a5e0579b7d457b7f92d68f506b6ad
results/phase5_causal_specificity/continuation_level_results.csv,13032380,1df793d58377897f38d3e5d4e366e0691b95861671f891ddddc82fa44aba568a
results/phase5_causal_specificity/control_baseline_information.csv,46115,5e6620b51a47770a315d79c38c037b651957e0654635c2aa0618c608e8d89454
results/phase5_causal_specificity/evaluation_information.csv,35076,074c9777f99212b99f72ec69fd36383cf3701aeb67d7cd8b7e2a02574fc82018
results/phase5_causal_specificity/evaluation_information_blocks/affinity_reassigned_p1.0_r00_q0.csv,468,41ab0766a8576aaa19afe93328aa0f5b8c4ff6ec0a4e68e81c0db5d78daf8936
results/phase5_causal_specificity/evaluation_information_blocks/affinity_reassigned_p1.0_r00_q1.csv,468,c88df3400f7191af6c77c367d0dbaf1bd13dd7fc01a81c20b7f7245062bc6eb7
results/phase5_causal_specificity/evaluation_information_blocks/affinity_reassigned_p1.0_r01_q0.csv,468,95100bca9e297ebdcacc59a495992158874d343bbb5d73777b03b29a6d8d15b2
results/phase5_causal_specificity/evaluation_information_blocks/affinity_reassigned_p1.0_r01_q1.csv,469,fa38a61e1ef9fe178fea3dfae0b0551af0c33cbc8a0f4c531f93181159cf3c4b
results/phase5_causal_specificity/evaluation_information_blocks/affinity_reassigned_p1.0_r02_q0.csv,469,6823668d85eb437683faceb802a0c57a6b183ca204116b668b6fe6fb3d96b7f1
results/phase5_causal_specificity/evaluation_information_blocks/affinity_reassigned_p1.0_r02_q1.csv,469,aa9d883d76b188be8c0a06a5c4810c6c908d6e39e25809cb365c59619be208a5
results/phase5_causal_specificity/evaluation_information_blocks/affinity_reassigned_p1.0_r03_q0.csv,469,52a700b2901866b0a153f7a6fc0fea967e0d06791131ce41226d17a8afdc3f31
results/phase5_causal_specificity/evaluation_information_blocks/affinity_reassigned_p1.0_r03_q1.csv,469,e8942f8af20ace8d65199e44338b25a6d1fd07ba71ce82939d80e49219eedf2d
results/phase5_causal_specificity/evaluation_information_blocks/affinity_reassigned_p1.0_r04_q0.csv,469,cee550842150647406e6db5d712ce2820a4cad65bac44d5e81aaaa5fcac485a0
results/phase5_causal_specificity/evaluation_information_blocks/affinity_reassigned_p1.0_r04_q1.csv,468,f382c36c7b13b7bb89c83234f5a91c3983030e230562ff95898702e995dbf2f3
results/phase5_causal_specificity/evaluation_information_blocks/affinity_reassigned_p1.0_r05_q0.csv,470,fab3bd0c30eaf65ddf921292244e4ed94e9c0f73539c4f97126a0fabeb0f528a
results/phase5_causal_specificity/evaluation_information_blocks/affinity_reassigned_p1.0_r05_q1.csv,470,83ba3b3081bd0b08837ea4d74bd789e94852a3fa3f98264b26c544668f0d9f06
results/phase5_causal_specificity/evaluation_information_blocks/affinity_reassigned_p1.0_r06_q0.csv,470,b8121b775f83c89a32c9d181752c3c182555cbda74f9f72a37613b8b2cc32593
results/phase5_causal_specificity/evaluation_information_blocks/affinity_reassigned_p1.0_r06_q1.csv,470,7ba45e863e1035c320708f31ab79ba549abdf371c488742d060e7271023169dc
results/phase5_causal_specificity/evaluation_information_blocks/affinity_reassigned_p1.0_r07_q0.csv,469,4ddd4f091fa71c2f6b533bd7aea1db2bd8f2affab18b938071a8f220aaa6cce5
results/phase5_causal_specificity/evaluation_information_blocks/affinity_reassigned_p1.0_r07_q1.csv,468,04cf11debbe39977087a29d7950b3616ceaeccba46bcd03b8677b4583e2f6987
results/phase5_causal_specificity/evaluation_information_blocks/affinity_reassigned_p1.0_r08_q0.csv,470,473e58030af2d0c6cda9a273b1cf9d2896ed11e32a34c3936d8dfc2e697cb742
results/phase5_causal_specificity/evaluation_information_blocks/affinity_reassigned_p1.0_r08_q1.csv,470,c5e47af1a22e8b9254eb97d801610bc646931548e414d5f63a719ef98b482138
results/phase5_causal_specificity/evaluation_information_blocks/affinity_reassigned_p1.0_r09_q0.csv,469,80165a4a80426ecb943c3dbf12311be7927a5b48900c1d5aa87065b6eb639a3e
results/phase5_causal_specificity/evaluation_information_blocks/affinity_reassigned_p1.0_r09_q1.csv,469,d6d9c9f65a186c8c2f00f7e73c42581691727593d3278b7a8eb463867a80b929
results/phase5_causal_specificity/evaluation_information_blocks/affinity_reassigned_p1.0_r10_q0.csv,469,a2b3d650039a4b88b7b7355a756f0b19fa4f1258c0c19bbda4005ec91f479df4
results/phase5_causal_specificity/evaluation_information_blocks/affinity_reassigned_p1.0_r10_q1.csv,470,ddca35b03c7135b2f3cba3a0c540d49cc36e34522e1a46e4c755d7195301a6de
results/phase5_causal_specificity/evaluation_information_blocks/affinity_reassigned_p1.0_r11_q0.csv,469,fc2d5ab97cf17de03640f71491ec135b2b62480a49a8f83fccc97fb96332099a
results/phase5_causal_specificity/evaluation_information_blocks/affinity_reassigned_p1.0_r11_q1.csv,469,922f8274d67b68928ec294b95439e655ab7da4b5abc23d1a7f89777a874ed8ef
results/phase5_causal_specificity/evaluation_information_blocks/affinity_reassigned_p1.0_r12_q0.csv,471,a479a26bc8b85e3d34f3d5a878e3e7b6188fc36becdff4faa317bd3a5f7d3d00
results/phase5_causal_specificity/evaluation_information_blocks/affinity_reassigned_p1.0_r12_q1.csv,470,d7f91d0960d3efdfa5aee57b68e5865ae93753b08d217a8502e2f862167af2cc
results/phase5_causal_specificity/evaluation_information_blocks/affinity_reassigned_p1.0_r13_q0.csv,470,786c122d52d528487d2d18d4b46551a764e818b3841cb6a460e3407929c14251
results/phase5_causal_specificity/evaluation_information_blocks/affinity_reassigned_p1.0_r13_q1.csv,469,16425f2467d74edd17697c2d74fa4bc6978ac4e8267ecda842546ae45b96e9f2
results/phase5_causal_specificity/evaluation_information_blocks/affinity_reassigned_p1.0_r14_q0.csv,469,80118968f061f106b228c8bb0ae43ee6e0eea38d47b53d33dec8e5f46fc43bb3
results/phase5_causal_specificity/evaluation_information_blocks/affinity_reassigned_p1.0_r14_q1.csv,471,0727a88a55b7798056ff29c647e5fad51581320affc064a1023b2e91e1d6b17c
results/phase5_causal_specificity/evaluation_information_blocks/affinity_reassigned_p1.0_r15_q0.csv,470,aaa31ec99f690e20de2f45195377e84b0fadb9ff91e44273ac78bb79fc341cb9
results/phase5_causal_specificity/evaluation_information_blocks/affinity_reassigned_p1.0_r15_q1.csv,468,2884ea1eb2bd71edc4ca0c39ac287d67cfea379ddfa27ef56cacfb21beae189b
results/phase5_causal_specificity/evaluation_information_blocks/affinity_reassigned_p1.0_r16_q0.csv,471,12de7b7d0445d1403849fdf26372d446a00abde1a994830c4e5e2df799847a75
results/phase5_causal_specificity/evaluation_information_blocks/affinity_reassigned_p1.0_r16_q1.csv,470,2152155fe892b0a1433f0e90885150081de7a96a47903cafad1d56d9d4d4453c
results/phase5_causal_specificity/evaluation_information_blocks/affinity_reassigned_p1.0_r17_q0.csv,471,43ef4d5278765874e8441d4e23e9d1077ffbcda5be1c4982f397cbf1058f8c92
results/phase5_causal_specificity/evaluation_information_blocks/affinity_reassigned_p1.0_r17_q1.csv,470,f3a86a29e655d50baf1ee4fe43373643bcf49d8e92400674535d9b66cb517087
results/phase5_causal_specificity/evaluation_information_blocks/affinity_reassigned_p1.0_r18_q0.csv,471,c93433d578126a9198749fc2a76779145a8efcca605a8b9ebdaa974bdbface8a
results/phase5_causal_specificity/evaluation_information_blocks/affinity_reassigned_p1.0_r18_q1.csv,469,3f4ea27cf4a7c75ccefa40bada8304d2c374e6016c3aae72b1ed69c65c1dec60
results/phase5_causal_specificity/evaluation_information_blocks/affinity_reassigned_p1.0_r19_q0.csv,469,3cd5365bafa8ac8d3a056670ce8cccccc1a4bb89e864743a0629ba5cfe4024b2
results/phase5_causal_specificity/evaluation_information_blocks/affinity_reassigned_p1.0_r19_q1.csv,470,ea18a6e1ec51319271b243fd22d6628e35b22c704ec4f1cc3241bccd3104cb39
results/phase5_causal_specificity/evaluation_information_blocks/alternative_a_cross_b_p1.0_r00.csv,390,92e1569b0097894d8bac2d2261ed2bba0daea15c3eaea712b34acf3ea8c62f11
results/phase5_causal_specificity/evaluation_information_blocks/alternative_a_cross_b_p1.0_r01.csv,390,a7b048c04c98de3db1acebd2cee48ccfbdc0fbdf417a258a20c5bbef42850c42
results/phase5_causal_specificity/evaluation_information_blocks/alternative_a_cross_b_p1.0_r02.csv,390,1dac335d51a4c24f8b367876b245333d4f98ab0765ece219035e55b8fa47c3d1
results/phase5_causal_specificity/evaluation_information_blocks/alternative_a_cross_b_p1.0_r03.csv,390,09f96d7bf8dcbb8d2492efdb86589a9c0667c955b62e7612762504cc730f7e9b
results/phase5_causal_specificity/evaluation_information_blocks/alternative_a_cross_b_p1.0_r04.csv,389,07b563483a6af9c22f3344a21eddf8e2cb8911182b02c0d7acca44495fb44bae
results/phase5_causal_specificity/evaluation_information_blocks/alternative_a_cross_b_p1.0_r05.csv,390,b013d6639febece2c032db937b638e852e4e4cd087308995c983d746228aa058
results/phase5_causal_specificity/evaluation_information_blocks/alternative_a_cross_b_p1.0_r06.csv,390,b5e83737b10d54dd8e77497d6b4a73ee4eaafeefa393313fe4b990043bb797f9
results/phase5_causal_specificity/evaluation_information_blocks/alternative_a_cross_b_p1.0_r07.csv,390,89e250fba56b101363cc5a1b517d28712e22fdec272ae2511f7ae265508943c4
results/phase5_causal_specificity/evaluation_information_blocks/alternative_a_cross_b_p1.0_r08.csv,390,fbd9599996fe7b4dddcbf018ce93363731782ae91bccf656771d0824b5c5e482
results/phase5_causal_specificity/evaluation_information_blocks/alternative_a_cross_b_p1.0_r09.csv,390,854c7f6462a552c1a76fa93b42b6fbaf47a07e58f370226f5ae6de6565aad011
results/phase5_causal_specificity/evaluation_information_blocks/alternative_a_cross_b_p1.0_r10.csv,390,5763e60aec4f7fc435f75482de11b133b4f97ccf33f37043121417d2317f1b93
results/phase5_causal_specificity/evaluation_information_blocks/alternative_a_cross_b_p1.0_r11.csv,391,fbaabdbb374de9f0c2d7689280c93888b40e724eecfd09f47dbb5bdf7375d017
results/phase5_causal_specificity/evaluation_information_blocks/alternative_a_cross_b_p1.0_r12.csv,391,3007bcab6ea48aeec0aaa5c5cd9164054377c1c785572149e58a164f5c562002
results/phase5_causal_specificity/evaluation_information_blocks/alternative_a_cross_b_p1.0_r13.csv,391,e70e2d793b843ece5eff497395e7b926720804c50a3081c976eb1edae1321e50
results/phase5_causal_specificity/evaluation_information_blocks/alternative_a_cross_b_p1.0_r14.csv,391,ef50522d7dc54843fa8970fda0c7f34c1cb699bafae7fab2f9712041ca8b7fc8
results/phase5_causal_specificity/evaluation_information_blocks/alternative_a_cross_b_p1.0_r15.csv,390,cf35413a5e393ad1185bae6efdd93e852b2c091c7fc71dd7ae7b95aec82b68f6
results/phase5_causal_specificity/evaluation_information_blocks/alternative_a_cross_b_p1.0_r16.csv,391,9a47ae038dd32ab9e4dcc446d06125435c759c7c12367e1bfde88587580b11c4
results/phase5_causal_specificity/evaluation_information_blocks/alternative_a_cross_b_p1.0_r17.csv,391,0c1e3a7cfeb8ad7a285748f88e7df5f7ec12d068b64a8d904b0fd314b281a778
results/phase5_causal_specificity/evaluation_information_blocks/alternative_a_cross_b_p1.0_r18.csv,391,85c3021e0e25531b80cd2a6fa97c295a936eb3675481b1aadeabf881357afed8
results/phase5_causal_specificity/evaluation_information_blocks/alternative_a_cross_b_p1.0_r19.csv,391,7af406be2e84acd0f9d7f81a9c036dcf35dca1d62ab456ccd947e381d6fabb3d
results/phase5_causal_specificity/evaluation_information_blocks/alternative_a_native_p1.0_r00.csv,387,9ed9f988db6a5c5481cf1a4d93bb955619b5733d5e72229bb744b8ccf72facdb
results/phase5_causal_specificity/evaluation_information_blocks/alternative_a_native_p1.0_r01.csv,387,0b42e49b27cdefda75ccf5824de1cd967424fe6cbf6316375275f3c4c330fd51
results/phase5_causal_specificity/evaluation_information_blocks/alternative_a_native_p1.0_r02.csv,387,2ef04e2285a66fe9f0a2852dadf1bf84019363df4a10bea1e45997b014d12e91
results/phase5_causal_specificity/evaluation_information_blocks/alternative_a_native_p1.0_r03.csv,387,e172a8b72319b92f50e5ebd7dbd84d332f119cf33f72ce8e37fdf5b7fe463187
results/phase5_causal_specificity/evaluation_information_blocks/alternative_a_native_p1.0_r04.csv,386,82cf757c058f0877ce2748f461bb384f04382cfac4881caea40b35d0496fed02
results/phase5_causal_specificity/evaluation_information_blocks/alternative_a_native_p1.0_r05.csv,387,d73cd01d0cd0c90aec76ff4601c396ad3211625a71897ea55976f1455351107d
results/phase5_causal_specificity/evaluation_information_blocks/alternative_a_native_p1.0_r06.csv,387,cad79d154124f0b11b19aadb98a72373273f103a29f782f1a70ed5c1d4191b01
results/phase5_causal_specificity/evaluation_information_blocks/alternative_a_native_p1.0_r07.csv,387,c8480d2fc8d5216e4460d8018d0739e1cd271e85aca91c8f389f235601bee097
results/phase5_causal_specificity/evaluation_information_blocks/alternative_a_native_p1.0_r08.csv,387,c99170cd9bf932e05b8470bb45f77ea4e390234bea6a9e70782685b409f79805
results/phase5_causal_specificity/evaluation_information_blocks/alternative_a_native_p1.0_r09.csv,387,d44ce677c57f768191c9fed816637edf0de017f697e08549739ab3dba9ec7492
results/phase5_causal_specificity/evaluation_information_blocks/alternative_a_native_p1.0_r10.csv,387,7b13cce08c056c40dd5421e9a02f2befbc9cfcbc6feefde26fdfc085f32a7fca
results/phase5_causal_specificity/evaluation_information_blocks/alternative_a_native_p1.0_r11.csv,388,1b477bc470ffa6f8366cd377c08563884b33befe37ea98fd587e41550efc915b
results/phase5_causal_specificity/evaluation_information_blocks/alternative_a_native_p1.0_r12.csv,388,fcad33e6df47ea4beabb9eda9ddbfc5b6e14b44adae7ac0a76d7454e89fe0f3c
results/phase5_causal_specificity/evaluation_information_blocks/alternative_a_native_p1.0_r13.csv,388,c534d86ecc8854709e155652d98fe02ab6e7888454b08c2c27ab579c2d6650e8
results/phase5_causal_specificity/evaluation_information_blocks/alternative_a_native_p1.0_r14.csv,388,0cf0a2c859d73b4e86a08e3c7bb2160076484888300ccbd67acb9db51f709491
results/phase5_causal_specificity/evaluation_information_blocks/alternative_a_native_p1.0_r15.csv,387,5416ee9507b333bc831cda71f853440b5866d3d34bedfd0ae810dfcf7308346b
results/phase5_causal_specificity/evaluation_information_blocks/alternative_a_native_p1.0_r16.csv,388,1319d03019658564c89057c4fb07886b5bc4808cf15dca1a4b0e503fcf90f234
results/phase5_causal_specificity/evaluation_information_blocks/alternative_a_native_p1.0_r17.csv,388,28d9c0dea480d56daee38408d3a30a93ea5c1d39d51a5c2ff65c55294288b273
results/phase5_causal_specificity/evaluation_information_blocks/alternative_a_native_p1.0_r18.csv,388,e21b0e220a9588b9ee38d0fc6f9e9e2444d9bc656b636470fd95eedbb5f25c9f
results/phase5_causal_specificity/evaluation_information_blocks/alternative_a_native_p1.0_r19.csv,388,2e2c9418e0a2544fe4491583e38da3617a89fdc1fcfb5f8041a2938cf2c45769
results/phase5_causal_specificity/evaluation_information_blocks/alternative_b_cross_a_p1.0_r00.csv,390,f6d2f5cb5258ee45f83d81cea4fb5ef5b7ee2d8ccdcd74e71aae22c0a4ceef5a
results/phase5_causal_specificity/evaluation_information_blocks/alternative_b_cross_a_p1.0_r01.csv,390,1958aa3e4c6260170a401b1f30e8711a785ab24bbc680bd19d9b9c96b157bbe5
results/phase5_causal_specificity/evaluation_information_blocks/alternative_b_cross_a_p1.0_r02.csv,390,0bc1baefa13c5bc0de0a0021424b6e74f793cced4d224fa7c2fd4a895aaa7931
results/phase5_causal_specificity/evaluation_information_blocks/alternative_b_cross_a_p1.0_r03.csv,390,bff7ade143f4a2992d128e30be24dde9995d73851bed75718b07e7e711ab44e8
results/phase5_causal_specificity/evaluation_information_blocks/alternative_b_cross_a_p1.0_r04.csv,390,4da2caa626d3c4656b2b0b04d9ccb1056cabd7d22ee18f78bbd3e07814b453a0
results/phase5_causal_specificity/evaluation_information_blocks/alternative_b_cross_a_p1.0_r05.csv,390,f3906a3ceea8ef32dfda4b5ae7a838025d2298aedfbacf5ee170cd072ce8a68a
results/phase5_causal_specificity/evaluation_information_blocks/alternative_b_cross_a_p1.0_r06.csv,389,67aaa92e8a4c3817defd196aa3558c16a51737a74c820739f1f0771a3249a57b
results/phase5_causal_specificity/evaluation_information_blocks/alternative_b_cross_a_p1.0_r07.csv,390,ddb7ba57c39efdaea161dc3557604b015bbb0d7a4655d897d87cdbb4740a0497
results/phase5_causal_specificity/evaluation_information_blocks/alternative_b_cross_a_p1.0_r08.csv,390,08ab8009b79090358f57aa67d20edc740be74e33736e209ff353581489777255
results/phase5_causal_specificity/evaluation_information_blocks/alternative_b_cross_a_p1.0_r09.csv,389,df38a357566238be6a3e8adecbb268d1a7c0a4c3b1fcf57da05c573046fdf229
results/phase5_causal_specificity/evaluation_information_blocks/alternative_b_cross_a_p1.0_r10.csv,391,eef09d37b40125bd628ce837d2faa1e1893e4120d0ef33ecaf5dff92ece33b2b
results/phase5_causal_specificity/evaluation_information_blocks/alternative_b_cross_a_p1.0_r11.csv,391,1ab692c53a14b79fe28086157b93e2becbad201cebbf122d02a9e8c14977169d
results/phase5_causal_specificity/evaluation_information_blocks/alternative_b_cross_a_p1.0_r12.csv,391,59ea9c5a78bf5b6fb696f1f9edb75dcfe8000f8cb7a95300368ca61a2d3ecc35
results/phase5_causal_specificity/evaluation_information_blocks/alternative_b_cross_a_p1.0_r13.csv,391,ce946335e54b82afcfbe4e83e3227e7b6c46610c6ca1fa23fb19dbe9657a1d38
results/phase5_causal_specificity/evaluation_information_blocks/alternative_b_cross_a_p1.0_r14.csv,390,2a06b3e07bef0c9045966e62535cb2722b90411fcfbe4d7689b0c1515227b7e3
results/phase5_causal_specificity/evaluation_information_blocks/alternative_b_cross_a_p1.0_r15.csv,391,2a09f55615c2c0ac51b3ee35e8c15def819c57e2461d1fa3f6c44b261a762b36
results/phase5_causal_specificity/evaluation_information_blocks/alternative_b_cross_a_p1.0_r16.csv,391,fd4a965e73fb0f51c6c3220417f3054bbd59d5a7da83c04b2a0159980d00872d
results/phase5_causal_specificity/evaluation_information_blocks/alternative_b_cross_a_p1.0_r17.csv,391,1384418bde0775ea969a34079a9678548905572ffa474b4f5f4cc03e424285ca
results/phase5_causal_specificity/evaluation_information_blocks/alternative_b_cross_a_p1.0_r18.csv,391,800e68e29e77d8e0fe9fe422396b047bdfd2688f42e7439acac365a30d7c0737
results/phase5_causal_specificity/evaluation_information_blocks/alternative_b_cross_a_p1.0_r19.csv,390,b7ad2128d36b5ea61554cdcbd696a06e9a94762cedf34ff2f5a15f2e5fe20d75
results/phase5_causal_specificity/evaluation_information_blocks/alternative_b_native_p1.0_r00.csv,387,6461d89a16f9640e388540b898b04de806a4397bd97f01c3f60449835ab041dc
results/phase5_causal_specificity/evaluation_information_blocks/alternative_b_native_p1.0_r01.csv,387,977211ebc9e0aef1a4c031fdb41d74487e8e450d072d436b8b7932fda662e1b6
results/phase5_causal_specificity/evaluation_information_blocks/alternative_b_native_p1.0_r02.csv,387,f1a8fa66ab8e4a5b08b82117c38a4005df5178131cf09aa57ceb8ad6c04769e1
results/phase5_causal_specificity/evaluation_information_blocks/alternative_b_native_p1.0_r03.csv,387,e58e70f9a1bbd6076598673bbcd0910bb9ce6cae8dcba7e8faa9eb63ab929969
results/phase5_causal_specificity/evaluation_information_blocks/alternative_b_native_p1.0_r04.csv,387,8535ecea7449087914fed58f0db5816459481b495ebcfdf28d91335901c1fe83
results/phase5_causal_specificity/evaluation_information_blocks/alternative_b_native_p1.0_r05.csv,387,c404993f32dd572899fa333d32ba08a7a4fcb0504b70ab744c5f993a2ecbcadd
results/phase5_causal_specificity/evaluation_information_blocks/alternative_b_native_p1.0_r06.csv,386,b464cc8a93f4d2a1dcae59091cfae9e0f8f4bfd684d6409f30f1837d9085d713
results/phase5_causal_specificity/evaluation_information_blocks/alternative_b_native_p1.0_r07.csv,387,a55b9f05441476438a7502e9630fea9d76a9970d1c6fb81a188d7fe6196358c6
results/phase5_causal_specificity/evaluation_information_blocks/alternative_b_native_p1.0_r08.csv,387,e9e171459d3def32f69382ea239f67e17d747bb7d8ae103ce56dd5a6a6bc3917
results/phase5_causal_specificity/evaluation_information_blocks/alternative_b_native_p1.0_r09.csv,386,e36643350b2d4e120ebb8a04daf5e9f5e5ede32809c56f2ae7384d04bedb4260
results/phase5_causal_specificity/evaluation_information_blocks/alternative_b_native_p1.0_r10.csv,388,1f0165bb849be15d63c2494f3ad90ab26f354d4c28a36b9a8e1c424f0a63b9c4
results/phase5_causal_specificity/evaluation_information_blocks/alternative_b_native_p1.0_r11.csv,388,c63a443a9cc9e56650472ee50c99a838907bb8900475c8a6acaaf7105bcc2a07
results/phase5_causal_specificity/evaluation_information_blocks/alternative_b_native_p1.0_r12.csv,388,71db7cdfb8c517248aed9626bf13aac0da884ea17dc5403b72619dcfbddfb3f0
results/phase5_causal_specificity/evaluation_information_blocks/alternative_b_native_p1.0_r13.csv,388,7b3398dc5347e7cfaa522ef831b5dacc5bf6f2e634d5649903ef0ddecd396f05
results/phase5_causal_specificity/evaluation_information_blocks/alternative_b_native_p1.0_r14.csv,387,51322e11cb1d90918479f9c181d73ebbfacbdd2ace95dc01db3247c029f37d38
results/phase5_causal_specificity/evaluation_information_blocks/alternative_b_native_p1.0_r15.csv,388,52887b96ed33c8af6412d666c5ed442ec7dff1f64b5b81bf568062e3d3d40fff
results/phase5_causal_specificity/evaluation_information_blocks/alternative_b_native_p1.0_r16.csv,388,87cf511eb52f90eb1e885d28d8fcb8af30fdcfc2c88c17d6bde128b7d8939578
results/phase5_causal_specificity/evaluation_information_blocks/alternative_b_native_p1.0_r17.csv,388,2e1918ccc071944d223dff74f33e62aacefbc53cef64664d46543615183b1e9c
results/phase5_causal_specificity/evaluation_information_blocks/alternative_b_native_p1.0_r18.csv,388,28327fcc9ba29567d13fd1b1d75bebe5937ff7c5a54028e0b45b81f544b8b9e2
results/phase5_causal_specificity/evaluation_information_blocks/alternative_b_native_p1.0_r19.csv,387,9ec1cea24d9f23139f78dfcc436b9d99e9cfd426a82d79c1484c64ecc7f0be7a
results/phase5_causal_specificity/evaluation_information_blocks/selection_neutral_p1.0_r00.csv,382,fe77dfac91f60b2fc04e4b6fb47174440b05b1d41564beb86a6c439c9d531167
results/phase5_causal_specificity/evaluation_information_blocks/selection_neutral_p1.0_r01.csv,382,0ac231f54e2465c88d248cee01010e865241a78b1e31ad5f2896e92e0bd0b158
results/phase5_causal_specificity/evaluation_information_blocks/selection_neutral_p1.0_r02.csv,382,454fb7297e201bea1d8cceb53fd563d36f08d91332255263fcb6d15304e3d88c
results/phase5_causal_specificity/evaluation_information_blocks/selection_neutral_p1.0_r03.csv,382,6b642df131a6063d57407c37e59b0ce7d168c36a77b39ec1d02776ef8a0ccbae
results/phase5_causal_specificity/evaluation_information_blocks/selection_neutral_p1.0_r04.csv,381,d183c51f9291f89b9319d39e2d18ebcc772564b38f22773396137e4ed13b0272
results/phase5_causal_specificity/evaluation_information_blocks/selection_neutral_p1.0_r05.csv,382,5a0551afe633dbe4bbec890de01f2a3141d9b0e22a6759d2dad4f426ada0a027
results/phase5_causal_specificity/evaluation_information_blocks/selection_neutral_p1.0_r06.csv,382,3af9fcdb9a65d0b5564e28ea3453f7f7ce2bde036246092d817725943e737307
results/phase5_causal_specificity/evaluation_information_blocks/selection_neutral_p1.0_r07.csv,382,447c56b2dcd702442002cdc02b4f26324127f1c6038dd88eca519f17b6ea030e
results/phase5_causal_specificity/evaluation_information_blocks/selection_neutral_p1.0_r08.csv,381,0aba8a19fc713d3d8a3a943244e2304525417a3901f06a6c70d938605b3ea17b
results/phase5_causal_specificity/evaluation_information_blocks/selection_neutral_p1.0_r09.csv,382,d2911f6ed9437f10ca7d4e672e7fba95750d07f6082dc27f7147e970cfff310c
results/phase5_causal_specificity/evaluation_information_blocks/selection_neutral_p1.0_r10.csv,383,e6045fd4ac48ff480a4f3461f751e9a3058c7eaec9e1efabc4a514fc3bd90a45
results/phase5_causal_specificity/evaluation_information_blocks/selection_neutral_p1.0_r11.csv,382,e05fdff580290a156bb2d34ef377876dc6cedfd4587f55339c3e5669803f9a23
results/phase5_causal_specificity/evaluation_information_blocks/selection_neutral_p1.0_r12.csv,382,d01c764693c5aab5660b36f6bfc07995e34a1681480eda0ef1d4dd20b6969c1c
results/phase5_causal_specificity/evaluation_information_blocks/selection_neutral_p1.0_r13.csv,383,4ba1044d15318314d9ad760efe68753258d2e2724adced9808fe6dbacfc16b2e
results/phase5_causal_specificity/evaluation_information_blocks/selection_neutral_p1.0_r14.csv,383,2505c31f318eafdb3d85cae51309f310324f916698743eb2975f4f5692d9aded
results/phase5_causal_specificity/evaluation_information_blocks/selection_neutral_p1.0_r15.csv,383,60847e6390abce6703b3518a1bc8720cfe108632b90e5a9b6e1a8e744d8e7441
results/phase5_causal_specificity/evaluation_information_blocks/selection_neutral_p1.0_r16.csv,383,a460bb50c4c1232ca7fdfda7edb6746e237b79c74176bd8f8c87382f20bb99f1
results/phase5_causal_specificity/evaluation_information_blocks/selection_neutral_p1.0_r17.csv,383,224ee068b87b229ee28880fa1af257cbf0d6d680428a6e9be7a951539eaa42a6
results/phase5_causal_specificity/evaluation_information_blocks/selection_neutral_p1.0_r18.csv,383,c76352c04ccce9cf633d9c5a21ae60a862cd991663b43b1ebb31e629d5c4f763
results/phase5_causal_specificity/evaluation_information_blocks/selection_neutral_p1.0_r19.csv,383,c56b745c22fd1ea76c976eedde0c256a1068ccd597f8ccf46f9208dd10cfb005
results/phase5_causal_specificity/evaluation_information_blocks/selection_reduced_p1.0_r00.csv,383,33f7c7aa56731d2836cdfaaec004cd167b8d95b97bb43956c05c970ee6f797d8
results/phase5_causal_specificity/evaluation_information_blocks/selection_reduced_p1.0_r01.csv,383,f6ff758890f34d08377cdca81d7f0391b4f5ee3e210436215113b4d02da8f505
results/phase5_causal_specificity/evaluation_information_blocks/selection_reduced_p1.0_r02.csv,383,9414ab624b27b1b797debe909daf78ec85a8cfa750da924fde68f0ea381a7c40
results/phase5_causal_specificity/evaluation_information_blocks/selection_reduced_p1.0_r03.csv,383,324db76d09153cc51b82b5be2e83a12a8d96e7698ecec0b69d770b05b73b6789
results/phase5_causal_specificity/evaluation_information_blocks/selection_reduced_p1.0_r04.csv,383,880d4069dbd4a6109801ed78fd3c97235dc2d65601bc84727dce449c48dfe8b7
results/phase5_causal_specificity/evaluation_information_blocks/selection_reduced_p1.0_r05.csv,383,57fbfad1e538c3731576877c257ea345341aae3447ee4c322a3bc4cacf2763f4
results/phase5_causal_specificity/evaluation_information_blocks/selection_reduced_p1.0_r06.csv,383,7cdfaa608c876679759333de31588388d23ac738d9621b1f0d71896ddcfc1518
results/phase5_causal_specificity/evaluation_information_blocks/selection_reduced_p1.0_r07.csv,383,eef3f181091d070fc9dc423266905773992b839ca1328105e27036b1bf86b941
results/phase5_causal_specificity/evaluation_information_blocks/selection_reduced_p1.0_r08.csv,383,564c3251dc90f1f0c241f4d7846a406f27ad26c6bc6fca4a6aea885fd4549499
results/phase5_causal_specificity/evaluation_information_blocks/selection_reduced_p1.0_r09.csv,383,2289bd52fad2103878277e5fc922993805d24339c8b6c0a52590f139ad1eaf84
results/phase5_causal_specificity/evaluation_information_blocks/selection_reduced_p1.0_r10.csv,384,fb8e59ce2202803ffb7179aea3b80247b900645fddab3533abe3a53349e7fd01
results/phase5_causal_specificity/evaluation_information_blocks/selection_reduced_p1.0_r11.csv,384,b54dbbcac548543fca1800a3c26029493f872add44ffd3fd2101ecfce22a1238
results/phase5_causal_specificity/evaluation_information_blocks/selection_reduced_p1.0_r12.csv,384,91378325bc975ddb07d8263e1e09ed9a8ab3e5adfc80feb6b4fa6a8bcab94ef8
results/phase5_causal_specificity/evaluation_information_blocks/selection_reduced_p1.0_r13.csv,384,a7cefb275a0c1dca909b480b5a51e6fabc92408e3ba1ff2a35653837c4a60af8
results/phase5_causal_specificity/evaluation_information_blocks/selection_reduced_p1.0_r14.csv,384,d7f51edc26b455464a0dd52b9d20a53c8838e887a9394ff6e16d72e24cd3e994
results/phase5_causal_specificity/evaluation_information_blocks/selection_reduced_p1.0_r15.csv,384,cf519a52f812e5f459c857702b9e3aa2626e73fc10ff0d231fe148852c01c5c4
results/phase5_causal_specificity/evaluation_information_blocks/selection_reduced_p1.0_r16.csv,383,adbd2507d654116c4cdf35ef901da010a3adb09e2bf9a112f2edb7d385af262b
results/phase5_causal_specificity/evaluation_information_blocks/selection_reduced_p1.0_r17.csv,384,ba4ad40ec4e4aa0bf181d280506095f571e196461cb3b6fc1888cf1afa47726b
results/phase5_causal_specificity/evaluation_information_blocks/selection_reduced_p1.0_r18.csv,383,e27ca483faaa5523ba289aa2d46e7f1e0580f3d25ed8469d98dd75a2d06c368d
results/phase5_causal_specificity/evaluation_information_blocks/selection_reduced_p1.0_r19.csv,384,6209a31d2c13f5de0f9a42a9936a90e9fc9490d40723d49b96d6ddb7da9d408a
results/phase5_causal_specificity/evaluation_information_blocks/temporally_unstable_p1.0_r00.csv,398,11c346f74010639122e4e659fc45e8b319c99d3901dd5c2ff57579d159e2d3b1
results/phase5_causal_specificity/evaluation_information_blocks/temporally_unstable_p1.0_r01.csv,398,e63e7a9ce948835c3998c206d628a59bf4b4aed04ca590ed6a150e05239f16a8
results/phase5_causal_specificity/evaluation_information_blocks/temporally_unstable_p1.0_r02.csv,398,5ac711d6759e2b18e5ca0b703736fc8ef547b6b3ad52e5c0eff6d2ab3bfbc2fe
results/phase5_causal_specificity/evaluation_information_blocks/temporally_unstable_p1.0_r03.csv,398,53ae9e40478a91a9cd5295cf000c6aa3abdf1f065f79f75af3859f7be3b8cb84
results/phase5_causal_specificity/evaluation_information_blocks/temporally_unstable_p1.0_r04.csv,398,859ff958d15fae73d8e07f9381f83d431635e1183a860913725d8ddb06468a78
results/phase5_causal_specificity/evaluation_information_blocks/temporally_unstable_p1.0_r05.csv,398,ff5bd44ac6971bdcb0e363ada39a22d9b63a1ad9384ef78647a2b16096434e51
results/phase5_causal_specificity/evaluation_information_blocks/temporally_unstable_p1.0_r06.csv,398,a33598be05b7089b87e98676b57957f2a9be6caa468b1a20aeb7f096855733a8
results/phase5_causal_specificity/evaluation_information_blocks/temporally_unstable_p1.0_r07.csv,398,df5932e0b6a8fb56976ba6f47330d1271fd0111230b7a5200b9ad943cac5a8f3
results/phase5_causal_specificity/evaluation_information_blocks/temporally_unstable_p1.0_r08.csv,398,db1b98b26846ad03dca1154cdafe135d2f2b8ca2f771486393bd353913291145
results/phase5_causal_specificity/evaluation_information_blocks/temporally_unstable_p1.0_r09.csv,398,3294d2da61733bb5c7dc3bc3247cbed5f0333e475af098fbd9bb5335c59fe11a
results/phase5_causal_specificity/evaluation_information_blocks/temporally_unstable_p1.0_r10.csv,399,7a82486719406c4dc2226714e1d31812529f761fce299c137ecd55641b41fc26
results/phase5_causal_specificity/evaluation_information_blocks/temporally_unstable_p1.0_r11.csv,398,b60ba05beaec7c7c0c0565ddeada520314daa2936caaa45d4a83972e8d011894
results/phase5_causal_specificity/evaluation_information_blocks/temporally_unstable_p1.0_r12.csv,399,95365fc12df270a288acf8892188eb074d91dde3952166447dde1a97f7e975f4
results/phase5_causal_specificity/evaluation_information_blocks/temporally_unstable_p1.0_r13.csv,399,6b0b04e1e1658611952453f4e9b07ffd85f4eb1870bf57cf625bfe4e6e0f12ee
results/phase5_causal_specificity/evaluation_information_blocks/temporally_unstable_p1.0_r14.csv,399,ae3809c0e839dd2878b43aeaaa683e372936730a26ceed5c89448794e8b1260d
results/phase5_causal_specificity/evaluation_information_blocks/temporally_unstable_p1.0_r15.csv,399,2fb833f64e154546d3986682c01f28966d9d35539c82413a405a2d8a0c0228d4
results/phase5_causal_specificity/evaluation_information_blocks/temporally_unstable_p1.0_r16.csv,399,3940a6d46ee63c759c559397aa83468b808179d8a6f6fecd221ed31b7f94a8a0
results/phase5_causal_specificity/evaluation_information_blocks/temporally_unstable_p1.0_r17.csv,398,73df83f036fced83317b61db6f13877e801aa27c821098d48ff46a1677857d12
results/phase5_causal_specificity/evaluation_information_blocks/temporally_unstable_p1.0_r18.csv,399,8f21a7fd0edf6273885b002f153a81b5ceee61c69a9f38dc3214eb3d0eed5a32
results/phase5_causal_specificity/evaluation_information_blocks/temporally_unstable_p1.0_r19.csv,399,7eeeebc81a45643b67248ebc0ebb469c8fa8ecbdc0788a341942b38eb755a246
results/phase5_causal_specificity/evaluation_information_blocks/topology_mismatch_p1.0_r00_q0.csv,377,8e7d81f3727113c5f8addfc2302885aa77e11d0568be2c1ad6ca9c96e0bbac4c
results/phase5_causal_specificity/evaluation_information_blocks/topology_mismatch_p1.0_r00_q1.csv,377,428a44df6990bbfddf0426162f886a9e6fbd847549b763f5d6546d028302d3f8
results/phase5_causal_specificity/evaluation_information_blocks/topology_mismatch_p1.0_r01_q0.csv,377,9122c7f1fec0cbfe8be53388351b3cd272d233774bd5f0f4aa1c2609293bb4ad
results/phase5_causal_specificity/evaluation_information_blocks/topology_mismatch_p1.0_r01_q1.csv,377,6d7a8b864a14162fb544e6c16eab0cdfb001fce70e77f5af74d8cddcdeaacf63
results/phase5_causal_specificity/evaluation_information_blocks/topology_mismatch_p1.0_r02_q0.csv,377,ff8d4cfa8a468bae5c9c60575c1db77c6ee5d662dd3f3ebcc1dc715c6331072d
results/phase5_causal_specificity/evaluation_information_blocks/topology_mismatch_p1.0_r02_q1.csv,377,98c66888e6d3ef9083246df37bf803afc07ba48f809696d078c5c9f000dc554f
results/phase5_causal_specificity/evaluation_information_blocks/topology_mismatch_p1.0_r03_q0.csv,377,573945cb0a32c02b476c423f65805614056f3bb67793e0fde0b3586c76a28234
results/phase5_causal_specificity/evaluation_information_blocks/topology_mismatch_p1.0_r03_q1.csv,377,6725eebbb02eaa97b93ac0682d2bd0e46909a9a3104436c292f17bac93ca2d21
results/phase5_causal_specificity/evaluation_information_blocks/topology_mismatch_p1.0_r04_q0.csv,377,e3ad283b7be63be1f62cc50cff1d631bff8224f8c0d20c82cb0b81aa03200d76
results/phase5_causal_specificity/evaluation_information_blocks/topology_mismatch_p1.0_r04_q1.csv,377,71ab0c22dc4d0d8de2aa296b139f92bc28159fda38f2e3afe1a2b388373deb15
results/phase5_causal_specificity/evaluation_information_blocks/topology_mismatch_p1.0_r05_q0.csv,377,f0b1b50e1a14f950527b46bb309126d7919fb3e11959cc1e65f4d24b8357bfb2
results/phase5_causal_specificity/evaluation_information_blocks/topology_mismatch_p1.0_r05_q1.csv,377,3d9be1c36628ecde96735e1ec4af040f57293c1048be46864bdac0dbc40aed57
results/phase5_causal_specificity/evaluation_information_blocks/topology_mismatch_p1.0_r06_q0.csv,377,ed7afecb15371fea6c593a87d733483cdf85608bfcd508e900d76d5d55cf318e
results/phase5_causal_specificity/evaluation_information_blocks/topology_mismatch_p1.0_r06_q1.csv,377,6a115148edf3a9fe7eedd5a18a0d0944312d96e87f528132484fe2102567681f
results/phase5_causal_specificity/evaluation_information_blocks/topology_mismatch_p1.0_r07_q0.csv,377,e0db58f444e870b6684147891b8aff916139514d94d6fa573a394d7fa3eebc0c
results/phase5_causal_specificity/evaluation_information_blocks/topology_mismatch_p1.0_r07_q1.csv,377,2ae816788ffc977f22346fdd45b653a57c821b93474961559abeb799fed2ae38
results/phase5_causal_specificity/evaluation_information_blocks/topology_mismatch_p1.0_r08_q0.csv,377,03311ac9d1d14701e1c7d737f92d945c2856ba9286b240c22c313c91dbb324ad
results/phase5_causal_specificity/evaluation_information_blocks/topology_mismatch_p1.0_r08_q1.csv,377,99407ee0e28cfb907473805402f0472e0a0b0d744734f1a2e30ab08dbe596728
results/phase5_causal_specificity/evaluation_information_blocks/topology_mismatch_p1.0_r09_q0.csv,377,b3ae30ccfd1b66335e00d1a225b84ffd85488d590fa42d573e4d833c14cc91b0
results/phase5_causal_specificity/evaluation_information_blocks/topology_mismatch_p1.0_r09_q1.csv,377,7936a0c15771b08249133723e052503bf06fdf102f85867d2d9a739e5f15a012
results/phase5_causal_specificity/evaluation_information_blocks/topology_mismatch_p1.0_r10_q0.csv,378,e8eb0d98180c238a76c70d083f7e179602c4e9d562345d598cc3972b31c6ef85
results/phase5_causal_specificity/evaluation_information_blocks/topology_mismatch_p1.0_r10_q1.csv,378,d773c68d4cb2df2fbaaaafeb4ac20d9f2fdf5e03aec52b0c1cd99994c6a60493
results/phase5_causal_specificity/evaluation_information_blocks/topology_mismatch_p1.0_r11_q0.csv,378,0ffe1e5427796875eebc67ddd519d5d160ed1d6e4728321bf3f971e64e774f1a
results/phase5_causal_specificity/evaluation_information_blocks/topology_mismatch_p1.0_r11_q1.csv,378,579e93edd366ad3c6942c309b8f17be70a41c2918d9336e73d40fe701a63b330
results/phase5_causal_specificity/evaluation_information_blocks/topology_mismatch_p1.0_r12_q0.csv,377,a94001133f6c9837b9c575adec8cbff733b4e9d51d2104df701d4ea355f5de2b
results/phase5_causal_specificity/evaluation_information_blocks/topology_mismatch_p1.0_r12_q1.csv,377,fb9c5c27beba081e6c4246fc842204488672e799a15879481c19ce089ca3f778
results/phase5_causal_specificity/evaluation_information_blocks/topology_mismatch_p1.0_r13_q0.csv,377,8a90e2c3895e23c77b3514e46dd1f8f60c146856b49727e07b5633b76a6ce03a
results/phase5_causal_specificity/evaluation_information_blocks/topology_mismatch_p1.0_r13_q1.csv,377,4b2937d80dc09e955a3af35532162c9224fc9b4e0726e406feaafc4b6c3c8349
results/phase5_causal_specificity/evaluation_information_blocks/topology_mismatch_p1.0_r14_q0.csv,378,a7fb0728e90bf9a24c7189927e59ed012a2e95c923f0b311f205f9b905a60c69
results/phase5_causal_specificity/evaluation_information_blocks/topology_mismatch_p1.0_r14_q1.csv,378,65368e654541b1ae6959dd446752d3ad737198448d08195147e61cf3ae733366
results/phase5_causal_specificity/evaluation_information_blocks/topology_mismatch_p1.0_r15_q0.csv,378,7f6461a111dc5daa5f1f4d169a31dd2605d5c2d36d5c0f0a96673235e49c5e0d
results/phase5_causal_specificity/evaluation_information_blocks/topology_mismatch_p1.0_r15_q1.csv,378,9782b474c51296c67182a220cd8409de078596392bd150f6755ff01cc27b5250
results/phase5_causal_specificity/evaluation_information_blocks/topology_mismatch_p1.0_r16_q0.csv,378,ff0135e2020fb7e406d0538a0120fdd1bf12e29231894b91e93799d6257543c6
results/phase5_causal_specificity/evaluation_information_blocks/topology_mismatch_p1.0_r16_q1.csv,378,10279876e7c85d4c0ba0ec78dd68d7dda1d495a86bc102bdd1042b6e825260dc
results/phase5_causal_specificity/evaluation_information_blocks/topology_mismatch_p1.0_r17_q0.csv,377,d9b9f887b2407963a65ed27a4d06c5a0601b40212b499af7ffbf594b25238f4e
results/phase5_causal_specificity/evaluation_information_blocks/topology_mismatch_p1.0_r17_q1.csv,377,69c5a70a18538474cf9810e6e8143f2cebe7e41385684ba3ce231dc5b48cdc3e
results/phase5_causal_specificity/evaluation_information_blocks/topology_mismatch_p1.0_r18_q0.csv,378,f4131bfc636b5c4effaa958d8dd9027978a29fbc16e9854f9bd52c0aae36eea0
results/phase5_causal_specificity/evaluation_information_blocks/topology_mismatch_p1.0_r18_q1.csv,378,eb601683902413ba275f129357629453f7d27666d807149922b8a4816c8de84a
results/phase5_causal_specificity/evaluation_information_blocks/topology_mismatch_p1.0_r19_q0.csv,378,0fa6313f8719b90af12825912ccb8812ceb8445c0f65e4dfbc0ae67743105ccf
results/phase5_causal_specificity/evaluation_information_blocks/topology_mismatch_p1.0_r19_q1.csv,378,23605fe244bff1e2afe22986577128ec43b209241d15c79a5c1db151eb4a9823
results/phase5_causal_specificity/evaluation_specifications.json,580172,16e609159b7a2c0eb06a6e5250d4ac7670750097d320597963da7b79f26ba496
results/phase5_causal_specificity/gate5_paired_bootstrap_draws.csv,583996,5d112c8f8179a48af888792aaf8113743ed4727f3a5821ff314f9527ddf80769
results/phase5_causal_specificity/gate5_paired_contrasts.csv,1272,a4e27f68ada2e958c94c25edc404781dc7f2bb698a7eb1409a042d197515d498
results/phase5_causal_specificity/gate5_seed_block_metrics.csv,7692,de232406c2f70b664dee229964234f6a3390b9c57ab8c96b123c6f55cfbafcad
results/phase5_causal_specificity/phase4_archive_integrity_after.csv,221920,cfecfab78b4cd788a545c9b4a4d4ebf344034391c05fdbe3049f3ceb2bc712de
results/phase5_causal_specificity/phase4_archive_integrity_before.csv,221920,cfecfab78b4cd788a545c9b4a4d4ebf344034391c05fdbe3049f3ceb2bc712de
results/phase5_causal_specificity/phase5_settings.json,291,3872d8375ef9d909bbbf7678b1ef37f3d1ea2719263ef05e70a04a180699fb20
results/phase5_causal_specificity/realization_frontier_summary.csv,55881,23fe1f0579326c94a7020ccc50a1f2a3046491fbe89b5815d131245c723f7a7a
results/phase5_causal_specificity/realization_frontiers.csv,2438362,055353381c839bbcb457a6e35ea826528b7ccc65ca97ca65b865e1ab3b8298a5
results/phase5_causal_specificity/realization_map_level_summary.csv,1762111,b87f2bb664d1af79cef759cc1ba9ade601bf52564bf94e7b5410a966cb4b492a
results/phase5_causal_specificity/seed_block_control_summary.csv,21179,4126360bd1bdce7612afd054233372fb8d7dbde72c410c9cc3975f42e9513019
results/phase5_causal_specificity/states/alternative_a/rep_00.npz,27834,7891ac846bf5bfbade1f75b47d2753c59a62029767b0767f889104a757a167a6
results/phase5_causal_specificity/states/alternative_a/rep_00.rng.json,693,7973c8df05b969fc6a17ff12cf97847cad2a50ee21c26c5257d5cd32444b4e4f
results/phase5_causal_specificity/states/alternative_a/rep_01.npz,28739,5c9542cac3fec6447d10755850a58870ce9af6c6c25e392d5eb02da7baf12d70
results/phase5_causal_specificity/states/alternative_a/rep_01.rng.json,692,2a491474e03aa601dbe47335bd6683a21e2468d81e298089bce74e38829f6c80
results/phase5_causal_specificity/states/alternative_a/rep_02.npz,28441,b530c9d082c9652818589f19327edcb3404ad7a6bb987d7b2c12ef5f842c0b7a
results/phase5_causal_specificity/states/alternative_a/rep_02.rng.json,695,6376d0432144926931dfaf2608de9dbd2eb21b4bafa0491a7eb9f3b68f64e8ea
results/phase5_causal_specificity/states/alternative_a/rep_03.npz,28732,c4a713a7943f04ea1972161d6fdc20bdc96bd030d7ba57a12964df22e30017ff
results/phase5_causal_specificity/states/alternative_a/rep_03.rng.json,693,47ec22e93cfbfaf07834df6593803771d72c4f51bb8fd98b9867450557686355
results/phase5_causal_specificity/states/alternative_a/rep_04.npz,28409,50060ed0e9cb04be36f278b41976cb0f9148f4e314c19f379aca77f3b10c5c6f
results/phase5_causal_specificity/states/alternative_a/rep_04.rng.json,692,b87d019f499df5f7a2f9abcb7c4070904676f2a73c1db61cc6441390569951f5
results/phase5_causal_specificity/states/alternative_a/rep_05.npz,28239,00cdb2bbc6fb9efa0333432b8fb9c99bd187ced69abd2079057a5d297b49090f
results/phase5_causal_specificity/states/alternative_a/rep_05.rng.json,693,d9188b4dd4d18f114335519a471672f2f595c6fe78996b15bf25bb44ba20eef4
results/phase5_causal_specificity/states/alternative_a/rep_06.npz,27797,c50a5d841c940328f9395a529e1be7e940ce3bc0e6f85e29916db0e9f0613334
results/phase5_causal_specificity/states/alternative_a/rep_06.rng.json,694,3a7c34bc953c7bc28416ee54fbc8a6e541ce2528ab76f8a23ac27978344a4139
results/phase5_causal_specificity/states/alternative_a/rep_07.npz,28709,516411e681ee378578e4829451af73519a0d18b67ef9fabadd0227b090d150a1
results/phase5_causal_specificity/states/alternative_a/rep_07.rng.json,694,7020d2d03b6b77db2c9dad7b264e01c6e88ec70342148af11b2ea54d0a312fc1
results/phase5_causal_specificity/states/alternative_a/rep_08.npz,28400,e9cd491b79a8386fd7d9d43ff0ae2dbfea8a9e0c765f90feadb74694f353b138
results/phase5_causal_specificity/states/alternative_a/rep_08.rng.json,692,39b8b955d21bfc7e4c71d9f0e96d720543d22f2a38e92e99c002465ab9b303c6
results/phase5_causal_specificity/states/alternative_a/rep_09.npz,27784,e88e8562f56f543ebaf24e7c78e66f54ea5ec0e43c05a6679025ece1ed64ecda
results/phase5_causal_specificity/states/alternative_a/rep_09.rng.json,694,59c71e662eeaa0079a6645851fb3381d4d1c3cb26263dcc1fa95eb07b93f7994
results/phase5_causal_specificity/states/alternative_a/rep_10.npz,28560,37b18e586679d88a34c380a3bd2e1bb602a639f6f7fda38837add01ec2a7fe93
results/phase5_causal_specificity/states/alternative_a/rep_10.rng.json,692,1f59331c77d9b602f97643733f8cf1214f2de2ba3293c484927d51beaf41184c
results/phase5_causal_specificity/states/alternative_a/rep_11.npz,28404,41efeb4a10779e122f7d75340dc7b2976c90ad8bc3da1fe5c0307af3588694e5
results/phase5_causal_specificity/states/alternative_a/rep_11.rng.json,692,e1272e4ff12def7f42a79627653aa9a74f9801c8ebebce877f8fbdeec3795383
results/phase5_causal_specificity/states/alternative_a/rep_12.npz,28756,c894ef3ae0ca54834c6af498edf1361c5f80a9ce2b5328f4dda7e0faa9856de5
results/phase5_causal_specificity/states/alternative_a/rep_12.rng.json,691,3a687a21b783369f97195a8bb8496f58a6cf1bdaba5a0c4f72decfda84638ddc
results/phase5_causal_specificity/states/alternative_a/rep_13.npz,28928,f581e144ca5dda9d63b05ba5f731afc21f35a3febc2afeed195520f55ab53ddc
results/phase5_causal_specificity/states/alternative_a/rep_13.rng.json,693,96ec4f9ecba90da4038ced80a99b307b03700c06eee0236c7be4833821f2a0bb
results/phase5_causal_specificity/states/alternative_a/rep_14.npz,28679,0fa2ec1003ac90f7598585db6bb76a65c1867ed5e75cf041d153b76d5b25487d
results/phase5_causal_specificity/states/alternative_a/rep_14.rng.json,695,f101bffab2b08b87bf6e86120097470bf9b8d182d458735b29f6cfa0557fe36e
results/phase5_causal_specificity/states/alternative_a/rep_15.npz,28211,a5991cb2e278a62c00b8a3b1b769d4bd6dc97b57a826b5cbd026c654a7f663b6
results/phase5_causal_specificity/states/alternative_a/rep_15.rng.json,693,11bda7518044c88a5adc956fc02c6632f1d981320566b9356476ae4c505ba762
results/phase5_causal_specificity/states/alternative_a/rep_16.npz,28967,89b1f1838c164da0e1d263f47eae489f28e6c078d93df6392003ef3d3e916ad6
results/phase5_causal_specificity/states/alternative_a/rep_16.rng.json,693,df4a6853846434a4c2129c74ff7d63f00b531850adc10417c95e894c85b5a1f6
results/phase5_causal_specificity/states/alternative_a/rep_17.npz,28912,ffe358645b4fe51a8bc2de6d17d089e12b56e51d084d0d3c9616ff9455e94ad5
results/phase5_causal_specificity/states/alternative_a/rep_17.rng.json,691,08bb75115da1fa7376664a5e9b888815c001733ac80514085609905519fba746
results/phase5_causal_specificity/states/alternative_a/rep_18.npz,28212,0593284d4d396e414df9c4e694d9639db713b6e85d2f3339b550b7400b4e68e4
results/phase5_causal_specificity/states/alternative_a/rep_18.rng.json,693,59d4c3d75d42ebabbbdc7d8c71e98720c4561485f75788f8f2672ed72e54b70a
results/phase5_causal_specificity/states/alternative_a/rep_19.npz,29288,45edb3efedc99964740a9dc6027bc807849fe29cadc70c4e8ab8b177e95a0c8b
results/phase5_causal_specificity/states/alternative_a/rep_19.rng.json,693,08a3dfc8b72efde083ecb42145eeef0d7f9131db6d1b6f1dfb8172f565b6195a
results/phase5_causal_specificity/states/alternative_b/rep_00.npz,28687,ea135f8b559fa1e52dbc2da13a065534992fef0dc2f5cdc8d6fe5a60f2a2c905
results/phase5_causal_specificity/states/alternative_b/rep_00.rng.json,693,7973c8df05b969fc6a17ff12cf97847cad2a50ee21c26c5257d5cd32444b4e4f
results/phase5_causal_specificity/states/alternative_b/rep_01.npz,28950,b6db03036fc89b1e08006a1faf302d69aff420d344a7d408dce19c9aa5246077
results/phase5_causal_specificity/states/alternative_b/rep_01.rng.json,692,2a491474e03aa601dbe47335bd6683a21e2468d81e298089bce74e38829f6c80
results/phase5_causal_specificity/states/alternative_b/rep_02.npz,28996,4368133a858805a300240e3cb5529fb3a0fa21e232074f067d4b2b9b046d521e
results/phase5_causal_specificity/states/alternative_b/rep_02.rng.json,695,6376d0432144926931dfaf2608de9dbd2eb21b4bafa0491a7eb9f3b68f64e8ea
results/phase5_causal_specificity/states/alternative_b/rep_03.npz,28751,b9499d74b4bc1b2553b67de4f49fbf770bf6354f2dc1c6926457903991fbb27d
results/phase5_causal_specificity/states/alternative_b/rep_03.rng.json,693,47ec22e93cfbfaf07834df6593803771d72c4f51bb8fd98b9867450557686355
results/phase5_causal_specificity/states/alternative_b/rep_04.npz,28234,9258db6a7265404fab0712a224090c6652078ea48cb1395f52caf37608c38cf6
results/phase5_causal_specificity/states/alternative_b/rep_04.rng.json,692,b87d019f499df5f7a2f9abcb7c4070904676f2a73c1db61cc6441390569951f5
results/phase5_causal_specificity/states/alternative_b/rep_05.npz,28203,faa72400c06d6ff8df892b1deb785fd14df379877ca17fc72b6fcd3cfaffab9b
results/phase5_causal_specificity/states/alternative_b/rep_05.rng.json,693,d9188b4dd4d18f114335519a471672f2f595c6fe78996b15bf25bb44ba20eef4
results/phase5_causal_specificity/states/alternative_b/rep_06.npz,28831,77e14c9496086d46a6b103ec486a56328c10d654d7123251c0d61142cc3fb222
results/phase5_causal_specificity/states/alternative_b/rep_06.rng.json,694,3a7c34bc953c7bc28416ee54fbc8a6e541ce2528ab76f8a23ac27978344a4139
results/phase5_causal_specificity/states/alternative_b/rep_07.npz,28769,d2d32396e7f0dc3a85de0e7b93489966fc277c35015e8043622bc0b69a59cf89
results/phase5_causal_specificity/states/alternative_b/rep_07.rng.json,694,7020d2d03b6b77db2c9dad7b264e01c6e88ec70342148af11b2ea54d0a312fc1
results/phase5_causal_specificity/states/alternative_b/rep_08.npz,28198,18dc1fc51adea9a4e1b1c7ea265f3b67fd8d3c68040db4d260f6d368891e7150
results/phase5_causal_specificity/states/alternative_b/rep_08.rng.json,692,39b8b955d21bfc7e4c71d9f0e96d720543d22f2a38e92e99c002465ab9b303c6
results/phase5_causal_specificity/states/alternative_b/rep_09.npz,28554,bb293d81a8d3dcdc7e575ec122f0d566e575e6f59e0f436ae9e950acce1153e7
results/phase5_causal_specificity/states/alternative_b/rep_09.rng.json,694,59c71e662eeaa0079a6645851fb3381d4d1c3cb26263dcc1fa95eb07b93f7994
results/phase5_causal_specificity/states/alternative_b/rep_10.npz,28648,bb9d756d73df3159dbad701db16ea248b78f45d39023d9a2694bf33645ba2a1e
results/phase5_causal_specificity/states/alternative_b/rep_10.rng.json,692,1f59331c77d9b602f97643733f8cf1214f2de2ba3293c484927d51beaf41184c
results/phase5_causal_specificity/states/alternative_b/rep_11.npz,28523,b83bbf2fac98f056b731bd289fc6d8ebbc21ca5e0c317f29031a962214b8d710
results/phase5_causal_specificity/states/alternative_b/rep_11.rng.json,692,e1272e4ff12def7f42a79627653aa9a74f9801c8ebebce877f8fbdeec3795383
results/phase5_causal_specificity/states/alternative_b/rep_12.npz,28165,9edb8a348820d4fdaf54d65a5f3ff4243aa09e9c840d57575cb1dbdbb04b343a
results/phase5_causal_specificity/states/alternative_b/rep_12.rng.json,691,3a687a21b783369f97195a8bb8496f58a6cf1bdaba5a0c4f72decfda84638ddc
results/phase5_causal_specificity/states/alternative_b/rep_13.npz,29709,647ddad4799e4add98ed46ebd407d770b4680ffccdddb0a45b1830bd833e9730
results/phase5_causal_specificity/states/alternative_b/rep_13.rng.json,693,96ec4f9ecba90da4038ced80a99b307b03700c06eee0236c7be4833821f2a0bb
results/phase5_causal_specificity/states/alternative_b/rep_14.npz,28089,1a3496614bbe4824a81541c11af9b94bd0748af2d2b8bc4c565854b33ae30039
results/phase5_causal_specificity/states/alternative_b/rep_14.rng.json,695,f101bffab2b08b87bf6e86120097470bf9b8d182d458735b29f6cfa0557fe36e
results/phase5_causal_specificity/states/alternative_b/rep_15.npz,29108,b9f8feee108118222273c0923e359eeb5272b8a3ba3eb9a714ae37eb92f79a6b
results/phase5_causal_specificity/states/alternative_b/rep_15.rng.json,693,11bda7518044c88a5adc956fc02c6632f1d981320566b9356476ae4c505ba762
results/phase5_causal_specificity/states/alternative_b/rep_16.npz,27631,49c04be3399c4bbf1685c53183af63b55c5eac5c8262958ffdc67db516e0796d
results/phase5_causal_specificity/states/alternative_b/rep_16.rng.json,693,df4a6853846434a4c2129c74ff7d63f00b531850adc10417c95e894c85b5a1f6
results/phase5_causal_specificity/states/alternative_b/rep_17.npz,27920,a6889548c84ff7182cf60972cd5d3077b0c8a5666adb809bb4dba454d88a432a
results/phase5_causal_specificity/states/alternative_b/rep_17.rng.json,691,08bb75115da1fa7376664a5e9b888815c001733ac80514085609905519fba746
results/phase5_causal_specificity/states/alternative_b/rep_18.npz,28104,6561739ca1d513d94af8eb66a2e93fc2ce1eac7a4fd5bda1932ee2a38cbdd80c
results/phase5_causal_specificity/states/alternative_b/rep_18.rng.json,693,59d4c3d75d42ebabbbdc7d8c71e98720c4561485f75788f8f2672ed72e54b70a
results/phase5_causal_specificity/states/alternative_b/rep_19.npz,28163,7b5cdeb6f5fb46cf4cb932d786bcb4601643a510aeff494566ca6b2d3f288245
results/phase5_causal_specificity/states/alternative_b/rep_19.rng.json,693,08a3dfc8b72efde083ecb42145eeef0d7f9131db6d1b6f1dfb8172f565b6195a
results/phase5_causal_specificity/states/selection_neutral/rep_00.npz,28105,70be0d0ba3e615303dc456e6de28e7b34497c6c653caf8a4c82859d5fa3e25af
results/phase5_causal_specificity/states/selection_neutral/rep_00.rng.json,693,7973c8df05b969fc6a17ff12cf97847cad2a50ee21c26c5257d5cd32444b4e4f
results/phase5_causal_specificity/states/selection_neutral/rep_01.npz,28009,55fc0498941a051ff9b17bdb3e9a4d559dda1ba0cab8aa3b66cc335504d534ec
results/phase5_causal_specificity/states/selection_neutral/rep_01.rng.json,692,2a491474e03aa601dbe47335bd6683a21e2468d81e298089bce74e38829f6c80
results/phase5_causal_specificity/states/selection_neutral/rep_02.npz,28246,f8409daa80d6d89066f262b504dd480fd0182c16c90f622e07b39d5bb3986b6b
results/phase5_causal_specificity/states/selection_neutral/rep_02.rng.json,695,6376d0432144926931dfaf2608de9dbd2eb21b4bafa0491a7eb9f3b68f64e8ea
results/phase5_causal_specificity/states/selection_neutral/rep_03.npz,29126,7487c28dd99c405c9da071abaafa9fd3825c33a44a95350e61d2675e31f61799
results/phase5_causal_specificity/states/selection_neutral/rep_03.rng.json,693,47ec22e93cfbfaf07834df6593803771d72c4f51bb8fd98b9867450557686355
results/phase5_causal_specificity/states/selection_neutral/rep_04.npz,27611,a9d4abd13d38ea7111a96a2bc9b029b00983eef6b0bd73570bcb269546eed5a0
results/phase5_causal_specificity/states/selection_neutral/rep_04.rng.json,692,b87d019f499df5f7a2f9abcb7c4070904676f2a73c1db61cc6441390569951f5
results/phase5_causal_specificity/states/selection_neutral/rep_05.npz,27718,fb395fb4c4d34ddc0d3ea6bb32716ad4c13f8814ab784c41c42b7cbc98f0b134
results/phase5_causal_specificity/states/selection_neutral/rep_05.rng.json,693,d9188b4dd4d18f114335519a471672f2f595c6fe78996b15bf25bb44ba20eef4
results/phase5_causal_specificity/states/selection_neutral/rep_06.npz,28480,a4fc68e0d72edb2347c705297ed2c3ec2bcbd87fcf8045fed7fa4f9774fac97d
results/phase5_causal_specificity/states/selection_neutral/rep_06.rng.json,694,3a7c34bc953c7bc28416ee54fbc8a6e541ce2528ab76f8a23ac27978344a4139
results/phase5_causal_specificity/states/selection_neutral/rep_07.npz,28865,37d3303c255c41aab33aae11f51258d1637b782ddc57999abacc8fa25dcd41bc
results/phase5_causal_specificity/states/selection_neutral/rep_07.rng.json,694,7020d2d03b6b77db2c9dad7b264e01c6e88ec70342148af11b2ea54d0a312fc1
results/phase5_causal_specificity/states/selection_neutral/rep_08.npz,28100,6d07c2b9a2a48e2f96fa7824ef1c161ba95faee14e5dafdf45a9667695fb47fc
results/phase5_causal_specificity/states/selection_neutral/rep_08.rng.json,692,39b8b955d21bfc7e4c71d9f0e96d720543d22f2a38e92e99c002465ab9b303c6
results/phase5_causal_specificity/states/selection_neutral/rep_09.npz,28594,7d414bc6753bcfa6c2823925c08f6fb8171ddc791e48d82784531fbfef61a2ba
results/phase5_causal_specificity/states/selection_neutral/rep_09.rng.json,694,59c71e662eeaa0079a6645851fb3381d4d1c3cb26263dcc1fa95eb07b93f7994
results/phase5_causal_specificity/states/selection_neutral/rep_10.npz,27677,68686587a16019dda51bc7a73d8fbc9f8f3f97b0ce20bf1a2ceffce77c7e3923
results/phase5_causal_specificity/states/selection_neutral/rep_10.rng.json,692,1f59331c77d9b602f97643733f8cf1214f2de2ba3293c484927d51beaf41184c
results/phase5_causal_specificity/states/selection_neutral/rep_11.npz,28780,3e27373067644ca85673a29471379b66439082391159d2ac130ea6af1b3093ca
results/phase5_causal_specificity/states/selection_neutral/rep_11.rng.json,692,e1272e4ff12def7f42a79627653aa9a74f9801c8ebebce877f8fbdeec3795383
results/phase5_causal_specificity/states/selection_neutral/rep_12.npz,28970,3a86659026b67efc23c76820fb365f4784d28a58f75cb5bf7a4f9b88f58d394f
results/phase5_causal_specificity/states/selection_neutral/rep_12.rng.json,691,3a687a21b783369f97195a8bb8496f58a6cf1bdaba5a0c4f72decfda84638ddc
results/phase5_causal_specificity/states/selection_neutral/rep_13.npz,28991,c2dc46180bd2833b2ce73bfba364a5a7e9b730224358a5f219c9bc7561eaaaa4
results/phase5_causal_specificity/states/selection_neutral/rep_13.rng.json,693,96ec4f9ecba90da4038ced80a99b307b03700c06eee0236c7be4833821f2a0bb
results/phase5_causal_specificity/states/selection_neutral/rep_14.npz,29293,a3de413a5cc52275a6555c050311588c1b2ce3deb7ca672f8b19702f07568603
results/phase5_causal_specificity/states/selection_neutral/rep_14.rng.json,695,f101bffab2b08b87bf6e86120097470bf9b8d182d458735b29f6cfa0557fe36e
results/phase5_causal_specificity/states/selection_neutral/rep_15.npz,28899,e74b09d51ffa3e99a3ec5350ee9dbbbb345d5847099786b235d43d5a1fffd355
results/phase5_causal_specificity/states/selection_neutral/rep_15.rng.json,693,11bda7518044c88a5adc956fc02c6632f1d981320566b9356476ae4c505ba762
results/phase5_causal_specificity/states/selection_neutral/rep_16.npz,28913,496dae64cf9c6ac9d68228a2d1dff1aca6e2fffa3e63a1ca4c754788082f1bc5
results/phase5_causal_specificity/states/selection_neutral/rep_16.rng.json,693,df4a6853846434a4c2129c74ff7d63f00b531850adc10417c95e894c85b5a1f6
results/phase5_causal_specificity/states/selection_neutral/rep_17.npz,28044,e8021c1a8877372e2d88a3f23606133425ab58da053034a03ad0707a4e947cd4
results/phase5_causal_specificity/states/selection_neutral/rep_17.rng.json,691,08bb75115da1fa7376664a5e9b888815c001733ac80514085609905519fba746
results/phase5_causal_specificity/states/selection_neutral/rep_18.npz,28710,bda06a2bda58df37ef1179e93847618ae450e160f91d380134dd6300e21d201e
results/phase5_causal_specificity/states/selection_neutral/rep_18.rng.json,693,59d4c3d75d42ebabbbdc7d8c71e98720c4561485f75788f8f2672ed72e54b70a
results/phase5_causal_specificity/states/selection_neutral/rep_19.npz,29216,026370a02d82906c14d29599b2ca06f1552f395db623ced0c110eb1106331817
results/phase5_causal_specificity/states/selection_neutral/rep_19.rng.json,693,08a3dfc8b72efde083ecb42145eeef0d7f9131db6d1b6f1dfb8172f565b6195a
results/phase5_causal_specificity/states/selection_reduced/rep_00.npz,28490,668baa261013fba4cb8254db920b7055e469fa93fc64207d97caaaacbe12b381
results/phase5_causal_specificity/states/selection_reduced/rep_00.rng.json,693,7973c8df05b969fc6a17ff12cf97847cad2a50ee21c26c5257d5cd32444b4e4f
results/phase5_causal_specificity/states/selection_reduced/rep_01.npz,28462,1fcc74cbed6d6bc8093e24f7e98f648367d7a18d8d5b43b32429efb5cb7096ce
results/phase5_causal_specificity/states/selection_reduced/rep_01.rng.json,692,2a491474e03aa601dbe47335bd6683a21e2468d81e298089bce74e38829f6c80
results/phase5_causal_specificity/states/selection_reduced/rep_02.npz,28611,55a57a021b9c1593045488b66c7c6f9aeaa773a569465751fdf5d05b2feb1f1f
results/phase5_causal_specificity/states/selection_reduced/rep_02.rng.json,695,6376d0432144926931dfaf2608de9dbd2eb21b4bafa0491a7eb9f3b68f64e8ea
results/phase5_causal_specificity/states/selection_reduced/rep_03.npz,29388,5f67fe2d27982b403826aa7bea73bf225ee677f13b26414006165cd0de112a8d
results/phase5_causal_specificity/states/selection_reduced/rep_03.rng.json,693,47ec22e93cfbfaf07834df6593803771d72c4f51bb8fd98b9867450557686355
results/phase5_causal_specificity/states/selection_reduced/rep_04.npz,28321,88392dbdbc38651498972a9e77f660f56e9578131e4b59cfeb34e85fcd439034
results/phase5_causal_specificity/states/selection_reduced/rep_04.rng.json,692,b87d019f499df5f7a2f9abcb7c4070904676f2a73c1db61cc6441390569951f5
results/phase5_causal_specificity/states/selection_reduced/rep_05.npz,27696,37164f089abf7168307078326d93232d347b3023448119143fbdf2f3f52b83a7
results/phase5_causal_specificity/states/selection_reduced/rep_05.rng.json,693,d9188b4dd4d18f114335519a471672f2f595c6fe78996b15bf25bb44ba20eef4
results/phase5_causal_specificity/states/selection_reduced/rep_06.npz,28514,da53369eeae6393e8b38afc8be0950156dc524c0b0d9f95fcb758f73c384e8c6
results/phase5_causal_specificity/states/selection_reduced/rep_06.rng.json,694,3a7c34bc953c7bc28416ee54fbc8a6e541ce2528ab76f8a23ac27978344a4139
results/phase5_causal_specificity/states/selection_reduced/rep_07.npz,28744,59c67189892591cb6a616ece261b49c6080e895ee9a96d7e07fc7d856663dade
results/phase5_causal_specificity/states/selection_reduced/rep_07.rng.json,694,7020d2d03b6b77db2c9dad7b264e01c6e88ec70342148af11b2ea54d0a312fc1
results/phase5_causal_specificity/states/selection_reduced/rep_08.npz,28321,466ab64ec03e8ec777931c448578c70b8b33a3a8a7344891245cd78d7cac2d88
results/phase5_causal_specificity/states/selection_reduced/rep_08.rng.json,692,39b8b955d21bfc7e4c71d9f0e96d720543d22f2a38e92e99c002465ab9b303c6
results/phase5_causal_specificity/states/selection_reduced/rep_09.npz,28816,3984c20e7b2e6ef4a77b17a899c758170e79010be0f8410ab15c9c622f8ef0a5
results/phase5_causal_specificity/states/selection_reduced/rep_09.rng.json,694,59c71e662eeaa0079a6645851fb3381d4d1c3cb26263dcc1fa95eb07b93f7994
results/phase5_causal_specificity/states/selection_reduced/rep_10.npz,28163,4c9e4e8340474ec8e1973cacc43f3a11b7ee6ad336f0482a92cbab8de1fa4291
results/phase5_causal_specificity/states/selection_reduced/rep_10.rng.json,692,1f59331c77d9b602f97643733f8cf1214f2de2ba3293c484927d51beaf41184c
results/phase5_causal_specificity/states/selection_reduced/rep_11.npz,28976,68bb45ae056beb1f246a080eb5627d439859eadc548af3d54566b58fd4a5805b
results/phase5_causal_specificity/states/selection_reduced/rep_11.rng.json,692,e1272e4ff12def7f42a79627653aa9a74f9801c8ebebce877f8fbdeec3795383
results/phase5_causal_specificity/states/selection_reduced/rep_12.npz,27963,6d54be8f2a69cd696d63ea9ca780b3ccc77b3593eebf5a376e71de35e7daac7c
results/phase5_causal_specificity/states/selection_reduced/rep_12.rng.json,691,3a687a21b783369f97195a8bb8496f58a6cf1bdaba5a0c4f72decfda84638ddc
results/phase5_causal_specificity/states/selection_reduced/rep_13.npz,29211,0c8546c8f3ad9ba9beae94d8056c1fc50ad86af0b283208520e7f133802ff2f7
results/phase5_causal_specificity/states/selection_reduced/rep_13.rng.json,693,96ec4f9ecba90da4038ced80a99b307b03700c06eee0236c7be4833821f2a0bb
results/phase5_causal_specificity/states/selection_reduced/rep_14.npz,28528,f65433acf160889479a38995f3367ade928e2c16993d22d172d5e594356fbe05
results/phase5_causal_specificity/states/selection_reduced/rep_14.rng.json,695,f101bffab2b08b87bf6e86120097470bf9b8d182d458735b29f6cfa0557fe36e
results/phase5_causal_specificity/states/selection_reduced/rep_15.npz,28893,e38fc4f72411a0bc49166485c727994f1fcc4335e23106e7f4c16ad5846fc52b
results/phase5_causal_specificity/states/selection_reduced/rep_15.rng.json,693,11bda7518044c88a5adc956fc02c6632f1d981320566b9356476ae4c505ba762
results/phase5_causal_specificity/states/selection_reduced/rep_16.npz,28506,cec2eac7ec38e0f5961b122947cdf74cea11fdcee1d0bf9573efe394ce4c4337
results/phase5_causal_specificity/states/selection_reduced/rep_16.rng.json,693,df4a6853846434a4c2129c74ff7d63f00b531850adc10417c95e894c85b5a1f6
results/phase5_causal_specificity/states/selection_reduced/rep_17.npz,28731,423b0c72252d75f1a9ff5be810eafd70a9442f0ea97a2ee65f0909d4b3c83261
results/phase5_causal_specificity/states/selection_reduced/rep_17.rng.json,691,08bb75115da1fa7376664a5e9b888815c001733ac80514085609905519fba746
results/phase5_causal_specificity/states/selection_reduced/rep_18.npz,28650,d63a3ff44e2d59827799dc87b014d01d2cd10dbbb975fca8b436d57bec763dd7
results/phase5_causal_specificity/states/selection_reduced/rep_18.rng.json,693,59d4c3d75d42ebabbbdc7d8c71e98720c4561485f75788f8f2672ed72e54b70a
results/phase5_causal_specificity/states/selection_reduced/rep_19.npz,29066,f895415c06f1cee807cceab56e96bbdd7c95d7e0768380b775b26bdd7cb965cc
results/phase5_causal_specificity/states/selection_reduced/rep_19.rng.json,693,08a3dfc8b72efde083ecb42145eeef0d7f9131db6d1b6f1dfb8172f565b6195a
results/phase5_causal_specificity/states/temporally_unstable/rep_00.npz,28525,b1d88928010c4900c5b906472a398010cb32d31bae32b48b6185c3cdece36ac4
results/phase5_causal_specificity/states/temporally_unstable/rep_00.rng.json,693,7973c8df05b969fc6a17ff12cf97847cad2a50ee21c26c5257d5cd32444b4e4f
results/phase5_causal_specificity/states/temporally_unstable/rep_01.npz,28944,17e086e699ca6dbe2af5122387347e17e9e68e684bbf2e2af292d623af2079eb
results/phase5_causal_specificity/states/temporally_unstable/rep_01.rng.json,692,2a491474e03aa601dbe47335bd6683a21e2468d81e298089bce74e38829f6c80
results/phase5_causal_specificity/states/temporally_unstable/rep_02.npz,29952,05a78de265692901e7b17513ecfe4918a47b508680f8863cc8db50691bdec380
results/phase5_causal_specificity/states/temporally_unstable/rep_02.rng.json,695,6376d0432144926931dfaf2608de9dbd2eb21b4bafa0491a7eb9f3b68f64e8ea
results/phase5_causal_specificity/states/temporally_unstable/rep_03.npz,29597,9a93d648b250ea88d4ff2329163d6cf4a9390b3c6566d79f27a8509c458fe741
results/phase5_causal_specificity/states/temporally_unstable/rep_03.rng.json,693,47ec22e93cfbfaf07834df6593803771d72c4f51bb8fd98b9867450557686355
results/phase5_causal_specificity/states/temporally_unstable/rep_04.npz,28874,6f24aad2f3debcd6a5d50a4279b0729a8fb886384ccdd90e6872219e30165018
results/phase5_causal_specificity/states/temporally_unstable/rep_04.rng.json,692,b87d019f499df5f7a2f9abcb7c4070904676f2a73c1db61cc6441390569951f5
results/phase5_causal_specificity/states/temporally_unstable/rep_05.npz,28953,21f07831cc9d319261e818e4e876aa15ba30661bf152c75140a447bf75672451
results/phase5_causal_specificity/states/temporally_unstable/rep_05.rng.json,693,d9188b4dd4d18f114335519a471672f2f595c6fe78996b15bf25bb44ba20eef4
results/phase5_causal_specificity/states/temporally_unstable/rep_06.npz,28454,8ad0efc8a3aff2d2fed60f7a49e1b2c8ce48f2a94e2576802edff37816851f6d
results/phase5_causal_specificity/states/temporally_unstable/rep_06.rng.json,694,3a7c34bc953c7bc28416ee54fbc8a6e541ce2528ab76f8a23ac27978344a4139
results/phase5_causal_specificity/states/temporally_unstable/rep_07.npz,29485,804d1fdbe13a50e8fc576e5a05d394fbd0555b589e83d655a142376a92643b72
results/phase5_causal_specificity/states/temporally_unstable/rep_07.rng.json,694,7020d2d03b6b77db2c9dad7b264e01c6e88ec70342148af11b2ea54d0a312fc1
results/phase5_causal_specificity/states/temporally_unstable/rep_08.npz,28911,c5f318472644f856d70b4e02a25152c9cbd917eb44233f0fcad19e220f09ced5
results/phase5_causal_specificity/states/temporally_unstable/rep_08.rng.json,692,39b8b955d21bfc7e4c71d9f0e96d720543d22f2a38e92e99c002465ab9b303c6
results/phase5_causal_specificity/states/temporally_unstable/rep_09.npz,30243,df46e995ca2ebd02bcaa8160a3ba178223481425cb6db1fd06b446c54513a5e0
results/phase5_causal_specificity/states/temporally_unstable/rep_09.rng.json,694,59c71e662eeaa0079a6645851fb3381d4d1c3cb26263dcc1fa95eb07b93f7994
results/phase5_causal_specificity/states/temporally_unstable/rep_10.npz,28948,592e9e1f1c3405d4751850087a3a2b2ce8e4d7549a32e94bfc19ed94eab9c535
results/phase5_causal_specificity/states/temporally_unstable/rep_10.rng.json,692,1f59331c77d9b602f97643733f8cf1214f2de2ba3293c484927d51beaf41184c
results/phase5_causal_specificity/states/temporally_unstable/rep_11.npz,29905,c40c0b51b7627a1b568f60a307a4521f890cddf1d719ccbaaeefc58e8c15f620
results/phase5_causal_specificity/states/temporally_unstable/rep_11.rng.json,692,e1272e4ff12def7f42a79627653aa9a74f9801c8ebebce877f8fbdeec3795383
results/phase5_causal_specificity/states/temporally_unstable/rep_12.npz,29546,b0fd18ebcdc99f390e33312bf402ea2eebfb9e49a8d07fb898e0eac03a0997bd
results/phase5_causal_specificity/states/temporally_unstable/rep_12.rng.json,691,3a687a21b783369f97195a8bb8496f58a6cf1bdaba5a0c4f72decfda84638ddc
results/phase5_causal_specificity/states/temporally_unstable/rep_13.npz,29795,dbe04fc0804e8c86d63848cc5c454660603baf29c41e88655dd78fe2b5c0be6c
results/phase5_causal_specificity/states/temporally_unstable/rep_13.rng.json,693,96ec4f9ecba90da4038ced80a99b307b03700c06eee0236c7be4833821f2a0bb
results/phase5_causal_specificity/states/temporally_unstable/rep_14.npz,29479,0d5478357c2475e934bdede339b847913decdda0176bb3bb172a18999af34859
results/phase5_causal_specificity/states/temporally_unstable/rep_14.rng.json,695,f101bffab2b08b87bf6e86120097470bf9b8d182d458735b29f6cfa0557fe36e
results/phase5_causal_specificity/states/temporally_unstable/rep_15.npz,30230,13042531e23e914276c99bdb6358725f46808b8d4a0b237d34b85f370a66e494
results/phase5_causal_specificity/states/temporally_unstable/rep_15.rng.json,693,11bda7518044c88a5adc956fc02c6632f1d981320566b9356476ae4c505ba762
results/phase5_causal_specificity/states/temporally_unstable/rep_16.npz,30155,f95946318b0e12f1c628628b48a15461044dc0f6e083c5578277fcaaabb15e6f
results/phase5_causal_specificity/states/temporally_unstable/rep_16.rng.json,693,df4a6853846434a4c2129c74ff7d63f00b531850adc10417c95e894c85b5a1f6
results/phase5_causal_specificity/states/temporally_unstable/rep_17.npz,29056,c7b2aff306dd338673cca1fcba9c0c7bd63daa0eed0408db94211780535fcb19
results/phase5_causal_specificity/states/temporally_unstable/rep_17.rng.json,691,08bb75115da1fa7376664a5e9b888815c001733ac80514085609905519fba746
results/phase5_causal_specificity/states/temporally_unstable/rep_18.npz,29485,6bf20cbc456784bde3fdaf9e7915bdbd6e9ad5907c930b6f5652603521d55d8e
results/phase5_causal_specificity/states/temporally_unstable/rep_18.rng.json,693,59d4c3d75d42ebabbbdc7d8c71e98720c4561485f75788f8f2672ed72e54b70a
results/phase5_causal_specificity/states/temporally_unstable/rep_19.npz,28934,39084c5a8b56bd90f5d912eb05b8225e8eccc39caa97d13a13d0e6841b5c8f13
results/phase5_causal_specificity/states/temporally_unstable/rep_19.rng.json,693,08a3dfc8b72efde083ecb42145eeef0d7f9131db6d1b6f1dfb8172f565b6195a
results/phase5_causal_specificity/target_reach_and_censoring.csv,426,98be699ba9c18546f56d30a679889d6cdd8a02b841aa1bb8a1062671c53f867d
results/phase5_causal_specificity/topologies/topology_manifest.csv,3639,68030dd591e0dd4b7a498c7cc633a138113af32b6d5e60ce98bf2a8fc81b4a84
results/phase5_causal_specificity/topologies/topology_matrices.npz,13319,d5f2a1193a91a2664dde04aafa0833dc173c475df65bf30c128ac3b3554781fd
results/phase5_causal_specificity/topology_schedules/temporally_unstable_p1.0_r00_baseline_schedule.json,2569,28790058503d18be6da64cfeb4f3183d92bdd63459f30868a084722707eb5969
results/phase5_causal_specificity/topology_schedules/temporally_unstable_p1.0_r00_c0_schedule.json,614,0c2d311854be31b810145e6c40698c1c3e8f4daa3fb9acf98a25f39d55a0771f
results/phase5_causal_specificity/topology_schedules/temporally_unstable_p1.0_r00_c1_schedule.json,614,30ae058bb9732a636ac6d8acd46a478ab7f591f832d0b08e2dc924974345d258
results/phase5_causal_specificity/topology_schedules/temporally_unstable_p1.0_r01_baseline_schedule.json,2569,2dee7ce6dd0347011780df9c381706a298376b2a36365990e163346c07f84a4e
results/phase5_causal_specificity/topology_schedules/temporally_unstable_p1.0_r01_c0_schedule.json,614,b5f8ad5a69ffd897dc0bd2a4fbe07f3fecc690e45ac155d7fe7f72ef1898ebc1
results/phase5_causal_specificity/topology_schedules/temporally_unstable_p1.0_r01_c1_schedule.json,614,7cd1f3e04f7be8d6300c1cfc3a434808fce8a6673bb4f3f2ad27c4e32b8651fd
results/phase5_causal_specificity/topology_schedules/temporally_unstable_p1.0_r02_baseline_schedule.json,2569,68890d37746372818f61c665461dda87f1956988f113c4669d0853150a5194d7
results/phase5_causal_specificity/topology_schedules/temporally_unstable_p1.0_r02_c0_schedule.json,614,4536fb840b22308a29732fb092b986fc60c5547f618caf7795fa6d65eb9e77e3
results/phase5_causal_specificity/topology_schedules/temporally_unstable_p1.0_r02_c1_schedule.json,614,b73fdff905dc23f6345e3d18e4a0a582b79680395442871a25aad60b14e3c665
results/phase5_causal_specificity/topology_schedules/temporally_unstable_p1.0_r03_baseline_schedule.json,2569,9918c143877df178d848e0f00aec3ccdd594c5dce7fede9681609686cbf749fa
results/phase5_causal_specificity/topology_schedules/temporally_unstable_p1.0_r03_c0_schedule.json,614,5e41f64505802c18ed91dfafcb8adbad52ad72479b3f3b70254ac20d6ac9860b
results/phase5_causal_specificity/topology_schedules/temporally_unstable_p1.0_r03_c1_schedule.json,614,88d8959bc3cb170117dfe7585d5c610589189eaa04345e09b4aafda20f31f27c
results/phase5_causal_specificity/topology_schedules/temporally_unstable_p1.0_r04_baseline_schedule.json,2569,73de27643592aeb9ba2afb6a481e89b219f79490306c7821842282946fa60fba
results/phase5_causal_specificity/topology_schedules/temporally_unstable_p1.0_r04_c0_schedule.json,614,32bbcba0c2b77b6b86c1a716cb5ae98987ececa4fb2f03b8119caaf2b77dd281
results/phase5_causal_specificity/topology_schedules/temporally_unstable_p1.0_r04_c1_schedule.json,614,dfd425266dfb0395b5189e8d9fe26f08c7d54288b8c85bf6489d79a46a91723a
results/phase5_causal_specificity/topology_schedules/temporally_unstable_p1.0_r05_baseline_schedule.json,2569,51312c3a93acc4a2045eee1ae2433ef0334b81f5dc4d5de39e807bdc7ff37b4b
results/phase5_causal_specificity/topology_schedules/temporally_unstable_p1.0_r05_c0_schedule.json,614,9918e99c426ce4bff6dcd86fa9d601d1b3fbeb777817bb3ef220f92a32acd955
results/phase5_causal_specificity/topology_schedules/temporally_unstable_p1.0_r05_c1_schedule.json,614,183c270f501807cc969f9fde225257bcbec3aee8d936673053d62f728e358f43
results/phase5_causal_specificity/topology_schedules/temporally_unstable_p1.0_r06_baseline_schedule.json,2569,1db45515986ed6916c60cb3fc7b8dc1bbceba59ffa1968114766647f4fa5b2f9
results/phase5_causal_specificity/topology_schedules/temporally_unstable_p1.0_r06_c0_schedule.json,614,f2743f51a34c1ea718f908c01601a6ef3ee211355f3e0a3ab1b3b6f660532b44
results/phase5_causal_specificity/topology_schedules/temporally_unstable_p1.0_r06_c1_schedule.json,614,f04aab19e190fbe780c32539d05f9f8d0b9511ee34adb5419b7b5732baf417ec
results/phase5_causal_specificity/topology_schedules/temporally_unstable_p1.0_r07_baseline_schedule.json,2569,dbf884bef48d3e80eeb175e017ebe0975b265d0098bf15b3d8320863c87d3c30
results/phase5_causal_specificity/topology_schedules/temporally_unstable_p1.0_r07_c0_schedule.json,614,1294b15322a7b457dd07426cf91bdc1564748dcd17c49042296f10c9c053346e
results/phase5_causal_specificity/topology_schedules/temporally_unstable_p1.0_r07_c1_schedule.json,614,163d2a26c0c253349daab791bb0f9e6d5ea856e6fc5c7c1083cae9aa6c760301
results/phase5_causal_specificity/topology_schedules/temporally_unstable_p1.0_r08_baseline_schedule.json,2569,d1b5ffb3bcffa1b9a50ca568a9e739ced7bbe5ad661bec692c0fec0af948fae8
results/phase5_causal_specificity/topology_schedules/temporally_unstable_p1.0_r08_c0_schedule.json,614,720d1fdd45a721d48f48b2a91f185dc459875f0ee18a900a373dd495379e2091
results/phase5_causal_specificity/topology_schedules/temporally_unstable_p1.0_r08_c1_schedule.json,614,f8c23db3a760bd07cf4f7800e69a433d93353668ceea5a8052f99efe42bd803a
results/phase5_causal_specificity/topology_schedules/temporally_unstable_p1.0_r09_baseline_schedule.json,2569,9264f1e9d9ac139aec16b4a9ef3cd5acdfb6fb49c6adf7904cc027818ab9d178
results/phase5_causal_specificity/topology_schedules/temporally_unstable_p1.0_r09_c0_schedule.json,614,81404335a8e1392500afa1d9b1a579ea2329f71e2126616b45eff505ce28cdcd
results/phase5_causal_specificity/topology_schedules/temporally_unstable_p1.0_r09_c1_schedule.json,614,9b972a2973b2731b5d0e14f79c9ecf05ef0fed3f5b0e0a8fe5688095dbe3846b
results/phase5_causal_specificity/topology_schedules/temporally_unstable_p1.0_r10_baseline_schedule.json,2569,cdd96b4be78d148fd2a8f017d6e5695808dc72deb1d7e67e57ef8f59ea6b2287
results/phase5_causal_specificity/topology_schedules/temporally_unstable_p1.0_r10_c0_schedule.json,614,b0e3589c0aa837bb130263de1a82b538922b3b5458ea6f0efaa3805c61c560e6
results/phase5_causal_specificity/topology_schedules/temporally_unstable_p1.0_r10_c1_schedule.json,614,fabe7b37a7e6f48bf9ce022e3b628393f41fb11deff7d04441ee7906925bff70
results/phase5_causal_specificity/topology_schedules/temporally_unstable_p1.0_r11_baseline_schedule.json,2569,f1daa691280dc1e1cf1dd6a46a7117b069efac6cf647df0e448d8e42e57b9120
results/phase5_causal_specificity/topology_schedules/temporally_unstable_p1.0_r11_c0_schedule.json,614,31a9c1b50c53ab9285e0ed410858e4a06672eb9b068208b97ec1e94e3ec06bd9
results/phase5_causal_specificity/topology_schedules/temporally_unstable_p1.0_r11_c1_schedule.json,614,4ce62d4da871fa57f18f845921d17b05c56b53750ffa076727bccfee710c4222
results/phase5_causal_specificity/topology_schedules/temporally_unstable_p1.0_r12_baseline_schedule.json,2569,18d119a31c78594b7cf94e6741dad09b2db83b149f5b346a6078710bfc5271c5
results/phase5_causal_specificity/topology_schedules/temporally_unstable_p1.0_r12_c0_schedule.json,614,040bdfe2160163f66d1eafab1a7be1220efbdd47246b43e22577d1609a512694
results/phase5_causal_specificity/topology_schedules/temporally_unstable_p1.0_r12_c1_schedule.json,614,ff9ac1adb54b34b755a0ab5676d404025beefe70f693bac6d79fc62bf8909a60
results/phase5_causal_specificity/topology_schedules/temporally_unstable_p1.0_r13_baseline_schedule.json,2569,bc023ad9a3c13354a2ed8fb7ab6753e6668eac11d31b8be56d4f2e07eeb229b3
results/phase5_causal_specificity/topology_schedules/temporally_unstable_p1.0_r13_c0_schedule.json,614,3268b00b031fff9f3cc02cc326046692cd1c65d8fd8c30a01b5ec32b128ac9a3
results/phase5_causal_specificity/topology_schedules/temporally_unstable_p1.0_r13_c1_schedule.json,614,5ad9d2a64470d8b4457fe99515392b644c62a65e43d0d578ed561658a48c9ec8
results/phase5_causal_specificity/topology_schedules/temporally_unstable_p1.0_r14_baseline_schedule.json,2569,10afc37346a87fea84d3d8886fe650e455a62a82c6a85d6f62798c7a1163c847
results/phase5_causal_specificity/topology_schedules/temporally_unstable_p1.0_r14_c0_schedule.json,614,a2a12f6c89bb84f4037f407a724013396734c8f34e6db3786dd42046a56b8951
results/phase5_causal_specificity/topology_schedules/temporally_unstable_p1.0_r14_c1_schedule.json,614,ab27cd75089cb7883a3e535cb6620107706b6db9e60c8de2991c7bf924f22bc6
results/phase5_causal_specificity/topology_schedules/temporally_unstable_p1.0_r15_baseline_schedule.json,2569,c68ca6b33fd1f284b5795f5a026322c3781bc662a186b8d91bcb59662671ea3b
results/phase5_causal_specificity/topology_schedules/temporally_unstable_p1.0_r15_c0_schedule.json,614,4dbf1c198604e2b222bda3ea965c16cff14fac585db1f6024cae4e4fe1941fa4
results/phase5_causal_specificity/topology_schedules/temporally_unstable_p1.0_r15_c1_schedule.json,614,17a32012d4ee8570701dea746958cfae692ccbb8eeef0957ba21cd302255071c
results/phase5_causal_specificity/topology_schedules/temporally_unstable_p1.0_r16_baseline_schedule.json,2569,25f45cc39dacba2db41ed21af5f00ffff464eafca4dead507228f72784f243fc
results/phase5_causal_specificity/topology_schedules/temporally_unstable_p1.0_r16_c0_schedule.json,614,207874e71b1679ec34d46610548f58de56e28c285ede5f0b2899ac0612da11c6
results/phase5_causal_specificity/topology_schedules/temporally_unstable_p1.0_r16_c1_schedule.json,614,ae5306c402b77db743a2e32ffe5c52821e478b1725c158fa9a5cac5ebca2c392
results/phase5_causal_specificity/topology_schedules/temporally_unstable_p1.0_r17_baseline_schedule.json,2569,19d9becc06273f56b0ebe416c20ce3329cb2edac9ba117ca2c88024243a81e91
results/phase5_causal_specificity/topology_schedules/temporally_unstable_p1.0_r17_c0_schedule.json,614,48c74e308f66d4d37cc81a1f9360ea27e5f040d97e199d4ea59d8c0bcf5b019d
results/phase5_causal_specificity/topology_schedules/temporally_unstable_p1.0_r17_c1_schedule.json,614,8e33538e11aec705b53722e3928c35c0eac65714251d5e7ba3c03e1fb62db166
results/phase5_causal_specificity/topology_schedules/temporally_unstable_p1.0_r18_baseline_schedule.json,2569,4fe2e5100fc62da7e7a99671b2f2a0421ba7d5b695d59a144431df54de871a01
results/phase5_causal_specificity/topology_schedules/temporally_unstable_p1.0_r18_c0_schedule.json,614,3f6d5ef7a699a9d7c00e19d064abca3808023b5b6328924d30f0f0fc06b36fe0
results/phase5_causal_specificity/topology_schedules/temporally_unstable_p1.0_r18_c1_schedule.json,614,13c162cc3623be0a2569d192cd76c76af1abeb5d8505a25b44c01b1238913780
results/phase5_causal_specificity/topology_schedules/temporally_unstable_p1.0_r19_baseline_schedule.json,2569,d4c5cc8331f295b343fb98eb49b012c01e4bc1283319d9f7ac633bf341000834
results/phase5_causal_specificity/topology_schedules/temporally_unstable_p1.0_r19_c0_schedule.json,614,3e10bba4fc72587f7f23dd01604305fec495181a6c806a1f91abdd3574384633
results/phase5_causal_specificity/topology_schedules/temporally_unstable_p1.0_r19_c1_schedule.json,614,f884682956835b0087f07a5da9183a38025c9a64cbbb97c6da3b4b450d8d2821
results/phase6_generality/FILE_MANIFEST_SHA256.csv,6816,5f5b86997093117b3664f3cdeae086f3cb9989a0c9ec65f6f9cc4f9e72dd51f8
results/phase6_generality/GATE_7_DECISION.json,444,259f6098c541e5760f809eac57c4780d7d41e540acd623ae542ab8edb697e91a
results/phase6_generality/phase6_settings.json,135,91fa217722fd8666259277b312df9151fdfa7af63283b7926027a90a3a7aa0b5
results/phase6_generality/regime_counts.csv,275,6065650a7ff75e026a2a911d23f180f53be6f70716b526ef55625941f76f0303
results/phase6_generality/stage_a_design.csv,14844,71dc645cd042936bdaddd3c6bdbbdf458876fe8d4a9996234e78a1dac08d3418
results/phase6_generality/stage_a_map_summary.csv,26484,5505db8749b5d81dd8e4c35971a6c0c063743a7b8292ed096f7dc4ca4152cd52
results/phase6_generality/stage_a_replicates.csv,90142,98aaca731f6caaf20875a9897f1e82636a19d322ff3430ea636a84170b07919c
results/phase6_generality/stage_ab_summary.csv,49073,224657e92b3123cd3d8153b9873065947abd43a7ff3ec7b6052596f7c266337f
results/phase6_generality/stage_b1_design.csv,9440,b31db826f6a5bd941f3dcfd0e8c71071d145250b771c7315d19483ce8e90b22d
results/phase6_generality/stage_b1_replicates.csv,40442,4f2fa567855d92a754dc8a3e529e0fc540701e44b093cd3ea90a5a3e12d746c7
results/phase6_generality/stage_b1_screen_summary.csv,17673,e4ca99b5ba7138fdb49c2903cfe746649f936958c0e80af38da462a5a3ff1a23
results/phase6_generality/stage_b2_design.csv,8188,ca6e20be5b3e35c5d121337133e7ba1586996b8149cfdc563d9c511b75520ade
results/phase6_generality/stage_b2_replicates.csv,49269,b63ede8d6cdd4e937be25ef9820888d9debb9a554183e76f56c5cbdd78b2a33b
results/phase6_generality/stage_b2_structural_summary.csv,14848,7bb8cdb3434ef03f29408997ab75f71ae067c1a75fdd7c9d76367e9b32005f6f
results/phase6_generality/stage_c_design.csv,5853,64fd9cd95ea6f46cba3dce21011e3468c2bc039fb6ff79b5010649082a91ff01
results/phase6_generality/stage_c_protocol_summary.csv,9115,d352ef336e54fe16b9ace5c65be28e409688b4ca22348d1ddba484c19721dd41
results/phase6_generality/stage_c_replicates.csv,35150,6d705578a3f9088aaefd4b453f369d6d74a4a532bc7a7e45b6ca76dcdd575ecd
results/phase6_generality/stage_c_representatives.csv,1799,8cbb783e79978fda326be17978f44051c341dfbc89d24763ccceb2a92adce15a
results/phase6_generality/stage_c_summary.csv,9196,d6ca899c594dece37d9e68ac2a317df2479600536e97e6b05ea0d009c3da838f
results/phase6_generality/stage_d_blocks/D0_r00.csv,19754,2dbbbd72256a80ddccb2caba7cf913e7bb72a6593a54a3f6821be61d54a32301
results/phase6_generality/stage_d_blocks/D0_r00.json,725,3972754bc502feead6eff6292dab4282bf437ace80f2d4643c8439865a2b8194
results/phase6_generality/stage_d_blocks/D0_r01.csv,19759,26bc69928c69a5f54d9bce587e35132864a8ba3745a3086dc0f9b08d5440c8d9
results/phase6_generality/stage_d_blocks/D0_r01.json,725,c7d48e3448ad8cdc37c989a17fa2e198420ee8438e8cae871d034a7e98892922
results/phase6_generality/stage_d_blocks/D0_r02.csv,19778,d69280c9fa4028c24fbf4dca9a04d5feb6fe359299591fd4bf5ab719dcaf4963
results/phase6_generality/stage_d_blocks/D0_r02.json,725,c3f133d7a3218c5c2326d20479722b0b4f2f464a65bab19649c358b9d32ba050
results/phase6_generality/stage_d_blocks/D0_r03.csv,19808,f18d8a4627c4bccbe1a453bc364c32fbf0fad66b9869e814dde1b0c290531cd0
results/phase6_generality/stage_d_blocks/D0_r03.json,726,6287cc9ff0a43b82d0bd9c5700894a154d8836039cc87907891cc30f30695ade
results/phase6_generality/stage_d_blocks/D0_r04.csv,19843,9abc6c0d5c5d1fa589af4d05050f17a118b5f277bafd8508e515a498fa0ecfc2
results/phase6_generality/stage_d_blocks/D0_r04.json,726,1771c552f3821733eea37273b230d40dfe5aed13b202cf8180a86ee08ed05bfd
results/phase6_generality/stage_d_blocks/D0_r05.csv,19755,458beb79d3af2416f48b219a1d0631f4bf20bc18067ac4104ca90a2db9ded9f2
results/phase6_generality/stage_d_blocks/D0_r05.json,725,283fc751ff677a48c4598efe2dd2c689e197c213ad7f0bb8ce37ebfd5eee184d
results/phase6_generality/stage_d_blocks/D0_r06.csv,19803,0a663a09bd78d59301cdcec56702dc024d9c5a6ebdee987c2f2e336f6fe6f47c
results/phase6_generality/stage_d_blocks/D0_r06.json,725,b0c83a559cc935de7687ef0b3b72e9291ba3bd1f8014417802de3cc561b69e3e
results/phase6_generality/stage_d_blocks/D0_r07.csv,19709,49bd60a50eaae3d580aa447f0dcf501cdf97a9e01433cdeadb6a3fca8b1c9341
results/phase6_generality/stage_d_blocks/D0_r07.json,725,ae75f739c4925ba2d4b0c6e5585629003d526a81b0978c52fa112c386d6b5c98
results/phase6_generality/stage_d_blocks/D1_r00.csv,19801,a7bda003eda4ee8806dad42d4850538aeb0998ff2322d587a62cd1beb14bbf79
results/phase6_generality/stage_d_blocks/D1_r00.json,710,7d816faf400667ed2616fc9592d8e6d163715019f3e76d4a749ebe291b8fe9cf
results/phase6_generality/stage_d_blocks/D1_r01.csv,19881,22858d3a5ac0c021b88e7113dc3fada8e8e3f3fd683c435eb70b721874ff1192
results/phase6_generality/stage_d_blocks/D1_r01.json,709,276c355a2722927d6211930186f8bde6e87aa4bcc717eb4cdd8c1647959f015b
results/phase6_generality/stage_d_blocks/D1_r02.csv,19886,f81e81131398f0581f634d9466d45cbea21d086471cd832105007809cc007068
results/phase6_generality/stage_d_blocks/D1_r02.json,710,21dd79aa3d8bb40323ffad0fb9aca92e02a8a2d4915facfca7194445cd1424b2
results/phase6_generality/stage_d_blocks/D1_r03.csv,19891,f9ce55c00f88d2d762d1cdbd7515aca1643c4025f385a60bf1da9eb968497c09
results/phase6_generality/stage_d_blocks/D1_r03.json,710,ff3bbf6312f6c24087baf40e89e40b7c1b5acd4ddd6e1d3cf513302a89eeb086
results/phase6_generality/stage_d_blocks/D1_r04.csv,19782,ea5a22db484dd9937c1f9b992b7131fd4b0d6daafec63bea9290069ae45500db
results/phase6_generality/stage_d_blocks/D1_r04.json,709,ec69816a804c2bc56639564d8b08f6215a20dff1352b72c6f985af3c9e9dc3d9
results/phase6_generality/stage_d_blocks/D1_r05.csv,19865,ef7fc863713d906e03ffbf47e8153a11b06f1e10130e53154c9bc8a027436899
results/phase6_generality/stage_d_blocks/D1_r05.json,710,4fc48a833b9d7a2f078440b2c56b4b64b8f1a68a22a022aeae92ce77cde13844
results/phase6_generality/stage_d_blocks/D1_r06.csv,19819,3a3a0c46c0d4c107f33c5eaac6568a0bdf75beb0ead600b031441e74072e470f
results/phase6_generality/stage_d_blocks/D1_r06.json,709,e228389cc5c7dae2279fc15e8f86e675224556874e9e9a6640ce8e33ef2a66e7
results/phase6_generality/stage_d_blocks/D1_r07.csv,19801,8a021004d28843ad60ba988d6aa12dccd237ac529627f8d52fdf8616f57f99ce
results/phase6_generality/stage_d_blocks/D1_r07.json,709,4dce72b7223822c3033aa74ec0f81cfb7328fbc38148e15b05fdd60acffcbef3
results/phase6_generality/stage_d_blocks/D2_r00.csv,19710,e15cc45039a2b2fb45890c6a9761246731fa50f4be8f01d2fe3b4529d52f3159
results/phase6_generality/stage_d_blocks/D2_r00.json,723,bf36db700725ef6615ea66a4b0d7154713cf75eb0734a9ca90cb8f3d87edce36
results/phase6_generality/stage_d_blocks/D2_r01.csv,19747,9c5348c6d907027b1de5d1a5b86c1abd5231a8097590aa85e527aa52b6c61d37
results/phase6_generality/stage_d_blocks/D2_r01.json,724,eab321c78a8f331f442d658d9c8eebc4a551496729b211e5acaa54abf907ed53
results/phase6_generality/stage_d_blocks/D2_r02.csv,19688,37a534a13478aa1c1a93c7a9807f83f9db7adfa8587bd675d837782836ccba83
results/phase6_generality/stage_d_blocks/D2_r02.json,724,6c7eb9278fb317a04e43157d68c6f8589be774ab1e0fca27da58f3a48b8d947c
results/phase6_generality/stage_d_blocks/D2_r03.csv,19740,3b697197c989b2b12ed045cdc86ba91ad87ec6f929ac6ced9a4312349ae8436e
results/phase6_generality/stage_d_blocks/D2_r03.json,724,e5b201b12df48faaf8396cc38ff57c8a3a4790456b333858a3e34ff7798bc84a
results/phase6_generality/stage_d_blocks/D2_r04.csv,19763,52fc1c0a2acf0b6fc132939969ea81ab82430291eb57226c93c02eb3d07210a5
results/phase6_generality/stage_d_blocks/D2_r04.json,724,4e29cab74e2b9406663a85c48983c641cf5cfbedbc0f42fed4f8a7aec1614236
results/phase6_generality/stage_d_blocks/D2_r05.csv,19653,2bc5e37a7e5d0a510fa1034a98ef0b0925c8b9f10092b9d62f188a2809c701ae
results/phase6_generality/stage_d_blocks/D2_r05.json,724,3297546bff9feef37405d27a89be80215bd8bf8a9e55402878b097c0725766b2
results/phase6_generality/stage_d_blocks/D2_r06.csv,19532,41667fce5b9ba8353cbbaddb5d7174811cb2af3cd0fce99f95965b31834a9595
results/phase6_generality/stage_d_blocks/D2_r06.json,723,684839710d1099675792a82a1106b47a24a838a1053436b09b0889bc318e7d27
results/phase6_generality/stage_d_blocks/D2_r07.csv,19725,e0e02d2b4695d56507a54e94aa2ae957f885940ebfd0713f85b870029ab07acf
results/phase6_generality/stage_d_blocks/D2_r07.json,724,ced67c91a05a600dd9c195c8f2af539236f9edd544657087c894e5c596192c8b
results/phase6_generality/stage_d_continuations.csv,465738,c9f08b3f1b0ba2a08e96bbd75b90b8a74b44d6f49bf56c6656353ce24892a141
results/phase6_generality/stage_d_frontiers.csv,241260,4c40763d1ce576ac6729aea37392498b74034be36ec4c0e87df8ad3911d46ec4
results/phase6_generality/stage_d_replicate_summary.csv,5755,63adac2fe7ff88048de6db967b218e0174c822b1fa7a9c7d14acd4711226d881
results/phase6_generality/stage_d_selected.csv,3282,13425d757d45e51b08d3c97a23980ab00be036853bc916b5dd562bece6dbbe78
results/phase6_generality/stage_d_summary.csv,335,a07e3d1660dcd159aeec487d62ec4a873ee8bc71fcbf4c170bf2758f167aad4d
results/result_freeze/FIGURE_SOURCE_CATALOG.csv,4704,db57f59e65a27722a03a64d9166250335b328adde090dada1871d2e876897e4a
results/result_freeze/FILE_MANIFEST_SHA256.csv,1706,170317b1b0b55f374b0cc3bc38211243c1ad079a5c4c1112a93fd5ba91be1205
results/result_freeze/GATE_8_DECISION.json,483,a66c69496a003826186213f37ab42673083f4700e2a7f4ff8d668174404e526f
results/result_freeze/INFERENTIAL_RECORD_AUDIT.csv,6361,4d0688d89532d4f6f1aae0d83a764e6e7c19f573af1aad245fff4c319cb43bc0
results/result_freeze/RESULT_INVENTORY.csv,984655,3a7e73bfcbb0517776cbefe095949cf96cd178c882da54951922e5f65aebf2de
results/result_freeze/figure_sources/causal_specificity_contrasts.csv,1648,d825e7f63b65b26d25efb8f58c88ae16550277bfb51931357e1d859f4bc3a442
results/result_freeze/figure_sources/causal_specificity_seed_blocks.csv,25029,34af9be570d21034729692110a9fa5678f1d4768bfba66d8eaa6f4b0f6a255b8
results/result_freeze/figure_sources/core_frontier_points.csv,4668107,d301e23271ca087481fbfa1f3d8b4d909f58f0f78194667cc258e0f10bc7a251
results/result_freeze/figure_sources/core_inference_records.csv,22949,0bc30784704e210ad2da076c344b1a244bfbe3b1415b1ab3a84c5b7f454a16e5
results/result_freeze/figure_sources/core_information_replicates.csv,81448,4c4f9810188d206884cdb9aff95c7b5e1fcfa2da3adc79c83e878ba68b13b7a8
results/result_freeze/figure_sources/core_semantic_replicates.csv,109266,d8096c9e04f657337485dd2e1ffced4d04412ed2150c1319c52095e6f7c9bc69
results/result_freeze/figure_sources/generality_confirmatory_replicates.csv,7099,0c5f967225f319ad7b9b371e045b39dce9f41303ac4cfc35368ca30187cf40c6
results/result_freeze/figure_sources/generality_confirmatory_summary.csv,483,4c3fa39d27e2239fb481306894e4b8c5d5b7a64102ea6f158d87d2b18f870bef
results/result_freeze/figure_sources/generality_protocol_summary.csv,9787,fd74eac9a6b2c2c45fb0381029772e96992ba48e46a74e38c892d16abbc9286c
results/result_freeze/figure_sources/generality_screen_replicates.csv,191457,7fa270f81c45c52103338c363b430c9aea99d76aea31d21da9dff9372e2569b4
results/result_freeze/figure_sources/generality_screen_summary.csv,51817,b1bc2824bbbe25109f7a8fde34ac8165a032785d91a22514b9b5203c8356c1e1
revision/DECISIONS_LOG.md,53592,96ef2f57d3270b2bcd990400f63d791f213a6f07cdf21d3be129213d65b6c689
revision/PHASE_01_HANDOFF.md,7761,e6c6b113b5c1cea26fae68ccaee2aec64c8dfbca2a606026707bbc6410659d5b
revision/PHASE_02_HANDOFF.md,6847,2ec9948ee0c8e9e301199423ae9e0792a57b3652054accf501d8b9b8a8c37510
revision/PHASE_03_HANDOFF.md,9409,4c5658bd29b45e48dfe62ff14a07b598aab42427609d2a5e4cb985d69a73d310
revision/REVIEWER_MATRIX.md,29455,07f5f7a97b711f31c551f1057a03704e2816d863f8ec3b70e3b6329f8d3900ef
revision/REVISION_SPEC_v2.md,24207,6dd9bc85e0dec8a8f1a43bd91f59395e66205eb08dd90b4641b1f6a223378561
scripts/build_public_release_archive.sh,906,b9f28b70c12375e442a4e70ba89d7febdbbad7896dc3d0f3beceb8a71bb70d18
scripts/build_release_manifest.py,1118,b9b375a85cc314153127d4b97443174205a7f6f783e52320fadc0f1554e541b5
scripts/build_result_freeze.py,2325,f7c1dfdc6eeef2c5dea62fafd0f4b5b110f7b7b33ce46284f6a5bec30d3c2d6a
scripts/make_figures.py,401,dd6b7d17d8be18c185a196f7ada7c68f97ec5b3a0f83cd5fab876277d1218948
scripts/reproduce_publication_figures.sh,693,9939d50892e7184843224258540136e020a0f8e80f98d347395271453956e8da
scripts/run_phase4_pilots.py,394,b3ca32c43d3d7705659f32f402677313bdd8d3722ee9f3a3592d40b624a04736
scripts/run_phase4_production.py,746,5416b8aacbd3a1ffe2438430f8f344ae946509e433029b69f0183b6821d49382
scripts/run_phase5_production.py,708,65c33fb6a32ed3ad62c94834d28ce7deceb10f8b45434df2a8ee965599055453
scripts/run_phase6_batch.py,797,9e6176261292a5ffa76cb901ad01ae850bd866faa3758b8771ed1b25f7a296ea
scripts/run_pipeline.py,466,9dcf796f2b3600edff276ba1b4ee73d71380dc964c8a799f57d9ac8922ea8e8e
scripts/run_stats.py,1779,6b36c92a0f77e0df01abf932c9551852d4d4171b5e5a0b6fecabcb3c61395511
scripts/run_targeted_stats.py,26315,30aa7afae46a58e44bb12632d55ab508c03eea500363c08ceae04ed16a0a22b2
scripts/validate_phase4.py,6778,21db5d6f6291245c91ffa3eafce7a50056b5fa03856ca177766474644cd94dd2
scripts/validate_phase5.py,7996,a1cbafda8c95578afe408f39d9532d2f4619b14cd125e0bb3ca7c10bf28ef334
scripts/validate_phase6.py,5580,5801be595b1d0a25ee9dd0ba5a1381cd1eadfdc3f0ffbacf068e8a8d39fea00e
scripts/validate_result_freeze.py,3199,20031af9fd9b40c43d044f6e506e0f7b8c57c183203aab5402b44f2a86395196
scripts/validate_statistical_pipeline.py,10928,9885d6c6795ccffd09c83b5211bfb292b242daf647d2202b6349d5e9663452c9
scripts/verify_publication_figure_release.py,4773,0ade9684976780fc4abd3860b845b80f244a6b1f93724a537e80ca6ee98a60a3
src/modelb_semantic_repo/figures.py,39831,78627252d9d10df4090e125b2993a093769234ae2d0a91e27e8239226088686d
src/modelb_semantic_repo/information.py,6663,8593cf7146c3e13dfd696000fdee9625a2a52dced7d5961caaac4ba3e29a3118
src/modelb_semantic_repo/interventions.py,27613,bb0b9e933f016f89165cadd5e23e0e2dad04e7ea1115632ccde1e2410301d359
src/modelb_semantic_repo/modes.py,2979,9c2276dcb9b55eebd871189bb975a2be69d4635606715626c3245e50677db41d
src/modelb_semantic_repo/original_model/__init__.py,40,6a19be40d10fd793c1c92aaeb430cfb2a1dc01f6f809e1de8e42e3496a837073
src/modelb_semantic_repo/original_model/config.py,1293,348b90cfa1adac91129424598f3a53e1fe181dc91fed65c25e8d3c5ede4c84ed
src/modelb_semantic_repo/original_model/core.py,3019,47c10542579e6602c80442073dbd370a91dc1279d9d4bff21876c5b09f5f1896
src/modelb_semantic_repo/original_model/mi.py,556,21c66db952ce06c66b5aefc3637228fd03c44aeb610d7ab8bc75bb6ecc6e9014
src/modelb_semantic_repo/original_model/simulation.py,4043,d215e03343238ef6ee5ba9cfd62a246ca89ee7bde916c838bb112ea601c85c81
src/modelb_semantic_repo/original_model/sweeps.py,2092,8b5917fcfef693136f6b413822a9d2fb264e4cc7ff6371b8b557c13aa702afcc
src/modelb_semantic_repo/phase4.py,41470,0504fac4e7fe757db312f6e5084150c70c86c703029e76618e2e484f3fa62beb
src/modelb_semantic_repo/phase5.py,60517,f99101964a923286014432401baf810fb2fcc5a48ca6021e11ab4de2c89eea4d
src/modelb_semantic_repo/phase6.py,21338,6714ab5095aa81f7d4c0045b5aadade4854920ea8d8f5a38df3a145379991bfb
src/modelb_semantic_repo/pipeline.py,3093,2b512f98e6163f27f86a9459a6c1a072259fbe6512f7bd1c36ce229c16c7e77d
src/modelb_semantic_repo/result_freeze.py,40601,3da3e4fb5a91991582167128d40643b928f79d70d0129ba2ea06df5a95c7b360
src/modelb_semantic_repo/rng.py,2613,5c366b07e52e67caab97e6e246a2a1d1573f261186ca6a27bcd253a878937325
src/modelb_semantic_repo/statistical_pipeline.py,29928,d43ea3d271a0e74bddd23b6b4b21da9eedcf149d67734c216fcad43f5850b583
src/modelb_semantic_repo/stats.py,12459,9d4faee2242a5080bded1a2eae2d90d80a507342e0af4afcea44e54c9bdd42b4
stats/paper/baseline_permutation_tests.csv,7000,21b008705766e876f32579ce9723d199424cf17ae1ca9feb9e80937d44fa07cf
stats/paper/intervention_selective_vs_control_tests_primary_no_kmeans.csv,14390,7f23fa7ab8e0ee7be7b248884699532fb00c5a3f93eaf13014631f1cd6c6f816
stats/paper/method_ablation_kmeans_vs_primary_tests.csv,29613,575596e0322cbe9741b2b145f553cfa47205f495324ca3e2d7f77a704079e74e
stats/paper/method_viability_summary.csv,93440,772d596a6b77ab911fdd9fd0c681439c36dfde1dce5bdffa89ac505c01e53389
stats/paper/robustness_table.csv,10915,1b61f2d135f1c423a66dc953e314a2bf2ebde446b154a387cf851e82fd4d5e69
stats/paper/targeted_statistical_tests.csv,12290,523f5570ceb62ddd38dd9f72ddce4d997d9914d2d71fc3d6d180d974e9ecc7a7
stats/paper/targeted_statistical_tests_summary.md,9411,5bb3c7be022b473bafda98892e964296e6af55427c3c457e5899f036bb1e672c
stats/paper/viability_definition_dependence_tests.csv,2547,f5eaa89991048092bd3ff3d5e32040ae2f2181458dfc814038f506c2df8413d1
stats/paper/viability_gap_table.csv,36937,b77e433d1b7f7d2f1530774dcb15fb54bdcf89eb51f01ca4e36a03a13e5a3273
tests/conftest.py,2702,4874cc04cccf20fc1ccd4da6d27d69d8c0bc22fa9d59661e826e18fc0ceeff86
tests/test_information.py,5843,ee030e4e21f44043bf6d8b765926756d01c5dbcc306fb9ec3fb290bc877cdc50
tests/test_phase4.py,2286,bb0d6542214f34942aa53bfc65a031cfc6733747029ed77fd4ce70e4e8392cef
tests/test_phase5.py,4090,fd924173498bec49189807d1c75940e163a84191fbf72a886c74f73970e506fd
tests/test_phase6.py,1120,86a3dbf0e8d3e80d53d76a6f78a4231fc3385c5e25d0883897724e08e27d25b8
tests/test_result_freeze.py,1031,7a009682dc7947c1bc74167f19b1cdfece97eacf239a710d4c0971c197ec102e
tests/test_rng_and_integration.py,5331,1b47027261d6565774b5be6a3f11dfebc00bda0c32a2bbb7141cb269873a6641
tests/test_statistical_pipeline.py,13260,1136d918f683c530fcc201c835057e365fbaa0cadfa86e481d2b4736e2d02bc4
validation/phase3/block_bootstrap_draws.csv,5213,9f15244115bfa584472aa852aa9c798a5c51d288dbfef53c830c11e7c27878d9
validation/phase3/block_bootstrap_intervals.csv,1109,a3786dd982d86488029998d8e8f8b7166920c8dc4cbbdfa87c055968758a9ce7
validation/phase3/censoring_block_bootstrap_draws.csv,6122,df0f3617b79ae62824bae6e5d6567f40ebd38731c97174695aa7eabb17226ffd
validation/phase3/censoring_block_bootstrap_intervals.csv,1136,28425080cf4f787d3f98f1930684aa5f33fb2861672500bd10ef99b5ea869289
validation/phase3/censoring_diagnostic_summary.csv,1718,90df93c2cb7fc139b57d7f723ac48d26891c95a33d10aebdf94d74a1abf8da0b
validation/phase3/continuation_variance_diagnostic.csv,541,a36319b28b213ece7a250f97a4795412d54e44041e93b66767b1d74a0e851db9
validation/phase3/hidden_rng_scan.txt,0,e3b0c44298fc1c149afbf4c8996fb92427ae41e4649b934ca495991b7852b855
validation/phase3/identity_model_diagnostic.json,199,4a2ea3640ae54420b703cb9ca056ec3d8e8c037782f43d5333d9de7f9d380583
validation/phase3/map_level_nested_summary.csv,8476,356f17b0632fb78373d38d77005a1580b044f005e6b9aa487fb7229e68e11187
validation/phase3/paired_identity_diagnostic.csv,847,86e382769a13f53bf716aa531d8198d51d0650166b6eb75dd43427d5cd9f66aa
validation/phase3/phase3_validation_summary.json,2021,33155c264eba6c688643e9859e295cb17e34bd48b594dfe1056c063510291f0b
validation/phase3/pytest_stdout.txt,100,b54d225cd824da0ae7f0520d357225b4fafdc70b32000c4e6e68ca01395213c9
validation/phase3/replicate_frontier_summary.csv,1710,7f078859cc8e57c58099f8b02aac1bfe0d32908aa4ad5bb0c1aaa167234f1edc
validation/phase3/replicate_frontiers.csv,7722,e6bf95618ec7773e310bdf29034527918de2245006a38d61842a94279baae275
validation/phase3/replicate_level_permutation_results.csv,431,1bb81e7d6397fac6e0c95d78211a2da55dee728b1e98665e9514b26ec59b5285
validation/phase3/synthetic_continuations.csv,20800,dd7f12d8e41220b096896b154083a69795df9d7165fd8f190bdc51ee5ea04f25
validation/phase3/target_reach_counts.csv,131,e3b5b3e1274b9686fbe50ee370600794b27eca1d297b21dbafd93ac68020d893
validation/phase3/validated_continuations.csv,20800,3c91946d9a84be886518c1fb69744aa96226327887a60ff9287a8677340eaa33
validation/phase3/validation_stdout.txt,2022,977b9cd146990232142e4ba3fe3d285afd4084e62e0741f311865956c8a8d1c2
validation/phase4/actual_identity_full_trajectory_check.csv,857854,fdbc47bcd1d47cec1c57892da1d60c39dd4d2aadbc41ff7f532f86ca403de794
validation/phase4/deterministic_baseline_rerun.csv,185,8bb01a1c5ef2ee0e9db4253c7310fadd9e0074e2816f6af861504797f14b4208
validation/phase4/deterministic_intervention_rerun.csv,110,7e7d8174a0bfaa1b249bf5a5edfb874c02d52736c7cb11385d12e65842c5944b
validation/phase4/phase4_validation_summary.json,1122,aa0ece639a895f036dab5f27b22c1e37691a34dab88a1601df58535712c6ea3b
validation/phase4/pytest_stdout.txt,100,7920e476334f6c9f8e7f527f65398dc516bf94c8a91896f46c64b3f4d22fb234
validation/phase4_pilots/continuation_count_sensitivity.csv,294,fbf87cc770deec9cc6a2086e26cc80a38e70f4364cec7593b1c1dfd970098808
validation/phase4_pilots/horizon_sensitivity.csv,209,4b5cb44c6a62757472e29ce1d68d0aaf06acd066e41a80aaf537f6c42a8bbb26
validation/phase4_pilots/maps/grouping_assignments.npz,34123,4932a37393af9ee3e08dc9e6e33047a49a57ea0d729cfa8965cff14310537d0f
validation/phase4_pilots/maps/grouping_map_manifest.csv,6202,c4f8870d5fa27ff7fc6e352620414f583d1ffd0af1f1acca8d22611f0d4c538c
validation/phase4_pilots/pilot_baselines.csv,2041,c124f572a84b16afc605b81ec506cd3bf780c569546608931f059a767339a503
validation/phase4_pilots/pilot_continuations.csv,370407,4d5056f19bdc14915c86a838df59c301eb111916d4224d9e4917b3d8bbf1726e
validation/phase4_pilots/pilot_summary.json,661,4cde2a66599b7007bc0f7b6f0dbe102326dd901b0f22106b6ce0d7cb5f8c877c
validation/phase4_pilots/states/control_p0.5_r00.npz,11897,2467b9ea1b5ae44bd44b54ee493069ec3527bd58857905c2e15063d52ab28391
validation/phase4_pilots/states/control_p0.5_r01.npz,12029,df1942ea7b5d0320f2a19c12510b59767b4e08387a75a772658096968a0533a9
validation/phase4_pilots/states/control_p0.9_r00.npz,6786,08d4ba6cda821a0a181643e5002c4c1c9b21ca8d6366bf47d55b95bd6f529160
validation/phase4_pilots/states/control_p0.9_r01.npz,6913,4e253f1b9cca8de03d06356fb14473a2f0d936d15103adf6261554a6902e2336
validation/phase4_pilots/states/control_p1.0_r00.npz,2982,e55b5a8b89e94aa00325252456ff0ca0a4fb50d35dc5a1cfd54f65421020f8d1
validation/phase4_pilots/states/control_p1.0_r01.npz,3067,79dac8d8d597169d641f62ff484e975faf72ef6779ae02bef1dd30ca2de07d17
validation/phase4_pilots/states/selective_p0.5_r00.npz,12321,057552ac935efe53337f8a99f95b2ce3edcf36b29d3f3d035b305525c8d11a65
validation/phase4_pilots/states/selective_p0.5_r01.npz,12139,cd021abe9d3d78e0b5f5158c5b7dcfa6bbc28570d83c577588e318e84ff14e1e
validation/phase4_pilots/states/selective_p0.9_r00.npz,7070,0ff06c9d85080d71109f863158ee99211e62f1798255b1773dcc80277cc3ccc1
validation/phase4_pilots/states/selective_p0.9_r01.npz,7061,978e6d5cd817718d2aae4552854a46410956c9aa7f03bfd8a0663ef768a28be7
validation/phase4_pilots/states/selective_p1.0_r00.npz,2840,fd7ff6a3a4405365752654aae0a60e6a452a88e9f5d7f82df4f4205aad3686c3
validation/phase4_pilots/states/selective_p1.0_r01.npz,2854,e45381de73fabdb3dde3b2963f2bfb8f3687e19d0419bafa0456df86a8439ecf
validation/phase5/representative_baseline_reruns.csv,176,3bc5b3ba7d0adada62f075625c1378820995dc50a47f9027d08861dba1403b71
validation/phase5/representative_evaluation_reruns.csv,317,69cf7b870de4ac3c523be2b42474f5e21df8183e666f928ef7d7b43d16e6b8aa
validation/phase5/structural_checks.csv,1809,ff6727c365a6d197ccf5c5fa329f0181a34f60a6e03d12dc8c2d655e2c14ad56
validation/phase5/validation_summary.json,60,2abd33bd5901c0746212af4eef44b109389e9bb1148bef7eb2769c0e9afd8267
validation/phase6/phase4_archive_verification.csv,63089,33707d4c27cba5ad083c7334bfb7a824f70d4ec3d527ac7ca1462566bdf26258
validation/phase6/phase5_archive_verification.csv,54842,fc7e779f4497aa8f050ab1e83cdea5d725f7bea842a801e1589c53449e370a92
validation/phase6/phase6_result_verification.csv,2917,e46e54970083b664f5b8958371ae9470f11cdb1c68c134982b1c6b4ac7f52837
validation/phase6/structural_checks.csv,1542,eb3e82ec4e1123cb939c468e59ce9db402baf31c334ab4e6b6d1f54914d68c65
validation/phase6/validation_summary.json,60,58d46f26e00d401576a6f7b1e0beb321979ffbf3ae3cbfe3bf6b2ce7ae1cd9b4
validation/result_freeze/figure_source_verification.csv,585,1cf3e04ae505f42649ec046e2cc88167d9c29582b68c41f3c438f51ab321ab7c
validation/result_freeze/phase4_bootstrap_intervals_recomputed.csv,11455,71bc0b3b0e3b7582ac675ee19d1d0a49368b948559535bc9c2d89ffc76a38063
validation/result_freeze/phase4_permutation_results_recomputed.csv,5290,56034f50d4800aeb1054147bfdce0ff6915b1c60e1d894de55eeca8d023373c5
validation/result_freeze/phase4_target_reach_recomputed.csv,606,00cd68bebaf8a0231e112284455e69ef80f5f1d46ee3f4c7c432377198b55ba1
validation/result_freeze/phase5_bootstrap_draws_recomputed.csv,583926,bec6b2a7c9d958d25e2672a710775671c87e39f07498653e1bf08b81e1bfae30
validation/result_freeze/phase5_paired_contrasts_recomputed.csv,1270,9413dc848d1b0acf3a255aaf8b861bbf814fd3c16f43c0312120fd0be3b3474d
validation/result_freeze/phase5_seed_block_control_summary_recomputed.csv,21126,c5133beaaf2dc9e7872a1162be7df5ec9106ca8de4038b850836759244ece275
validation/result_freeze/phase5_target_reach_recomputed.csv,426,98be699ba9c18546f56d30a679889d6cdd8a02b841aa1bb8a1062671c53f867d
validation/result_freeze/phase6_stage_ab_summary_recomputed.csv,49073,224657e92b3123cd3d8153b9873065947abd43a7ff3ec7b6052596f7c266337f
validation/result_freeze/phase6_stage_c_summary_recomputed.csv,9196,d6ca899c594dece37d9e68ac2a317df2479600536e97e6b05ea0d009c3da838f
validation/result_freeze/phase6_stage_d_summary_recomputed.csv,335,b5cf5fe9861b920d73ea8f895ff6d99a39e9bd4a1e44df7328fd76ff4589fa43
validation/result_freeze/rerun/phase4_bootstrap_intervals_recomputed.csv,11455,71bc0b3b0e3b7582ac675ee19d1d0a49368b948559535bc9c2d89ffc76a38063
validation/result_freeze/rerun/phase4_permutation_results_recomputed.csv,5290,56034f50d4800aeb1054147bfdce0ff6915b1c60e1d894de55eeca8d023373c5
validation/result_freeze/rerun/phase4_target_reach_recomputed.csv,606,00cd68bebaf8a0231e112284455e69ef80f5f1d46ee3f4c7c432377198b55ba1
validation/result_freeze/rerun/phase5_bootstrap_draws_recomputed.csv,583926,bec6b2a7c9d958d25e2672a710775671c87e39f07498653e1bf08b81e1bfae30
validation/result_freeze/rerun/phase5_paired_contrasts_recomputed.csv,1270,9413dc848d1b0acf3a255aaf8b861bbf814fd3c16f43c0312120fd0be3b3474d
validation/result_freeze/rerun/phase5_seed_block_control_summary_recomputed.csv,21126,c5133beaaf2dc9e7872a1162be7df5ec9106ca8de4038b850836759244ece275
validation/result_freeze/rerun/phase5_target_reach_recomputed.csv,426,98be699ba9c18546f56d30a679889d6cdd8a02b841aa1bb8a1062671c53f867d
validation/result_freeze/rerun/phase6_stage_ab_summary_recomputed.csv,49073,224657e92b3123cd3d8153b9873065947abd43a7ff3ec7b6052596f7c266337f
validation/result_freeze/rerun/phase6_stage_c_summary_recomputed.csv,9196,d6ca899c594dece37d9e68ac2a317df2479600536e97e6b05ea0d009c3da838f
validation/result_freeze/rerun/phase6_stage_d_summary_recomputed.csv,335,b5cf5fe9861b920d73ea8f895ff6d99a39e9bd4a1e44df7328fd76ff4589fa43
validation/result_freeze/rerun/result_inventory_recomputed.csv,984655,3a7e73bfcbb0517776cbefe095949cf96cd178c882da54951922e5f65aebf2de
validation/result_freeze/result_freeze_manifest_verification.csv,885,d852388279047717352ae6f5fbbb66ebf32a5a6f01f8f281356fa40b65d2e67c
validation/result_freeze/result_inventory_recomputed.csv,984655,3a7e73bfcbb0517776cbefe095949cf96cd178c882da54951922e5f65aebf2de
validation/result_freeze/structural_checks.csv,818,17e22e713d15f6118e35238737884ab558864b469ec21d250b9f4db2a3969e8c
validation/result_freeze/validation_summary.json,58,b391f745a07fa4fd7d9faaec7bbcd29fadc5788071a4d50b963a351d5e220d98
