condition,inherit_prob,replicate,baseline_replicate,baseline_run_seed,information_observation_seed,permutation_root_seed,permutation_stream_index,n_information_permutations,state_path,rng_state_path,state_hash,trajectory_hash,final_mean_fitness,total_information,positional_information,conditional_information,permutation_mean,permutation_std,corrected_conditional_information
control,0.1,0,control_p0.1_r00,3848474011,3706370506,2026073104,0,200,results/phase4_core/states/control/p0.1/rep_00.npz,results/phase4_core/states/control/p0.1/rep_00.rng.json,90e7cc72aef0fc5a5b033c8fe65119b6ff832b7a90ca598348a7d8c107f82b15,1801f356d1c49b633e1f8cb15aaf06f6851543303a2c29c4db3998b2585da74d,26.709375,0.06192301541010685,0.06630068881979576,0.2819907697514612,0.28522670977820747,0.0028186076921283016,-0.0032359400267462646
control,0.1,1,control_p0.1_r01,1232976297,1624099318,2026073104,0,200,results/phase4_core/states/control/p0.1/rep_01.npz,results/phase4_core/states/control/p0.1/rep_01.rng.json,8f49bd3184f0bf134ade89311057692a9917eb8f8a2b9a42442db6b935d266e9,6c33caf9221cb2ed28ded11a19cd81d50ee9bb0ef2feb220d71cad9b5a5b8754,26.63046875,0.06583081237930735,0.06403803548206383,0.285234141919272,0.2859036628699879,0.0027366683206639097,-0.0006695209507159294
control,0.1,2,control_p0.1_r02,930312551,4053014728,2026073104,0,200,results/phase4_core/states/control/p0.1/rep_02.npz,results/phase4_core/states/control/p0.1/rep_02.rng.json,acd400b3d4081d31832b9194ffc7d549716dd20f31283628ad7b5c5e91233d70,67d1bade87d8e9043918772feb33e1ad3de33a0310543b5e42d8c56208ed20af,27.11484375,0.06717967455753864,0.06830506595964686,0.2894755848841978,0.28566685641757333,0.0026397361058935484,0.0038087284666244448
control,0.1,3,control_p0.1_r03,2814745333,3787147918,2026073104,0,200,results/phase4_core/states/control/p0.1/rep_03.npz,results/phase4_core/states/control/p0.1/rep_03.rng.json,b2ef7ae712300433b4c2e9e5af1bb13c33c82d37632d27a5079672698c9611c6,48a3de934befa0df0d4401fba9d7e955286550590e0c2a9668761f33db2ac332,27.3234375,0.06374771417539721,0.06315112297887754,0.28826954728857634,0.2860732055005938,0.0029048206325607445,0.0021963417879825586
control,0.1,4,control_p0.1_r04,2268582038,659398847,2026073104,0,200,results/phase4_core/states/control/p0.1/rep_04.npz,results/phase4_core/states/control/p0.1/rep_04.rng.json,1fe6e6257be8be49cdd4a5411bed604655215162aadf17a12eb22c48c2b5550e,27d4def31b37665f9249289f6430b06927432ed8e61822665e14dda6c669b902,27.225,0.06480181801978373,0.06451932106056657,0.286511083956133,0.28591884160992537,0.0027602744204935203,0.0005922423462076387
control,0.1,5,control_p0.1_r05,3996898393,455380620,2026073104,0,200,results/phase4_core/states/control/p0.1/rep_05.npz,results/phase4_core/states/control/p0.1/rep_05.rng.json,f0021b63eac1e0e2932b4bca91f8c390303d1798bf8403d5427e15cfd12c9804,4580d70ce7cd68324d6ad6679f5de904e657186116a72a55a8532bd71deef592,27.35078125,0.06715874867049065,0.06927105451556187,0.28668813279532546,0.2855031011897313,0.003139306661754254,0.0011850316055941335
control,0.1,6,control_p0.1_r06,3837690422,3240441049,2026073104,0,200,results/phase4_core/states/control/p0.1/rep_06.npz,results/phase4_core/states/control/p0.1/rep_06.rng.json,fc40eba841ac9c7dff2e04e5d29013ad87a1f599ecc29af3d6db865653bc68de,b1aec0ab0c184458fbd370cf6f368a72edb4b0930eb5008daafe60444e15c17a,26.7265625,0.0652881304592068,0.06534885564269216,0.2868726262264759,0.28569732344814186,0.0025565121759212263,0.001175302778334053
control,0.1,7,control_p0.1_r07,125147475,3036446719,2026073104,0,200,results/phase4_core/states/control/p0.1/rep_07.npz,results/phase4_core/states/control/p0.1/rep_07.rng.json,61893cf224895526ff6429051fb7ac591dfa310b58d4fd9534b92b1cd2e9c540,2d88ca048aafbd2053c116228c90eb27a047b323f308c5acc0d02bf007999ee3,26.78046875,0.061930727889563206,0.06504717158340018,0.2813724754990932,0.2860682209952975,0.0025935931269781567,-0.004695745496204273
control,0.1,8,control_p0.1_r08,3711071568,1033188490,2026073104,0,200,results/phase4_core/states/control/p0.1/rep_08.npz,results/phase4_core/states/control/p0.1/rep_08.rng.json,8c332e4d344605e6f8dd095a3b7a3ef53af9db099f5f76f264c77f9948e9ef3a,1d833d7af13cab988b8da9022b3128fd2c4f430787a3f487faef71096950f7a2,26.99609375,0.06478828720003117,0.06597397729610155,0.2867024415728111,0.28585436301985284,0.003059093859534948,0.0008480785529582646
control,0.1,9,control_p0.1_r09,1982780230,604779652,2026073104,0,200,results/phase4_core/states/control/p0.1/rep_09.npz,results/phase4_core/states/control/p0.1/rep_09.rng.json,e6b053076f19265324e50c1b32005a2849e58aec8407edbeac9247edbdc52d93,eb34ad199d2a88bbe3aa396313c345103d9de3032a328efa6675365b0f26265f,27.2265625,0.0666063892630637,0.06449250426298503,0.29163337402527695,0.28562813468680076,0.0027777718301858125,0.006005239338476187
control,0.1,10,control_p0.1_r10,11207777,194868408,2026073104,0,200,results/phase4_core/states/control/p0.1/rep_10.npz,results/phase4_core/states/control/p0.1/rep_10.rng.json,b8cafed905c9db57a9d4ea3a1ce8cf43a262eeaad0d53514b8f0a6b9cb6ed786,a27f12712f40c876b99fbf1fb3f61d717003cbd26b9dcf2803c30d179c5a3a46,27.72421875,0.06095285454565718,0.06275722923927449,0.2849382082402262,0.28653870534018233,0.0027648597589791856,-0.001600497099956133
control,0.1,11,control_p0.1_r11,3905702619,907989072,2026073104,0,200,results/phase4_core/states/control/p0.1/rep_11.npz,results/phase4_core/states/control/p0.1/rep_11.rng.json,410c0df4652070e35e5fb99531fe52727db2c5fdfe6add7e60bba59e3d2f216a,3814c0d52b6850f9ddd320a112bf6b3443203eb9374b799667a4b4ab32186d1a,27.25390625,0.06518348006706476,0.06236617461671019,0.28617369776523416,0.28620319629751456,0.0027710661766759278,-2.949853228040311e-05
control,0.1,12,control_p0.1_r12,908094753,560794355,2026073104,0,200,results/phase4_core/states/control/p0.1/rep_12.npz,results/phase4_core/states/control/p0.1/rep_12.rng.json,75d72afbd42a0cfbb737d2ae1336a73dc9d06d49c6939b76e6cca9f124ad0fca,af7c2b34bc58419d4b585665e222e4076d37be92f6959ae4890b558c4ef30c05,26.778125,0.06251801400563908,0.062187863395576866,0.28393545859646596,0.28621917303409794,0.0029099094999500462,-0.0022837144376319785
control,0.1,13,control_p0.1_r13,3901032855,3418898315,2026073104,0,200,results/phase4_core/states/control/p0.1/rep_13.npz,results/phase4_core/states/control/p0.1/rep_13.rng.json,4af5ac2fca3093a0a7362969ad333c45555836fc4790bea5e087d6f11381b326,2ddcb7db0c68790f0633690a29cf3254729d8dd56bd572320872605d942d3b31,27.35546875,0.06395301117290729,0.06394465785650438,0.2877566185676902,0.28636754085809696,0.0027417018541455412,0.0013890777095932338
control,0.1,14,control_p0.1_r14,2330218388,1584452455,2026073104,0,200,results/phase4_core/states/control/p0.1/rep_14.npz,results/phase4_core/states/control/p0.1/rep_14.rng.json,1c7f7647cb45e838632f068c4aa900b425171b7df7147d761299b4c0aa78f8bc,329c0cf5dc4cbd9d019eccd9592f0d9fb293a9ddcfea1393362955d5bf727f2b,26.89453125,0.06098325667518385,0.06411547709167213,0.2827534680433859,0.28599649406206384,0.0029143472493536712,-0.0032430260186779303
control,0.1,15,control_p0.1_r15,1598088880,2195882858,2026073104,0,200,results/phase4_core/states/control/p0.1/rep_15.npz,results/phase4_core/states/control/p0.1/rep_15.rng.json,835da214438773625a56253b825469172e5c840a35a719237158664feffcb952,ce267aec850b90ad0039cd82034615c1a034d737f80931cc3484e4a39a90daf0,27.14609375,0.061891466673813636,0.06367613891368924,0.28426420429080435,0.2858411730201013,0.0029159024415476133,-0.001576968729296968
control,0.1,16,control_p0.1_r16,1688825002,3941092899,2026073104,0,200,results/phase4_core/states/control/p0.1/rep_16.npz,results/phase4_core/states/control/p0.1/rep_16.rng.json,ddfc08536ca1d5bfdcbadb46abacf09e22b9690de19c128da311b81756bc7dfb,0c6e77feb266c8e625f97d9f2e123741b0c937d6c6423577e7c9c405413d48d8,26.88984375,0.06618524926590275,0.06506422077676197,0.287774723012522,0.28555786968257446,0.0027822399201650884,0.0022168533299475324
control,0.1,17,control_p0.1_r17,1031904859,3856933157,2026073104,0,200,results/phase4_core/states/control/p0.1/rep_17.npz,results/phase4_core/states/control/p0.1/rep_17.rng.json,02caef7122e9fc85dafae0f3e0d4aa4b5436b85a534df7048cb5ff029dd2538e,9f1ee419c495825b60100068fdcec119feaac6d7c21c2e2212cf54752dbee142,27.6671875,0.06191374464775011,0.06426891051747792,0.2866005535586039,0.2860182951186315,0.0027691040682599854,0.000582258439972394
control,0.1,18,control_p0.1_r18,3167947440,1915640228,2026073104,0,200,results/phase4_core/states/control/p0.1/rep_18.npz,results/phase4_core/states/control/p0.1/rep_18.rng.json,8f330e7bbcfd10979489866f5414b6d8b6f31bec582811a96db4de1849325739,9f1134a68017aca05636da906a8212b30f85dc9674329e6648465f74aee9b485,26.90546875,0.062303214866493255,0.06273977035805886,0.28987572781388693,0.2857333210133379,0.002917513762740656,0.004142406800549003
control,0.1,19,control_p0.1_r19,4191381499,3585269626,2026073104,0,200,results/phase4_core/states/control/p0.1/rep_19.npz,results/phase4_core/states/control/p0.1/rep_19.rng.json,7343f7b12fc247c870f47dd7dcd9ebf56911b41a0eacb0b08254f23c1400c15f,5d0d50f2b84531ada8fa93255bcd07c2416288d2c3d57d890a82ae5c3a4c23b6,26.8859375,0.06111899064695653,0.061417181366330315,0.2813511028980044,0.2859394788563532,0.002924258669517532,-0.004588375958348767
control,0.2,0,control_p0.2_r00,3314782565,3449865665,2026073104,0,200,results/phase4_core/states/control/p0.2/rep_00.npz,results/phase4_core/states/control/p0.2/rep_00.rng.json,f29732cd82d13ccc4c255ab0b66422480a9167d3667e68a2110af010d2d88015,8c27beb1a790eb44f0968feac78bc68ffd3ca295df67de6f93f2d63fdc6ee90f,27.21640625,0.06699112794086293,0.0669247334072133,0.28710781515136896,0.2856861551410636,0.0027141958828564173,0.001421660010305359
control,0.2,1,control_p0.2_r01,2238472981,92076203,2026073104,0,200,results/phase4_core/states/control/p0.2/rep_01.npz,results/phase4_core/states/control/p0.2/rep_01.rng.json,267ace0aff15417aaf11a89d73a49d6c4a2a39a202c58035c14c3bf45fef5324,c591d549592f998fd8496f1ea3b522348b052f80fd1fce8a8307a39afe7f3997,27.58203125,0.0660597847592741,0.06897446136597771,0.2864371703881275,0.28561262495668344,0.0025741787750193966,0.000824545431444057
control,0.2,2,control_p0.2_r02,3486582719,1935359436,2026073104,0,200,results/phase4_core/states/control/p0.2/rep_02.npz,results/phase4_core/states/control/p0.2/rep_02.rng.json,4f4718a0c54e67adb823be51996784475271044b13ea132fa516db4179d2304e,e93ddde2d4910fe62d0b56ad23c53c44625b27eb3e4d75640eead75b63b5a330,27.259375,0.06823160609700238,0.07239148760157724,0.2861076817069148,0.2854913414255702,0.0026890519177133073,0.0006163402813446073
control,0.2,3,control_p0.2_r03,1730430674,338399460,2026073104,0,200,results/phase4_core/states/control/p0.2/rep_03.npz,results/phase4_core/states/control/p0.2/rep_03.rng.json,b1ec5aa1ad5037bec0c70b7eef39f4f932f738ee6bfec2f4589ea0ce139aa233,d80c840dcd3d96d9a0b9c8ec7a23270f7c824308d2bf7de141eb477f755e40e1,27.403125,0.06598548242568719,0.06981696864522374,0.29198218465189746,0.2856648172348741,0.002799862509574674,0.0063173674170233785
control,0.2,4,control_p0.2_r04,3783757707,4224326616,2026073104,0,200,results/phase4_core/states/control/p0.2/rep_04.npz,results/phase4_core/states/control/p0.2/rep_04.rng.json,8e54227823bae47d72d426c68fb02212e4e4bd2b6a50def8a294d26f3ac3b3f4,a0468c5259741b7174ecb2e5208013d556dc4fba6d6603bec355c638cc001f11,26.94765625,0.06408911068102134,0.06805620900396356,0.28740727888166007,0.2853220057352661,0.002847760792347406,0.002085273146393951
control,0.2,5,control_p0.2_r05,1686373950,4029174348,2026073104,0,200,results/phase4_core/states/control/p0.2/rep_05.npz,results/phase4_core/states/control/p0.2/rep_05.rng.json,364f2a736a8f189983db098d342805eba67d38633919860b771bfd16ceb53973,f11a7815a8f94fc1ac6553ffb9c89f0503b89d1af7fdbc66354ba6597858570e,26.91640625,0.0626147276640085,0.06209598083544017,0.2882210329599962,0.286032748290565,0.00289544663937502,0.002188284669431162
control,0.2,6,control_p0.2_r06,1426993073,1530941573,2026073104,0,200,results/phase4_core/states/control/p0.2/rep_06.npz,results/phase4_core/states/control/p0.2/rep_06.rng.json,8877276217a78b06e28cccbd6f0bb4c962507eee4a8df986b7b6590d78a9df04,047773a268f6c311403bf559f3f3e21a3ef1ac02ea6b7f10720d94847ae4c64a,26.31875,0.06266723696335288,0.06712864295066757,0.28402156743110435,0.2855039214568077,0.0025601649784972045,-0.0014823540257033474
control,0.2,7,control_p0.2_r07,1711189001,2619048119,2026073104,0,200,results/phase4_core/states/control/p0.2/rep_07.npz,results/phase4_core/states/control/p0.2/rep_07.rng.json,b930f0f47d76916c3b5c906a2699a4e7d88f410d506b53f3a345fe2cab6e2980,7b421fc24ca5b46b6fcbd0fd916691d3d9a0855a79aa539830cd24917945b61e,27.23046875,0.06091657479323658,0.06595098803954896,0.2849012120413732,0.28601844848322755,0.0027906718539637276,-0.0011172364418543523
control,0.2,8,control_p0.2_r08,2814663107,825382504,2026073104,0,200,results/phase4_core/states/control/p0.2/rep_08.npz,results/phase4_core/states/control/p0.2/rep_08.rng.json,4c93dd7526e4566b8142ac4e4094967c83eb44c031a62a0fde2aa96a6ac6f79a,b1a3dc1418af3d7535832b3861d4c2c5538556976984d8660bc867524f3a88da,27.24921875,0.06694379416343639,0.06863909318172054,0.285087727647132,0.2849596399689354,0.0028383391203382177,0.00012808767819660893
control,0.2,9,control_p0.2_r09,948260613,2501008533,2026073104,0,200,results/phase4_core/states/control/p0.2/rep_09.npz,results/phase4_core/states/control/p0.2/rep_09.rng.json,3b4427dd8843f19b886282f1c7ed85b8ba1612ffd75096edbb3f358e852c1edc,975ad3d172105ab380767a8dae87c796b66c93a4029bb3a32cc0be532d7cbd3f,27.31171875,0.06586555397864595,0.07212001397619192,0.28308483403832907,0.2852910402086346,0.0028083776578385986,-0.002206206170305536
control,0.2,10,control_p0.2_r10,2431912562,12689178,2026073104,0,200,results/phase4_core/states/control/p0.2/rep_10.npz,results/phase4_core/states/control/p0.2/rep_10.rng.json,76f19de71369f1b8b2d391ab0a848fcefafcaedc89e0cdbacc9d3db6e2bf9dd6,da3f25170c553a0eb96043ad9e2f6c0ce2fd158ed74461570217f880a0d6acc9,27.06953125,0.06851549439255841,0.07155272944312992,0.28277634858845296,0.2854723529823099,0.002736040333531428,-0.002696004393856921
control,0.2,11,control_p0.2_r11,486254214,3638781612,2026073104,0,200,results/phase4_core/states/control/p0.2/rep_11.npz,results/phase4_core/states/control/p0.2/rep_11.rng.json,a22272cbde2c36d7ab7ee3586d072d4caab8df8b3ade32c1bf15bbfac69355a3,05b49e739cd134942ee675a251c1d0b610ddfdd489e7400c98bfff21c9b53475,27.38359375,0.06475117870422945,0.07177028285297576,0.2791198312210437,0.2852825299682845,0.0026700436169715003,-0.006162698747240791
control,0.2,12,control_p0.2_r12,3483109614,89641957,2026073104,0,200,results/phase4_core/states/control/p0.2/rep_12.npz,results/phase4_core/states/control/p0.2/rep_12.rng.json,ff70a3435645f11e96f80a86b403d484ede3da24163c4e4cd047e6506c174cf2,bdf1b3c2b3617b731b72ff5bee260793431aab63b59f88af06da2dc50f8b5234,26.23359375,0.06220100425420125,0.06760926118982846,0.2836779300971178,0.28528486448422996,0.0027571665529817608,-0.00160693438711218
control,0.2,13,control_p0.2_r13,1977777393,2078931197,2026073104,0,200,results/phase4_core/states/control/p0.2/rep_13.npz,results/phase4_core/states/control/p0.2/rep_13.rng.json,c7bff498e2a6a639a0ff67a94f846ca5b72949431c0d1a50bdb1143377cd57cc,72c58903428807541e64b66afef813dd0375fd571cb109835f5536a8f84246e1,27.90546875,0.0647507970245101,0.07027435858374402,0.28448221665317336,0.28557820490375496,0.002915751316630447,-0.0010959882505816032
control,0.2,14,control_p0.2_r14,1177471657,1854934558,2026073104,0,200,results/phase4_core/states/control/p0.2/rep_14.npz,results/phase4_core/states/control/p0.2/rep_14.rng.json,22cffbea81607cef43b02c519f8845848b3612a4bd3f84e24b8bfcf542db0fb3,9eb1b1c61194000ce11ff452377c1f6ad5f759c98804c8104523726219d19a62,26.74609375,0.06789807601589425,0.07122011882536174,0.28540460182562055,0.28549573256149896,0.0028759014139688264,-9.113073587840859e-05
control,0.2,15,control_p0.2_r15,153552793,3577028001,2026073104,0,200,results/phase4_core/states/control/p0.2/rep_15.npz,results/phase4_core/states/control/p0.2/rep_15.rng.json,c3665c433f6557841b25bf3b6b299c293bf95790ce49dae22c747f15de2da386,15118ef141ca51e78b7068d34b035e03a145047571043b493eb820b75bb82b54,27.66484375,0.0638834082237366,0.06587566145789489,0.28567834922140245,0.2855554850014686,0.0026496286319357782,0.00012286421993384922
control,0.2,16,control_p0.2_r16,499040307,305495543,2026073104,0,200,results/phase4_core/states/control/p0.2/rep_16.npz,results/phase4_core/states/control/p0.2/rep_16.rng.json,bd17523d08b51dbf70fb50c5db5cf55227736269f50dc71884120163d0ad3fff,46fe878411e32dfff5e6643d008000ff21f0f0ca58a2e18b9b0a420b31cd0218,27.2390625,0.06429462782502882,0.06572996178610091,0.2876386511016708,0.28555071962893125,0.002566539037335691,0.002087931472739557
control,0.2,17,control_p0.2_r17,4247298913,2969716805,2026073104,0,200,results/phase4_core/states/control/p0.2/rep_17.npz,results/phase4_core/states/control/p0.2/rep_17.rng.json,2f823b158e6b0a51481599e85f5b1b4a79fa155a749e8b20f6af5298c123a15e,3dc59535bb733fd3c4a41eb2e05c9f863841f80d0f5d97f3e1c9dc02a01a5080,27.11640625,0.06000893707872201,0.06457369773261706,0.2835042204094354,0.28567787313033305,0.0027170151703856038,-0.0021736527208976453
control,0.2,18,control_p0.2_r18,1986527594,2332980100,2026073104,0,200,results/phase4_core/states/control/p0.2/rep_18.npz,results/phase4_core/states/control/p0.2/rep_18.rng.json,20e0239cb02118c68b98c23288f71deff88e6a9eae95188ed179b6b154f80fd4,1a676d45fcac9f615b60796db566258f9a0418ca75f00fa2eff22feb90bbac5a,26.915625,0.06846560035580519,0.06720740268581664,0.28554152010793743,0.28570397604250464,0.0028646955838747914,-0.0001624559345672072
control,0.2,19,control_p0.2_r19,1113679740,581975374,2026073104,0,200,results/phase4_core/states/control/p0.2/rep_19.npz,results/phase4_core/states/control/p0.2/rep_19.rng.json,ee6efe259499a8361490b865482e5455f5af0f9831d9e9f243a9dd1944f90f68,1dd83c8f82b1ae714c09c2320c0772a2c77f28567e309775fddaf9c46da15314,26.95,0.06557172469069804,0.06864157315440372,0.2847763196827141,0.28522292517268544,0.003078981145901715,-0.0004466054899713301
control,0.3,0,control_p0.3_r00,640936160,2695558194,2026073104,0,200,results/phase4_core/states/control/p0.3/rep_00.npz,results/phase4_core/states/control/p0.3/rep_00.rng.json,1a3bc6688cceaf23595704fb1cc68cc7f1bc7e1575168dce1b8e384087b291d9,c54b0117bdaec94969c5a14789adf0ff33a1308af71d0259e7921b8bc049d5af,26.3375,0.0673091352377451,0.07472379249630837,0.28554470875205246,0.2850672268274559,0.0028160864468072437,0.0004774819245965678
control,0.3,1,control_p0.3_r01,3307905777,208580522,2026073104,0,200,results/phase4_core/states/control/p0.3/rep_01.npz,results/phase4_core/states/control/p0.3/rep_01.rng.json,0e0f0d2e151b28411c39e9526bc4282e42e6df1a93a8774572ad49b27b71b8e4,4e41e99857fd93e0bb57a6b0d2c02763cc47ef715cd3c8dda098b779149fe902,27.50546875,0.0678961938239739,0.07822169571207686,0.2880054231947624,0.2847685797329452,0.002958179739732447,0.003236843461817185
control,0.3,2,control_p0.3_r02,472409451,102721620,2026073104,0,200,results/phase4_core/states/control/p0.3/rep_02.npz,results/phase4_core/states/control/p0.3/rep_02.rng.json,c72a02b94f48325455decd88805583bc2a66eead9ffba179c3b7ee583224e2de,d81e737271d15fc059f082d9157de714cbe9efaef79db34839c4e8a5410c750f,28.0140625,0.06895763077557651,0.08155331757451288,0.28693560727212986,0.28454459323051745,0.0028712742959180974,0.002391014041612405
control,0.3,3,control_p0.3_r03,3728011851,2909093357,2026073104,0,200,results/phase4_core/states/control/p0.3/rep_03.npz,results/phase4_core/states/control/p0.3/rep_03.rng.json,335c18e65bee53412de3dd32ab7630b9ca94fce64dc249ea122dce34107b2770,7ed36b4985da4de0bccd8100c526cebf0a546ce763111653cc34baa50dbae7ec,27.1484375,0.06662240873656117,0.07557503350142397,0.28843502457060255,0.28517587861097177,0.0025703520779545527,0.0032591459596307826
control,0.3,4,control_p0.3_r04,3286889116,1341867767,2026073104,0,200,results/phase4_core/states/control/p0.3/rep_04.npz,results/phase4_core/states/control/p0.3/rep_04.rng.json,015c374a2d388a86f1076bfecc99f4e7d557b82b2c6836aaf718e34508fb220a,bd2b2421a238ee127d21dfae2b2fd0e7cdbb18bc4c0f2a6095a7199bb1639d76,27.23515625,0.0650542901162227,0.07400169234057088,0.2866778375093828,0.28488707127723456,0.002828856052108306,0.0017907662321482443
control,0.3,5,control_p0.3_r05,3656938491,3860597711,2026073104,0,200,results/phase4_core/states/control/p0.3/rep_05.npz,results/phase4_core/states/control/p0.3/rep_05.rng.json,8cd0d53acb3960618b4d1cd063d3723fb4e212a3e23d0baeebeeae43e7590d94,90ab815794a62b8d4cc28df6d3440510649fba22a8d31f93782cec260eb7c1f6,26.7296875,0.07141099323712591,0.075369679297169,0.28871415859322325,0.2846981984400967,0.0026194933965004528,0.004015960153126552
control,0.3,6,control_p0.3_r06,2079662945,68959564,2026073104,0,200,results/phase4_core/states/control/p0.3/rep_06.npz,results/phase4_core/states/control/p0.3/rep_06.rng.json,9c86c84b531a5c882d8f372973f9dfd7dffba5d7d2ea3bc109b679ed372f12d3,9c6d2cf2d692cfa18d06db4e7f2488c2e39189643f570ea06ed0d7113155e90c,27.46640625,0.06587561476450099,0.07604468337776141,0.2852828869292402,0.28472655518201273,0.002574502194482015,0.0005563317472274676
control,0.3,7,control_p0.3_r07,3013115207,1430352354,2026073104,0,200,results/phase4_core/states/control/p0.3/rep_07.npz,results/phase4_core/states/control/p0.3/rep_07.rng.json,9bb79a8931ba76d195c71b9b69a2744ae3a7fb32687c60747c0f6d43d570514c,13877b1ed87f5c99b4aeec3237a6b03a4e6ac8e109fb86b8ffff02c3dde64f98,27.31953125,0.06585315042311592,0.07231247040096572,0.2864952593324647,0.2850692698533457,0.0029631794352501435,0.0014259894791190386
control,0.3,8,control_p0.3_r08,1775343999,3979116977,2026073104,0,200,results/phase4_core/states/control/p0.3/rep_08.npz,results/phase4_core/states/control/p0.3/rep_08.rng.json,2884e75487faa9392031f38917c4bbc237a31238e43b25618483b6b4460e4257,c55871a1be208b70f44f58a2ac22011747929cd8264ad182041e91b24ff21c43,26.97421875,0.06394457835264675,0.07161219355222238,0.2836996219967192,0.28511467642354815,0.0028213011095107677,-0.0014150544268289322
control,0.3,9,control_p0.3_r09,2690895711,4293393072,2026073104,0,200,results/phase4_core/states/control/p0.3/rep_09.npz,results/phase4_core/states/control/p0.3/rep_09.rng.json,910997d6d9bc61d7bdaa8ce43e89021f543bd508755b1f119feb77e5e42db60a,62a0b965bd0584c946ff8b406e6c40252a3e1d3b66f17f12a60d8fa4175df080,27.0296875,0.06553475304566611,0.077788478482252,0.28223540743904263,0.28451204348331016,0.002569469030844945,-0.0022766360442675326
control,0.3,10,control_p0.3_r10,7138034,3522186219,2026073104,0,200,results/phase4_core/states/control/p0.3/rep_10.npz,results/phase4_core/states/control/p0.3/rep_10.rng.json,4e50a5c2072e0471febeabf67fdef34192aeb5507d7a4e9e9e07f172e02846ef,134a3f5bd70d52dc2f61569d1be4cb235e44d57235dc56e1268ba04c2d0caf1d,26.80625,0.06538667016336366,0.07102028430418209,0.2865560999489062,0.2852947759476809,0.002669295344819316,0.0012613240012253057
control,0.3,11,control_p0.3_r11,3565764375,1043517,2026073104,0,200,results/phase4_core/states/control/p0.3/rep_11.npz,results/phase4_core/states/control/p0.3/rep_11.rng.json,07fc6f54c6786515d0df74141a434e2a5f3c9f179ee762db484bc05e8ba43813,61bb8c9a7b761cf180304ee587c158089be5eed16a2868fb4c5cf0df2d620ddd,27.10234375,0.06740357481035161,0.0754812973442148,0.285342289109577,0.2853479064773583,0.0028462326640973433,-5.617367781318716e-06
control,0.3,12,control_p0.3_r12,3442964586,1071000546,2026073104,0,200,results/phase4_core/states/control/p0.3/rep_12.npz,results/phase4_core/states/control/p0.3/rep_12.rng.json,8c4ae86251b0b3e50806d022313f0cbdec9fa144aeffced5a924759e89b2cc7b,1b097091e351d78c775ad849155a1f1fe53131c7005cb7efa0eb2d3cf3b96364,26.98203125,0.06857130408981069,0.07291561851042441,0.28347319795073067,0.2850195626239356,0.002827054489989033,-0.001546364673204903
control,0.3,13,control_p0.3_r13,1296378262,3641378666,2026073104,0,200,results/phase4_core/states/control/p0.3/rep_13.npz,results/phase4_core/states/control/p0.3/rep_13.rng.json,79cd2c17b47737777626728a3e2b9e9a8c4d1e2522694ff293a02b609e7ba67a,6241c8563ba430901d4889628f428f4ce07e32e79ed6813ae6e940bd6a795294,27.83984375,0.06303084840793985,0.07061678303220603,0.28644330622090386,0.28543334971135614,0.0026621314699510745,0.0010099565095477159
control,0.3,14,control_p0.3_r14,2769109518,1750061223,2026073104,0,200,results/phase4_core/states/control/p0.3/rep_14.npz,results/phase4_core/states/control/p0.3/rep_14.rng.json,5cd0aa54878dd6d1421d942cc3d575bacae64ba86aef78e9e7fcc839f570d79b,878fc90674e110aa7f75bb3f2e8e6f3a5d16677defc4692b7409aa13728d4303,26.5234375,0.06558476759505291,0.07479892450829123,0.2819012926346946,0.285527239450389,0.0026636698703932276,-0.003625946815694392
control,0.3,15,control_p0.3_r15,637449332,438980314,2026073104,0,200,results/phase4_core/states/control/p0.3/rep_15.npz,results/phase4_core/states/control/p0.3/rep_15.rng.json,f47e39d8d0c011696c4c99fa2ef1b7cdc1d34a6871f06b7238a0413d4185f6c7,bcfb418e246ac09375e9326060646fd07ff186ab882b7ddd70d942a93af06ed2,27.06953125,0.06555379130303515,0.07542936227098412,0.2836514175960704,0.2853090444541073,0.0029251402836414685,-0.0016576268580369424
control,0.3,16,control_p0.3_r16,1798678375,2124831127,2026073104,0,200,results/phase4_core/states/control/p0.3/rep_16.npz,results/phase4_core/states/control/p0.3/rep_16.rng.json,19e28bf7ed14e2f52b0ceb84fd0db1148e2906cf7dd1efa9ab835ea634a5ab60,9be57497da0f631b8345a0d26cdc8db6f409e713ddb545ef82613c1210f9f125,27.159375,0.06576758446369077,0.07453666849466764,0.28441314519672467,0.2849410055364131,0.002651131507326233,-0.0005278603396884352
control,0.3,17,control_p0.3_r17,2238462622,2715183110,2026073104,0,200,results/phase4_core/states/control/p0.3/rep_17.npz,results/phase4_core/states/control/p0.3/rep_17.rng.json,311fbb227751a4ae03a613f274eca48c521df6c9d7cd3abd3e11d0012d93d4ac,56117aa3be21b27826d231cdd314a6a5515ff0519e677e226bf558567d48a0e7,27.53203125,0.06511960826610563,0.07786056716402932,0.2815364840754112,0.28476969648259337,0.00264618848174287,-0.003233212407182162
control,0.3,18,control_p0.3_r18,3935396350,1181869195,2026073104,0,200,results/phase4_core/states/control/p0.3/rep_18.npz,results/phase4_core/states/control/p0.3/rep_18.rng.json,9a8ba15d103143cffc92e0d7ca61cc719e95c265a2def0546ee2d9e86b8c2be9,b2da3a3c28186fc761935211a427d4d3cc67fe5e386da8b38010a5dd35e449e0,27.3890625,0.0651210880037201,0.07325025759334966,0.28559435509292486,0.28504583360962576,0.002819019974464536,0.0005485214832990915
control,0.3,19,control_p0.3_r19,1955962194,181331491,2026073104,0,200,results/phase4_core/states/control/p0.3/rep_19.npz,results/phase4_core/states/control/p0.3/rep_19.rng.json,4b34374e6f7cd26459f0a84487dc4579793fdda7e1a8818387389871e05f3bd8,46e97e2d31de3a8a227e9e302576a8031b321874138f7b21656e27900d61ed5e,26.34375,0.06770535202070474,0.0757181621318243,0.28606591423791905,0.28481406345383536,0.002865430921570956,0.0012518507840836857
control,0.4,0,control_p0.4_r00,3017390715,198033949,2026073104,0,200,results/phase4_core/states/control/p0.4/rep_00.npz,results/phase4_core/states/control/p0.4/rep_00.rng.json,a4810daf8b82cab7a8c16d83bd464dbcf812eb375fb4f5cd39bd979f82a064be,6ae44e15bae8d690ae78279e22a15b6c4be66ded1c5244cf811aff5b3f31a0b5,26.8125,0.0744162111126351,0.08662798008676262,0.2866444420180509,0.2841591542188941,0.0028622938394605416,0.002485287799156799
control,0.4,1,control_p0.4_r01,1622385866,382344920,2026073104,0,200,results/phase4_core/states/control/p0.4/rep_01.npz,results/phase4_core/states/control/p0.4/rep_01.rng.json,4fb2a50a7db4a117b7e4a09fbff79fc1217ba71da5a1e9ee263924ff94838db1,c9a7de33a8e305f2ba65376ede3e6edb79ff51cee46820fe6206daddd92fdc33,26.81875,0.07238247135453704,0.07872658317132206,0.28843963785557136,0.28455137376656703,0.0026437651616181427,0.003888264089004334
control,0.4,2,control_p0.4_r02,3119307372,3712056061,2026073104,0,200,results/phase4_core/states/control/p0.4/rep_02.npz,results/phase4_core/states/control/p0.4/rep_02.rng.json,162a09bae07ddda8c5219e2613265aeb7e78e1a32df0dcd8a5c9efbfd4620449,3f5daf3dc568968f84cb466bc510e0ca638d67d4dd88ce993d63db66f4e48ef5,27.31640625,0.06706301365822377,0.07846282303061337,0.28700911666266704,0.2845550202685028,0.0027192684125636555,0.002454096394164218
control,0.4,3,control_p0.4_r03,899692153,934024532,2026073104,0,200,results/phase4_core/states/control/p0.4/rep_03.npz,results/phase4_core/states/control/p0.4/rep_03.rng.json,57324b89b43530970883be09e3f9637a32204e386c714b8e022f00353b050d9d,5b120509e357be6548027b0ce0df95d89eee3a7ce87e3694692e2ff0ad6271a8,26.98046875,0.06780574975517772,0.08721268092303676,0.28240774330984586,0.2841416934266442,0.002655920103614949,-0.0017339501167983329
control,0.4,4,control_p0.4_r04,1059363060,4125238479,2026073104,0,200,results/phase4_core/states/control/p0.4/rep_04.npz,results/phase4_core/states/control/p0.4/rep_04.rng.json,31a7cda362b8ea5f2606ac0d6a9088a1cbbc393f19c6e37510e6e9dfb1946471,30dd507fd5e0be11dff53ad2abd42b86a67acc24339234e572dceed462808321,27.08046875,0.07232461303061286,0.09009650442011902,0.28784704735746247,0.2840364509249557,0.0025692411993021905,0.003810596432506752
control,0.4,5,control_p0.4_r05,3871365774,1666170271,2026073104,0,200,results/phase4_core/states/control/p0.4/rep_05.npz,results/phase4_core/states/control/p0.4/rep_05.rng.json,341876856bf972d177ea92abda00982e6b8af84311b9373a272c2d4a28df8cac,f3913071087a7a19e334e3d5f8e4af673aabb9609b6d8bcdd627c3a3aa84c4de,28.0046875,0.07046498915020552,0.08937656170355789,0.2839841272290866,0.2835021224214981,0.0026990352492377127,0.0004820048075885319
control,0.4,6,control_p0.4_r06,783897833,4236525983,2026073104,0,200,results/phase4_core/states/control/p0.4/rep_06.npz,results/phase4_core/states/control/p0.4/rep_06.rng.json,41b25f4d2f29ccd1e6346c148a22972dd1d33060568d81f3e51b61abf6602ca7,bfb65b2436d10a1e0b1b13dfe66783c86c7d74eb0b9d3ae402c9c0aa53bff51a,26.84375,0.07305674137515412,0.0885114329334494,0.28631599564785226,0.2832897932936478,0.002777471709103619,0.003026202354204477
control,0.4,7,control_p0.4_r07,1554955735,1344687990,2026073104,0,200,results/phase4_core/states/control/p0.4/rep_07.npz,results/phase4_core/states/control/p0.4/rep_07.rng.json,d20f9dabd34d81d4f39e1f678604d57e3ec272fbc119d76e3539a5a62971f3a3,30d53ecf45d372718f30e2cfe00a4d534b4c280f84497d4852625c5b49c1f9dd,27.01015625,0.06873142750165465,0.08221690905695718,0.28600849340287543,0.2839790747138735,0.0028741491333942556,0.002029418689001916
control,0.4,8,control_p0.4_r08,1754908860,1781044116,2026073104,0,200,results/phase4_core/states/control/p0.4/rep_08.npz,results/phase4_core/states/control/p0.4/rep_08.rng.json,aaceb7e507420eb54c8de71ba9f57e6f91eb54c188d8dc4eea0c99314786f606,734a3d2773acd13ff23a96ac04fdf957df7e6e4e73050623ed66f4ca7e1fb46f,27.69921875,0.06782619891088373,0.07912525970881507,0.2873414396885843,0.28478435843690053,0.002823438252720852,0.002557081251683746
control,0.4,9,control_p0.4_r09,3454482529,4136244177,2026073104,0,200,results/phase4_core/states/control/p0.4/rep_09.npz,results/phase4_core/states/control/p0.4/rep_09.rng.json,27a63cf490975f335557f0009f3c8aa9e665b02f3cbaedc01ef4a397b633bfa5,fd9d1a57214283784c1639500a9a489cd5fd12fe4d55d6cb0bcf2582f56a2408,26.50859375,0.07413109457971134,0.09213430496804445,0.28645303597274635,0.283619095130372,0.0028374567645109714,0.0028339408423743717
control,0.4,10,control_p0.4_r10,735484897,1222119289,2026073104,0,200,results/phase4_core/states/control/p0.4/rep_10.npz,results/phase4_core/states/control/p0.4/rep_10.rng.json,29805dea249d05ae75e498c1032907c9e9ee80b3db1b67d503abde4f9a8ed73c,75a07a5b2414c5d7e06622ae866879acdbc67d460e7c427e6ccdabed824a764e,27.13515625,0.06978403071217966,0.08489100994008016,0.28556792931406044,0.2839588542201545,0.002989219869044295,0.001609075093905954
control,0.4,11,control_p0.4_r11,136632942,912267347,2026073104,0,200,results/phase4_core/states/control/p0.4/rep_11.npz,results/phase4_core/states/control/p0.4/rep_11.rng.json,3489079e87614612f0b1253b89270bff39925891f3bed1de2b8d228400dd2edb,dd6484e728dbef206a0dc9907e4089c09576e15cd53075903cb63c31174c77c6,26.93046875,0.07028391884608257,0.08397709354066765,0.28054411791197165,0.28409263819910174,0.00262250054049255,-0.003548520287130097
control,0.4,12,control_p0.4_r12,1992858066,2656806842,2026073104,0,200,results/phase4_core/states/control/p0.4/rep_12.npz,results/phase4_core/states/control/p0.4/rep_12.rng.json,84662f70e70c70d7a1b1038e71a42c0f81a8cb45d26dc24fc111575d92c12f82,2ce27d76ccf3a99e8263ef50336a654bfb434bb665dd092ae28c817f38606d4d,26.8796875,0.07183594525559954,0.08552161678398312,0.2855298858217798,0.2838513546776414,0.0027143201754838927,0.0016785311441384065
control,0.4,13,control_p0.4_r13,1544419436,3162380181,2026073104,0,200,results/phase4_core/states/control/p0.4/rep_13.npz,results/phase4_core/states/control/p0.4/rep_13.rng.json,899273e29924bc0af05cd9b6028d887205c07e842034160a1a60ede90da1a076,afed5789833a6e4ca02603b2f54defdc3da810aa48afc292e22804902e160371,26.83515625,0.06801767778652117,0.07684439874182987,0.28868587850386895,0.2847793586712069,0.0028943485214829286,0.003906519832662048
control,0.4,14,control_p0.4_r14,851961329,3995975030,2026073104,0,200,results/phase4_core/states/control/p0.4/rep_14.npz,results/phase4_core/states/control/p0.4/rep_14.rng.json,edcc996878ca50c9655f534980042cfa3c87d7d6a54d05aa274c7061bae93e8f,0d68ab868369060c3ed11b552236828411da74531098f74af8f13ef8582a6d44,27.12890625,0.07027903479855567,0.08827055243088155,0.28407538345631755,0.28430203563850603,0.002478207351639203,-0.00022665218218848038
control,0.4,15,control_p0.4_r15,575095841,3423971266,2026073104,0,200,results/phase4_core/states/control/p0.4/rep_15.npz,results/phase4_core/states/control/p0.4/rep_15.rng.json,6b0e3239595209498b0da9f975db954bd38e8d98881c6ba5ffa9a905ddfc220a,ff36638bff4d58d6729ee596f0d7ce7ebf2bb10157aceff0fcd5b4fd59332878,26.95703125,0.06942122762804633,0.09081268473968471,0.2820490969702867,0.2839987324552957,0.0025881169342226494,-0.001949635485009038
control,0.4,16,control_p0.4_r16,1083467681,2430092324,2026073104,0,200,results/phase4_core/states/control/p0.4/rep_16.npz,results/phase4_core/states/control/p0.4/rep_16.rng.json,9ec201aea5731ff01554c8c80f8e53bc50b22445e4f7073147f6bda2a62e8844,b9b5a91bae47010e6abca1ebf200fbc4e4fd3355934b0468f51f808e8ea31a02,27.10625,0.07328481624305111,0.0942400785595271,0.27965838325093967,0.28349780658444595,0.0027492299562079103,-0.0038394233335062866
control,0.4,17,control_p0.4_r17,3614494578,3530098213,2026073104,0,200,results/phase4_core/states/control/p0.4/rep_17.npz,results/phase4_core/states/control/p0.4/rep_17.rng.json,3d0bca8a0f4ab6f7ee1ca36a1d8073f71748b88c614ed45838fd1d740314a7fa,2b9f9b97881d83c68ce9a6af3bd352ed7d68ad3afa351233acf10497753aca2a,26.84609375,0.07042584858809864,0.0893938390018944,0.28351146995696025,0.28413785454825075,0.002471119967158345,-0.0006263845912904964
control,0.4,18,control_p0.4_r18,361922507,2269555840,2026073104,0,200,results/phase4_core/states/control/p0.4/rep_18.npz,results/phase4_core/states/control/p0.4/rep_18.rng.json,f1d3eb23443a53caa225712138f4ed49e4f9a3ae3cbbd3a7a0d458a0a27d38b3,5e9f3f3bdcddba636347be6ae38f4e1913a10accf488b6abdfa0936f723fce9d,27.8,0.07170478238053549,0.08980892066183242,0.28805237812343376,0.2839439364538224,0.003042795865107412,0.004108441669611385
control,0.4,19,control_p0.4_r19,490105579,3365191978,2026073104,0,200,results/phase4_core/states/control/p0.4/rep_19.npz,results/phase4_core/states/control/p0.4/rep_19.rng.json,7461fb452a8cf4e77ade6bf9c9ead7a6da7298b9ec5899702779095e56484605,fdc2fd255bfb29fbb5f63e1b37b8ab656844152d9b1f159ba2cca47809b25a0a,26.8421875,0.06675993279769032,0.08686973423819477,0.28305341368119347,0.2841861750080221,0.003009971679971247,-0.0011327613268286574
control,0.5,0,control_p0.5_r00,602056551,1315912640,2026073104,0,200,results/phase4_core/states/control/p0.5/rep_00.npz,results/phase4_core/states/control/p0.5/rep_00.rng.json,5d78bf3b32909f1113ab89fced42e8279c13cf5980764a46ced4c5313268afd9,44fda77cb22c33fc58566b3ad470f6efeb230360fbfe348321a059201a27508f,27.24453125,0.07504689318267375,0.10995772742362073,0.28142567216596864,0.28312616388755524,0.0029554693517250567,-0.0017004917215865945
control,0.5,1,control_p0.5_r01,2793279644,3808656977,2026073104,0,200,results/phase4_core/states/control/p0.5/rep_01.npz,results/phase4_core/states/control/p0.5/rep_01.rng.json,ca65c5454340055cb538f85929e75f33b13b52fbe3e68853c2175aed9e491e21,1860c6252b1c6bd9266e380b711ec24ba961c2b3ec04fe9fdd92dca246cb40d2,27.44140625,0.0756515494391356,0.11299153550811492,0.28087535682644815,0.2816812879585072,0.002692285856631869,-0.0008059311320590679
control,0.5,2,control_p0.5_r02,4138925165,1205672812,2026073104,0,200,results/phase4_core/states/control/p0.5/rep_02.npz,results/phase4_core/states/control/p0.5/rep_02.rng.json,5f2b0ef751ed002aaccecffe530fc1d7d42c40562ce99591d69c91546280520a,1502fe17291b442379c4a282749d119c67e3ecaf646ec806cf2f12ccdf50d3ed,27.42109375,0.07502524453441406,0.09737811112844492,0.28253718562254027,0.28322543596489347,0.0027818567544073297,-0.0006882503423532027
control,0.5,3,control_p0.5_r03,4108894691,528941139,2026073104,0,200,results/phase4_core/states/control/p0.5/rep_03.npz,results/phase4_core/states/control/p0.5/rep_03.rng.json,47d904844c84c41b9421f2cd36ed6fd82ad1a0572d7aa20b71519d07738be4db,b8504c54295289747c00cbb15e7eb5462379c7cebfc478aa168d37b461a8ebf0,27.303125,0.07380240696113059,0.09852476408365912,0.28138597739697324,0.282915534526997,0.0027953692795563726,-0.0015295571300237842
control,0.5,4,control_p0.5_r04,2390998545,505647603,2026073104,0,200,results/phase4_core/states/control/p0.5/rep_04.npz,results/phase4_core/states/control/p0.5/rep_04.rng.json,86e2a559c7a49f8764e1c6abea039abf6eb8c781c1e1103b720e8f53862fb120,b6d8c4adb0cfd812562b4d13d94e186d227ed5cb53ca6423b55eb775f04b493c,27.13671875,0.07603033114205324,0.11144620819860755,0.28085597760455405,0.28152704712288734,0.0026435890190928285,-0.0006710695183332893
control,0.5,5,control_p0.5_r05,278328939,2244378004,2026073104,0,200,results/phase4_core/states/control/p0.5/rep_05.npz,results/phase4_core/states/control/p0.5/rep_05.rng.json,d6563905a3f4a2d9191c29104fb553a7dbfcecb02071bfc86efb5dc7b38ff038,58af5e4fbc243a2f0e601f084eac504b6cf5fdd96b183a663f794c24250487c1,27.82109375,0.07400791615357526,0.10556207167429855,0.28375361753146555,0.28258192620971906,0.002693571467526334,0.001171691321746493
control,0.5,6,control_p0.5_r06,2482789736,4157847903,2026073104,0,200,results/phase4_core/states/control/p0.5/rep_06.npz,results/phase4_core/states/control/p0.5/rep_06.rng.json,91cd3bf4d27db34a0d48fed8f944e907f02ae63bc2568234f57f649e5ef0a741,5c598ad0367a537f1cbc802d3d26e6211d7c62d8172dcdb6543a42c4f3160a55,27.02421875,0.07723668616215028,0.1101339366896825,0.2843465850466541,0.2818609406028254,0.003041689226789765,0.002485644443828705
control,0.5,7,control_p0.5_r07,4063082322,3336460296,2026073104,0,200,results/phase4_core/states/control/p0.5/rep_07.npz,results/phase4_core/states/control/p0.5/rep_07.rng.json,395d8bf9807b71673f8605eb8889df7be9037b8d3d984ef3fdf8e0784fe0490e,b5ce498125857c99ce9c8a6e89ffe8aab90b80cdc07f3d3f7a696a0dadbcf422,27.7671875,0.07419648576594455,0.10576653076701499,0.27873643575319174,0.28237053897964876,0.0029741821226385145,-0.0036341032264570194
control,0.5,8,control_p0.5_r08,1893769741,4047745923,2026073104,0,200,results/phase4_core/states/control/p0.5/rep_08.npz,results/phase4_core/states/control/p0.5/rep_08.rng.json,0c268c94f0a65f028246ee8ded71fdca284d5ed1e95e55dccefd371e280b69db,994ca724db06be0713c0318ad345b3dada2981c5f3cefb09232904906f7504bf,26.71796875,0.07522326577026052,0.10739272481880205,0.2807700814002323,0.28162140714544104,0.002724189970760005,-0.0008513257452087419
control,0.5,9,control_p0.5_r09,492260989,3526692702,2026073104,0,200,results/phase4_core/states/control/p0.5/rep_09.npz,results/phase4_core/states/control/p0.5/rep_09.rng.json,2fd0e21ab9489465170a9f5ba8f69a9b4a5d3e703c13bd89480851a3a8b2265c,136ba125b4bc1b83f171cefbc4d5211818a491d1d64f7c36ab6148e94cef12e3,27.628125,0.07361654591613859,0.10287844971156862,0.28749930988154143,0.2821498324534994,0.002845343162706884,0.005349477428042038
control,0.5,10,control_p0.5_r10,651940859,2976774644,2026073104,0,200,results/phase4_core/states/control/p0.5/rep_10.npz,results/phase4_core/states/control/p0.5/rep_10.rng.json,dab986c7698a71bbf19f1550aa70d99c42cf83cfb3e171388f74551ee6bde1d0,712bbea3f17afdf1c4f7a476eaae31a92a03bfbb19bf725959106605242dc847,26.9625,0.07304139334733988,0.10450021880144264,0.2767569986631283,0.282503113352743,0.00272919979434524,-0.0057461146896146675
control,0.5,11,control_p0.5_r11,2485339510,1129512662,2026073104,0,200,results/phase4_core/states/control/p0.5/rep_11.npz,results/phase4_core/states/control/p0.5/rep_11.rng.json,1dc063d3fa163c9e95de518142a8a29477cff757ed5cfd28e3a658c80cceaa8a,f12ac3a854eb6627c9b63a1dda825619d6f79c8097612be7e16d26cb1a36c503,26.8203125,0.07433319781852091,0.10038951578145033,0.28354351799318794,0.2827616276903515,0.002761223792695958,0.0007818903028364299
control,0.5,12,control_p0.5_r12,3275316935,2106015775,2026073104,0,200,results/phase4_core/states/control/p0.5/rep_12.npz,results/phase4_core/states/control/p0.5/rep_12.rng.json,ed687b3340ed61cd0e3192a3bf5d6ced171d1bc43e845df86bc5041c50fa3eb8,b27620ab0617c21b58c41f014291715ec7318fbc34470035450aee1267454f1a,27.271875,0.0765544371543106,0.10109392459352456,0.2809408565459767,0.28258317190015236,0.0026693378142043393,-0.0016423153541756386
control,0.5,13,control_p0.5_r13,2847548159,2160581306,2026073104,0,200,results/phase4_core/states/control/p0.5/rep_13.npz,results/phase4_core/states/control/p0.5/rep_13.rng.json,40401716b8d4d27d9783d67f1a1d9c6a293346d206001e8fff3dd5b6621e4c3a,7b846320653e50a521a3e4b338f4ca112f63c0c136c9eb5a99e91e030812aa6b,27.603125,0.07750080046728121,0.13198049953150826,0.27649065112172855,0.2808008883676751,0.002790513266616896,-0.0043102372459465355
control,0.5,14,control_p0.5_r14,915076030,2993990846,2026073104,0,200,results/phase4_core/states/control/p0.5/rep_14.npz,results/phase4_core/states/control/p0.5/rep_14.rng.json,0cdba39a9155cc1989f37f67481d3db3b74222eb2a7422d17f722674f9189a8d,16afc28e8d238138b1ccd85394d9b20a36ef9c317567e74b0fe1b25a6e629941,27.09296875,0.07548151017924358,0.10794197867855826,0.2806093365215695,0.28210999239470186,0.0028492173006822914,-0.0015006558731323616
control,0.5,15,control_p0.5_r15,3061202138,1516940021,2026073104,0,200,results/phase4_core/states/control/p0.5/rep_15.npz,results/phase4_core/states/control/p0.5/rep_15.rng.json,0157aa36b0da633827905691d3c2ea930c7e0ec02e58c7106885fd4fa544f446,bc25f5770ea1398201aed80a8b34ade227e47b69e99c9799bd24df8bf3f63f83,26.90859375,0.0715734962299461,0.10344067791434394,0.2807884668653291,0.2824478550414492,0.002770002134705801,-0.0016593881761201024
control,0.5,16,control_p0.5_r16,1731401483,3998167140,2026073104,0,200,results/phase4_core/states/control/p0.5/rep_16.npz,results/phase4_core/states/control/p0.5/rep_16.rng.json,e8e3471cf6551b40ac09e2f610fe973a0bb6769a4ea3db32b62982fe76c6394e,7dc0d809d55f842d6141c17884e2af9401debab17d63d796f4db108c4a709cf7,27.3359375,0.07251122600071128,0.10230359121098374,0.2855923487030935,0.28258182909535406,0.0027303632704713736,0.003010519607739459
control,0.5,17,control_p0.5_r17,3010237040,1262505198,2026073104,0,200,results/phase4_core/states/control/p0.5/rep_17.npz,results/phase4_core/states/control/p0.5/rep_17.rng.json,125c37753abfa74f39dd516fa78f2af4088c64263bb9410b528d63406631a8dc,a364d9e98aa2252131e030ebc211c9a6ab0383c285aa5da2afb783837bf4663f,26.88125,0.07233569664989854,0.10266524454793717,0.2804347841993785,0.2824005030829847,0.002763886517141092,-0.0019657188836061934
control,0.5,18,control_p0.5_r18,216135605,2991692243,2026073104,0,200,results/phase4_core/states/control/p0.5/rep_18.npz,results/phase4_core/states/control/p0.5/rep_18.rng.json,a772f29e369bbd3f0dbaac13e042b55d690106ca7aeea7a9257966585c02e65b,d2fe17aaf494ea9a8fdd75eefc9002b4075ec79aedcae8a64e465c9d740dc6fd,26.7203125,0.07451804580985989,0.10700573379510206,0.27741310475875447,0.2823082138970936,0.002909780384117502,-0.0048951091383391265
control,0.5,19,control_p0.5_r19,3446865642,4004536395,2026073104,0,200,results/phase4_core/states/control/p0.5/rep_19.npz,results/phase4_core/states/control/p0.5/rep_19.rng.json,65e9745f4f5da4ce54a7e9f4d765aa9a85d846cdfb271531b28289b71c9af684,883709b16d201a4ca66ede35c9c152dfeba440ab7896785e38d4dacc5237428c,27.48828125,0.07760130914787805,0.11287961220011154,0.27962418454029847,0.2818954121287549,0.002732876716933595,-0.002271227588456437
control,0.6,0,control_p0.6_r00,3618291077,858363473,2026073104,0,200,results/phase4_core/states/control/p0.6/rep_00.npz,results/phase4_core/states/control/p0.6/rep_00.rng.json,89d1d4e04ef19f0de05bb57f4a2b02a7a641465f72f922581791a2e14ed969fa,93f8d1b4eb209921830928e87aa1afcea3623ec04deafbb8b280dbd9f19554ad,26.71796875,0.08293071985404413,0.14603901133797312,0.28283843830272276,0.2790569220051376,0.0027521966777504024,0.0037815162975851635
control,0.6,1,control_p0.6_r01,1678993919,1369837879,2026073104,0,200,results/phase4_core/states/control/p0.6/rep_01.npz,results/phase4_core/states/control/p0.6/rep_01.rng.json,5eac205d96caf57dec85a1c39be3163ad03d72d25ceec9169649371599272890,ecc53f51895fcca54a51c67c8c1b6f579e99e9869aa262595a079b96fa41a445,26.86875,0.08333313008595404,0.1286917829705248,0.27761288354210323,0.2801465146676829,0.0025525473305179035,-0.002533631125579694
control,0.6,2,control_p0.6_r02,3941646501,1223826282,2026073104,0,200,results/phase4_core/states/control/p0.6/rep_02.npz,results/phase4_core/states/control/p0.6/rep_02.rng.json,2b1dd86e291219ef33299ab3d18d65f3ce339bbc278a45b64906a2a592b7058c,368e110adfe528a791334af754795084132f5f0f8f4fa543535ca9118e313bc6,27.15,0.08130404073187689,0.13787711912696182,0.27886523974099664,0.27989512085024226,0.0029045423261871138,-0.0010298811092456228
control,0.6,3,control_p0.6_r03,1898844321,3349152012,2026073104,0,200,results/phase4_core/states/control/p0.6/rep_03.npz,results/phase4_core/states/control/p0.6/rep_03.rng.json,c7550cf21c65f3051910f6451c1250ab0e5d1b188a0505310ec431e20aeb34c8,39128f36ccdc8a35e6ba1d1728e02183ca8766c84fe759eb1077ad2c52719559,26.5328125,0.08638305937420603,0.1427800379193468,0.2777532961892586,0.27937912442461527,0.0028379394065236813,-0.0016258282353566744
control,0.6,4,control_p0.6_r04,2048568984,3720452613,2026073104,0,200,results/phase4_core/states/control/p0.6/rep_04.npz,results/phase4_core/states/control/p0.6/rep_04.rng.json,bef837e1b72e6dbfca2e63d9874f046cc215585247629c3ca1f91ae0238c44f6,1a0588ede7678edddbb9199a33cb21a682057f09caa4ee65aff96418d6f124f9,27.4984375,0.07818095096879835,0.12276738800924002,0.28309347840909327,0.28065842326674334,0.002838020430694153,0.002435055142349929
control,0.6,5,control_p0.6_r05,2123566627,2611502002,2026073104,0,200,results/phase4_core/states/control/p0.6/rep_05.npz,results/phase4_core/states/control/p0.6/rep_05.rng.json,9da997144af24a6a49d25df985359d346cf755d89ef7d266fd2e9c38499e9a03,3e5673be4b7fc28c210c8501e5b8f0bc4005414e449676834d469ac523be8bbf,27.06328125,0.08223668561783151,0.12816721290061792,0.28403297116921233,0.2805824989899808,0.0026784978586346735,0.0034504721792315562
control,0.6,6,control_p0.6_r06,2882565626,3812007976,2026073104,0,200,results/phase4_core/states/control/p0.6/rep_06.npz,results/phase4_core/states/control/p0.6/rep_06.rng.json,3e335fbc914373996550161de22decb1224e03d210e919c86ae180ffc9a9ee0b,2e4db1ea05a8b05f1d83880cd98b611381da5245fb782a91af84525042e4e5a8,26.246875,0.08419719955483423,0.1343949277516957,0.2751806767322916,0.2794142680092505,0.0028120163757706395,-0.004233591276958937
control,0.6,7,control_p0.6_r07,2276641161,200426137,2026073104,0,200,results/phase4_core/states/control/p0.6/rep_07.npz,results/phase4_core/states/control/p0.6/rep_07.rng.json,8711af1e91e578ba5645c49729ec731479c3e976e216783a73460f0b3821867b,ece9469c4fd1edaafabd463e2e04d1bf255498c02a9d213fbd2071c9dca5abb1,27.37734375,0.07965761656314449,0.12715470742647333,0.2762104960842343,0.2804403125748439,0.0028831611268532215,-0.004229816490609606
control,0.6,8,control_p0.6_r08,562926893,3200404688,2026073104,0,200,results/phase4_core/states/control/p0.6/rep_08.npz,results/phase4_core/states/control/p0.6/rep_08.rng.json,fccfb3f5947dfd3d2e78cb3ea97f5a4960252d6e5d47222f29c24b0a77eb20ae,f99dd5bf0157e20b3395f98caa542847573eb277d8f4aea80417412a57dfca06,27.078125,0.08617523940379104,0.13688163929009067,0.28304212674842777,0.2796665239956968,0.0026920638787845935,0.003375602752730966
control,0.6,9,control_p0.6_r09,3080644917,1529053324,2026073104,0,200,results/phase4_core/states/control/p0.6/rep_09.npz,results/phase4_core/states/control/p0.6/rep_09.rng.json,e31aa730638509e4df9a4a9de1f8d55d21e0482c88087727dd6c7bfbe5bdfbe8,4f89ed8a3c4704a10274aadee2fe9aa72d4cbf2323108b3123b743f9798f24a4,26.775,0.07909877595364972,0.12629152232020535,0.28172599956589894,0.27997109476857607,0.0028537089786524403,0.001754904797322876
control,0.6,10,control_p0.6_r10,789376535,1936023507,2026073104,0,200,results/phase4_core/states/control/p0.6/rep_10.npz,results/phase4_core/states/control/p0.6/rep_10.rng.json,1f31905ae234768adda30de4ee879a81435ac388163be5496d384bbb3f04d2d8,fc00e8bf295e657e06d221bc5604c61833b2ffcad4a7bd42709b9e6e1751cec7,26.978125,0.0863073057811993,0.14147513275320178,0.27806917165216,0.27947693258669837,0.0026877095553796988,-0.0014077609345383713
control,0.6,11,control_p0.6_r11,691079081,3559286830,2026073104,0,200,results/phase4_core/states/control/p0.6/rep_11.npz,results/phase4_core/states/control/p0.6/rep_11.rng.json,ec0827161b0d492a5d9794183dfda58da59bffdfc955e6490286d2867ef7cf8f,104d327ad884a5aa3ee813ec9e13caa88c4932d7713aa90d5e023d12e279eeac,26.6171875,0.08890224868564006,0.14648886047463833,0.27805541360486263,0.27890951188598817,0.0031270214616247257,-0.0008540982811255371
control,0.6,12,control_p0.6_r12,2307152739,3024292233,2026073104,0,200,results/phase4_core/states/control/p0.6/rep_12.npz,results/phase4_core/states/control/p0.6/rep_12.rng.json,0ad736be22fe6ea1489280fa57212862ed73ac968b11ef5131f89e11c6c1b6bf,7420a1606cc7d79a393081adf99943b9ebdd4bb97096df8ca7332604e0178f73,26.54609375,0.08398410637675849,0.14387486655099185,0.2792038825442683,0.27866560235670407,0.002462614416656149,0.000538280187564244
control,0.6,13,control_p0.6_r13,818315883,3942399926,2026073104,0,200,results/phase4_core/states/control/p0.6/rep_13.npz,results/phase4_core/states/control/p0.6/rep_13.rng.json,f5a3c28d84f1c0d5426d713ec945bb58cc9b745fdab21f3a0f16d10409a768f7,398870c14674142e6803660a7aadc76eb92d15db3da5587252fdf9dbeb763265,27.115625,0.08177103835866242,0.1328073329026133,0.2792545217941642,0.2799279882609913,0.0029083258414637696,-0.0006734664668270884
control,0.6,14,control_p0.6_r14,445403607,2709840875,2026073104,0,200,results/phase4_core/states/control/p0.6/rep_14.npz,results/phase4_core/states/control/p0.6/rep_14.rng.json,3bdeb9747aa607ee631964bc1c8fce9b1ae2bcd1459a31d990fb18a75a713e07,0649c327cbda828bc718818cb6e0e819c0e953562ce9c2d724583bfa57fc453e,26.79765625,0.08235668900343668,0.13751938512401488,0.2784163967330324,0.27916161630576847,0.002604694085851667,-0.0007452195727360444
control,0.6,15,control_p0.6_r15,1713809039,3741371586,2026073104,0,200,results/phase4_core/states/control/p0.6/rep_15.npz,results/phase4_core/states/control/p0.6/rep_15.rng.json,018b2742bd255fcf67b6a9a56afe7b24cbd176e33e7488c7f358cd8926f84ea1,ccf635c599159596be217961c2281e01e343b0c13996ff7ea232135f499e4f99,26.83984375,0.07977905752457223,0.11261427315914482,0.28491521278599496,0.2820088253775526,0.0025374864104707184,0.0029063874084423458
control,0.6,16,control_p0.6_r16,2613123428,268052707,2026073104,0,200,results/phase4_core/states/control/p0.6/rep_16.npz,results/phase4_core/states/control/p0.6/rep_16.rng.json,017edd33ac283f1796cb537a3c8e75e2562e66c2080c78ed02c5c63623118b88,a9a051a9c0dd49bc053b52541e7ee3a0b77fd1b0d7ba0fc639d334b64792a233,26.315625,0.08207001364051761,0.14205447610621483,0.27612919061851354,0.27905072376325907,0.002767803830894768,-0.002921533144745525
control,0.6,17,control_p0.6_r17,4096111621,165261634,2026073104,0,200,results/phase4_core/states/control/p0.6/rep_17.npz,results/phase4_core/states/control/p0.6/rep_17.rng.json,fb3c5e0b6b54a6b432101fb52959356bd6ba73a041d6cff11cb806d75ed7d923,799a24e9bf2db5e74a5613907e0d88e05a06a40d3cd7cf4f702357f4b32582bf,26.759375,0.07507099416522929,0.11550689038578894,0.28234212612839915,0.28105290223121776,0.0027956139873971794,0.0012892238971813907
control,0.6,18,control_p0.6_r18,3225458171,3986950126,2026073104,0,200,results/phase4_core/states/control/p0.6/rep_18.npz,results/phase4_core/states/control/p0.6/rep_18.rng.json,7bcd4152d843b69aba712158eebcac1eef2ba87f2ee88fc02197f8c63353ef47,2a5617b42762c7212d54e48fb026540e7f1f6d16f8d7ba661b4a844ea762652c,26.92109375,0.08070193816743437,0.1394549175638321,0.2773044538476152,0.27952990992074533,0.002906963676167018,-0.0022254560731301276
control,0.6,19,control_p0.6_r19,1929940855,2777547611,2026073104,0,200,results/phase4_core/states/control/p0.6/rep_19.npz,results/phase4_core/states/control/p0.6/rep_19.rng.json,475998526b7ac4b54bcbd5383e6ed69f5af6730117d70fbe6c795cb1f50d3282,8bf2b2d3457ef693f49b286bf23d88c9bf8b45a22f005046d38fd7f9e0d23711,27.18359375,0.08378012226503458,0.13647793762134122,0.2823854609130015,0.27939294390585534,0.002854842103439161,0.002992517007146145
control,0.7,0,control_p0.7_r00,1742952127,2184304139,2026073104,0,200,results/phase4_core/states/control/p0.7/rep_00.npz,results/phase4_core/states/control/p0.7/rep_00.rng.json,42dcadd170a845657cab999f961f470ae1cc07a538ce470642b0edefb69d8c10,a1945bb0090a980d21495afdf7622e96c994419dafa559c24300065c77f8f923,27.13984375,0.09527665817796133,0.191096074344624,0.27382711460012005,0.27467436160751235,0.0029100404071854408,-0.0008472470073923044
control,0.7,1,control_p0.7_r01,2982212029,1284302408,2026073104,0,200,results/phase4_core/states/control/p0.7/rep_01.npz,results/phase4_core/states/control/p0.7/rep_01.rng.json,5f45cd2270bcbc0b21feed43350e0fa0ba9939ef4b3b0a70da9eb2cf0942cd2c,955d7c824ef457cee8855e19b665c6789c550bb82b52e9b8c1cd0e4a3dd17e60,26.98203125,0.09930723206742688,0.20770962142324076,0.27063710416506875,0.2735639028526002,0.0024425070052262188,-0.002926798687531429
control,0.7,2,control_p0.7_r02,3194573016,1454805042,2026073104,0,200,results/phase4_core/states/control/p0.7/rep_02.npz,results/phase4_core/states/control/p0.7/rep_02.rng.json,f4992bf6e8b39c92c6a10e363b64e30374f530010e0d3e9e8ea478f09af64272,5c7ca9d983700d0b86ea0536324f3e6f25346568f3d6221bf4f23a92362a9595,27.0265625,0.10822563718877626,0.2425161599499815,0.2724670215111545,0.27019272551679235,0.00278534489444171,0.00227429599436213
control,0.7,3,control_p0.7_r03,1571157177,346294526,2026073104,0,200,results/phase4_core/states/control/p0.7/rep_03.npz,results/phase4_core/states/control/p0.7/rep_03.rng.json,cc08ea958695cd54180cf7afdb6bd9aadecf37bbe0315c8500f18b269c0d9cec,1ad6dd77200d0765dff8ff1c322cf4f2857e9b156a4e5d509f4d2296552c76f0,27.42265625,0.10324219202403064,0.20098832866486618,0.27226332673916775,0.27319631458921195,0.0028911966268014076,-0.0009329878500441979
control,0.7,4,control_p0.7_r04,3723460104,791024550,2026073104,0,200,results/phase4_core/states/control/p0.7/rep_04.npz,results/phase4_core/states/control/p0.7/rep_04.rng.json,cfc599adcf2ba27e31c6f4d291e5598420a8c9f2ff438b36646edd2ffc6c9184,3618986b40b7b8c2e969ab7199c65326d79823f5e084161a1f5c73474b3805ab,27.15234375,0.10562225609028134,0.2274597026273512,0.2696506801725637,0.27209153141996334,0.002736685606050354,-0.0024408512473996224
control,0.7,5,control_p0.7_r05,519855623,4105396311,2026073104,0,200,results/phase4_core/states/control/p0.7/rep_05.npz,results/phase4_core/states/control/p0.7/rep_05.rng.json,eaafdc96d57d5f9dbeebc32ef55b48eb89b4543ab9c9978991cfb6f2a9eafd52,310e926323f5b6afb9856f0e8ae46f9ba47828cb1a8bab99465033d09135ada3,27.39921875,0.10754652954218219,0.2254255627174585,0.2752113663276463,0.27160995335358384,0.0026955262631475074,0.003601412974062468
control,0.7,6,control_p0.7_r06,3989855636,2695630940,2026073104,0,200,results/phase4_core/states/control/p0.7/rep_06.npz,results/phase4_core/states/control/p0.7/rep_06.rng.json,345cc13d209da8e25b5dd738305a4c2a437ee761eb93d3ca47db8f29b23b72c5,84dd35de69bd1653e373278173ae7d18423a017b4d41392f43f76824b16477ad,27.5203125,0.10048421733728821,0.2005120320015108,0.2757707829049062,0.27420706098415465,0.0028370594346400256,0.0015637219207515485
control,0.7,7,control_p0.7_r07,2166863087,771112773,2026073104,0,200,results/phase4_core/states/control/p0.7/rep_07.npz,results/phase4_core/states/control/p0.7/rep_07.rng.json,71a324249e7e01edbaaeb97aa08bde7a676aa5e2861a879bcd75d692e0eaea81,92e07db9f12ce33f246a664cc0f6089226bf14dc90c25066fe21f87a7faee0bf,26.746875,0.09944791781973251,0.19920795884345088,0.27520847749842137,0.2737849669808214,0.002915446732312589,0.0014235105175999796
control,0.7,8,control_p0.7_r08,2288487468,603217869,2026073104,0,200,results/phase4_core/states/control/p0.7/rep_08.npz,results/phase4_core/states/control/p0.7/rep_08.rng.json,ba89377575cc32fdcae4b4ddea9915c7721d154c6ca5b5159fb16a117a97ea87,4bc8e8c81294770654dac9bf0cc0a6cf82c31f5f19f2d99f08cbe700d06a2a08,26.56875,0.1080906281193546,0.22704810445793913,0.2699239020594678,0.27199165046257145,0.0029226678609804322,-0.002067748403103642
control,0.7,9,control_p0.7_r09,2474237369,1339553950,2026073104,0,200,results/phase4_core/states/control/p0.7/rep_09.npz,results/phase4_core/states/control/p0.7/rep_09.rng.json,3290f791e8a6f17d7f8b13c4cbef8db06eb723cff19132286c7b414009006f05,2e8de71649be121afd0f85e104d5c2442f85660a710c1bb7956e00e2ef7c1d0b,27.4296875,0.09395268191641071,0.18030881501094992,0.27468319451038,0.274570679189709,0.0025250141405691005,0.00011251532067096948
control,0.7,10,control_p0.7_r10,628080611,3812233866,2026073104,0,200,results/phase4_core/states/control/p0.7/rep_10.npz,results/phase4_core/states/control/p0.7/rep_10.rng.json,bd8225931c37b9dec997ec8fcc28d7dad13bf1ed7eb4bd564c14630f571126d4,06c1e576bc0e89496f62318fef5c245c21f9ec39e1a3cbcfbd89ef3fbc3a9903,27.54296875,0.10212068905120739,0.19580936347975356,0.2763185810383416,0.2751126690387623,0.002788553646579352,0.0012059119995793122
control,0.7,11,control_p0.7_r11,2391120781,421001018,2026073104,0,200,results/phase4_core/states/control/p0.7/rep_11.npz,results/phase4_core/states/control/p0.7/rep_11.rng.json,c264899414249a159fca7f1a2be608b7763690111a613619ef8867416a818218,0a50b5961995741377262830b006bfdb2a4406a48ff3d2b5f5148a1fcc3e0bc8,26.89609375,0.10413615304018316,0.2076105987700027,0.27136306330368354,0.27465434031582603,0.00250806404892105,-0.0032912770121424906
control,0.7,12,control_p0.7_r12,1701431295,1209575193,2026073104,0,200,results/phase4_core/states/control/p0.7/rep_12.npz,results/phase4_core/states/control/p0.7/rep_12.rng.json,32ab00bdfecf51003d82586b51e1b610c1715ae0b26d2daea55deb99104d4225,0c0df79eabaf7a05a62fe54170d24eef32c1c4be009fc0dff211e33383699824,26.73984375,0.09643160989022101,0.1916197648853183,0.2732820623892285,0.2752241221012678,0.0023812362234499366,-0.0019420597120393124
control,0.7,13,control_p0.7_r13,3119881695,435970338,2026073104,0,200,results/phase4_core/states/control/p0.7/rep_13.npz,results/phase4_core/states/control/p0.7/rep_13.rng.json,1987e7bf1207f1f557eeb3bfc91ec88725df4944ca982dd2dcc10fda14a330a7,10a0b6752d9a581eece5562b73160f48fe8d1288bd1a4adc420bb5854296758e,26.9546875,0.09612349443777081,0.18181866441636335,0.27670334280363645,0.2755695402789029,0.0028297207460421495,0.0011338025247335515
control,0.7,14,control_p0.7_r14,3332569009,149200840,2026073104,0,200,results/phase4_core/states/control/p0.7/rep_14.npz,results/phase4_core/states/control/p0.7/rep_14.rng.json,e4b2ea7cd3d491610a25b5a9fffb405451373ff0ca44ed709c15881e79e3b7b3,07916ef41014cd854caeba34974da18095fa5226a90fce3bbd351f517e9df7cc,26.90390625,0.09663977694039474,0.19760135243194146,0.27309753162767103,0.2741473443153546,0.0027476431074314684,-0.00104981268768356
control,0.7,15,control_p0.7_r15,2341237257,4060276247,2026073104,0,200,results/phase4_core/states/control/p0.7/rep_15.npz,results/phase4_core/states/control/p0.7/rep_15.rng.json,7a3329f7e9e3ad1e57e023a7175eaa5d3282507b985c8e26cd5dac0b915d8438,476e7b6d0d0d77136530aa319f4a2bd1c4f1269705f2c130fd2d87c67565b18a,27.10703125,0.09476186563619421,0.18056828294733165,0.27929977085331004,0.2751264052161774,0.00276089777611914,0.004173365637132609
control,0.7,16,control_p0.7_r16,2395725026,666815070,2026073104,0,200,results/phase4_core/states/control/p0.7/rep_16.npz,results/phase4_core/states/control/p0.7/rep_16.rng.json,b3d4d494ee9189a07ed1479a28a6d4df3671a5ff21982028ca2f588e652ee5b6,649c76e0ff71c262c4b3b644593d16e7ee826cbcb579a6c179ea17e512b354c4,27.084375,0.09966688046562301,0.1915226321398448,0.27806842409713534,0.2742596367777286,0.0025961179900711347,0.003808787319406759
control,0.7,17,control_p0.7_r17,1090693834,1182650765,2026073104,0,200,results/phase4_core/states/control/p0.7/rep_17.npz,results/phase4_core/states/control/p0.7/rep_17.rng.json,739a2542eaad532fbfc1a32127e75854c8ff9b44fa47d496ef40d725b87912ad,d229360614536ef9a8f526be24bde334962950869b1964459d228fb8b1f55937,27.7109375,0.101279371516489,0.2046109509073928,0.2761728927552667,0.273978085548843,0.0027671311237387757,0.0021948072064236768
control,0.7,18,control_p0.7_r18,3546494069,521192787,2026073104,0,200,results/phase4_core/states/control/p0.7/rep_18.npz,results/phase4_core/states/control/p0.7/rep_18.rng.json,01a48d9f6883aeac6c5b4084c75035b56eae77a949179ecd34d6e07ed00a0fa2,5ee4cb1cbfa8c97b637348a7d9d659cd8da8c9272b6efdf9c0fbff6c0573c579,27.24453125,0.09273673639002718,0.176586823736891,0.2752621215992261,0.2754475051808637,0.0027301057513580574,-0.00018538358163761037
control,0.7,19,control_p0.7_r19,3598236820,3386191563,2026073104,0,200,results/phase4_core/states/control/p0.7/rep_19.npz,results/phase4_core/states/control/p0.7/rep_19.rng.json,2f926d672f4528e36f8edd842cddfac6d0386922d69c32a0be64d33b75f92689,f9e30a906660356be70875e3fedc77691baa9535c55d3d08965d3c802b34b403,27.16640625,0.0906134357193048,0.16788581712331763,0.2693063183737701,0.27533140335387796,0.0024634884198475593,-0.006025084980107842
control,0.8,0,control_p0.8_r00,2181004317,1349597951,2026073104,0,200,results/phase4_core/states/control/p0.8/rep_00.npz,results/phase4_core/states/control/p0.8/rep_00.rng.json,4316603d04214134f3f7e283847825f3b36ef346a85f719108cb315f19f73208,1955451f9e031bf3cb0e59b228cbf4a3bf21f4b976aacc11004f977b2d3677b7,26.79453125,0.13103285815862636,0.3317228803456047,0.2597795856069638,0.26090133282294153,0.0028472810701173873,-0.001121747215977742
control,0.8,1,control_p0.8_r01,1139065349,357349681,2026073104,0,200,results/phase4_core/states/control/p0.8/rep_01.npz,results/phase4_core/states/control/p0.8/rep_01.rng.json,0efd758a5172aca97d300dc35e2a3757699cd7f0787de44f5cfd0f957e6e8d28,a7de1f595ef5d635589d377671332f61862f2602fefca39f7b71815432ef3b1f,26.734375,0.12365826899813157,0.29963049235567857,0.2607037167155037,0.2633870239488601,0.0025186230010345746,-0.0026833072333564134
control,0.8,2,control_p0.8_r02,3393826305,718469831,2026073104,0,200,results/phase4_core/states/control/p0.8/rep_02.npz,results/phase4_core/states/control/p0.8/rep_02.rng.json,1336689571175a167fdec748e65d8589ba8c1cd9a0d38ecb589e586a426689cb,14bac4d94eb48f1a5b26312c4e814cfd827a6e644f1f9e70c5b6123d4a2531f9,27.1375,0.13134839386198066,0.30505309193340213,0.26450951691172014,0.26479658143084167,0.0024231872286723144,-0.0002870645191215271
control,0.8,3,control_p0.8_r03,3152041068,2263037322,2026073104,0,200,results/phase4_core/states/control/p0.8/rep_03.npz,results/phase4_core/states/control/p0.8/rep_03.rng.json,7ce63d18304dbd510c23bce85c51d6d68d81e079daa8b808c5787027b8a2c088,bd027629e9f8f3207cee122aa700b05ff894249348c4338fb2de2ab4d5b1eeaa,27.525,0.12095036363228083,0.2801944864779268,0.26485047022151614,0.26595337690573495,0.0028332549685569056,-0.0011029066842188073
control,0.8,4,control_p0.8_r04,2455289929,2793282665,2026073104,0,200,results/phase4_core/states/control/p0.8/rep_04.npz,results/phase4_core/states/control/p0.8/rep_04.rng.json,ecd7afc3e0ee259e683648d3a2cd6e83ac3abaa9040c58216d477a5a4df41902,2115e9a81b3da9c93716ac7ba59cceae162b5845064e4f04dbbd5b19c468e60f,26.74765625,0.12899108541097143,0.310580786345044,0.26092577621542046,0.26361338040111437,0.002685450017581438,-0.002687604185693915
control,0.8,5,control_p0.8_r05,2746772290,751203758,2026073104,0,200,results/phase4_core/states/control/p0.8/rep_05.npz,results/phase4_core/states/control/p0.8/rep_05.rng.json,c9ea8ff83c25087e4e1e9beed4f3d3912ff713f24e91593f04b3b5c5c421f115,42c5f148d9d73d12c67311d8d8d8342c5da53cb04ca82677bcb4bdb8a6ed661c,27.26640625,0.11717269248901722,0.2835774756462718,0.2615703809951627,0.26571932300207124,0.00293489228265487,-0.004148942006908518
control,0.8,6,control_p0.8_r06,259258397,664568763,2026073104,0,200,results/phase4_core/states/control/p0.8/rep_06.npz,results/phase4_core/states/control/p0.8/rep_06.rng.json,773b6a86b57361fd342f8cd8a593ccad32b4ab7c72a1abaf9414f73570aa68af,67086f4759e2db8949640e6cbe288f28852ff7ecba5c52552c562c55efdffd54,27.88828125,0.12013690336323748,0.2786660590443854,0.2688897502604045,0.2650209984188927,0.002572449493379254,0.0038687518415118083
control,0.8,7,control_p0.8_r07,575092919,115265280,2026073104,0,200,results/phase4_core/states/control/p0.8/rep_07.npz,results/phase4_core/states/control/p0.8/rep_07.rng.json,e8789ad882e9fd7e5efdd4320e749e297dcb4eb7b51854a22dc943df7f137ae1,938b2f93a4aa047cba8f1ded25cc4a8ce1fe0228cf3058713ac71704e3c1c653,27.053125,0.12771316668821234,0.30433251636505976,0.26386182436583605,0.2642423931142086,0.0025175611379482095,-0.00038056874837255616
control,0.8,8,control_p0.8_r08,1083574650,591203281,2026073104,0,200,results/phase4_core/states/control/p0.8/rep_08.npz,results/phase4_core/states/control/p0.8/rep_08.rng.json,27a969ebddc90c4887322c85cb15837ccfa0608fd331d3229d69c3652ba9df20,7ab82255dec01bb944f2f0ddc415f1db4082a4a80e1a7124c42740f307ee6852,26.7125,0.14029664197921302,0.3461071716016296,0.25834284007134223,0.26122514779334133,0.002565825879089147,-0.0028823077219991
control,0.8,9,control_p0.8_r09,3394910927,344300329,2026073104,0,200,results/phase4_core/states/control/p0.8/rep_09.npz,results/phase4_core/states/control/p0.8/rep_09.rng.json,3dfeb2c217b14854f2ab6664145707b09a27aa041f70ebed8b9400d0e13b6471,a0640cb9e99676c7e3a5454144f9b98edeb6c3cc90fe69d7e2ce9b79638ba2e1,26.7296875,0.12905245044673536,0.3021986611886518,0.2636611019654962,0.2626476671502972,0.002805182215617543,0.0010134348151989991
control,0.8,10,control_p0.8_r10,1593808494,3897856204,2026073104,0,200,results/phase4_core/states/control/p0.8/rep_10.npz,results/phase4_core/states/control/p0.8/rep_10.rng.json,ab1bb5a7e66ced1c4a095a37b955b0ded82d672c7b0eb40a53e8460df426bd3b,c6c1409688938138b1a38df3a58fcbc5c5b1d49b4c36ed72a37c80e9aae85326,27.40234375,0.12343025406457345,0.2762872539427368,0.26774401048695484,0.26622509125296695,0.002963460403914465,0.001518919233987892
control,0.8,11,control_p0.8_r11,381487154,2117693653,2026073104,0,200,results/phase4_core/states/control/p0.8/rep_11.npz,results/phase4_core/states/control/p0.8/rep_11.rng.json,f96e8882bfdefc099fd2efc6cc712a27567b98723c9ba430c6ea0216ce30f498,3d2e54bfeba6ad98a2d3614188ce8a239038871a568b5f53ebdaa9e870e73019,27.6328125,0.1315389813355219,0.32679344268895083,0.25805645911255326,0.2631684863593628,0.0025985759600567707,-0.005112027246809536
control,0.8,12,control_p0.8_r12,535468972,3614683168,2026073104,0,200,results/phase4_core/states/control/p0.8/rep_12.npz,results/phase4_core/states/control/p0.8/rep_12.rng.json,ba2af98469ca9693101968f6e37927a7fc4f1aa56dab225f6be79674a5299bdd,c21cb3d6aa0c7d25373cdf559f56c394bf60bb2250647b77e66094ad59e9db2a,26.53984375,0.1404664056044739,0.3436134177145813,0.25935992831684396,0.2618050495554898,0.002707836818842065,-0.00244512123864582
control,0.8,13,control_p0.8_r13,667228268,1333577715,2026073104,0,200,results/phase4_core/states/control/p0.8/rep_13.npz,results/phase4_core/states/control/p0.8/rep_13.rng.json,697c090c114c0928d1b39327db25ab1f9486f76cbf1eba383d19a23e0c577c0f,a0a75755ed331bb0ece2d768b6cc0b5fe39d30bdb36b246968c6479643ab1a7a,26.77890625,0.11801932654431616,0.26808159200106285,0.26599624205953304,0.26609107205733884,0.0025933307658976006,-9.482999780580093e-05
control,0.8,14,control_p0.8_r14,1742350564,2096751227,2026073104,0,200,results/phase4_core/states/control/p0.8/rep_14.npz,results/phase4_core/states/control/p0.8/rep_14.rng.json,5e5fd80f8c31554e4258681d41c957db91a50d4366a70e300f3fcc06d9b49f6f,f908cf98c32d18e83cfd78c9e62c71738cba1800d0dcdca69c0d2d142bba2eb0,26.19765625,0.12133749792069745,0.2709254200048977,0.26997957465500655,0.2665136563079967,0.002590481692519002,0.003465918347009822
control,0.8,15,control_p0.8_r15,1511808806,1413260310,2026073104,0,200,results/phase4_core/states/control/p0.8/rep_15.npz,results/phase4_core/states/control/p0.8/rep_15.rng.json,e2875f673a994c22112718fd11b6bee717afed726220c3469031f391d5e8d510,c313bd42f21dc9d56d759c738c93d680ea3ad030982b9652f14ae054e79636d5,26.2625,0.12214471499562134,0.2770745265288402,0.2658999963340499,0.2652890951827008,0.0026998527109284493,0.0006109011513491525
control,0.8,16,control_p0.8_r16,175587956,1627177007,2026073104,0,200,results/phase4_core/states/control/p0.8/rep_16.npz,results/phase4_core/states/control/p0.8/rep_16.rng.json,505c0aeff6530837f2278407f7446876bd43384631b34c235c265ba2b87925ea,053b8bc8a3cf37a979481977c5464c94d23c829e9a9c8982bdf09ee7c3589558,26.80625,0.13483828600046305,0.31592595370941073,0.2630132236420665,0.26215243880305983,0.002681426662695552,0.0008607848390066453
control,0.8,17,control_p0.8_r17,3891993430,2942892661,2026073104,0,200,results/phase4_core/states/control/p0.8/rep_17.npz,results/phase4_core/states/control/p0.8/rep_17.rng.json,38a7d151c4a99ce82df6cd13cf92ca7a4b10283536f9b70a0566dae6b2838f26,b4ed370d4f34772669eb83a011a742c4c5cd7a7ad13ff5e9b451be3628cb6300,27.47265625,0.13929455371736765,0.3531040936689549,0.2629530631033731,0.26335505985298896,0.0025758152488183773,-0.00040199674961588494
control,0.8,18,control_p0.8_r18,1971247988,1871565443,2026073104,0,200,results/phase4_core/states/control/p0.8/rep_18.npz,results/phase4_core/states/control/p0.8/rep_18.rng.json,e927d2a24bcf828981554e237decdd979076fce78ea9df332b7817d7b6c0c56d,d2d7c618d6ab44e7ced4acb2bbcdf1439163349c2aefad89212a99a903925373,26.59140625,0.1391457680928168,0.3518834391167517,0.2625340576730781,0.2598976202664528,0.0030235818435920742,0.0026364374066252805
control,0.8,19,control_p0.8_r19,1175326144,4281511616,2026073104,0,200,results/phase4_core/states/control/p0.8/rep_19.npz,results/phase4_core/states/control/p0.8/rep_19.rng.json,a4d9ef6c63b3b56d5ef5b17fd82ea617c201e2ef9f42b7743c94080e35ab111f,a95f52296657209f34997e838343c249020c5fc30ecc453be99eee096a3cdf37,26.57890625,0.1271749046513682,0.2907023796265308,0.266625251499527,0.26533984749741635,0.0027315974362679997,0.001285404002110635
control,0.9,0,control_p0.9_r00,1012495733,1157818968,2026073104,0,200,results/phase4_core/states/control/p0.9/rep_00.npz,results/phase4_core/states/control/p0.9/rep_00.rng.json,48dd19dbb8324601e8ca9806443a65caf4bbc17ef068bf02281115725025e35f,faed94a92310996ff5733bba507b32065cd91f13f38917d9d8cc655f7d56f775,27.05078125,0.19652703983976677,0.580744433880525,0.22833427407465823,0.22938240311907943,0.002550278787883579,-0.0010481290444211977
control,0.9,1,control_p0.9_r01,2999621308,209847993,2026073104,0,200,results/phase4_core/states/control/p0.9/rep_01.npz,results/phase4_core/states/control/p0.9/rep_01.rng.json,35cac3c11a935dfccf9e33f1f61ed3ac4ef2ad3d3e679afccbb596c4b33e08fa,358e4ac0d5f677c5c2fb326e6fff7459aef2c8848d0d4afbf29a477ca34a13ed,28.10546875,0.22754161303503886,0.7201611975457112,0.2191020472493925,0.22075032698658142,0.0023717808420947203,-0.0016482797371889235
control,0.9,2,control_p0.9_r02,2400731145,2756801446,2026073104,0,200,results/phase4_core/states/control/p0.9/rep_02.npz,results/phase4_core/states/control/p0.9/rep_02.rng.json,3723ae025e4f7812b5cb29e2511dec9d9479c71941eff3fbdea58e6d5ae6912c,18e21d1e3e13c93f7de0f9686d025808c4d46cc5c889101f2115e279926c2ba1,27.30078125,0.2525801193701115,0.7781505399269346,0.21666385094753737,0.21372835104300292,0.002154171415230351,0.0029354999045344554
control,0.9,3,control_p0.9_r03,3672670023,1382106046,2026073104,0,200,results/phase4_core/states/control/p0.9/rep_03.npz,results/phase4_core/states/control/p0.9/rep_03.rng.json,0fe5ca87806105bfba6d19f35704e8590958a80f3b382fb935c680e98e5df26e,9fd8b6a2115e103b90e462e1d804cbee6f00d6c8efdeaa916521608d340e5bff,27.078125,0.21366277504643805,0.6289762939036285,0.23429301507381672,0.23529695890663735,0.0025774494136671993,-0.0010039438328206252
control,0.9,4,control_p0.9_r04,4239309068,1990649136,2026073104,0,200,results/phase4_core/states/control/p0.9/rep_04.npz,results/phase4_core/states/control/p0.9/rep_04.rng.json,8deed33dcd65ff62dcc5509d2fc1e344f237d0ec6b799794e6a9e744ef2cfed7,8efa5fba960260d15a111b4edf1d07c08e9877e49ea86819b07af853c69912bd,28.22734375,0.20549794066444702,0.6000194037256446,0.23722389183890774,0.2374349727672889,0.002564718254221466,-0.0002110809283811521
control,0.9,5,control_p0.9_r05,2329578853,3247641925,2026073104,0,200,results/phase4_core/states/control/p0.9/rep_05.npz,results/phase4_core/states/control/p0.9/rep_05.rng.json,ccb62030704e10257789b16f462d988dcd38d9060cdf84c64993389fdaeb77e1,d092293ffd76f7be438ac62eff90615ee653d045287d443f8dae1038c816a27c,27.48671875,0.20220887403275856,0.6016127338911152,0.23134264401919763,0.23160814045458722,0.002427060333684834,-0.00026549643538958945
control,0.9,6,control_p0.9_r06,3694585140,3675065898,2026073104,0,200,results/phase4_core/states/control/p0.9/rep_06.npz,results/phase4_core/states/control/p0.9/rep_06.rng.json,1ca4f49faac8358878eeb0ccf435589b092f23a86f30a5468dc8c1f618fe6e92,6eb682ff9ed36d13997fa91f551cb42ed34edaf660f8d4c183c79963e9d9a839,27.35546875,0.1957823032926453,0.5907040168710609,0.2290380317238608,0.2290989185705422,0.002466253696338389,-6.088684668140165e-05
control,0.9,7,control_p0.9_r07,2972606565,2944579672,2026073104,0,200,results/phase4_core/states/control/p0.9/rep_07.npz,results/phase4_core/states/control/p0.9/rep_07.rng.json,6f8646115caacc02a01f2d39df76bf785facfa4113f42bd6a5766fdd85b0b1c2,e5c8b968fe932982bbbe2673db56208f2dc3779df069e68246cce39bb8ae5d9c,27.24140625,0.2225168955437594,0.6745295467717257,0.22471746012737587,0.22693026363450905,0.002379160417288199,-0.002212803507133182
control,0.9,8,control_p0.9_r08,2882635599,1208647143,2026073104,0,200,results/phase4_core/states/control/p0.9/rep_08.npz,results/phase4_core/states/control/p0.9/rep_08.rng.json,96af90ac10d6bae9fe8727106ff0839c4a77378f64641d7c66ef8c6c17245233,7e248a602b7e3e551a6a5ce0e7bda3bbc0da1e9aeedd493ab5846ed0a65069e9,27.01171875,0.2212594720145757,0.6471727996950629,0.23160570404631453,0.22906781441155055,0.0023546644056641063,0.002537889634763979
control,0.9,9,control_p0.9_r09,1021638250,2924911504,2026073104,0,200,results/phase4_core/states/control/p0.9/rep_09.npz,results/phase4_core/states/control/p0.9/rep_09.rng.json,14d68d32ff278213853b48016c6d6e691019e0e2d968c86d93fb8e464001108d,d9ad2573fcd0e407486766e5fa2532e5b877772aa7a8428642b2ec007ac824bb,27.26953125,0.21195982301456087,0.6524528928674409,0.22163996770414995,0.22601957838422654,0.002276727431203089,-0.004379610680076584
control,0.9,10,control_p0.9_r10,4121379877,1108800039,2026073104,0,200,results/phase4_core/states/control/p0.9/rep_10.npz,results/phase4_core/states/control/p0.9/rep_10.rng.json,33caa2c1b5a738ab5ec848ca42fcc956a4f68c106a0bc207a50e3876175570f2,5cc5855d3c31b019a243d2b93446abb2c3721b2d3a0782a7d0b0bdde7131e2b2,27.33828125,0.1739841077545773,0.5076314615617109,0.23696414946439354,0.23910507502150524,0.0025128726975272376,-0.002140925557111706
control,0.9,11,control_p0.9_r11,3052817982,1611939026,2026073104,0,200,results/phase4_core/states/control/p0.9/rep_11.npz,results/phase4_core/states/control/p0.9/rep_11.rng.json,19825905dcf70f4398173148c2678a1fe69c77fa5dabcbba6950c7b7bdb50a03,d21e1d85e57a3e609166577c666133126e966c9a2e47e8c4da6a6f7a10e081d6,27.01953125,0.20899403028698796,0.6181642465545099,0.22977790489526495,0.23001912213661732,0.0025532306809483087,-0.00024121724135237055
control,0.9,12,control_p0.9_r12,805468924,1531774980,2026073104,0,200,results/phase4_core/states/control/p0.9/rep_12.npz,results/phase4_core/states/control/p0.9/rep_12.rng.json,669767d7e28da7bd7c6009ef279147c59ee29b626ebd55b6993de6d9744c6653,f0e0707c9ca81b806799177af15d4a931f816c71e10a58809b60cae296ddaf30,26.98125,0.23652680234859125,0.7297425792475323,0.22145694470184898,0.22354042389947446,0.002439164980126854,-0.0020834791976254707
control,0.9,13,control_p0.9_r13,130380487,780899652,2026073104,0,200,results/phase4_core/states/control/p0.9/rep_13.npz,results/phase4_core/states/control/p0.9/rep_13.rng.json,f4d2c2f9d5dd7a71bd999a36ebc09b17becd234aac16d7aff0fe3cee71b725ec,d6fb05dce20c2de96e282c0fecc225ea9cc361dabad40fe81ce9ff32f956c635,27.18125,0.19428393625028129,0.54999280331081,0.23797959364768195,0.2354168292009048,0.0025658881308343266,0.002562764446777166
control,0.9,14,control_p0.9_r14,970734302,914628714,2026073104,0,200,results/phase4_core/states/control/p0.9/rep_14.npz,results/phase4_core/states/control/p0.9/rep_14.rng.json,be514238c2ea380bd8618ec695d61b720f78a260becd2f1851e4b70ff5603b37,9ac37f44981ba29ed2c922a937e0bd0480e24534a0fb49210b1b3b82dfe70e9b,27.228125,0.22435354318130185,0.6742501253186041,0.23315906957687,0.2291280713988784,0.002421347213433163,0.0040309981779916015
control,0.9,15,control_p0.9_r15,1744178754,1595947045,2026073104,0,200,results/phase4_core/states/control/p0.9/rep_15.npz,results/phase4_core/states/control/p0.9/rep_15.rng.json,cc39114eee684bb007ae514529eeb5f8519f354590e16c2b5cbe7b1fee4f87e7,942e268b250c9b90027394fb9fd78a96456734a2fb13377f40c4d428a1dadb30,26.57265625,0.2344593252402087,0.7158558527993547,0.22594325273376098,0.22672550237237898,0.0024945914085482477,-0.0007822496386180045
control,0.9,16,control_p0.9_r16,3071390907,2628867148,2026073104,0,200,results/phase4_core/states/control/p0.9/rep_16.npz,results/phase4_core/states/control/p0.9/rep_16.rng.json,d9f31ba47fefc7399ade46f0df5b6447d1f1cbd4e4508a12d8864ec23860da97,d872976da287b8ef93a06a54197396926762421dbbe1fd69ad81d34576abb260,27.2234375,0.23228633164599227,0.6928085493108808,0.22634394700233318,0.22366136096298714,0.0023377097574247712,0.002682586039346041
control,0.9,17,control_p0.9_r17,901166602,1853607228,2026073104,0,200,results/phase4_core/states/control/p0.9/rep_17.npz,results/phase4_core/states/control/p0.9/rep_17.rng.json,390023a6437a996590dcfbea2995acf9c68c2a6861df67cb3b3a6938d43c9b55,757e158c1348880f6b72e4864151ce5cc930c060bb0e88b1fff99738e89f6048,27.196875,0.21957841586006377,0.6729380852672409,0.2205040767475635,0.22260561788202138,0.0022690190330962997,-0.002101541134457874
control,0.9,18,control_p0.9_r18,2769853347,3245016496,2026073104,0,200,results/phase4_core/states/control/p0.9/rep_18.npz,results/phase4_core/states/control/p0.9/rep_18.rng.json,4e03cdc5a5e7b256465bd4d2a4faf6fd25330fd068c7dc4806c6840886d0912d,21a2210beaf712513ba3be2c099b59cce18f701baa474b39b68cff0f96c4a46f,27.775,0.20604206922803456,0.6216256858785355,0.22801014339301784,0.22603498099945818,0.002422664573199858,0.0019751623935596596
control,0.9,19,control_p0.9_r19,727502288,2232919635,2026073104,0,200,results/phase4_core/states/control/p0.9/rep_19.npz,results/phase4_core/states/control/p0.9/rep_19.rng.json,776060aae0f52df5a95bb6c4fed7951f19ebdb35fab1e6c15fddd5ba48ac2344,ef63dbc088911da463dc9a66d526133fa8368a0b88bac86c82176225fe76aa1f,27.2171875,0.20689516280835193,0.6227360868096443,0.23243254585637177,0.22858574930167946,0.0023393653301577383,0.0038467965546923055
control,1.0,0,control_p1.0_r00,959377117,2469719452,2026073104,0,200,results/phase4_core/states/control/p1.0/rep_00.npz,results/phase4_core/states/control/p1.0/rep_00.rng.json,4f3a69f159c28656abe643ef889ca0146b1b3e53b8180fb16d7a841e3bf903f9,453247198d0013eb12d592969ee15b6c0dcc1d43b60b581be0765e30b86ac2f6,26.39765625,0.46433992634741783,1.8333474471992406,0.030136132719357223,0.03002133184612942,0.0008733925940098677,0.00011480087322780427
control,1.0,1,control_p1.0_r01,2117617387,711101408,2026073104,0,200,results/phase4_core/states/control/p1.0/rep_01.npz,results/phase4_core/states/control/p1.0/rep_01.rng.json,3934af56c96e31fe6c382fe9b031743b8b0ba511930407fcef1b29fe26e1615a,d953cbbca41b76fbac0961e7b8b7552452900e7be060fa4c1d07e09ebecf1053,26.6390625,0.4858568918309345,1.9052106409832492,0.026176845388049465,0.026033363377001625,0.0009124028380587749,0.00014348201104784006
control,1.0,2,control_p1.0_r02,1818475040,797882791,2026073104,0,200,results/phase4_core/states/control/p1.0/rep_02.npz,results/phase4_core/states/control/p1.0/rep_02.rng.json,e49b254013b9cc592e22365362ef00b57cd479441a0a73df96e11b4cbe7ab1c8,9395061ee6fbe1fa511bec9ecaf808c8a0eacd6efa58c0088b51eace82eb3118,26.60546875,0.46786372480947147,1.7876213084215227,0.02987552719381247,0.03056425956035226,0.0009259330787465247,-0.0006887323665397925
control,1.0,3,control_p1.0_r03,2288087449,1363363211,2026073104,0,200,results/phase4_core/states/control/p1.0/rep_03.npz,results/phase4_core/states/control/p1.0/rep_03.rng.json,b82e07c162fa90069b807891fef7fb4e29362b32495228909fcb5a8cb8650e46,501d1c3b27585c01cc7092961c616604d42d22684664a65c3eeeb694fc028d63,26.5640625,0.48739897512230834,1.876254526856565,0.03301769017722313,0.03248911411453787,0.0009975541625658509,0.0005285760626852556
control,1.0,4,control_p1.0_r04,394027963,713538434,2026073104,0,200,results/phase4_core/states/control/p1.0/rep_04.npz,results/phase4_core/states/control/p1.0/rep_04.rng.json,7f5ff9494ea7e70fe3a9d36379292ab84b4478b7923b32d6cf5e0959cdaa9a1b,599d3c146205b2109ea8e2bc91d1f55afaff011e53da4148ebf6f0dba3ff81d9,26.640625,0.495768036690668,1.8784827214908995,0.0331053587558262,0.03169004955139985,0.001046117194971861,0.0014153092044263543
control,1.0,5,control_p1.0_r05,2142203076,2174953973,2026073104,0,200,results/phase4_core/states/control/p1.0/rep_05.npz,results/phase4_core/states/control/p1.0/rep_05.rng.json,82cbab7de3777db847dfcbf3e627de86e883c5f1e999ce912901285ca9b62bfb,1711b0370f878b60d1b7c1ce87fa00d1cf4a60a694f8174ba1edbf9403eaa43d,27.14296875,0.4709523559085289,1.85130941780585,0.025410997500140357,0.02522879365385262,0.0008318706582033698,0.00018220384628773664
control,1.0,6,control_p1.0_r06,1112701378,566072227,2026073104,0,200,results/phase4_core/states/control/p1.0/rep_06.npz,results/phase4_core/states/control/p1.0/rep_06.rng.json,a54f3532bbb0ef944172a7fed933b58577fb0ac0c1b6ac25832007866c9cd517,52e9a4bae297365425164fffcbc499bb371541e6a1d572115b19234ec81b0205,27.47265625,0.4769435814566271,1.8881878460635397,0.03229024282366119,0.03270063124972783,0.0010320060744281295,-0.00041038842606663795
control,1.0,7,control_p1.0_r07,3106617477,955981085,2026073104,0,200,results/phase4_core/states/control/p1.0/rep_07.npz,results/phase4_core/states/control/p1.0/rep_07.rng.json,6dd5d439e5865e4657667fac963c9a15eb475386b76b0459007a986cb057caed,8332bf70dde9502ec716c5404636f9dac4b8938db8c97e05810bbd75095632a2,27.26015625,0.47672899315280914,1.8820440404417562,0.02767250914288727,0.02941357671050473,0.0010013680040103033,-0.001741067567617459
control,1.0,8,control_p1.0_r08,4082975458,1581876379,2026073104,0,200,results/phase4_core/states/control/p1.0/rep_08.npz,results/phase4_core/states/control/p1.0/rep_08.rng.json,40692bcb59765fb9100988483e37506165c9d2cbaf46b653f7c0a8dc323a4c98,72dce269b2f034bfa020aab0f361256aaefc5dc5c59af1a9d78a32bb5b3e5157,27.7359375,0.4517458581108986,1.8025485780728043,0.024264767813457287,0.023509068872877962,0.0008578144569909376,0.0007556989405793253
control,1.0,9,control_p1.0_r09,3205830532,2355626486,2026073104,0,200,results/phase4_core/states/control/p1.0/rep_09.npz,results/phase4_core/states/control/p1.0/rep_09.rng.json,d9b09bbd1e37a0eea213c2ec2414e01a1a093976080c74376ec3b648e6ca405c,9eb09a0ac90f34bb0b357c5e553808f9ef1ddae00a14bd72e5ae8231900ace38,27.58828125,0.45249071087391546,1.7756550824665531,0.031471797229929266,0.03215385961579151,0.0009530020557808189,-0.0006820623858622421
control,1.0,10,control_p1.0_r10,2193894637,574847938,2026073104,0,200,results/phase4_core/states/control/p1.0/rep_10.npz,results/phase4_core/states/control/p1.0/rep_10.rng.json,778a9d0766a585957981f41714146c5c5a38aa592f8928ffb47e9d006628c2f4,372f7025c57414c4b71fab8b96fb480400f73b19ab553b59ac1da3f610aba636,27.02421875,0.49166232053019704,1.9230319784728258,0.031064484853624938,0.030917013287545803,0.0009737138814308781,0.00014747156607913467
control,1.0,11,control_p1.0_r11,3660651808,1481046494,2026073104,0,200,results/phase4_core/states/control/p1.0/rep_11.npz,results/phase4_core/states/control/p1.0/rep_11.rng.json,87ef8a2f8c0a6d4646a347e81ebac6b2a33fa459e79e3d3d78f1feddd7fb36ec,7319ace014c47fec65391defdd182cc2338fb87324c8259b8e3e5408217d695d,27.315625,0.5058056002258897,1.9814525582796918,0.024918844035351734,0.026067568746875106,0.0009241785112185154,-0.0011487247115233717
control,1.0,12,control_p1.0_r12,3798660777,904378782,2026073104,0,200,results/phase4_core/states/control/p1.0/rep_12.npz,results/phase4_core/states/control/p1.0/rep_12.rng.json,8a811e9e55dd48de701d8a2a0faedc02105741b1e58d3f7e9a8a51a513248068,453f39caec9c13e420b566656778aaf4f5a6672fbad8d0450243069ce389a0f2,26.78125,0.5009052062541135,1.941093900761102,0.024398649074214174,0.023787672220667064,0.0008266958407407174,0.0006109768535471106
control,1.0,13,control_p1.0_r13,2591299117,2094013244,2026073104,0,200,results/phase4_core/states/control/p1.0/rep_13.npz,results/phase4_core/states/control/p1.0/rep_13.rng.json,d34a95a9ee69b756a5eb6911a7d517f988f0bdf8668b700cde3c7c81fb5e1ba2,9448af79086e2882948e4b1dc5f96a11db0f3422d6565d78b154d6d69cccb97c,26.9453125,0.49542993925067447,1.9520813153926537,0.026945518208656635,0.026916463939834944,0.0008628123755182564,2.905426882169118e-05
control,1.0,14,control_p1.0_r14,1362698752,2578603654,2026073104,0,200,results/phase4_core/states/control/p1.0/rep_14.npz,results/phase4_core/states/control/p1.0/rep_14.rng.json,3b345e63416dbe76e447de43d506dbd9d6c1ccbce09d2c23a1f1cfe7a22b2b85,270cc606284866fe4673b8348a30abeaf85e21941eec00e88ff29258348b70fc,26.3421875,0.47322526280454114,1.8637535450226699,0.03628701409267257,0.037350241239147514,0.0011103005472417413,-0.0010632271464749432
control,1.0,15,control_p1.0_r15,4238633799,3417636559,2026073104,0,200,results/phase4_core/states/control/p1.0/rep_15.npz,results/phase4_core/states/control/p1.0/rep_15.rng.json,df58b7ac8545cd97fa6724e313ce22b6f02bd777380140f4abfb2ceb56284578,c3a18fcaef8a705205f069c1a9e7f935a6b207b4114cc2e419a9106adba06635,26.940625,0.46515189670609103,1.8486427516285044,0.030677869362314925,0.03056048619660886,0.0010120289884599444,0.0001173831657060656
control,1.0,16,control_p1.0_r16,2379778161,1797745728,2026073104,0,200,results/phase4_core/states/control/p1.0/rep_16.npz,results/phase4_core/states/control/p1.0/rep_16.rng.json,a572fac0d2b8dcf79ffe096c30129e0810b143646ba2799caf29d1fb0ef3eb83,d1a2e74de4f52df2f25c525731739de56748a7fa101332c00b340eb083f392b5,27.63046875,0.48224683948160596,1.9334940161778953,0.030347101006256698,0.03204007893351208,0.000986958980490889,-0.0016929779272553819
control,1.0,17,control_p1.0_r17,2533893282,1006998721,2026073104,0,200,results/phase4_core/states/control/p1.0/rep_17.npz,results/phase4_core/states/control/p1.0/rep_17.rng.json,fc11f67c3c3463b6d47900f0b6388e7c502380ac2832eb32528320dd97dae092,dbedc17927e0007d4579f3a47797dac82b7ae2bf0124854a2fc4c5e3d18107e7,27.1484375,0.4809406549188375,1.8972285066863792,0.024112711355894264,0.024577569068896316,0.0008977154788934864,-0.0004648577130020523
control,1.0,18,control_p1.0_r18,2795287190,1927084364,2026073104,0,200,results/phase4_core/states/control/p1.0/rep_18.npz,results/phase4_core/states/control/p1.0/rep_18.rng.json,110f2084964e2b6fc8c19887d18eb2d7366c30c2d12d54e773c04a19b3c1176f,d9acfe10e8940d2560784e9868deb4aa01a0e1e9d79e7ad888a99a8fb697add7,27.33515625,0.4733681426935933,1.863157163508274,0.03173559625821927,0.03250046516924303,0.000973090600526032,-0.0007648689110237583
control,1.0,19,control_p1.0_r19,2366409137,2303651031,2026073104,0,200,results/phase4_core/states/control/p1.0/rep_19.npz,results/phase4_core/states/control/p1.0/rep_19.rng.json,eefdf69ba9ee746be881b2254e0e7dfad533fb3a131513fc98565881f14c0477,19bdb4b4b0a08dc19aee84bd5f7880c906d22f43cedfdb6312b7089dac74f0e1,26.66953125,0.4712864858484448,1.8676955139392875,0.02622876938740535,0.02619199698541088,0.0009929051081449334,3.677240199446985e-05
selective,0.1,0,selective_p0.1_r00,949835833,2150844500,2026073104,0,200,results/phase4_core/states/selective/p0.1/rep_00.npz,results/phase4_core/states/selective/p0.1/rep_00.rng.json,97a05cfe6cda01bb221fd1c42a6d8f077c140e5a93571402d5cd784abfdeb93c,ac5541a818fbfe8dd0f8e9626e80b5a2d7559f47f22c2cf2f0902ecef567624d,33.09375,0.26268885111695806,0.06589052951099628,0.5096972275643125,0.28795911113506134,0.002765067012646241,0.22173811642925112
selective,0.1,1,selective_p0.1_r01,4290679942,3802174986,2026073104,0,200,results/phase4_core/states/selective/p0.1/rep_01.npz,results/phase4_core/states/selective/p0.1/rep_01.rng.json,48f73dfb29fa34758c171dfd8f940fa189fe72d9492a54ebf688e4ae0ce08c0a,79c8ab3fd00ba56e5089f6f4dc0d6c19d8114b7e7fe111f65387395316014657,32.921875,0.25796297006910573,0.06687252184384916,0.505955762879911,0.2883540588392357,0.0032637875961901404,0.21760170404067525
selective,0.1,2,selective_p0.1_r02,3542320773,3526174368,2026073104,0,200,results/phase4_core/states/selective/p0.1/rep_02.npz,results/phase4_core/states/selective/p0.1/rep_02.rng.json,97c9de46298e76d2c43ede2a2427b9d842b0d7e193d48698118f7dfb70d37c87,117f9cf7e1bbc71076c087a3501cc6e66804a1fa9714a831c47751c2dcd55295,32.546875,0.2579129366135572,0.06501681850252837,0.503905155406701,0.2885038456813692,0.002880225273315368,0.21540130972533178
selective,0.1,3,selective_p0.1_r03,1519649550,4054822947,2026073104,0,200,results/phase4_core/states/selective/p0.1/rep_03.npz,results/phase4_core/states/selective/p0.1/rep_03.rng.json,c7aee96afb2607622bcc8adc2e4c59da31ec87a4185697b7c69c39b4c423a749,57d5e4fea975ec8ad4c0d9fdfce9785accd72db4da6b941dacab13d6c3af74dd,32.9125,0.2572167302986182,0.06784737052989503,0.5015382413926501,0.28825491649432744,0.0028563311637971015,0.2132833248983227
selective,0.1,4,selective_p0.1_r04,4055852782,3465634599,2026073104,0,200,results/phase4_core/states/selective/p0.1/rep_04.npz,results/phase4_core/states/selective/p0.1/rep_04.rng.json,ae6c098d195e36b8e7d282afa3f8d7d6963e7d45e091c3b8d00776f5c1335ba9,458db49798764a82e2206c68ea3347109702cc23a13c2c3cbc29c8e0fc3d8c80,32.4328125,0.2558868741631406,0.0685870105929677,0.49852428109862595,0.2884955421738976,0.0031448492595792282,0.21002873892472834
selective,0.1,5,selective_p0.1_r05,421585253,1647568193,2026073104,0,200,results/phase4_core/states/selective/p0.1/rep_05.npz,results/phase4_core/states/selective/p0.1/rep_05.rng.json,5ac72cc4493320a5584b525536074609195676a011f0b58d9e788b13a746b330,8a02a3931c7535b10d9630332f47518d59b442fdccd66934bca6577d57a8d0da,33.33046875,0.2590952244048007,0.06859835677678719,0.49799097216276855,0.28808300846602836,0.0029832666226055483,0.2099079636967402
selective,0.1,6,selective_p0.1_r06,2650818629,900047796,2026073104,0,200,results/phase4_core/states/selective/p0.1/rep_06.npz,results/phase4_core/states/selective/p0.1/rep_06.rng.json,8417d2dfdf0ab38d448b11ef7372768142ab71f39abaa1e8d718e5cd92058e3d,767d802129e9de5b90017f3ef083d33abaf6d1b6141bdaddea3bbb6e133ae699,32.64765625,0.263960785535306,0.06768368233310665,0.5012791447814027,0.2882332563717673,0.0030701161496754755,0.2130458884096354
selective,0.1,7,selective_p0.1_r07,2357420912,870516562,2026073104,0,200,results/phase4_core/states/selective/p0.1/rep_07.npz,results/phase4_core/states/selective/p0.1/rep_07.rng.json,5b292b0e0a57deab43735b6b79098e1b5a819dc56526cd743a1b78b51aadaafd,a2148156c7ccbf13804060fcb82181893bf4147d81228199863c00495e42bbc4,33.19375,0.25621088708525486,0.06674097414078067,0.5015560525297204,0.28818004821429943,0.003024890896535468,0.21337600431542092
selective,0.1,8,selective_p0.1_r08,2513491709,3759395584,2026073104,0,200,results/phase4_core/states/selective/p0.1/rep_08.npz,results/phase4_core/states/selective/p0.1/rep_08.rng.json,ec0bd7e99c3ec7e8fa4fd98afb9a5932bc12443f9e9c19fd8563209903883502,ab48d0ac00a25d97ea4cc5bb43398b104011335b2ffe350ac60d2cb541b7158d,32.61953125,0.25708919970019534,0.0640455357835931,0.503325415226958,0.28804827473499794,0.0029519777317065675,0.21527714049196
selective,0.1,9,selective_p0.1_r09,4168093450,3876905498,2026073104,0,200,results/phase4_core/states/selective/p0.1/rep_09.npz,results/phase4_core/states/selective/p0.1/rep_09.rng.json,99d99a967bf661a87f3fd55c96a7ce8f49ceb71de19faf7b7dc56523e75583c4,dc9085bdd891b30fff0473af10356e038bda5ab574eb5cdf72ef54de9557287a,33.20234375,0.26599282626499754,0.06511344092126764,0.5153760852187205,0.288417099422163,0.0028904258820215724,0.2269589857965575
selective,0.1,10,selective_p0.1_r10,942789103,4255187602,2026073104,0,200,results/phase4_core/states/selective/p0.1/rep_10.npz,results/phase4_core/states/selective/p0.1/rep_10.rng.json,604bb95a9e5492b89961868369a4ac1765cfa6b1602fafd37e703325ecc2ec2e,14fba5ff7dc77e93079e24525307b6cbba58632097a34d3a7cb36a4c3be462b5,32.72734375,0.2570095011168576,0.06536550793942124,0.5021310791825133,0.2880993999169485,0.0030595963248763207,0.21403167926556482
selective,0.1,11,selective_p0.1_r11,3225707201,3163834734,2026073104,0,200,results/phase4_core/states/selective/p0.1/rep_11.npz,results/phase4_core/states/selective/p0.1/rep_11.rng.json,dcd24ffa4bdd6de049c3ddb8c8e7d3aacb520faf8ae02c249c1bc45ec258fb4e,808143b8fba97ea5ef33966edaab93470457248415c904dc295214a1a8d33c13,32.64765625,0.26489592549680985,0.06351927984955172,0.5118292585742626,0.2884943249509841,0.0030497745478504693,0.22333493362327855
selective,0.1,12,selective_p0.1_r12,3903337858,126091524,2026073104,0,200,results/phase4_core/states/selective/p0.1/rep_12.npz,results/phase4_core/states/selective/p0.1/rep_12.rng.json,579f66652483fc45fde72700ffa282fe109d5a07fc43c95f3715cc3b1b023517,367c128fb3890db01f07a528576c7c79e18204f070e65396d02e267fe1f36ae0,32.41640625,0.26072456082947426,0.06772216707607032,0.5058065929463832,0.28813239508117083,0.0032989883340088207,0.21767419786521236
selective,0.1,13,selective_p0.1_r13,3159923039,2697792151,2026073104,0,200,results/phase4_core/states/selective/p0.1/rep_13.npz,results/phase4_core/states/selective/p0.1/rep_13.rng.json,412e2600dbe4ab9d78d7f811500fca50bf044779caa1145c2848dc3c64e72ce8,1b7ec0139bb4d8a8e5bbdae4ada7ed7d205f90db25e9c7d4fbfb160ada1db44d,32.4046875,0.2631642251756177,0.06951262445528239,0.5047695173214952,0.2880844111297048,0.002739916244873744,0.21668510619179043
selective,0.1,14,selective_p0.1_r14,375945506,1273978344,2026073104,0,200,results/phase4_core/states/selective/p0.1/rep_14.npz,results/phase4_core/states/selective/p0.1/rep_14.rng.json,5ca8ce390f52b04b5c1717b1d026998a91e6dcd85eb408f45664d112223b6f9b,9f52b9060575116ac81f758f4e6997222b8e0d82026fe5052bd91bdad9273b17,33.0359375,0.2679672164203616,0.06571581190372586,0.5138576744653859,0.2882461969859232,0.0030055530242755557,0.2256114774794627
selective,0.1,15,selective_p0.1_r15,1264613916,1770584513,2026073104,0,200,results/phase4_core/states/selective/p0.1/rep_15.npz,results/phase4_core/states/selective/p0.1/rep_15.rng.json,33ccbfbfb7fc00b6972988567ec8cc5b982b47367bff62b5f48b73cc9f71de65,c16518e3bfed642abad0ef82095d01aa06d529de45c6ca5dfec8900e36789190,32.771875,0.25544107613729156,0.06712752510984836,0.4993049776873317,0.28815429821982436,0.0028355221538836095,0.21115067946750732
selective,0.1,16,selective_p0.1_r16,3641394361,1461189033,2026073104,0,200,results/phase4_core/states/selective/p0.1/rep_16.npz,results/phase4_core/states/selective/p0.1/rep_16.rng.json,429f1ea82358e88fd7219614046e89db6222ebd67f64a4211d58198bb4756c59,19395dbf489b8892f9611d60f8a234510436321f2da1d7248598b8d4d3410584,33.53359375,0.26478604782995363,0.06552891119198215,0.5083485204079075,0.288202323398289,0.0029217177600998983,0.22014619700961846
selective,0.1,17,selective_p0.1_r17,4225754583,3606747390,2026073104,0,200,results/phase4_core/states/selective/p0.1/rep_17.npz,results/phase4_core/states/selective/p0.1/rep_17.rng.json,66d1ee61af666e158dcc6506006c3136a7ab95e2ce96e59145def6478d2142a7,0e4a34e37b24307e5b3617930b51091205b76563acac9cd29ab0d086fb18652f,32.2046875,0.2548751650351923,0.06139641439031859,0.502504676041442,0.28867812300611545,0.003036828576360024,0.21382655303532655
selective,0.1,18,selective_p0.1_r18,1599731009,3091956390,2026073104,0,200,results/phase4_core/states/selective/p0.1/rep_18.npz,results/phase4_core/states/selective/p0.1/rep_18.rng.json,2d058bf43b016bf80aa4063248332454bce0fe5bf186cf88fe8714b66cda790c,3143db6c29447494a1b9f85b1a87505b8c7b1708aa37dd1461f93713fed22b21,33.13515625,0.26019940497418326,0.06469696602831981,0.5095274239366905,0.28868133716229355,0.002780937532997547,0.22084608677439693
selective,0.1,19,selective_p0.1_r19,3100412923,4085889290,2026073104,0,200,results/phase4_core/states/selective/p0.1/rep_19.npz,results/phase4_core/states/selective/p0.1/rep_19.rng.json,40ccc9850803986e05b27bb495e3f5af9274be3687351594d26ad854358740f3,51779f924a8d62c159e0a2249e469f1f40cfbf90efc42a03cce0ec7be27c6de9,32.80078125,0.25520436899544274,0.06427342085979183,0.4988586806211935,0.2881651038078298,0.0029153939789638927,0.2106935768133637
selective,0.2,0,selective_p0.2_r00,3875674752,3860117743,2026073104,0,200,results/phase4_core/states/selective/p0.2/rep_00.npz,results/phase4_core/states/selective/p0.2/rep_00.rng.json,95c90710b87c3d1442c39ed69bd30a6b319ded5f548fb578fff8b8695fd6d157,fe4f44816e1452e50172a8e5caad0d8ef86488ce8e333d10c32424564b3a92e8,33.08671875,0.26047864870699267,0.0693922239297731,0.5073316948013016,0.28828292168873465,0.0028532172076632845,0.21904877311256693
selective,0.2,1,selective_p0.2_r01,1150411212,4212731695,2026073104,0,200,results/phase4_core/states/selective/p0.2/rep_01.npz,results/phase4_core/states/selective/p0.2/rep_01.rng.json,8a48e90022ab4bfab23221de08cd2346b10c4ebcbaae03087ebaa9d72d925a30,1d2e418f56930204eb78d8a2f40897622bd01bd21a3eeb5c87c0ee57a1f00c5e,32.74609375,0.25603227287838165,0.06491053842542055,0.5040014218199462,0.288475021218336,0.0030995869043413398,0.2155264006016102
selective,0.2,2,selective_p0.2_r02,1099928176,3945309265,2026073104,0,200,results/phase4_core/states/selective/p0.2/rep_02.npz,results/phase4_core/states/selective/p0.2/rep_02.rng.json,aed884e3a082c94275a809106fff01d6f80e21ac1c6510e7294020e5ec2bf37d,a60bcf919a6d8040bfaf55c75eaea8dc509d7b2891426affe4b470c8a027ee1b,32.85,0.2625022313760025,0.06659653738762429,0.5034517423437146,0.28841766075135,0.0028335445007051843,0.2150340815923646
selective,0.2,3,selective_p0.2_r03,352840988,3337344386,2026073104,0,200,results/phase4_core/states/selective/p0.2/rep_03.npz,results/phase4_core/states/selective/p0.2/rep_03.rng.json,f1530331e84232763d9d5e41fe9fe70d2c57878d847e686bf45036588c944ff4,555a40eb8c2606e776114c119e4439c896f241e8aa4f9bd625664f79ad418fb4,32.46640625,0.26903421002837213,0.06910981328243201,0.513365855236634,0.288348013016897,0.002870642484156198,0.22501784221973703
selective,0.2,4,selective_p0.2_r04,3000604290,1568747535,2026073104,0,200,results/phase4_core/states/selective/p0.2/rep_04.npz,results/phase4_core/states/selective/p0.2/rep_04.rng.json,90fab6c68a513f5d3d3c11245a54cdd5288cbc8a8607ab5ed03b74c1e3244c49,ba74f01ed199813da186a6a342fd05b9b08ae359689a6a3b79ae590d9f5a6aa2,32.809375,0.26816962211745077,0.07143866519348782,0.5048554895271655,0.28790285652562664,0.0027768718174516786,0.21695263300153889
selective,0.2,5,selective_p0.2_r05,630753853,43363302,2026073104,0,200,results/phase4_core/states/selective/p0.2/rep_05.npz,results/phase4_core/states/selective/p0.2/rep_05.rng.json,c7a0dafb5d502a087d6a897c38251651852197be1a974ccc2bb5dc937b3f72bc,06851eb2cfead0e7d0d5cbb3cb020b5d988aae68378a55a8cd2aa38d92b04423,33.41640625,0.26237239042620547,0.0671958688086477,0.5052484405998896,0.2886682856902996,0.0033129129145299235,0.21658015490958998
selective,0.2,6,selective_p0.2_r06,2138752123,3178197134,2026073104,0,200,results/phase4_core/states/selective/p0.2/rep_06.npz,results/phase4_core/states/selective/p0.2/rep_06.rng.json,fb4768bf14a52d8a01344a67d7ba59b97682326f23f243e208aed0b3e5de8d48,7aad4291e53f1853692b5095f2de2699182128c415d154916b8d29bdad6408a7,32.96015625,0.25510176902681203,0.06745318174750253,0.4994361420602698,0.2884457231921218,0.0032169291730276025,0.210990418868148
selective,0.2,7,selective_p0.2_r07,53282011,4019477844,2026073104,0,200,results/phase4_core/states/selective/p0.2/rep_07.npz,results/phase4_core/states/selective/p0.2/rep_07.rng.json,8166720d0afd9a5e5d13cf5bada1715e2598125428ded82dd32706719552d34c,2e2a92a46d375e02506acbafdb65e36aa0775e5585611372c99af265faaeb4db,32.90859375,0.2608736955255554,0.06542511433141075,0.5072869805049717,0.2883750089744727,0.0031424566876042935,0.21891197153049896
selective,0.2,8,selective_p0.2_r08,2964839991,612525895,2026073104,0,200,results/phase4_core/states/selective/p0.2/rep_08.npz,results/phase4_core/states/selective/p0.2/rep_08.rng.json,0d2d449c38e55c73ec66957a301796f030812f097df2226421477d4acbfc04c1,6d0152eaf6f7877fe97a6350bff475b920087349d20e45a77fbaed548998b04d,32.75625,0.25711605506794805,0.0621519991022753,0.5071973809955317,0.28816132860722715,0.0030152378470891046,0.21903605238830454
selective,0.2,9,selective_p0.2_r09,3138835340,2338011706,2026073104,0,200,results/phase4_core/states/selective/p0.2/rep_09.npz,results/phase4_core/states/selective/p0.2/rep_09.rng.json,56c7ef91b88170ec93f8dfe6c75c842736a3ebc2239dc41bf21321570c3651e0,dbfc2031aa32a8a20925dee51c19cefaab78573f705b5c48fa934318af6abce2,32.1171875,0.26068495178513473,0.0692661266384049,0.5050622476035317,0.2880043200700155,0.003082662447979871,0.21705792753351622
selective,0.2,10,selective_p0.2_r10,1728988054,3199614704,2026073104,0,200,results/phase4_core/states/selective/p0.2/rep_10.npz,results/phase4_core/states/selective/p0.2/rep_10.rng.json,f4f2e8558c5e913bc9def416eb1c6261bd3d0388beefe5532554faf348b8fcab,69a03da7d8a6cba34115f0aa5862fd863e4b4fcfcf70eeec6f9b58093affcd5b,33.60703125,0.2608198720097422,0.06552898191150056,0.5035523719757405,0.28834891794050177,0.003030836930032895,0.21520345403523877
selective,0.2,11,selective_p0.2_r11,450446759,212585126,2026073104,0,200,results/phase4_core/states/selective/p0.2/rep_11.npz,results/phase4_core/states/selective/p0.2/rep_11.rng.json,b8931a05ebd13b97b46a6e2d180c21a560a89f87c00013db895faa2e631f450f,440030d50bc6037f5ac33f5a5bd2810810670d0c25d79c446a97e727ab061fea,33.02734375,0.2593292212569133,0.0709672040548806,0.5021427090923165,0.2876341507270815,0.003062633073553263,0.21450855836523502
selective,0.2,12,selective_p0.2_r12,381871471,2130923070,2026073104,0,200,results/phase4_core/states/selective/p0.2/rep_12.npz,results/phase4_core/states/selective/p0.2/rep_12.rng.json,d08d4b4ab2da1a5da143750bd155ee6524f4f022263d123e6dd7d7c37b07b56b,e3841e0ebc2214d3ce616dfcde06c79b93a4798cbbf22a3ed730ff8441942026,33.5578125,0.2623899618180455,0.07081301505096228,0.5054159083559571,0.28791962385034237,0.0028759076367878148,0.2174962845056147
selective,0.2,13,selective_p0.2_r13,3806385221,24142575,2026073104,0,200,results/phase4_core/states/selective/p0.2/rep_13.npz,results/phase4_core/states/selective/p0.2/rep_13.rng.json,b286bf672ff80a25cbf83eb39e0dcb6df045675e3f4b7db9455caf3da5e0059e,65c8deb976ee6b656fcbdf265de49a5128e7577ac3a050b57c03569a914b6f66,32.38671875,0.2583628796095508,0.06920168381339496,0.5020535178174799,0.28773824145264926,0.0030747507549951938,0.2143152763648306
selective,0.2,14,selective_p0.2_r14,3545540387,2603517872,2026073104,0,200,results/phase4_core/states/selective/p0.2/rep_14.npz,results/phase4_core/states/selective/p0.2/rep_14.rng.json,6a8f85f55560f769610b61a4cc9e299295f5c455ed29c7a9c00af7f60672976f,76bbaadfa897e9ccb487a0502be1352c1156a08efe93c9e313ee8a970b28df2d,32.42109375,0.25863405275139034,0.06801171613265175,0.5013801917004421,0.2882697537557171,0.003030544350586807,0.213110437944725
selective,0.2,15,selective_p0.2_r15,3940973232,2228605050,2026073104,0,200,results/phase4_core/states/selective/p0.2/rep_15.npz,results/phase4_core/states/selective/p0.2/rep_15.rng.json,3d6037b366a591f00e1fd36eafb15177b5046efc9b73ae54ed32e1eeea37dd1a,610ff7b0f4fa0a0d3dd4e0c31b196e29547bd441b7e35da8407509a2a65d4a01,32.575,0.2620244960489121,0.06773903308731913,0.5075691668159583,0.28848308742441103,0.0028900441848584775,0.21908607939154728
selective,0.2,16,selective_p0.2_r16,3388784946,3047591138,2026073104,0,200,results/phase4_core/states/selective/p0.2/rep_16.npz,results/phase4_core/states/selective/p0.2/rep_16.rng.json,4a199e6a79a38dd456479943663a65f8ac2d8c590d4c14ee69fdf9e0d244d94a,2ec5135fac5e5be4b72eed9ab3f80d4e6090016e4785361cf5237a00ed84a96c,32.959375,0.2604454916513292,0.07127884766593287,0.5035465546379794,0.28816603671587115,0.003006164281632744,0.21538051792210822
selective,0.2,17,selective_p0.2_r17,1762829727,1540146262,2026073104,0,200,results/phase4_core/states/selective/p0.2/rep_17.npz,results/phase4_core/states/selective/p0.2/rep_17.rng.json,2625c7e273058df408658240bfcef792a7f320e759aa6593fae1a816ac5eea86,1c0f8a3f4eeb1116471affbcf32298003e12af5e251cdab8634aa38c516dfb43,32.871875,0.2695006904103575,0.0683865360372439,0.5170228568655099,0.28802705582105853,0.0029456999583365212,0.22899580104445133
selective,0.2,18,selective_p0.2_r18,4118241034,2042574718,2026073104,0,200,results/phase4_core/states/selective/p0.2/rep_18.npz,results/phase4_core/states/selective/p0.2/rep_18.rng.json,9bf9330ec9cb2b31cece772a35aaf45c6705ed4f20235f55bb0d08df1f56ad18,a2c75862e749bfbe46a8cac1b27265649a7d56899e3a241dad80a7f527febbe0,32.7171875,0.2542414941834814,0.06769505992173803,0.493805821799845,0.2880008167115308,0.003109870885113876,0.20580500508831417
selective,0.2,19,selective_p0.2_r19,1204229347,239732101,2026073104,0,200,results/phase4_core/states/selective/p0.2/rep_19.npz,results/phase4_core/states/selective/p0.2/rep_19.rng.json,563c98714ab289f00ad6c90784538ade6aa773e7f0958fbe07d055dacebb1d6e,8b0d2eb12768fd34e39a70d271746c5def024deff7b98bb3bf24754c366968ca,32.4890625,0.2598025707097471,0.065999200154966,0.5032115649095271,0.28784525970239266,0.0029574124775945065,0.21536630520713446
selective,0.3,0,selective_p0.3_r00,106181544,2657440799,2026073104,0,200,results/phase4_core/states/selective/p0.3/rep_00.npz,results/phase4_core/states/selective/p0.3/rep_00.rng.json,82d8a6cf58920c703a291e0bafce3746b0d87a70649b176950580a699de8e853,952b404ee1071e45be0a927f8f7e58f46f144e1086b519ca5a3b220a2f6841cf,33.11640625,0.259796478534995,0.07229671836358403,0.5009100689755013,0.28794898635927213,0.0031836725352427037,0.21296108261622915
selective,0.3,1,selective_p0.3_r01,2363767509,2994570760,2026073104,0,200,results/phase4_core/states/selective/p0.3/rep_01.npz,results/phase4_core/states/selective/p0.3/rep_01.rng.json,1446e60716be727db65ce128ff7cdcc31ac10a5a477254c64705337e589895a9,18fb78f716edd0d337f7ae0aea36d57017c961b24c94a72f541d93227be9889d,32.60390625,0.2636442921024045,0.06740945651484227,0.5053413848406845,0.2883437562904803,0.0031601456716948764,0.21699762855020416
selective,0.3,2,selective_p0.3_r02,833922145,924291688,2026073104,0,200,results/phase4_core/states/selective/p0.3/rep_02.npz,results/phase4_core/states/selective/p0.3/rep_02.rng.json,0c6b561d08552e39c4d7a8f59ec40ba469cb98b91002c38c0ba83257d11564c6,df13013ac7aa0b6031e1b98f6c7a8265747eee4ec722259a883b5b1a9fdf3c7f,32.4375,0.25482847354193094,0.08135230039831082,0.4934907487853759,0.28681997987077584,0.002739461164509683,0.20667076891460007
selective,0.3,3,selective_p0.3_r03,3253866422,2358112587,2026073104,0,200,results/phase4_core/states/selective/p0.3/rep_03.npz,results/phase4_core/states/selective/p0.3/rep_03.rng.json,edef12435e9ceb97809c6c3c7456ec3bc3d8fed8a345e2d7327b2025482271dd,8fa75c7c8c2faed504da7be5360eedb0df9c6a847cddc8e059d274b4d18072ed,32.8140625,0.25476275190801945,0.07453668576818459,0.4963476750712892,0.2876828100062908,0.002951767484594906,0.20866486506499837
selective,0.3,4,selective_p0.3_r04,332359786,2170776775,2026073104,0,200,results/phase4_core/states/selective/p0.3/rep_04.npz,results/phase4_core/states/selective/p0.3/rep_04.rng.json,0fd723d6d7920399a55940ec0ba010553a47705005ad22072c8f9fb9bf2da2f7,c80b76b6d5e949200baf27782e36240b3ab4da5e3e4cf307294a76f9a56b96a0,32.53203125,0.25966976538151876,0.07400385903088455,0.5008560146820458,0.28756701809272556,0.0029384207106773145,0.2132889965893202
selective,0.3,5,selective_p0.3_r05,446664154,4220750099,2026073104,0,200,results/phase4_core/states/selective/p0.3/rep_05.npz,results/phase4_core/states/selective/p0.3/rep_05.rng.json,22f8cb8d8e4779eb17eebe8a877c9c6709ac238b39995c84859a3b9912486ae3,772c9bbba7fe3a4c74c5097d4e0924c8c570de950e8af2ab71e016074b1b6d69,33.08046875,0.2625666210457881,0.0761305525373579,0.5083885529440498,0.28760915142848537,0.002938829205838065,0.22077940151556447
selective,0.3,6,selective_p0.3_r06,1390048084,359567217,2026073104,0,200,results/phase4_core/states/selective/p0.3/rep_06.npz,results/phase4_core/states/selective/p0.3/rep_06.rng.json,163334e156cdc8b87a58cdb83cfd1ac2cc275c1eb23862c454eb09feb33eaa0f,cbd76b457103dcccc284b6937e371dfbab0bce263cf90b7f1c080e4264a2321f,33.3703125,0.26417551384548676,0.07270805047359089,0.505072519775225,0.28754099049887594,0.0030756935659771085,0.2175315292763491
selective,0.3,7,selective_p0.3_r07,2598548877,4079962790,2026073104,0,200,results/phase4_core/states/selective/p0.3/rep_07.npz,results/phase4_core/states/selective/p0.3/rep_07.rng.json,ecb534af4b54c852fa6f3e9b2a033dce9272ec31257f6670c9671afa295818fc,e0e58a85f5548c865d02c4efc99de97593028c7615b7004d51ece36770f63c9b,32.91171875,0.2594479205150663,0.07941903924428913,0.5028459186661257,0.2873675717245868,0.003045147584125973,0.2154783469415389
selective,0.3,8,selective_p0.3_r08,1332021290,2056107644,2026073104,0,200,results/phase4_core/states/selective/p0.3/rep_08.npz,results/phase4_core/states/selective/p0.3/rep_08.rng.json,055cb786cb348e3b0794ed790f517c68216659a7f663e236cd9e2fb91a08b59d,ee9b945bcac448273981f03eb3b4730721b2e3bd410b2749576fad0a47269914,32.74921875,0.2515167809157681,0.06953685897213362,0.4998351512438421,0.28784909476575415,0.0027791505864157027,0.21198605647808794
selective,0.3,9,selective_p0.3_r09,2847025026,3971747508,2026073104,0,200,results/phase4_core/states/selective/p0.3/rep_09.npz,results/phase4_core/states/selective/p0.3/rep_09.rng.json,305020f1324ade46b1eaff06196b1df945f16a7dd0a725cfbfcaf5f091c42643,c60a283edbea55f6c291e3ea2fb7ba3c9d90a8b944d7b7a5449e9f612e9544c6,33.11875,0.25793559511382597,0.0729559739041761,0.49370533945475603,0.28754695342114805,0.003051016041668759,0.20615838603360798
selective,0.3,10,selective_p0.3_r10,535741539,2390307414,2026073104,0,200,results/phase4_core/states/selective/p0.3/rep_10.npz,results/phase4_core/states/selective/p0.3/rep_10.rng.json,d6e4c6ba781b2c89a4977e7bb4bbe0a0705622ad6503c675811e0b792bb43eff,650fff3d8079a2dbc381df4b55ec1aaad173c35eb3cf37b1633d5e141da561fc,33.0765625,0.259737411883656,0.0741943508016433,0.5034812370359653,0.2878153641511246,0.002849396432127287,0.21566587288484068
selective,0.3,11,selective_p0.3_r11,187023920,3234561246,2026073104,0,200,results/phase4_core/states/selective/p0.3/rep_11.npz,results/phase4_core/states/selective/p0.3/rep_11.rng.json,eddf1b65e123eb5acf7b44fd8ec19f87386f902e8478b4ca9f2a1f9e2c4611be,17fd5a15b52a01ee13822ed1d2c4a12da83813c41c39f89d6b423cce68cd4b76,32.921875,0.2587391333661261,0.0765104951858843,0.5009043368866473,0.28784156972290675,0.0030944222170740028,0.2130627671637405
selective,0.3,12,selective_p0.3_r12,3501425203,4233630574,2026073104,0,200,results/phase4_core/states/selective/p0.3/rep_12.npz,results/phase4_core/states/selective/p0.3/rep_12.rng.json,861cbd2c960e0c1937005c7014dcc1cda5004a2e96a7fb74ec9fe6b4434a7755,62712f27c1e8571b2e0648cacc0969befb14ea31f5248904e947cd5742956fde,32.9109375,0.2547218242733693,0.0731596042544805,0.4971872957073625,0.2879975550884929,0.002979880617658,0.20918974061886958
selective,0.3,13,selective_p0.3_r13,4054680595,3457233252,2026073104,0,200,results/phase4_core/states/selective/p0.3/rep_13.npz,results/phase4_core/states/selective/p0.3/rep_13.rng.json,6642f56e7b3a87f9796a8758460664c2faed4381df40d88c63e95b670a6866f6,686fe27c7f33e7a7c9a38ec88e8a352dc4f684b734a28ac1c20012a273fe3ed4,32.5859375,0.2629366852962668,0.07062584070968946,0.5046342146318683,0.2880053301729595,0.002781098959240977,0.21662888445890882
selective,0.3,14,selective_p0.3_r14,1154924081,4051125829,2026073104,0,200,results/phase4_core/states/selective/p0.3/rep_14.npz,results/phase4_core/states/selective/p0.3/rep_14.rng.json,b4f4e7611b9f440d73f653e7d92d599691013cabf22b6cf9ca4cd73c0e06b4ce,53e911c9292f92720efb136dcf33ba5b695561de40888cc6a8764e84e2674e93,32.403125,0.2643777360576428,0.07128029153332732,0.5049528823488953,0.2881217529252627,0.002759101569264797,0.21683112942363264
selective,0.3,15,selective_p0.3_r15,2470348985,620469023,2026073104,0,200,results/phase4_core/states/selective/p0.3/rep_15.npz,results/phase4_core/states/selective/p0.3/rep_15.rng.json,ad93aef43d48a8427dff19744d60f365ab7a67289c848492e88e6fc7a36feeb9,14ce99924325a1625cbe62ca217c933e8a6e08fbe910dd528eea0549eee29c53,33.6890625,0.2638397395073767,0.08338776277111448,0.5052026597792246,0.28716847906709314,0.003020907543986732,0.2180341807121315
selective,0.3,16,selective_p0.3_r16,37688192,3059110934,2026073104,0,200,results/phase4_core/states/selective/p0.3/rep_16.npz,results/phase4_core/states/selective/p0.3/rep_16.rng.json,cc2edfc901c91e7b6f7befb466f6de92278f6f1d4b65408db1ee9b6dfb46ec4d,7a4225eff21c36ceadf3b336f00c6f33f78afd34df5e2c262fda668a28fae514,33.6328125,0.2522211321275647,0.07250448852961597,0.5009547451078883,0.28820945228468126,0.002802674055032654,0.21274529282320703
selective,0.3,17,selective_p0.3_r17,428218596,2275756178,2026073104,0,200,results/phase4_core/states/selective/p0.3/rep_17.npz,results/phase4_core/states/selective/p0.3/rep_17.rng.json,0cf4e7735c0f9ee27ff3c0b3da5598242f9f9e3d208a4aba4b02785d9fcc62fc,08eb2a4481bda168c8b50d1e4dfa150c36aae0dc0f260ac9c067258eb966f488,32.5109375,0.26922120916969083,0.07749016904728777,0.507081642513346,0.28741614077385363,0.002962516114776328,0.21966550173949234
selective,0.3,18,selective_p0.3_r18,261724306,89057039,2026073104,0,200,results/phase4_core/states/selective/p0.3/rep_18.npz,results/phase4_core/states/selective/p0.3/rep_18.rng.json,74d48953e63ddca7769d0012336712f2194c8fa7a07245585f714f9c7fc497fa,0dba02fa980e5c988a2b5f7ee346d6047453fc66a9ed0486b19f83bbb1b6499c,32.784375,0.2578981554085945,0.07452944509104947,0.4966924618751395,0.2876610624406513,0.0029192459650401363,0.20903139943448817
selective,0.3,19,selective_p0.3_r19,3015454054,2652125534,2026073104,0,200,results/phase4_core/states/selective/p0.3/rep_19.npz,results/phase4_core/states/selective/p0.3/rep_19.rng.json,2874fe2ca5600c6f4447d8c020c8166bfe998c74d11abf1a596824d679917fbb,b4c494ca2042f6ea9d302d1443b6b5c7cf827cbbc9eeda7f61098d5ca2bc8349,32.98046875,0.2602070123996077,0.0757607849611045,0.5041809036664426,0.28788794722878225,0.0027957598396418687,0.2162929564376604
selective,0.4,0,selective_p0.4_r00,960640219,2717139623,2026073104,0,200,results/phase4_core/states/selective/p0.4/rep_00.npz,results/phase4_core/states/selective/p0.4/rep_00.rng.json,1e391340bd0f135fad6776bf859dd0c0e57ad6ed4f5b6712eb65110a184ed04c,3b4a6d692e6f3575e2344c9f63a4ea479b9f1920b03c6de32feddd262f95f857,32.94609375,0.2585229618813935,0.08160234747372885,0.5000384530155244,0.28732804507429444,0.0030411896854169802,0.21271040794122997
selective,0.4,1,selective_p0.4_r01,1306171644,4146880025,2026073104,0,200,results/phase4_core/states/selective/p0.4/rep_01.npz,results/phase4_core/states/selective/p0.4/rep_01.rng.json,434a3d9257e5e378bb6abdd1402f7d3a5d2f0ba83439948fc0be35fd218413a5,d7c1cc4e8c19a4c8e33bf95493c1490af01745220a338070dcb99fc3a9d8f91c,33.15,0.26167177555172016,0.07967889245547555,0.5015826434855029,0.28753098162264384,0.003071084062775638,0.214051661862859
selective,0.4,2,selective_p0.4_r02,2613307729,1548050209,2026073104,0,200,results/phase4_core/states/selective/p0.4/rep_02.npz,results/phase4_core/states/selective/p0.4/rep_02.rng.json,56c487a5a698eecc159499ffc55f3a4db2f064d3241d8054aeff7ba180495b22,ad09481885e4be14d5eb83fe29be0842866f4a71f10ea07ab74b2a275fe90d17,33.24921875,0.25754703595846684,0.08592677788927772,0.49970465010139226,0.2870764579056968,0.0031568711590916976,0.21262819219569545
selective,0.4,3,selective_p0.4_r03,4068794989,1263181898,2026073104,0,200,results/phase4_core/states/selective/p0.4/rep_03.npz,results/phase4_core/states/selective/p0.4/rep_03.rng.json,247b185cbdd777f37ab9e3a4cd3e3b2ccc7e847b12032939bdea33574267bc3e,e6da08d9bd6274a381006a2a1d690f579cdaa17d2abb0f47a5e632ed1d6b3536,32.56328125,0.26118183682661866,0.07462493769594025,0.498570304480336,0.2877021418343015,0.0029681881898013136,0.21086816264603453
selective,0.4,4,selective_p0.4_r04,2918744082,2378827696,2026073104,0,200,results/phase4_core/states/selective/p0.4/rep_04.npz,results/phase4_core/states/selective/p0.4/rep_04.rng.json,7273e2a2eda5365bf2db07035ba0b214c4a5e7a25e930075e23d0efb4ce1f383,608add2638fbe2c18362b754955d9e484fac851760f1aad4caf39efb3f110eaa,32.63515625,0.26234394043553344,0.08347023810469459,0.5007952779906494,0.28699089527897753,0.002896578932568797,0.21380438271167185
selective,0.4,5,selective_p0.4_r05,1663210252,1074610584,2026073104,0,200,results/phase4_core/states/selective/p0.4/rep_05.npz,results/phase4_core/states/selective/p0.4/rep_05.rng.json,3d61dd76460af8dd29bddf6e15237539ca74f34ad01d988e4d61172bfc11e6e8,afe4aefccbcc8c20c0358ee8fd5522569aff1a0da63ffc420ba4000b42ae99f5,32.4875,0.25941639625222834,0.08467553951227827,0.5000342287665135,0.2871661543388126,0.00299257582965617,0.2128680744277009
selective,0.4,6,selective_p0.4_r06,3980776686,450650721,2026073104,0,200,results/phase4_core/states/selective/p0.4/rep_06.npz,results/phase4_core/states/selective/p0.4/rep_06.rng.json,504f81a87316396c5e9dcc8d5bf85ac4873e4ca6ba6da60f4da0f81d53725d70,320c9fc9c45cea3de19cdfeb95ef222d5c47449a5ef2a87a2b3f81c174cca02a,32.615625,0.26607720106398675,0.08737482921538843,0.5016961679335439,0.2866022393393679,0.002915824156270977,0.21509392859417598
selective,0.4,7,selective_p0.4_r07,1518156452,3949488729,2026073104,0,200,results/phase4_core/states/selective/p0.4/rep_07.npz,results/phase4_core/states/selective/p0.4/rep_07.rng.json,a55ffba8fa6db490b79462fd05292bb064fd1df5d1576440b3a8f2515f4f6925,50d1e895e1fbce7ee017288ae1d443999fa5c2eee39650ad5dae2a09126f66f3,32.46484375,0.2608978796193608,0.08743297869837033,0.5051280582065288,0.2869556651146848,0.0029948736457131864,0.21817239309184405
selective,0.4,8,selective_p0.4_r08,631283794,27764477,2026073104,0,200,results/phase4_core/states/selective/p0.4/rep_08.npz,results/phase4_core/states/selective/p0.4/rep_08.rng.json,7fadfafe7eeedb22322b80874830747604ca556146b2c0f186529f7c357330ab,7843b3d33ac063aa1659f35bfdc464286953ad033ebade9ac0014aa19fb31acf,33.3359375,0.2636905477007103,0.08283796750358152,0.5008397149679941,0.2870044293900503,0.003016048378744127,0.2138352855779438
selective,0.4,9,selective_p0.4_r09,4020151054,3921448355,2026073104,0,200,results/phase4_core/states/selective/p0.4/rep_09.npz,results/phase4_core/states/selective/p0.4/rep_09.rng.json,69e713824d5d8db0ef19758b3bb1ea95d4f7d114843a66cebd5a3a0adc1cd559,270116f6f4f00b7b505f945a36a68cd38f2704447f5b0b83a7bdccec840ba83f,33.2875,0.26278660714884905,0.0798775991155766,0.5022070042415285,0.28725264552534613,0.0028907651575084646,0.2149543587161824
selective,0.4,10,selective_p0.4_r10,1104511981,1091593923,2026073104,0,200,results/phase4_core/states/selective/p0.4/rep_10.npz,results/phase4_core/states/selective/p0.4/rep_10.rng.json,bd38b353190448d8231da1ef2e29a2003b1f26bb145ee1a22de39b59b7885314,9f48a4c1b041fc3cd9d5d1a007bd64ca83c4c260b44de5c28a017ba5b33baf04,33.1890625,0.25954523611310215,0.08106427297493403,0.5033226730523883,0.2869115401638491,0.003330092583799395,0.2164111328885392
selective,0.4,11,selective_p0.4_r11,1532320848,2609247268,2026073104,0,200,results/phase4_core/states/selective/p0.4/rep_11.npz,results/phase4_core/states/selective/p0.4/rep_11.rng.json,e468f4a5ee5fd85caf7f61cc8677ab45cc9df15f82b4c40560bbdd8422a8d281,273e7cbf9ae84072e55625a5bb939aae988255e1828c4e2cb99d626dd502d061,32.3578125,0.2685802091678315,0.09362405609501277,0.5031380747341833,0.28623256421070636,0.003249133391926512,0.2169055105234769
selective,0.4,12,selective_p0.4_r12,1885949846,1759933480,2026073104,0,200,results/phase4_core/states/selective/p0.4/rep_12.npz,results/phase4_core/states/selective/p0.4/rep_12.rng.json,00ee7a712043a45efeba2fd1aa38ab8fb69164737226f65782710f9dc698ff12,2d59f27bac24bdb7796e2d98e1df79c40850850a1aac353cebb279fd54312f16,32.45078125,0.26149765406210723,0.08823985711874359,0.4963472599483729,0.28699919326392026,0.003023722449594972,0.20934806668445266
selective,0.4,13,selective_p0.4_r13,2848982264,3990283885,2026073104,0,200,results/phase4_core/states/selective/p0.4/rep_13.npz,results/phase4_core/states/selective/p0.4/rep_13.rng.json,e84f271b9a7f78b2bb196c7102fd417aecd6f1303d063f0639cc070931df1c9c,a9db95ff681f0b9580e54d0e6c0a3c467b783938840c0039b327e3862bd736b8,32.890625,0.268208935178769,0.08936590095849103,0.50431892492995,0.28643012800124346,0.002808526073374662,0.21788879692870655
selective,0.4,14,selective_p0.4_r14,2316654259,2199534890,2026073104,0,200,results/phase4_core/states/selective/p0.4/rep_14.npz,results/phase4_core/states/selective/p0.4/rep_14.rng.json,fd1d4fc6271d0c0304531361a73db6be521ca98a29b9e6088e1e3bd8c3cfff84,06e2c467b47dc5dcb5635ba5cd7b5c52073a248ca3706dd92132c7ede0a33e63,33.3796875,0.261155445870889,0.09131722371301573,0.49310374035360166,0.28689724338866024,0.0027479646037239115,0.20620649696494142
selective,0.4,15,selective_p0.4_r15,4193058476,1521996277,2026073104,0,200,results/phase4_core/states/selective/p0.4/rep_15.npz,results/phase4_core/states/selective/p0.4/rep_15.rng.json,05ec672bd1518ec21f0b7b275223f67f27192fa98b60399914395886c258fec9,03b6e49c25a1bf46e1f02a7acb269f8b62ff403165739e4d696db98e85ff56ce,32.67890625,0.26640056121267086,0.07645725411577235,0.5098090658653112,0.28764329258055604,0.003056241887835336,0.22216577328475512
selective,0.4,16,selective_p0.4_r16,4104918231,1188792019,2026073104,0,200,results/phase4_core/states/selective/p0.4/rep_16.npz,results/phase4_core/states/selective/p0.4/rep_16.rng.json,e19386f2466f546481011fde4907346bf7eefdf3b10de4b1290c56b9934e4030,22fbc7ac9e71892da53a87118c9ab9948091d4c12ff31ce2835ee899e67601d6,33.26328125,0.2707778208814178,0.08816178649595567,0.506590177420593,0.286937500641107,0.002908022714908509,0.21965267677948597
selective,0.4,17,selective_p0.4_r17,628564068,872340124,2026073104,0,200,results/phase4_core/states/selective/p0.4/rep_17.npz,results/phase4_core/states/selective/p0.4/rep_17.rng.json,f562c9fa29e0ea2c532d7a7604d92cf79e2848afb2940ccee541bdf60becd85e,75b51a51318b3656a9f64b2131ee5fc000fd4f40e687c72340b74434fca6a4a5,32.69765625,0.2719433443089635,0.09013273318194652,0.5067763130227809,0.2865990179926635,0.002764084227441739,0.2201772950301174
selective,0.4,18,selective_p0.4_r18,3816547131,3937022552,2026073104,0,200,results/phase4_core/states/selective/p0.4/rep_18.npz,results/phase4_core/states/selective/p0.4/rep_18.rng.json,a4a6c649dd2b391eb716eb406c94c5024fa2db77d9743b43381ef0c9093abffd,8dc7ca59762ade0c013587f8e40a12cdf3624874dca277b5b8c2529ab0321262,33.36015625,0.26598860010653136,0.08056518239467098,0.506297236631271,0.28701565232343773,0.002908956585292747,0.2192815843078333
selective,0.4,19,selective_p0.4_r19,796297319,1235792651,2026073104,0,200,results/phase4_core/states/selective/p0.4/rep_19.npz,results/phase4_core/states/selective/p0.4/rep_19.rng.json,7b7c6f8e20085630dcba9f79c774edf0fdd212b63ca2adb6e89c6a11f3074ff2,8c5dffa3831a7f385c8ab78332a0024d1b3527d22a912ba5bf21edaebc1da91c,32.7140625,0.2608050839849412,0.0919806668776831,0.4968853320596617,0.2860958430933627,0.0028449941116501965,0.21078948896629895
selective,0.5,0,selective_p0.5_r00,1294693757,2072973190,2026073104,0,200,results/phase4_core/states/selective/p0.5/rep_00.npz,results/phase4_core/states/selective/p0.5/rep_00.rng.json,033e22d83e11491827101d5f23fcc5d538e408884526a68a2f37cdf0ce86a9f1,be9c42c77a5087f58b2ed60c4658702deb3ede3b70b0f2b81c478445e19ad346,32.7015625,0.25928503790957724,0.11304456118140807,0.48994517224803025,0.2851446824865738,0.003059384209158327,0.20480048976145643
selective,0.5,1,selective_p0.5_r01,2590340947,171437891,2026073104,0,200,results/phase4_core/states/selective/p0.5/rep_01.npz,results/phase4_core/states/selective/p0.5/rep_01.rng.json,ce46fae1942a8800b0cb8931446d0bf08d3962ac3f9163bd07d6ec82ff3c2851,f4106f4a9b16398708a3ccc9d8996f1b4f86835d45703472b8136bcfae6625fa,33.11328125,0.2682829449152345,0.10131743648929391,0.5066318694768807,0.2861156372124134,0.0030315183753654635,0.22051623226446726
selective,0.5,2,selective_p0.5_r02,3417866185,3837484959,2026073104,0,200,results/phase4_core/states/selective/p0.5/rep_02.npz,results/phase4_core/states/selective/p0.5/rep_02.rng.json,0fa3f9d841c79903e548e8a551dc1cfa9bb804f0861ee38a80520b41ee6efff8,4ced269c7d75a1c4efd0b434a791a430bc285e5fdf9e70bf4acf12e184703404,32.7015625,0.26851107190407264,0.10135499628048866,0.5034195782425271,0.28599951927914247,0.00303697098928574,0.21742005896338468
selective,0.5,3,selective_p0.5_r03,3406614304,2164117940,2026073104,0,200,results/phase4_core/states/selective/p0.5/rep_03.npz,results/phase4_core/states/selective/p0.5/rep_03.rng.json,bf3dc956afcaf8a42dfe1c6fdd60aec6e85a7ea730811ab8ef1b2927265caccd,630407a2a57a0aac410c7c4e7db412c59ea8b03335cc2348b280434367793a82,32.8953125,0.26866033425209124,0.09534744474858234,0.5075771575613643,0.28604419430540473,0.003013044592529999,0.22153296325595961
selective,0.5,4,selective_p0.5_r04,2143473145,256305306,2026073104,0,200,results/phase4_core/states/selective/p0.5/rep_04.npz,results/phase4_core/states/selective/p0.5/rep_04.rng.json,7aa6e99941dca23a676609578bae93f51c9301371a7d256c710df86fc9543439,feb2069f5c131b445cd572f193aeb89cc0d82b46bd205fb8a9e82733d0356c28,32.6703125,0.2734634525390612,0.11147303369945824,0.50936495562291,0.2854773208564495,0.002932229063638908,0.22388763476646045
selective,0.5,5,selective_p0.5_r05,49709399,3393017231,2026073104,0,200,results/phase4_core/states/selective/p0.5/rep_05.npz,results/phase4_core/states/selective/p0.5/rep_05.rng.json,3a8b47d1b443baaa5216e01490688f7370e1178a0706b54c2ffbc83cf34c61e1,efe056d1ed26ec370120894267eca314d48c5f1dcfa4091df6987967109f200e,32.77421875,0.27358794198972713,0.11147092789440916,0.5067270524413203,0.2852840691588412,0.003176720442169587,0.22144298328247913
selective,0.5,6,selective_p0.5_r06,3706330676,2897221774,2026073104,0,200,results/phase4_core/states/selective/p0.5/rep_06.npz,results/phase4_core/states/selective/p0.5/rep_06.rng.json,e82cc617224093500bdb11298f97506739821c03c1fd01f1d33d33d2ec39dcec,3d8a495f6c4a2b07eb9baa6c66d520322a8dfefd31268fe6c6da17724a128d0e,33.35625,0.27168434282685827,0.10937449642473802,0.5035195359601644,0.2856781601410814,0.003160374815376171,0.21784137581908303
selective,0.5,7,selective_p0.5_r07,2635005778,4202747425,2026073104,0,200,results/phase4_core/states/selective/p0.5/rep_07.npz,results/phase4_core/states/selective/p0.5/rep_07.rng.json,315979e46ca5cf7b408d49cece940138059009f5c5f6dcb5d4aea42953ba1632,efc4664f8b375d9769dac07def7976c5b1cb4d3aa1c76db3f4de53ab1d973063,32.58515625,0.2669105565375004,0.10084594278439168,0.504851766191842,0.28576643519131145,0.003092055270030187,0.21908533100053057
selective,0.5,8,selective_p0.5_r08,1340055432,408185187,2026073104,0,200,results/phase4_core/states/selective/p0.5/rep_08.npz,results/phase4_core/states/selective/p0.5/rep_08.rng.json,3547ce7122f2ab03ad0a7783454d0b943defc5f2dcc2c661ea5577e100f7f9c6,aa90855fb2778ca85fbce064918027871fd53284a8d37214dcfc245756f79f5b,32.99296875,0.2691829790716498,0.09689283533540546,0.5040761087830574,0.28649307076348135,0.0029902415447943843,0.21758303801957607
selective,0.5,9,selective_p0.5_r09,1157378776,4216882189,2026073104,0,200,results/phase4_core/states/selective/p0.5/rep_09.npz,results/phase4_core/states/selective/p0.5/rep_09.rng.json,1ed9a0cc21cd1e2532cff31e5b43f21b3d5707d4438597d809c8d91c538af2cd,828ff5acc9d9126be07e440a455d38b0b27ed01da9e47b78d17f5ba7b1d10f1a,33.12890625,0.2619021532394247,0.0974452779290853,0.49696298538121264,0.28605438450967907,0.0029442607975106176,0.21090860087153357
selective,0.5,10,selective_p0.5_r10,1924963724,219631040,2026073104,0,200,results/phase4_core/states/selective/p0.5/rep_10.npz,results/phase4_core/states/selective/p0.5/rep_10.rng.json,51343723eba08466466b57c03c89344b7fabedda9089ddd8d4d58bd4bb54af34,3bf8a536c68420eadc68603ca3e16fb85a40332b3f687975d38c8f192f1981df,33.07421875,0.2686176689669799,0.10601015915837236,0.5061432164421161,0.28575809184292267,0.003174231197557309,0.22038512459919346
selective,0.5,11,selective_p0.5_r11,1678311604,988045453,2026073104,0,200,results/phase4_core/states/selective/p0.5/rep_11.npz,results/phase4_core/states/selective/p0.5/rep_11.rng.json,7dfe2b971c1b553d43b0c204a9ddc938767ced13c2009c13dd227c101592a3ae,88b7b844f46478f49bb5ae836538b335ae499d84d1627cde5581642a39e1902c,32.87109375,0.2586017407845249,0.09711703816161671,0.49111478513481716,0.28656708732179004,0.0031142252381937603,0.20454769781302712
selective,0.5,12,selective_p0.5_r12,159872924,1156353795,2026073104,0,200,results/phase4_core/states/selective/p0.5/rep_12.npz,results/phase4_core/states/selective/p0.5/rep_12.rng.json,6e4a49b8160dc6325bd749e58cac98d03bcce03fceb085f2a56cc337b8125e4c,01ce7c0cb73fbe56a8a18c90e8ec8498245214847c8cf5332769416555359b85,33.4015625,0.2743174281765258,0.12116739180010205,0.5006552484891724,0.2848833786533417,0.0027937836703286027,0.21577186983583074
selective,0.5,13,selective_p0.5_r13,2084348248,1576649781,2026073104,0,200,results/phase4_core/states/selective/p0.5/rep_13.npz,results/phase4_core/states/selective/p0.5/rep_13.rng.json,46f0eaa840fe15b0abfba54760e7e656e58873634b1fa18d40a997963d0ed378,c53f40ac0731b3d96e954b3298463f9336fcb909ffb10fdf403f68b11105df85,32.3140625,0.2719782118076747,0.10666923112809623,0.502835177948873,0.2852508352398127,0.003085536754084083,0.2175843427090603
selective,0.5,14,selective_p0.5_r14,1848510684,2871298116,2026073104,0,200,results/phase4_core/states/selective/p0.5/rep_14.npz,results/phase4_core/states/selective/p0.5/rep_14.rng.json,01c6e41e3f0edca39614196408ea2d4020951a5cf4a8de2f827cc422aee936fa,32054a4f6013cc01680abb31bf5c1dae2829282484ad3ad81f8ab4482d7bc61e,32.83984375,0.2720256715160685,0.1101742059379783,0.5061162192481686,0.28515226699187446,0.0030897555132238883,0.22096395225629417
selective,0.5,15,selective_p0.5_r15,587524571,2252857905,2026073104,0,200,results/phase4_core/states/selective/p0.5/rep_15.npz,results/phase4_core/states/selective/p0.5/rep_15.rng.json,710182a8edd478191fe2052166440043b052797f09ebccad29034ad1f0b7db9a,0827c9a6d0f44609372fb2ed32cb7fff2981560948529dc15aad94d1f5b22d82,32.453125,0.26799606718305047,0.10672418873118954,0.5051485250375735,0.2856005778065208,0.002815337290805105,0.21954794723105264
selective,0.5,16,selective_p0.5_r16,1830192580,598308874,2026073104,0,200,results/phase4_core/states/selective/p0.5/rep_16.npz,results/phase4_core/states/selective/p0.5/rep_16.rng.json,6a2a754328413411d67b26e82418f18caa8d4523a0a515cf34f1c5bccde2a98c,cfc65efdb74367bfd4b43d14823ffef90195676501e472bbdbfe01bc21da0ec2,32.69765625,0.2685937110121147,0.10055065968947663,0.5017544278062035,0.2857044961036147,0.0027384401151209835,0.2160499317025888
selective,0.5,17,selective_p0.5_r17,378689992,3639215481,2026073104,0,200,results/phase4_core/states/selective/p0.5/rep_17.npz,results/phase4_core/states/selective/p0.5/rep_17.rng.json,9da74e077751726f3268186fdcc7098da92c867c4feee07dfcae1d5023a04839,e6131fa9fe85c87a803ce35d5c2c30ff26e0e294f2fdfa4a0b177c56444ff15c,33.56171875,0.27466422604441504,0.11832243571321727,0.5033713749055536,0.2850783534979174,0.00300602017557256,0.21829302140763623
selective,0.5,18,selective_p0.5_r18,1313889806,1188929748,2026073104,0,200,results/phase4_core/states/selective/p0.5/rep_18.npz,results/phase4_core/states/selective/p0.5/rep_18.rng.json,6dd0cc526ed98ef919298c84be737fe6ac785b56d95e8e29d974f3efbd95f17a,9e1f9331596d91dae659d8955f166d7e17a991ead27b6ec98068edfada1c60d9,32.9140625,0.2690961321329172,0.1021140195327423,0.5046281638224756,0.28589880491930975,0.002967572324685437,0.2187293589031658
selective,0.5,19,selective_p0.5_r19,408748861,2529602951,2026073104,0,200,results/phase4_core/states/selective/p0.5/rep_19.npz,results/phase4_core/states/selective/p0.5/rep_19.rng.json,626736dac98ad7142c7d7d81bc40eb13f81c78508817e2d0efb111fa046c4490,93ab9fbdce0ae54ca973ba3694902e81c29f5a7933eb1dc8324f2bba02bf96cf,32.63828125,0.27219780576041896,0.10831727146963797,0.5062993856859751,0.2849864179314809,0.0029180281651630725,0.22131296775449422
selective,0.6,0,selective_p0.6_r00,2681073971,3358349183,2026073104,0,200,results/phase4_core/states/selective/p0.6/rep_00.npz,results/phase4_core/states/selective/p0.6/rep_00.rng.json,61d57c43350b00549eb77f9954018888f1c31b04038cf779b074e61785ed18d6,d463dc0253295bf86c02041b1eeb536ee643c5bfa7103d0f51a072532304807d,32.8671875,0.27182157576151933,0.14853483290021258,0.49152973188196447,0.2821298531131822,0.0025879987775690194,0.20939987876878224
selective,0.6,1,selective_p0.6_r01,2083202240,3098744135,2026073104,0,200,results/phase4_core/states/selective/p0.6/rep_01.npz,results/phase4_core/states/selective/p0.6/rep_01.rng.json,90b1bace6072b624fd1d3ad7b006f3d5f0a202068a588190f7ca2261f73d88a0,5ba91c104f817dd7cd9343c3ad03f606480c168b3d03ef8bd6e103d8f7afa1d1,32.48359375,0.2701967166576682,0.1299537355532972,0.501328879727261,0.28323927264514864,0.002764234300760679,0.2180896070821124
selective,0.6,2,selective_p0.6_r02,1167562904,2166694885,2026073104,0,200,results/phase4_core/states/selective/p0.6/rep_02.npz,results/phase4_core/states/selective/p0.6/rep_02.rng.json,098c627f255abaace75541fed79a7da35b0d66786c1dc402b80e1a72f078aee0,97ca7065ad155ab052f941024af67df1beb747cc85be096766c1ab99f464962e,33.1109375,0.277112471220344,0.13950509768863995,0.4959245984786272,0.28306506135141296,0.0028212089850827376,0.21285953712721423
selective,0.6,3,selective_p0.6_r03,1444417037,658999638,2026073104,0,200,results/phase4_core/states/selective/p0.6/rep_03.npz,results/phase4_core/states/selective/p0.6/rep_03.rng.json,f79596f0193c839b72862e6b905460435868447f8134bad24d4d09c4dc07c366,169f73ed32025dc562187efea618b0c9173200a44e9211fcdd96d04a41c06e0a,33.021875,0.285557095773376,0.13643690895215044,0.5059418219866118,0.2832381606941837,0.0028850986822138262,0.22270366129242802
selective,0.6,4,selective_p0.6_r04,878857995,1858226296,2026073104,0,200,results/phase4_core/states/selective/p0.6/rep_04.npz,results/phase4_core/states/selective/p0.6/rep_04.rng.json,3571ea96148f0c793f1a0a5be5bdbe07e8fa586e1e66e796aacf701d5fb41771,f1cb025176713739e4e58d739e1924ae571079043daf55807e083bb87c1b1f9a,33.0328125,0.27081912878237546,0.13580607472339415,0.4965638827955787,0.282925221294391,0.002949894015686953,0.2136386615011877
selective,0.6,5,selective_p0.6_r05,311250555,424626393,2026073104,0,200,results/phase4_core/states/selective/p0.6/rep_05.npz,results/phase4_core/states/selective/p0.6/rep_05.rng.json,64e03d762f8cc0ce9b871cdde076a67b12958b746eef0318ebe30a16e6cb6781,1bdef6d634f8f3af01ea7c1b2920ca7578e9013ee58e0370fd697edf6da441be,33.209375,0.27176438194610725,0.13462562018685498,0.4991907225607872,0.28361013403593627,0.0029448603754796874,0.21558058852485096
selective,0.6,6,selective_p0.6_r06,3219409585,2999044317,2026073104,0,200,results/phase4_core/states/selective/p0.6/rep_06.npz,results/phase4_core/states/selective/p0.6/rep_06.rng.json,49bf090dd9c2c54d3bade5da2ed6bf96baa29c05eab18b8d9f7961a4225e916e,761e617130dd7eb2f6974a069eb630c46d86cd63c862fd0503beb8f6aa9ba53d,33.209375,0.2853858483444537,0.13290048440233196,0.5110862418542963,0.28345680863583395,0.0029106599101100432,0.22762943321846235
selective,0.6,7,selective_p0.6_r07,336816534,856028966,2026073104,0,200,results/phase4_core/states/selective/p0.6/rep_07.npz,results/phase4_core/states/selective/p0.6/rep_07.rng.json,6d64841ed845209baa9309b654ec0ed1d453a9e6ff2a173881162751fe7f603e,bbf0b1e41dee6d831f454809173ce6d858f6b94b592cb68026257c8411794c96,33.37890625,0.26351614184756933,0.13284052201623908,0.4895322714654087,0.28320977318597024,0.0031476236164978094,0.20632249827943844
selective,0.6,8,selective_p0.6_r08,1519463397,2361215918,2026073104,0,200,results/phase4_core/states/selective/p0.6/rep_08.npz,results/phase4_core/states/selective/p0.6/rep_08.rng.json,519772524e61ec0134595384b978895c78d6477e0262c7d4cc38ba7201628651,8ac14c42ea746022e393b5fe497d96265c4912ffa802868867857313a07a485e,32.57421875,0.2720616443817977,0.1333961015635547,0.4976366925835837,0.28325688830172757,0.0030881111703980504,0.2143798042818561
selective,0.6,9,selective_p0.6_r09,2074710107,2761027988,2026073104,0,200,results/phase4_core/states/selective/p0.6/rep_09.npz,results/phase4_core/states/selective/p0.6/rep_09.rng.json,4779404d405d505fa73fbdd5106452f6dc020151ceb65e01932a496f287fc0c0,2e1862b7af2062332fb6830a74e6c52a6ef80b819e4cd6505cf9c38b9da4f4ae,33.77109375,0.28339661631464763,0.15378697474000097,0.5041776500004904,0.28361617868590794,0.0032070727927118606,0.22056147131458248
selective,0.6,10,selective_p0.6_r10,73737211,3324587068,2026073104,0,200,results/phase4_core/states/selective/p0.6/rep_10.npz,results/phase4_core/states/selective/p0.6/rep_10.rng.json,38d21ca81f8d6dce664ac129bdf4f67770211c04d8d0ed3ad079aa9e8bf03013,ce03359077a227397469a041e73a87f618a3a027d01cee825ce06548357b565a,32.709375,0.27897864285818713,0.1390774033016292,0.5064273219258564,0.2831208838414026,0.002728217153513417,0.22330643808445377
selective,0.6,11,selective_p0.6_r11,222627428,48920608,2026073104,0,200,results/phase4_core/states/selective/p0.6/rep_11.npz,results/phase4_core/states/selective/p0.6/rep_11.rng.json,4a7574742ba5bb97700ec30f7b60eccc4ddff8679384e0293cb377ef350deef0,8280ccef7d014572410325b1431410ed786875f05bd115d7206faa401bf35b4b,32.4859375,0.2698711401912267,0.13559351731504965,0.4944946314673031,0.28284428526945204,0.0028396629994535327,0.21165034619785106
selective,0.6,12,selective_p0.6_r12,662145635,4165153303,2026073104,0,200,results/phase4_core/states/selective/p0.6/rep_12.npz,results/phase4_core/states/selective/p0.6/rep_12.rng.json,5b99512b79dc8077ef5003a25045d5796858212b3341c8563eca0c5a1b1c30e6,8a99b80637c49214ae92d75a69e1ed481af2615be042a46525ac9c71b99b868a,32.76484375,0.2778917968828877,0.12012779672836861,0.5062448644068615,0.28446603457068514,0.0027679449133657186,0.2217788298361763
selective,0.6,13,selective_p0.6_r13,2755202054,1284197125,2026073104,0,200,results/phase4_core/states/selective/p0.6/rep_13.npz,results/phase4_core/states/selective/p0.6/rep_13.rng.json,08e71c8a251a189199aba5e8e88f81018f1ba03911916497587d2e5e793d423b,b882137f82e4666dfd61e5fe31e69c4eaa9f98ed9557ebf02fa90916ae7eb399,32.59453125,0.27295746139736293,0.13481953159411153,0.496291755883553,0.2832304578426495,0.0029281306783262334,0.2130612980409035
selective,0.6,14,selective_p0.6_r14,1193940910,3994714836,2026073104,0,200,results/phase4_core/states/selective/p0.6/rep_14.npz,results/phase4_core/states/selective/p0.6/rep_14.rng.json,c27a25f6502490bfa0851a587915521dc1c6a1b3cc1a271d3204fe34af564633,a158f51977f5ea39a62c027b67371207d0da83231b1a9456d39aa37dc369d166,32.99375,0.27558257068216147,0.14880036284397258,0.5017402731350955,0.28165936134043246,0.0029892049363622335,0.22008091179466305
selective,0.6,15,selective_p0.6_r15,1655598461,941074599,2026073104,0,200,results/phase4_core/states/selective/p0.6/rep_15.npz,results/phase4_core/states/selective/p0.6/rep_15.rng.json,5dc764c899323be0f45eccf53007c875be2c4d2e57b529ce83dcd6b7167128cd,e872c8afd0b99c79321515d6d8ac59ce55a25674fa123b5135e4642371bdc31b,33.08984375,0.2791481939196858,0.15003249020240533,0.4985151397811727,0.28260157353666654,0.0027953528705027156,0.21591356624450614
selective,0.6,16,selective_p0.6_r16,451608702,2811677931,2026073104,0,200,results/phase4_core/states/selective/p0.6/rep_16.npz,results/phase4_core/states/selective/p0.6/rep_16.rng.json,224996a86c7a15f0733a7a1648e075c950e62806f3860072eb56019f64b4a326,1aa5610cb819027c812d5832aefc228f7c990d26f1af11ecd39e7695176873ce,33.15703125,0.2856371645882827,0.15628307772039154,0.5042365598506902,0.282371025583372,0.002677674386845973,0.22186553426731814
selective,0.6,17,selective_p0.6_r17,73923807,1685700569,2026073104,0,200,results/phase4_core/states/selective/p0.6/rep_17.npz,results/phase4_core/states/selective/p0.6/rep_17.rng.json,6dffbc1c4302cab53898defca2f5dd36ab998365d887b45ccf91f442d90e30f5,1ee10117e608b63fa01ae82d3a23539aefc6e73cb32d55671d49103d355eab53,32.3890625,0.2794382565016311,0.12836496283954063,0.5023696151802839,0.2835016573884428,0.0029200838940537654,0.2188679577918411
selective,0.6,18,selective_p0.6_r18,4172861108,3589806377,2026073104,0,200,results/phase4_core/states/selective/p0.6/rep_18.npz,results/phase4_core/states/selective/p0.6/rep_18.rng.json,4528803f21afe9a985948e3ea8c1cf149de02a5885ee73b3c6e84ac4a98d58f0,c48aca1aff28ed471d19dcec15e9f3ae5446cadfd6ee48bd0ff9f941e403ed46,33.30078125,0.27269415463591357,0.15111717385015178,0.4951384750015372,0.2824276552689278,0.0027736508531278677,0.21271081973260936
selective,0.6,19,selective_p0.6_r19,991461902,286240186,2026073104,0,200,results/phase4_core/states/selective/p0.6/rep_19.npz,results/phase4_core/states/selective/p0.6/rep_19.rng.json,0f852cd5059ed7d14f027bb02756589d6b3ed60cdce65d04bacc3c1185129815,01ed793618d2d4c7b68f2f8a912704d6e4aa0d7aa70262479551d30dfce64837,32.82734375,0.27513806118476314,0.13279561810494378,0.49783561021218103,0.28400191563121086,0.0031858648181963428,0.21383369458097018
selective,0.7,0,selective_p0.7_r00,4247985912,2953312241,2026073104,0,200,results/phase4_core/states/selective/p0.7/rep_00.npz,results/phase4_core/states/selective/p0.7/rep_00.rng.json,8fa593e849e53e0efc11bdb317fba2c136004d9624b7d4b55f6630accf79f643,935a7fed78f53753e7d205d253e33d93f04fc841ca7d3fe4034d94ddaab86f62,33.1734375,0.28372682975019303,0.18583449656612425,0.49820718893542115,0.27947489792007346,0.0028635148046793407,0.2187322910153477
selective,0.7,1,selective_p0.7_r01,1941251016,952835996,2026073104,0,200,results/phase4_core/states/selective/p0.7/rep_01.npz,results/phase4_core/states/selective/p0.7/rep_01.rng.json,c730c1061767df800eadc449e79fda23c020fc5411b4b5d683a5ae85ade2b62d,689142ff57f28ece5f050ef1081684b998d1f3bf7998937cdffc7e9087ce0da1,32.1296875,0.2857075497431502,0.19356014580394204,0.49688288070627395,0.2783737511252783,0.0030884372733325487,0.21850912958099566
selective,0.7,2,selective_p0.7_r02,3293912166,3107392368,2026073104,0,200,results/phase4_core/states/selective/p0.7/rep_02.npz,results/phase4_core/states/selective/p0.7/rep_02.rng.json,e23aa6c2cd453cb76d8f347ca2378fb9da950020bfdd5a6c8d285085ac729b5d,6f71346a3ba769e60dd17a049abe805211271e44a136d5ab4098200f0229a6a3,32.85546875,0.28606753858879486,0.20184120382735385,0.4979598204404434,0.2795448157570238,0.0028978362599729212,0.21841500468341962
selective,0.7,3,selective_p0.7_r03,3757247798,67509544,2026073104,0,200,results/phase4_core/states/selective/p0.7/rep_03.npz,results/phase4_core/states/selective/p0.7/rep_03.rng.json,15f9ee24aab203212511f1c49320e19eaf140ac2967d4334b2243b773916c013,e851ba35af971902b7367bb8251b9f2f3d14e90f8bd678702da9ebe9f50541c0,32.2875,0.285550150914183,0.2131733378358506,0.48788699337536445,0.2780209962438607,0.002848669314823038,0.20986599713150378
selective,0.7,4,selective_p0.7_r04,2088064876,2515779952,2026073104,0,200,results/phase4_core/states/selective/p0.7/rep_04.npz,results/phase4_core/states/selective/p0.7/rep_04.rng.json,125c879eff9a8ca2356ef1061204186ccf8526cae6628deddf50ed8d93413cb8,14cb6a2052558cf90093ed2c54d55fcda47dc31be2dada359d1e223169248205,32.38984375,0.2846973747232836,0.20013200423237154,0.49128047984525974,0.27941440231365755,0.0028354837832362503,0.2118660775316022
selective,0.7,5,selective_p0.7_r05,413604505,1176536738,2026073104,0,200,results/phase4_core/states/selective/p0.7/rep_05.npz,results/phase4_core/states/selective/p0.7/rep_05.rng.json,652c468f797c259bc686c48bed540725d5acbaeae01679a76eabc4c07f93da2a,5d2f2203c19f7493e5445d95ead767ff0cde715f405494981555dbdaf956ea16,33.10234375,0.2792917349377436,0.18077267440676636,0.49707857385484056,0.2803140796284184,0.003208090068307409,0.21676449422642213
selective,0.7,6,selective_p0.7_r06,4103535332,844622669,2026073104,0,200,results/phase4_core/states/selective/p0.7/rep_06.npz,results/phase4_core/states/selective/p0.7/rep_06.rng.json,f8070015b02d0c85901d124ddc7c6eb354601172b26dfc756e3626aa5f4a8a73,6982e427d7464628f84ecb8e324ba51ebf2e3d8fe26943be27fa49063678d93e,33.15,0.28962201006280197,0.1852153452035608,0.5001121676409493,0.2802513825157991,0.002965434253674405,0.21986078512515023
selective,0.7,7,selective_p0.7_r07,2061123705,39868355,2026073104,0,200,results/phase4_core/states/selective/p0.7/rep_07.npz,results/phase4_core/states/selective/p0.7/rep_07.rng.json,e9126886bb76294f62a430cd3e0ca1d5fcdca83acea4cbb88fbc95c94f20805f,7a4964c22c5bc8b5937fcb8e3f4842b2cec8ffee8701d7ddc1106030bf7f57f8,33.178125,0.29173792974856,0.21110931531816945,0.49330304908219547,0.27708847875460807,0.002869519550035585,0.2162145703275874
selective,0.7,8,selective_p0.7_r08,1802184969,1615156721,2026073104,0,200,results/phase4_core/states/selective/p0.7/rep_08.npz,results/phase4_core/states/selective/p0.7/rep_08.rng.json,9bec1a8fdb56ceb3f391f5bcb7177d5a0d3e76b56a3beedfac9ab682542a509b,f06350381c6f0b5a02b21ff5f1ee3146d4509d496548f18c188b644118c0ae9a,33.76953125,0.2902496590950282,0.18799359033978827,0.5038811800780163,0.28039312609431055,0.0027379213115191316,0.22348805398370575
selective,0.7,9,selective_p0.7_r09,62003151,993314886,2026073104,0,200,results/phase4_core/states/selective/p0.7/rep_09.npz,results/phase4_core/states/selective/p0.7/rep_09.rng.json,2ebba15bcdbfdbd3865bf92e8a5ec1e38d8ccfbc59a05f710d4c79e1b9adad24,7a437d78c3566c61c1f93b87edd5877e65795af8d5f716900c0979b85df9660b,33.32734375,0.27356530774075777,0.17810127215776575,0.4917016315366156,0.28079612330566706,0.002758245304352447,0.21090550823094856
selective,0.7,10,selective_p0.7_r10,3361805254,2507305660,2026073104,0,200,results/phase4_core/states/selective/p0.7/rep_10.npz,results/phase4_core/states/selective/p0.7/rep_10.rng.json,ef21841f85a25215636c34bc9ad48bd815e17c1218cbbc8aa4a399f83b944220,7a02d811829c93749d4dd58466903c22daf11629a61e364e504e40d9d55dbc1b,33.25625,0.2814669366560525,0.18628540347993244,0.49787082446448866,0.2804526481135981,0.002783396346633521,0.21741817635089056
selective,0.7,11,selective_p0.7_r11,1489838239,1210066913,2026073104,0,200,results/phase4_core/states/selective/p0.7/rep_11.npz,results/phase4_core/states/selective/p0.7/rep_11.rng.json,08a18e0fb83cab513d3c0e4e91819c1a373c5a9048949b14aa7c2fb96638d4aa,761052ef19c861ca5421a220ea30aae48918b9d50db11caecba2702f939bbb03,32.79453125,0.28245948968529666,0.17588552466853452,0.4963497484796794,0.27972206209521594,0.0029549666113973206,0.21662768638446345
selective,0.7,12,selective_p0.7_r12,922912099,38321746,2026073104,0,200,results/phase4_core/states/selective/p0.7/rep_12.npz,results/phase4_core/states/selective/p0.7/rep_12.rng.json,ed6cc209a5f41b1c50c59dc8d25f53317146c5fbae0a36d6655d9a75f31351bc,95adda06c6ce0378a6f605a97c07b94a3619d366975046398dbc68d1cab5bbb5,32.8765625,0.28761941977645755,0.1840421602362612,0.5031917545278032,0.2790374691914172,0.0027658225691478506,0.22415428533638598
selective,0.7,13,selective_p0.7_r13,2140235026,1273410531,2026073104,0,200,results/phase4_core/states/selective/p0.7/rep_13.npz,results/phase4_core/states/selective/p0.7/rep_13.rng.json,8b11ffbff65372f444da3c5067ebf975940af354e8b3f1288a61f94c006951a9,984863fbc6bdc7c9e4d00211a93bdd6da097b0657905caddf4eb44bef8070e7a,32.7359375,0.2903165048382117,0.20484622522525384,0.50384256716783,0.2775505379985358,0.002778376272023974,0.22629202916929425
selective,0.7,14,selective_p0.7_r14,4038928639,931625102,2026073104,0,200,results/phase4_core/states/selective/p0.7/rep_14.npz,results/phase4_core/states/selective/p0.7/rep_14.rng.json,ecf43eac222513eee207c7fa79758c716d406dbf8f3711fa72bfee8342c10995,45b1011cb2a78d38aa5c35e6161438f89d20cd13b59e7628ec4f53e4398638fa,33.8671875,0.2754353127844179,0.1832220390810163,0.4895634121005519,0.27920259658119806,0.0027206064765923593,0.21036081551935382
selective,0.7,15,selective_p0.7_r15,994609103,3734543178,2026073104,0,200,results/phase4_core/states/selective/p0.7/rep_15.npz,results/phase4_core/states/selective/p0.7/rep_15.rng.json,6709aeb7a1ea4d663cfecd5ba31de5563e1d8c20b960f9bd6a93129d7a0b143f,4a243dbec64e71e63375a93a370a623a1918218d54514a65790d7f0046f34dfd,33.39921875,0.28773406685709685,0.20122358323501172,0.4891117494105648,0.27761805154131947,0.003026252493342145,0.21149369786924532
selective,0.7,16,selective_p0.7_r16,2916613536,3789803474,2026073104,0,200,results/phase4_core/states/selective/p0.7/rep_16.npz,results/phase4_core/states/selective/p0.7/rep_16.rng.json,d9b2ac29f3e85b39e8e6308e0494e79d29ed6e84c5e9025da06471b21b5ba6f0,ab8ef9c148fd371246b31a40f5aeb169e6ef66b632b102c838e4c2dbe9cfe00e,33.61875,0.2761670706219933,0.17695797459235196,0.4954166382852264,0.27995908165752276,0.002922427629448283,0.21545755662770366
selective,0.7,17,selective_p0.7_r17,849723960,850306743,2026073104,0,200,results/phase4_core/states/selective/p0.7/rep_17.npz,results/phase4_core/states/selective/p0.7/rep_17.rng.json,072442d63fb42887dc91817469ae5e864fd989d018b4e2591563faece3ac2693,200103267c15cd9cbcff5c17931d9e50f76b204d726c97086ff346cb61ab6683,32.346875,0.28912414542611037,0.1995731937581391,0.49529582274129313,0.2795095205368675,0.0024983344995911346,0.21578630220442563
selective,0.7,18,selective_p0.7_r18,2072242197,3263366006,2026073104,0,200,results/phase4_core/states/selective/p0.7/rep_18.npz,results/phase4_core/states/selective/p0.7/rep_18.rng.json,8b65110284130dbb7903a07e935e082bba3af34fd5242b470d5decf281a75e61,9ae3605124616c6d59a05b66de61e71ccaf233343706b8e385b0d63a2c38fd2e,33.1046875,0.28850763659866846,0.1914757462520028,0.4996356921073121,0.27830916345534484,0.0028361134776322006,0.22132652865196728
selective,0.7,19,selective_p0.7_r19,396543672,551072389,2026073104,0,200,results/phase4_core/states/selective/p0.7/rep_19.npz,results/phase4_core/states/selective/p0.7/rep_19.rng.json,2fbe8495e8c445b9261b764706e7963f248be305ecc358871ff0fa50430625cb,f46efb14c6a90ba89ec2521d92ed75c87ad8f82976d985c7f6036946d360bea3,32.14375,0.28861019319693976,0.20446318893319151,0.4916592270838841,0.2783272328219899,0.0026787659134119503,0.2133319942618942
selective,0.8,0,selective_p0.8_r00,1304797858,2544033439,2026073104,0,200,results/phase4_core/states/selective/p0.8/rep_00.npz,results/phase4_core/states/selective/p0.8/rep_00.rng.json,d6eed72717e19bd45ce9871c6b1919fa972baf01cfc9b23e69bc33dd5c138706,b53f88c653448584f18139414719669eb1ef5b0f2105538fd3fb5861c7ffc597,32.5890625,0.30601313895908244,0.2835398706201739,0.48372909781773576,0.2704242373288164,0.0028373161655246347,0.2133048604889194
selective,0.8,1,selective_p0.8_r01,1627831235,3968626583,2026073104,0,200,results/phase4_core/states/selective/p0.8/rep_01.npz,results/phase4_core/states/selective/p0.8/rep_01.rng.json,70ec8918e2deff50f6bd5e131c6f6d1542b37c9e4a50e784268df4d7381894d2,d41543ac114816b80bdbbbd1fad5cb1fa8c083b032ae94ebe8db85c48ad350b7,33.4828125,0.30634456481479216,0.30363785622361816,0.4935623530973284,0.2711549906922198,0.002827355363991956,0.22240736240510856
selective,0.8,2,selective_p0.8_r02,244757641,4138873100,2026073104,0,200,results/phase4_core/states/selective/p0.8/rep_02.npz,results/phase4_core/states/selective/p0.8/rep_02.rng.json,cf7ad46301bde9cdbd51554f36445ecbb77bf72656f569540569cebb5aa62d4f,36ba0376a2713af1c487aa99b18ffe706622e4cbfbfe5169b31932bd68817cbf,33.10546875,0.3091817379736205,0.3257706968567393,0.4822472701333799,0.26618359705379346,0.0028693005521455545,0.21606367307958646
selective,0.8,3,selective_p0.8_r03,2263978145,1989709146,2026073104,0,200,results/phase4_core/states/selective/p0.8/rep_03.npz,results/phase4_core/states/selective/p0.8/rep_03.rng.json,3e113e9ea93c7a2b86b429eb0aed5401dd7f0d5ecee02b2c6c7226af094b4422,33a9ab404a4bdc8479c764e67daf0f710cd9d1af90508ba65a302ff73d9a0702,33.05859375,0.30967191586617826,0.319756775523681,0.49676305685348643,0.2705013672053842,0.0029281064106654073,0.22626168964810223
selective,0.8,4,selective_p0.8_r04,3597482433,4183853816,2026073104,0,200,results/phase4_core/states/selective/p0.8/rep_04.npz,results/phase4_core/states/selective/p0.8/rep_04.rng.json,d756e55a0e3fd3369b974c91e2faa3fe62ac0aa10866087d5ba5177011075ccd,91c86545d12d91fc9239149e9c4fbaee7dd9d1445190798c0716e379e0df1a2e,32.796875,0.31064513297274743,0.3127891827434105,0.4787259137276201,0.26774104384279435,0.0025509478600674105,0.21098486988482573
selective,0.8,5,selective_p0.8_r05,1354326022,2336218301,2026073104,0,200,results/phase4_core/states/selective/p0.8/rep_05.npz,results/phase4_core/states/selective/p0.8/rep_05.rng.json,a016a86fdff4f2a58af8e20197108be82061d1919c8d169a329885760bff7fa3,3a26f099e23100eb249fc5bbba307352bbbd5aca6b867207935f1eb77d9e27be,33.31953125,0.29615155810261456,0.2696961815285545,0.48634791608758404,0.268450287461743,0.002850456621955994,0.21789762862584106
selective,0.8,6,selective_p0.8_r06,3284771795,2592848654,2026073104,0,200,results/phase4_core/states/selective/p0.8/rep_06.npz,results/phase4_core/states/selective/p0.8/rep_06.rng.json,22e66f408878594caf30adc3db715bb35b6069811fb4d43e8c3d2b8ffde65cd3,3b0a45fa6069165526bcf52f371887ec62c020dbfe46d39137be0e0038eb6434,33.0859375,0.28764103753676296,0.27059692080380615,0.4804940275722013,0.2713332746149983,0.0029087386281753873,0.209160752957203
selective,0.8,7,selective_p0.8_r07,355286998,2627453037,2026073104,0,200,results/phase4_core/states/selective/p0.8/rep_07.npz,results/phase4_core/states/selective/p0.8/rep_07.rng.json,c1b27340b63722cb3534c09ba75bfaf81ffe539b329fa99e07ac40eb0bc836e4,e8921c7f3d7cd119a2bb57bb76cb67daf4980836aeaa4dd66dd6a270f3c7e3a6,33.090625,0.32853061547597096,0.31860161726984815,0.5014755781719208,0.26853153925005707,0.0025727805883921187,0.23294403892186372
selective,0.8,8,selective_p0.8_r08,3713295173,1994234857,2026073104,0,200,results/phase4_core/states/selective/p0.8/rep_08.npz,results/phase4_core/states/selective/p0.8/rep_08.rng.json,e478d0e3b0a2956d9c6ffe139e2e1943be58c6836df8ae5e5384c444011a0224,e616220802b7e2ff22ca63f794724fb05951dbd3f0ea531c22ca362a7c3c0ae2,33.18203125,0.3187483591079473,0.3316617821218028,0.49364924301190427,0.26679067132830636,0.0026917541829962746,0.2268585716835979
selective,0.8,9,selective_p0.8_r09,3312620478,2761969080,2026073104,0,200,results/phase4_core/states/selective/p0.8/rep_09.npz,results/phase4_core/states/selective/p0.8/rep_09.rng.json,b91edcadd274ac1973c799aa595ec97a9e7b48b54754cd9752ece1d0b672ac9f,717fb156536e10a228a108d7e6642467966e17a0f9789adb607539f3c5d7c30b,33.26875,0.30268361640919694,0.30065577480732697,0.4831393320389009,0.2674895705097239,0.0029133607346370897,0.21564976152917703
selective,0.8,10,selective_p0.8_r10,2276814929,1802555616,2026073104,0,200,results/phase4_core/states/selective/p0.8/rep_10.npz,results/phase4_core/states/selective/p0.8/rep_10.rng.json,a472896435a66be7788cdaf339499b449994f95a6ab3931853fa0ff85e9357ee,81c9e6da703016fe8d7008c2f61bb228434c8c8ad8d0c2b876f257f744acf850,33.025,0.3049179253936093,0.3283169083067793,0.4855313276335978,0.2690878984049727,0.002799336563430093,0.21644342922862508
selective,0.8,11,selective_p0.8_r11,2989771277,4118814353,2026073104,0,200,results/phase4_core/states/selective/p0.8/rep_11.npz,results/phase4_core/states/selective/p0.8/rep_11.rng.json,a8e3def1709c995ca6b4bd1c5fe2fe0d01a08221f4ef21c1e75e3c63143d8184,ac33c79b8949665a5d663f803b26574777d102d9f852464f7107825861d574aa,33.3578125,0.3020551047389972,0.30857423164721914,0.4908240758074672,0.26933528834624454,0.002633984419750949,0.22148878746122264
selective,0.8,12,selective_p0.8_r12,1935911526,3765099656,2026073104,0,200,results/phase4_core/states/selective/p0.8/rep_12.npz,results/phase4_core/states/selective/p0.8/rep_12.rng.json,2f14d9feca158f6100ae07a2e216b302dd8ec353f4f9887ba8d91960633b6444,af3ce813f9375381cb459fb47f061f9a59e4ae40004f01370d0abd9a9f11a2ef,32.7703125,0.31006438396230185,0.31995436856780884,0.48644228992512956,0.2671370238504816,0.0026801003547542585,0.21930526607464795
selective,0.8,13,selective_p0.8_r13,461964484,567080463,2026073104,0,200,results/phase4_core/states/selective/p0.8/rep_13.npz,results/phase4_core/states/selective/p0.8/rep_13.rng.json,36fc7d8fa2f1bdbf31842b75cca784e0d1f73f1031b1482ec7bfd8bd9e8d84bd,620e3c23834d5aa2c824312d73508ba7e06a93a257a470e39b295fb85b545846,32.62421875,0.30828726341064155,0.28678874065853055,0.4889245897240212,0.270248380485514,0.002900848196305759,0.21867620923850722
selective,0.8,14,selective_p0.8_r14,3008949029,4097591368,2026073104,0,200,results/phase4_core/states/selective/p0.8/rep_14.npz,results/phase4_core/states/selective/p0.8/rep_14.rng.json,1febc1e697fce0999f2472958fd11ff4fbc506c30cf66fad0acb924ca98c279e,ce9b72a1974e0738f68bc0e4a95f197088a4e893cd881eb9b811dab7bd256629,33.296875,0.29822878595603264,0.26933319305713854,0.49165614756915377,0.2730277818899664,0.0026050340781663102,0.21862836567918736
selective,0.8,15,selective_p0.8_r15,1639595617,2968306437,2026073104,0,200,results/phase4_core/states/selective/p0.8/rep_15.npz,results/phase4_core/states/selective/p0.8/rep_15.rng.json,a2a02c5d4442820686cd9cc1bd0f86a2d21cc1e67d707b43003c847378c671cf,9b6800bb595e8f86ad7005426cdf48e27334c4dd353382d28610e3bac4853405,33.1421875,0.3017870189775342,0.26427140704713326,0.48892994967783526,0.2725437549500351,0.0026322683036929203,0.21638619472780019
selective,0.8,16,selective_p0.8_r16,3769582935,1431692759,2026073104,0,200,results/phase4_core/states/selective/p0.8/rep_16.npz,results/phase4_core/states/selective/p0.8/rep_16.rng.json,45c196ae9eb236b1a09ef6d0658bea5093945e413bf156bf1b31bfaac7d25c9e,df487d38c81dff4af3651fcc2b1758683ce590fc11150a08c5a061d0666c2bba,33.2015625,0.3112685980355554,0.3711569312773162,0.47422968274056115,0.26769280221982256,0.002883706222538561,0.2065368805207386
selective,0.8,17,selective_p0.8_r17,3910878291,1802153753,2026073104,0,200,results/phase4_core/states/selective/p0.8/rep_17.npz,results/phase4_core/states/selective/p0.8/rep_17.rng.json,02a5fd1fb7cbcbbec24e8307fd26727195ce340d2430c3c6ea8c51bb92ef9224,2affce8431729be1ed2eb2f12027463e355204923c08c3a3a8e1935a5cf26588,33.29921875,0.2982970966310199,0.2899055745219877,0.4860477860341863,0.26948549353646584,0.002801747929890293,0.21656229249772047
selective,0.8,18,selective_p0.8_r18,602106289,3147532244,2026073104,0,200,results/phase4_core/states/selective/p0.8/rep_18.npz,results/phase4_core/states/selective/p0.8/rep_18.rng.json,2f1b025f5b969077030a94f6896dcf05cd5d91197abba03b0605e4f47d2cb146,3bc022f9fe4cfd79e427c4ad62571597fb957f35d9a73e3f488dd5f2292d9513,33.85390625,0.307608838234967,0.3151020556505693,0.4821278752719955,0.26653706338440303,0.0028894241741054512,0.2155908118875925
selective,0.8,19,selective_p0.8_r19,4220595213,3526188349,2026073104,0,200,results/phase4_core/states/selective/p0.8/rep_19.npz,results/phase4_core/states/selective/p0.8/rep_19.rng.json,0ede747fa91e10b35f93349ca9ef47ec2895bd9f4390ebf950078eaffcd0fd96,218c40ea4d691c332cef5484699484da92f326c8a6378e80e83872154dbb7098,32.746875,0.3032533118711399,0.3446969175999893,0.4765983138235905,0.2637063900169103,0.0026453914552245716,0.2128919238066802
selective,0.9,0,selective_p0.9_r00,3121176259,368920805,2026073104,0,200,results/phase4_core/states/selective/p0.9/rep_00.npz,results/phase4_core/states/selective/p0.9/rep_00.rng.json,b56d0274f7457fcd1bafa28a2901671f45e250be491477667cea03c0f5189978,3f3e45dbb97a42e61e2a662e9d1bfc90bad8adabafa981285a9d154edad08312,34.42578125,0.35268043416091255,0.6823502019124803,0.4534022529516506,0.23667665075716812,0.0026548166112222668,0.21672560219448248
selective,0.9,1,selective_p0.9_r01,3918140647,100062900,2026073104,0,200,results/phase4_core/states/selective/p0.9/rep_01.npz,results/phase4_core/states/selective/p0.9/rep_01.rng.json,db797581fd73feab5619efb3044ecf20cbb91099a9835336d642e3f99ced9c5b,97aded346be1fdab5cb1bb82a8ff21ea0761076fdc20abcecd13b55994d3c135,34.8046875,0.35104300034754127,0.5405968745597083,0.45813805957323506,0.23950413519333413,0.0028102406445641276,0.21863392437990092
selective,0.9,2,selective_p0.9_r02,4226271923,10640164,2026073104,0,200,results/phase4_core/states/selective/p0.9/rep_02.npz,results/phase4_core/states/selective/p0.9/rep_02.rng.json,2620a7385d0a6c01c45b613d1a4909c1b90e0bf761b7900ac12fa0aabc27860d,7ac596bced666896a1376b335fedcfb8b63a08b09ae35cc2bbd129d123ba842d,33.3734375,0.3971909039164708,0.7245111759648981,0.45842529789923325,0.22467548585294517,0.002329837202405257,0.23374981204628809
selective,0.9,3,selective_p0.9_r03,1782658569,3279121115,2026073104,0,200,results/phase4_core/states/selective/p0.9/rep_03.npz,results/phase4_core/states/selective/p0.9/rep_03.rng.json,eba63d35ae237e606c0b44874ce68ca21bb0cf502f5a98b0e2c0d59f389a5da4,83a921615ad2a6bd773f0f15eb5c70ed2afae459f184c036ec519eac4179bbba,33.065625,0.3609668677530612,0.576622914804704,0.4528192505446852,0.23739815467255432,0.0024306636687582766,0.21542109587213087
selective,0.9,4,selective_p0.9_r04,1841608718,117727008,2026073104,0,200,results/phase4_core/states/selective/p0.9/rep_04.npz,results/phase4_core/states/selective/p0.9/rep_04.rng.json,dc6c08e9e51e4cff9095cf6d40bf9e201de2f88cbcdde2a4de8e8aaeefb9b206,a8b32d79fc01a898694cedbe97df5a1a9059950e10df1d7b5bd0d3f69fe2df0b,33.8453125,0.37798713558399455,0.7034885864333944,0.4502491693326915,0.23582829039915842,0.002577776316653824,0.21442087893353307
selective,0.9,5,selective_p0.9_r05,3264466767,2359573695,2026073104,0,200,results/phase4_core/states/selective/p0.9/rep_05.npz,results/phase4_core/states/selective/p0.9/rep_05.rng.json,c464d4d9c6c892232f4dad8956dbca14c771e4c64e738307d96633f94648fbf0,36e9e6940bdd488b627bd1ef9be14b4b68d6f533e5953608ee23a6b7645e138b,33.88125,0.4217953000176484,0.850291351036346,0.45122947090801624,0.22414822749657692,0.002498766149753528,0.22708124341143932
selective,0.9,6,selective_p0.9_r06,1446514981,828893740,2026073104,0,200,results/phase4_core/states/selective/p0.9/rep_06.npz,results/phase4_core/states/selective/p0.9/rep_06.rng.json,c6907f837beb4c639d193a454fcc8c41f20bb6a375a57695ca13a764eaa03440,3eb40e124ae18d55281c07cb62fa6ac3129945890c804ae847c8a37cc05d3dcb,33.58671875,0.37269154246122305,0.6488424144325514,0.4559649102751862,0.22733576164027944,0.0026550456902352127,0.22862914863490677
selective,0.9,7,selective_p0.9_r07,2619379748,2384623833,2026073104,0,200,results/phase4_core/states/selective/p0.9/rep_07.npz,results/phase4_core/states/selective/p0.9/rep_07.rng.json,58dcdede8466b7415de68fffc3c76f8424b22d972d0defc3c949a3e2a977a31c,a789f30b53d80a8280ccc6b28ad4c9bcecff0bbfe7f02a71e50b7aef9b2d756d,34.61328125,0.35366488529814305,0.6269022414935239,0.4594091459143772,0.23700052846786213,0.0024525458688751454,0.22240861744651508
selective,0.9,8,selective_p0.9_r08,2346996660,1161691399,2026073104,0,200,results/phase4_core/states/selective/p0.9/rep_08.npz,results/phase4_core/states/selective/p0.9/rep_08.rng.json,01e5f4adfb1e9d5bea19aa142371a342b2e25ac79b64cd56009d366f3791f0eb,43ab1d3eec99be4e4820d0db8e5a93f216e917b8e59ec803400e49941ee7fb0a,33.52265625,0.35307331479808696,0.6293926576238987,0.44851410518213364,0.23360630643217184,0.0028209077474031356,0.2149077987499618
selective,0.9,9,selective_p0.9_r09,3572653432,2710709278,2026073104,0,200,results/phase4_core/states/selective/p0.9/rep_09.npz,results/phase4_core/states/selective/p0.9/rep_09.rng.json,f032d08da73f36ef26f5a305b4984b9cdf44a08ce885709922e0534911ae2f71,00d3e48a55580a2eab09d137bb995521fc5fa38ff0449c5a875e784462d33ee9,33.67890625,0.3744401611773855,0.6063973534484035,0.4604613290883635,0.23426803704564392,0.0024457391062448386,0.2261932920427196
selective,0.9,10,selective_p0.9_r10,3878443529,1273192560,2026073104,0,200,results/phase4_core/states/selective/p0.9/rep_10.npz,results/phase4_core/states/selective/p0.9/rep_10.rng.json,913362eb370768cb7d57d0f8b10e15cf10497f06e926d6789c04b0212f9037cc,a02e3fbd0d74dfefe28c3c2ab503108580cfda67aebd150c3d15bb5b4699a9b9,34.47265625,0.4050717920277707,0.7786637509540727,0.4546025896264719,0.2264861205452855,0.0026533590926371663,0.22811646908118638
selective,0.9,11,selective_p0.9_r11,2841846734,2488458031,2026073104,0,200,results/phase4_core/states/selective/p0.9/rep_11.npz,results/phase4_core/states/selective/p0.9/rep_11.rng.json,462e2e0c76b60100c1a158f59046ded812b74efba73ed63ddcbd109c6fc02080,799ca3a86758c865a1d5ee4dfb9ef5a340803a216f663c8613945ee40ad79a10,33.371875,0.39613846306789063,0.7341629984703427,0.44531282139096845,0.2283533184118207,0.0025965993549520805,0.21695950297914776
selective,0.9,12,selective_p0.9_r12,4118149899,2627987902,2026073104,0,200,results/phase4_core/states/selective/p0.9/rep_12.npz,results/phase4_core/states/selective/p0.9/rep_12.rng.json,58ee5743dc4eefa20166cdd4d676425aa2fbccfc0b027106917f016a65b25299,48fd392b72def2e51beb755bcdf9f92d58c344bbf57e52c9f27b434d4a116648,34.19609375,0.3890072728508643,0.786084835341955,0.4423020928644521,0.225771603984706,0.002311164431795576,0.2165304888797461
selective,0.9,13,selective_p0.9_r13,1469909955,4128128792,2026073104,0,200,results/phase4_core/states/selective/p0.9/rep_13.npz,results/phase4_core/states/selective/p0.9/rep_13.rng.json,613d6f47f545a2cbe327ab6faed836b1a000356adb08d0b8e5362a86cc0463b1,0d02f46330d361dd5788c6c3a15d1ad45ec79b500e2db8609cbec14005577d0e,34.4875,0.37491269614511125,0.6866841481612214,0.46042507173530356,0.23047318296959202,0.002756395409716726,0.22995188876571154
selective,0.9,14,selective_p0.9_r14,1014095401,2843694525,2026073104,0,200,results/phase4_core/states/selective/p0.9/rep_14.npz,results/phase4_core/states/selective/p0.9/rep_14.rng.json,382a7f4f37aa5e9034a26bac49d7bff88deea2a5de0da92c62818a3d5dc7ad0f,1b496c431abe44038906c6be301e7c4aab731b9eb934af97dbadb13877ba42dd,33.646875,0.3726108114895637,0.642002942690103,0.4524043199836068,0.23347655973846695,0.0025461912243048687,0.21892776024513985
selective,0.9,15,selective_p0.9_r15,933655884,1601747705,2026073104,0,200,results/phase4_core/states/selective/p0.9/rep_15.npz,results/phase4_core/states/selective/p0.9/rep_15.rng.json,171538020839f0a543dbe16a7f3c8b8717a7e65c41469bdc23f97027be1f45ca,fbe7339975b57e22cc0828757c0fbe52ffd49aa8a286d5254c15817358bfc718,33.065625,0.38887668850475665,0.6674632680878514,0.4502842467425706,0.2266188104868396,0.0022702575147851498,0.22366543625573101
selective,0.9,16,selective_p0.9_r16,1267858508,1669316909,2026073104,0,200,results/phase4_core/states/selective/p0.9/rep_16.npz,results/phase4_core/states/selective/p0.9/rep_16.rng.json,c1bab5045f8e1c910bce14ee43880d12b0a25bdce9d265207b16336afda692ed,6dc19d9be5f749277cd15aa3855431f24e14e3a54d6d68782723b1eadcd7ec28,33.284375,0.3818050719579355,0.6350932115032617,0.4648053501350607,0.23512046974661324,0.00262519531076547,0.22968488038844745
selective,0.9,17,selective_p0.9_r17,4051232197,2055376679,2026073104,0,200,results/phase4_core/states/selective/p0.9/rep_17.npz,results/phase4_core/states/selective/p0.9/rep_17.rng.json,ab24f7cdf01f43b960647efc4c6e9c5e91f6ae3d5dfbaa1c2150e169057b3a94,bb5a4c2eb1d94d259c593ca8113699afa680b648f98ca7200185b7536ddbf013,33.56328125,0.3782491143581268,0.7123940964108036,0.4455484024478654,0.22698488895342014,0.0023276783362062223,0.21856351349444528
selective,0.9,18,selective_p0.9_r18,9966927,2478269561,2026073104,0,200,results/phase4_core/states/selective/p0.9/rep_18.npz,results/phase4_core/states/selective/p0.9/rep_18.rng.json,012e614a127e048f6fed019127a63db56b3320a152ac15f6f794c2694c0fd56e,1856fd8fb49019efdf8b03bc15f917f85561a7eab8dda65c164b73ea46ba2a5e,32.92890625,0.3830327352337405,0.6774207051852641,0.45296286022034504,0.23130120076892932,0.0025983675658936764,0.22166165945141572
selective,0.9,19,selective_p0.9_r19,1296038405,2910753636,2026073104,0,200,results/phase4_core/states/selective/p0.9/rep_19.npz,results/phase4_core/states/selective/p0.9/rep_19.rng.json,f39b1bca5330f4caae8199f72c1b0b23fe9f58b45ae17dd08c10d0eef32126f9,d3ee066c72fe2a7146672b92528852da03ec44bbcafe7b07bad0f2dc7d70d401,33.37421875,0.3696586408796555,0.6789840191728127,0.44889436053913456,0.23157377596513573,0.0026289617608447535,0.21732058457399883
selective,1.0,0,selective_p1.0_r00,656706454,3904205151,2026073104,0,200,results/phase4_core/states/selective/p1.0/rep_00.npz,results/phase4_core/states/selective/p1.0/rep_00.rng.json,56677b1f6c7cae9dda0c191e319cbe730c85953598843999f13afe315ea42795,ee3f861b5bfa647dfcedf31554184722b4a200c20f3f1fc52e34ba025f0f33fa,39.49453125,0.52698639398863,1.940703559940239,0.2770772466033623,0.026760103372428463,0.0008451808928901219,0.25031714323093385
selective,1.0,1,selective_p1.0_r01,3018258810,589515778,2026073104,0,200,results/phase4_core/states/selective/p1.0/rep_01.npz,results/phase4_core/states/selective/p1.0/rep_01.rng.json,275be4841cf3013513bd61ecd65d1657d11fdadbc9f6912090d6b0f362255ec4,98d3fad3b804f24cbae400d8a4965d3f24df06fbf733a302ea2f0ea0a4a7a916,39.109375,0.4774130580222131,1.9008608311261388,0.2526763888582233,0.03038906760343794,0.000987452906370096,0.22228732125478537
selective,1.0,2,selective_p1.0_r02,2919610871,2552538163,2026073104,0,200,results/phase4_core/states/selective/p1.0/rep_02.npz,results/phase4_core/states/selective/p1.0/rep_02.rng.json,03c07354fd4624c51386a33fe82956aa2f4eab88ad728a4ba96f95e94fce523e,2067ed55b388557c7a2ea7b6aae45f9071c08d6bee32d7d001f30c73532b5eb1,39.9140625,0.5029758319649834,1.8106268327508555,0.2980063334655645,0.033757495602278684,0.0009320994186766087,0.2642488378632858
selective,1.0,3,selective_p1.0_r03,3469356913,3592936569,2026073104,0,200,results/phase4_core/states/selective/p1.0/rep_03.npz,results/phase4_core/states/selective/p1.0/rep_03.rng.json,923bf8571dcee7e03acacdf07ac98bee00b50b55066f63633aa0a64f778299a5,de9659c3bd60603d4c4875de2c3494feb573af3719e35919167b751353bce1cd,36.74765625,0.5529095706877962,1.9190161932345782,0.28764812369781145,0.025804290150179,0.0008313802547832969,0.26184383354763247
selective,1.0,4,selective_p1.0_r04,3960817352,2556421397,2026073104,0,200,results/phase4_core/states/selective/p1.0/rep_04.npz,results/phase4_core/states/selective/p1.0/rep_04.rng.json,44ce2012bc4b39501ac198e0d4f7f5905a88123665be908a40c4946f073b453e,1d3e824ef1cd7409e28fe74cbbd5c6806946569870aa3369c82f4ec60f516e0e,39.353125,0.5081217136749905,1.877784706994727,0.2966878611635775,0.02728038728531198,0.0009110740579317227,0.2694074738782655
selective,1.0,5,selective_p1.0_r05,945259839,2714718833,2026073104,0,200,results/phase4_core/states/selective/p1.0/rep_05.npz,results/phase4_core/states/selective/p1.0/rep_05.rng.json,1fbb3d586c89c146a4213113ec40a6958d186b2a3fd5af7d0e7a327df3e28d57,e4fdb25154399e6d3e4d2b3ea81b925913d8f3326599d55dadc715e0d07697c2,39.9296875,0.4652314558964362,1.890437630226721,0.27691340084727784,0.031025965173738946,0.0007715107208366004,0.24588743567353888
selective,1.0,6,selective_p1.0_r06,3071430991,2846728584,2026073104,0,200,results/phase4_core/states/selective/p1.0/rep_06.npz,results/phase4_core/states/selective/p1.0/rep_06.rng.json,a64ff8f5f075d8f133e998ae044006c704bd23831f449cddef8576f774747a30,757b8df1ad0ba83b83db6a8fc94974ea63277b9273a9fd0a15b6e1ccb5cb8469,37.99609375,0.4943312332994152,1.8848353169959662,0.2637872661500619,0.025972497172047585,0.000826302631113423,0.23781476897801435
selective,1.0,7,selective_p1.0_r07,2455995385,3458510298,2026073104,0,200,results/phase4_core/states/selective/p1.0/rep_07.npz,results/phase4_core/states/selective/p1.0/rep_07.rng.json,07c884b8a42a54e905d428905e5e9e86f41793afdfc366a65f8973fc03833789,2a7ba7b658313a6af0ffd78d57ad97d184069686f941882366a1bb34d6c9ef4e,36.73828125,0.5745459985099006,1.9541633307372188,0.29002878002446264,0.03304980488622867,0.0009481693724783782,0.256978975138234
selective,1.0,8,selective_p1.0_r08,1341420624,3954795205,2026073104,0,200,results/phase4_core/states/selective/p1.0/rep_08.npz,results/phase4_core/states/selective/p1.0/rep_08.rng.json,014054e4efce4c34469348f85f69441e943f5de4ac5514548ffb7cd88d50d3e5,8e0bd2b4a2f13fb4647bc7cefceb3842fa55069ddef884199882ca7e370498c9,40.34765625,0.4912637260768654,1.933788327317485,0.2951876572985622,0.029798939611839624,0.0008250792105255956,0.2653887176867226
selective,1.0,9,selective_p1.0_r09,3358061273,2825561690,2026073104,0,200,results/phase4_core/states/selective/p1.0/rep_09.npz,results/phase4_core/states/selective/p1.0/rep_09.rng.json,1e2ff264d7f9c8a4e577dfc3963251223683168e1f667d00975c6dda4b3cb913,3ffe4b596824ce5880d5569abb1644707428468ceb86c5b82919b46c3719194d,37.69140625,0.528036744134402,1.9190656636787735,0.2905617582107096,0.03318301512767565,0.0009761296067880002,0.257378743083034
selective,1.0,10,selective_p1.0_r10,226276626,3092717657,2026073104,0,200,results/phase4_core/states/selective/p1.0/rep_10.npz,results/phase4_core/states/selective/p1.0/rep_10.rng.json,a562727af67d471e9dc57fe96ccfe519956b1135b374adf08eb86499f1788af0,ff05707ff1737971cdcec6adeb6356bd4eb248aed6d0033651b2f7d41bc7e605,38.78671875,0.5128491631699044,1.8781788912931798,0.2748345883629545,0.030033522686997972,0.0009671500650792448,0.24480106567595653
selective,1.0,11,selective_p1.0_r11,3264452627,4198368541,2026073104,0,200,results/phase4_core/states/selective/p1.0/rep_11.npz,results/phase4_core/states/selective/p1.0/rep_11.rng.json,fdbe6148af5d3308f5c40a66934733db3fa098898fa67dcfe2e01d0a0ddc3882,a092b94a07009f114a194340a00f7631c58918a341d0e8e9e60b269bfcb343e3,39.0859375,0.54906583793484,1.872950360890128,0.2961406112002671,0.033355059348068254,0.0009197299191224563,0.2627855518521988
selective,1.0,12,selective_p1.0_r12,4205813390,1434476955,2026073104,0,200,results/phase4_core/states/selective/p1.0/rep_12.npz,results/phase4_core/states/selective/p1.0/rep_12.rng.json,7faf3d0c4859fe71cf31570906a7e9e87adb3d9f5bc793b6a285d95eeb09f777,f56423953ac41fe0363b0c449999ce6a3cad2a0994e21bb7b31ba7ba4f31c1d1,39.71171875,0.476198875910504,1.7985654011546037,0.267058503784815,0.030146901534115242,0.0009062877621658345,0.23691160225069974
selective,1.0,13,selective_p1.0_r13,3844185131,2818768728,2026073104,0,200,results/phase4_core/states/selective/p1.0/rep_13.npz,results/phase4_core/states/selective/p1.0/rep_13.rng.json,220b8a1c592ada24e1d4c1acecb27d1d87f759dfca2b99de138f15e1e52ac1a3,260000c43c69ed8d6da6574a117315b576e0da5d4c5aa558b3297d33e6cbc040,38.278125,0.5454081195187701,1.935532693293787,0.28544442211061805,0.03134603148251641,0.0009867714914506465,0.25409839062810163
selective,1.0,14,selective_p1.0_r14,2038788073,1245625167,2026073104,0,200,results/phase4_core/states/selective/p1.0/rep_14.npz,results/phase4_core/states/selective/p1.0/rep_14.rng.json,3d99c34ad1cfda0b965c63b96e8d67140b6f6b533cb647dc56f5d74581483415,3bec9d353cfdbdd5b864b450ce9274869990ac2778ba990c8fb4ef68dcd7d175,40.6765625,0.4933067668395633,1.9346210735679648,0.27046703246756154,0.026359365725917752,0.0008474948981328294,0.2441076667416438
selective,1.0,15,selective_p1.0_r15,1898229531,1251525065,2026073104,0,200,results/phase4_core/states/selective/p1.0/rep_15.npz,results/phase4_core/states/selective/p1.0/rep_15.rng.json,190b0882760c56069231e7087e9e01de56b5482ecc221a898c611b92cae4c3d4,869a33a18bbe62f9d5864791beeabf46c680f0a28d20cacfcb8f9afedfde95cf,39.546875,0.48857320357075207,1.9252976662229775,0.2644877727941119,0.03537798392538189,0.0009557925015986778,0.22910978886873
selective,1.0,16,selective_p1.0_r16,3845071290,1146757895,2026073104,0,200,results/phase4_core/states/selective/p1.0/rep_16.npz,results/phase4_core/states/selective/p1.0/rep_16.rng.json,1b401d4252e6609c2e7bebc68fe59c4d6adb36db7fb4628219515f90a9e46d19,7a282434ab043616343ec597994015d68cc627bb624bdeb1debc941585749f63,39.415625,0.49055414828954025,1.9601575459383378,0.3208149810797718,0.03098552548424712,0.0008364648930532709,0.2898294555955247
selective,1.0,17,selective_p1.0_r17,1768618910,3985354399,2026073104,0,200,results/phase4_core/states/selective/p1.0/rep_17.npz,results/phase4_core/states/selective/p1.0/rep_17.rng.json,654a49d39af5c9bd26aaf02f4473623e2a9f618e404d14aaf3e0410a70715b7e,2c92b891191084643aff9c217bffd684e5c4657b19dca4cbf87d3105ac7e4a3b,40.85625,0.5388422255843854,1.9196181352180601,0.306222004026527,0.027050708322547443,0.000909840517203088,0.2791712957039795
selective,1.0,18,selective_p1.0_r18,1006804923,3880357650,2026073104,0,200,results/phase4_core/states/selective/p1.0/rep_18.npz,results/phase4_core/states/selective/p1.0/rep_18.rng.json,aa6171e8310357beb91a6a72687b918c6541acfea9c75f682ada917f22793a59,5a5f7e1cd5c3eca171f6c456a64721ea2acc2cb3316aeb99496b5e5eaec8fa34,37.1765625,0.5236891131705348,1.8920748570289425,0.28048436534369453,0.030815280349139603,0.0009739324081043755,0.24966908499455492
selective,1.0,19,selective_p1.0_r19,4061871131,2320855329,2026073104,0,200,results/phase4_core/states/selective/p1.0/rep_19.npz,results/phase4_core/states/selective/p1.0/rep_19.rng.json,752c38b4caa3319e74c55d065fb4227e6f03f393b03c01337f55c4de59c9f349,43aac48a93a0ff7fd5f0982b0fc0d6d3be458da999f681a806c0eceafa4b4f3b,38.37734375,0.5080663703359436,1.9108514848886045,0.2781025328704907,0.03634938359217708,0.0009574846489295315,0.24175314927831362
