relative_path,size_bytes,sha256
GATE_4_DECISION.json,621,86fb9ef0136665a438223b3ffd628a74f9478cb2552ee339675e00936b3e2e3e
baseline_information.csv,177375,c6bd6148db28eb61e3a308ca1ecf5f662ec76ba4741b413617857c451cbc695d
baseline_seed_ledger.csv,27325,a3a6b5c61299076234da1af627ef91caf0006b991f0cab87bf58181fce2cc800
block_bootstrap_draws.csv,2021317,c8057d36d9b58d94bb774458447cbc0985a1dcf53fdab714bebf99134e856245
block_bootstrap_intervals.csv,11461,5600ec1ac4417efc205a6b8f1738a4e52466b7c88a54a298c13002333e101b95
continuation_blocks/control_p0.1_r00.csv,52095,650c51e611cca7e69ebbe6f4bd540ef60aefe082125dd6726b6c7196d1d82f72
continuation_blocks/control_p0.1_r01.csv,51885,2d312e8c96a136d1826f6fa28c0cc2476b25f22c570d3bc478511ba9eed3760b
continuation_blocks/control_p0.1_r02.csv,51765,3f4c2219bdfb04707bcf8a1bf17433888c6ff9261589814aa0ad37dbbbaf7c07
continuation_blocks/control_p0.1_r03.csv,52300,e1f5290a247114485fc92b9f42262e14701ebd7efb9417067565e89b2fd4dfae
continuation_blocks/control_p0.1_r04.csv,51495,e001e727b49947ba8bc11ac0003312697f7d207d06747465932286f91818f3bb
continuation_blocks/control_p0.1_r05.csv,52590,072ee1ccc39461a93ee425ca1f37399c424fb1a3e89864420d886762c396177f
continuation_blocks/control_p0.1_r06.csv,52436,0fb4600ce17025ef7072be48750b0926376d74e74ce18eca10c9341214e6f4c6
continuation_blocks/control_p0.1_r07.csv,52592,ebacb8deeb60a345a1cd6cc5a4ba54857b99656a2c0ada9c4ad6555ddd8a5351
continuation_blocks/control_p0.1_r08.csv,52549,47bab14b05fcd92f899a8d6a9fec6533bd0cd3709c72c84b854cb2869144ea9c
continuation_blocks/control_p0.1_r09.csv,52870,11ad525973921e6a2e89da192660fb144afc9438fdf60f616a6a6a91dc607d73
continuation_blocks/control_p0.1_r10.csv,52273,7f1051d3d0186fa1eef649b35ffcf341e6b2d25995d3f3f67a08c297b1bfb355
continuation_blocks/control_p0.1_r11.csv,53214,1eafd05d2eb229ced74ef7286c2307d0dda30e7b3e8b68ab16aa6b507ff5160e
continuation_blocks/control_p0.1_r12.csv,52556,8ce21bbff4abb70250390a73d7f0355fd93654254bec9bdaf325f5e9ecb46eb5
continuation_blocks/control_p0.1_r13.csv,52475,8eb3b481891bf4d50ce73d27096f61114057c39b5867d9c68293a5fd2a7c736e
continuation_blocks/control_p0.1_r14.csv,53363,6307e9a29fe5c4aa5548c0d8e50655dbfb6ea863e861f589a8b97c45357235f9
continuation_blocks/control_p0.1_r15.csv,52692,0d262d8d87757f9f3d5d3043e743b334834b1c0507c00a2439cd7b360ef79d16
continuation_blocks/control_p0.1_r16.csv,51706,88a5baa0493a30503327a6a1195a131c6c4c579beb4fc756d47672528df1f82d
continuation_blocks/control_p0.1_r17.csv,52858,197657863a8675143b938c79f0c21bb8690d40093887675193b74efdc50967c3
continuation_blocks/control_p0.1_r18.csv,52481,d4d47c88773b0a411d84a8819e5572518072889308fb6a61b3c841d0ab479f6e
continuation_blocks/control_p0.1_r19.csv,52826,289be05c85ec82e85e2b38467d50464c3307282489793ddffa9c6dbcd0808940
continuation_blocks/control_p0.2_r00.csv,52652,bb130f8cde52cb176ca0f7c90ab5d3e5767e6d75a7a95ea3cdb2e77621f28ce0
continuation_blocks/control_p0.2_r01.csv,52689,736463a6923b8fb5ab2f6c4a564abf05a702a195b591b8a7ed7907f41a7e7ff9
continuation_blocks/control_p0.2_r02.csv,51997,447b4a0a70618eea390a7b49bf99cf85688785b7bfd0e9a35fdebfa04853ac9a
continuation_blocks/control_p0.2_r03.csv,52191,90f14523ecb727aa4bb1ebfb1af4e806f3c98599d017b187fddef953f7d2f590
continuation_blocks/control_p0.2_r04.csv,52599,f18af4ce37bdc28803ed49a9c5a4089c9da65098d6c1667e2c780e3e5575022f
continuation_blocks/control_p0.2_r05.csv,52226,efce84fe1665e4d0475197823ff3e96b1e1e6a8e95e285177f4bd8bb57183daf
continuation_blocks/control_p0.2_r06.csv,52522,1b0542339cec4cbef306d32b65d2d62c5c4144f710fe3227d382d345239e06d9
continuation_blocks/control_p0.2_r07.csv,52893,c67abfe556d9bb1a23541ade02ec2e21e9f4898d37529353a72932540a751d9b
continuation_blocks/control_p0.2_r08.csv,52166,1243b820a29bfa4552fc5626f76fcb31adc90b492c1dea37a3c7085287b66399
continuation_blocks/control_p0.2_r09.csv,52725,7baa777c479de4ead647d4cb37862efe083139f56c34eade69edab240d133516
continuation_blocks/control_p0.2_r10.csv,52340,d5f592158c07954eea10892d545ce33fb63c15c8a54bc41ad1fdaaab8b8d92b0
continuation_blocks/control_p0.2_r11.csv,52762,eb38d44c0482e03b389b3f05424c147714ebe5835db5b463ab5b80b78320e2e3
continuation_blocks/control_p0.2_r12.csv,52364,31490d2a70f1b12d227edc73be0b60abbd4abf07f8aab266c030d5d65febb80a
continuation_blocks/control_p0.2_r13.csv,52964,c6e818288ef8ce991ca8facbf0861853fa7dbf18cbfdec39b32540a35ff5e916
continuation_blocks/control_p0.2_r14.csv,52480,3abe0cc153350115faa1d73d381ad284bcff9e150b23e1d40416c6d212e49c3e
continuation_blocks/control_p0.2_r15.csv,51773,1ae1db8eb440eaad16697388ca654422fb93b8ba96d16067f11a93f89f34a0ca
continuation_blocks/control_p0.2_r16.csv,51598,4252dd183180bffefd63825dde2973acfed184cecc2bf8feabc0455d978409ab
continuation_blocks/control_p0.2_r17.csv,52055,928b4514c78dbbe3581fa106a9045e6a5cd3d3f817349159abd96e20f6b710a1
continuation_blocks/control_p0.2_r18.csv,52654,287adfaf7a46ccd1e94a3b5fe40759fb954c1dd72d8eebbdef13b0bf1374c856
continuation_blocks/control_p0.2_r19.csv,53010,a58d174ccb78e927d9bac0d9e12fcdbebf90d90bf2c0b91eed9741e396fe68c9
continuation_blocks/control_p0.3_r00.csv,52510,42ab180203ef47e0474fb878247f20e835fb09395ca878dec092aa80ca78c66a
continuation_blocks/control_p0.3_r01.csv,51467,683f5636d3fe4917a72a23704f26e01f686d058f2e46cc424e94dc1c437c6932
continuation_blocks/control_p0.3_r02.csv,52624,65b3fe313f66a72d5abc8680eb3456635d1119b143c7a1ef7175a5ad6d271d52
continuation_blocks/control_p0.3_r03.csv,52098,a7d48f922583ead26338813ff9ef253e9ef89b3eb1fef64142986ad98a1da099
continuation_blocks/control_p0.3_r04.csv,52310,cdfe277028f3a73e67fc5209ff003c44416831f8e16887365ade3359cf12c961
continuation_blocks/control_p0.3_r05.csv,52833,9199431c207e6315ff6c0b3440cf1c91446c3962039fc19e07b9aaeb58678db1
continuation_blocks/control_p0.3_r06.csv,52875,43d28e1149b49aef17944f489e34a8c7c3b5ab8ac060102bb5aedcfdb6b99330
continuation_blocks/control_p0.3_r07.csv,53102,901a08516c6cfce5d151ad834989e5146ae88459b930432d2ab9bd38b7ec8bcb
continuation_blocks/control_p0.3_r08.csv,52442,a8e2a77ba83a53f6fb0a5d8178344795f40673a58037ad36b3a2850258011541
continuation_blocks/control_p0.3_r09.csv,52310,0592dbcd1d64dbf82da127bf34df8f61fc22d9e8e7eaba8e48941cd0f2189c91
continuation_blocks/control_p0.3_r10.csv,52199,e45bb616bc9c2a3f2b146b9871ec4e57f3704fcc9205c73caa1dc089ad582286
continuation_blocks/control_p0.3_r11.csv,52891,478b41c7003e52c74e2d94d44ed88ebae7f7020f0c99c300de5df43f2160b810
continuation_blocks/control_p0.3_r12.csv,52419,2d2552cce3318cda29532ad674d9a1284690a1ba36373f86ef86befab304cbb6
continuation_blocks/control_p0.3_r13.csv,52553,ce5a684d1b43cf5c6962871f0f4e6802098a6bbfa68a86ac9d6d336ed598616d
continuation_blocks/control_p0.3_r14.csv,52522,1dfec081fb9f486d6f12e76cc394c6d81110a142bd0c7e88a90b8d308386770d
continuation_blocks/control_p0.3_r15.csv,52868,104cb295d15b374def28b7fdeac6e5100001f4dd338f4a80c96986a12e3aaff4
continuation_blocks/control_p0.3_r16.csv,52233,f7c27ad0ccd1facb769d126971dfc09c0500304409a3c2ed0c4501ad927cbc2c
continuation_blocks/control_p0.3_r17.csv,52695,875b1c1b138d7de4cd8ada12e8089a9567e5b8a542d95dbafa98ae8a0196ed4d
continuation_blocks/control_p0.3_r18.csv,52168,1683213a42659a3d3ad77ff515942aadb13b66f04b6e99e1be539de8e99aa156
continuation_blocks/control_p0.3_r19.csv,52442,fa2200c2fb83783102fd7537cd62173260bf183ef40197737aba915d2e638f3b
continuation_blocks/control_p0.4_r00.csv,52049,dd05e563dd53445e19c503525d1462b67a3354023316984850ebf9cfdbfea94a
continuation_blocks/control_p0.4_r01.csv,52525,1ad56e93e3a7db0266e2de0216c809ee2582c4b0033546e9b80e882566711c4c
continuation_blocks/control_p0.4_r02.csv,52521,2f8c19704cd6122c726099abf69b95d68c59bc85b158f7f2071e1517cac08e18
continuation_blocks/control_p0.4_r03.csv,52207,ff8308d52c9ea6ffca19f850d9fc387160d887afc354ce82d401fec9d5ee8d92
continuation_blocks/control_p0.4_r04.csv,52316,bafa4c3a70a7dc9e51f129bc25fc33fd8387e0e6ef876cc764bf5fd36d531ea6
continuation_blocks/control_p0.4_r05.csv,52439,8439fffaffa2dc9846b5a8c7e513b4248ba874af0b0d9307444f381b74e9b0b5
continuation_blocks/control_p0.4_r06.csv,52942,0fd095e59707acaa2a43b11b02d1e8f4b53dd3362e31ff62687145415cc6aa56
continuation_blocks/control_p0.4_r07.csv,52526,912b93ac6e3ce27c10432adacc96f229cfe837b03e4d19a411d3b400c83aa45e
continuation_blocks/control_p0.4_r08.csv,52476,c4d9453bbe13ea4935a45c199cd91fb695eb30b2d8efc68ee2d2cff1bab1507e
continuation_blocks/control_p0.4_r09.csv,51608,3ebb0ba277f03fd2b820c62418140e0482d109b09029733d9f5986e770601fa9
continuation_blocks/control_p0.4_r10.csv,52302,950e6a33f5d4669c7873899c740859abb12a4ac498b8ab69f71de9478d55d142
continuation_blocks/control_p0.4_r11.csv,51649,84f16c991453262617fe4b0dc0fe3cfe64154f18b10ce41cf4484c61883a6252
continuation_blocks/control_p0.4_r12.csv,52640,bf4503a33f828beb27ea39d61d40ccd790c43daa19cf6da110da1cef0b630e94
continuation_blocks/control_p0.4_r13.csv,52372,e58d46dc582182fa222b4565d5a7006678720f201c7eb14837f20fb5674de53b
continuation_blocks/control_p0.4_r14.csv,53222,f63d604a53ae572d473118a8cbf4b48e55729fb25e6c7f59aa627b23f613919f
continuation_blocks/control_p0.4_r15.csv,52555,91ea6aab528c17131823b0de6b7186dc2da32cb5d05f2bd6c7c2e2bca2a3eed8
continuation_blocks/control_p0.4_r16.csv,52450,e1be72ccd0e181681d118ff8eb067ac56e91b7aa963709d8b2fb5ea7d56dd707
continuation_blocks/control_p0.4_r17.csv,52555,ef2e2b724f793e26bc1a2357757c8341b9e294c521dc34f206d619cbd36f5ff1
continuation_blocks/control_p0.4_r18.csv,52586,bc645a57e0b3b2bfd119dee739800600cb6646d0073dbbeaaca740b77c09fdeb
continuation_blocks/control_p0.4_r19.csv,52659,cfe51a5008e7e371acba6e4633617b0597eef4200d5c8f82a47a2d64bfa3248b
continuation_blocks/control_p0.5_r00.csv,52276,badc5a5aa1658efb6c01ca1a8e749f634174b5a685c2a2c7c3b8a3b3c13c2b70
continuation_blocks/control_p0.5_r01.csv,52656,6bd79201002e0ff1d9671e1f9a6a04a7614585ad0973e5f30faffb8ed984de5d
continuation_blocks/control_p0.5_r02.csv,52698,ac03901a0acd064548ea3f609c50163603267fc59f48fcf107f76bc6426bc3ce
continuation_blocks/control_p0.5_r03.csv,52238,ded8ca5b7abccc0534c78c28e314cedf84f9b53717600aa2336ec87ecd3c258a
continuation_blocks/control_p0.5_r04.csv,52345,3275785a2b68e84f01aae814a9c659c071a3d74b1bdf06ec3dbe44bdfef72b7d
continuation_blocks/control_p0.5_r05.csv,52299,87010472dd65695c4e005547c995179bd75a6aeebd4e3bb553d802627b7cd550
continuation_blocks/control_p0.5_r06.csv,52797,5f57297f72944a9a86309ee90906a4882aff9db1371e58666cad2b240623a75b
continuation_blocks/control_p0.5_r07.csv,53256,4b98beaaf8a86b79937882ef9a40fea750534637be475ae962711f5ac70abeaa
continuation_blocks/control_p0.5_r08.csv,52364,a7c80a15710a4e0936cd2e715297aa98b1b34887c2c0368c3ea4881d12a122d4
continuation_blocks/control_p0.5_r09.csv,53002,1dbb09b4cfb90cac8fb96b13c1cb6089825ab1fd08677f63d0723b3f7116744d
continuation_blocks/control_p0.5_r10.csv,51816,e0d20a0c78fb171e6783bf04d688430b80da7383cc9cf65420dd7a66b0efc72a
continuation_blocks/control_p0.5_r11.csv,52553,5b4c99c9294295698c9f920095944e168ff33e812e5e41ab225eb7e80a343fbb
continuation_blocks/control_p0.5_r12.csv,52794,7b7c0820ae842139ecf5535c0e644d551fd60b52a65140fe52ec87b7fc19bc12
continuation_blocks/control_p0.5_r13.csv,52932,e9952b209c6ba9460e74d5da8ac5d0807fb8f4d09c702410fa8a8426954fb774
continuation_blocks/control_p0.5_r14.csv,52689,65317fe4026f85733ae0dc80373bc92b0cbe9a028d49214b30f67324bf775fcb
continuation_blocks/control_p0.5_r15.csv,51847,aaf28122b7ed9630f6c88048a9abc25d4e31c92c045d2c9d1d7f6c5e32831a4c
continuation_blocks/control_p0.5_r16.csv,52786,d77a7398f656375e9e020cf8aac6d2ba0583e072b26a26654b4abb030465282c
continuation_blocks/control_p0.5_r17.csv,52973,45665616f9cc73c6b9e2715f5a564833faadacd5cf21463e512f630278023171
continuation_blocks/control_p0.5_r18.csv,52724,f3d10a6e83f64ec174d6275344110eab68d96c2d0514794215cab0010bd645d7
continuation_blocks/control_p0.5_r19.csv,52320,dc0b5df33946721bfd39337ce9c7acf99d338ed4db02efec5a4f2901e4e79040
continuation_blocks/control_p0.6_r00.csv,52364,9b02ebe666561820117105285ed23a6af49e6c0fc6997eb5145075dbb4140900
continuation_blocks/control_p0.6_r01.csv,53013,3c48977ad3fd373544efbd359539ad73c6006a87e4c2fc47a61f6bff99fc3a3a
continuation_blocks/control_p0.6_r02.csv,52340,1c08ca54ab917aef38247203aa2edf3233e55d7855e41418c83dd8a5deaddd6e
continuation_blocks/control_p0.6_r03.csv,52099,7a1aad2f574fa284bcee6db8c8a69494c3d3f1966649815941fe11aea3da21cf
continuation_blocks/control_p0.6_r04.csv,51821,7d82100a60cccacabc9165214139eb92be811083b3b3da23f47b4c59e20f3a5a
continuation_blocks/control_p0.6_r05.csv,52795,9afcef74d7deca089f8a120ac988ac54d3972477957d82bda75ea6b79b88a730
continuation_blocks/control_p0.6_r06.csv,51332,d64747dc58ca9c236aa25174e9639419b29d37d41e2ab5e1ae3dcefbbb433f82
continuation_blocks/control_p0.6_r07.csv,51540,f46efebe887ea15c9b1238611a1a88a5917cc3672f1e4c278622264ea2be22d2
continuation_blocks/control_p0.6_r08.csv,53284,fe53e26e5ef2393948418453fe0f57189edd5496933404a7406c7827d560a868
continuation_blocks/control_p0.6_r09.csv,52759,1cec0b0c50162ba90ad4d0f631bfb84f2e3e328291753c908e113b20c490830e
continuation_blocks/control_p0.6_r10.csv,52506,253c7cff16f390960e1cfaedcd24957a67545272871993b33ae8bb75490d4b8e
continuation_blocks/control_p0.6_r11.csv,52697,dc8805e2a0fc7aa3450ffea09d734d1bb0aea76be3a495feac81c8e5f8647e94
continuation_blocks/control_p0.6_r12.csv,52823,8e9d9a2bc5b7c938f107e282d4886d52acc70b3a571465e8df1605ffe720f06c
continuation_blocks/control_p0.6_r13.csv,51993,0af2e25c14083346ebdcef1a9dbc7e1c6377a8a433dfdcae79c14d65f61b2428
continuation_blocks/control_p0.6_r14.csv,50903,b0563a9899be79e13f173acbe336ceef27307f148de3e7a1b9d63d136212df77
continuation_blocks/control_p0.6_r15.csv,53315,676bbcd37bc75d429b07cebb7ae73995757878d20f71bc8ad94601b8164d8096
continuation_blocks/control_p0.6_r16.csv,52267,d51c6db6b2d362d8ae380e05f08a0a4f16a8c872cadadb8f5bc6e77bde7db41c
continuation_blocks/control_p0.6_r17.csv,52802,c2fabc1589b14dc776f41804d75debf49e8b981c1d7dee0fb33ecbef3cc83006
continuation_blocks/control_p0.6_r18.csv,52546,e68bba6fa58ea25e80fe442bb57e34b1c52b3423a8883e5cbadc172f53a62cd1
continuation_blocks/control_p0.6_r19.csv,52206,5f8f861fa9a8eb8fc30992989bfb9c55c914e0fbcab6fbac6e9fc669813d3e4f
continuation_blocks/control_p0.7_r00.csv,52919,0d9c97687639cc92a993d55ada714559e220aa2eca1ef339134fb5fc40af2abf
continuation_blocks/control_p0.7_r01.csv,51915,1cccfe46c0e1f54ad90b8ae95697e566c9ebebb83612ea287d580694eb2d2103
continuation_blocks/control_p0.7_r02.csv,52539,58c8c8470335f2049505ff38bf714bf24ba4bf97cb6e621922fe3e83eaf955fd
continuation_blocks/control_p0.7_r03.csv,51052,e0d111f40374b0070527a48890cf1b9a99d41d05607663a2a93855c5c4371194
continuation_blocks/control_p0.7_r04.csv,51824,67f5e4995003e6502bf809e3e2bb4ffd9aacc0d9ccf2322c7819e8ad561d962a
continuation_blocks/control_p0.7_r05.csv,52576,40755df9a8b4a02c36cb2b47080ad7139d7e3fdaa9656574f0c5aabd9fb8b6ca
continuation_blocks/control_p0.7_r06.csv,52898,ca1a6937a41fd48faeeae347a3c1587acc73928e6a93a266ab68d71c39ea4987
continuation_blocks/control_p0.7_r07.csv,53565,43c3051d576eef0eb25ff3b7fa2e5d6511c1a867a09ad312cb96890386587ded
continuation_blocks/control_p0.7_r08.csv,52584,a804d3699d3fe75e048994e73c5ac7e7d5a280e2a17faa3dfd64378c452570a3
continuation_blocks/control_p0.7_r09.csv,52481,0345c10bb48046410397e6281aadb92f908db102dcdd77b2e78a17474f2b506a
continuation_blocks/control_p0.7_r10.csv,52100,8aec6b47f42bd1f265c7a4687d78ddb77aa54b3e52e0e37b6fba838eaffda7ac
continuation_blocks/control_p0.7_r11.csv,52417,b0f897c534ac1991314b6cd16fedc78591f699210b23de3d8559376981587709
continuation_blocks/control_p0.7_r12.csv,52516,287c845a9342353f9f6e4e38842e457bed8a8062a8800969e8c84c4b82a2e9dd
continuation_blocks/control_p0.7_r13.csv,52452,c78945516698f2f1eb75298bf8819fe4633cacbb70100163484e150a968cdee5
continuation_blocks/control_p0.7_r14.csv,52345,ae6231e3acbbbb1eeabc0a01d6e5e252c7386ababb60c7198e86f05b91e2b3ff
continuation_blocks/control_p0.7_r15.csv,52787,0ff5c6133367356b07ff5e751d29fd2ef7d01f650e118d1a32f5a670631152b1
continuation_blocks/control_p0.7_r16.csv,52607,e8d9d2356bfd4d771aea0e4ec63cbda1b556d00b3ae4a141b8ffee3530de1f3f
continuation_blocks/control_p0.7_r17.csv,53251,d637ce5206ada4e48743d5c949a1a84d51e7aa872c1619577684f510bfb29472
continuation_blocks/control_p0.7_r18.csv,52276,56b3b1c264ba72c0193979ab69ff4fe9e0c1d142e82832dc94bad0fbae1a49b1
continuation_blocks/control_p0.7_r19.csv,51954,e0fa1744496eb5c72dfd4fa7addb63f8d2d48cdd03bb7ece01a149af38968a92
continuation_blocks/control_p0.8_r00.csv,52579,842365e963b407497d1cd79415ca3105c4f39437cd3300535986e8940b07ee43
continuation_blocks/control_p0.8_r01.csv,52862,308c9d4f26e0b5d11295203ee53cd2dd077ba04d0172d7905176b6ec586a6fb0
continuation_blocks/control_p0.8_r02.csv,52576,21445092bc205811dc552f4316e8eb87e7e789fa02bb47806563c760d39c2d12
continuation_blocks/control_p0.8_r03.csv,52689,d752dc77820c1d28b162142a4cc03baa757c8efcecb61acbae1dbec544bf0687
continuation_blocks/control_p0.8_r04.csv,52973,2208ead889fca986d300c38a5f50610b5c023837fec7fd25e1c23099721f3a03
continuation_blocks/control_p0.8_r05.csv,52932,e369fed853a65e380a9b0982b49837e8c8602086cbad1758e8d0ebec66d09c65
continuation_blocks/control_p0.8_r06.csv,52586,fb14d98a6038e823fdc0398afe750b22bfc4a498c088597b6a9c830cf0838615
continuation_blocks/control_p0.8_r07.csv,52275,c30973cc86905aa640fd5fe9ca544bc5f0c9abebc3e9c7895773b4eb66c91cf6
continuation_blocks/control_p0.8_r08.csv,51679,3c8dde90fe9c41482beedcb970577a39499515bbe11d1ec44cd0cf4afe934f9a
continuation_blocks/control_p0.8_r09.csv,52336,4c16423f7411a34cb07110d8ee0429c2dcea786f3a773ad7f6a69d74b11e39fa
continuation_blocks/control_p0.8_r10.csv,53039,7c8e2481cc83e88c90f62d35386e1af699db9a782b538e6e7a3da7ac0fad16e7
continuation_blocks/control_p0.8_r11.csv,52516,c03ce482fca9869726daa31e8acab3f4deb353bb3216ba857a8a17aefb6e269f
continuation_blocks/control_p0.8_r12.csv,51859,e0787394300fc5aa1fdd6bb93623f8627d432732c21ccb29b8a081b6dae46e00
continuation_blocks/control_p0.8_r13.csv,52653,2491935d976a9a57481a85ec6c04871e96aacdbfd096cbd2cfa18221659ba638
continuation_blocks/control_p0.8_r14.csv,53141,51d7822abb46491d4050fc0b0153ae472067a947249087cc315149c2d9a929b1
continuation_blocks/control_p0.8_r15.csv,52176,5b0c69fb61c631d6ddaa7dc27868a7fbfbd6cb583d571a81e23b31b8bfdb0dc4
continuation_blocks/control_p0.8_r16.csv,52924,9e3d7ec4609c16c23a34ac2ecf64fe23888d0c246920c8a09c9779644cad01cc
continuation_blocks/control_p0.8_r17.csv,52370,9373b3256ddc8b1ed07a3925f856c947e5df5c662dcbb45a6b99038f7ad8e4fa
continuation_blocks/control_p0.8_r18.csv,52093,2ae7a821580cc83e13ed43ffb85b98d04105af82ad5133b2bad998e7eb12cf0b
continuation_blocks/control_p0.8_r19.csv,52680,e54b3b29cd3c48054001bc9da03bdb2b8a35a6380fbff1789a8b879adf11beaa
continuation_blocks/control_p0.9_r00.csv,52940,8da6589737250546a5abfe4b9c8d4bbb033db857b2dbd5cfebf10b4aa0ceaa0f
continuation_blocks/control_p0.9_r01.csv,52298,e46d6f6f39dd4b61674ed7dac47004f170bda08a8be60fcb58c155441a3a728d
continuation_blocks/control_p0.9_r02.csv,51869,77719488318fb472fc60b0bd22e84184ec112808167763f6810b3c8bee5a1685
continuation_blocks/control_p0.9_r03.csv,52380,c04e47d227890e51d3981f5ec389d94c25f29d60abe29809adde953ebe160444
continuation_blocks/control_p0.9_r04.csv,52203,be93444487dcf6e08cb66ddb067b37ec546b216d72b2b2f0bef7119263a9fd96
continuation_blocks/control_p0.9_r05.csv,52374,b41c0c09ec376f209dd3408677f6cd80b04324594a36cb4a54c3c903cb1d0698
continuation_blocks/control_p0.9_r06.csv,52788,5b7013abd1598e2f6f562b8c5baefda7bf30847019e6351960b140bbc5b9db79
continuation_blocks/control_p0.9_r07.csv,52895,246e9695ad5830c7f7fa0caca91a16d5d3c29bf4dcd95fc77fd858889d8cd636
continuation_blocks/control_p0.9_r08.csv,52612,1613cada043d9f5ea975b4613ddacf14e6848651d2717c3d4bc22aae0f542215
continuation_blocks/control_p0.9_r09.csv,52515,a0254192abfafc6d37d94b8c39bb83fa1b353c09fb082423673596d0e43631d8
continuation_blocks/control_p0.9_r10.csv,52057,6c48e48d7f2da03a1c939060e7a011082a45b77cd0581d11f1fb75e687c2b2fb
continuation_blocks/control_p0.9_r11.csv,53305,90b5729b12cf715ed7975be7cbaac6f6eec65c1bdfa16719d5787929fb37152e
continuation_blocks/control_p0.9_r12.csv,52802,35da5cce0dd9351be6d362eb0cb6dc080f9529793aa036dad4f8cf1de341c8f6
continuation_blocks/control_p0.9_r13.csv,52419,40017ea1366e222bb7e1d56b6960ffdcf7fa36202fd82322d6f91dfeca750a4d
continuation_blocks/control_p0.9_r14.csv,52892,098c4e5a67294cecb8e6345e59b5b661c4e26ff3feacee614b48edcbe06cdc8d
continuation_blocks/control_p0.9_r15.csv,52449,a51af83db677752f2dc61d8b97943c331560ec65a8fff18555467f186d2588be
continuation_blocks/control_p0.9_r16.csv,52931,392e21d1f753ee1681b242f6a1cfa385f8bef0e495ace0792de190bbdc03140d
continuation_blocks/control_p0.9_r17.csv,51985,0e4e641a4a5ebfbde9b893ef93106ba846e54f49de99fe5c4f4df55601f7ee7b
continuation_blocks/control_p0.9_r18.csv,52796,eafe9d48eee3a374c1499807e9f17d74f6204cb3aa0727ec8e909b779fafea6f
continuation_blocks/control_p0.9_r19.csv,53213,301706edc997b6a862e3d1ca4978e502ef147c1e1df387a5eb119f2de757be0a
continuation_blocks/control_p1.0_r00.csv,52780,04124c6e70692d9e2219380df4e7d4c1daad266dd930f54d4698de150d92342e
continuation_blocks/control_p1.0_r01.csv,52908,24b10d498b0fef13bbcae3d6a1c15d67756fd7d59e8e04bc2f21fa599fba1594
continuation_blocks/control_p1.0_r02.csv,53086,f602bbb8b0fdb88c2c483824d2d590d384d6be9754d611e195a02168bd63e652
continuation_blocks/control_p1.0_r03.csv,53380,56e3fa37dc85499d61a7b8989f342e0399f852c7159dded6ea8d9e3d08fec59a
continuation_blocks/control_p1.0_r04.csv,52524,36978ef7868bfb615353f3e0cde0e20813c220766a5b6f59822e0630c9c36a9a
continuation_blocks/control_p1.0_r05.csv,52277,70ff67db6425f640e8e6baa65d1ae05cf9cac9b44830aa16a00a66229b664347
continuation_blocks/control_p1.0_r06.csv,52598,c92352a003f1f452cae70ec7451f97ba0f67ba83d30767e54007891bd933a6ed
continuation_blocks/control_p1.0_r07.csv,52430,810f80d76e1e890b1917f2dd17626313a1fa86b7a3aacdbaee966dd638ce8df6
continuation_blocks/control_p1.0_r08.csv,52903,6618200457feff5295ee0afb96643946640d1d0b979fdeddd89df3ead8fbb4ec
continuation_blocks/control_p1.0_r09.csv,52778,548a08d1211626ff19f5a1cc5df884b65b08c273d6a0b1ecf670f5980dd9d23d
continuation_blocks/control_p1.0_r10.csv,52874,9b648aecbb2317c3a0ef0049d78b975ea81515a991d0810cb2f66aaf09979b48
continuation_blocks/control_p1.0_r11.csv,52738,a70bc20c2cf4c8131bc49f7ff2151f0fa107086525f4472a0b5085b13dd0ae16
continuation_blocks/control_p1.0_r12.csv,52675,cee2a692f02698ebae7478d26cc01549005b7ee44ef590a65876120aea04302c
continuation_blocks/control_p1.0_r13.csv,52668,b5038040a47a8a705a2ea57c8fedbb4fc721c7e5ebb8d522c8bb41b83cff985a
continuation_blocks/control_p1.0_r14.csv,52495,dfa27c7c066e14b50c6ea4141eaa8c238b965f5b82d9d10ac06c2a8a4a725a78
continuation_blocks/control_p1.0_r15.csv,52921,cd5dc39fd74ceb33b03acb284a0891e1dcf66ee245203504d35860be3093b3c3
continuation_blocks/control_p1.0_r16.csv,52681,00602042a4f4e4eb9f534c1f902dd51f5a3eafbbc4f8c3be357e0cf119dea645
continuation_blocks/control_p1.0_r17.csv,52890,b1360eef75d9a81f61ca5d9f972e5284a0bc2e2ce16394efe7cccf7a3ad0445d
continuation_blocks/control_p1.0_r18.csv,52779,3fcec8185ce8ac55dda54debb7be44248dbe554602f5f6d8f7d0f0f87f8d35ec
continuation_blocks/control_p1.0_r19.csv,52531,cc52327a7a251a79420a1dc762ac633715b2710b5cf854fe0cd0fe1312565c4e
continuation_blocks/selective_p0.1_r00.csv,52721,958c3d384721b1faa54109e18141c9259b773bc70ab9d4957b384db71ab101fb
continuation_blocks/selective_p0.1_r01.csv,52714,189f1423be48bf3b1453bc64d9482f3f29215f2c5821505c5e348e2c742c88f8
continuation_blocks/selective_p0.1_r02.csv,52738,a9e6f2d47e6122c0745c44ddeb85102824b9ca3bf4ba008d8fd83339c79be7f5
continuation_blocks/selective_p0.1_r03.csv,52772,cd91df42ba789e9200d7fe5f57cbde5940d7ecb439f9eb1a4ea749634cbf6cc0
continuation_blocks/selective_p0.1_r04.csv,52895,65c6507f7354926efc31edb3762e150232cd35943be0890ee158bde9fbb0e4c7
continuation_blocks/selective_p0.1_r05.csv,52984,82094205e9f339bdc18c2dcaa041b2e0667a0051e8ba248c30f46b3c1aebbe8b
continuation_blocks/selective_p0.1_r06.csv,52828,f9d897a956e1040c2b70442973218a26d82e8ad4946fb0c2ef16e4a725c8a31b
continuation_blocks/selective_p0.1_r07.csv,52849,fdd00f2af4cbba7c6f26ee51d2fa1d92f27f0f0cd1b2529f7c409c5b6fe6c956
continuation_blocks/selective_p0.1_r08.csv,52795,365547b8d47256f6480f5fdd0cba5735fd654c684e50a15d1b5dcf6df8e99199
continuation_blocks/selective_p0.1_r09.csv,52776,cc787a6a4d6f427feda528d2b21c617aef6682ca4c1ecd6ba06cef0129a659fa
continuation_blocks/selective_p0.1_r10.csv,52865,a53c4b4ce73d3a4275cf632af2acd232c97b88aa3d23c33a735fce882d9fc100
continuation_blocks/selective_p0.1_r11.csv,52826,54fce5fcd260c9f6b796d08e02816634556c12246e6d17ea260223416ec59afc
continuation_blocks/selective_p0.1_r12.csv,53023,7d3ef406265ad85ea57c81ec33bb1dface669d4e293a29ff45e6b19ac43bd84f
continuation_blocks/selective_p0.1_r13.csv,52937,53b01e178ce6bcb7bbaca99f51c8927a0aebce84f030119adbaa78a8f76d4dbe
continuation_blocks/selective_p0.1_r14.csv,52950,b74b10c4d897df92411b6b404627e9f21c25fe1438880bf8fc6f68ff8a5e0e4f
continuation_blocks/selective_p0.1_r15.csv,52856,db59c7f5ec86636d18b5f4cfd3f2d15dab491ed95612b4e54382710220a88e91
continuation_blocks/selective_p0.1_r16.csv,52936,f4e830cf94adfd9928d83b47cb53b548e062454c1dffc52ce3e9178c8eba64a4
continuation_blocks/selective_p0.1_r17.csv,52899,091504f5da3396493bbaff21a8781484d2dc84b97d268bb8aa0ce1c376e1ceab
continuation_blocks/selective_p0.1_r18.csv,52850,883c25c7e97f52b3034c69718393781d8cb23f0c0f69431c7fe1a0dcab6996f3
continuation_blocks/selective_p0.1_r19.csv,52901,f341463a93ef5c33cf9d02df917d7655acec69eea5796b6f8846b8ceda00792b
continuation_blocks/selective_p0.2_r00.csv,52889,47dfcbc6d71b77f3e4d539edcb919f86c7a078f2e66d2d6aa9b62f54f41fa19f
continuation_blocks/selective_p0.2_r01.csv,52795,81cb461596c7d5c38d768a78a6f8b86cd309791358e79296e15a6c9e27062d3d
continuation_blocks/selective_p0.2_r02.csv,52781,dc04723f22fd4ba6c2e93066a7cc616abd17571577738db724a1a144ec5669e9
continuation_blocks/selective_p0.2_r03.csv,52805,085db620bcd62f6d3a3ebf095dfd4d1e5ffce37fd98bbc2d71141f1af0eb4dfc
continuation_blocks/selective_p0.2_r04.csv,52756,be7a8e4b6266645f5a4296a751f033a0c5d53a872d42a6a9646bd5bce3407bb6
continuation_blocks/selective_p0.2_r05.csv,52943,156516976776ea1f3713c29f8cd26c47777c1e1a6d3f32508778793546752130
continuation_blocks/selective_p0.2_r06.csv,52927,55acae5b7c0a3230b60638290d58610c6893ea02542b0a3f5c857d4f6e709e0a
continuation_blocks/selective_p0.2_r07.csv,52916,a0275ae58d0ab5f776948d5c4ada40085d68e3c8efab6b10802264f52f5ca07f
continuation_blocks/selective_p0.2_r08.csv,52802,1a118ca035d4968ed5bdd8feeba85c7012ed745ca52cd6bafb57498ebe6ecdb8
continuation_blocks/selective_p0.2_r09.csv,52951,e66764285d73d4d22507851d4c94b7ff8de1a033dd64b146c7004a27427e55b0
continuation_blocks/selective_p0.2_r10.csv,52932,b4ad16415c7504a1575f942e8cf4cc001891e34a168522b4c621acdb9956e5e4
continuation_blocks/selective_p0.2_r11.csv,52924,6bb18b4273f183c433199f2c97df261393a8b69cf77e26a55baba2fa62124261
continuation_blocks/selective_p0.2_r12.csv,52980,4539e91dbb2bf5915e3f6fd007765835cf1ec46eadae7f58209ee4405a73cd40
continuation_blocks/selective_p0.2_r13.csv,52894,33a712d0bf185888b4921c973a0b863041f720df5d5ce6b83f01ac42f99eaf17
continuation_blocks/selective_p0.2_r14.csv,52926,90692cf5b8217c47f41dee74ec3d8f7fb3255c1766f66372d7f53bd04448c3f0
continuation_blocks/selective_p0.2_r15.csv,52948,a54f06ff9944618bbb26a54b9895ed0657b0e31ac14f22441697d74ba11d3746
continuation_blocks/selective_p0.2_r16.csv,52873,af3a46240826c845ba736dfb3d6185575883134a301d4b5a565276b3a2a9e725
continuation_blocks/selective_p0.2_r17.csv,52927,aec7793c5b0b911797e59bdb0fc4d395ae6fec0e814923bd4eadb1669f7060cb
continuation_blocks/selective_p0.2_r18.csv,52893,5a8c219c318b65828334d9484d5c8a05d74f5e02a39b754545f04655fc1724c2
continuation_blocks/selective_p0.2_r19.csv,52930,d967aab283681e15b34df5870d55d913794f62036f1eb8431f34cfa0d8d6155d
continuation_blocks/selective_p0.3_r00.csv,52877,3041a05ae25cd13d3ba8b1c2cc5ba806e013d25da66e8521583007700fc07c48
continuation_blocks/selective_p0.3_r01.csv,52758,e3a48414a6b3566ed96b5959ed17ef07bc6b1390e9038f712e2041c1c4de12d2
continuation_blocks/selective_p0.3_r02.csv,52775,7131958e233cf7c5acd7390a3251816d90537015ba798efbea1a222a037fdc71
continuation_blocks/selective_p0.3_r03.csv,52889,873a91857cc4d3f96b10d41ce461351aad91e780c7b1337988a5fb6854bf59b9
continuation_blocks/selective_p0.3_r04.csv,52902,4e0d925c55a6f35ea8134f3ffa878a250bdb617a50272f3179b890b31dd4a4f5
continuation_blocks/selective_p0.3_r05.csv,52845,ab22f1dc1bb1a0b9df051c4f4192677e789f880799fd48810e931531801f8171
continuation_blocks/selective_p0.3_r06.csv,52829,6dfb713f8a6fc1b36b04da39e2b5c301795d8ac805bdfa1383464a413aa6ed4f
continuation_blocks/selective_p0.3_r07.csv,52825,0608f2c7cc6bbedb3948087f5711a236d846f998b6aa7a3c1bd237776ae8205f
continuation_blocks/selective_p0.3_r08.csv,52862,1e479f0bbd879abf8084fd9b3f415a2d4e49ab420c238a174f8bd39886a05314
continuation_blocks/selective_p0.3_r09.csv,52958,16988f99d74bc018f400d602fc189d74c1c44bbf186b4c70f7751099a4a8284b
continuation_blocks/selective_p0.3_r10.csv,52930,d9c1dc171e2231df095744d2c61a1648942916348f7f1a6b191dc7606c9e462c
continuation_blocks/selective_p0.3_r11.csv,52864,4aeda28e74f4061020b19517d5c632f18ddc94d8936f3a834a1afc3a4e3b64b3
continuation_blocks/selective_p0.3_r12.csv,52815,f1716c66287d026f9cd02eed1f32ad8503fd42f8646f56354ed785e7102e8a3e
continuation_blocks/selective_p0.3_r13.csv,52876,f26f9ddd5c52c3da9904898790e6b508ea0e805ce21e67cb8ec2023bddec8b66
continuation_blocks/selective_p0.3_r14.csv,52865,a7f04d68d2ff99a0c7f440986560e3269d99b931a4f4fd69d3198efda431e001
continuation_blocks/selective_p0.3_r15.csv,52825,03f7fee733cd73012c308f7aca468fc342b1b12ba766aece97ba5bf8adb8d96e
continuation_blocks/selective_p0.3_r16.csv,52875,44b229f3cea59c43cd2eccb29fa07b84ab7593b2a62913e6a419be1903213989
continuation_blocks/selective_p0.3_r17.csv,52796,39487be9670546e9492ce18650488f571a76fd8ac25c573219fb0bed59583920
continuation_blocks/selective_p0.3_r18.csv,52967,eaf38ebf8a04e9d9ed098ac7ea0987a27faee22c77f7f1dca6bd769fb3d86a90
continuation_blocks/selective_p0.3_r19.csv,52960,92c3b9dc2b136d32bc8344d0cf638fad4eb894bd5d36ba32ac41e943e2dab5f1
continuation_blocks/selective_p0.4_r00.csv,52787,1e2dd3739545c185fff5db17cde5cb4a3a3c1ed2c07b14a3b68f4b93fa2e3185
continuation_blocks/selective_p0.4_r01.csv,52919,fdadcf27fdd1a52fd209e21388210674063419103c337a60837fca6439fbdf3e
continuation_blocks/selective_p0.4_r02.csv,53011,58582874e47ad3cb0af7575ac3c46b79df3bedc7b2fb62603bcb338b42352f43
continuation_blocks/selective_p0.4_r03.csv,52746,aaad29a78c262f38342799300d03dfa40114b11b6b2565d4dedebe0338035c9b
continuation_blocks/selective_p0.4_r04.csv,52841,4ed712493036e3f014008d27ff8d4ff235f310814b0ac589b3d40337a2bc3d05
continuation_blocks/selective_p0.4_r05.csv,52930,2183c6e2305079884d62b3ded128b5ddaa36f50b291907ab44cbe9eff00c916e
continuation_blocks/selective_p0.4_r06.csv,52841,d1e03576b825152fe506084d6e625bbf75cfead88cdec20ce7371ba60a5337fe
continuation_blocks/selective_p0.4_r07.csv,52835,422add02d61269e349e6cb043bc094073c189547237a77af6c949cda5018cf1e
continuation_blocks/selective_p0.4_r08.csv,52836,e714cadfaaf2fc8c862c159275a2f92fd2227f3f71268c2298b0e8725ae45c98
continuation_blocks/selective_p0.4_r09.csv,52860,8f4e887ffb6bee4b116d76d99a02f6fb5304fa0e7b3c58ada67b0ddc46ab9690
continuation_blocks/selective_p0.4_r10.csv,52934,f1d37260aa9b5ef73e347c963ebf68ba3aed997a38166e1e16a10bcb30a20345
continuation_blocks/selective_p0.4_r11.csv,52925,bbfd5d5b835b487fd941fefd608121a8f0da414c14f857865ab8699b4eaafe16
continuation_blocks/selective_p0.4_r12.csv,52915,bcb65906d8eb37e9a2ac9284e9ae69616c5f2bc1855135169271f9b2a4e6db7c
continuation_blocks/selective_p0.4_r13.csv,52644,6a5f5c07e4ff8a6d72c7db761635f04e9eaf160d8768ebcd87751e5b6177a7ea
continuation_blocks/selective_p0.4_r14.csv,52969,3f869057b06d086147d1810fd50af6a7d10c31f4c2c86c25696a065b6f5e0354
continuation_blocks/selective_p0.4_r15.csv,52928,aa81af6c76da4f1b32731cfbb98edcbcf63a38f292c93741fe6908367366d049
continuation_blocks/selective_p0.4_r16.csv,52819,438b384a2bfe76eeccaa9360618fa19b7a28100b5e7337f2a7f95cb262a3b6e6
continuation_blocks/selective_p0.4_r17.csv,52868,df140cb4276c401f5f664418d73f4a36079377e2dd5067849473f3701768b6c4
continuation_blocks/selective_p0.4_r18.csv,52795,0f6b3346b5c52e56c044f0077598c92e4c793d4a196a81a35dcdeccd3d347b0b
continuation_blocks/selective_p0.4_r19.csv,52930,49eaa7e79d953669d645c7cd49ea8159e76e3dbe74de3882737170ce51cd091b
continuation_blocks/selective_p0.5_r00.csv,52827,5d6b341d6dfaea624cbace0e42a3872a8095ffc5842a4b2f41d9b034f46704fd
continuation_blocks/selective_p0.5_r01.csv,52878,c66f8d5aba6d7b13ce1343f7535401a2b3aba1ca54bb857d13344cebdf230074
continuation_blocks/selective_p0.5_r02.csv,52709,604c5d4d43cc4b5f68ef172a46cfbc664f257294dbf2956392db940afca558db
continuation_blocks/selective_p0.5_r03.csv,52894,c8e5f2f7357a4c899bd1ebe7e891f479a31016130b96eeb364e26e6fe6156693
continuation_blocks/selective_p0.5_r04.csv,52717,cdefbcd654e388c3228f19b7eb7d357aaf33a5452be8626267811f1236236c83
continuation_blocks/selective_p0.5_r05.csv,52866,75d5e3c7219d1723471207c907ff64638d4454c56a1f4797a772cc602c144673
continuation_blocks/selective_p0.5_r06.csv,52775,2b3548c4447ee4466835d92b08323fec2e12d0b6586ddde4a6016854dabfb168
continuation_blocks/selective_p0.5_r07.csv,52708,fb4c0fe543a88d83d023a94eed5fdc9b81a7894491064f8d0f5494414496333d
continuation_blocks/selective_p0.5_r08.csv,52824,979d3738dd0fdac8a234a16d5a4bcedd88161a29aad60c206ccba3bd9046dfda
continuation_blocks/selective_p0.5_r09.csv,53026,6c352d81ca42c3e4c75ed1cbc5ad74be720d9c8b77904db560f6c2de472b7177
continuation_blocks/selective_p0.5_r10.csv,52946,795b1e56d15d3ccef1a61b6cac55125cc3b46932b20adfe93e8c05ddd09a1a84
continuation_blocks/selective_p0.5_r11.csv,53041,9ca4cf62dfeaa09d0b2c0ed49f301ff0b2e6a3a16cbe0c39da638d5087daa90a
continuation_blocks/selective_p0.5_r12.csv,52935,21a85c7774b7e01f7f3ab3dad953e003a0b1cb57b6791c46f14d21a969727fe9
continuation_blocks/selective_p0.5_r13.csv,52867,3add2c67ed9eae353af7b984f4c88aa5850b699de9b8fd8e96033a9cf8f4be3c
continuation_blocks/selective_p0.5_r14.csv,52841,01c8bac3247dda6ce045490212e3fb7c66d5dade004b5cf056f9cc484a7812e6
continuation_blocks/selective_p0.5_r15.csv,52905,1184e4a5585f0a38fb90035221b958f426e66c8bcda8e19d76b78d97edb50672
continuation_blocks/selective_p0.5_r16.csv,52811,1e70c23feb48f05275904c02198e78feac019396ae687d6f6af38c5caede7bc6
continuation_blocks/selective_p0.5_r17.csv,52861,74f47549f6c213bbb05919078a8933df9d0534e16040fce43ac2e65832263332
continuation_blocks/selective_p0.5_r18.csv,52878,90ace446d026d0a45f0517738baac3388310ae0b66d40161490d189ff1f1c11e
continuation_blocks/selective_p0.5_r19.csv,52956,240c272a5bd06c94852b09c12b1caaed10d314769346e1acd8e34b87c1039557
continuation_blocks/selective_p0.6_r00.csv,52955,ba0a5721afeab8d50ea24999afddf3110fab7ad9e0ab34f3aa736db54fcaca74
continuation_blocks/selective_p0.6_r01.csv,52694,83fd0a6e0e50feb005179edc7f8df7e48ef2fc796dae729a76114084a92ebc5a
continuation_blocks/selective_p0.6_r02.csv,52872,c19ebb746ae1915939bd5af38f4bdd701b646aaad3ee60c7ffea707b85cac364
continuation_blocks/selective_p0.6_r03.csv,52917,027eb9d28edd37852cee81cb7e06e4513becee5f0a677fafdbc933424a07b941
continuation_blocks/selective_p0.6_r04.csv,52935,038299f6a5c988d393600c94173f5fb5d649694d8397438f903840112147261a
continuation_blocks/selective_p0.6_r05.csv,52911,044a335cb6a44c3a8c721315269554609a1c66a5229834acdf0f07bfc00a837d
continuation_blocks/selective_p0.6_r06.csv,52807,bcf9f667f3f76614764ce2393aa6a5483050c3e613102eb7fccde4f418dc7f23
continuation_blocks/selective_p0.6_r07.csv,52820,e426bca4228421bb85eb3f26300ae4472bf27f4b2ae4cdc5327dbf057fd9bea1
continuation_blocks/selective_p0.6_r08.csv,52796,548d141ac8cf576e47d29ba281ce71747514c98e6a40acb8443d2a265658e785
continuation_blocks/selective_p0.6_r09.csv,52831,4fdf6daee14c9afa14adfb99bfd37c01a4d70184db2f11dab6878047a65c4e92
continuation_blocks/selective_p0.6_r10.csv,52993,40bc1d9a2029ad156e4e4592ab63134c9529898140460666ace7b3c8bcc2aeb3
continuation_blocks/selective_p0.6_r11.csv,52872,a326710211ba1b4d764f4646fe83149707c69a734b2b23e15edda904a2a76d41
continuation_blocks/selective_p0.6_r12.csv,52881,791f0bb5914252a6a87d3dcc4f06bc8970a0f1aa5edc31253254313ecd0927b0
continuation_blocks/selective_p0.6_r13.csv,52925,5b46db0556f272734b21e67e2e8730c1a458b6ddf3c2b1bd5f8e43290de7b0a2
continuation_blocks/selective_p0.6_r14.csv,52919,da71a6e3ff699a0eb87669aac182cf4c102d795a8bd755b291dc8f461b3ca0b9
continuation_blocks/selective_p0.6_r15.csv,52834,2d89f17c3a44727c718d2f3652c056a1616cdb6d17ab33ab95cddbde2a5eaf4f
continuation_blocks/selective_p0.6_r16.csv,52815,6e5f88616bff53eddec7de6c45bd4f8580553d1d082cfc64d9e6ef89e119cca2
continuation_blocks/selective_p0.6_r17.csv,52967,e145125789cd2971f0274f15e632161b6f48d91586dfc8cf7e90c376be93cc3f
continuation_blocks/selective_p0.6_r18.csv,52925,6f0dbe7313532bfac833b782a6147ce3b592a2d4448e5648cf383a6247d5e77e
continuation_blocks/selective_p0.6_r19.csv,53083,2e1281f678acd698047d88ba6e1419ef419218a87b9771cd5365cc88d0933d1f
continuation_blocks/selective_p0.7_r00.csv,52834,ff913a0e45613ac5ed9d0ac37f24f4f38f3e6c94d356d16ee2a6425903e8168f
continuation_blocks/selective_p0.7_r01.csv,52964,fa0d9fd23ad17cbbbc23a366fd7dfc026de67de19cb7e16104f2e4a325b0791a
continuation_blocks/selective_p0.7_r02.csv,52857,f64f2cde433b8549b0c43c5f5840cc2cb96b08d5d2b3ac9cfba9f562c373cec7
continuation_blocks/selective_p0.7_r03.csv,52768,d6ebcbd893c9f4260fcfeb1c3bac72e4c37686f74dc09399590bffbbe1d6b850
continuation_blocks/selective_p0.7_r04.csv,53021,03b09edb2aa50be0a4d082b034045eee4554763036bb80171d6a2184fa2e8c0d
continuation_blocks/selective_p0.7_r05.csv,52871,14a3830ba420eeb605152e79f97a56ceb92de0b024fe48fe47c45732d1c03bb9
continuation_blocks/selective_p0.7_r06.csv,52883,9bed1dff2b6ea57393835df92af2cb464740c8db5045a4966e4b60513cbdc90c
continuation_blocks/selective_p0.7_r07.csv,52924,40844bc928a5db768a5d1bc1568f1c8ebbd94265c438e6f524581e14d4974bb3
continuation_blocks/selective_p0.7_r08.csv,52705,b7907c27a49b9db41d05074a39d7992c2bc8c5f95de8c9f02881b05f8f0007c4
continuation_blocks/selective_p0.7_r09.csv,52835,36323265d9d10d369a008b961ae7c3d9dc43b5b907022100d857cba8f904a895
continuation_blocks/selective_p0.7_r10.csv,53066,7213973dd1729e5faaa70060ce40f8bc0d69ec5719a254e557adae054213e2f7
continuation_blocks/selective_p0.7_r11.csv,52932,0e133ca85aac482835fcadb2f2e712abf163684669255f53a90717f247acac4d
continuation_blocks/selective_p0.7_r12.csv,52743,093ecce2e001d2f67864ba6dafa3205c4d81906047041c1aebe6939dd92142eb
continuation_blocks/selective_p0.7_r13.csv,52669,f98623422c0afb7111bc6d7033cd35b4f3140d2d29e658f2ab315242124eca0e
continuation_blocks/selective_p0.7_r14.csv,52831,fa36e5927e5e36821598e2406e9998bcf8a6a70d35b3c43c19893bd26db3d020
continuation_blocks/selective_p0.7_r15.csv,52925,b8f08f5376f266080338448a00744827ac1b447de81b465c574a65162a85a890
continuation_blocks/selective_p0.7_r16.csv,52997,fd35f022b613524470412db38d85049ca5f79e373ace917777f64b9ddb8b1b28
continuation_blocks/selective_p0.7_r17.csv,53007,dfbccb657dd94d22e697d85b0da97018d70c5eb875a45d9c58aaa42d8d5a5260
continuation_blocks/selective_p0.7_r18.csv,52881,bb7d532cc35ba0a91af31ab52f8ba02be1f80ffa84cdcce3b2570848bf0548d7
continuation_blocks/selective_p0.7_r19.csv,52757,1e2adc613b5dca9e1a8383375413014822cbf73284df01314427735fca8538e9
continuation_blocks/selective_p0.8_r00.csv,52824,399f89a5c5f913ca02048c1c3659235e779f7ce888ffe2e13ab94faf302720f4
continuation_blocks/selective_p0.8_r01.csv,52780,161d1fd24f0cf17656d95a9600093423eb401acb88980c7aebc436a694d47743
continuation_blocks/selective_p0.8_r02.csv,52946,344c12e4b8e2610e9e57a8b554f0cfe63d22dffac923c24b3e17dd6698d39f63
continuation_blocks/selective_p0.8_r03.csv,52948,dcffebfcffc470ff5fd52509da3ab5ebdee9bafa32716d20aff7147182d4a237
continuation_blocks/selective_p0.8_r04.csv,52838,a869a9748603da6413f9c7fdc5fe3ce09fa30f5fa0d5fd1a0e5b44e3e0d28941
continuation_blocks/selective_p0.8_r05.csv,53049,83e9f8d55eb6b4868e8c1c44deca71a51fe8efcaee666ef6efdfff61a1ab977e
continuation_blocks/selective_p0.8_r06.csv,52789,f40a786555dcfeedcb80da6253d02fd036aa20b1b889efb0750e07883ddfb5ca
continuation_blocks/selective_p0.8_r07.csv,52884,e2f89eff106867245b5e6a873421a762d797a866d4335b5a5ff95ff18667878f
continuation_blocks/selective_p0.8_r08.csv,52924,c7fd1c3a38f5cad777c7e25de9b54f986b122927a799592dbb3bf99acc458f04
continuation_blocks/selective_p0.8_r09.csv,52737,20f546d70ac60683b443b92d0eef4eae62bbe9e71ff990bdafd44992fba2943f
continuation_blocks/selective_p0.8_r10.csv,52982,4fce26b88a7c007a7a268a55075dca4dfa1e5069aa58d236fdfca01b5b8ffb7d
continuation_blocks/selective_p0.8_r11.csv,52834,7562b51053b778ef5ffc0aaccb0fbb9c38437a331faed7794611b62e0f9444cc
continuation_blocks/selective_p0.8_r12.csv,52885,5e24691d168bcd5ed8d69ab9964b6c39790072cc2220fdf9f218c79b8c20df76
continuation_blocks/selective_p0.8_r13.csv,52925,ffc6c32f7bee5d2ab757428537db48eb6fedb74251cea47a995a6b5512064890
continuation_blocks/selective_p0.8_r14.csv,52934,d2b1f4f26a55c6560fd4f2195279f9d5a9504c6b6bd4fad8a8d72a9c652edab7
continuation_blocks/selective_p0.8_r15.csv,52891,a12344a86d12cb35bee6578604ced9e8e60abe72f7a71027dd085d30800f0639
continuation_blocks/selective_p0.8_r16.csv,52949,4e9a048857f5b98c87814050952f36f3443e07960659600f392d6ea8410d2c22
continuation_blocks/selective_p0.8_r17.csv,52923,079ffb49404b29ef941155219c3dac38c13fca7f1d36daa683654e6bc4e441ae
continuation_blocks/selective_p0.8_r18.csv,52931,aeeb0711f022a5e22cf2fe1459352c9b475275fb10cfa9c6371cffbb0a33b4d3
continuation_blocks/selective_p0.8_r19.csv,52839,42dfb858fa90ad0591d914cea1aeb1b072a22140f21960054b71b619f5c91d02
continuation_blocks/selective_p0.9_r00.csv,52765,dd72e098c30ece64fa9732e7c4516f9b0b565c76fa7b98ff518076607c0e3387
continuation_blocks/selective_p0.9_r01.csv,52852,98201639e57b4f6c825169ea807cb32fdb75d27f281a7ffdde35c50eeec03445
continuation_blocks/selective_p0.9_r02.csv,52835,aa7dffcecebcf856b6724a541edde8bf2820f6cc48e7d54e05f286c5d6335bb4
continuation_blocks/selective_p0.9_r03.csv,52878,492c6ea49d143f0ba82f0d997b9b028a7b76709c4f30a031107465c742d436f9
continuation_blocks/selective_p0.9_r04.csv,52816,cb245b730fc215259138fa75c895be4a66c0dcfd1fe4891cb01d937a29ea9c2a
continuation_blocks/selective_p0.9_r05.csv,52923,7acff20638512eebe839cdee5e83176bb6ff62c1dd016568ef4e678c61bdb46a
continuation_blocks/selective_p0.9_r06.csv,52832,34528e9b8b6c4b0f149a01cd8578ef5e36e298005ac2d03125b6e3eaa87b3c9f
continuation_blocks/selective_p0.9_r07.csv,52775,be443aadd5bb886d1bac34482a5cdf833d97d4456c1dc8a4c6c1a6a7dbd8d334
continuation_blocks/selective_p0.9_r08.csv,52731,34aaf2a71cecb0493ca640015294cdc865381ba28bd26143478d523f1fa6c96d
continuation_blocks/selective_p0.9_r09.csv,52932,e0aef85e8c7df809062fda2492c02a399cc245af3870cf500ebf89b0c30d53de
continuation_blocks/selective_p0.9_r10.csv,52835,217d1bee1788236bad43a07ab6822739b6eaa4c7ab2686f6b882c5ddb00a52a2
continuation_blocks/selective_p0.9_r11.csv,52926,7e70285361f662dab420941cb836c9ced2edeb3a66d4fd4b692dd1b7f8875ae0
continuation_blocks/selective_p0.9_r12.csv,52833,f97194e81e0a5c6e25d5c3c511fae96503aa97dec7be2955151a25fd20af8bc0
continuation_blocks/selective_p0.9_r13.csv,52957,2effbb606a4bc0cc03f6a7e3e43f423ea16c14ce7f907b69d25e315b1700ae9d
continuation_blocks/selective_p0.9_r14.csv,52854,77468128279cc740094adfbd27f0b5e599833c3aea130322c797216b75806224
continuation_blocks/selective_p0.9_r15.csv,52878,5b457a032a297a7fef395ae1be91fb6ff287864b4b50cb3e6437fe8079cf3100
continuation_blocks/selective_p0.9_r16.csv,52803,24b00ba96893bb2588a8c850230a12d03ceadc1316c715d5c2cab29437fd2060
continuation_blocks/selective_p0.9_r17.csv,52815,5e1e1132b705956a12d38ea6fe8691982f37cc81ee07e0fc0b975188a743a523
continuation_blocks/selective_p0.9_r18.csv,53002,26fed5c52ac74322e08a0206e93bcc7d1a6abe566ba3afc1e6c17e53f1e79915
continuation_blocks/selective_p0.9_r19.csv,52987,4bab8c31c207455d7c44d0c55c077bae4c62193b8f1c16e26a40a2fe8d7381ab
continuation_blocks/selective_p1.0_r00.csv,52732,9256a1fc8c0093a1c6e6f1875d857a96c60fa933d90360749c2e2b7e33946cf1
continuation_blocks/selective_p1.0_r01.csv,52790,6ba496b20524c081c57a4a091728df99c981d37f731f53d09315014443d649de
continuation_blocks/selective_p1.0_r02.csv,52816,59b3bc76d8f1583e479edfff7a5404b796b3a32c100eb70ed824ecc030605609
continuation_blocks/selective_p1.0_r03.csv,52831,a23d3709196be0887c814d96bb433a222220af8c88c5d81eadc5f0dceb4df572
continuation_blocks/selective_p1.0_r04.csv,52761,58141a41ea17261ed68c55e01ac770b09da3ff7df41756d4d9b4175649b78c16
continuation_blocks/selective_p1.0_r05.csv,52934,b158e73abd4247ca1d12f32cc4266b766103472c99d6f2837f7c8439a2bb7e18
continuation_blocks/selective_p1.0_r06.csv,52726,5812a110b1540ac59aa25ed4b1ee43997651cbda3b176041d7fa621ec7b268b9
continuation_blocks/selective_p1.0_r07.csv,52831,8b0ce95a39d24745be5d4d0046d573922f4dc2a4716104ec494dd542e2bf4a2b
continuation_blocks/selective_p1.0_r08.csv,52834,de78e01e2399c215f207950b20833dfd3e567f60cc49d7f823b985e4af86206b
continuation_blocks/selective_p1.0_r09.csv,52802,1d983934c6392adfd2dc398f37cc98ffc0983bbd530d9e38222d249859853c0d
continuation_blocks/selective_p1.0_r10.csv,52752,694f6986eba20490d0c906c4459685efb8daff6782866294a35d66d66fa61d0a
continuation_blocks/selective_p1.0_r11.csv,52953,e4b6f1a7704dac6251f3fe6ceb2ed3a9bbc97a78dcce205047fd7b4d1a0c46a4
continuation_blocks/selective_p1.0_r12.csv,52974,0e953dcfdddac83b57b81ce1d26760169bef300a8760a6076a7a75a236c78b27
continuation_blocks/selective_p1.0_r13.csv,52897,36fdfdb3b0fae386ea94db0a7bd7c81e65e7f146bef52ba0728c7be3d6699faa
continuation_blocks/selective_p1.0_r14.csv,52944,6920350d3b3df779841f54c593ac0c9921e4c0034b8a83f5885473b3ced23caa
continuation_blocks/selective_p1.0_r15.csv,52830,15a2db9c8d43939d47630217b3db425c2b12343f7ae2bfe51f639f7951d8684b
continuation_blocks/selective_p1.0_r16.csv,52842,28da6fccce6788dd9ab52a356244da510aa85cf553b5eaff913df34ea47072bf
continuation_blocks/selective_p1.0_r17.csv,52679,59485ce9dc3c9ff63ffb98474127ebd295b91d61fe6ddd3e964d9199da4dd9c7
continuation_blocks/selective_p1.0_r18.csv,52965,1b3c13be15e2bc3fef9e132ca0ead5d3bc72e0c88ae126e2cf6e39c0282c29bb
continuation_blocks/selective_p1.0_r19.csv,52905,695190183652943cb696f06d877fd7caf4db65be1482d59ed80788d4e31991de
continuation_level_results.csv,20891498,9d0157ad1deffc4e54ed3aa0b8813c6fdc6d9d1e0e60922d9fd7c09a26061af2
continuation_seed_ledger.csv,4329334,38db45ccedffc0ed2ab7fac0f2a4df0490b88ab8afe317d71d999fcdcab617da
map_level_nested_summary.csv,2948425,dd721d250966d084232f895aa687b53ac81ef0bc197b2e7e59d5d799d118ed06
maps/grouping_assignments.npz,34123,4932a37393af9ee3e08dc9e6e33047a49a57ea0d729cfa8965cff14310537d0f
maps/grouping_map_manifest.csv,6202,c4f8870d5fa27ff7fc6e352620414f583d1ffd0af1f1acca8d22611f0d4c538c
phase4_settings.json,257,588859d615948b3dccdab16f43b0ca0b1363487812df43682d4ee9cde4570947
replicate_frontier_summary.csv,89119,1fd0f6e72067d7dc303461df12930ecf3371ff2c0dd6d7253e1fabd6a00ef06a
replicate_frontiers.csv,4078503,d81a1d41d18546afc40717dc7beeedb4f6bf826d39fa4ede912ca1b57abf2f5c
replicate_level_permutation_results.csv,5290,56034f50d4800aeb1054147bfdce0ff6915b1c60e1d894de55eeca8d023373c5
states/control/p0.1/rep_00.npz,81746,c1174bc6c86d9621c2350e0a70c0cea968938c721656d1f9b31dd67678edb7cc
states/control/p0.1/rep_00.rng.json,691,511217b63276361ed27e8b7cf275d46d946b94076b2f1ff859c59315a7c29ad8
states/control/p0.1/rep_01.npz,81661,d1262dc432065859387fb3857a8df0dd7f9cc5f61e74624a9abf9bf4ce21ae1e
states/control/p0.1/rep_01.rng.json,694,4c3d430a51705583d17863cb07a3c8a7248066652f251f9d16d16440ce0d2f8c
states/control/p0.1/rep_02.npz,81818,e41092b81200c1dc1f6090c1b754f331dec1181ee0317b5ae3d748239d63de69
states/control/p0.1/rep_02.rng.json,692,03f080ddbbbff3cb7f9a14373798f0977d9199c5821b02b014f2b4b2c5c46d4e
states/control/p0.1/rep_03.npz,81986,6748b9f0cf98c486b75a883af8d21332a06c2eb37ba1460ee149e99961a5134a
states/control/p0.1/rep_03.rng.json,693,8c313c697dad850dc25672a07137b7937f73b9ebdbfc1a982775638c43f0042a
states/control/p0.1/rep_04.npz,81645,e2c3374efe429e2205fbba6e7f4a2c938dd524f7ed2d680d2956ebcf9f56da3c
states/control/p0.1/rep_04.rng.json,694,ff5cbebb85edbe3475d96df7427794e762a873f6d4cac78ea18edb9fe7abbd97
states/control/p0.1/rep_05.npz,81818,db69ebe32a8f7515278db8a9a22b4b3c3e2a0465e533501b718dbd9154067bec
states/control/p0.1/rep_05.rng.json,692,520d152d7864037fc1c8300fbbb8cadd9472e9195c7d8846fe4c478a9337dcb1
states/control/p0.1/rep_06.npz,81709,adb3e2a9accfce7078321183a7cbcbbb4751bc0e9509bba3e4c5eb7cb45520bd
states/control/p0.1/rep_06.rng.json,693,7621b3ffe062b6c11da3a229dab1a050c855a0c3ed023233e9a240fd656d6a85
states/control/p0.1/rep_07.npz,81907,6e33f41dc6948d6ad78229c6c3599ed1945d4879eb626c18848ef17856c087d2
states/control/p0.1/rep_07.rng.json,692,47fb0398e2c212fc8fc0bc4f7cfa531103079c8dd7f474e4f54168afcd89fac2
states/control/p0.1/rep_08.npz,81466,9b5a1da2945db1d7d9c32fdea782be415f2bda447b9f55b8db49fe6f0fe87421
states/control/p0.1/rep_08.rng.json,692,d3375e9144774c1a7331d1e2d82852edef0437251fe4f6940223ba952120036e
states/control/p0.1/rep_09.npz,81531,8e790643f97ee1c5c9f6c13163012252fcea2e952390563175b3ac27dd8755a7
states/control/p0.1/rep_09.rng.json,691,d7d3e4da2a20cae67e0e2931bb4f9b4c521bcf7147268d47294a90a9a8f90164
states/control/p0.1/rep_10.npz,81752,3e7ed5c18fe220ce7ef6db71cc9bdfdceefde1a4c88c0f80a3930e282c760612
states/control/p0.1/rep_10.rng.json,691,ff6e01ca71788a568fb274dee48b7175c1ed18d93b7b52f08293f4be2bd704c2
states/control/p0.1/rep_11.npz,81826,e731ce86fcece362df6be8db5b0b14e565a1fd3accff032bfa16ece87be44d85
states/control/p0.1/rep_11.rng.json,690,6d9cf8e9137a4f346581c1f068e07f2309ebe85b2d3673dde6a7b2b9ed326226
states/control/p0.1/rep_12.npz,81598,52e9e172719a5ca4ed9ff07ed7d36429116cbbf25900d04493420d6d6481e598
states/control/p0.1/rep_12.rng.json,693,159c9441690f132bf87e453cc4fe1804c3664eb7ca186193831fae920bf8680d
states/control/p0.1/rep_13.npz,81949,ae518fe025af02f49616a6c5bd41a9731030d430f5614136438701a06c44d9ca
states/control/p0.1/rep_13.rng.json,692,ec6e1de6f8ff939bc8633509132226cabdd3f4d1fb1bc024a972ae84ff44a3ff
states/control/p0.1/rep_14.npz,81885,472e9ab1e98eb88a4ec2b59f6e96dfe9cea830bf4fb5d7364081c40d78ca528c
states/control/p0.1/rep_14.rng.json,692,48b546c0d64bf0269b8afe852a9fc3995b19f59565b1093e9c2ddaa084e379bf
states/control/p0.1/rep_15.npz,81663,c42ca90db10989fbfca8f3020984bf2638e3b9eedd895b0850c7e821ecc815f9
states/control/p0.1/rep_15.rng.json,694,4590193c430494ae45fa2acd7759b1cc077fc0bf0cdc43347da8e25b6a46deaa
states/control/p0.1/rep_16.npz,81861,c04242b20cbd52a8b716b60b48f518437e5ba0976ff73e82be50589f9f51487c
states/control/p0.1/rep_16.rng.json,694,90ae2770f847cc913da75bfc2de5539e7c02624cdbbcfba1a2f04d5d4a7030c2
states/control/p0.1/rep_17.npz,81947,ef2a95bb65d6fe270168801bb1c567e7495bd54e7c19016e994cfb9cf818fbbb
states/control/p0.1/rep_17.rng.json,692,0d426e1c887389fca9948436273087f69fe926a7e0578558b1470a33cd395056
states/control/p0.1/rep_18.npz,81780,10aedfee998d0714f9233c56e9fc6c44492f47fd7aa77e54092fc72ca051ab58
states/control/p0.1/rep_18.rng.json,693,338ffbd7ae211e4d1b4eceab77b787a354ee134fbaf0783222913b7478ea32ef
states/control/p0.1/rep_19.npz,81715,94b4e406c6a6a402558fcae61d861d6233cd369b498353668f4331b188336b6e
states/control/p0.1/rep_19.rng.json,693,a0d7716b57c495e47f0e69ea21eda208e273750746c90e2e55c308d866c7fd6b
states/control/p0.2/rep_00.npz,81181,69f5db9814bc44c1f0781ef3b17b00edafc380c91f25a24b6d7a2c8710c02559
states/control/p0.2/rep_00.rng.json,694,08f611b24a52bbb6e357c4729c982b441cef93269fddab5537fe4b3fd49a458a
states/control/p0.2/rep_01.npz,80597,8721d5d9769100fcea3fc5a7562e9d290b3343db37a89a16ab7bbcca2f20f25a
states/control/p0.2/rep_01.rng.json,694,535bf1f93e0f9fe12f4d4bc830c57d6d0740716daca26d6a86f7b9e13ebc0c4d
states/control/p0.2/rep_02.npz,80903,9b0b8416961c3029ec7f702461f5a58353386dab61dfd7073d14086cdc6a7ff6
states/control/p0.2/rep_02.rng.json,693,4a364875ffa0c785870d08ef116e4809d641f295420ae89a8cac1740f79e4621
states/control/p0.2/rep_03.npz,81241,41559fe635f9dbe21dae177c7202383e649d0b177323b0cf7a8d34453eacb417
states/control/p0.2/rep_03.rng.json,691,1202c020398575c883b3cc2f020b2f5235234344441873fde23b5fc14c5b8ef4
states/control/p0.2/rep_04.npz,81397,155ca9b220f1591a92c5914d7aadfda6098fcfa688dc99f684ec768cb7c70628
states/control/p0.2/rep_04.rng.json,692,cd789b99fb85a5605073e18321a34f752358d6c1e1bbb24e4d22f2bd40f4d221
states/control/p0.2/rep_05.npz,81053,648fe6cf446355ea7b257d145bfe0a9ecc65baad594d0cbffe8e98f1c91b7f47
states/control/p0.2/rep_05.rng.json,692,f0ab34dffafe33312c7035671dd45546daabf4d92e961337d428278596836ff6
states/control/p0.2/rep_06.npz,81227,1e6d1078bd444bb738ee684b1b367bed65fec13fdd92393a04f5e1c5ce714606
states/control/p0.2/rep_06.rng.json,694,842be939f1a6907f888ade58ef9a68b044a59a98b6256a64c972e14814d76c34
states/control/p0.2/rep_07.npz,81525,15e49b142439c0b2e9c5f0a9fac3aa7fb24423889eeea30b2d1b9aa132d21937
states/control/p0.2/rep_07.rng.json,694,716ed18f08ba8e10df4897013ce4b5f0d388c1bb30badedd0e41f37292d0a6ad
states/control/p0.2/rep_08.npz,81023,b811f24ec1ee148439c9489a75e71ef3f1c95c47395ee41aba21d2d864d28986
states/control/p0.2/rep_08.rng.json,691,b1dbc7052fc6f512978d81a4aad17fb5b0f09c14af60cde95bcda137bb20fa78
states/control/p0.2/rep_09.npz,81207,6c9b17a69032e3267ae94fdec2662a09b28b657dccfbc256f55789120734e606
states/control/p0.2/rep_09.rng.json,692,e3910d80e783a87ecca3fd4dc4bce170114de96e46b4909308f15855c467a966
states/control/p0.2/rep_10.npz,80998,e635ad9ec3f19b7db46abc2bd862ae9518cfd52e8ccc5d64d7fb7e91e761d293
states/control/p0.2/rep_10.rng.json,691,f78f3398059ce828701c39422a86f5e5312c0258d49f7f560d67e44ea897c64e
states/control/p0.2/rep_11.npz,80549,12a10f881d0ab400282c7faa1eba70860d16994c440c67b8b70f43f4d09f5a55
states/control/p0.2/rep_11.rng.json,691,5e66712370bb9c022fa3e4ca6bb340ca988002396a6a04fdc74187fa24c1f7c8
states/control/p0.2/rep_12.npz,81320,a9d0c5c2dcc0ba0275f374809bf97ca74fcac8cec6b9ed76a14628adca7256f8
states/control/p0.2/rep_12.rng.json,692,9f1d105ce4bddbdedb99091be6c975be4f8833621bb1099ca7193eb440352302
states/control/p0.2/rep_13.npz,81365,f08b47ae34f4b131d752a3ed0cbd62e4192db25418d53c1ca7734b0499f87cd5
states/control/p0.2/rep_13.rng.json,693,ae8ae6dbca09ef530892e34a724e8a96df780904909a754f58ddfa0062fa47d6
states/control/p0.2/rep_14.npz,80869,032517bc8ecec6d1dda43e9c03d858049941b91c4fb25258cfd31a06af069e9f
states/control/p0.2/rep_14.rng.json,692,c96c035a3ec67944fc649901277d02d3f55e43b5b0983f83d4378a5985303f69
states/control/p0.2/rep_15.npz,80869,21f56b3e7340a18ce97ae39202b6c6bb54c05e988a97bf1ab365bd5bec1c27e0
states/control/p0.2/rep_15.rng.json,692,c95a93f07f2b4bccbaf6fda55305de9092455d17d32261b7c056170c58c13e0d
states/control/p0.2/rep_16.npz,81070,43a2a7f6b1b3520f6968708a67dfcf7347152cb357e094e1d9486681491b6a44
states/control/p0.2/rep_16.rng.json,694,98440a750ed94366d73361727578ae40afb67df476ab737925226d5440c16848
states/control/p0.2/rep_17.npz,81353,ddd7b22aa11ad326594d7a87b31d9d8662b218b8dd2d5fad00e798f11757fd0a
states/control/p0.2/rep_17.rng.json,695,b5573e91d429a02b3e7fe2ed44ad2e020d2245c4a45bd73e16fe6a0f5d899e65
states/control/p0.2/rep_18.npz,81212,2243adf1855d56c1411a094b3d164412b14bf233765c28f391c51e6581ab9580
states/control/p0.2/rep_18.rng.json,691,4c87d1dfe7568c39c7127be6decb7ad1efbcc22b97c381c297b58525c810c3e1
states/control/p0.2/rep_19.npz,81139,7ac5e84b3019b29384871c484896df411c12d7f38c16dc9dbe44ff68972c6722
states/control/p0.2/rep_19.rng.json,693,659a2658c4e042048d46b241fa6908919b97c2a21f1a0def8167844f51cb9948
states/control/p0.3/rep_00.npz,80084,b82e25ad3dcb6f07580de1bbf18c80f8346f9549be462d1e0c27bc21f194edf1
states/control/p0.3/rep_00.rng.json,694,909c9c729ef950c24f18b26b35d077fdbe0bdd76f085aa032479a9c729530b5c
states/control/p0.3/rep_01.npz,80186,690b05ac913680dfd8a099d70c25a1dd18201b2e558fb2d529b7b3dde9189a4d
states/control/p0.3/rep_01.rng.json,692,6ee4c3606249daf6c4133f4a762200006ad489c797584a577556fda4e9a25e6c
states/control/p0.3/rep_02.npz,80060,fe088950cb8475c4495baacedd1e74b56d19633c9326810a5951a91dd7495b7c
states/control/p0.3/rep_02.rng.json,694,140fe2be3938257d3645a3f89c9cec92fa4b306b32d5f6b48e3c6ff1713922d5
states/control/p0.3/rep_03.npz,79913,986c16823a0adc632ea23a0286109476fde72510be0f22ff9efeef3afbef7f3c
states/control/p0.3/rep_03.rng.json,692,5d7127db6dccdf7284d7e41b0d4f49fa7cd93bdbc12c7b61ab7dd27d9c785214
states/control/p0.3/rep_04.npz,79919,64ace01dc6297f73f50883bcca7f30b2d45697089d8ce01bfbee58485dece946
states/control/p0.3/rep_04.rng.json,694,a4ec4e51fc38af703ec57cb730f39716b6f8e6197ab124766e69430facb086db
states/control/p0.3/rep_05.npz,80105,b40c9292a232956388353251113d42ccac2c8213ceeaa12ecbe97e89ee21c95c
states/control/p0.3/rep_05.rng.json,692,23c54e56bda0f2a7b7c4309aeead5fa412118bba8ed239dd817ffd86af982770
states/control/p0.3/rep_06.npz,80597,cfbd5959d530ab8214dc88361fefb587878ff5383402f933069b84f18869c6c5
states/control/p0.3/rep_06.rng.json,693,6cc74bf3b84489c2a8150b4226d6a89b5494c57ada4eed1a7fa1f93849ad6a33
states/control/p0.3/rep_07.npz,80555,af8f22855ee467ffb06f7e7043d2ac606981807dd4670420d395ccd017de69a4
states/control/p0.3/rep_07.rng.json,692,07768f0df4bd62c1da656a5b9b282953de415caddb1278c7fb76212ec6b3daf1
states/control/p0.3/rep_08.npz,80305,6adf9eea5fb6005414ecc4a5d5b3cb93c05ac1aa014f5b0fdc8b14b2d1b9fb78
states/control/p0.3/rep_08.rng.json,689,fd7576017e1c3f58bfa3518713dd4c2a7e292005b2abe58202348f2a2ea686f1
states/control/p0.3/rep_09.npz,80332,c864b676eb61fb9bd09793368df07510cafac00211e0ddf4efe27cb588813684
states/control/p0.3/rep_09.rng.json,694,fb4ae859de3b6b0d7a100071ad50e2f557af26221902e5f0387f7c48dd39f8e9
states/control/p0.3/rep_10.npz,80643,c9391a2685be0235dabbdcdfc0f79c777836b1edb36075d4d3518a004a3b7dba
states/control/p0.3/rep_10.rng.json,693,c3d05ec77244394d94e88e55feb337d9c4a0250f57fa5c78692bec25d2422456
states/control/p0.3/rep_11.npz,80708,94b8f72a667e8a6c6dec1aa20e0e1fa73eafb8003c8764028d123d918d651933
states/control/p0.3/rep_11.rng.json,689,dafae95cb2b111db1b284d4b6ceb008900ee6d8d034e747ecfc4ab7aaa63f28b
states/control/p0.3/rep_12.npz,80045,862f200cb60ccebe16f77e1b9026c11836090591fc8cfd56b8991fa524ae11a5
states/control/p0.3/rep_12.rng.json,692,945103d0212528b431d94071eba1386a31784560147f5c9f075005ad14d7d2cf
states/control/p0.3/rep_13.npz,80572,30385bc8e29c3789fe61944935b5351e2fd402efcb5ef5e0aaec00e8ba8d13ff
states/control/p0.3/rep_13.rng.json,693,16e5e7ffe6cafe57878b9f98e68af5da85a83cbc451af3a8207b95eec3ef7d9a
states/control/p0.3/rep_14.npz,80567,0fb335de5b0bf254ab7006c5698c151ad556ee67f36b93de4ecaf5e368a19751
states/control/p0.3/rep_14.rng.json,693,4a4203d175a4785df6e10accb811c6dbccb2491d854300f704e3a00712a506b7
states/control/p0.3/rep_15.npz,80026,67b293139c565822bba0985c9e2b319b383664cb5e8eb1c7a177ea26ac35d142
states/control/p0.3/rep_15.rng.json,695,43e8c3ede909b4811c82a48691663eb2dfb7d3c430006be6ebbd1a388fac2503
states/control/p0.3/rep_16.npz,80473,9bde19586ae293b2139f8e778ef40e0d5b3016c7619e4b013a7cdff02ad324c9
states/control/p0.3/rep_16.rng.json,693,44b3bd1bfef6c4b17bd955c8c79e4d99361783767dbcdbf6f2f9a7ed23d4b926
states/control/p0.3/rep_17.npz,79667,c9452aaddec54b76f8f3f793ec72bc2ed9e595a697b038594a10fc27b4618d41
states/control/p0.3/rep_17.rng.json,694,e7472242dc2f36f43e2f99b392b64c145dd278e15e5651695b168bd7e6e43d47
states/control/p0.3/rep_18.npz,80184,8d5a3f54042f8ff475456347be1befd2ef28e1da6696b1bd4c42ee446409a41b
states/control/p0.3/rep_18.rng.json,692,de187a105464479017a1785bf443bc5db3a36780445cda7b8d598799f1a217ed
states/control/p0.3/rep_19.npz,79593,4c57177028c463e30db88df29657fad328ad0c576dbf01100492b21d7f6a5b50
states/control/p0.3/rep_19.rng.json,693,7e1be23dcaca6bb29bef1b6e754e0e1c2ceff8f024623a4961220116b204ef60
states/control/p0.4/rep_00.npz,79151,f4c8361336c52cbb5abeb825969db8a7e584dafdef195ac72d16654d71830539
states/control/p0.4/rep_00.rng.json,692,ba50c7b0be9953cfdf2740246b131e9e47ad3557386dbd10a26a231216bb1d6e
states/control/p0.4/rep_01.npz,79480,7cc4a8b50544915bc9d33dce32ea5c1d314ca78d3e3dee0f447c17825c62fd7b
states/control/p0.4/rep_01.rng.json,690,d5cee229dd4a4e0e01c0448c311f00b1b6ad4617190815fd8c243164a2a7be85
states/control/p0.4/rep_02.npz,79363,fd7e12147b85eabc22504e78e657fbcba32e45c456d32bd8b4468d922c3ffc68
states/control/p0.4/rep_02.rng.json,693,72507ac0b218fd4215a4846ba28bbde4f980d2c159a0e1bfebde10ad73d2c75c
states/control/p0.4/rep_03.npz,78734,f96939526f9fa00e5adbfa354d77a73edf45b358c38cadc69b9b3bafd64cbb28
states/control/p0.4/rep_03.rng.json,695,a954ffb5daaa0e1ba6d97639ca94b87978abccb7623a2b6aa1b563e8e63175c8
states/control/p0.4/rep_04.npz,78519,94de5ecd72bc33dac982bd306a1f44f4f997bfcf0e7d97810910c2324bb88607
states/control/p0.4/rep_04.rng.json,693,1dc4a9a169b95e7f50ae2537f618102b52fc3b68fb6598ac8db675e27a442e8f
states/control/p0.4/rep_05.npz,78785,d10c1042fbe518b37b3984572cd60459a51e05a2361270abb723132d428bc64b
states/control/p0.4/rep_05.rng.json,693,47e8d5d24506b302354d2d15f21f568f7256fea603b6fc607b5a6c462bc0147d
states/control/p0.4/rep_06.npz,78154,ebce92da8db4b0fc8fdae7a0e1fe7c789d137fbf5e75e2a5cbc18ec9fbeb819c
states/control/p0.4/rep_06.rng.json,693,bbba902bca9820878aa79ba86ce9691f2a3ef085cbc0ba5811641a2bf6a93d00
states/control/p0.4/rep_07.npz,79567,b6fc7867540ebecde71be432c1e3a0c73fb36068b6566967edf509c23b286246
states/control/p0.4/rep_07.rng.json,690,20b7a00f39aa80bb12c26171739be580f2dd74218686328c8ea522a89444a1b4
states/control/p0.4/rep_08.npz,79886,514965e46709a86d18faa180dc718be83210e9638f9db096f38dde4a212cebea
states/control/p0.4/rep_08.rng.json,692,f0f97d1a3c884d835e540fe74084f84bd56d07c8250817fa584daec756dff0b9
states/control/p0.4/rep_09.npz,78428,babaccc539f6edca090ef11d5ebef5244b01c7abbfd6883ac00ae8c1b17c9fec
states/control/p0.4/rep_09.rng.json,693,5179d84cb62e8b899a56d7cbd40c10d6fefda42ed6a8a162db447c7a2003f9b7
states/control/p0.4/rep_10.npz,78948,bc608ac7938bcf2f25848bc074173b4661c26eb94e04fe891098d4c6aa0783a2
states/control/p0.4/rep_10.rng.json,693,5b73716dc24e92fd0b5bc93a59e1f42222424543eab316167dc684b30973df67
states/control/p0.4/rep_11.npz,78907,6f663673dfcb103094a31b35e4cbb3d465b1ea0df8e7ff61a9002b375ee3d788
states/control/p0.4/rep_11.rng.json,693,92542fa87bb797401e5be6a925c5439b79e3e8a263a81a2c315cde89756e4cc8
states/control/p0.4/rep_12.npz,78184,4887d86879b82156c5c756db80bff5cb7f015a84e4d597ceb6f9a0b586458686
states/control/p0.4/rep_12.rng.json,694,bdfd838911d4d6304d6c198add9198783c41d5ec6a1cf571e1b3b8703a00e362
states/control/p0.4/rep_13.npz,79400,96129bbaf12c56a0d089a7abacde391afd91661feff917bf130447af14588f7d
states/control/p0.4/rep_13.rng.json,693,63e4ece794c10adb0a8ba394045c05ba6454b9d59f579a8e2ab9151ec3d1cced
states/control/p0.4/rep_14.npz,78177,ee881693f4f431eb67a20cd1255cb7c1eccc6d7a67bc018b613890a1f31d80d6
states/control/p0.4/rep_14.rng.json,694,3bf671c8f593133c48435a38ca9d233c7f1c074d92b20edf076401f235a32d9a
states/control/p0.4/rep_15.npz,78353,410eb9964ff3229b7c90035a2bec15f58fe7d81f75a5e59779cba4d9c7eb533f
states/control/p0.4/rep_15.rng.json,693,0f34b528b5a2423d5898ff258efd601fcf3a7ea9dd80e00c497d108916ff5ba7
states/control/p0.4/rep_16.npz,77989,cd8df4352f6b9872208473f1cd313eeb005a67dd04be23cc88293fff4bb0542e
states/control/p0.4/rep_16.rng.json,693,88a6d199d3fa1dbd0b13cfa552ff0ec0dee3b9ad499f6f82997b040f1b381f15
states/control/p0.4/rep_17.npz,78132,a604e585675d1722d2aff6d1d5a6449aa176946759ec5787e3f10307e79b8e13
states/control/p0.4/rep_17.rng.json,691,9fd6be6641117d7e913170ddf32832e608db49431c095f7b59fa73c3ebd764ab
states/control/p0.4/rep_18.npz,78564,45199db4773ec34030087897efe247541259548530a86bac83cbfaaaa483ab50
states/control/p0.4/rep_18.rng.json,695,aa3dbc9c537ac1358a7151878a10d26df4c6bb18cce35d000ddb2ad4fad4da07
states/control/p0.4/rep_19.npz,78941,4a17342a3ea351dc9286dcf78a7e81d8ab0585761001ae5f2e9c1e116efb0c19
states/control/p0.4/rep_19.rng.json,692,fea3ba007698ecbdbea179c908c63345304f96d7aeaca0f4cea52635c7804873
states/control/p0.5/rep_00.npz,76629,58bc27e5dc5ed278329b1a95a13606ca8b6617bd265269f9f6555c5d1c1caf74
states/control/p0.5/rep_00.rng.json,690,d5c8faa406aaaffee5cfaafcb33edee813ecc1d32ea176ca1d2bb12fd69fe927
states/control/p0.5/rep_01.npz,76741,a8f64e05048e0a2eedf48555ea1fb3316af45afe87b5e7a73e67d1f2c9b47e84
states/control/p0.5/rep_01.rng.json,693,cbecbff1e34b3c7cecc1643e5d8977c280c15f4ae7a2690522bc283be2fef666
states/control/p0.5/rep_02.npz,77800,79ef31c70ee191aff7091b667c821c2ed9b2b62bf3cbf91db1a99c47538b3b06
states/control/p0.5/rep_02.rng.json,694,06d7c8a076f4c4e1513cb0109783bd3ef0293a89bf84311b153390ff37551d76
states/control/p0.5/rep_03.npz,77192,e21c4990d9d29b24e7f48cfd426f689d7e03cb24b9fe4774972a4881e9360ea2
states/control/p0.5/rep_03.rng.json,693,3afd19308a0263a61146a51ba62e3f778396f9a3954cc412aee279b0b24a070f
states/control/p0.5/rep_04.npz,76406,26f3517253d55f72316518f432c695787ec1fb49d5a8d9afd64d284414eddfe9
states/control/p0.5/rep_04.rng.json,690,500d7696536ea2006741beab73501b5ab52a88a54bb7d6fbea0fc52bb51d193a
states/control/p0.5/rep_05.npz,77714,c2c739a55f46fd980cff4210e65f159770f7f063ff6989f7830ec70a50b00648
states/control/p0.5/rep_05.rng.json,693,e9eac146d7f03a6e6eae37745a84ccb51e8a3e0d00531501bb452ca9fbe4b5d8
states/control/p0.5/rep_06.npz,76582,f20d5d890969d2aa02d3eeee4b9fb49c71feacea27946a73ec76b39333bc7921
states/control/p0.5/rep_06.rng.json,694,7cee851b9a30cab9490e73ca634d9297e73642030172615e3e602c543ec2ec57
states/control/p0.5/rep_07.npz,77016,23ce8476a6708cecc8652bd4c2d4450b05c95efc670d3c7f2f65ca797d9360de
states/control/p0.5/rep_07.rng.json,694,7ed44ab42ad2de7d884b7db357e64a6eb40f9b6e3ffe543ca4208e928a178714
states/control/p0.5/rep_08.npz,76075,93fface6dd4eedc2514970623cf982400b5380813ff74e331b482ac80190cbf8
states/control/p0.5/rep_08.rng.json,694,d71323c15c8075a67870521f18b14150fb4abe856f4e104c1ff73630d0c258b4
states/control/p0.5/rep_09.npz,76807,dff866d4ed6d1e9dac3288af0cbba6e7999ea7fffb8f21617c78d7b96c63e520
states/control/p0.5/rep_09.rng.json,694,18e1dd32a801ea97944c62d683a74a1f4e0b10f6b511f375a66970586c4e18f9
states/control/p0.5/rep_10.npz,77527,242957a0bb9822f3b5bb23e634fc9e90600c71aea2ebb04a604bfe7bf0e26ddd
states/control/p0.5/rep_10.rng.json,693,c865b1c67540953cba02810b8310047c16c280586c233e54eddd29ac8a117c69
states/control/p0.5/rep_11.npz,76728,b1e09f90d565acbf5c2e3eaac34f647a14148e132a7d9df1eade032a0a06b109
states/control/p0.5/rep_11.rng.json,694,157a16e81cbb889d2401924a8e5502c53686c292087421b9fa1f9e3592c3f407
states/control/p0.5/rep_12.npz,76999,41a8a7e2b471045d9723a92bae921c540b0055a4dd1bda51163595f3a4ee35fc
states/control/p0.5/rep_12.rng.json,693,509172f81a83011e9c82ea494b11668e61185f93f216636920e4e25a30b9e85d
states/control/p0.5/rep_13.npz,74986,79196c7f319542a88105276f420a742a5e0d7ffb9c65fe9ac656d40182756bf0
states/control/p0.5/rep_13.rng.json,691,94eefbd219280faa7384db842ae0ae4e96ff44dc0d052d18f05adc994e6a3063
states/control/p0.5/rep_14.npz,76207,f9e324651b8f357e2594f1e7ac54525bc5d877fcc04ac55b6a96dbd57966ad34
states/control/p0.5/rep_14.rng.json,688,854ecd64a81772bcaa48823151cb7b42e723f4a3ba481b69a139d5ad1277a661
states/control/p0.5/rep_15.npz,76749,00ccf877ea80de3c624e4ea46b797800b7c81fd79b0c65fce388f502b35d07c5
states/control/p0.5/rep_15.rng.json,693,8c670f34fd7af7d05d200de10aea0fc7f14db910ba8ea3ee8998b75e8b48e761
states/control/p0.5/rep_16.npz,77407,835236ca3d198d298c5091ace2644a701e5307aa0cebcfa8869bce7fce99e8d5
states/control/p0.5/rep_16.rng.json,693,0dceb1810490b326810b16d3b7f5c51b378f9233a515b2940ac5f32372cd009f
states/control/p0.5/rep_17.npz,76191,6fabfbad6b38c0d163ff678f81ffbe98dfdbef0f700d9b0d4209e6c44689417e
states/control/p0.5/rep_17.rng.json,693,67cd07cc79750ec2bed6f6c799672d2dd73244cd485bcbc7e2475656f7b4a788
states/control/p0.5/rep_18.npz,76542,e4e7bacabe7113adeb03f94a772447f3719a34390e050cb219004d645754d664
states/control/p0.5/rep_18.rng.json,691,8b02e9de5449e5e375cd032201273f6f2573c85e394e70268c2ebc2a396e80cc
states/control/p0.5/rep_19.npz,76341,a81f808125b618a89ab5ebc48615e87496f6eb494435dc28e10fbdbef6ec0412
states/control/p0.5/rep_19.rng.json,691,b18b1cb7d2739f450d02fc931955b26f15aba05001bb9a9adef72738137aab44
states/control/p0.6/rep_00.npz,73667,cf9edaf5ac0f75f22f503291547dc6d73d73258887778408c44e3f6ac3ffe1da
states/control/p0.6/rep_00.rng.json,693,7029c21bc43ea64f927fef3c32932b4aef167290ecc889aebc6a6131e61de384
states/control/p0.6/rep_01.npz,75042,b0127dd912d669830af4966fcac77baba8114d0a0112ef54629bff6aaada266e
states/control/p0.6/rep_01.rng.json,695,f7901fd4240e839f7d57c360fdfacbd9d30fd717c61aa9ee0659c54e7562b761
states/control/p0.6/rep_02.npz,74188,b99a19dc878c69ca930ce3e9ff0d3cc2d6d33506e3615a183298f46e8baa5a21
states/control/p0.6/rep_02.rng.json,694,33d08e46b8da3f31c30d16ed0dd0c40b0bea442cddb6b6f959cc2513fee16abd
states/control/p0.6/rep_03.npz,73385,fe88319bdf092afaf0a9944d66cc9ca459f4df88c274595bc86e606c2387bb95
states/control/p0.6/rep_03.rng.json,692,6bd938aa44a52a354ae24759d2ac8104c61934f36f57f7e1b698000838b4ca25
states/control/p0.6/rep_04.npz,74755,e68c6634a1a3ba39fe400e28038273e9811c0924f503b9487bce1f6f7920952c
states/control/p0.6/rep_04.rng.json,694,f9009d4b0b38832025992b5db41c0305812b88b1305581b2b3a631fae0a79657
states/control/p0.6/rep_05.npz,74847,c73e26c8a43a32ed6475ea0d369caecac9af957e462787061ed77b8612a85ae2
states/control/p0.6/rep_05.rng.json,694,002e7ac9415a2add324c0c763a9ed435195a369c9187255f61c4b14bc8c82109
states/control/p0.6/rep_06.npz,73974,9601c523fdf3b81c081a7205a59bfc43a062a16fbe713f0f7e1f7e39245d6fb5
states/control/p0.6/rep_06.rng.json,694,6ccb8c83f812c2f5cb309b76f503a58f0ac3d4fb0fb3c3836a9f4b23950b4d7d
states/control/p0.6/rep_07.npz,73774,899ee3611cee5b4f30467cab0f0de5b60bdfd7004a7a3104478efea45029e84f
states/control/p0.6/rep_07.rng.json,695,fbfa100be961bf6e329568ea4678280f6cdf4894c35bfcebdbaea697f3ab76e5
states/control/p0.6/rep_08.npz,73071,6d9371f35ffaa15b386aa74838709c286dffe42b2db83bac64a5e9b97fb9b494
states/control/p0.6/rep_08.rng.json,689,d364559ef5b5f3b8f6bbf8b8c9d61723e59f1949927a6c2c30a4d6e98d5e2128
states/control/p0.6/rep_09.npz,74619,f36d2167c9248eb5bd3dc95ff307f30f298f358abfcf0a84d840e9fd13c46445
states/control/p0.6/rep_09.rng.json,692,4b0f168b73a3a388bc52f7f434f68e21061474eba5a9abcd69975ffaaafde060
states/control/p0.6/rep_10.npz,73960,9dbfe8ad218ba8156fff1968667523c4b082abdebc0aaffce9ce7ab52bfbfa78
states/control/p0.6/rep_10.rng.json,691,21eb956a57c61e2ee5b9543155a65325c1be59bfe52f884b7119b7d949bdc672
states/control/p0.6/rep_11.npz,73706,06170b0c13283c5e8ba11fd151e4cf06e912b61c00bc18450ca28addb09d0c94
states/control/p0.6/rep_11.rng.json,693,bf328c58322f6d7e7f745ecff4a0c33d8ff5daf851eef80dc49ea5777a6b71de
states/control/p0.6/rep_12.npz,73422,04ee8973b7456e116f3d32ce368283305bde1a832f7b12574e7961b201898bcf
states/control/p0.6/rep_12.rng.json,693,1eb5fddd16e9438daa9faabe216a4e4c35755ece0e73c1d124d3edd97becd709
states/control/p0.6/rep_13.npz,74439,548a292f2d8f9d200b7674b6317f866fb7ec6798a3b172d63549e621c56dc854
states/control/p0.6/rep_13.rng.json,694,a5bfe7d46e342e288c1820b2e62e677b7e2c891b9cec91c308ef709d3d60d998
states/control/p0.6/rep_14.npz,72955,3478cd9f036d98690218b31b91e156b2f3a5427ec35f33a0e61cecbefa6d1936
states/control/p0.6/rep_14.rng.json,693,861a6c8229758382d7d3ecbd90e8de8958f77b29904653067c993fb2bdcc1f5a
states/control/p0.6/rep_15.npz,75175,7eda75182cafd431ff65552a4b61d66ee96d2d44231447fef515a7531a67e051
states/control/p0.6/rep_15.rng.json,694,df513e6e0e41acb15a65745894def307241ffb82a13ce84c71eb37a1ddeeb1e1
states/control/p0.6/rep_16.npz,73373,97ef1a3b91c889d692835107915b713538b831599fc43bafc49b7984439b0160
states/control/p0.6/rep_16.rng.json,692,11cb4871cd8ad182389c40637c6a1b706714f094f8cc67536510c0ef613a95f6
states/control/p0.6/rep_17.npz,74174,11ee99e7c245d65d094c1dca8ecf305b9f3eb922b685a4cb8c9b672998d63d50
states/control/p0.6/rep_17.rng.json,691,d6b0d24013e03906b576ccfa4a233cec000d9183fcdbaea216ecc1949aed7547
states/control/p0.6/rep_18.npz,72921,25c033047ab928cdc6b48f7e4018eea576bea3b0dcd917647ea2aea0a27c25f4
states/control/p0.6/rep_18.rng.json,693,3a23cb141188605d441253326efe66889745017a181a67eec67d48cd5d1f4d1f
states/control/p0.6/rep_19.npz,72920,974939221ae2b8aafaa2722cdf3ad86a579765aa26a168fe5522314eefb79442
states/control/p0.6/rep_19.rng.json,694,0e016deafd5e0fba632e3289405babf485c2f994ff91bb9c6ca37434264adf37
states/control/p0.7/rep_00.npz,70293,9a8a8c0aea83587b07de306c1b6aeaae76b2b0102944dea4b5fc34642931a1c2
states/control/p0.7/rep_00.rng.json,694,9dc02b4d87575b9a6efe7970d324ed4d91d0316c9f483241268bd880cac719b9
states/control/p0.7/rep_01.npz,69521,a6155927cad88700817d9ad67f607bb82ec836df12acf5dc4fe49a9e9744f529
states/control/p0.7/rep_01.rng.json,691,25ebfe782e845f8179c5ca09cbb4a57155317f4c439f7e14642a29e827069a58
states/control/p0.7/rep_02.npz,68099,782f594d14fb198b450929d464df7c6f2ceef944cee1af0dc79381ec039ca889
states/control/p0.7/rep_02.rng.json,695,cbfc6287c37dc35350c9b8858681e947f8f31129a8b6a57ca88388af0956a54c
states/control/p0.7/rep_03.npz,69053,5ece1c790ab3645c0f4adb724ee708666d9a9aa427e607036d189ec14bae11c5
states/control/p0.7/rep_03.rng.json,688,4c8b0f1ae35be73c842198e97e26561feaeb60663616b003ba51ecfd2cbc8539
states/control/p0.7/rep_04.npz,68872,8f7aba00c2953752472f64a2701e8d1d9ab742c0e58766fa5e39792d6246f7e0
states/control/p0.7/rep_04.rng.json,689,0c77b6776d61763974405ab5171f3085eda0a91ab12190b81cf4fa46a5c3d3c0
states/control/p0.7/rep_05.npz,69139,d1d21172aa5bc748ec21089dff02cda5a58e8536ad2e5234095ed0111bb16da9
states/control/p0.7/rep_05.rng.json,688,29d21d66591295865da7fc8c281c5fa7acba43e54d347296d773d21e6684a43a
states/control/p0.7/rep_06.npz,69494,fd71a6ac0e4ec6ef5bebffeeb223e58ed3c74b76a4df117acce883b92304a669
states/control/p0.7/rep_06.rng.json,692,3a3ede452556207ce64923c486b5b8b5a9b30c9db121dceb55f84b872aa0744f
states/control/p0.7/rep_07.npz,69781,6e7f4d49db539e8035888cd5426564aae901092c279768e27f34484f52fedcef
states/control/p0.7/rep_07.rng.json,693,0e4e71e201e3f6cbe5eddbaebe99ba4ee8e4ff1e93fee08565eedfb345439b11
states/control/p0.7/rep_08.npz,68635,525d2a7690e2b5acb7a203c2e92ad9992d0095a5cc6c8b3a8f4a80fbd2c6e42d
states/control/p0.7/rep_08.rng.json,690,b06c4d3a1106814ce5741fbd892edaaec0ebc085a2fc59e08b9d0959a1c37f14
states/control/p0.7/rep_09.npz,69956,f3bbd45da9dc4bf34fa11c1f59ec21145b0b30de933f8835e4272b3a6f4cfdad
states/control/p0.7/rep_09.rng.json,692,17fbaaca2084f692cd7013083df452cf0d6ad136787b2094b2bc5df832eab66b
states/control/p0.7/rep_10.npz,70774,717a1b466170e2fb99675544a2a455dae05f08869a0008f908fbadf1037fa456
states/control/p0.7/rep_10.rng.json,694,5f37d3d77596b83dcf38e9e05c6633508f51a141082d8b10e83d9db2b26c1f01
states/control/p0.7/rep_11.npz,70169,641f6222cd82bf67fc1b39db89962b5038de80f099b0113e3224beb0a557dba8
states/control/p0.7/rep_11.rng.json,692,f89927d133a7ac5e4a622946599a128c1afd7f7508950b67f07af6d607705905
states/control/p0.7/rep_12.npz,70827,a05c2a6d3a1cabdb25df7c98ed81d6cf2862f9486c43c7406f344a62968b8bb4
states/control/p0.7/rep_12.rng.json,693,1791044099b9c5d2c7cea65ee1b775a3010cce5b1e8d7729b3a10e50121f24e7
states/control/p0.7/rep_13.npz,71103,08b68a206d7a3d9396c3aa81717e093d72522ac04654cbf20e8676022d188743
states/control/p0.7/rep_13.rng.json,691,b5b4c178cfa560999d767d2bc7bf9e891cd9a481abc6f57a075d760ebaa645b0
states/control/p0.7/rep_14.npz,70005,eeb20ae75185531cff48035902b6d2f5fdce554cbe2b97a19de76c2e6e84996f
states/control/p0.7/rep_14.rng.json,691,7c2ad2f3c10628017deedc478ca37f722b388aad52bb32aa1bf1bdadac424c40
states/control/p0.7/rep_15.npz,70311,d67980b112a5b5a77ab86c109f75f572b95200490cbbbd27e91816688f31a7fa
states/control/p0.7/rep_15.rng.json,691,3e20408219ea03901171a0b1082597a64a1bdb251854a4660764c588f81cb19d
states/control/p0.7/rep_16.npz,69593,b4ac9cd8c4de509668c1f56a34ada68d4aa4f423d8d637728192e35ef39bce4e
states/control/p0.7/rep_16.rng.json,694,583e431b2d92fa4a1bec8aebc7806e23cf93203d32702c8639bc3dbb980d88a5
states/control/p0.7/rep_17.npz,69966,a44fb0bb978071f310b40208c2a7138e30a99528e25a49f45d2d7548fae85d6e
states/control/p0.7/rep_17.rng.json,693,8537401be9aa45a8092a41cb4bdd20ab4ff552a1042f54d44ec1968cf49795c5
states/control/p0.7/rep_18.npz,69359,48af98fa261a11daf6a68227684886b0d60b02d78ef896033691664dce5e5bb8
states/control/p0.7/rep_18.rng.json,693,8bf65cba97e50f2a73891716e2f192b6b37d68b9dc7edbd6712e3dd2f3e42cde
states/control/p0.7/rep_19.npz,70478,c3391d83a78b40f46fb43d5d7bdc92764ff720c6f1e39edaf41eaedde4888a65
states/control/p0.7/rep_19.rng.json,693,3ead46ca67d5e4c58b18d8728c43eaf4352ad9ce47a394ef4d6c1b624441bb01
states/control/p0.8/rep_00.npz,63303,1826fc388b7c04a44f5bb6a1cf7434226b953befc6f1affbf2a359bf1cc4853e
states/control/p0.8/rep_00.rng.json,694,8ba967a2a88f356834af2ae28fde15fa9a222a5344158ef03c2d80b4b16426aa
states/control/p0.8/rep_01.npz,63358,8637de741a2b84a2ecef2644f333eba68f03c2f1b99e5d6e54c8d9bb05ff5ce9
states/control/p0.8/rep_01.rng.json,694,fc3af92a01258dad5a698187ce394e894c83ac46618c8107ef684f173607715c
states/control/p0.8/rep_02.npz,63872,37bdb063b1fabee0823988ea63e2d0297b7c552875978e93ebc3b221333e10bf
states/control/p0.8/rep_02.rng.json,692,d121aad36f83e7ad2fca873c5cc40305a1d04896c75d894ed2f7de32fd29cd83
states/control/p0.8/rep_03.npz,65116,2f9216b2d6cd6e9b0ee4ec4898974275dff767a9aac4cf994e51cd464e8a7c04
states/control/p0.8/rep_03.rng.json,694,8b8c92db396affb147c7b5fa691784ec44f5a7178c51e4c662d80c3181f479cb
states/control/p0.8/rep_04.npz,64430,2618ccb279f3e8a46d8ef14487962565b4e01c7530faf5e8d1535615e588d41f
states/control/p0.8/rep_04.rng.json,690,7a94c14c96dd624436381c0a890cbfe01bcb89e9ba42325095603df8f9828526
states/control/p0.8/rep_05.npz,63689,06250fd79eae8e3a1b3b8a2fbda667cd647ba00ad6ee4e4aba07dc9bc64aebdc
states/control/p0.8/rep_05.rng.json,693,a50289eee84f509152b915ab3aa4318c8c50eba09e8a30c093a986ea5f921409
states/control/p0.8/rep_06.npz,65040,ebd22dbc719f59717d87617ef6814ccb16d86bfff2b63d7b48912a8c667eb57f
states/control/p0.8/rep_06.rng.json,693,362d689bd02d10616f61b520bc24a7cf41a89633866520161349a5d46073270d
states/control/p0.8/rep_07.npz,64437,dd167ffc946fa31c91fca7a3a66e9e34a7b24b36b596adb6818e87082b1d5fb7
states/control/p0.8/rep_07.rng.json,692,0478424a3728f793ca4a0f5a7a4704e58023578f58ac8ec48436af095677bb16
states/control/p0.8/rep_08.npz,64068,350edaf6d628a8c64765dc72da0730dca6a1b305ea2a2463321eedf8ef1c40a6
states/control/p0.8/rep_08.rng.json,694,4d1935e7960393383a4d6a8741a05b9a298dde22f57e87c3214546658b59d8f9
states/control/p0.8/rep_09.npz,65387,8d3d99645e241e2a4c7fe3d0dd2d075c8e223ed15e944b0a2485a24ef1a2af66
states/control/p0.8/rep_09.rng.json,693,353b2622caae67d92234eb4360d4971f2de95ab83ea4861006b093161c4f6f1e
states/control/p0.8/rep_10.npz,64906,0dbdc67410ee4d6e4368c5b74a40d48bd39644984df032759deb3551fc8dd936
states/control/p0.8/rep_10.rng.json,693,1fe90919f4ae8ddafb66b59a13c94f84b600c150d3f6ea18d9bde397820b8625
states/control/p0.8/rep_11.npz,64636,2393ee2b8afd867b4803da196ed91329b45c38c1f9e99880679d59afa4bed513
states/control/p0.8/rep_11.rng.json,694,fdf1a1af9b72343cfc43ded5f42bda1d391823649540e53b93a9f7b26fe23428
states/control/p0.8/rep_12.npz,63556,3b4c03651cf598a8a4f6b97c4653e0adc7102dd15455c55c281fca8db66b5c23
states/control/p0.8/rep_12.rng.json,693,8e6b6cebee5edac54a8af59a439ffdd8a6902a296a89a167f9a22346ce318e56
states/control/p0.8/rep_13.npz,65315,ab2e209d4b0ab662e83ed4fc032f865aca65446b50d650e72452ecc895544621
states/control/p0.8/rep_13.rng.json,692,60ea94266cca195bf69df79723791868c7bb09d7532a6d77d16c9854385b1862
states/control/p0.8/rep_14.npz,65510,2819a9d74613c5f8e99b67c4f8a781a13525f577d7654c90b45f84fad0e763c0
states/control/p0.8/rep_14.rng.json,694,900b6fb458301dc9d884febdce7b53c29a72c50865abd44631c8370fb3e2d9c1
states/control/p0.8/rep_15.npz,64358,4bf11b15ae9e63e26f79af16e8bee8013fd422365fa7a38b01951d8055586254
states/control/p0.8/rep_15.rng.json,694,10cc2c1b5b02cfba62af1bee765d45cd047d6236eac25ffb9ac3b934ece287c9
states/control/p0.8/rep_16.npz,64416,40685f0dac9c02ed74ccf7c06e2635bdc17a5f4e7efe7aa390d68d4e2ed37c02
states/control/p0.8/rep_16.rng.json,694,2dac5ebfce75e620caa95c910d2c6f3be69d6d85f5345d8b3808061d68bb5d88
states/control/p0.8/rep_17.npz,63519,2176c61e22f54cd59dffe3c74fe3e035a2ea9fdbc33b29b8fc9f56f02f9d90c9
states/control/p0.8/rep_17.rng.json,695,7a5b1251dacb4dff7afc58c7a7fb5aded655928235570992a61826e169e075fd
states/control/p0.8/rep_18.npz,62245,5328ef6da7bbb86ecbb17752068b2debe749a0877ff49202a9f1f12a64c20da6
states/control/p0.8/rep_18.rng.json,694,8a4c71cc3cd664855d4dd996a8683b815873d9b500deefc18907641699e242c5
states/control/p0.8/rep_19.npz,65390,cc1482ebbad1d164d1a790c2caea9bf59249db92361c309497ac769f845fe4c5
states/control/p0.8/rep_19.rng.json,692,166d5032b805e65d3f3a312b4e09404bc590758fd3eca114cce9f60c75192b0f
states/control/p0.9/rep_00.npz,54187,b0b8dbac026d536d6a714a66bdcb99a7682cbb1aacf7d99444782a5ba8411ac4
states/control/p0.9/rep_00.rng.json,694,485b45d0e2e3be4480a81707d9f67e92b0715e95dd401f1dd0d502495040467f
states/control/p0.9/rep_01.npz,51960,91ad0b86043ff19a28315b10f09e787f9622d947cfdcb13b9f74bf28718e255b
states/control/p0.9/rep_01.rng.json,687,bf26766607095540f63b43954fb4dc885445e8e7ed9e85dd3c8b6edd768a7bd1
states/control/p0.9/rep_02.npz,50141,a2c588d94aa7ecdd11a607f73066a818eda168537d9ff1102350bbfbd11d96ea
states/control/p0.9/rep_02.rng.json,695,7a0893757deec708c1bb43471a5251071c79989e618964ccff4fd47ba034a43e
states/control/p0.9/rep_03.npz,55882,6bfa933289bf1cd2c57b34495532f10d7172fd22031ec423c5ab240dcc22901d
states/control/p0.9/rep_03.rng.json,691,11549f2c3d731f2c84c5ba93b2509ef3da8c6401ed75582021597f5f4976e1cc
states/control/p0.9/rep_04.npz,54676,5550384fac6fad76551d4aa3d0f7d5d2cd5a684c654dd491c00948f8c91675d4
states/control/p0.9/rep_04.rng.json,694,9ecc0a857990368ad3544cb191fb227cdc558b4a6e891fd35840b5ffc8117258
states/control/p0.9/rep_05.npz,54313,b91b7e608b4183fc3bdd306d1fd6c038a61c0653e60a3e71ef7e864a552193b3
states/control/p0.9/rep_05.rng.json,691,994e4d4fa2aa48fd7d860943cde54ffabdc4f30facaf72c2abdc5c959e0f3136
states/control/p0.9/rep_06.npz,52164,1659feb7d71dfec7cd9772bdc51b4905222a67be3f65b6e44427feba5b6f0a18
states/control/p0.9/rep_06.rng.json,693,d7c2f283e5462c31855c12452a43d88d61c01ffc6db1f91a3589da9be45aa52f
states/control/p0.9/rep_07.npz,53380,cebf7c46661c1e5b4cf89ee7a684de1b58b1d08c3e3d63a0a47f9197c434dd13
states/control/p0.9/rep_07.rng.json,691,cea68cae31ea88a34c00e5cfc9ac1f29f87bd955282993270bbcd07887fbdd3c
states/control/p0.9/rep_08.npz,54710,ced266f32693a74d594d3fc82d4d86acb92693863330fb5e37d1a0552f70a9fa
states/control/p0.9/rep_08.rng.json,689,d00ce2a1131f1daeefb984c6d0f03b9d014878e155ff1f3c7fb1fdb834d9471b
states/control/p0.9/rep_09.npz,53588,9252f42e0758b284e21d2440252554e37fe66af25a29aade8812d40b72105426
states/control/p0.9/rep_09.rng.json,690,0d43c31b220c1a808dba6405a5b5ef8adc0142de67509c145c2acd316654b260
states/control/p0.9/rep_10.npz,55510,3efff806ac52f621b04509b2b7605fd28d64f6b91101736d38d78d7238fb558a
states/control/p0.9/rep_10.rng.json,695,2233ed3cdcfae20bfa75073ec9ff9b4e564098553f2b3f12cb20a1ba67a7448d
states/control/p0.9/rep_11.npz,54656,ab26a135217685293b149a873e5ff5c6481201e0444f73ed597d30dd7e26167c
states/control/p0.9/rep_11.rng.json,695,9704634d9917fab244741da4389c9f8a4c79cd9c6d99de880fb83510d155e4c8
states/control/p0.9/rep_12.npz,52350,37e410a3b658dc7b87ee19dba9def71c815b0f049b94830ae4a78e7b4bb876ec
states/control/p0.9/rep_12.rng.json,691,1a009894bd9c8b3523ecb44d7ff07da7f4437ce7033ae8d2437395171aae4b4e
states/control/p0.9/rep_13.npz,54786,30b26f68e6b8400c9c7fa402714a976787164b8185eb54306f69a0bde886db86
states/control/p0.9/rep_13.rng.json,694,e14357c7f0f73b5ce36ad9074277b814f3c8a152986a132e53acfd0b889e3e89
states/control/p0.9/rep_14.npz,53880,f946ed77db69a8aa3374932070a263e11fbcc1af4e92977cf22e560cde5f8003
states/control/p0.9/rep_14.rng.json,693,12bb8eedba4977b4a14dc1191c7f2eee936d54c0ba0b7075ecf669d4dff3d399
states/control/p0.9/rep_15.npz,51873,edc6eaa631216a3cf56c36f2a5c016b27fea3242ba0852869afa7d75604776f7
states/control/p0.9/rep_15.rng.json,695,ca1e079ae0df884b739cc9d05a213dcc314c288a831b4d061c5e9cdcf3e66ebb
states/control/p0.9/rep_16.npz,52675,7479b7eb8e4d26699e5316de24af53dc2791dd09a3aa6ca004b74e36809666ff
states/control/p0.9/rep_16.rng.json,690,350d6a6407b4ffacf9b3c4263692b379cf2cce7d79f0d0648bf8ca7c4ee83edd
states/control/p0.9/rep_17.npz,52212,32d1abaa3b23f73eb0917425717c6332f764ca2740504e34772824e76af838f4
states/control/p0.9/rep_17.rng.json,694,09acf3068402e841625c772f98fb14a2af6a03b78e2f7c70f6ac15656ed3c2f0
states/control/p0.9/rep_18.npz,53207,ea14cf4f75513a466dac6634bce724039539c181660d045922d2b3eed01b77b9
states/control/p0.9/rep_18.rng.json,693,7fba229f8775e9279b9232bdba563d27cf084070115dc811dedef4ea591e44ea
states/control/p0.9/rep_19.npz,54706,5d44f3369c2700c3e6015ed0c58207de1e42dc67f0d73f8931b714e136bc25b1
states/control/p0.9/rep_19.rng.json,694,81190952f554eacceb6a668cce7471d6c2e2f0a53aa6dd5b84fd8af052e20462
states/control/p1.0/rep_00.npz,28922,d2ba4c1a87690ad2002fb22ea85bd5d56e72086252eadb3968256edf7f27c1c8
states/control/p1.0/rep_00.rng.json,693,e8cffac15d17ed455d08b23119b6c880bebd66d7f91b84cd9aefa45757fe48c5
states/control/p1.0/rep_01.npz,28359,d9d08108c4990d602a6f6fb129a1784fa01fc5b073f05711be6bc2b3fc7fb2a3
states/control/p1.0/rep_01.rng.json,693,78c9d6c773b59f6e648b7f6835f67f29f65f17d6dddef79a533aa61800ded502
states/control/p1.0/rep_02.npz,29597,69005d06b626c4fc75bcace02b31b8759f8030c206845ef98fecb4fb2c4b050e
states/control/p1.0/rep_02.rng.json,694,0ca58e6f3b95444f688d2c7e3a116c4718a1752fc1bb7bf0f935ef3eb0345695
states/control/p1.0/rep_03.npz,29432,d8c6d3a2479de7373c97166f312bbc4917c1680b7a47c9eed9b49a313c485b6e
states/control/p1.0/rep_03.rng.json,691,1625ab1b5f73792b299bd79fe1f4a298a34fc0d53f01bc006f8bea56ba886249
states/control/p1.0/rep_04.npz,29498,ab7ad5a31191994a930bb78dcf4a441255d01aab4a1d8b7ff1588e0dfcbada02
states/control/p1.0/rep_04.rng.json,694,d1f3723dfb1fef24e7df977f4220ff1ef15c1340a8191280b6b81502ad50d24e
states/control/p1.0/rep_05.npz,28953,4cf101857d1b849458f50211e201a53ad652d6b4a63be342b13a73216f73105b
states/control/p1.0/rep_05.rng.json,693,c72043659e5e5742768ae7a02934d8d44f1a6652fa1e41223f1be9f45a25dded
states/control/p1.0/rep_06.npz,29365,3e6f01436f7f97e901eb514a998180a5c5e6c9eaf1776323b5bc29216598294d
states/control/p1.0/rep_06.rng.json,691,2c7da9846231a985631891d76f8477415ed7fbbdfbe5ae0c3b3a97130e411e7b
states/control/p1.0/rep_07.npz,29283,849ba9606b0791578b45f296079e30f5f6d4fec184e768bcb5eb3b1e37cddb5a
states/control/p1.0/rep_07.rng.json,695,3f15b2ff5d9b59d390b65d94c711439c67e348047106d650ba1e89d5b5777fcd
states/control/p1.0/rep_08.npz,29051,898b349dfa5f882e354f6726be5499823dc17ff5fbdd4134e15e7fe76cc06ec1
states/control/p1.0/rep_08.rng.json,691,c0f40a34c8285a1119aa702cc37642d8c6c353db9fcc5cb6964f5462d3a9b27f
states/control/p1.0/rep_09.npz,29381,432a5d5a93bd86add14cc1c724198391c4b6c43a1be757c2abb6b0082bf67748
states/control/p1.0/rep_09.rng.json,693,273dcdeb70d19aa9fd529f74c77f2cadb202aaf3482eeb99ea1be02fa701a547
states/control/p1.0/rep_10.npz,29401,ff78445e0f0f5d1ccddd85c472672f034c2a6f1383eda9acc9954029d6cdf9dd
states/control/p1.0/rep_10.rng.json,695,13a0d5a2c02cbe18277e70456d7a5feb9c8f26c2a1d5a2c5f7150a9847035945
states/control/p1.0/rep_11.npz,28809,440f9cd0c66e4ea73442f7e59a70dce47587b1534a90951e84832ecf97087257
states/control/p1.0/rep_11.rng.json,692,a0bdf78811faab6e927e65728b8ce3143e00781b4b441a78b0d1aefa5faff39e
states/control/p1.0/rep_12.npz,28946,21d1784bc92a41aea55b9b5347a6bf8f7a13a0294c03b7a3886d7932ed9c5650
states/control/p1.0/rep_12.rng.json,695,05e9fdccdce1ee01d0b23227d87abab5e52db1ed8bf1ed3fce3b0d6a069813a1
states/control/p1.0/rep_13.npz,28947,bbd2a1dda536079da623e85a9dda08c2cbebeab072736b6b7d2d47984f4b786a
states/control/p1.0/rep_13.rng.json,693,1f9644266a4b62850fa9d73578a1624dd4e7062efd2c95db52291c743a4cb6eb
states/control/p1.0/rep_14.npz,30326,5dc38aa55ee098cecfedb2e24f00eda9b57f5795992d68fae1a3efc4ebb6e853
states/control/p1.0/rep_14.rng.json,692,31ad6ee47f5d8c1051f71f0b0b229152e8d0c193460e698c3efda57d59142507
states/control/p1.0/rep_15.npz,29564,82fc9d670fe46a200391f2235f51ec087ea79a5e70b9a21562d9e5a007331859
states/control/p1.0/rep_15.rng.json,693,e1da19aa686ef8cdf445daa9b4f525b3359d4ec8716a409faaa308289a2f1474
states/control/p1.0/rep_16.npz,29739,64f9612372655debf64e3f120bcd8b47f33ec21f869d78c43470911d0cdacd80
states/control/p1.0/rep_16.rng.json,692,b5526558b23575de31cde60e155d27f21311046bf225dae853e950fb06145b3c
states/control/p1.0/rep_17.npz,28945,53224dea68cb8a985adf1f30b0eb9afc99cfe64723fbd7d19144c08cea7b0b06
states/control/p1.0/rep_17.rng.json,687,6b90df0b43f0e5f99ac2fb5cb4e6f26569e2a9408ae109d74ab9f2920ad8f8f5
states/control/p1.0/rep_18.npz,29821,08c8662918ba0a8578430d05089682c968eb46f69ebc0fdf064b386555777316
states/control/p1.0/rep_18.rng.json,692,3a17cda912c397598aa0b841c1cf430f0aecbeea8ef8df5d5b5cd65fc7e562ac
states/control/p1.0/rep_19.npz,28628,689de9144021d1c4e10ece58c68353e774c61f409969b98cd79aa81bf4c3865a
states/control/p1.0/rep_19.rng.json,692,e87352aaf7a7e287240a7e31459ddf604e47ee197d609fb787eff722dd83afa6
states/selective/p0.1/rep_00.npz,82052,b85ca9706d7f7f7523d8567f359a540aa991403ba8a5e3f0f9d88f1d3499e945
states/selective/p0.1/rep_00.rng.json,694,a271d7bae7a0c34b2394dec6e840140974ec623a71dbcd23b10c157154251812
states/selective/p0.1/rep_01.npz,82364,987c447e5f0c19cafc41d871b99cdde9fb5b5346b7f2776311c1664de506bc12
states/selective/p0.1/rep_01.rng.json,694,f3d64183040827be123dd0e859a6b21a26864af1b3f767b6bb978055e2ef8058
states/selective/p0.1/rep_02.npz,82603,143a93a2bb22a75cadc50faf1273bb80cedbe3cfe6bd97b9ca8f26f58dcb5c26
states/selective/p0.1/rep_02.rng.json,695,621d43afe6fd1a92b1fcdc199fdf2e8e98e99f580596035906eb944088fe8bf3
states/selective/p0.1/rep_03.npz,82317,702ce3594593b063ed5280ccf59b9afb3c41a63f59e4273982c4c960f0cfaa67
states/selective/p0.1/rep_03.rng.json,693,0da62b936db7d28a6112db4494c9d8f96104fe713fd7ef1e840f235515222d38
states/selective/p0.1/rep_04.npz,82245,ddbaec8db13c5765d058feb48ee9440fc6648ee39dd1bf93a1b613d65df64d43
states/selective/p0.1/rep_04.rng.json,692,2e778acf5e120ce8c8dd1da7cac5c75b86858e572ca206f7e24ea3c02a7bd8ea
states/selective/p0.1/rep_05.npz,82300,37ab0a4cee6215de0284c939452becde813850baa211889a0e0f635ba39eed15
states/selective/p0.1/rep_05.rng.json,693,108e890523adb11322325352d21b7c594c1c0a5c6cffcc945cb58590e16499b5
states/selective/p0.1/rep_06.npz,82307,2fd25d3d3b11b7dd010b6694e8c6d08110155da32dbda9dde7ed7f07e60dea2a
states/selective/p0.1/rep_06.rng.json,695,fc582732c883654bf0a1ad207682871fc4cb20eb3857b7d9b0928233b161361c
states/selective/p0.1/rep_07.npz,82116,382caf29440744dd5e54b569a962c9263f906befaea0801314890afb686acd97
states/selective/p0.1/rep_07.rng.json,693,4281968ca0d45d090bcc03c1b80a93c2cc603f34ff0f1bdd6ffd6ea2592a56ab
states/selective/p0.1/rep_08.npz,82398,e5c6e412ca2361746f369fccbcc3ac8667a250c1990b563b6dd01468c1b8a96c
states/selective/p0.1/rep_08.rng.json,694,cae4ff41b6e2e22e10f4c6cdb5d3f255dff455e923d7a95c7d4301c2ee29e580
states/selective/p0.1/rep_09.npz,82551,a301cccc92b66b230afd313844ead30416d252fba69b6d56b16f6d8390608a59
states/selective/p0.1/rep_09.rng.json,691,d04a73e0887d265e7a0b7798d8133fed36968fd30361bf909acc759b530668c4
states/selective/p0.1/rep_10.npz,82358,a41c598ca522607cb065ba8df7ed814eb577a5813d38d0765ce92d28ca7df91d
states/selective/p0.1/rep_10.rng.json,690,311087cdd29759403b345f12fa4c7ac4f8b2028da33d085438ed17d395d1db16
states/selective/p0.1/rep_11.npz,82337,e8fd69c102eea44f63f9c5c4078e3d2cffe3c220dc7f0027e36c9521561acdcd
states/selective/p0.1/rep_11.rng.json,693,cf6f3d941b7c12f1274684e96376c26090f7733552486b46303b4b77c3ca5f3d
states/selective/p0.1/rep_12.npz,82201,f74233d69645d0fdc2382f345028c452946841a9cee88443b8ad87e1bf1b3ffd
states/selective/p0.1/rep_12.rng.json,693,a48065c2700a088164da325a049475841b67681fb3a8d5f4b1253b6d7f767023
states/selective/p0.1/rep_13.npz,82186,d11bd7e6a7b5cb38b3ad5e575e3d1e3538fdcecf62ff5a66f45008e317c17d92
states/selective/p0.1/rep_13.rng.json,693,27e48278c161585f6a71923fd9f69b54d87ef1c7228a65d3f8330f6e52886c5f
states/selective/p0.1/rep_14.npz,82436,7399df9b5e828864af6ccc10e51ef7fc323c2c37cc2e2f9b51bd78deb8ffacc7
states/selective/p0.1/rep_14.rng.json,692,a6937ee018e01334345daa484105fa7c0995fadd701934598171ef109a98de43
states/selective/p0.1/rep_15.npz,82089,310370398aa2bc299a1de90e5fa7c8befef19428399c275e75241c1cc32ed23f
states/selective/p0.1/rep_15.rng.json,693,97c7163790d08d775ee935f8f1c33acbddefc6463bca4699eb6f5f4b8908b9b2
states/selective/p0.1/rep_16.npz,82395,7f75921708249e8c060cc7635817f12449c6f6e95fbe857589f40976720dbda7
states/selective/p0.1/rep_16.rng.json,690,a3ea4f563a0bcfce8a714d70d872e17e477ee28fb73c93bfce30f72b475dd3fe
states/selective/p0.1/rep_17.npz,82309,bc67ac85b7d423ffc60283153c64308bec4e47d9635e93ea6350df3633fc0baf
states/selective/p0.1/rep_17.rng.json,690,6fdd7017ceafd782b8e42a6f3eed70aa78e9c68208bda606e8121468b24e551a
states/selective/p0.1/rep_18.npz,82295,898a21568bf774f88bcfcbf8d7eabb5413981d8c7a98e351058ef06584f477ab
states/selective/p0.1/rep_18.rng.json,693,1fece766b9564fba9cfa25909cae3ba61d8c708db48856b30d7aede0e614dcd8
states/selective/p0.1/rep_19.npz,82431,54ae23b7b1830fcad97cf1eefe2876bee4eb56abd7ad9fd247e3c08e3443a419
states/selective/p0.1/rep_19.rng.json,693,6ed01dfa63796f08f201265d4ca50d9935d2c930ea6dca6bc0fccabdc45155cc
states/selective/p0.2/rep_00.npz,82268,a6e8dbb293a6b2a91d1904549431a22663aafb99be3dda58625cfbb0a0d9f176
states/selective/p0.2/rep_00.rng.json,692,11a0e30b9a0e0dc3f3a6bcd2328115cf2eeee28cf3af02ae0f9e20018430230a
states/selective/p0.2/rep_01.npz,82216,5d958aa5098da18a708ab6bb48769ad525cc820cc12e37ea167058bd38cbba78
states/selective/p0.2/rep_01.rng.json,694,55116f84fe7d0578c35e45c6cdde3e85cf2499c47373925ba7e1c00ad9681d35
states/selective/p0.2/rep_02.npz,82020,d6d295e2df34345093b3fb0e43d6ab68d82ee231c2c9ffbd23e652b2ccbd9746
states/selective/p0.2/rep_02.rng.json,694,a7591f99ace524865367f5468c4daee70819d4758a2913cd4232bf3206cb8ac3
states/selective/p0.2/rep_03.npz,81637,eb7edb4728462cb47f9cb290dd15710ae7d88deb853825c697ba84109d29c14e
states/selective/p0.2/rep_03.rng.json,690,61d6b4694215f335357696924ee636a943eb45cdd3497cdbf3e7de80b2b6bfb6
states/selective/p0.2/rep_04.npz,82060,3cccb12b91ccf68fc9c5b6d51d979598c33942d3fa49fe30c376a473d6acb3d1
states/selective/p0.2/rep_04.rng.json,691,a195112d134d386749b3115b978ba2f20c1c42920db82bd00dae3200893beb99
states/selective/p0.2/rep_05.npz,81769,12051e4a50f31398c112f65e29b0a7008e420996f0ede74d292ef67d14a8ffac
states/selective/p0.2/rep_05.rng.json,693,31c43eeeb3ae20f2900a8156f4fee41c9ea113699bed0d28ab5caa100903f8d2
states/selective/p0.2/rep_06.npz,81508,1d4ff7e080a5f49cdcce39efaa3845ecf1570c22aa16b0b5b32ecc6fe4909911
states/selective/p0.2/rep_06.rng.json,692,597a9d49df3be19043dda417cded0e706e4cacbbd2a232206629be2db8e1696a
states/selective/p0.2/rep_07.npz,81923,0a602b8f48b5417d8da471d9a4c92f06c4cf5a2feb1cdfc03d5ce9d583188f00
states/selective/p0.2/rep_07.rng.json,691,5a0b0da75d863e6528dc09f0510c189be7d84df02a32849e3c119650f8ec420a
states/selective/p0.2/rep_08.npz,82209,abb5f67d4b41e8ed05a1d35b194436e8ab13993f9bc80dd751874e25d2b5ec07
states/selective/p0.2/rep_08.rng.json,691,3b174030df8b3627de93e4471a6cbf840a4c4eb2c0bcd21ea6bff52c5e6f0d82
states/selective/p0.2/rep_09.npz,81985,545424e2db8b1c79bcc0088b6963cc7ede8e551f089a30ba6211d28a03cbca46
states/selective/p0.2/rep_09.rng.json,694,cc4fb1bfacee0bfc086cc02151ec2fac4e40564c71303a08a7832b0e62efb743
states/selective/p0.2/rep_10.npz,81824,e3238e3a371a8a8a1e6c3c5f2e05d8eb73aa15e75c548454b47cb219692f64da
states/selective/p0.2/rep_10.rng.json,692,f989539da81d1ef2df9bf0cb62f20315b684fb60cf702bf80978da3c26eb1782
states/selective/p0.2/rep_11.npz,81907,458cc096e987eff5948a72fa2fb7b8b749fc841266db3b8ce78d2a53524a9d15
states/selective/p0.2/rep_11.rng.json,693,01174fd45282804192fd51c94a5489c53c7f95178115a0a6db63419bb50681da
states/selective/p0.2/rep_12.npz,81781,12e727389d4fe5de77a62cf637ad2dc5b896c96c64e5668089b52036557dfa5e
states/selective/p0.2/rep_12.rng.json,693,8eafff8198b42d17d9ea096e756acf4a93c1b633acf23e1bd60bb26c396fe4bb
states/selective/p0.2/rep_13.npz,81405,5e418b296d07fc8201ad50f5ca0f6f3575c452365627ab6bc956982728833747
states/selective/p0.2/rep_13.rng.json,692,82c6a81ae3493748b54d7b027c9f19d92b0a887c89768f47d9f9af663a5344b6
states/selective/p0.2/rep_14.npz,81927,c2e1b6f2114edc765e9b041db64a98726611038c9859a189a13eaee535194e81
states/selective/p0.2/rep_14.rng.json,693,0191533d430cd9545a8ec1da366fb9e7edc052482270d2889d45ae94b5f260d4
states/selective/p0.2/rep_15.npz,81418,bd626652b77ec6dbb191fc9d12afbba775b71522f06e6011d9a30e0794f57321
states/selective/p0.2/rep_15.rng.json,694,c4b7b0121c6671562ad54be4268f41858c8ed85627084d91b1e45c964eb3d6e0
states/selective/p0.2/rep_16.npz,81274,3bb11444e90017044626a10da915f35da6bd5e30c7fefc7a8ef02366c61678a1
states/selective/p0.2/rep_16.rng.json,695,583004166531272db88446df82e1a7e7822f52b29f059b1f7b17283a79824720
states/selective/p0.2/rep_17.npz,81951,2ad7c6395abd9f0dccc09bb05adb9e906612ef8066c936821572cb98cff4119e
states/selective/p0.2/rep_17.rng.json,694,b8bdec84f2d1c7e55d79c4d6a938019470159f02861804fd432aeef5bef43c83
states/selective/p0.2/rep_18.npz,82021,fe9eb509e52d3d443d5d4684a2c3664e55b39af52040d0f6c1a6cb5f6256a9df
states/selective/p0.2/rep_18.rng.json,694,69bb614b668696f33edd07335a0a004fe01c1880e6cf2fc61d3d9ee01a291779
states/selective/p0.2/rep_19.npz,81487,1b48f25e7f5bca12abedd9bea76f422e909338a4860ee5091e00efc0a764bf1f
states/selective/p0.2/rep_19.rng.json,692,62ba221cef1f94006e3ecd79e6e8055e91bae780143084bd33873d858d1e233a
states/selective/p0.3/rep_00.npz,80939,6da45d8069e4b85977d7417edc2dd3329f2633fe7b08272c7ee8e406c9d11938
states/selective/p0.3/rep_00.rng.json,695,16d7b1ac9435b1c1b1ff01b606917a8618981ec9169eed2b6d77f005f39de2f6
states/selective/p0.3/rep_01.npz,81057,35a511f176a50a2772805388901316c645f390429275985d0df9d7011b8c2fd5
states/selective/p0.3/rep_01.rng.json,695,9c522ea0b00abda814e0a3e8842117868443c86e2ffb35838927b2c45708e95e
states/selective/p0.3/rep_02.npz,80389,96cd73a2b45354480efc5ec58196e9ea7dd01345ea230c59735658a453f21b84
states/selective/p0.3/rep_02.rng.json,693,ed68fe08f1d519d0dc3d0d8f10ffe11d919aae99aab1e54dcbbab46ba9f3e4ca
states/selective/p0.3/rep_03.npz,80494,4aef841d2c4166a1b1c5538f1f108bbd5b692f493dbbca83445c542b9dfe0984
states/selective/p0.3/rep_03.rng.json,693,2e35c060ac3a5a8d619a48002ef9704d29960f4ba99ca0567001a9facb820668
states/selective/p0.3/rep_04.npz,81190,be530491f33ee0fba434a13b4493b2dcba6594781b641959cdfa076fb8c15d72
states/selective/p0.3/rep_04.rng.json,693,a5bfa89fd374f8d63d4856a9e45f36305447ea70b3b0d99f33c2eda8f54acf7f
states/selective/p0.3/rep_05.npz,80973,0387b2de81a085906c982a0ba9fe1dd8d7ffb316410a6818e792f568cc839943
states/selective/p0.3/rep_05.rng.json,691,fc6610d01681c2386524707850051a23ccaebf330f33ab6c6888546865713aa3
states/selective/p0.3/rep_06.npz,81141,d3aab5fb218eec57895e1952e706113793a1fd17526177d9ed2165e0b4dea103
states/selective/p0.3/rep_06.rng.json,688,ec4b67a32c058dfdc03f780d5b421d20add04305c855a6fb568bdffda5e6daa0
states/selective/p0.3/rep_07.npz,80421,46c08da5bbe771e2e8e984431c136e7d8e42274a9c2549199e0711ddfaa42f0a
states/selective/p0.3/rep_07.rng.json,695,f57aa0f914a2b146753abf5f9151aae7c8a334893e50f28802df9e47aa986ceb
states/selective/p0.3/rep_08.npz,81081,988856c15a2965bf38c01721a55649a75efd13d5951a4294b12c2ad355c5b8dc
states/selective/p0.3/rep_08.rng.json,694,b3911787b618bd5d8f8983e32e7c0d31e69f6049ffc4372c1991abff33cfcb5f
states/selective/p0.3/rep_09.npz,80819,02d768fba23638215e38286568b7e77898e9729b8f273aa7dcc55fb0b46d1abd
states/selective/p0.3/rep_09.rng.json,694,c1d6e4ec709bdcf606ac32ed75268880c593e4fd364ecdd4b9abfa8d3e9a500f
states/selective/p0.3/rep_10.npz,80564,80401e1d3ac7ccd384971cedcf7b61e28de673990da8af9d5e5cb1c31e57ec23
states/selective/p0.3/rep_10.rng.json,690,640017e00346675dfa08f33e695a9628e959a9fdf6b3b446e3fdc76628556919
states/selective/p0.3/rep_11.npz,80502,c5b1158ee21b2baa8e028d6f97a01eb5fccd44a3585850afbbd61d6b1744a727
states/selective/p0.3/rep_11.rng.json,694,73ac730bfaa85711b6c4b35b1450bb209d2e0acb93c1be80ff626c04fcca7c62
states/selective/p0.3/rep_12.npz,80787,3e11ba4753fbe38f2ce6dcfb6db298d6a0a3a8f8903a6b93431250d3d1daf258
states/selective/p0.3/rep_12.rng.json,691,97cc8c151e7018963c2d02d2bbf02b3b9f88e13e8a55feeaa35bd8e69dc87427
states/selective/p0.3/rep_13.npz,80840,967f87a5729e9220f5d3e54d2beb7592dda4655b91beb6ecfff93814eb5564dd
states/selective/p0.3/rep_13.rng.json,692,6119aaf440498188e41a6b1933d3ec3018b1cb98766972c9b6d5acb0f007db78
states/selective/p0.3/rep_14.npz,81000,7c57aeebbc326a356c9d1602415e1e7a7e47a08e24a82225c9bed3fce6e44293
states/selective/p0.3/rep_14.rng.json,692,6432f3b13fc9d3d573b1447cf42d592feef5f58dcab81a9b725fb54af8caeabd
states/selective/p0.3/rep_15.npz,80255,33a8ac043e149786b29195d845adc9715b9c87562808d272245defb17a670cf3
states/selective/p0.3/rep_15.rng.json,694,66161a2559302465a3ddd660687d3e0b2e3d7b0e9960d3ae455efa01a077dcd7
states/selective/p0.3/rep_16.npz,81462,a4a9302760827b6aece290ad700ba5520313b61f3c001f521871d75577ffe915
states/selective/p0.3/rep_16.rng.json,689,14c34e126761cb0567557cc8a35042a18ab7ca47ad142f95ce667e61ff84501b
states/selective/p0.3/rep_17.npz,80162,8935411c25ab6cfc37aef9003ef824966b546b178c46606742eae0bd866bcbcc
states/selective/p0.3/rep_17.rng.json,690,c47de9375d5a8e2ee917910350d72929a5f735fcfcfb60168cfa3c13963de4f8
states/selective/p0.3/rep_18.npz,80405,bd6dc1ccac23132e8676018876a07bd5ff7c232aef35c01880911f757f5a5480
states/selective/p0.3/rep_18.rng.json,692,26d3b32ca05307c3e59f24d0887305e84c82929e163ac0ffeccec5741e040c33
states/selective/p0.3/rep_19.npz,80892,4247bebf452941aa3e7a32aa7560ed08d0ac84f9166cafdfecc47e15b225e400
states/selective/p0.3/rep_19.rng.json,692,e04b4a966912acfb30e1d2192d6766532700567fa61845d0c20e7f4e077d8c63
states/selective/p0.4/rep_00.npz,80475,9f9196bb965b9d8322aab31b2fb6e022e128a73f0567f8a6d05a50aa7f6a35a7
states/selective/p0.4/rep_00.rng.json,691,f7ed4d02d153bb9241b02e2b61f2041f07ced58eb323bae1ee0890303e9835fc
states/selective/p0.4/rep_01.npz,79972,4ca87b1ea709708a14565c9307a1aa3703c1c965921a33ae00373be9535cff80
states/selective/p0.4/rep_01.rng.json,694,b0d90255357dbfc4bcd857fef1556aa950dc1ec41d6f24fd702edfad904ff717
states/selective/p0.4/rep_02.npz,80045,d17a9d4ebf90b9403fe074ab722f70fa53a0e699e063e4d3e561a9f87569b112
states/selective/p0.4/rep_02.rng.json,691,c6cefd78628ee71938c7dc55700564ba67cccab961f6db4d50b9aecd062dfb2d
states/selective/p0.4/rep_03.npz,80208,a49a8b700539b8598ac44662c9695871c5f80b153b9d47779320e7a1d468cd6e
states/selective/p0.4/rep_03.rng.json,693,69882f7f26b24f198fc917da2486558475010c70be5fc38953b4bbb47f6e2879
states/selective/p0.4/rep_04.npz,79571,fe0c155cd3ed8c3567bf3ef63848c9515fb6760f099c7bf733510469b9d0dae8
states/selective/p0.4/rep_04.rng.json,693,0df72a4219ea406444dd82a21240ae485296204a82da6f21e433f1c9f7362052
states/selective/p0.4/rep_05.npz,79067,2e8edd12cad8878064ecf70b335f5555feab87da520a9ff8ba5ed833621c1a74
states/selective/p0.4/rep_05.rng.json,693,62c236b16c47742ce4830771212913262233940292dab705e31b1fc063ecb835
states/selective/p0.4/rep_06.npz,79007,dc4dbd8ca5175681b447459ef47e7bec07f044ca5d947e1153fddd75551bbd6a
states/selective/p0.4/rep_06.rng.json,692,4f6943da5c5148463ed91ea3c72f8d7288b07ca394e27857ff71872c177e6c19
states/selective/p0.4/rep_07.npz,78737,72721f66ce31d243e65871a472264458a3a8139d60fe295a32050a1a371e67ad
states/selective/p0.4/rep_07.rng.json,694,4c9e407956603ecb8cd4a22121226d3b735077eae04a4861b361b3e80be240a7
states/selective/p0.4/rep_08.npz,79327,9a7db4de7e511a897cee6f1ca7e870e10ddee8f6fb5bf979c9e9e3c36aff3c5d
states/selective/p0.4/rep_08.rng.json,694,b737b3f02e6b2aa6c384aa5e19b05cf1e952495a682aa31dbbe07abccc974943
states/selective/p0.4/rep_09.npz,79889,35ed3f7089600dc4ad96e3deb7d5d87f52915d8f7c16262131fe63b10d6c7cf3
states/selective/p0.4/rep_09.rng.json,693,cd3615a50fbcc5d2c6f549f1735508b2f03e8303fac3002b889a87818b2b061d
states/selective/p0.4/rep_10.npz,80172,7263854b8b1973e7f54b2d5ad2135970047ef50145798c35279f1924f2665ff3
states/selective/p0.4/rep_10.rng.json,692,2422b579dc248d621bb1ee38be16c66d90f3c8127247b196cbe90266016972f4
states/selective/p0.4/rep_11.npz,79346,bd2c83af99f60188998cbe4d6a9c2b7be6a7d7921aaf259737f25cd381edab29
states/selective/p0.4/rep_11.rng.json,693,3981adf5fca7ff212733404b80de77bc674eae99cbe1edbd8dd716c01fd725c4
states/selective/p0.4/rep_12.npz,78657,f39066a11ad4f1a1109ca3726bde7dc0f25d25e8b23f217aed9e4e21f0010728
states/selective/p0.4/rep_12.rng.json,695,b158944e1e97cbea548344c38a9de2ddb2b863843bea44f111139a9e3f3fcf4d
states/selective/p0.4/rep_13.npz,78845,94ce8c2e6c8905ba506f0ef710924de531ceacb412202d6ac09d49b906feeb15
states/selective/p0.4/rep_13.rng.json,693,0ec058af4610b65b0b1a0769e196098e472e2354696970494ff0d2d713347a86
states/selective/p0.4/rep_14.npz,78416,a76f68cb2032806d4833f429e54d8933cbf0d1c82d89d8b641f155488e7c3e16
states/selective/p0.4/rep_14.rng.json,693,7630f6b346667ac5cffbbaf18a6f09364c1ba4805ce3d20faac1770bca4de09e
states/selective/p0.4/rep_15.npz,79614,3fa279000a5dd2808eab76f2761ec6f8ea5b0e6f0b849972aecafeb42975c120
states/selective/p0.4/rep_15.rng.json,692,6a0bfc25831dc8807bad2e8a510df61b481da7f68487238d0a17564dd7b8f19b
states/selective/p0.4/rep_16.npz,78798,15f45b63ae5b517b060f703b6678e87108f43c9bb5b353b40e1fd7e7a09808f3
states/selective/p0.4/rep_16.rng.json,694,918e1857599952b6d86e16a1bee24e686a7f4a1b5613ef6ebcec43cdfccb55a2
states/selective/p0.4/rep_17.npz,79352,8dd23b55fc99b5fb1253906bc1740933d672f725350f24e398c239d65fac5af7
states/selective/p0.4/rep_17.rng.json,694,aa06135541b6d8da076a2cd41a7f4f705848f6395d73ba7c23893977fb3b8475
states/selective/p0.4/rep_18.npz,79995,9e8ce9ff9b0d4fd9efec0fbdc76a14e96de75b682af30582381a0b8d877d54fd
states/selective/p0.4/rep_18.rng.json,693,0dd765f56bbef76d7af34b423745d201f10e5efc3faffd3d89609ac03018ecf2
states/selective/p0.4/rep_19.npz,79003,fdc65349bccdf9a910c84e3b9347d86ad59c783880cedbf120f5dae45e2f4b8f
states/selective/p0.4/rep_19.rng.json,694,c15010d97f35b96440b7a3df92585b6b65c76283fcb1ab62818061cc8ba66a7a
states/selective/p0.5/rep_00.npz,76204,18d99106d8e150b2b41d1f9b4b63ff705c0e8b901411dfd62592510dc9cc8400
states/selective/p0.5/rep_00.rng.json,694,5766983a612ba106e6ccd1cc48216d46061f6c0da30ec8ac7201bf854b5b145d
states/selective/p0.5/rep_01.npz,78149,da527a1ea0412b54a5664d21c4d411b14203ca3104d6a1c89be3da132337c94b
states/selective/p0.5/rep_01.rng.json,693,f7a333b6b42e5f5efc8a3392033e62fdfe7567216f7e5d9978f460a0e47e12e1
states/selective/p0.5/rep_02.npz,77581,66ee3e43440ae45d16927b8c1001f86f5211029e333c07e897f7cf6d9811c866
states/selective/p0.5/rep_02.rng.json,692,6b96b1edd4912d70450dc40ef0ce11d37b1d247fc74aad86f0d9a5d08a5d67e8
states/selective/p0.5/rep_03.npz,77382,fbb9c8f682c2e2024a7602a7926ac757742e10cbda92170309ed1277ca0c01f8
states/selective/p0.5/rep_03.rng.json,693,20dcc3ab8f0a9bfb60b01a9c6c908247659f241d1658738eed28504ed5647e54
states/selective/p0.5/rep_04.npz,76979,2b4c3de34a09a9c5fb855a30c2763a0845a22a6f79d788815fb5a5b739877ecb
states/selective/p0.5/rep_04.rng.json,691,86097ab5463f8ded1f3f8f9d26ca6dea0c27dc871f2e6567b0c7a6cc42db72db
states/selective/p0.5/rep_05.npz,76168,fd0f6dcf64fef6a41771999078de640cac2c55db1afdd8f2c92be7bc8268c247
states/selective/p0.5/rep_05.rng.json,694,967acb1fcb1bf3d53009f6abc982499357264002b1c0721f77023c6a668d712e
states/selective/p0.5/rep_06.npz,77341,ad6275a7dd49773ec6d8d0293dae8419da5cfbc4896f3fff9a8e9377a6116227
states/selective/p0.5/rep_06.rng.json,692,556c863485e6fe5fd639d0dfcec98e483cf04852f04fc5c94d31a122f25c8fdd
states/selective/p0.5/rep_07.npz,77421,0d28d7262392f58773d2da2463f81c00d5a0f8e978323127102815fb1b41bee7
states/selective/p0.5/rep_07.rng.json,689,008e10e63e513f620d40adec8f7c278f0f55ddea68c05eb96f249fb51da96e07
states/selective/p0.5/rep_08.npz,77420,1716cd6c53b66a5c06b509fdb4b8a2e48fd5516f4522fcf0cd099d73e7bbdb8d
states/selective/p0.5/rep_08.rng.json,690,e41dcb75598478a7ef06540abfc64c447ab0240ee1164ec85add02675df366fb
states/selective/p0.5/rep_09.npz,77738,23b0229ceddbbc1e791d5665084a9604e160d387d7fe4432dd1fda45153b6f71
states/selective/p0.5/rep_09.rng.json,691,8e42ee7ebc29d210150cadce5fac06fd676790e5e2e7f84836b4f0856d8c976f
states/selective/p0.5/rep_10.npz,77647,0a65f5dbf35d835b070119d2c9b859928386044e3295bc5b4f5df53a76a98919
states/selective/p0.5/rep_10.rng.json,694,7c4fae43026cbf1d87debd75f02d6ce33366237389313426823e21386fb2aa32
states/selective/p0.5/rep_11.npz,78032,d4fe0f26396f148685dc127c758ffc8594006dfddd84593ca97999d79d2cbfba
states/selective/p0.5/rep_11.rng.json,691,a560c243c736b9835bb62b4532311d60dbaaf7491466c52c0ed7ce0efc9e9bb6
states/selective/p0.5/rep_12.npz,75938,673523a8f9b9d2198ad977072bc54e46cb44575e855a97ac4026f6b5dc7ace35
states/selective/p0.5/rep_12.rng.json,693,7766f932c00958ea5a7dc885807e89694db84eb737a7828423a55abe8573f727
states/selective/p0.5/rep_13.npz,76921,c968ac0c50f8444d346aaf98b699bc13b7aa72faaae7d4eb686114f0feb27936
states/selective/p0.5/rep_13.rng.json,690,fdb2de2d655c5ba1cfbf3cee42fb46ea53a7058c06bd6ff65adbb6922ee5fb5c
states/selective/p0.5/rep_14.npz,76390,a069142998310546141776711620ec6a6d92032475b48940b563d06ad76bb041
states/selective/p0.5/rep_14.rng.json,693,6c23176b42dfd0d32eef05e5f3afde54e772360452396553f9920069d62cad7f
states/selective/p0.5/rep_15.npz,77098,cbbcbd8d6d8aae277655a550e69dbf4288f5c1970472f7bc3a6fd6fa91511a4d
states/selective/p0.5/rep_15.rng.json,694,b5b9a77fca0c1d5c206276b4a6520df26185f4301c52cd28311fcf9922ccb130
states/selective/p0.5/rep_16.npz,77557,5591cb2a51250cf0d1efe97b23181a452053b25792e6833d7b1d8c82a6ba0b61
states/selective/p0.5/rep_16.rng.json,691,2fbb1279da260e5966ef73d53e3ed3a9011f65465fc4ab0a784eb6533e756c40
states/selective/p0.5/rep_17.npz,76371,302ed111423ca3a1cb44e2395bbb6b25a6b589cbb7e2fc0d9d667dbcde5f73ba
states/selective/p0.5/rep_17.rng.json,695,b0333c4d7f7b3253df99316acaf15b09033fddc4a33f4bc682106a06f8f6558c
states/selective/p0.5/rep_18.npz,77452,6b44d76b539dc9071fb84152cc3c08baa42293cb9c630edde42c93499cca94e9
states/selective/p0.5/rep_18.rng.json,691,28fa1ded158c7ef5a274658e102f18246b5362409b7e1a75c7dfb3797031bd29
states/selective/p0.5/rep_19.npz,77696,3da63d08add9f855569be8881dc034a48efa4a0cb807d7f0cc4d075f679306a6
states/selective/p0.5/rep_19.rng.json,693,43498bc8c5d99102a059a6453f59f3af767253c5ebe9f844a8d4dbed4ae20192
states/selective/p0.6/rep_00.npz,74115,66e0ea84ecc532b5f193a82d0cf9d41c6563f4bbfd5255cd607408d1b6277871
states/selective/p0.6/rep_00.rng.json,692,286dc923bd0d340d98e5b9d970fe290864b863ac5a0865bd3dbcb531c67de9ed
states/selective/p0.6/rep_01.npz,75480,0fcadf1ad983648824ada3b76bd96241f9b597cbcbaec7ecc2a2770909112986
states/selective/p0.6/rep_01.rng.json,693,4020e509a30771e0aa54c3ecb36a3997d4d74ade3ffbb2f939a5d550e136a4aa
states/selective/p0.6/rep_02.npz,74638,bc2d05804312205119f2ff360e7faee925c0c41753b6ae2ca10591f8d8caeb84
states/selective/p0.6/rep_02.rng.json,691,cde96a8091080e992b853e5efb19cb63e8dc91550ab34cda29f49dddc9726c80
states/selective/p0.6/rep_03.npz,74276,2a920d2ed3fa73c2e3e64a7ad89de39f8e542103c861d801983ac49d1b91cd45
states/selective/p0.6/rep_03.rng.json,695,8886ee81503cdaf3ba96525e42b99530c8dd45767f4de9a1f05ed9e723962556
states/selective/p0.6/rep_04.npz,73627,daa3bc4adbcc512d64459339e61f33d2e320c372782ce81569372a246a5f61aa
states/selective/p0.6/rep_04.rng.json,694,de25251cc7ffd733ab6edc339dba089bd561538aad0ee62a9e9f70e574c51718
states/selective/p0.6/rep_05.npz,74886,790ec365869d4912a1b3f60f70ad39b53ed98096f698c5a00b723a515452cf2a
states/selective/p0.6/rep_05.rng.json,693,877e513c57e2edf36f923597ef397de399f7debd678b0a4552884957f653ac97
states/selective/p0.6/rep_06.npz,74469,a02f8ebdd3e6299fa487e0402e9824e4cbd8cbeab162fff26d759e3ba108186c
states/selective/p0.6/rep_06.rng.json,694,0fc48ace81f4d5baed53db74971d40049761aefa3466d1b6e97c6d26205647fd
states/selective/p0.6/rep_07.npz,75259,677de5c7af47b00bc4f3fe46d1ddb864e793a5e14e4f45330ba8723b11286df4
states/selective/p0.6/rep_07.rng.json,693,09ea7d48fdc64a757e56a0371f59d03ac65c74a8245e3b6e555c26f9362d2233
states/selective/p0.6/rep_08.npz,74476,cfb467e52e24fbe83fb4e7240e421c60ff73a08621bf2d332d6a871a0780d4c9
states/selective/p0.6/rep_08.rng.json,694,ae66406687829046baf36a53f393af12d5eedc1e2f0d673f66a0f0369c684363
states/selective/p0.6/rep_09.npz,73870,4ca2cf34767a53d9eba6ddb41c015c20760648b7306f1fea43c06df969b19cb3
states/selective/p0.6/rep_09.rng.json,692,6d2166eedb9d875a3b4db2a28e34abab0ed7ed3fbbf6d404fbcc49174bc969ca
states/selective/p0.6/rep_10.npz,75036,e66e1cf6ca5caceb4f9654a453fa99bb0b2e31052762504f67bcf0b21e5e3e34
states/selective/p0.6/rep_10.rng.json,693,f4595809f9cfa2a79eb4887511719cd9149627042a316b9e53139cc630ff91a9
states/selective/p0.6/rep_11.npz,74361,52211a91edbcce5ac824f0f6e86882c1ac86afaeb4af825562165befdec2a82a
states/selective/p0.6/rep_11.rng.json,691,f3733c2ca6612a275080e1e4dedecfd1c864743ac2d605d4df8855e0a3723013
states/selective/p0.6/rep_12.npz,75848,985844c234b140cc98c3b997d9bb7f3c210e7003fe8319931b1cf2d39016b06c
states/selective/p0.6/rep_12.rng.json,692,a2dff38ffda18bdc22f5dae4e496439ca11ea130e27e91b9f794b65851e6cf36
states/selective/p0.6/rep_13.npz,74349,1c0cb58a48b54fcfc45b355884ce9065c03d3571530f380d2ff59b08b09d8b0a
states/selective/p0.6/rep_13.rng.json,690,01a6a0f084c6ad26b40baf78aab636b94cc7021db32e8ff680aa648ef514e7b6
states/selective/p0.6/rep_14.npz,74064,c3bdaed93383485f9f367746635b928abf970837bb49833a6af6ce05c180c8cc
states/selective/p0.6/rep_14.rng.json,691,52f376fe00a4616e1070e12e6d162f6b4ac6e1a2153cad5ad3607290ee13f911
states/selective/p0.6/rep_15.npz,73605,43aa391fca09c21e595244fca44dde092a0b537dd12095f2d82ab13a1be61ead
states/selective/p0.6/rep_15.rng.json,692,c13ef777d73d191a268d439bcdf52f9c95b55cf8f9d225ae29d2711f9310c457
states/selective/p0.6/rep_16.npz,73825,8adc112834c3676cdf0c1c50423f9a235839ffd698a39225f3081766f8aec367
states/selective/p0.6/rep_16.rng.json,694,69e6d37f9be9031c64b12b69a82af307460af5226e37b7c253b7612385f5c37f
states/selective/p0.6/rep_17.npz,74265,a2580087451442eb6110c6713bc6a5c7ae5104a59aca06880c91fe3cbe3e22d1
states/selective/p0.6/rep_17.rng.json,694,ad62121a2a2aea70b0a2fdc5453c794fda3143431de41a8dd534b8ea9f74979e
states/selective/p0.6/rep_18.npz,73433,22162bc3f2839b6ce13c978106d0af84b96788aa680a19a0951caa9de9332520
states/selective/p0.6/rep_18.rng.json,694,9bc4bfd043c9f84c2405736eb9172df16b0c542db22be29a7af8a3aa269aa4dd
states/selective/p0.6/rep_19.npz,74700,fdf75cfc0aee387995354b60bcc615024c3164cd845328b02e52cb406eb01f76
states/selective/p0.6/rep_19.rng.json,692,922c26d05123614068735584645ab26c624f72a910acac9207f8fb30afbd7b2a
states/selective/p0.7/rep_00.npz,71434,f0a9e8e8d974c181c5794a25e2b5780ebb8f35f717054a747669ea90332195f4
states/selective/p0.7/rep_00.rng.json,692,a031d9d6bce4dbdd05b552aa43901a721475ef5bd169545bb31d70d7584457ac
states/selective/p0.7/rep_01.npz,69793,8cc247e6a1603f8d7cd8ffa68453830641d99a83400d2ab33b2cbd43eef7ab20
states/selective/p0.7/rep_01.rng.json,694,f4ab8a7f5c30616c5ed7a970fe0e69a459ab9962eb9dcbe523cdf7f84486af96
states/selective/p0.7/rep_02.npz,70735,93544747a0952b8dd309678317ad011b0c364fc40ae3b9ba456024c3374fcb91
states/selective/p0.7/rep_02.rng.json,692,0c719923336408b8d79392a3ca1f1b2f17bdc62bd1bae25a0cdb12570642019d
states/selective/p0.7/rep_03.npz,69547,2d117c1e067e68b8e286d188417c2e5c2b8e47b193a6caa901b58524d980d3e4
states/selective/p0.7/rep_03.rng.json,693,6930c7da778a2b1644d43ec4595742414eeb685c448c63ce0a313d44a95e2434
states/selective/p0.7/rep_04.npz,70265,f641f0cd61b7b6dd16a5b49fadb062c4ba826132482842b0f235adea7c2e6506
states/selective/p0.7/rep_04.rng.json,694,9fd017c3f34020170a83a75c7cc293a6886ef129dbd011aff6a8aaede0ed9018
states/selective/p0.7/rep_05.npz,70979,18e296382cd286fb6821af474728be894f241d7c1464ef543b36501988732145
states/selective/p0.7/rep_05.rng.json,693,a28cb18b80b2a79abd272884406174583d5035713b5799b4029edb56e96dd8c9
states/selective/p0.7/rep_06.npz,70531,f031eafe4798dffe076edd5082a15b9b6d4211d81513810883b98afdd7403ea5
states/selective/p0.7/rep_06.rng.json,693,f8198183afc26e1d6b019ffa7d7077204cb7c44cb5e10b3b61f2cf914d255876
states/selective/p0.7/rep_07.npz,69690,8179fe6b10f5c70429fc4acebdcc0ff40c2e6bf4d8dc33609a5b5b399c92a941
states/selective/p0.7/rep_07.rng.json,689,d64db9b6cc04ad06ed672c17f967b9288e7f833076d852bd2bbaecd43abb41e8
states/selective/p0.7/rep_08.npz,71818,9edceea8bdbc7c6197b7b7aaeecffe716dbd7279252b3609261fe459b334c5c1
states/selective/p0.7/rep_08.rng.json,694,74a191843b342707ec3b5169ad6ef509cc6b92e6b9667087d94585e350fd497b
states/selective/p0.7/rep_09.npz,71972,ed0c708936bfbc4f7848ccb8fe3613dafeed42139327d8b8cb3ed23266266d58
states/selective/p0.7/rep_09.rng.json,691,676382fea1ab0547b6ec7b66394ac698d7df4d3602e4ae44248ee9d4e46df9c2
states/selective/p0.7/rep_10.npz,71187,80928c7cb7af3e5948313def2e8f4641ca80e204daeceec9da5d59e68a44a745
states/selective/p0.7/rep_10.rng.json,694,a3d0b0f541b34ec59913b23a37212e0a80f6390a758fa48a0e1215ec661bb20a
states/selective/p0.7/rep_11.npz,71143,6319ab31f7f3af1aed4cb7725faf49aa40c5c1ee2e12efd2f11f452981f960b8
states/selective/p0.7/rep_11.rng.json,693,841ea8d277dc35d08cf3d30a0b46c339536430f274c42019cd0b2d0d513d9ffb
states/selective/p0.7/rep_12.npz,70668,fb553fe482fa2ea095c78bcc8a58ff51a1824d438549a49cfcf07977c7eef675
states/selective/p0.7/rep_12.rng.json,694,4192d37d66ec0f7f73fee0dfa67fa8baf6c84369f8adc705ad1bc9d14bd239e5
states/selective/p0.7/rep_13.npz,69473,760694b74c6f145b1ba5b8104d6f11a03181d0b40a9cbf3b000fa9721aaa3745
states/selective/p0.7/rep_13.rng.json,691,e972b6e9bd334ab4d1aee66a529324c9becbf44ef13cde1624a1c56e4b58589b
states/selective/p0.7/rep_14.npz,69999,c5d829a9db320bac04b50ece50f0ee95e6e5838ca6dd13f58fcbcaeaa3490c20
states/selective/p0.7/rep_14.rng.json,692,cddeaab5710e03f981682897a38a49ffde43058d54c2ea925c53a9a363a8886a
states/selective/p0.7/rep_15.npz,70571,06e07eb02e656f098179b94523fd828247ba225bd2966165de36134cd2b32206
states/selective/p0.7/rep_15.rng.json,694,abe9839cd5c0316f8b9ae049b0e0ab30a283be867711125868730f3f26226af6
states/selective/p0.7/rep_16.npz,70394,e79b359beaad59e6b3b2e0526a81b85a77e7e51ecf71689f063caf86d143526b
states/selective/p0.7/rep_16.rng.json,692,db7936fc2c1db64e34d1b5bf41a2db607c6b25fc17414dffb7d5dc5ec622de27
states/selective/p0.7/rep_17.npz,70711,247475bf8229bca2c2e905bcb2835809ffce45c3be9c537dc1f30fbba8ef4241
states/selective/p0.7/rep_17.rng.json,691,1b96ccb0e945799d203853abcce742308e9ad1d111b2b1e02effa707b9446032
states/selective/p0.7/rep_18.npz,70228,845b87ba2be988a0b37fc016bf4d347cb36bf01c62b51b9c1144a3536dce0b23
states/selective/p0.7/rep_18.rng.json,691,ba5dc43c5b4f3d76f67a207221ed00a185220c8c879d48864af4b0fbf68fe6c7
states/selective/p0.7/rep_19.npz,69825,0bfa5424d08cd0db0c35d8d830e707d11583ff2bce3fb316ce469b90dcf2a755
states/selective/p0.7/rep_19.rng.json,693,e116c71f5066f981ccf65e37be0903eda1900f56dbbf79d40cd4f8da91d52c35
states/selective/p0.8/rep_00.npz,65274,c8a07b488efa8a0be77d6c570b3fc6e5c4d568a7ce104c471353a0d740972401
states/selective/p0.8/rep_00.rng.json,693,c108c73e1f47f49e158ffd3b1f41487a948af1922832a2c56a00be20b66b2b11
states/selective/p0.8/rep_01.npz,65019,7213fa20be4173e92bb0211e891de51b588d2fe4b9e6686b05fbadc8d97e7f6d
states/selective/p0.8/rep_01.rng.json,691,db29882380353b4060a109c041e039d62d44730d11cd24b863be313b2905fef0
states/selective/p0.8/rep_02.npz,65013,5a71c7113a2002209478a1338f98297eed3dd777a941ed027ba7d11a7be833a3
states/selective/p0.8/rep_02.rng.json,695,91c24ae2a71619024f85bd36787d36cf20154a73aa9b43c1dba05e69a6f7710b
states/selective/p0.8/rep_03.npz,64640,a8774185fba21cbcea6ce90b711a271433b915effabee0abf63083d2724e630d
states/selective/p0.8/rep_03.rng.json,694,f119f291573064852cd98a80679ffc31b2a07668f0d536a778c325de708b463b
states/selective/p0.8/rep_04.npz,63213,6a5e5c7c590fcd3d626ef1e6e4249d96257389e914a9fa6720c04b2a77dd7d92
states/selective/p0.8/rep_04.rng.json,693,471233a233d80b07dd8a9bed9a6ac6c185f1aca5e294ef0a9cbb4f4a93d67636
states/selective/p0.8/rep_05.npz,65492,f1b5c904531b489d9964802f585e38457da385ab3bddf29ffa164efa17e6e751
states/selective/p0.8/rep_05.rng.json,693,1ec07dbab616375f1c72c51e4b9cb14135aa338a1a45ebf4b246dc8c21d9e641
states/selective/p0.8/rep_06.npz,64003,4715b3c7c9792aa7dafd4ffbd2a689f488907a540df9c05a67bca8555a8a60bd
states/selective/p0.8/rep_06.rng.json,692,069ec49182b0e8ccefd34f364e7b0c7eb937a5a97a3e74d528976872d274556e
states/selective/p0.8/rep_07.npz,64855,ea340afaa42fb6b1f0a644c0fb04c41a19fc19f1383dd6114646135743278c56
states/selective/p0.8/rep_07.rng.json,692,2c474aa8b35a7864eb397f1fb3b9eec1c73a9a5dd679b493951671c839090073
states/selective/p0.8/rep_08.npz,64811,82e191feae3e3e8d79f30a856124eadfd78df09af7f08723c7214d1bd5db80f1
states/selective/p0.8/rep_08.rng.json,694,5bbce13fd43d0f67c07d5b3c85d5a0a3a32841fdc0b1d58f507684470ae1455a
states/selective/p0.8/rep_09.npz,64617,187fe6268de7f7ae6f05cb99070cede8378e7428b1deeb45d12505c13a0f816a
states/selective/p0.8/rep_09.rng.json,693,1e09a8f717fe1574ecce7f60bdaa8da3b034101f732be907dcf7740ed940bc05
states/selective/p0.8/rep_10.npz,64979,c14d0fc9e263a11ce109f145f682340dd80a37870919107553570899463ef01e
states/selective/p0.8/rep_10.rng.json,692,c8c5ac253b1f1bfaf88643221de0b24230efde3145f444529ab7396589281de6
states/selective/p0.8/rep_11.npz,63718,e4947caf3d882fdf48a532249615790fab1a8a391c4b63abab8c9b3647ca55a0
states/selective/p0.8/rep_11.rng.json,693,dc27b32586d9ec7c6a4b630671785f19e3b13e29630967d57cd30ab1aae43492
states/selective/p0.8/rep_12.npz,64104,dfcb19bda9dba827679ace674cf7eae3533c07c2316958cbb7beba5ada2b5823
states/selective/p0.8/rep_12.rng.json,692,d72c967c99b4b67377fdb9825d1bfd4a10b08bea634dd3116258e81c2b4be0d7
states/selective/p0.8/rep_13.npz,65440,ff43f3afd600f43468d273f33088da838f9ae4a04d375dd9b0855e71b949c795
states/selective/p0.8/rep_13.rng.json,695,48f752e504985cec15a5b0bbe2fdb06a66d3ee061a39132d68c581b3220d7ebb
states/selective/p0.8/rep_14.npz,65804,49f441af4224029579ee57d68f869720a9caf678e321d5ec92a54b700d7bb31f
states/selective/p0.8/rep_14.rng.json,694,e886e68fc855678dd3004da6800af1b529ae49e42e59643a0fc6a6aacc896836
states/selective/p0.8/rep_15.npz,66161,d40ec9dfb3d2d06c61f7b4210124179a239b5b3e9ef810940e3aee46c4837670
states/selective/p0.8/rep_15.rng.json,694,2eefc91331735e981758faffae05439f42b1e5e2025881e30656e7a2454859cf
states/selective/p0.8/rep_16.npz,63951,6770f195f197e51d2abc15c287e6c8aec1bbc949b51cf1c55fdb4f2572b45c98
states/selective/p0.8/rep_16.rng.json,692,145088c76d90c80bf1b25160c5237f821bd44629070bb250412b51adfac89c95
states/selective/p0.8/rep_17.npz,64357,44271d55f052c96ae2116e9d8952ae2909337dd08632a3ccc80b26d2ce4f3472
states/selective/p0.8/rep_17.rng.json,688,138e74283a4d584da44fa3d985d958408bf1c5a4e5a00c432c3c2b7678aa4f78
states/selective/p0.8/rep_18.npz,62911,5e1850fc515608b96f8be7fb5081f84574243088351487bd3d33dbf2b55f034f
states/selective/p0.8/rep_18.rng.json,693,d6f1b1280358611f383266692fbe480b5fc12313cb805a17ee3877939927e48e
states/selective/p0.8/rep_19.npz,64620,9304700440defe29b1f99d6776e9346798eae3f6edfe081e84518827626d4c08
states/selective/p0.8/rep_19.rng.json,695,a8966a3e5da44313a914997659597f4b6fd1179fc004a53ff55af6e70580c91d
states/selective/p0.9/rep_00.npz,54751,23751c397970db05e3cf0a47b09b103f1cf1572ac5f573d839b973f960c0061d
states/selective/p0.9/rep_00.rng.json,691,0198e36dc9d4e1fb755516821cc9292df04cefcfd87c0216cfa953ddf93ae030
states/selective/p0.9/rep_01.npz,54844,0bd36dd2299ed38be2769a362c3affd9922005d69c17b671d36647a05609040e
states/selective/p0.9/rep_01.rng.json,693,c9e80889fbfb2901a399f4b77053675831472e17e10aadde3b9eb488ec89bf4a
states/selective/p0.9/rep_02.npz,52755,704c3762781d54705104a283b087988e45ddc3737e7cbd5fd26d99912ccd12c0
states/selective/p0.9/rep_02.rng.json,694,ad5e5daeecf93e50edb749cbbe64f7aaa99d3cf7c5a60528983848a69cf5f756
states/selective/p0.9/rep_03.npz,55879,04f3b12229e44b52a006fe5f253d06138508eecf36d7b56bf6b2904b16fe060e
states/selective/p0.9/rep_03.rng.json,693,0f83df4e9e24329af0acf3ea763edab0e80dabbea3cb10678973ad4c7f1e9ab1
states/selective/p0.9/rep_04.npz,54601,f9d7f89a7c70535d4d0a989ebbe73712dc126e22e5e805829da75a75519d4e47
states/selective/p0.9/rep_04.rng.json,691,d8286e4ae330d19314547f793cb4e7d91f177b3a803223db46384990c7975ed7
states/selective/p0.9/rep_05.npz,50522,36313c0a69e8230a9b95eb5549597c2a4b69aba9f567db65e4caf29d9e6555d5
states/selective/p0.9/rep_05.rng.json,695,64337a624178102ae97d40c14069f63fc6ec750e9f73fd5ecd4519bb7b4fe144
states/selective/p0.9/rep_06.npz,53167,0d7d9e7a7bbe956e8ff7115ad3884410ffa49b8276ebcc1efac8c0b5cc948316
states/selective/p0.9/rep_06.rng.json,692,0c737d0e1046417332d2b0b92cc479d08c1c223bf645ac26b1b80f4dceda95f9
states/selective/p0.9/rep_07.npz,55788,28b6352b86afc6e48ac60179a493c89fffbea32507d36beaad3ba79907b79681
states/selective/p0.9/rep_07.rng.json,695,94feaf0d0c533b182a16004be3ae7723481ba713baa2ea86d5c15292bfa5f7f0
states/selective/p0.9/rep_08.npz,53271,161a4970916cb70e423f9368dee607148c0ab1178f1966a0d8ab2b19dba6df64
states/selective/p0.9/rep_08.rng.json,693,e3a011cb13b0538823e9f4468b3739703033d8ecec9064908b79be526a8832f5
states/selective/p0.9/rep_09.npz,54783,03117cc3360d35c9f2807b5c10e61aa02fc4707789805204a9b985a7c60c7be8
states/selective/p0.9/rep_09.rng.json,693,1873a153c8733ec635967323195dd12f74140561da7fa6f687132ffebe0d2ed1
states/selective/p0.9/rep_10.npz,51568,a3e1f0efac4a52cdc57ab057c18b950d032b211bddcda77de29ef0ea5e9d9de7
states/selective/p0.9/rep_10.rng.json,694,bf3ed5bbb190a4254044039f4d91340b2e667f2aaa63cad51b71c8bc59dc9983
states/selective/p0.9/rep_11.npz,52118,9e06988a94210b1c6021fbf78b28b1aa04ba2aead31d4a6b7de1e5673d88cb48
states/selective/p0.9/rep_11.rng.json,694,b29fcd12f20f1060523910d2d9d2b432fb5319adf456fa77c5d80eb6e68cc981
states/selective/p0.9/rep_12.npz,52681,5931a4548de6b8f0073508b9ee41b07beab5c5b97d1997f41be8a0c49df5883e
states/selective/p0.9/rep_12.rng.json,691,fca86ded2774b6965be194269a83573398a6ab1243403332183a42741becc339
states/selective/p0.9/rep_13.npz,53419,20e2042f221deb60030ddae54aaa0811a912d263826c18227720057c794ad564
states/selective/p0.9/rep_13.rng.json,692,ce6da47a87b4d7cf89e56bd12cc5bb87d9ee8a185ac3027ff67651015021eddc
states/selective/p0.9/rep_14.npz,54038,456d03ad6dcfb3236ef246073681bb2fea4b59c58cf5f7c73977d3f7834d49ba
states/selective/p0.9/rep_14.rng.json,692,20f80571bb455d879d38cb711d15417887a181063858452d8e9eeb33fecfc3b9
states/selective/p0.9/rep_15.npz,53445,3ca369a14bae8eb1714f127c247dd88fe3cdc286c84e6ea213f572bd2a891911
states/selective/p0.9/rep_15.rng.json,694,b53b549529e10cd8b047985fb614653016778fbafb2b4bba68b21ac9ed9e5d64
states/selective/p0.9/rep_16.npz,54955,83570a9d691b69ad316a897deb1771e3e4aa319f4af4c4b30ac7f4df3990f500
states/selective/p0.9/rep_16.rng.json,693,206fb780f60e3b1dc1ff5d0de5b17e13dd34a18e7b876c30975b4e4211bd095a
states/selective/p0.9/rep_17.npz,52787,4220aff1b8fda7bca58bba44f2da0dbe00bc3974789caac59bcea37ceefe69a9
states/selective/p0.9/rep_17.rng.json,693,c612168e7d283e599f8121c4570cacf02588fb2f4d6fc1961674d8df6c8da254
states/selective/p0.9/rep_18.npz,53539,78c3b2d429164a4b1d2771a14afa7652104c7938115f3be20a310ab253593611
states/selective/p0.9/rep_18.rng.json,693,d893da0d640a76f51287cd51996f8484254ad65380d268bcd3b8d800666112db
states/selective/p0.9/rep_19.npz,53877,3a4b1b2f8d3acd0dcb7276126151e20c3445de79a3234b3b7c095d2ec68d58d1
states/selective/p0.9/rep_19.rng.json,695,0f4797e4c289c8172078efff6c9f73829aae2d921a26cb82c7c57495633bec94
states/selective/p1.0/rep_00.npz,29846,316a90e4d22e3c650b512a1fa374d7592dd92eb74961a259e96fb75f4fd2fb23
states/selective/p1.0/rep_00.rng.json,693,7973c8df05b969fc6a17ff12cf97847cad2a50ee21c26c5257d5cd32444b4e4f
states/selective/p1.0/rep_01.npz,30451,ea2ea53784410edb96e48d772133dc705d9cdf50bb69a05e1d3e327399064b43
states/selective/p1.0/rep_01.rng.json,692,2a491474e03aa601dbe47335bd6683a21e2468d81e298089bce74e38829f6c80
states/selective/p1.0/rep_02.npz,30782,ed5e82617ab6c4c4f29876667d3f53eb540f6f6820f89f42ac455c1ae557d8cc
states/selective/p1.0/rep_02.rng.json,695,6376d0432144926931dfaf2608de9dbd2eb21b4bafa0491a7eb9f3b68f64e8ea
states/selective/p1.0/rep_03.npz,29600,4ba7bf50716d0f2d3dd294efcf90cea9b9f7fa1f9258057c810fc950021b7647
states/selective/p1.0/rep_03.rng.json,693,47ec22e93cfbfaf07834df6593803771d72c4f51bb8fd98b9867450557686355
states/selective/p1.0/rep_04.npz,29761,23db075c16ac633a7b1bffc90968d3f9a4345df32bed9d59f81937e5ba88941d
states/selective/p1.0/rep_04.rng.json,692,b87d019f499df5f7a2f9abcb7c4070904676f2a73c1db61cc6441390569951f5
states/selective/p1.0/rep_05.npz,30161,2061b829d67caea1d9d25f7ac2eb1d6ae2dd6667a70922a21fba2b9ee629f03a
states/selective/p1.0/rep_05.rng.json,693,d9188b4dd4d18f114335519a471672f2f595c6fe78996b15bf25bb44ba20eef4
states/selective/p1.0/rep_06.npz,29544,b7d742d28ebfbfbb911e31e3c5004eb842cbb840b1f994d940597dfc09bd8672
states/selective/p1.0/rep_06.rng.json,694,3a7c34bc953c7bc28416ee54fbc8a6e541ce2528ab76f8a23ac27978344a4139
states/selective/p1.0/rep_07.npz,30021,acf343f5005fa1d1c3f310ca997fabc2c725fdc4d524dcd72ffe8916f4d2b54a
states/selective/p1.0/rep_07.rng.json,694,7020d2d03b6b77db2c9dad7b264e01c6e88ec70342148af11b2ea54d0a312fc1
states/selective/p1.0/rep_08.npz,30406,e8678c5d88d16f45fc942c17a970ca5683419268258178e30d2b2da71fb30147
states/selective/p1.0/rep_08.rng.json,692,39b8b955d21bfc7e4c71d9f0e96d720543d22f2a38e92e99c002465ab9b303c6
states/selective/p1.0/rep_09.npz,30489,eb88d747ab6af2a8b7e519c75b97b79c57e209c17b841641f1a67f2bc7058253
states/selective/p1.0/rep_09.rng.json,694,59c71e662eeaa0079a6645851fb3381d4d1c3cb26263dcc1fa95eb07b93f7994
states/selective/p1.0/rep_10.npz,30342,d53dba681f66308523166231e62d5034c1dd56941137ebf8fe586b9e8f320147
states/selective/p1.0/rep_10.rng.json,692,1f59331c77d9b602f97643733f8cf1214f2de2ba3293c484927d51beaf41184c
states/selective/p1.0/rep_11.npz,30632,f22c82b88f360aa93b7f6c46028ac0cce62067ff28f5765f85379c6dbcd0e2e9
states/selective/p1.0/rep_11.rng.json,692,e1272e4ff12def7f42a79627653aa9a74f9801c8ebebce877f8fbdeec3795383
states/selective/p1.0/rep_12.npz,30542,34e62b47f9bbb93b5650e4216f45870d286572f865b70f5a4a54e67692889827
states/selective/p1.0/rep_12.rng.json,691,3a687a21b783369f97195a8bb8496f58a6cf1bdaba5a0c4f72decfda84638ddc
states/selective/p1.0/rep_13.npz,30677,c10b005ab51a37bbf65f8e4e48568ef00cb8f69c135e0f8e3f66d319bbee4052
states/selective/p1.0/rep_13.rng.json,693,96ec4f9ecba90da4038ced80a99b307b03700c06eee0236c7be4833821f2a0bb
states/selective/p1.0/rep_14.npz,29293,45bf3b44dfb0fd2e01736aa32373c09451e75c493fa27398be6bb55eee2ff166
states/selective/p1.0/rep_14.rng.json,695,f101bffab2b08b87bf6e86120097470bf9b8d182d458735b29f6cfa0557fe36e
states/selective/p1.0/rep_15.npz,30623,90da769f71f1f3a7a514020c877c4192ee313e9b6d9c2daa3ba036bed1e38b8b
states/selective/p1.0/rep_15.rng.json,693,11bda7518044c88a5adc956fc02c6632f1d981320566b9356476ae4c505ba762
states/selective/p1.0/rep_16.npz,30513,9d097456c6db0631520ba68b3cbbb5d68e07bfc8d1c630366399933389bdc9ad
states/selective/p1.0/rep_16.rng.json,693,df4a6853846434a4c2129c74ff7d63f00b531850adc10417c95e894c85b5a1f6
states/selective/p1.0/rep_17.npz,29741,941bb8c0cba8acf144b214c6f3f78023cba3c47991bed87ce567ba94f6389cae
states/selective/p1.0/rep_17.rng.json,691,08bb75115da1fa7376664a5e9b888815c001733ac80514085609905519fba746
states/selective/p1.0/rep_18.npz,30189,acd4c8da60a6769b688a3ee4dfee6a6bb5bec03a554c95cb2fa8c72fe2c78c8a
states/selective/p1.0/rep_18.rng.json,693,59d4c3d75d42ebabbbdc7d8c71e98720c4561485f75788f8f2672ed72e54b70a
states/selective/p1.0/rep_19.npz,30837,fd5212b35a0ca5a8c301259f53df9a36556767eab81e7eb91aabce564599cc08
states/selective/p1.0/rep_19.rng.json,693,08a3dfc8b72efde083ecb42145eeef0d7f9131db6d1b6f1dfb8172f565b6195a
target_reach_counts.csv,606,00cd68bebaf8a0231e112284455e69ef80f5f1d46ee3f4c7c432377198b55ba1
