baseline_replicate,corrected_retained_information,point_viability,frontier_viability,frontier_source_map_id,frontier_source_method,frontier_source_endpoint_type,frontier_source_target_margin_mean,frontier_source_target_margin_ci95_low,frontier_source_target_margin_ci95_high,target_viability,actual_viability,constant_viability
selective_p1.0_r00,-1.232595164407831e-32,37.88499077690972,37.88499077690972,m000_constant,constant,constant,-1.462789520263673,-1.5911458263597038,-1.334433214167642,39.347780297173394,39.36255594889323,37.88499077690972
selective_p1.0_r00,0.007710099901483917,37.85745917426215,37.88499077690972,m000_constant,constant,constant,-1.462789520263673,-1.5911458263597038,-1.334433214167642,39.347780297173394,39.36255594889323,37.88499077690972
selective_p1.0_r00,0.012416233331015939,37.71831732855903,37.88499077690972,m000_constant,constant,constant,-1.462789520263673,-1.5911458263597038,-1.334433214167642,39.347780297173394,39.36255594889323,37.88499077690972
selective_p1.0_r00,0.026644131355288706,37.97104085286459,37.97104085286459,m011_affinity_rank_group,affinity_rank_group,intermediate,-1.3767394443088117,-1.4952029242540885,-1.2582759643635348,39.347780297173394,39.36255594889323,37.88499077690972
selective_p1.0_r00,0.02700783037863012,38.13747321234809,38.13747321234809,m023_contiguous_substring,contiguous_substring,intermediate,-1.2103070848253044,-1.3419261352059224,-1.0786880344446863,39.347780297173394,39.36255594889323,37.88499077690972
selective_p1.0_r00,0.032327437172162896,38.028250461154514,38.13747321234809,m023_contiguous_substring,contiguous_substring,intermediate,-1.2103070848253044,-1.3419261352059224,-1.0786880344446863,39.347780297173394,39.36255594889323,37.88499077690972
selective_p1.0_r00,0.03940473039101402,37.98629014756945,38.13747321234809,m023_contiguous_substring,contiguous_substring,intermediate,-1.2103070848253044,-1.3419261352059224,-1.0786880344446863,39.347780297173394,39.36255594889323,37.88499077690972
selective_p1.0_r00,0.04338524481169468,37.899504258897565,38.13747321234809,m023_contiguous_substring,contiguous_substring,intermediate,-1.2103070848253044,-1.3419261352059224,-1.0786880344446863,39.347780297173394,39.36255594889323,37.88499077690972
selective_p1.0_r00,0.04368431940420306,37.911522420247394,38.13747321234809,m023_contiguous_substring,contiguous_substring,intermediate,-1.2103070848253044,-1.3419261352059224,-1.0786880344446863,39.347780297173394,39.36255594889323,37.88499077690972
selective_p1.0_r00,0.04453341104487243,38.19073961046007,38.19073961046007,m019_contiguous_substring,contiguous_substring,intermediate,-1.1570406867133256,-1.3034606835706106,-1.0106206898560406,39.347780297173394,39.36255594889323,37.88499077690972
selective_p1.0_r00,0.0622037960913442,38.22352803548178,38.22352803548178,m012_affinity_rank_group,affinity_rank_group,intermediate,-1.1242522616916224,-1.2564230307541346,-0.9920814926291102,39.347780297173394,39.36255594889323,37.88499077690972
selective_p1.0_r00,0.08940736825245288,38.349222819010414,38.349222819010414,m003_balanced_random_group,balanced_random_group,intermediate,-0.9985574781629782,-1.13294295452006,-0.8641720018058965,39.347780297173394,39.36255594889323,37.88499077690972
selective_p1.0_r00,0.1065728704291213,38.255188666449655,38.349222819010414,m003_balanced_random_group,balanced_random_group,intermediate,-0.9985574781629782,-1.13294295452006,-0.8641720018058965,39.347780297173394,39.36255594889323,37.88499077690972
selective_p1.0_r00,0.1129010615331839,38.45816446940104,38.45816446940104,m025_contiguous_substring,contiguous_substring,intermediate,-0.8896158277723529,-1.035644626351225,-0.7435870291934809,39.347780297173394,39.36255594889323,37.88499077690972
selective_p1.0_r00,0.11893019522964703,38.82359008789063,38.82359008789063,m013_affinity_rank_group,affinity_rank_group,intermediate,-0.5241902092827703,-0.668189493706169,-0.38019092485937156,39.347780297173394,39.36255594889323,37.88499077690972
selective_p1.0_r00,0.11903976259574148,38.51003757052951,38.82359008789063,m013_affinity_rank_group,affinity_rank_group,intermediate,-0.5241902092827703,-0.668189493706169,-0.38019092485937156,39.347780297173394,39.36255594889323,37.88499077690972
selective_p1.0_r00,0.11985354695367238,38.62978685167101,38.82359008789063,m013_affinity_rank_group,affinity_rank_group,intermediate,-0.5241902092827703,-0.668189493706169,-0.38019092485937156,39.347780297173394,39.36255594889323,37.88499077690972
selective_p1.0_r00,0.12228940038091346,39.20350646972656,39.20350646972656,m026_contiguous_substring,contiguous_substring,intermediate,-0.14427382744683281,-0.30110336484387523,0.012555709950209576,39.347780297173394,39.36255594889323,37.88499077690972
selective_p1.0_r00,0.1633111797052485,38.868846299913194,39.20350646972656,m026_contiguous_substring,contiguous_substring,intermediate,-0.14427382744683281,-0.30110336484387523,0.012555709950209576,39.347780297173394,39.36255594889323,37.88499077690972
selective_p1.0_r00,0.17163990471537086,39.242365519205734,39.242365519205734,m005_balanced_random_group,balanced_random_group,intermediate,-0.10541477796766441,-0.22902802056000587,0.01819846462467707,39.347780297173394,39.36255594889323,37.88499077690972
selective_p1.0_r00,0.188503887552228,38.929847208658856,39.242365519205734,m005_balanced_random_group,balanced_random_group,intermediate,-0.10541477796766441,-0.22902802056000587,0.01819846462467707,39.347780297173394,39.36255594889323,37.88499077690972
selective_p1.0_r00,0.18939223873914907,39.36068996853299,39.36068996853299,m028_contiguous_substring,contiguous_substring,intermediate,0.012909671359591424,-0.12703580775939718,0.15285515047858003,39.347780297173394,39.36255594889323,37.88499077690972
selective_p1.0_r00,0.18990460367816148,39.140715535481775,39.36068996853299,m028_contiguous_substring,contiguous_substring,intermediate,0.012909671359591424,-0.12703580775939718,0.15285515047858003,39.347780297173394,39.36255594889323,37.88499077690972
selective_p1.0_r00,0.19766052572269796,38.941807725694446,39.36068996853299,m028_contiguous_substring,contiguous_substring,intermediate,0.012909671359591424,-0.12703580775939718,0.15285515047858003,39.347780297173394,39.36255594889323,37.88499077690972
selective_p1.0_r00,0.20837970522623459,39.316458808051216,39.36068996853299,m028_contiguous_substring,contiguous_substring,intermediate,0.012909671359591424,-0.12703580775939718,0.15285515047858003,39.347780297173394,39.36255594889323,37.88499077690972
selective_p1.0_r00,0.22013006361709375,38.932538180881075,39.36068996853299,m028_contiguous_substring,contiguous_substring,intermediate,0.012909671359591424,-0.12703580775939718,0.15285515047858003,39.347780297173394,39.36255594889323,37.88499077690972
selective_p1.0_r00,0.22244215112906413,39.16963433159722,39.36068996853299,m028_contiguous_substring,contiguous_substring,intermediate,0.012909671359591424,-0.12703580775939718,0.15285515047858003,39.347780297173394,39.36255594889323,37.88499077690972
selective_p1.0_r00,0.22543988836295578,39.465019056532114,39.465019056532114,m031_contiguous_substring,contiguous_substring,intermediate,0.11723875935872363,-0.002671225719136472,0.23714874443658374,39.347780297173394,39.36255594889323,37.88499077690972
selective_p1.0_r00,0.229303616422766,39.190343899197046,39.465019056532114,m031_contiguous_substring,contiguous_substring,intermediate,0.11723875935872363,-0.002671225719136472,0.23714874443658374,39.347780297173394,39.36255594889323,37.88499077690972
selective_p1.0_r00,0.22993077027195732,39.15575222439236,39.465019056532114,m031_contiguous_substring,contiguous_substring,intermediate,0.11723875935872363,-0.002671225719136472,0.23714874443658374,39.347780297173394,39.36255594889323,37.88499077690972
selective_p1.0_r00,0.2409587319048332,39.33078884548611,39.465019056532114,m031_contiguous_substring,contiguous_substring,intermediate,0.11723875935872363,-0.002671225719136472,0.23714874443658374,39.347780297173394,39.36255594889323,37.88499077690972
selective_p1.0_r00,0.2497605946128681,39.38917744954427,39.465019056532114,m031_contiguous_substring,contiguous_substring,intermediate,0.11723875935872363,-0.002671225719136472,0.23714874443658374,39.347780297173394,39.36255594889323,37.88499077690972
selective_p1.0_r00,0.2500430108223679,39.44245334201389,39.465019056532114,m031_contiguous_substring,contiguous_substring,intermediate,0.11723875935872363,-0.002671225719136472,0.23714874443658374,39.347780297173394,39.36255594889323,37.88499077690972
selective_p1.0_r00,0.25031714323093385,39.36255594889323,39.465019056532114,m031_contiguous_substring,contiguous_substring,intermediate,0.11723875935872363,-0.002671225719136472,0.23714874443658374,39.347780297173394,39.36255594889323,37.88499077690972
selective_p1.0_r01,0.0,37.14026997884115,37.14026997884115,m000_constant,constant,constant,-2.004768798828126,-2.1508157499566445,-1.8587218476996081,39.14503877766928,39.16528896755643,37.14026997884115
selective_p1.0_r01,0.003106032145714999,37.1718010796441,37.1718010796441,m001_balanced_random_group,balanced_random_group,intermediate,-1.9732376980251731,-2.1066791432010232,-1.839796252849323,39.14503877766928,39.16528896755643,37.14026997884115
selective_p1.0_r01,0.016396426419898216,37.19566548665365,37.19566548665365,m010_affinity_rank_group,affinity_rank_group,intermediate,-1.949373291015624,-2.0689208870936713,-1.8298256949375769,39.14503877766928,39.16528896755643,37.14026997884115
selective_p1.0_r01,0.02332101397340046,37.20280253092447,37.20280253092447,m019_contiguous_substring,contiguous_substring,intermediate,-1.942236246744792,-2.0595544536888717,-1.8249180398007125,39.14503877766928,39.16528896755643,37.14026997884115
selective_p1.0_r01,0.02410409910804944,36.89237636990018,37.20280253092447,m019_contiguous_substring,contiguous_substring,intermediate,-1.942236246744792,-2.0595544536888717,-1.8249180398007125,39.14503877766928,39.16528896755643,37.14026997884115
selective_p1.0_r01,0.024973983512213464,37.237825859917535,37.237825859917535,m020_contiguous_substring,contiguous_substring,intermediate,-1.9072129177517367,-2.0351487763681937,-1.7792770591352798,39.14503877766928,39.16528896755643,37.14026997884115
selective_p1.0_r01,0.028225724196087053,37.10899759928385,37.237825859917535,m020_contiguous_substring,contiguous_substring,intermediate,-1.9072129177517367,-2.0351487763681937,-1.7792770591352798,39.14503877766928,39.16528896755643,37.14026997884115
selective_p1.0_r01,0.03235978042347764,37.30079956054688,37.30079956054688,m002_balanced_random_group,balanced_random_group,intermediate,-1.8442392171223956,-1.9797445514656988,-1.7087338827790923,39.14503877766928,39.16528896755643,37.14026997884115
selective_p1.0_r01,0.03371733156695853,37.1803466796875,37.30079956054688,m002_balanced_random_group,balanced_random_group,intermediate,-1.8442392171223956,-1.9797445514656988,-1.7087338827790923,39.14503877766928,39.16528896755643,37.14026997884115
selective_p1.0_r01,0.037167388666262735,37.30874430338542,37.30874430338542,m011_affinity_rank_group,affinity_rank_group,intermediate,-1.8362944742838536,-1.9595795308154922,-1.713009417752215,39.14503877766928,39.16528896755643,37.14026997884115
selective_p1.0_r01,0.06264432144802953,37.809082370334195,37.809082370334195,m003_balanced_random_group,balanced_random_group,intermediate,-1.3359564073350696,-1.499692748859606,-1.1722200658105333,39.14503877766928,39.16528896755643,37.14026997884115
selective_p1.0_r01,0.06821032501066425,37.62595825195312,37.809082370334195,m003_balanced_random_group,balanced_random_group,intermediate,-1.3359564073350696,-1.499692748859606,-1.1722200658105333,39.14503877766928,39.16528896755643,37.14026997884115
selective_p1.0_r01,0.09636881063986863,38.067074924045144,38.067074924045144,m024_contiguous_substring,contiguous_substring,intermediate,-1.0779638536241316,-1.2251062958603325,-0.9308214113879306,39.14503877766928,39.16528896755643,37.14026997884115
selective_p1.0_r01,0.09761356803659264,37.871621704101564,38.067074924045144,m024_contiguous_substring,contiguous_substring,intermediate,-1.0779638536241316,-1.2251062958603325,-0.9308214113879306,39.14503877766928,39.16528896755643,37.14026997884115
selective_p1.0_r01,0.09943257079378454,37.88791164822049,38.067074924045144,m024_contiguous_substring,contiguous_substring,intermediate,-1.0779638536241316,-1.2251062958603325,-0.9308214113879306,39.14503877766928,39.16528896755643,37.14026997884115
selective_p1.0_r01,0.09986045854893426,37.67305060492622,38.067074924045144,m024_contiguous_substring,contiguous_substring,intermediate,-1.0779638536241316,-1.2251062958603325,-0.9308214113879306,39.14503877766928,39.16528896755643,37.14026997884115
selective_p1.0_r01,0.10322045282882408,38.01192118326823,38.067074924045144,m024_contiguous_substring,contiguous_substring,intermediate,-1.0779638536241316,-1.2251062958603325,-0.9308214113879306,39.14503877766928,39.16528896755643,37.14026997884115
selective_p1.0_r01,0.10708570609000664,37.77579752604167,38.067074924045144,m024_contiguous_substring,contiguous_substring,intermediate,-1.0779638536241316,-1.2251062958603325,-0.9308214113879306,39.14503877766928,39.16528896755643,37.14026997884115
selective_p1.0_r01,0.14509159512247385,38.20705871582031,38.20705871582031,m005_balanced_random_group,balanced_random_group,intermediate,-0.937980061848959,-1.0500704908844525,-0.8258896328134654,39.14503877766928,39.16528896755643,37.14026997884115
selective_p1.0_r01,0.15495185467631462,38.36755710177952,38.36755710177952,m030_contiguous_substring,contiguous_substring,intermediate,-0.7774816758897578,-0.9021123582073107,-0.6528509935722049,39.14503877766928,39.16528896755643,37.14026997884115
selective_p1.0_r01,0.15504143727743616,38.480929904513886,38.480929904513886,m029_contiguous_substring,contiguous_substring,intermediate,-0.6641088731553811,-0.7895296284413821,-0.5386881178693802,39.14503877766928,39.16528896755643,37.14026997884115
selective_p1.0_r01,0.15531280820965312,38.66395534939236,38.66395534939236,m014_affinity_rank_group,affinity_rank_group,intermediate,-0.48108342827690853,-0.5906721507319603,-0.37149470582185673,39.14503877766928,39.16528896755643,37.14026997884115
selective_p1.0_r01,0.1563520801716827,38.55460883246528,38.66395534939236,m014_affinity_rank_group,affinity_rank_group,intermediate,-0.48108342827690853,-0.5906721507319603,-0.37149470582185673,39.14503877766928,39.16528896755643,37.14026997884115
selective_p1.0_r01,0.16938936179821024,37.96945156521267,38.66395534939236,m014_affinity_rank_group,affinity_rank_group,intermediate,-0.48108342827690853,-0.5906721507319603,-0.37149470582185673,39.14503877766928,39.16528896755643,37.14026997884115
selective_p1.0_r01,0.18346186202110856,39.02599826388889,39.02599826388889,m007_balanced_random_group,balanced_random_group,intermediate,-0.11904051378038139,-0.23851908290548524,0.00043805534472246555,39.14503877766928,39.16528896755643,37.14026997884115
selective_p1.0_r01,0.19362730612607615,38.724965413411454,39.02599826388889,m007_balanced_random_group,balanced_random_group,intermediate,-0.11904051378038139,-0.23851908290548524,0.00043805534472246555,39.14503877766928,39.16528896755643,37.14026997884115
selective_p1.0_r01,0.195001949762413,38.943969048394095,39.02599826388889,m007_balanced_random_group,balanced_random_group,intermediate,-0.11904051378038139,-0.23851908290548524,0.00043805534472246555,39.14503877766928,39.16528896755643,37.14026997884115
selective_p1.0_r01,0.1954716441201305,38.8756093343099,39.02599826388889,m007_balanced_random_group,balanced_random_group,intermediate,-0.11904051378038139,-0.23851908290548524,0.00043805534472246555,39.14503877766928,39.16528896755643,37.14026997884115
selective_p1.0_r01,0.21227041353767925,39.057560560438375,39.057560560438375,m016_affinity_rank_group,affinity_rank_group,intermediate,-0.08747821723090266,-0.19546693829653902,0.020510503834733712,39.14503877766928,39.16528896755643,37.14026997884115
selective_p1.0_r01,0.2144398006098706,39.175957234700526,39.175957234700526,m008_balanced_random_group,balanced_random_group,intermediate,0.030918457031251623,-0.06376710769892656,0.12560402176142982,39.14503877766928,39.16528896755643,37.14026997884115
selective_p1.0_r01,0.21584046034580245,39.06902262369792,39.175957234700526,m008_balanced_random_group,balanced_random_group,intermediate,0.030918457031251623,-0.06376710769892656,0.12560402176142982,39.14503877766928,39.16528896755643,37.14026997884115
selective_p1.0_r01,0.2184491475297295,39.16761644151476,39.175957234700526,m008_balanced_random_group,balanced_random_group,intermediate,0.030918457031251623,-0.06376710769892656,0.12560402176142982,39.14503877766928,39.16528896755643,37.14026997884115
selective_p1.0_r01,0.22219732623382807,39.19742092556423,39.19742092556423,m018_affinity_rank_group,affinity_rank_group,intermediate,0.0523821478949652,-0.02922419717632173,0.13398849296625215,39.14503877766928,39.16528896755643,37.14026997884115
selective_p1.0_r01,0.22228732125478537,39.16528896755643,39.19742092556423,m018_affinity_rank_group,affinity_rank_group,intermediate,0.0523821478949652,-0.02922419717632173,0.13398849296625215,39.14503877766928,39.16528896755643,37.14026997884115
selective_p1.0_r02,0.0,36.72247755262587,36.72247755262587,m000_constant,constant,constant,-2.7295055847167973,-2.8297571409016915,-2.629254028531903,39.451983137342665,39.479553900824655,36.72247755262587
selective_p1.0_r02,0.0036812624915621302,36.788173760308155,36.788173760308155,m001_balanced_random_group,balanced_random_group,intermediate,-2.6638093770345064,-2.7615943964591936,-2.566024357609819,39.451983137342665,39.479553900824655,36.72247755262587
selective_p1.0_r02,0.012932749277536166,36.904421657986106,36.904421657986106,m010_affinity_rank_group,affinity_rank_group,intermediate,-2.5475614793565557,-2.6396972762354065,-2.455425682477705,39.451983137342665,39.479553900824655,36.72247755262587
selective_p1.0_r02,0.01679534695510177,37.028665161132814,37.028665161132814,m023_contiguous_substring,contiguous_substring,intermediate,-2.4233179762098525,-2.5403048958048497,-2.306331056614855,39.451983137342665,39.479553900824655,36.72247755262587
selective_p1.0_r02,0.018579110675683165,36.8829827202691,37.028665161132814,m023_contiguous_substring,contiguous_substring,intermediate,-2.4233179762098525,-2.5403048958048497,-2.306331056614855,39.451983137342665,39.479553900824655,36.72247755262587
selective_p1.0_r02,0.022997759216900768,36.83791130913629,37.028665161132814,m023_contiguous_substring,contiguous_substring,intermediate,-2.4233179762098525,-2.5403048958048497,-2.306331056614855,39.451983137342665,39.479553900824655,36.72247755262587
selective_p1.0_r02,0.026956969756284973,36.86504177517361,37.028665161132814,m023_contiguous_substring,contiguous_substring,intermediate,-2.4233179762098525,-2.5403048958048497,-2.306331056614855,39.451983137342665,39.479553900824655,36.72247755262587
selective_p1.0_r02,0.027593014291431524,36.886878458658856,37.028665161132814,m023_contiguous_substring,contiguous_substring,intermediate,-2.4233179762098525,-2.5403048958048497,-2.306331056614855,39.451983137342665,39.479553900824655,36.72247755262587
selective_p1.0_r02,0.03581708290703514,37.22712605794271,37.22712605794271,m011_affinity_rank_group,affinity_rank_group,intermediate,-2.224857079399957,-2.340225806764386,-2.1094883520355276,39.451983137342665,39.479553900824655,36.72247755262587
selective_p1.0_r02,0.03682477002895042,37.07752753363715,37.22712605794271,m011_affinity_rank_group,affinity_rank_group,intermediate,-2.224857079399957,-2.340225806764386,-2.1094883520355276,39.451983137342665,39.479553900824655,36.72247755262587
selective_p1.0_r02,0.05976092563948186,37.34904954698351,37.34904954698351,m003_balanced_random_group,balanced_random_group,intermediate,-2.102933590359159,-2.2119748930564467,-1.9938922876618717,39.451983137342665,39.479553900824655,36.72247755262587
selective_p1.0_r02,0.06982141097887339,37.48109741210938,37.48109741210938,m012_affinity_rank_group,affinity_rank_group,intermediate,-1.970885725233289,-2.089077768802638,-1.8526936816639399,39.451983137342665,39.479553900824655,36.72247755262587
selective_p1.0_r02,0.07656728374498038,37.10462714301215,37.48109741210938,m012_affinity_rank_group,affinity_rank_group,intermediate,-1.970885725233289,-2.089077768802638,-1.8526936816639399,39.451983137342665,39.479553900824655,36.72247755262587
selective_p1.0_r02,0.08515397297919802,37.37936469184028,37.48109741210938,m012_affinity_rank_group,affinity_rank_group,intermediate,-1.970885725233289,-2.089077768802638,-1.8526936816639399,39.451983137342665,39.479553900824655,36.72247755262587
selective_p1.0_r02,0.08644118770983958,37.04412129720052,37.48109741210938,m012_affinity_rank_group,affinity_rank_group,intermediate,-1.970885725233289,-2.089077768802638,-1.8526936816639399,39.451983137342665,39.479553900824655,36.72247755262587
selective_p1.0_r02,0.10335232893146928,37.583683268229166,37.583683268229166,m025_contiguous_substring,contiguous_substring,intermediate,-1.8682998691134989,-1.976861575292315,-1.7597381629346827,39.451983137342665,39.479553900824655,36.72247755262587
selective_p1.0_r02,0.10670226853637603,37.3087880452474,37.583683268229166,m025_contiguous_substring,contiguous_substring,intermediate,-1.8682998691134989,-1.976861575292315,-1.7597381629346827,39.451983137342665,39.479553900824655,36.72247755262587
selective_p1.0_r02,0.10778667434485034,37.683533393012155,37.683533393012155,m013_affinity_rank_group,affinity_rank_group,intermediate,-1.7684497443305132,-1.911480208260365,-1.6254192804006613,39.451983137342665,39.479553900824655,36.72247755262587
selective_p1.0_r02,0.15087373255251726,37.37768690321181,37.683533393012155,m013_affinity_rank_group,affinity_rank_group,intermediate,-1.7684497443305132,-1.911480208260365,-1.6254192804006613,39.451983137342665,39.479553900824655,36.72247755262587
selective_p1.0_r02,0.15440910091168666,38.157784695095486,38.157784695095486,m014_affinity_rank_group,affinity_rank_group,intermediate,-1.2941984422471788,-1.4217312724504745,-1.1666656120438832,39.451983137342665,39.479553900824655,36.72247755262587
selective_p1.0_r02,0.155146032706312,38.02125481499566,38.157784695095486,m014_affinity_rank_group,affinity_rank_group,intermediate,-1.2941984422471788,-1.4217312724504745,-1.1666656120438832,39.451983137342665,39.479553900824655,36.72247755262587
selective_p1.0_r02,0.17136248332955822,38.091744316948784,38.157784695095486,m014_affinity_rank_group,affinity_rank_group,intermediate,-1.2941984422471788,-1.4217312724504745,-1.1666656120438832,39.451983137342665,39.479553900824655,36.72247755262587
selective_p1.0_r02,0.18423624803312844,38.06636216905382,38.157784695095486,m014_affinity_rank_group,affinity_rank_group,intermediate,-1.2941984422471788,-1.4217312724504745,-1.1666656120438832,39.451983137342665,39.479553900824655,36.72247755262587
selective_p1.0_r02,0.1937940568924487,38.45743849012587,38.45743849012587,m015_affinity_rank_group,affinity_rank_group,intermediate,-0.9945446472167966,-1.099630714872704,-0.8894585795608891,39.451983137342665,39.479553900824655,36.72247755262587
selective_p1.0_r02,0.2065061173946406,38.89205763075086,38.89205763075086,m006_balanced_random_group,balanced_random_group,intermediate,-0.5599255065917974,-0.6923701998990321,-0.42748081328456267,39.451983137342665,39.479553900824655,36.72247755262587
selective_p1.0_r02,0.22226453194226692,38.774274020724825,38.89205763075086,m006_balanced_random_group,balanced_random_group,intermediate,-0.5599255065917974,-0.6923701998990321,-0.42748081328456267,39.451983137342665,39.479553900824655,36.72247755262587
selective_p1.0_r02,0.22740372837228712,39.289425998263894,39.289425998263894,m007_balanced_random_group,balanced_random_group,intermediate,-0.16255713907877656,-0.24906766847692988,-0.07604660968062324,39.451983137342665,39.479553900824655,36.72247755262587
selective_p1.0_r02,0.2315539390173097,38.48398708767361,39.289425998263894,m007_balanced_random_group,balanced_random_group,intermediate,-0.16255713907877656,-0.24906766847692988,-0.07604660968062324,39.451983137342665,39.479553900824655,36.72247755262587
selective_p1.0_r02,0.23441234057498678,38.68559061686198,39.289425998263894,m007_balanced_random_group,balanced_random_group,intermediate,-0.16255713907877656,-0.24906766847692988,-0.07604660968062324,39.451983137342665,39.479553900824655,36.72247755262587
selective_p1.0_r02,0.24808970490008989,38.9505625406901,39.289425998263894,m007_balanced_random_group,balanced_random_group,intermediate,-0.16255713907877656,-0.24906766847692988,-0.07604660968062324,39.451983137342665,39.479553900824655,36.72247755262587
selective_p1.0_r02,0.25042228217823137,39.506471421983505,39.506471421983505,m008_balanced_random_group,balanced_random_group,intermediate,0.054488284640841544,-0.05823791932770378,0.16721448860938687,39.451983137342665,39.479553900824655,36.72247755262587
selective_p1.0_r02,0.2614748274715319,39.36892428927952,39.506471421983505,m008_balanced_random_group,balanced_random_group,intermediate,0.054488284640841544,-0.05823791932770378,0.16721448860938687,39.451983137342665,39.479553900824655,36.72247755262587
selective_p1.0_r02,0.2618644198069201,39.500211249457465,39.506471421983505,m008_balanced_random_group,balanced_random_group,intermediate,0.054488284640841544,-0.05823791932770378,0.16721448860938687,39.451983137342665,39.479553900824655,36.72247755262587
selective_p1.0_r02,0.2642488378632858,39.479553900824655,39.506471421983505,m008_balanced_random_group,balanced_random_group,intermediate,0.054488284640841544,-0.05823791932770378,0.16721448860938687,39.451983137342665,39.479553900824655,36.72247755262587
selective_p1.0_r03,0.0,34.98655259874132,34.98655259874132,m000_constant,constant,constant,-1.6976473083496098,-1.8109431629690538,-1.5843514537301657,36.68419990709093,36.70134785970052,34.98655259874132
selective_p1.0_r03,0.02069185766034911,35.00502454969618,35.00502454969618,m010_affinity_rank_group,affinity_rank_group,intermediate,-1.6791753573947483,-1.803744315651708,-1.5546063991377888,36.68419990709093,36.70134785970052,34.98655259874132
selective_p1.0_r03,0.03170533242963111,35.185429212782125,35.185429212782125,m020_contiguous_substring,contiguous_substring,intermediate,-1.4987706943088108,-1.6292466847971125,-1.368294703820509,36.68419990709093,36.70134785970052,34.98655259874132
selective_p1.0_r03,0.03353224622034641,34.8685791015625,35.185429212782125,m020_contiguous_substring,contiguous_substring,intermediate,-1.4987706943088108,-1.6292466847971125,-1.368294703820509,36.68419990709093,36.70134785970052,34.98655259874132
selective_p1.0_r03,0.03740926905500432,35.14402025010851,35.185429212782125,m020_contiguous_substring,contiguous_substring,intermediate,-1.4987706943088108,-1.6292466847971125,-1.368294703820509,36.68419990709093,36.70134785970052,34.98655259874132
selective_p1.0_r03,0.044435776831744565,34.606182183159724,35.185429212782125,m020_contiguous_substring,contiguous_substring,intermediate,-1.4987706943088108,-1.6292466847971125,-1.368294703820509,36.68419990709093,36.70134785970052,34.98655259874132
selective_p1.0_r03,0.04651708387920313,34.993254597981775,35.185429212782125,m020_contiguous_substring,contiguous_substring,intermediate,-1.4987706943088108,-1.6292466847971125,-1.368294703820509,36.68419990709093,36.70134785970052,34.98655259874132
selective_p1.0_r03,0.0482250929356326,35.51339213053385,35.51339213053385,m001_balanced_random_group,balanced_random_group,intermediate,-1.1708077765570755,-1.3126692544793264,-1.0289462986348246,36.68419990709093,36.70134785970052,34.98655259874132
selective_p1.0_r03,0.056826798622908244,34.88342624240451,35.51339213053385,m001_balanced_random_group,balanced_random_group,intermediate,-1.1708077765570755,-1.3126692544793264,-1.0289462986348246,36.68419990709093,36.70134785970052,34.98655259874132
selective_p1.0_r03,0.05720066490333569,35.363084920247395,35.51339213053385,m001_balanced_random_group,balanced_random_group,intermediate,-1.1708077765570755,-1.3126692544793264,-1.0289462986348246,36.68419990709093,36.70134785970052,34.98655259874132
selective_p1.0_r03,0.07920154553756087,34.93733045789931,35.51339213053385,m001_balanced_random_group,balanced_random_group,intermediate,-1.1708077765570755,-1.3126692544793264,-1.0289462986348246,36.68419990709093,36.70134785970052,34.98655259874132
selective_p1.0_r03,0.09238965529615242,35.368751017252606,35.51339213053385,m001_balanced_random_group,balanced_random_group,intermediate,-1.1708077765570755,-1.3126692544793264,-1.0289462986348246,36.68419990709093,36.70134785970052,34.98655259874132
selective_p1.0_r03,0.11724813495444988,35.48653496636285,35.51339213053385,m001_balanced_random_group,balanced_random_group,intermediate,-1.1708077765570755,-1.3126692544793264,-1.0289462986348246,36.68419990709093,36.70134785970052,34.98655259874132
selective_p1.0_r03,0.12885378686047622,35.341195339626736,35.51339213053385,m001_balanced_random_group,balanced_random_group,intermediate,-1.1708077765570755,-1.3126692544793264,-1.0289462986348246,36.68419990709093,36.70134785970052,34.98655259874132
selective_p1.0_r03,0.12934413114079113,35.00902167426215,35.51339213053385,m001_balanced_random_group,balanced_random_group,intermediate,-1.1708077765570755,-1.3126692544793264,-1.0289462986348246,36.68419990709093,36.70134785970052,34.98655259874132
selective_p1.0_r03,0.13036093311194727,35.634299723307294,35.634299723307294,m025_contiguous_substring,contiguous_substring,intermediate,-1.0499001837836368,-1.180866976893629,-0.9189333906736447,36.68419990709093,36.70134785970052,34.98655259874132
selective_p1.0_r03,0.15303231883987636,35.167912122938375,35.634299723307294,m025_contiguous_substring,contiguous_substring,intermediate,-1.0499001837836368,-1.180866976893629,-0.9189333906736447,36.68419990709093,36.70134785970052,34.98655259874132
selective_p1.0_r03,0.1566881154317878,35.84971923828125,35.84971923828125,m004_balanced_random_group,balanced_random_group,intermediate,-0.8344806688096789,-0.9621155965490803,-0.7068457410702774,36.68419990709093,36.70134785970052,34.98655259874132
selective_p1.0_r03,0.18868352118115705,35.678398301866316,35.84971923828125,m004_balanced_random_group,balanced_random_group,intermediate,-0.8344806688096789,-0.9621155965490803,-0.7068457410702774,36.68419990709093,36.70134785970052,34.98655259874132
selective_p1.0_r03,0.19124459175175618,35.445339626736114,35.84971923828125,m004_balanced_random_group,balanced_random_group,intermediate,-0.8344806688096789,-0.9621155965490803,-0.7068457410702774,36.68419990709093,36.70134785970052,34.98655259874132
selective_p1.0_r03,0.19901644410510536,35.686548529730906,35.84971923828125,m004_balanced_random_group,balanced_random_group,intermediate,-0.8344806688096789,-0.9621155965490803,-0.7068457410702774,36.68419990709093,36.70134785970052,34.98655259874132
selective_p1.0_r03,0.20446203349375966,36.349047851562496,36.349047851562496,m028_contiguous_substring,contiguous_substring,intermediate,-0.3351520555284281,-0.46094720139380707,-0.20935690966304907,36.68419990709093,36.70134785970052,34.98655259874132
selective_p1.0_r03,0.20617222416225353,36.349480862087674,36.349480862087674,m014_affinity_rank_group,affinity_rank_group,intermediate,-0.33471904500325467,-0.45895874619091964,-0.2104793438155897,36.68419990709093,36.70134785970052,34.98655259874132
selective_p1.0_r03,0.23073309505719805,36.32707485622829,36.349480862087674,m014_affinity_rank_group,affinity_rank_group,intermediate,-0.33471904500325467,-0.45895874619091964,-0.2104793438155897,36.68419990709093,36.70134785970052,34.98655259874132
selective_p1.0_r03,0.235222510577261,36.39063212076823,36.39063212076823,m032_contiguous_substring,contiguous_substring,intermediate,-0.2935677863226992,-0.4137192214122147,-0.17341635123318372,36.68419990709093,36.70134785970052,34.98655259874132
selective_p1.0_r03,0.2359194938087403,36.47421196831597,36.47421196831597,m031_contiguous_substring,contiguous_substring,intermediate,-0.2099879387749567,-0.32980752523730095,-0.09016835231261246,36.68419990709093,36.70134785970052,34.98655259874132
selective_p1.0_r03,0.23864861999621098,36.27668151855468,36.47421196831597,m031_contiguous_substring,contiguous_substring,intermediate,-0.2099879387749567,-0.32980752523730095,-0.09016835231261246,36.68419990709093,36.70134785970052,34.98655259874132
selective_p1.0_r03,0.2429689567542195,36.70767957899306,36.70767957899306,m007_balanced_random_group,balanced_random_group,intermediate,0.023479671902127852,-0.08423156222335156,0.13119090602760725,36.68419990709093,36.70134785970052,34.98655259874132
selective_p1.0_r03,0.2477868809290116,36.50048285590278,36.70767957899306,m007_balanced_random_group,balanced_random_group,intermediate,0.023479671902127852,-0.08423156222335156,0.13119090602760725,36.68419990709093,36.70134785970052,34.98655259874132
selective_p1.0_r03,0.24842625827238413,36.69166293674046,36.70767957899306,m007_balanced_random_group,balanced_random_group,intermediate,0.023479671902127852,-0.08423156222335156,0.13119090602760725,36.68419990709093,36.70134785970052,34.98655259874132
selective_p1.0_r03,0.2532752400689197,36.645508151584195,36.70767957899306,m007_balanced_random_group,balanced_random_group,intermediate,0.023479671902127852,-0.08423156222335156,0.13119090602760725,36.68419990709093,36.70134785970052,34.98655259874132
selective_p1.0_r03,0.2561317532733643,36.67939249674479,36.70767957899306,m007_balanced_random_group,balanced_random_group,intermediate,0.023479671902127852,-0.08423156222335156,0.13119090602760725,36.68419990709093,36.70134785970052,34.98655259874132
selective_p1.0_r03,0.2611740952339449,36.634368896484375,36.70767957899306,m007_balanced_random_group,balanced_random_group,intermediate,0.023479671902127852,-0.08423156222335156,0.13119090602760725,36.68419990709093,36.70134785970052,34.98655259874132
selective_p1.0_r03,0.26184383354763247,36.70134785970052,36.70767957899306,m007_balanced_random_group,balanced_random_group,intermediate,0.023479671902127852,-0.08423156222335156,0.13119090602760725,36.68419990709093,36.70134785970052,34.98655259874132
selective_p1.0_r04,-1.232595164407831e-32,37.39896681043837,37.39896681043837,m000_constant,constant,constant,-2.586946014404294,-2.7754973478814913,-2.3983946809270966,39.98591282484266,40.012043592664924,37.39896681043837
selective_p1.0_r04,0.010762934504794925,37.287337917751735,37.39896681043837,m000_constant,constant,constant,-2.586946014404294,-2.7754973478814913,-2.3983946809270966,39.98591282484266,40.012043592664924,37.39896681043837
selective_p1.0_r04,0.018365269671431633,37.32557983398438,37.39896681043837,m000_constant,constant,constant,-2.586946014404294,-2.7754973478814913,-2.3983946809270966,39.98591282484266,40.012043592664924,37.39896681043837
selective_p1.0_r04,0.027321374731952442,37.25747985839844,37.39896681043837,m000_constant,constant,constant,-2.586946014404294,-2.7754973478814913,-2.3983946809270966,39.98591282484266,40.012043592664924,37.39896681043837
selective_p1.0_r04,0.02859688140398968,37.249598863389764,37.39896681043837,m000_constant,constant,constant,-2.586946014404294,-2.7754973478814913,-2.3983946809270966,39.98591282484266,40.012043592664924,37.39896681043837
selective_p1.0_r04,0.03237107458995914,37.364661322699654,37.39896681043837,m000_constant,constant,constant,-2.586946014404294,-2.7754973478814913,-2.3983946809270966,39.98591282484266,40.012043592664924,37.39896681043837
selective_p1.0_r04,0.033326726047580815,37.699659898546,37.699659898546,m020_contiguous_substring,contiguous_substring,intermediate,-2.286252926296656,-2.476179860486412,-2.0963259921069,39.98591282484266,40.012043592664924,37.39896681043837
selective_p1.0_r04,0.04384026207456312,38.030813937717014,38.030813937717014,m011_affinity_rank_group,affinity_rank_group,intermediate,-1.9550988871256485,-2.1414671670982175,-1.7687306071530797,39.98591282484266,40.012043592664924,37.39896681043837
selective_p1.0_r04,0.04579282940412568,37.70440945095486,38.030813937717014,m011_affinity_rank_group,affinity_rank_group,intermediate,-1.9550988871256485,-2.1414671670982175,-1.7687306071530797,39.98591282484266,40.012043592664924,37.39896681043837
selective_p1.0_r04,0.048394939409944236,37.41319647894966,38.030813937717014,m011_affinity_rank_group,affinity_rank_group,intermediate,-1.9550988871256485,-2.1414671670982175,-1.7687306071530797,39.98591282484266,40.012043592664924,37.39896681043837
selective_p1.0_r04,0.05149082469874636,37.07917310926649,38.030813937717014,m011_affinity_rank_group,affinity_rank_group,intermediate,-1.9550988871256485,-2.1414671670982175,-1.7687306071530797,39.98591282484266,40.012043592664924,37.39896681043837
selective_p1.0_r04,0.06744568077031204,38.31824578179254,38.31824578179254,m012_affinity_rank_group,affinity_rank_group,intermediate,-1.6676670430501273,-1.8343999898958667,-1.5009340962043878,39.98591282484266,40.012043592664924,37.39896681043837
selective_p1.0_r04,0.1064802473335737,37.42391323513455,38.31824578179254,m012_affinity_rank_group,affinity_rank_group,intermediate,-1.6676670430501273,-1.8343999898958667,-1.5009340962043878,39.98591282484266,40.012043592664924,37.39896681043837
selective_p1.0_r04,0.10930586099150792,38.164437527126736,38.31824578179254,m012_affinity_rank_group,affinity_rank_group,intermediate,-1.6676670430501273,-1.8343999898958667,-1.5009340962043878,39.98591282484266,40.012043592664924,37.39896681043837
selective_p1.0_r04,0.11118402585284205,38.63395792643229,38.63395792643229,m027_contiguous_substring,contiguous_substring,intermediate,-1.3519548984103713,-1.5304250952858014,-1.1734847015349412,39.98591282484266,40.012043592664924,37.39896681043837
selective_p1.0_r04,0.11395317753705166,38.17345445421007,38.63395792643229,m027_contiguous_substring,contiguous_substring,intermediate,-1.3519548984103713,-1.5304250952858014,-1.1734847015349412,39.98591282484266,40.012043592664924,37.39896681043837
selective_p1.0_r04,0.12753130886992292,38.17683241102431,38.63395792643229,m027_contiguous_substring,contiguous_substring,intermediate,-1.3519548984103713,-1.5304250952858014,-1.1734847015349412,39.98591282484266,40.012043592664924,37.39896681043837
selective_p1.0_r04,0.13241917743287557,38.6484364827474,38.6484364827474,m013_affinity_rank_group,affinity_rank_group,intermediate,-1.337476342095266,-1.5250400823821941,-1.1499126018083379,39.98591282484266,40.012043592664924,37.39896681043837
selective_p1.0_r04,0.16513679888674695,39.1819332546658,39.1819332546658,m005_balanced_random_group,balanced_random_group,intermediate,-0.8039795701768654,-0.991073249135458,-0.6168858912182728,39.98591282484266,40.012043592664924,37.39896681043837
selective_p1.0_r04,0.16765059098226323,39.117040676540796,39.1819332546658,m005_balanced_random_group,balanced_random_group,intermediate,-0.8039795701768654,-0.991073249135458,-0.6168858912182728,39.98591282484266,40.012043592664924,37.39896681043837
selective_p1.0_r04,0.16779905428603287,38.13395589192709,39.1819332546658,m005_balanced_random_group,balanced_random_group,intermediate,-0.8039795701768654,-0.991073249135458,-0.6168858912182728,39.98591282484266,40.012043592664924,37.39896681043837
selective_p1.0_r04,0.17452855756108146,39.323667399088535,39.323667399088535,m014_affinity_rank_group,affinity_rank_group,intermediate,-0.6622454257541223,-0.8381747010036534,-0.4863161505045911,39.98591282484266,40.012043592664924,37.39896681043837
selective_p1.0_r04,0.18999997481479686,38.62307908799913,39.323667399088535,m014_affinity_rank_group,affinity_rank_group,intermediate,-0.6622454257541223,-0.8381747010036534,-0.4863161505045911,39.98591282484266,40.012043592664924,37.39896681043837
selective_p1.0_r04,0.2104594909452418,39.82623562282986,39.82623562282986,m015_affinity_rank_group,affinity_rank_group,intermediate,-0.15967720201280156,-0.3036957888502666,-0.01565861517533651,39.98591282484266,40.012043592664924,37.39896681043837
selective_p1.0_r04,0.22409676969693568,39.55966627332899,39.82623562282986,m015_affinity_rank_group,affinity_rank_group,intermediate,-0.15967720201280156,-0.3036957888502666,-0.01565861517533651,39.98591282484266,40.012043592664924,37.39896681043837
selective_p1.0_r04,0.23187304457194802,39.434732394748266,39.82623562282986,m015_affinity_rank_group,affinity_rank_group,intermediate,-0.15967720201280156,-0.3036957888502666,-0.01565861517533651,39.98591282484266,40.012043592664924,37.39896681043837
selective_p1.0_r04,0.23778761735443,39.94988335503472,39.94988335503472,m016_affinity_rank_group,affinity_rank_group,intermediate,-0.036029469807941306,-0.21526342889054925,0.14320448927466664,39.98591282484266,40.012043592664924,37.39896681043837
selective_p1.0_r04,0.23833538087510034,39.85278896755642,39.94988335503472,m016_affinity_rank_group,affinity_rank_group,intermediate,-0.036029469807941306,-0.21526342889054925,0.14320448927466664,39.98591282484266,40.012043592664924,37.39896681043837
selective_p1.0_r04,0.24814905604492593,39.7744869656033,39.94988335503472,m016_affinity_rank_group,affinity_rank_group,intermediate,-0.036029469807941306,-0.21526342889054925,0.14320448927466664,39.98591282484266,40.012043592664924,37.39896681043837
selective_p1.0_r04,0.250557355619649,40.10219896104601,40.10219896104601,m017_affinity_rank_group,affinity_rank_group,intermediate,0.11628613620334538,-0.01861915323087912,0.2511914256375699,39.98591282484266,40.012043592664924,37.39896681043837
selective_p1.0_r04,0.2599598922042039,39.86376274956597,40.10219896104601,m017_affinity_rank_group,affinity_rank_group,intermediate,0.11628613620334538,-0.01861915323087912,0.2511914256375699,39.98591282484266,40.012043592664924,37.39896681043837
selective_p1.0_r04,0.26093714473257457,40.08297763400607,40.10219896104601,m017_affinity_rank_group,affinity_rank_group,intermediate,0.11628613620334538,-0.01861915323087912,0.2511914256375699,39.98591282484266,40.012043592664924,37.39896681043837
selective_p1.0_r04,0.2669682234932308,40.092123074001734,40.10219896104601,m017_affinity_rank_group,affinity_rank_group,intermediate,0.11628613620334538,-0.01861915323087912,0.2511914256375699,39.98591282484266,40.012043592664924,37.39896681043837
selective_p1.0_r04,0.2694074738782655,40.012043592664924,40.10219896104601,m017_affinity_rank_group,affinity_rank_group,intermediate,0.11628613620334538,-0.01861915323087912,0.2511914256375699,39.98591282484266,40.012043592664924,37.39896681043837
selective_p1.0_r05,-1.232595164407831e-32,38.843880547417534,38.843880547417534,m000_constant,constant,constant,-1.311137023925784,-1.4459415022988589,-1.1763325455527092,40.155017571343315,40.1682613796658,38.843880547417534
selective_p1.0_r05,0.0054100488258363635,38.863438585069446,38.863438585069446,m001_balanced_random_group,balanced_random_group,intermediate,-1.2915789862738725,-1.4343976504251252,-1.1487603221226197,40.155017571343315,40.1682613796658,38.843880547417534
selective_p1.0_r05,0.022236084200278994,38.76741570366754,38.863438585069446,m001_balanced_random_group,balanced_random_group,intermediate,-1.2915789862738725,-1.4343976504251252,-1.1487603221226197,40.155017571343315,40.1682613796658,38.843880547417534
selective_p1.0_r05,0.02248297586376483,38.814429728190106,38.863438585069446,m001_balanced_random_group,balanced_random_group,intermediate,-1.2915789862738725,-1.4343976504251252,-1.1487603221226197,40.155017571343315,40.1682613796658,38.843880547417534
selective_p1.0_r05,0.025493760052069835,38.83473951551649,38.863438585069446,m001_balanced_random_group,balanced_random_group,intermediate,-1.2915789862738725,-1.4343976504251252,-1.1487603221226197,40.155017571343315,40.1682613796658,38.843880547417534
selective_p1.0_r05,0.027040620792165283,39.052803887261284,39.052803887261284,m010_affinity_rank_group,affinity_rank_group,intermediate,-1.1022136840820336,-1.2557330543010599,-0.9486943138630073,40.155017571343315,40.1682613796658,38.843880547417534
selective_p1.0_r05,0.028834160022616923,38.95342000325521,39.052803887261284,m010_affinity_rank_group,affinity_rank_group,intermediate,-1.1022136840820336,-1.2557330543010599,-0.9486943138630073,40.155017571343315,40.1682613796658,38.843880547417534
selective_p1.0_r05,0.03168333143645482,39.229849243164054,39.229849243164054,m022_contiguous_substring,contiguous_substring,intermediate,-0.9251683281792551,-1.1004297542408301,-0.7499069021176801,40.155017571343315,40.1682613796658,38.843880547417534
selective_p1.0_r05,0.03329851370888647,38.991903686523436,39.229849243164054,m022_contiguous_substring,contiguous_substring,intermediate,-0.9251683281792551,-1.1004297542408301,-0.7499069021176801,40.155017571343315,40.1682613796658,38.843880547417534
selective_p1.0_r05,0.04294978511542321,39.210689290364584,39.229849243164054,m022_contiguous_substring,contiguous_substring,intermediate,-0.9251683281792551,-1.1004297542408301,-0.7499069021176801,40.155017571343315,40.1682613796658,38.843880547417534
selective_p1.0_r05,0.048781694228425,39.14893324110243,39.229849243164054,m022_contiguous_substring,contiguous_substring,intermediate,-0.9251683281792551,-1.1004297542408301,-0.7499069021176801,40.155017571343315,40.1682613796658,38.843880547417534
selective_p1.0_r05,0.08214198527601557,39.24502970377604,39.24502970377604,m012_affinity_rank_group,affinity_rank_group,intermediate,-0.9099878675672758,-1.0728280084170683,-0.7471477267174833,40.155017571343315,40.1682613796658,38.843880547417534
selective_p1.0_r05,0.09190759763349599,39.02928331163194,39.24502970377604,m012_affinity_rank_group,affinity_rank_group,intermediate,-0.9099878675672758,-1.0728280084170683,-0.7471477267174833,40.155017571343315,40.1682613796658,38.843880547417534
selective_p1.0_r05,0.09842945971243003,38.75261637369792,39.24502970377604,m012_affinity_rank_group,affinity_rank_group,intermediate,-0.9099878675672758,-1.0728280084170683,-0.7471477267174833,40.155017571343315,40.1682613796658,38.843880547417534
selective_p1.0_r05,0.10403985878897294,38.88670925564236,39.24502970377604,m012_affinity_rank_group,affinity_rank_group,intermediate,-0.9099878675672758,-1.0728280084170683,-0.7471477267174833,40.155017571343315,40.1682613796658,38.843880547417534
selective_p1.0_r05,0.10506233201248888,39.46931932237413,39.46931932237413,m027_contiguous_substring,contiguous_substring,intermediate,-0.6856982489691857,-0.827802472914779,-0.5435940250235924,40.155017571343315,40.1682613796658,38.843880547417534
selective_p1.0_r05,0.11961298289154014,39.46607937282986,39.46931932237413,m027_contiguous_substring,contiguous_substring,intermediate,-0.6856982489691857,-0.827802472914779,-0.5435940250235924,40.155017571343315,40.1682613796658,38.843880547417534
selective_p1.0_r05,0.1251373759045673,39.327628241644966,39.46931932237413,m027_contiguous_substring,contiguous_substring,intermediate,-0.6856982489691857,-0.827802472914779,-0.5435940250235924,40.155017571343315,40.1682613796658,38.843880547417534
selective_p1.0_r05,0.1688159886618998,39.60205790201823,39.60205790201823,m005_balanced_random_group,balanced_random_group,intermediate,-0.5529596693250881,-0.6977725403356021,-0.4081467983145741,40.155017571343315,40.1682613796658,38.843880547417534
selective_p1.0_r05,0.17138433481645282,39.757407633463544,39.757407633463544,m029_contiguous_substring,contiguous_substring,intermediate,-0.3976099378797763,-0.540454757080193,-0.2547651186793596,40.155017571343315,40.1682613796658,38.843880547417534
selective_p1.0_r05,0.17175752071833394,39.62921651204427,39.757407633463544,m029_contiguous_substring,contiguous_substring,intermediate,-0.3976099378797763,-0.540454757080193,-0.2547651186793596,40.155017571343315,40.1682613796658,38.843880547417534
selective_p1.0_r05,0.17182044784537595,40.063858371310765,40.063858371310765,m014_affinity_rank_group,affinity_rank_group,intermediate,-0.0911592000325544,-0.25666312754191456,0.07434472747680573,40.155017571343315,40.1682613796658,38.843880547417534
selective_p1.0_r05,0.1868242400640349,39.7959950764974,40.063858371310765,m014_affinity_rank_group,affinity_rank_group,intermediate,-0.0911592000325544,-0.25666312754191456,0.07434472747680573,40.155017571343315,40.1682613796658,38.843880547417534
selective_p1.0_r05,0.19020868401154084,39.42772386338976,40.063858371310765,m014_affinity_rank_group,affinity_rank_group,intermediate,-0.0911592000325544,-0.25666312754191456,0.07434472747680573,40.155017571343315,40.1682613796658,38.843880547417534
selective_p1.0_r05,0.21360870915424474,40.21233317057292,40.21233317057292,m015_affinity_rank_group,affinity_rank_group,intermediate,0.057315599229598946,-0.0725323852181533,0.1871635836773512,40.155017571343315,40.1682613796658,38.843880547417534
selective_p1.0_r05,0.21362627436252263,40.050635782877606,40.21233317057292,m015_affinity_rank_group,affinity_rank_group,intermediate,0.057315599229598946,-0.0725323852181533,0.1871635836773512,40.155017571343315,40.1682613796658,38.843880547417534
selective_p1.0_r05,0.22113338557907933,40.132297092013886,40.21233317057292,m015_affinity_rank_group,affinity_rank_group,intermediate,0.057315599229598946,-0.0725323852181533,0.1871635836773512,40.155017571343315,40.1682613796658,38.843880547417534
selective_p1.0_r05,0.2248979047290827,39.73988037109375,40.21233317057292,m015_affinity_rank_group,affinity_rank_group,intermediate,0.057315599229598946,-0.0725323852181533,0.1871635836773512,40.155017571343315,40.1682613796658,38.843880547417534
selective_p1.0_r05,0.22955315271331977,40.21641370985243,40.21641370985243,m016_affinity_rank_group,affinity_rank_group,intermediate,0.061396138509113074,-0.07461490709835258,0.19740718411657873,40.155017571343315,40.1682613796658,38.843880547417534
selective_p1.0_r05,0.23260755622997376,40.18217637803819,40.21641370985243,m016_affinity_rank_group,affinity_rank_group,intermediate,0.061396138509113074,-0.07461490709835258,0.19740718411657873,40.155017571343315,40.1682613796658,38.843880547417534
selective_p1.0_r05,0.23441623310406062,39.9187255859375,40.21641370985243,m016_affinity_rank_group,affinity_rank_group,intermediate,0.061396138509113074,-0.07461490709835258,0.19740718411657873,40.155017571343315,40.1682613796658,38.843880547417534
selective_p1.0_r05,0.2436017034150183,40.15226101345486,40.21641370985243,m016_affinity_rank_group,affinity_rank_group,intermediate,0.061396138509113074,-0.07461490709835258,0.19740718411657873,40.155017571343315,40.1682613796658,38.843880547417534
selective_p1.0_r05,0.24405943759740806,40.07969394259983,40.21641370985243,m016_affinity_rank_group,affinity_rank_group,intermediate,0.061396138509113074,-0.07461490709835258,0.19740718411657873,40.155017571343315,40.1682613796658,38.843880547417534
selective_p1.0_r05,0.24588743567353888,40.1682613796658,40.21641370985243,m016_affinity_rank_group,affinity_rank_group,intermediate,0.061396138509113074,-0.07461490709835258,0.19740718411657873,40.155017571343315,40.1682613796658,38.843880547417534
selective_p1.0_r06,-1.232595164407831e-32,35.87410074869792,35.87410074869792,m000_constant,constant,constant,-2.508051361083985,-2.593486667013244,-2.422616055154726,38.3821521097819,38.40748596191406,35.87410074869792
selective_p1.0_r06,0.012855644807960935,36.176155259874136,36.176155259874136,m010_affinity_rank_group,affinity_rank_group,intermediate,-2.205996849907769,-2.3138187223793287,-2.098174977436209,38.3821521097819,38.40748596191406,35.87410074869792
selective_p1.0_r06,0.014174617263006546,35.9547614203559,36.176155259874136,m010_affinity_rank_group,affinity_rank_group,intermediate,-2.205996849907769,-2.3138187223793287,-2.098174977436209,38.3821521097819,38.40748596191406,35.87410074869792
selective_p1.0_r06,0.034511907676393914,36.11241590711806,36.176155259874136,m010_affinity_rank_group,affinity_rank_group,intermediate,-2.205996849907769,-2.3138187223793287,-2.098174977436209,38.3821521097819,38.40748596191406,35.87410074869792
selective_p1.0_r06,0.037781225352904235,36.354550509982644,36.354550509982644,m021_contiguous_substring,contiguous_substring,intermediate,-2.0276015997992616,-2.1284363289843435,-1.9267668706141794,38.3821521097819,38.40748596191406,35.87410074869792
selective_p1.0_r06,0.03781021066704916,35.98959181043836,36.354550509982644,m021_contiguous_substring,contiguous_substring,intermediate,-2.0276015997992616,-2.1284363289843435,-1.9267668706141794,38.3821521097819,38.40748596191406,35.87410074869792
selective_p1.0_r06,0.03920114999796262,36.38954264322916,36.38954264322916,m023_contiguous_substring,contiguous_substring,intermediate,-1.9926094665527354,-2.1174977218456,-1.8677212112598707,38.3821521097819,38.40748596191406,35.87410074869792
selective_p1.0_r06,0.04449075843417102,36.08999464246962,36.38954264322916,m023_contiguous_substring,contiguous_substring,intermediate,-1.9926094665527354,-2.1174977218456,-1.8677212112598707,38.3821521097819,38.40748596191406,35.87410074869792
selective_p1.0_r06,0.04547303732102499,36.840146213107644,36.840146213107644,m020_contiguous_substring,contiguous_substring,intermediate,-1.5420058966742616,-1.6526663405606046,-1.4313454527879186,38.3821521097819,38.40748596191406,35.87410074869792
selective_p1.0_r06,0.05451970977464231,36.01226026746962,36.840146213107644,m020_contiguous_substring,contiguous_substring,intermediate,-1.5420058966742616,-1.6526663405606046,-1.4313454527879186,38.3821521097819,38.40748596191406,35.87410074869792
selective_p1.0_r06,0.06911014304197453,35.968156263563365,36.840146213107644,m020_contiguous_substring,contiguous_substring,intermediate,-1.5420058966742616,-1.6526663405606046,-1.4313454527879186,38.3821521097819,38.40748596191406,35.87410074869792
selective_p1.0_r06,0.07455716902804142,36.43079325358073,36.840146213107644,m020_contiguous_substring,contiguous_substring,intermediate,-1.5420058966742616,-1.6526663405606046,-1.4313454527879186,38.3821521097819,38.40748596191406,35.87410074869792
selective_p1.0_r06,0.09913809078363406,36.854514567057294,36.854514567057294,m026_contiguous_substring,contiguous_substring,intermediate,-1.5276375427246092,-1.6633598938408882,-1.39191519160833,38.3821521097819,38.40748596191406,35.87410074869792
selective_p1.0_r06,0.10752280564262653,37.0809566921658,37.0809566921658,m027_contiguous_substring,contiguous_substring,intermediate,-1.3011954176161016,-1.408850131936773,-1.1935407032954302,38.3821521097819,38.40748596191406,35.87410074869792
selective_p1.0_r06,0.11317964963509468,37.173585679796005,37.173585679796005,m025_contiguous_substring,contiguous_substring,intermediate,-1.2085664299858947,-1.315590387000716,-1.1015424729710734,38.3821521097819,38.40748596191406,35.87410074869792
selective_p1.0_r06,0.11711482670436961,36.96790669759115,37.173585679796005,m025_contiguous_substring,contiguous_substring,intermediate,-1.2085664299858947,-1.315590387000716,-1.1015424729710734,38.3821521097819,38.40748596191406,35.87410074869792
selective_p1.0_r06,0.1302464887781967,36.84489983452691,37.173585679796005,m025_contiguous_substring,contiguous_substring,intermediate,-1.2085664299858947,-1.315590387000716,-1.1015424729710734,38.3821521097819,38.40748596191406,35.87410074869792
selective_p1.0_r06,0.13328231433458843,37.010567559136284,37.173585679796005,m025_contiguous_substring,contiguous_substring,intermediate,-1.2085664299858947,-1.315590387000716,-1.1015424729710734,38.3821521097819,38.40748596191406,35.87410074869792
selective_p1.0_r06,0.16092331832309295,37.373299492730034,37.373299492730034,m014_affinity_rank_group,affinity_rank_group,intermediate,-1.008852617051867,-1.1158447259716648,-0.9018605081320693,38.3821521097819,38.40748596191406,35.87410074869792
selective_p1.0_r06,0.167382827692774,37.432683308919266,37.432683308919266,m005_balanced_random_group,balanced_random_group,intermediate,-0.9494688008626304,-1.0491606120580554,-0.8497769896672054,38.3821521097819,38.40748596191406,35.87410074869792
selective_p1.0_r06,0.16886255402617398,37.64921569824219,37.64921569824219,m030_contiguous_substring,contiguous_substring,intermediate,-0.7329364115397135,-0.8487351994103778,-0.6171376236690491,38.3821521097819,38.40748596191406,35.87410074869792
selective_p1.0_r06,0.17055964489466044,37.59620632595486,37.64921569824219,m030_contiguous_substring,contiguous_substring,intermediate,-0.7329364115397135,-0.8487351994103778,-0.6171376236690491,38.3821521097819,38.40748596191406,35.87410074869792
selective_p1.0_r06,0.17854823450579974,37.77094184027778,37.77094184027778,m028_contiguous_substring,contiguous_substring,intermediate,-0.6112102695041235,-0.6955151844722707,-0.5269053545359763,38.3821521097819,38.40748596191406,35.87410074869792
selective_p1.0_r06,0.20227277147729122,37.68425462510851,37.77094184027778,m028_contiguous_substring,contiguous_substring,intermediate,-0.6112102695041235,-0.6955151844722707,-0.5269053545359763,38.3821521097819,38.40748596191406,35.87410074869792
selective_p1.0_r06,0.20886727187590887,38.05940823025174,38.05940823025174,m032_contiguous_substring,contiguous_substring,intermediate,-0.32274387953016437,-0.43427981348616634,-0.2112079455741624,38.3821521097819,38.40748596191406,35.87410074869792
selective_p1.0_r06,0.21358201682570996,37.89815368652344,38.05940823025174,m032_contiguous_substring,contiguous_substring,intermediate,-0.32274387953016437,-0.43427981348616634,-0.2112079455741624,38.3821521097819,38.40748596191406,35.87410074869792
selective_p1.0_r06,0.21475294419652133,38.103945583767356,38.103945583767356,m031_contiguous_substring,contiguous_substring,intermediate,-0.27820652601453943,-0.36907237332010506,-0.1873406787089738,38.3821521097819,38.40748596191406,35.87410074869792
selective_p1.0_r06,0.22289045065853444,37.932644314236114,38.103945583767356,m031_contiguous_substring,contiguous_substring,intermediate,-0.27820652601453943,-0.36907237332010506,-0.1873406787089738,38.3821521097819,38.40748596191406,35.87410074869792
selective_p1.0_r06,0.2271373255968803,38.2845713297526,38.2845713297526,m016_affinity_rank_group,affinity_rank_group,intermediate,-0.09758078002929826,-0.19403697380629953,-0.0011245862522970135,38.3821521097819,38.40748596191406,35.87410074869792
selective_p1.0_r06,0.2309752967476381,38.41729770236546,38.41729770236546,m008_balanced_random_group,balanced_random_group,intermediate,0.035145592583550433,-0.053546799347121796,0.12383798451422266,38.3821521097819,38.40748596191406,35.87410074869792
selective_p1.0_r06,0.2331373212779052,38.4138414171007,38.41729770236546,m008_balanced_random_group,balanced_random_group,intermediate,0.035145592583550433,-0.053546799347121796,0.12383798451422266,38.3821521097819,38.40748596191406,35.87410074869792
selective_p1.0_r06,0.2368927782830663,38.37569681803386,38.41729770236546,m008_balanced_random_group,balanced_random_group,intermediate,0.035145592583550433,-0.053546799347121796,0.12383798451422266,38.3821521097819,38.40748596191406,35.87410074869792
selective_p1.0_r06,0.2375556138701307,38.41450330946181,38.41729770236546,m008_balanced_random_group,balanced_random_group,intermediate,0.035145592583550433,-0.053546799347121796,0.12383798451422266,38.3821521097819,38.40748596191406,35.87410074869792
selective_p1.0_r06,0.23781476897801435,38.40748596191406,38.41729770236546,m008_balanced_random_group,balanced_random_group,intermediate,0.035145592583550433,-0.053546799347121796,0.12383798451422266,38.3821521097819,38.40748596191406,35.87410074869792
selective_p1.0_r07,-2.465190328815662e-32,36.225457763671876,36.225457763671876,m000_constant,constant,constant,-0.9721122436523421,-1.0655752142420314,-0.8786492730626527,37.197570007324224,37.20738932291667,36.225457763671876
selective_p1.0_r07,0.005381016022115376,36.3415771484375,36.3415771484375,m010_affinity_rank_group,affinity_rank_group,intermediate,-0.8559928588867174,-0.9386428210870985,-0.7733428966863363,37.197570007324224,37.20738932291667,36.225457763671876
selective_p1.0_r07,0.009899254924772201,36.27960984971788,36.3415771484375,m010_affinity_rank_group,affinity_rank_group,intermediate,-0.8559928588867174,-0.9386428210870985,-0.7733428966863363,37.197570007324224,37.20738932291667,36.225457763671876
selective_p1.0_r07,0.03479303134531644,36.489220174153644,36.489220174153644,m011_affinity_rank_group,affinity_rank_group,intermediate,-0.7083498331705717,-0.8047196814574571,-0.6119799848836862,37.197570007324224,37.20738932291667,36.225457763671876
selective_p1.0_r07,0.03723103313326873,36.400049167209204,36.489220174153644,m011_affinity_rank_group,affinity_rank_group,intermediate,-0.7083498331705717,-0.8047196814574571,-0.6119799848836862,37.197570007324224,37.20738932291667,36.225457763671876
selective_p1.0_r07,0.03811217931278458,36.680631171332465,36.680631171332465,m020_contiguous_substring,contiguous_substring,intermediate,-0.5169388359917526,-0.6069480082131714,-0.4269296637703338,37.197570007324224,37.20738932291667,36.225457763671876
selective_p1.0_r07,0.040973578550455886,36.64457838270399,36.680631171332465,m020_contiguous_substring,contiguous_substring,intermediate,-0.5169388359917526,-0.6069480082131714,-0.4269296637703338,37.197570007324224,37.20738932291667,36.225457763671876
selective_p1.0_r07,0.044500119331974064,36.0289805094401,36.680631171332465,m020_contiguous_substring,contiguous_substring,intermediate,-0.5169388359917526,-0.6069480082131714,-0.4269296637703338,37.197570007324224,37.20738932291667,36.225457763671876
selective_p1.0_r07,0.04584839861319721,36.14881998697916,36.680631171332465,m020_contiguous_substring,contiguous_substring,intermediate,-0.5169388359917526,-0.6069480082131714,-0.4269296637703338,37.197570007324224,37.20738932291667,36.225457763671876
selective_p1.0_r07,0.047063894373876466,36.07865397135417,36.680631171332465,m020_contiguous_substring,contiguous_substring,intermediate,-0.5169388359917526,-0.6069480082131714,-0.4269296637703338,37.197570007324224,37.20738932291667,36.225457763671876
selective_p1.0_r07,0.07025714272456807,36.414594862196175,36.680631171332465,m020_contiguous_substring,contiguous_substring,intermediate,-0.5169388359917526,-0.6069480082131714,-0.4269296637703338,37.197570007324224,37.20738932291667,36.225457763671876
selective_p1.0_r07,0.07026468844614099,36.22236022949219,36.680631171332465,m020_contiguous_substring,contiguous_substring,intermediate,-0.5169388359917526,-0.6069480082131714,-0.4269296637703338,37.197570007324224,37.20738932291667,36.225457763671876
selective_p1.0_r07,0.1105845414916797,35.953939480251734,36.680631171332465,m020_contiguous_substring,contiguous_substring,intermediate,-0.5169388359917526,-0.6069480082131714,-0.4269296637703338,37.197570007324224,37.20738932291667,36.225457763671876
selective_p1.0_r07,0.12008279129862753,35.96162312825521,36.680631171332465,m020_contiguous_substring,contiguous_substring,intermediate,-0.5169388359917526,-0.6069480082131714,-0.4269296637703338,37.197570007324224,37.20738932291667,36.225457763671876
selective_p1.0_r07,0.12421847697543598,37.23507181803385,37.23507181803385,m026_contiguous_substring,contiguous_substring,intermediate,0.037501810709636985,-0.05319615123276704,0.12819977265204102,37.197570007324224,37.20738932291667,36.225457763671876
selective_p1.0_r07,0.12993870457289627,36.58991970486112,37.23507181803385,m026_contiguous_substring,contiguous_substring,intermediate,0.037501810709636985,-0.05319615123276704,0.12819977265204102,37.197570007324224,37.20738932291667,36.225457763671876
selective_p1.0_r07,0.13041610824290342,37.52595960828994,37.52595960828994,m025_contiguous_substring,contiguous_substring,intermediate,0.32838960096571335,0.25539343673186593,0.40138576519956076,37.197570007324224,37.20738932291667,36.225457763671876
selective_p1.0_r07,0.13229769300662964,37.123468695746524,37.52595960828994,m025_contiguous_substring,contiguous_substring,intermediate,0.32838960096571335,0.25539343673186593,0.40138576519956076,37.197570007324224,37.20738932291667,36.225457763671876
selective_p1.0_r07,0.16181275821677737,36.08787909613716,37.52595960828994,m025_contiguous_substring,contiguous_substring,intermediate,0.32838960096571335,0.25539343673186593,0.40138576519956076,37.197570007324224,37.20738932291667,36.225457763671876
selective_p1.0_r07,0.16206376060064467,36.391774495442704,37.52595960828994,m025_contiguous_substring,contiguous_substring,intermediate,0.32838960096571335,0.25539343673186593,0.40138576519956076,37.197570007324224,37.20738932291667,36.225457763671876
selective_p1.0_r07,0.19131588186616671,36.314820014105905,37.52595960828994,m025_contiguous_substring,contiguous_substring,intermediate,0.32838960096571335,0.25539343673186593,0.40138576519956076,37.197570007324224,37.20738932291667,36.225457763671876
selective_p1.0_r07,0.20568574236895606,36.557394409179686,37.52595960828994,m025_contiguous_substring,contiguous_substring,intermediate,0.32838960096571335,0.25539343673186593,0.40138576519956076,37.197570007324224,37.20738932291667,36.225457763671876
selective_p1.0_r07,0.21008494096890584,37.175216335720485,37.52595960828994,m025_contiguous_substring,contiguous_substring,intermediate,0.32838960096571335,0.25539343673186593,0.40138576519956076,37.197570007324224,37.20738932291667,36.225457763671876
selective_p1.0_r07,0.21289535312884808,36.97312147352431,37.52595960828994,m025_contiguous_substring,contiguous_substring,intermediate,0.32838960096571335,0.25539343673186593,0.40138576519956076,37.197570007324224,37.20738932291667,36.225457763671876
selective_p1.0_r07,0.21332889910620825,37.205260552300345,37.52595960828994,m025_contiguous_substring,contiguous_substring,intermediate,0.32838960096571335,0.25539343673186593,0.40138576519956076,37.197570007324224,37.20738932291667,36.225457763671876
selective_p1.0_r07,0.21808471481169678,36.31802198621962,37.52595960828994,m025_contiguous_substring,contiguous_substring,intermediate,0.32838960096571335,0.25539343673186593,0.40138576519956076,37.197570007324224,37.20738932291667,36.225457763671876
selective_p1.0_r07,0.2267643116614464,36.99085930718316,37.52595960828994,m025_contiguous_substring,contiguous_substring,intermediate,0.32838960096571335,0.25539343673186593,0.40138576519956076,37.197570007324224,37.20738932291667,36.225457763671876
selective_p1.0_r07,0.23637900403392156,36.456947835286456,37.52595960828994,m025_contiguous_substring,contiguous_substring,intermediate,0.32838960096571335,0.25539343673186593,0.40138576519956076,37.197570007324224,37.20738932291667,36.225457763671876
selective_p1.0_r07,0.2382112456431608,37.18400472005209,37.52595960828994,m025_contiguous_substring,contiguous_substring,intermediate,0.32838960096571335,0.25539343673186593,0.40138576519956076,37.197570007324224,37.20738932291667,36.225457763671876
selective_p1.0_r07,0.2398025252026022,37.00592142740886,37.52595960828994,m025_contiguous_substring,contiguous_substring,intermediate,0.32838960096571335,0.25539343673186593,0.40138576519956076,37.197570007324224,37.20738932291667,36.225457763671876
selective_p1.0_r07,0.24567924304892189,37.238985866970495,37.52595960828994,m025_contiguous_substring,contiguous_substring,intermediate,0.32838960096571335,0.25539343673186593,0.40138576519956076,37.197570007324224,37.20738932291667,36.225457763671876
selective_p1.0_r07,0.25321392382511376,37.27114902072482,37.52595960828994,m025_contiguous_substring,contiguous_substring,intermediate,0.32838960096571335,0.25539343673186593,0.40138576519956076,37.197570007324224,37.20738932291667,36.225457763671876
selective_p1.0_r07,0.25547521315983124,37.203960503472224,37.52595960828994,m025_contiguous_substring,contiguous_substring,intermediate,0.32838960096571335,0.25539343673186593,0.40138576519956076,37.197570007324224,37.20738932291667,36.225457763671876
selective_p1.0_r07,0.256978975138234,37.20738932291667,37.52595960828994,m025_contiguous_substring,contiguous_substring,intermediate,0.32838960096571335,0.25539343673186593,0.40138576519956076,37.197570007324224,37.20738932291667,36.225457763671876
selective_p1.0_r08,0.0,36.93886074490017,36.93886074490017,m000_constant,constant,constant,-4.394625213623048,-4.585811299455291,-4.203439127790804,41.33348595852322,41.37787611219618,36.93886074490017
selective_p1.0_r08,0.012799089746326039,36.85872531467014,36.93886074490017,m000_constant,constant,constant,-4.394625213623048,-4.585811299455291,-4.203439127790804,41.33348595852322,41.37787611219618,36.93886074490017
selective_p1.0_r08,0.018537968514139636,37.195545789930556,37.195545789930556,m001_balanced_random_group,balanced_random_group,intermediate,-4.137940168592666,-4.310970898351618,-3.964909438833713,41.33348595852322,41.37787611219618,36.93886074490017
selective_p1.0_r08,0.030624049179710018,37.17991163465712,37.195545789930556,m001_balanced_random_group,balanced_random_group,intermediate,-4.137940168592666,-4.310970898351618,-3.964909438833713,41.33348595852322,41.37787611219618,36.93886074490017
selective_p1.0_r08,0.0336649545040884,36.72723185221354,37.195545789930556,m001_balanced_random_group,balanced_random_group,intermediate,-4.137940168592666,-4.310970898351618,-3.964909438833713,41.33348595852322,41.37787611219618,36.93886074490017
selective_p1.0_r08,0.034531895653345294,37.51734788682726,37.51734788682726,m022_contiguous_substring,contiguous_substring,intermediate,-3.8161380716959643,-4.002724306304172,-3.6295518370877566,41.33348595852322,41.37787611219618,36.93886074490017
selective_p1.0_r08,0.04176098937057196,37.27160034179687,37.51734788682726,m022_contiguous_substring,contiguous_substring,intermediate,-3.8161380716959643,-4.002724306304172,-3.6295518370877566,41.33348595852322,41.37787611219618,36.93886074490017
selective_p1.0_r08,0.04591526428807899,37.633872138129334,37.633872138129334,m021_contiguous_substring,contiguous_substring,intermediate,-3.699613820393881,-3.9039189256697377,-3.4953087151180244,41.33348595852322,41.37787611219618,36.93886074490017
selective_p1.0_r08,0.055882335579533635,37.50169304741753,37.633872138129334,m021_contiguous_substring,contiguous_substring,intermediate,-3.699613820393881,-3.9039189256697377,-3.4953087151180244,41.33348595852322,41.37787611219618,36.93886074490017
selective_p1.0_r08,0.05712404181929609,37.179979451497395,37.633872138129334,m021_contiguous_substring,contiguous_substring,intermediate,-3.699613820393881,-3.9039189256697377,-3.4953087151180244,41.33348595852322,41.37787611219618,36.93886074490017
selective_p1.0_r08,0.0642815632516227,38.174498833550345,38.174498833550345,m019_contiguous_substring,contiguous_substring,intermediate,-3.158987124972875,-3.3276435347252487,-2.990330715220501,41.33348595852322,41.37787611219618,36.93886074490017
selective_p1.0_r08,0.07153282162343576,37.907481553819444,38.174498833550345,m019_contiguous_substring,contiguous_substring,intermediate,-3.158987124972875,-3.3276435347252487,-2.990330715220501,41.33348595852322,41.37787611219618,36.93886074490017
selective_p1.0_r08,0.10112948981144265,39.04917839898003,39.04917839898003,m026_contiguous_substring,contiguous_substring,intermediate,-2.284307559543186,-2.5324226965626577,-2.0361924225237145,41.33348595852322,41.37787611219618,36.93886074490017
selective_p1.0_r08,0.12120071438222783,38.88368869357639,39.04917839898003,m026_contiguous_substring,contiguous_substring,intermediate,-2.284307559543186,-2.5324226965626577,-2.0361924225237145,41.33348595852322,41.37787611219618,36.93886074490017
selective_p1.0_r08,0.125493504064771,38.83167555067274,39.04917839898003,m026_contiguous_substring,contiguous_substring,intermediate,-2.284307559543186,-2.5324226965626577,-2.0361924225237145,41.33348595852322,41.37787611219618,36.93886074490017
selective_p1.0_r08,0.12750278253610328,38.66411810980904,39.04917839898003,m026_contiguous_substring,contiguous_substring,intermediate,-2.284307559543186,-2.5324226965626577,-2.0361924225237145,41.33348595852322,41.37787611219618,36.93886074490017
selective_p1.0_r08,0.12955410605308806,38.484334309895836,39.04917839898003,m026_contiguous_substring,contiguous_substring,intermediate,-2.284307559543186,-2.5324226965626577,-2.0361924225237145,41.33348595852322,41.37787611219618,36.93886074490017
selective_p1.0_r08,0.14383912638304172,38.77747836642795,39.04917839898003,m026_contiguous_substring,contiguous_substring,intermediate,-2.284307559543186,-2.5324226965626577,-2.0361924225237145,41.33348595852322,41.37787611219618,36.93886074490017
selective_p1.0_r08,0.14848817454520377,39.127260335286465,39.127260335286465,m005_balanced_random_group,balanced_random_group,intermediate,-2.206225623236764,-2.348824216266829,-2.063627030206699,41.33348595852322,41.37787611219618,36.93886074490017
selective_p1.0_r08,0.1651587817780676,39.290293375651046,39.290293375651046,m014_affinity_rank_group,affinity_rank_group,intermediate,-2.043192582872178,-2.1450810791905264,-1.9413040865538294,41.33348595852322,41.37787611219618,36.93886074490017
selective_p1.0_r08,0.18584281823788834,40.389180501302086,40.389180501302086,m030_contiguous_substring,contiguous_substring,intermediate,-0.9443054572211351,-1.1018916792977045,-0.7867192351445659,41.33348595852322,41.37787611219618,36.93886074490017
selective_p1.0_r08,0.1981204774844484,39.72834879557291,40.389180501302086,m030_contiguous_substring,contiguous_substring,intermediate,-0.9443054572211351,-1.1018916792977045,-0.7867192351445659,41.33348595852322,41.37787611219618,36.93886074490017
selective_p1.0_r08,0.201410346787386,40.012873331705734,40.389180501302086,m030_contiguous_substring,contiguous_substring,intermediate,-0.9443054572211351,-1.1018916792977045,-0.7867192351445659,41.33348595852322,41.37787611219618,36.93886074490017
selective_p1.0_r08,0.21444595487300872,40.6786363389757,40.6786363389757,m006_balanced_random_group,balanced_random_group,intermediate,-0.6548496195475261,-0.8028803399154409,-0.5068188991796112,41.33348595852322,41.37787611219618,36.93886074490017
selective_p1.0_r08,0.21486529692415793,40.188571506076386,40.6786363389757,m006_balanced_random_group,balanced_random_group,intermediate,-0.6548496195475261,-0.8028803399154409,-0.5068188991796112,41.33348595852322,41.37787611219618,36.93886074490017
selective_p1.0_r08,0.2360381822240855,40.87283630371094,40.87283630371094,m016_affinity_rank_group,affinity_rank_group,intermediate,-0.4606496548122829,-0.5822032243074673,-0.3390960853170985,41.33348595852322,41.37787611219618,36.93886074490017
selective_p1.0_r08,0.23674967695277974,40.89563937717014,40.89563937717014,m032_contiguous_substring,contiguous_substring,intermediate,-0.4378465813530805,-0.5926105893651592,-0.2830825733410018,41.33348595852322,41.37787611219618,36.93886074490017
selective_p1.0_r08,0.2406545479588867,41.088718329535595,41.088718329535595,m031_contiguous_substring,contiguous_substring,intermediate,-0.24476762898763027,-0.3852462135726892,-0.10428904440257136,41.33348595852322,41.37787611219618,36.93886074490017
selective_p1.0_r08,0.24276692779566786,41.21415744357638,41.21415744357638,m007_balanced_random_group,balanced_random_group,intermediate,-0.11932851494683172,-0.25451302636627515,0.015855996472611683,41.33348595852322,41.37787611219618,36.93886074490017
selective_p1.0_r08,0.24688547064502334,40.82007276746961,41.21415744357638,m007_balanced_random_group,balanced_random_group,intermediate,-0.11932851494683172,-0.25451302636627515,0.015855996472611683,41.33348595852322,41.37787611219618,36.93886074490017
selective_p1.0_r08,0.25170434928742724,41.07909240722656,41.21415744357638,m007_balanced_random_group,balanced_random_group,intermediate,-0.11932851494683172,-0.25451302636627515,0.015855996472611683,41.33348595852322,41.37787611219618,36.93886074490017
selective_p1.0_r08,0.260491576844881,41.65465698242187,41.65465698242187,m009_balanced_random_group,balanced_random_group,intermediate,0.3211710238986554,0.2195765744225219,0.42276547337478887,41.33348595852322,41.37787611219618,36.93886074490017
selective_p1.0_r08,0.26164429337601086,41.36900634765625,41.65465698242187,m009_balanced_random_group,balanced_random_group,intermediate,0.3211710238986554,0.2195765744225219,0.42276547337478887,41.33348595852322,41.37787611219618,36.93886074490017
selective_p1.0_r08,0.2653887176867226,41.37787611219618,41.65465698242187,m009_balanced_random_group,balanced_random_group,intermediate,0.3211710238986554,0.2195765744225219,0.42276547337478887,41.33348595852322,41.37787611219618,36.93886074490017
selective_p1.0_r09,0.0,36.354041544596356,36.354041544596356,m000_constant,constant,constant,-1.2249853515625015,-1.3431791131061872,-1.1067915900188159,37.579026896158865,37.591400485568585,36.354041544596356
selective_p1.0_r09,0.007168627727972839,36.25813496907552,36.354041544596356,m000_constant,constant,constant,-1.2249853515625015,-1.3431791131061872,-1.1067915900188159,37.579026896158865,37.591400485568585,36.354041544596356
selective_p1.0_r09,0.009811381316509767,36.40606926812066,36.40606926812066,m010_affinity_rank_group,affinity_rank_group,intermediate,-1.172957628038196,-1.2896158456733808,-1.056299410403011,37.579026896158865,37.591400485568585,36.354041544596356
selective_p1.0_r09,0.02383602057981281,36.44326578776042,36.44326578776042,m021_contiguous_substring,contiguous_substring,intermediate,-1.1357611083984382,-1.2586379325100052,-1.0128842842868713,37.579026896158865,37.591400485568585,36.354041544596356
selective_p1.0_r09,0.028397583475544833,36.47975667317708,36.47975667317708,m019_contiguous_substring,contiguous_substring,intermediate,-1.0992702229817717,-1.2317380034214178,-0.9668024425421257,37.579026896158865,37.591400485568585,36.354041544596356
selective_p1.0_r09,0.029689620925336956,36.45462883843316,36.47975667317708,m019_contiguous_substring,contiguous_substring,intermediate,-1.0992702229817717,-1.2317380034214178,-0.9668024425421257,37.579026896158865,37.591400485568585,36.354041544596356
selective_p1.0_r09,0.03244369332770141,36.61930474175347,36.61930474175347,m011_affinity_rank_group,affinity_rank_group,intermediate,-0.9597221544053837,-1.0939663831180741,-0.8254779256926931,37.579026896158865,37.591400485568585,36.354041544596356
selective_p1.0_r09,0.036323762948716753,36.54933709038629,36.61930474175347,m011_affinity_rank_group,affinity_rank_group,intermediate,-0.9597221544053837,-1.0939663831180741,-0.8254779256926931,37.579026896158865,37.591400485568585,36.354041544596356
selective_p1.0_r09,0.03852669141853193,36.633265516493054,36.633265516493054,m002_balanced_random_group,balanced_random_group,intermediate,-0.9457613796658,-1.0654592874232056,-0.8260634719083945,37.579026896158865,37.591400485568585,36.354041544596356
selective_p1.0_r09,0.047931717078105826,36.61371866861979,36.633265516493054,m002_balanced_random_group,balanced_random_group,intermediate,-0.9457613796658,-1.0654592874232056,-0.8260634719083945,37.579026896158865,37.591400485568585,36.354041544596356
selective_p1.0_r09,0.0666554919557023,36.58910929361979,36.633265516493054,m002_balanced_random_group,balanced_random_group,intermediate,-0.9457613796658,-1.0654592874232056,-0.8260634719083945,37.579026896158865,37.591400485568585,36.354041544596356
selective_p1.0_r09,0.07231255463096535,36.736818101671005,36.736818101671005,m012_affinity_rank_group,affinity_rank_group,intermediate,-0.8422087944878485,-0.9748736696560689,-0.709543919319628,37.579026896158865,37.591400485568585,36.354041544596356
selective_p1.0_r09,0.10960174522764986,36.88994547526042,36.88994547526042,m013_affinity_rank_group,affinity_rank_group,intermediate,-0.6890814208984395,-0.8111564132743655,-0.5670064285225135,37.579026896158865,37.591400485568585,36.354041544596356
selective_p1.0_r09,0.11079959098624899,37.214446004231775,37.214446004231775,m027_contiguous_substring,contiguous_substring,intermediate,-0.36458089192708487,-0.5114914296535794,-0.21767035420059036,37.579026896158865,37.591400485568585,36.354041544596356
selective_p1.0_r09,0.11659973524347363,36.8863766140408,37.214446004231775,m027_contiguous_substring,contiguous_substring,intermediate,-0.36458089192708487,-0.5114914296535794,-0.21767035420059036,37.579026896158865,37.591400485568585,36.354041544596356
selective_p1.0_r09,0.11736629322490987,36.82041795518663,37.214446004231775,m027_contiguous_substring,contiguous_substring,intermediate,-0.36458089192708487,-0.5114914296535794,-0.21767035420059036,37.579026896158865,37.591400485568585,36.354041544596356
selective_p1.0_r09,0.11822119221458936,36.855529106987845,37.214446004231775,m027_contiguous_substring,contiguous_substring,intermediate,-0.36458089192708487,-0.5114914296535794,-0.21767035420059036,37.579026896158865,37.591400485568585,36.354041544596356
selective_p1.0_r09,0.13008721934993642,36.93594089084202,37.214446004231775,m027_contiguous_substring,contiguous_substring,intermediate,-0.36458089192708487,-0.5114914296535794,-0.21767035420059036,37.579026896158865,37.591400485568585,36.354041544596356
selective_p1.0_r09,0.14886187216626098,37.24410807291667,37.24410807291667,m005_balanced_random_group,balanced_random_group,intermediate,-0.33491882324218913,-0.46049646518223464,-0.20934118130214363,37.579026896158865,37.591400485568585,36.354041544596356
selective_p1.0_r09,0.16543497125880985,36.623351372612845,37.24410807291667,m005_balanced_random_group,balanced_random_group,intermediate,-0.33491882324218913,-0.46049646518223464,-0.20934118130214363,37.579026896158865,37.591400485568585,36.354041544596356
selective_p1.0_r09,0.1890608935004282,37.452154880099826,37.452154880099826,m028_contiguous_substring,contiguous_substring,intermediate,-0.12687201605902831,-0.28215893463011565,0.028414902512058998,37.579026896158865,37.591400485568585,36.354041544596356
selective_p1.0_r09,0.19030726897795755,37.35799797905816,37.452154880099826,m028_contiguous_substring,contiguous_substring,intermediate,-0.12687201605902831,-0.28215893463011565,0.028414902512058998,37.579026896158865,37.591400485568585,36.354041544596356
selective_p1.0_r09,0.1919424535561686,37.43966233995226,37.452154880099826,m028_contiguous_substring,contiguous_substring,intermediate,-0.12687201605902831,-0.28215893463011565,0.028414902512058998,37.579026896158865,37.591400485568585,36.354041544596356
selective_p1.0_r09,0.20880710875853517,37.2077155219184,37.452154880099826,m028_contiguous_substring,contiguous_substring,intermediate,-0.12687201605902831,-0.28215893463011565,0.028414902512058998,37.579026896158865,37.591400485568585,36.354041544596356
selective_p1.0_r09,0.21061920891733266,37.3824462890625,37.452154880099826,m028_contiguous_substring,contiguous_substring,intermediate,-0.12687201605902831,-0.28215893463011565,0.028414902512058998,37.579026896158865,37.591400485568585,36.354041544596356
selective_p1.0_r09,0.22402672141636815,37.526246812608505,37.526246812608505,m031_contiguous_substring,contiguous_substring,intermediate,-0.05278008355034858,-0.1873688869565633,0.08180871985586616,37.579026896158865,37.591400485568585,36.354041544596356
selective_p1.0_r09,0.22737276878594936,37.53721483018663,37.53721483018663,m032_contiguous_substring,contiguous_substring,intermediate,-0.0418120659722232,-0.16799949983872195,0.08437536789427555,37.579026896158865,37.591400485568585,36.354041544596356
selective_p1.0_r09,0.23220185165903695,37.44211730957031,37.53721483018663,m032_contiguous_substring,contiguous_substring,intermediate,-0.0418120659722232,-0.16799949983872195,0.08437536789427555,37.579026896158865,37.591400485568585,36.354041544596356
selective_p1.0_r09,0.23433251513461545,37.535027737087674,37.53721483018663,m032_contiguous_substring,contiguous_substring,intermediate,-0.0418120659722232,-0.16799949983872195,0.08437536789427555,37.579026896158865,37.591400485568585,36.354041544596356
selective_p1.0_r09,0.2434674251569727,37.36752590603299,37.53721483018663,m032_contiguous_substring,contiguous_substring,intermediate,-0.0418120659722232,-0.16799949983872195,0.08437536789427555,37.579026896158865,37.591400485568585,36.354041544596356
selective_p1.0_r09,0.251498785926418,37.847260877821185,37.847260877821185,m008_balanced_random_group,balanced_random_group,intermediate,0.2682339816623258,0.14839060165532347,0.38807736166932816,37.579026896158865,37.591400485568585,36.354041544596356
selective_p1.0_r09,0.25185317675786817,37.44163445366754,37.847260877821185,m008_balanced_random_group,balanced_random_group,intermediate,0.2682339816623258,0.14839060165532347,0.38807736166932816,37.579026896158865,37.591400485568585,36.354041544596356
selective_p1.0_r09,0.2524069690556774,37.47316623263889,37.847260877821185,m008_balanced_random_group,balanced_random_group,intermediate,0.2682339816623258,0.14839060165532347,0.38807736166932816,37.579026896158865,37.591400485568585,36.354041544596356
selective_p1.0_r09,0.257378743083034,37.591400485568585,37.847260877821185,m008_balanced_random_group,balanced_random_group,intermediate,0.2682339816623258,0.14839060165532347,0.38807736166932816,37.579026896158865,37.591400485568585,36.354041544596356
selective_p1.0_r10,0.0,36.235491604275175,36.235491604275175,m000_constant,constant,constant,-2.654909149169921,-2.8166223946071494,-2.4931959037326923,38.89040075344509,38.91721801757812,36.235491604275175
selective_p1.0_r10,0.004994846834361958,36.14558648003472,36.235491604275175,m000_constant,constant,constant,-2.654909149169921,-2.8166223946071494,-2.4931959037326923,38.89040075344509,38.91721801757812,36.235491604275175
selective_p1.0_r10,0.01601552548358366,36.20099317762587,36.235491604275175,m000_constant,constant,constant,-2.654909149169921,-2.8166223946071494,-2.4931959037326923,38.89040075344509,38.91721801757812,36.235491604275175
selective_p1.0_r10,0.01737951308034733,36.53428480360243,36.53428480360243,m001_balanced_random_group,balanced_random_group,intermediate,-2.356115949842666,-2.5281437570695804,-2.1840881426157512,38.89040075344509,38.91721801757812,36.235491604275175
selective_p1.0_r10,0.02546704002798194,36.62462463378906,36.62462463378906,m020_contiguous_substring,contiguous_substring,intermediate,-2.2657761196560333,-2.448206177300482,-2.0833460620115845,38.89040075344509,38.91721801757812,36.235491604275175
selective_p1.0_r10,0.02784417639969156,36.783869425455734,36.783869425455734,m021_contiguous_substring,contiguous_substring,intermediate,-2.106531327989366,-2.260633476801732,-1.9524291791769994,38.89040075344509,38.91721801757812,36.235491604275175
selective_p1.0_r10,0.029761822561118124,36.287127346462675,36.783869425455734,m021_contiguous_substring,contiguous_substring,intermediate,-2.106531327989366,-2.260633476801732,-1.9524291791769994,38.89040075344509,38.91721801757812,36.235491604275175
selective_p1.0_r10,0.03004174032204435,36.77183702256944,36.783869425455734,m021_contiguous_substring,contiguous_substring,intermediate,-2.106531327989366,-2.260633476801732,-1.9524291791769994,38.89040075344509,38.91721801757812,36.235491604275175
selective_p1.0_r10,0.032041690933593485,36.671044921874994,36.783869425455734,m021_contiguous_substring,contiguous_substring,intermediate,-2.106531327989366,-2.260633476801732,-1.9524291791769994,38.89040075344509,38.91721801757812,36.235491604275175
selective_p1.0_r10,0.03272076845572079,36.80517374674479,36.80517374674479,m023_contiguous_substring,contiguous_substring,intermediate,-2.085227006700306,-2.224400616406843,-1.9460533969937688,38.89040075344509,38.91721801757812,36.235491604275175
selective_p1.0_r10,0.052488540152855215,36.644033474392366,36.80517374674479,m023_contiguous_substring,contiguous_substring,intermediate,-2.085227006700306,-2.224400616406843,-1.9460533969937688,38.89040075344509,38.91721801757812,36.235491604275175
selective_p1.0_r10,0.06578489045287526,36.93310309516059,36.93310309516059,m012_affinity_rank_group,affinity_rank_group,intermediate,-1.957297658284507,-2.1109915942205535,-1.8036037223484604,38.89040075344509,38.91721801757812,36.235491604275175
selective_p1.0_r10,0.09004598785125428,37.16894632975261,37.16894632975261,m027_contiguous_substring,contiguous_substring,intermediate,-1.7214544236924911,-1.8660304828310537,-1.5768783645539286,38.89040075344509,38.91721801757812,36.235491604275175
selective_p1.0_r10,0.09115041542037203,37.50646599663629,37.50646599663629,m026_contiguous_substring,contiguous_substring,intermediate,-1.383934756808812,-1.5806112231718972,-1.187258290445727,38.89040075344509,38.91721801757812,36.235491604275175
selective_p1.0_r10,0.09913170169908601,37.42869398328993,37.50646599663629,m026_contiguous_substring,contiguous_substring,intermediate,-1.383934756808812,-1.5806112231718972,-1.187258290445727,38.89040075344509,38.91721801757812,36.235491604275175
selective_p1.0_r10,0.10057856630359632,37.62623596191406,37.62623596191406,m025_contiguous_substring,contiguous_substring,intermediate,-1.2641647915310337,-1.479224318111384,-1.0491052649506833,38.89040075344509,38.91721801757812,36.235491604275175
selective_p1.0_r10,0.10245577708716139,37.675291273328995,37.675291273328995,m004_balanced_random_group,balanced_random_group,intermediate,-1.2151094801161029,-1.3309981331173608,-1.099220827114845,38.89040075344509,38.91721801757812,36.235491604275175
selective_p1.0_r10,0.10886108367466098,37.51004367404514,37.675291273328995,m004_balanced_random_group,balanced_random_group,intermediate,-1.2151094801161029,-1.3309981331173608,-1.099220827114845,38.89040075344509,38.91721801757812,36.235491604275175
selective_p1.0_r10,0.14707407496759195,37.991602918836804,37.991602918836804,m005_balanced_random_group,balanced_random_group,intermediate,-0.8987978346082891,-1.0507952598014874,-0.7468004094150908,38.89040075344509,38.91721801757812,36.235491604275175
selective_p1.0_r10,0.1552004426104907,37.97885131835938,37.991602918836804,m005_balanced_random_group,balanced_random_group,intermediate,-0.8987978346082891,-1.0507952598014874,-0.7468004094150908,38.89040075344509,38.91721801757812,36.235491604275175
selective_p1.0_r10,0.15998105607454627,38.477548895941844,38.477548895941844,m030_contiguous_substring,contiguous_substring,intermediate,-0.4128518575032579,-0.5609639154132361,-0.26473979959327976,38.89040075344509,38.91721801757812,36.235491604275175
selective_p1.0_r10,0.17255513330200178,38.585656060112846,38.585656060112846,m029_contiguous_substring,contiguous_substring,intermediate,-0.3047446933322475,-0.4599367600966692,-0.14955262656782586,38.89040075344509,38.91721801757812,36.235491604275175
selective_p1.0_r10,0.18236476640354748,38.70184699164497,38.70184699164497,m028_contiguous_substring,contiguous_substring,intermediate,-0.18855376180012828,-0.3404255623764859,-0.03668196122377068,38.89040075344509,38.91721801757812,36.235491604275175
selective_p1.0_r10,0.18960529822019828,38.48897128634982,38.70184699164497,m028_contiguous_substring,contiguous_substring,intermediate,-0.18855376180012828,-0.3404255623764859,-0.03668196122377068,38.89040075344509,38.91721801757812,36.235491604275175
selective_p1.0_r10,0.19022205355751012,38.63930833604601,38.70184699164497,m028_contiguous_substring,contiguous_substring,intermediate,-0.18855376180012828,-0.3404255623764859,-0.03668196122377068,38.89040075344509,38.91721801757812,36.235491604275175
selective_p1.0_r10,0.2106799861303945,38.451071166992186,38.70184699164497,m028_contiguous_substring,contiguous_substring,intermediate,-0.18855376180012828,-0.3404255623764859,-0.03668196122377068,38.89040075344509,38.91721801757812,36.235491604275175
selective_p1.0_r10,0.21787711677636493,39.059690348307285,39.059690348307285,m007_balanced_random_group,balanced_random_group,intermediate,0.16928959486219552,0.022683281538066424,0.3158959081863246,38.89040075344509,38.91721801757812,36.235491604275175
selective_p1.0_r10,0.21857781183461292,38.86297166612414,39.059690348307285,m007_balanced_random_group,balanced_random_group,intermediate,0.16928959486219552,0.022683281538066424,0.3158959081863246,38.89040075344509,38.91721801757812,36.235491604275175
selective_p1.0_r10,0.2248887828984232,38.461888292100696,39.059690348307285,m007_balanced_random_group,balanced_random_group,intermediate,0.16928959486219552,0.022683281538066424,0.3158959081863246,38.89040075344509,38.91721801757812,36.235491604275175
selective_p1.0_r10,0.2262750547457268,38.660081990559895,39.059690348307285,m007_balanced_random_group,balanced_random_group,intermediate,0.16928959486219552,0.022683281538066424,0.3158959081863246,38.89040075344509,38.91721801757812,36.235491604275175
selective_p1.0_r10,0.23067428752172178,38.91828070746527,39.059690348307285,m007_balanced_random_group,balanced_random_group,intermediate,0.16928959486219552,0.022683281538066424,0.3158959081863246,38.89040075344509,38.91721801757812,36.235491604275175
selective_p1.0_r10,0.2341303561453847,38.52436896430122,39.059690348307285,m007_balanced_random_group,balanced_random_group,intermediate,0.16928959486219552,0.022683281538066424,0.3158959081863246,38.89040075344509,38.91721801757812,36.235491604275175
selective_p1.0_r10,0.23757568541362623,39.02738444010417,39.059690348307285,m007_balanced_random_group,balanced_random_group,intermediate,0.16928959486219552,0.022683281538066424,0.3158959081863246,38.89040075344509,38.91721801757812,36.235491604275175
selective_p1.0_r10,0.24480106567595653,38.91721801757812,39.059690348307285,m007_balanced_random_group,balanced_random_group,intermediate,0.16928959486219552,0.022683281538066424,0.3158959081863246,38.89040075344509,38.91721801757812,36.235491604275175
selective_p1.0_r11,-2.465190328815662e-32,35.24984876844618,35.24984876844618,m000_constant,constant,constant,-3.8209343261718742,-3.9357212621170166,-3.706147390226732,39.07078309461805,39.10937839084201,35.24984876844618
selective_p1.0_r11,0.011363370028611904,35.37598097059462,35.37598097059462,m010_affinity_rank_group,affinity_rank_group,intermediate,-3.694802124023437,-3.804721426339413,-3.584882821707461,39.07078309461805,39.10937839084201,35.24984876844618
selective_p1.0_r11,0.011581395830868634,35.39383341471354,35.39383341471354,m001_balanced_random_group,balanced_random_group,intermediate,-3.6769496799045127,-3.7835305506945476,-3.570368809114478,39.07078309461805,39.10937839084201,35.24984876844618
selective_p1.0_r11,0.03172708632053899,35.16139560275607,35.39383341471354,m001_balanced_random_group,balanced_random_group,intermediate,-3.6769496799045127,-3.7835305506945476,-3.570368809114478,39.07078309461805,39.10937839084201,35.24984876844618
selective_p1.0_r11,0.03297831979206897,35.362336561414935,35.39383341471354,m001_balanced_random_group,balanced_random_group,intermediate,-3.6769496799045127,-3.7835305506945476,-3.570368809114478,39.07078309461805,39.10937839084201,35.24984876844618
selective_p1.0_r11,0.033682909760578666,35.422463989257814,35.422463989257814,m023_contiguous_substring,contiguous_substring,intermediate,-3.6483191053602426,-3.765425096231624,-3.531213114488861,39.07078309461805,39.10937839084201,35.24984876844618
selective_p1.0_r11,0.0370617754552828,35.56011522081163,35.56011522081163,m022_contiguous_substring,contiguous_substring,intermediate,-3.510667873806422,-3.6257949436180823,-3.395540803994762,39.07078309461805,39.10937839084201,35.24984876844618
selective_p1.0_r11,0.041838783327347154,35.79139607747396,35.79139607747396,m011_affinity_rank_group,affinity_rank_group,intermediate,-3.279387017144097,-3.4045741707486243,-3.15419986353957,39.07078309461805,39.10937839084201,35.24984876844618
selective_p1.0_r11,0.04308585588377105,35.709692043728296,35.79139607747396,m011_affinity_rank_group,affinity_rank_group,intermediate,-3.279387017144097,-3.4045741707486243,-3.15419986353957,39.07078309461805,39.10937839084201,35.24984876844618
selective_p1.0_r11,0.046132499104787755,35.677544487847214,35.79139607747396,m011_affinity_rank_group,affinity_rank_group,intermediate,-3.279387017144097,-3.4045741707486243,-3.15419986353957,39.07078309461805,39.10937839084201,35.24984876844618
selective_p1.0_r11,0.09225274576783186,36.46765475802952,36.46765475802952,m003_balanced_random_group,balanced_random_group,intermediate,-2.6031283365885405,-2.729767594913089,-2.476489078263992,39.07078309461805,39.10937839084201,35.24984876844618
selective_p1.0_r11,0.0982951594987939,36.288826836480034,36.46765475802952,m003_balanced_random_group,balanced_random_group,intermediate,-2.6031283365885405,-2.729767594913089,-2.476489078263992,39.07078309461805,39.10937839084201,35.24984876844618
selective_p1.0_r11,0.13085676861952047,36.40661248101129,36.46765475802952,m003_balanced_random_group,balanced_random_group,intermediate,-2.6031283365885405,-2.729767594913089,-2.476489078263992,39.07078309461805,39.10937839084201,35.24984876844618
selective_p1.0_r11,0.13330142232776387,36.38277418348524,36.46765475802952,m003_balanced_random_group,balanced_random_group,intermediate,-2.6031283365885405,-2.729767594913089,-2.476489078263992,39.07078309461805,39.10937839084201,35.24984876844618
selective_p1.0_r11,0.13389974950598685,37.17887946234809,37.17887946234809,m024_contiguous_substring,contiguous_substring,intermediate,-1.8919036322699636,-2.002547858278485,-1.7812594062614422,39.07078309461805,39.10937839084201,35.24984876844618
selective_p1.0_r11,0.13403510158833587,36.518954806857636,37.17887946234809,m024_contiguous_substring,contiguous_substring,intermediate,-1.8919036322699636,-2.002547858278485,-1.7812594062614422,39.07078309461805,39.10937839084201,35.24984876844618
selective_p1.0_r11,0.15925561144465056,37.328284708658856,37.328284708658856,m004_balanced_random_group,balanced_random_group,intermediate,-1.7424983859592005,-1.861404760795817,-1.623592011122584,39.07078309461805,39.10937839084201,35.24984876844618
selective_p1.0_r11,0.16518223768378415,37.19941813151041,37.328284708658856,m004_balanced_random_group,balanced_random_group,intermediate,-1.7424983859592005,-1.861404760795817,-1.623592011122584,39.07078309461805,39.10937839084201,35.24984876844618
selective_p1.0_r11,0.19204671728176081,38.24109700520834,38.24109700520834,m005_balanced_random_group,balanced_random_group,intermediate,-0.8296860894097218,-0.9696439404384886,-0.689728238380955,39.07078309461805,39.10937839084201,35.24984876844618
selective_p1.0_r11,0.19670817555380565,37.3312259250217,38.24109700520834,m005_balanced_random_group,balanced_random_group,intermediate,-0.8296860894097218,-0.9696439404384886,-0.689728238380955,39.07078309461805,39.10937839084201,35.24984876844618
selective_p1.0_r11,0.20010491612635312,37.953149753146704,38.24109700520834,m005_balanced_random_group,balanced_random_group,intermediate,-0.8296860894097218,-0.9696439404384886,-0.689728238380955,39.07078309461805,39.10937839084201,35.24984876844618
selective_p1.0_r11,0.20227410797593834,37.492729356553816,38.24109700520834,m005_balanced_random_group,balanced_random_group,intermediate,-0.8296860894097218,-0.9696439404384886,-0.689728238380955,39.07078309461805,39.10937839084201,35.24984876844618
selective_p1.0_r11,0.20748377940813187,37.79028116861979,38.24109700520834,m005_balanced_random_group,balanced_random_group,intermediate,-0.8296860894097218,-0.9696439404384886,-0.689728238380955,39.07078309461805,39.10937839084201,35.24984876844618
selective_p1.0_r11,0.21336037081459594,38.16559685601129,38.24109700520834,m005_balanced_random_group,balanced_random_group,intermediate,-0.8296860894097218,-0.9696439404384886,-0.689728238380955,39.07078309461805,39.10937839084201,35.24984876844618
selective_p1.0_r11,0.23468461740165214,38.94766099717882,38.94766099717882,m008_balanced_random_group,balanced_random_group,intermediate,-0.12312209743923441,-0.24096914530956595,-0.005275049568902873,39.07078309461805,39.10937839084201,35.24984876844618
selective_p1.0_r11,0.23578641534608946,38.79304809570312,38.94766099717882,m008_balanced_random_group,balanced_random_group,intermediate,-0.12312209743923441,-0.24096914530956595,-0.005275049568902873,39.07078309461805,39.10937839084201,35.24984876844618
selective_p1.0_r11,0.24676795083769362,38.95182529025608,38.95182529025608,m016_affinity_rank_group,affinity_rank_group,intermediate,-0.11895780436197845,-0.23440409649382477,-0.003511512230132144,39.07078309461805,39.10937839084201,35.24984876844618
selective_p1.0_r11,0.24733737343927334,38.9152333577474,38.95182529025608,m016_affinity_rank_group,affinity_rank_group,intermediate,-0.11895780436197845,-0.23440409649382477,-0.003511512230132144,39.07078309461805,39.10937839084201,35.24984876844618
selective_p1.0_r11,0.24739374176689966,39.00230000813802,39.00230000813802,m007_balanced_random_group,balanced_random_group,intermediate,-0.06848308648003354,-0.20596667265577887,0.06900049969571179,39.07078309461805,39.10937839084201,35.24984876844618
selective_p1.0_r11,0.24787368908377533,38.823335096571185,39.00230000813802,m007_balanced_random_group,balanced_random_group,intermediate,-0.06848308648003354,-0.20596667265577887,0.06900049969571179,39.07078309461805,39.10937839084201,35.24984876844618
selective_p1.0_r11,0.2559822175223065,39.12890862358941,39.12890862358941,m017_affinity_rank_group,affinity_rank_group,intermediate,0.05812552897135437,-0.07141213139121166,0.1876631893339204,39.07078309461805,39.10937839084201,35.24984876844618
selective_p1.0_r11,0.259170567447368,39.09713643391927,39.12890862358941,m017_affinity_rank_group,affinity_rank_group,intermediate,0.05812552897135437,-0.07141213139121166,0.1876631893339204,39.07078309461805,39.10937839084201,35.24984876844618
selective_p1.0_r11,0.2620707574485394,39.12504170735677,39.12890862358941,m017_affinity_rank_group,affinity_rank_group,intermediate,0.05812552897135437,-0.07141213139121166,0.1876631893339204,39.07078309461805,39.10937839084201,35.24984876844618
selective_p1.0_r11,0.2627855518521988,39.10937839084201,39.12890862358941,m017_affinity_rank_group,affinity_rank_group,intermediate,0.05812552897135437,-0.07141213139121166,0.1876631893339204,39.07078309461805,39.10937839084201,35.24984876844618
selective_p1.0_r12,0.0,36.77699720594618,36.77699720594618,m000_constant,constant,constant,-3.3182278137207026,-3.4673507998229534,-3.169104827618452,40.095225019666884,40.12874247233073,36.77699720594618
selective_p1.0_r12,0.011417832587865825,36.81732754177517,36.81732754177517,m001_balanced_random_group,balanced_random_group,intermediate,-3.2778974778917105,-3.426513793640791,-3.12928116214263,40.095225019666884,40.12874247233073,36.77699720594618
selective_p1.0_r12,0.024951203874667684,37.18315158420139,37.18315158420139,m023_contiguous_substring,contiguous_substring,intermediate,-2.9120734354654942,-3.056521017138093,-2.7676258537928953,40.095225019666884,40.12874247233073,36.77699720594618
selective_p1.0_r12,0.026525963946871327,37.368211195204,37.368211195204,m010_affinity_rank_group,affinity_rank_group,intermediate,-2.7270138244628908,-2.881503942454438,-2.5725237064713435,40.095225019666884,40.12874247233073,36.77699720594618
selective_p1.0_r12,0.030735052373996707,37.420490180121526,37.420490180121526,m022_contiguous_substring,contiguous_substring,intermediate,-2.674734839545356,-2.811214496811765,-2.5382551822789465,40.095225019666884,40.12874247233073,36.77699720594618
selective_p1.0_r12,0.032191923162636485,37.09663662380642,37.420490180121526,m022_contiguous_substring,contiguous_substring,intermediate,-2.674734839545356,-2.811214496811765,-2.5382551822789465,40.095225019666884,40.12874247233073,36.77699720594618
selective_p1.0_r12,0.03733806920407117,37.12005988226997,37.420490180121526,m022_contiguous_substring,contiguous_substring,intermediate,-2.674734839545356,-2.811214496811765,-2.5382551822789465,40.095225019666884,40.12874247233073,36.77699720594618
selective_p1.0_r12,0.03774446578831428,37.32734646267362,37.420490180121526,m022_contiguous_substring,contiguous_substring,intermediate,-2.674734839545356,-2.811214496811765,-2.5382551822789465,40.095225019666884,40.12874247233073,36.77699720594618
selective_p1.0_r12,0.04176802766511558,37.16747266981337,37.420490180121526,m022_contiguous_substring,contiguous_substring,intermediate,-2.674734839545356,-2.811214496811765,-2.5382551822789465,40.095225019666884,40.12874247233073,36.77699720594618
selective_p1.0_r12,0.06016128522116171,37.6636952718099,37.6636952718099,m011_affinity_rank_group,affinity_rank_group,intermediate,-2.4315297478569864,-2.586788428858708,-2.276271066855265,40.095225019666884,40.12874247233073,36.77699720594618
selective_p1.0_r12,0.07603436321608015,37.76704678005642,37.76704678005642,m003_balanced_random_group,balanced_random_group,intermediate,-2.3281782396104598,-2.4847390664001012,-2.1716174128208183,40.095225019666884,40.12874247233073,36.77699720594618
selective_p1.0_r12,0.0915862907837425,37.93717651367187,37.93717651367187,m012_affinity_rank_group,affinity_rank_group,intermediate,-2.158048505995009,-2.3129567868592567,-2.0031402251307613,40.095225019666884,40.12874247233073,36.77699720594618
selective_p1.0_r12,0.0998619942012681,37.73948533799913,37.93717651367187,m012_affinity_rank_group,affinity_rank_group,intermediate,-2.158048505995009,-2.3129567868592567,-2.0031402251307613,40.095225019666884,40.12874247233073,36.77699720594618
selective_p1.0_r12,0.10104868212331211,37.66073167588975,37.93717651367187,m012_affinity_rank_group,affinity_rank_group,intermediate,-2.158048505995009,-2.3129567868592567,-2.0031402251307613,40.095225019666884,40.12874247233073,36.77699720594618
selective_p1.0_r12,0.1016065059338883,38.050932820638025,38.050932820638025,m024_contiguous_substring,contiguous_substring,intermediate,-2.044292199028863,-2.203450717459535,-1.8851336805981915,40.095225019666884,40.12874247233073,36.77699720594618
selective_p1.0_r12,0.10209683871585462,38.155470445421,38.155470445421,m026_contiguous_substring,contiguous_substring,intermediate,-1.9397545742458768,-2.081891168196628,-1.7976179802951258,40.095225019666884,40.12874247233073,36.77699720594618
selective_p1.0_r12,0.10954895730053887,38.09877251519097,38.155470445421,m026_contiguous_substring,contiguous_substring,intermediate,-1.9397545742458768,-2.081891168196628,-1.7976179802951258,40.095225019666884,40.12874247233073,36.77699720594618
selective_p1.0_r12,0.12786775477491935,38.68534206814236,38.68534206814236,m013_affinity_rank_group,affinity_rank_group,intermediate,-1.4098829515245201,-1.5761918964819959,-1.2435740065670444,40.095225019666884,40.12874247233073,36.77699720594618
selective_p1.0_r12,0.15523485924566394,38.74534606933594,38.74534606933594,m029_contiguous_substring,contiguous_substring,intermediate,-1.3498789503309458,-1.4900107687604107,-1.209747131901481,40.095225019666884,40.12874247233073,36.77699720594618
selective_p1.0_r12,0.16461385168889453,38.92507595486111,38.92507595486111,m028_contiguous_substring,contiguous_substring,intermediate,-1.1701490648057726,-1.3196615425477731,-1.0206365870637721,40.095225019666884,40.12874247233073,36.77699720594618
selective_p1.0_r12,0.17175350519190064,39.109986029730905,39.109986029730905,m005_balanced_random_group,balanced_random_group,intermediate,-0.9852389899359804,-1.121636811072353,-0.8488411687996078,40.095225019666884,40.12874247233073,36.77699720594618
selective_p1.0_r12,0.1784977355693203,38.7734615749783,39.109986029730905,m005_balanced_random_group,balanced_random_group,intermediate,-0.9852389899359804,-1.121636811072353,-0.8488411687996078,40.095225019666884,40.12874247233073,36.77699720594618
selective_p1.0_r12,0.17962773854679423,38.872493489583334,39.109986029730905,m005_balanced_random_group,balanced_random_group,intermediate,-0.9852389899359804,-1.121636811072353,-0.8488411687996078,40.095225019666884,40.12874247233073,36.77699720594618
selective_p1.0_r12,0.18378656551082964,38.95072767469618,39.109986029730905,m005_balanced_random_group,balanced_random_group,intermediate,-0.9852389899359804,-1.121636811072353,-0.8488411687996078,40.095225019666884,40.12874247233073,36.77699720594618
selective_p1.0_r12,0.19996718163993973,39.61427171495225,39.61427171495225,m031_contiguous_substring,contiguous_substring,intermediate,-0.4809533047146266,-0.6029801176938808,-0.35892649173537233,40.095225019666884,40.12874247233073,36.77699720594618
selective_p1.0_r12,0.20175845030852985,39.31607326931423,39.61427171495225,m031_contiguous_substring,contiguous_substring,intermediate,-0.4809533047146266,-0.6029801176938808,-0.35892649173537233,40.095225019666884,40.12874247233073,36.77699720594618
selective_p1.0_r12,0.2130181066262901,39.345311143663196,39.61427171495225,m031_contiguous_substring,contiguous_substring,intermediate,-0.4809533047146266,-0.6029801176938808,-0.35892649173537233,40.095225019666884,40.12874247233073,36.77699720594618
selective_p1.0_r12,0.21641466205717957,39.46043802897135,39.61427171495225,m031_contiguous_substring,contiguous_substring,intermediate,-0.4809533047146266,-0.6029801176938808,-0.35892649173537233,40.095225019666884,40.12874247233073,36.77699720594618
selective_p1.0_r12,0.22026296751095165,39.870500013563365,39.870500013563365,m007_balanced_random_group,balanced_random_group,intermediate,-0.22472500610351587,-0.34807154262397594,-0.10137846958305581,40.095225019666884,40.12874247233073,36.77699720594618
selective_p1.0_r12,0.22371634177430155,39.425094265407985,39.870500013563365,m007_balanced_random_group,balanced_random_group,intermediate,-0.22472500610351587,-0.34807154262397594,-0.10137846958305581,40.095225019666884,40.12874247233073,36.77699720594618
selective_p1.0_r12,0.2298837563442831,39.94071350097656,39.94071350097656,m017_affinity_rank_group,affinity_rank_group,intermediate,-0.15451151869032154,-0.25166797481687525,-0.057355062563767836,40.095225019666884,40.12874247233073,36.77699720594618
selective_p1.0_r12,0.2352745893597429,40.04105868869358,40.04105868869358,m009_balanced_random_group,balanced_random_group,intermediate,-0.05416633097330725,-0.15517074048961388,0.04683807854299936,40.095225019666884,40.12874247233073,36.77699720594618
selective_p1.0_r12,0.23557459275513568,40.04897087944879,40.04897087944879,m018_affinity_rank_group,affinity_rank_group,intermediate,-0.046254140218099704,-0.14746797278462553,0.054959692348426126,40.095225019666884,40.12874247233073,36.77699720594618
selective_p1.0_r12,0.23691160225069974,40.12874247233073,40.12874247233073,m033_identity,identity,identity,0.03351745266384554,0.03201115987493397,0.035023745452757105,40.095225019666884,40.12874247233073,36.77699720594618
selective_p1.0_r13,0.0,36.85229356553819,36.85229356553819,m000_constant,constant,constant,-2.4450413818359373,-2.57831601259989,-2.3117667510719846,39.29733494737414,39.32203233506945,36.85229356553819
selective_p1.0_r13,0.01526724991515253,36.95240376790365,36.95240376790365,m010_affinity_rank_group,affinity_rank_group,intermediate,-2.3449311794704872,-2.4846830304198915,-2.205179328521083,39.29733494737414,39.32203233506945,36.85229356553819
selective_p1.0_r13,0.01565812668656834,36.863306003146704,36.95240376790365,m010_affinity_rank_group,affinity_rank_group,intermediate,-2.3449311794704872,-2.4846830304198915,-2.205179328521083,39.29733494737414,39.32203233506945,36.85229356553819
selective_p1.0_r13,0.033649936354324415,37.07708774142796,37.07708774142796,m021_contiguous_substring,contiguous_substring,intermediate,-2.2202472059461806,-2.3571499429491842,-2.083344468943177,39.29733494737414,39.32203233506945,36.85229356553819
selective_p1.0_r13,0.034201196536723294,36.7303236219618,37.07708774142796,m021_contiguous_substring,contiguous_substring,intermediate,-2.2202472059461806,-2.3571499429491842,-2.083344468943177,39.29733494737414,39.32203233506945,36.85229356553819
selective_p1.0_r13,0.03981961649297018,37.280372111002606,37.280372111002606,m011_affinity_rank_group,affinity_rank_group,intermediate,-2.016962836371527,-2.14946198051097,-1.8844636922320845,39.29733494737414,39.32203233506945,36.85229356553819
selective_p1.0_r13,0.04286979901831519,37.29744601779514,37.29744601779514,m022_contiguous_substring,contiguous_substring,intermediate,-1.9998889295789932,-2.1431296473372363,-1.8566482118207501,39.29733494737414,39.32203233506945,36.85229356553819
selective_p1.0_r13,0.04369714372515394,37.35348375108507,37.35348375108507,m023_contiguous_substring,contiguous_substring,intermediate,-1.9438511962890632,-2.071779811485823,-1.8159225810923039,39.29733494737414,39.32203233506945,36.85229356553819
selective_p1.0_r13,0.04755692550278564,37.14965006510417,37.35348375108507,m023_contiguous_substring,contiguous_substring,intermediate,-1.9438511962890632,-2.071779811485823,-1.8159225810923039,39.29733494737414,39.32203233506945,36.85229356553819
selective_p1.0_r13,0.04901350482626515,36.79940829806857,37.35348375108507,m023_contiguous_substring,contiguous_substring,intermediate,-1.9438511962890632,-2.071779811485823,-1.8159225810923039,39.29733494737414,39.32203233506945,36.85229356553819
selective_p1.0_r13,0.08619989209673226,37.92917039659289,37.92917039659289,m012_affinity_rank_group,affinity_rank_group,intermediate,-1.3681645507812492,-1.495080805537613,-1.2412482960248854,39.29733494737414,39.32203233506945,36.85229356553819
selective_p1.0_r13,0.09945968737844062,37.31907416449653,37.92917039659289,m012_affinity_rank_group,affinity_rank_group,intermediate,-1.3681645507812492,-1.495080805537613,-1.2412482960248854,39.29733494737414,39.32203233506945,36.85229356553819
selective_p1.0_r13,0.10458215832705281,37.46430121527777,37.92917039659289,m012_affinity_rank_group,affinity_rank_group,intermediate,-1.3681645507812492,-1.495080805537613,-1.2412482960248854,39.29733494737414,39.32203233506945,36.85229356553819
selective_p1.0_r13,0.11117552165924822,37.75431349012587,37.92917039659289,m012_affinity_rank_group,affinity_rank_group,intermediate,-1.3681645507812492,-1.495080805537613,-1.2412482960248854,39.29733494737414,39.32203233506945,36.85229356553819
selective_p1.0_r13,0.11527692640142456,37.73002183702257,37.92917039659289,m012_affinity_rank_group,affinity_rank_group,intermediate,-1.3681645507812492,-1.495080805537613,-1.2412482960248854,39.29733494737414,39.32203233506945,36.85229356553819
selective_p1.0_r13,0.13620073726492538,38.203344726562506,38.203344726562506,m004_balanced_random_group,balanced_random_group,intermediate,-1.0939902208116317,-1.2533009080681976,-0.9346795335550656,39.29733494737414,39.32203233506945,36.85229356553819
selective_p1.0_r13,0.13791456020344464,37.54413214789497,38.203344726562506,m004_balanced_random_group,balanced_random_group,intermediate,-1.0939902208116317,-1.2533009080681976,-0.9346795335550656,39.29733494737414,39.32203233506945,36.85229356553819
selective_p1.0_r13,0.1426559191205752,38.515286933051215,38.515286933051215,m013_affinity_rank_group,affinity_rank_group,intermediate,-0.7820480143229164,-0.9383468718189596,-0.6257491568268732,39.29733494737414,39.32203233506945,36.85229356553819
selective_p1.0_r13,0.16315143717550787,38.110569932725696,38.515286933051215,m013_affinity_rank_group,affinity_rank_group,intermediate,-0.7820480143229164,-0.9383468718189596,-0.6257491568268732,39.29733494737414,39.32203233506945,36.85229356553819
selective_p1.0_r13,0.16906563295554164,38.84713880750868,38.84713880750868,m029_contiguous_substring,contiguous_substring,intermediate,-0.45019613986545226,-0.5910323465721482,-0.3093599331587563,39.29733494737414,39.32203233506945,36.85229356553819
selective_p1.0_r13,0.1709444983724229,38.091370307074655,38.84713880750868,m029_contiguous_substring,contiguous_substring,intermediate,-0.45019613986545226,-0.5910323465721482,-0.3093599331587563,39.29733494737414,39.32203233506945,36.85229356553819
selective_p1.0_r13,0.18268669941955623,39.15724351671007,39.15724351671007,m014_affinity_rank_group,affinity_rank_group,intermediate,-0.14009143066406282,-0.2917381840860166,0.011555322757890979,39.29733494737414,39.32203233506945,36.85229356553819
selective_p1.0_r13,0.19287645281511076,38.59954969618056,39.15724351671007,m014_affinity_rank_group,affinity_rank_group,intermediate,-0.14009143066406282,-0.2917381840860166,0.011555322757890979,39.29733494737414,39.32203233506945,36.85229356553819
selective_p1.0_r13,0.2040962133610156,38.471327718098955,39.15724351671007,m014_affinity_rank_group,affinity_rank_group,intermediate,-0.14009143066406282,-0.2917381840860166,0.011555322757890979,39.29733494737414,39.32203233506945,36.85229356553819
selective_p1.0_r13,0.22209110088803546,39.317717488606775,39.317717488606775,m032_contiguous_substring,contiguous_substring,intermediate,0.02038254123263805,-0.10449938123107357,0.14526446369634965,39.29733494737414,39.32203233506945,36.85229356553819
selective_p1.0_r13,0.2223944861929144,39.457208251953126,39.457208251953126,m015_affinity_rank_group,affinity_rank_group,intermediate,0.15987330457899296,0.010308733153442745,0.3094378760045432,39.29733494737414,39.32203233506945,36.85229356553819
selective_p1.0_r13,0.22642713388891583,39.00358174641927,39.457208251953126,m015_affinity_rank_group,affinity_rank_group,intermediate,0.15987330457899296,0.010308733153442745,0.3094378760045432,39.29733494737414,39.32203233506945,36.85229356553819
selective_p1.0_r13,0.2289010357253394,39.04017028808593,39.457208251953126,m015_affinity_rank_group,affinity_rank_group,intermediate,0.15987330457899296,0.010308733153442745,0.3094378760045432,39.29733494737414,39.32203233506945,36.85229356553819
selective_p1.0_r13,0.23384555192721856,39.43642069498698,39.457208251953126,m015_affinity_rank_group,affinity_rank_group,intermediate,0.15987330457899296,0.010308733153442745,0.3094378760045432,39.29733494737414,39.32203233506945,36.85229356553819
selective_p1.0_r13,0.2465853153750009,39.195059882269966,39.457208251953126,m015_affinity_rank_group,affinity_rank_group,intermediate,0.15987330457899296,0.010308733153442745,0.3094378760045432,39.29733494737414,39.32203233506945,36.85229356553819
selective_p1.0_r13,0.2508998624126135,39.11048312717014,39.457208251953126,m015_affinity_rank_group,affinity_rank_group,intermediate,0.15987330457899296,0.010308733153442745,0.3094378760045432,39.29733494737414,39.32203233506945,36.85229356553819
selective_p1.0_r13,0.2521230533451553,39.22359924316407,39.457208251953126,m015_affinity_rank_group,affinity_rank_group,intermediate,0.15987330457899296,0.010308733153442745,0.3094378760045432,39.29733494737414,39.32203233506945,36.85229356553819
selective_p1.0_r13,0.2527135019239296,39.318361070421005,39.457208251953126,m015_affinity_rank_group,affinity_rank_group,intermediate,0.15987330457899296,0.010308733153442745,0.3094378760045432,39.29733494737414,39.32203233506945,36.85229356553819
selective_p1.0_r13,0.25409839062810163,39.32203233506945,39.457208251953126,m015_affinity_rank_group,affinity_rank_group,intermediate,0.15987330457899296,0.010308733153442745,0.3094378760045432,39.29733494737414,39.32203233506945,36.85229356553819
selective_p1.0_r14,-1.232595164407831e-32,38.311253526475696,38.311253526475696,m000_constant,constant,constant,-1.6059583740234384,-1.714693927233994,-1.4972228208128828,39.91721190049913,39.93343370225695,38.311253526475696
selective_p1.0_r14,0.015021564758716263,38.34665832519532,38.34665832519532,m010_affinity_rank_group,affinity_rank_group,intermediate,-1.5705535753038196,-1.6551524873978265,-1.4859546632098126,39.91721190049913,39.93343370225695,38.311253526475696
selective_p1.0_r14,0.02059519489369152,38.35153401692708,38.35153401692708,m001_balanced_random_group,balanced_random_group,intermediate,-1.5656778835720493,-1.6628896375630353,-1.4684661295810633,39.91721190049913,39.93343370225695,38.311253526475696
selective_p1.0_r14,0.0364952105808676,38.272215101453995,38.35153401692708,m001_balanced_random_group,balanced_random_group,intermediate,-1.5656778835720493,-1.6628896375630353,-1.4684661295810633,39.91721190049913,39.93343370225695,38.311253526475696
selective_p1.0_r14,0.0416857797791587,38.556760999891495,38.556760999891495,m021_contiguous_substring,contiguous_substring,intermediate,-1.3604509006076393,-1.4675951877072884,-1.2533066135079902,39.91721190049913,39.93343370225695,38.311253526475696
selective_p1.0_r14,0.04647388380519339,38.445480007595485,38.556760999891495,m021_contiguous_substring,contiguous_substring,intermediate,-1.3604509006076393,-1.4675951877072884,-1.2533066135079902,39.91721190049913,39.93343370225695,38.311253526475696
selective_p1.0_r14,0.05199100480677125,38.504881117078995,38.556760999891495,m021_contiguous_substring,contiguous_substring,intermediate,-1.3604509006076393,-1.4675951877072884,-1.2533066135079902,39.91721190049913,39.93343370225695,38.311253526475696
selective_p1.0_r14,0.05222885678540278,38.01949903700087,38.556760999891495,m021_contiguous_substring,contiguous_substring,intermediate,-1.3604509006076393,-1.4675951877072884,-1.2533066135079902,39.91721190049913,39.93343370225695,38.311253526475696
selective_p1.0_r14,0.05583809758086246,38.62806667751736,38.62806667751736,m019_contiguous_substring,contiguous_substring,intermediate,-1.2891452229817701,-1.3901117541562007,-1.1881786918073396,39.91721190049913,39.93343370225695,38.311253526475696
selective_p1.0_r14,0.07550317605423973,38.96719326443143,38.96719326443143,m023_contiguous_substring,contiguous_substring,intermediate,-0.9500186360677081,-1.05646891748938,-0.8435683546460362,39.91721190049913,39.93343370225695,38.311253526475696
selective_p1.0_r14,0.09356867567902388,38.606336466471355,38.96719326443143,m023_contiguous_substring,contiguous_substring,intermediate,-0.9500186360677081,-1.05646891748938,-0.8435683546460362,39.91721190049913,39.93343370225695,38.311253526475696
selective_p1.0_r14,0.10805347738914531,38.22889268663195,38.96719326443143,m023_contiguous_substring,contiguous_substring,intermediate,-0.9500186360677081,-1.05646891748938,-0.8435683546460362,39.91721190049913,39.93343370225695,38.311253526475696
selective_p1.0_r14,0.12349552912273794,38.55345255533854,38.96719326443143,m023_contiguous_substring,contiguous_substring,intermediate,-0.9500186360677081,-1.05646891748938,-0.8435683546460362,39.91721190049913,39.93343370225695,38.311253526475696
selective_p1.0_r14,0.13434729600522669,39.15870632595487,39.15870632595487,m013_affinity_rank_group,affinity_rank_group,intermediate,-0.7585055745442703,-0.8715464833060282,-0.6454646657825123,39.91721190049913,39.93343370225695,38.311253526475696
selective_p1.0_r14,0.13566575884532256,39.219670613606766,39.219670613606766,m027_contiguous_substring,contiguous_substring,intermediate,-0.6975412868923604,-0.7915667037565169,-0.6035158700282038,39.91721190049913,39.93343370225695,38.311253526475696
selective_p1.0_r14,0.14167053621171452,38.82436252170139,39.219670613606766,m027_contiguous_substring,contiguous_substring,intermediate,-0.6975412868923604,-0.7915667037565169,-0.6035158700282038,39.91721190049913,39.93343370225695,38.311253526475696
selective_p1.0_r14,0.14870070576177122,39.08410135904948,39.219670613606766,m027_contiguous_substring,contiguous_substring,intermediate,-0.6975412868923604,-0.7915667037565169,-0.6035158700282038,39.91721190049913,39.93343370225695,38.311253526475696
selective_p1.0_r14,0.149731702374103,40.014162868923606,40.014162868923606,m024_contiguous_substring,contiguous_substring,intermediate,0.09695096842447892,-0.024393882450742893,0.21829581929970074,39.91721190049913,39.93343370225695,38.311253526475696
selective_p1.0_r14,0.1773809120956351,39.40809631347656,40.014162868923606,m024_contiguous_substring,contiguous_substring,intermediate,0.09695096842447892,-0.024393882450742893,0.21829581929970074,39.91721190049913,39.93343370225695,38.311253526475696
selective_p1.0_r14,0.18330911669442465,39.17441677517361,40.014162868923606,m024_contiguous_substring,contiguous_substring,intermediate,0.09695096842447892,-0.024393882450742893,0.21829581929970074,39.91721190049913,39.93343370225695,38.311253526475696
selective_p1.0_r14,0.2146459553917937,39.64903123643663,40.014162868923606,m024_contiguous_substring,contiguous_substring,intermediate,0.09695096842447892,-0.024393882450742893,0.21829581929970074,39.91721190049913,39.93343370225695,38.311253526475696
selective_p1.0_r14,0.21657146157838722,39.73141072591145,40.014162868923606,m024_contiguous_substring,contiguous_substring,intermediate,0.09695096842447892,-0.024393882450742893,0.21829581929970074,39.91721190049913,39.93343370225695,38.311253526475696
selective_p1.0_r14,0.21702021886935127,39.78190714518229,40.014162868923606,m024_contiguous_substring,contiguous_substring,intermediate,0.09695096842447892,-0.024393882450742893,0.21829581929970074,39.91721190049913,39.93343370225695,38.311253526475696
selective_p1.0_r14,0.21822236207643927,39.41264173719618,40.014162868923606,m024_contiguous_substring,contiguous_substring,intermediate,0.09695096842447892,-0.024393882450742893,0.21829581929970074,39.91721190049913,39.93343370225695,38.311253526475696
selective_p1.0_r14,0.22275409798098697,39.863270399305556,40.014162868923606,m024_contiguous_substring,contiguous_substring,intermediate,0.09695096842447892,-0.024393882450742893,0.21829581929970074,39.91721190049913,39.93343370225695,38.311253526475696
selective_p1.0_r14,0.2274311788555423,39.716561211480034,40.014162868923606,m024_contiguous_substring,contiguous_substring,intermediate,0.09695096842447892,-0.024393882450742893,0.21829581929970074,39.91721190049913,39.93343370225695,38.311253526475696
selective_p1.0_r14,0.23034821533377398,40.00930752224393,40.014162868923606,m024_contiguous_substring,contiguous_substring,intermediate,0.09695096842447892,-0.024393882450742893,0.21829581929970074,39.91721190049913,39.93343370225695,38.311253526475696
selective_p1.0_r14,0.23378494041005077,39.81195339626737,40.014162868923606,m024_contiguous_substring,contiguous_substring,intermediate,0.09695096842447892,-0.024393882450742893,0.21829581929970074,39.91721190049913,39.93343370225695,38.311253526475696
selective_p1.0_r14,0.2338231663068966,39.705648464626734,40.014162868923606,m024_contiguous_substring,contiguous_substring,intermediate,0.09695096842447892,-0.024393882450742893,0.21829581929970074,39.91721190049913,39.93343370225695,38.311253526475696
selective_p1.0_r14,0.23386203429546587,39.81553887261285,40.014162868923606,m024_contiguous_substring,contiguous_substring,intermediate,0.09695096842447892,-0.024393882450742893,0.21829581929970074,39.91721190049913,39.93343370225695,38.311253526475696
selective_p1.0_r14,0.2360934216990563,39.87936537000868,40.014162868923606,m024_contiguous_substring,contiguous_substring,intermediate,0.09695096842447892,-0.024393882450742893,0.21829581929970074,39.91721190049913,39.93343370225695,38.311253526475696
selective_p1.0_r14,0.23873881909243105,39.91704508463542,40.014162868923606,m024_contiguous_substring,contiguous_substring,intermediate,0.09695096842447892,-0.024393882450742893,0.21829581929970074,39.91721190049913,39.93343370225695,38.311253526475696
selective_p1.0_r14,0.2431654139070911,39.954371473524304,40.014162868923606,m024_contiguous_substring,contiguous_substring,intermediate,0.09695096842447892,-0.024393882450742893,0.21829581929970074,39.91721190049913,39.93343370225695,38.311253526475696
selective_p1.0_r14,0.2441076667416438,39.93343370225695,40.014162868923606,m024_contiguous_substring,contiguous_substring,intermediate,0.09695096842447892,-0.024393882450742893,0.21829581929970074,39.91721190049913,39.93343370225695,38.311253526475696
selective_p1.0_r15,-1.232595164407831e-32,37.53908996582031,37.53908996582031,m000_constant,constant,constant,-2.5504920654296885,-2.7030021171724417,-2.3979820136869354,40.08958203125,40.115344577365455,37.53908996582031
selective_p1.0_r15,0.006235666508140504,37.5847907172309,37.5847907172309,m010_affinity_rank_group,affinity_rank_group,intermediate,-2.504791314019098,-2.662339099293934,-2.3472435287442615,40.08958203125,40.115344577365455,37.53908996582031
selective_p1.0_r15,0.00879655618906606,37.414556884765624,37.5847907172309,m010_affinity_rank_group,affinity_rank_group,intermediate,-2.504791314019098,-2.662339099293934,-2.3472435287442615,40.08958203125,40.115344577365455,37.53908996582031
selective_p1.0_r15,0.02034542465983281,37.63489956325955,37.63489956325955,m020_contiguous_substring,contiguous_substring,intermediate,-2.4546824679904518,-2.61534260632736,-2.2940223296535436,40.08958203125,40.115344577365455,37.53908996582031
selective_p1.0_r15,0.02243417682051041,37.5731441921658,37.63489956325955,m020_contiguous_substring,contiguous_substring,intermediate,-2.4546824679904518,-2.61534260632736,-2.2940223296535436,40.08958203125,40.115344577365455,37.53908996582031
selective_p1.0_r15,0.024801655528079267,37.550439453125,37.63489956325955,m020_contiguous_substring,contiguous_substring,intermediate,-2.4546824679904518,-2.61534260632736,-2.2940223296535436,40.08958203125,40.115344577365455,37.53908996582031
selective_p1.0_r15,0.027261822636539475,37.64277648925781,37.64277648925781,m023_contiguous_substring,contiguous_substring,intermediate,-2.4468055419921884,-2.580335646166758,-2.3132754378176186,40.08958203125,40.115344577365455,37.53908996582031
selective_p1.0_r15,0.03021625066963201,37.676094902886284,37.676094902886284,m021_contiguous_substring,contiguous_substring,intermediate,-2.413487128363715,-2.5631884746493343,-2.263785782078096,40.08958203125,40.115344577365455,37.53908996582031
selective_p1.0_r15,0.03403715405677995,37.767979600694446,37.767979600694446,m019_contiguous_substring,contiguous_substring,intermediate,-2.321602430555557,-2.460699077018659,-2.182505784092455,40.08958203125,40.115344577365455,37.53908996582031
selective_p1.0_r15,0.03408784419230129,37.756078762478296,37.767979600694446,m019_contiguous_substring,contiguous_substring,intermediate,-2.321602430555557,-2.460699077018659,-2.182505784092455,40.08958203125,40.115344577365455,37.53908996582031
selective_p1.0_r15,0.04602681041366016,37.960183037651916,37.960183037651916,m012_affinity_rank_group,affinity_rank_group,intermediate,-2.12939899359809,-2.2559832231942503,-2.00281476400193,40.08958203125,40.115344577365455,37.53908996582031
selective_p1.0_r15,0.06032721819013995,38.03770480685765,38.03770480685765,m003_balanced_random_group,balanced_random_group,intermediate,-2.051877224392362,-2.181881269786611,-1.9218731789981134,40.08958203125,40.115344577365455,37.53908996582031
selective_p1.0_r15,0.07794817563296369,38.33276163736979,38.33276163736979,m025_contiguous_substring,contiguous_substring,intermediate,-1.7568203938802078,-1.891262628208931,-1.6223781595514846,40.08958203125,40.115344577365455,37.53908996582031
selective_p1.0_r15,0.08951441167575339,38.76224534776476,38.76224534776476,m013_affinity_rank_group,affinity_rank_group,intermediate,-1.3273366834852434,-1.469962855814287,-1.1847105111561997,40.08958203125,40.115344577365455,37.53908996582031
selective_p1.0_r15,0.09517408245837396,38.83469916449653,38.83469916449653,m004_balanced_random_group,balanced_random_group,intermediate,-1.254882866753472,-1.438195333057988,-1.071570400448956,40.08958203125,40.115344577365455,37.53908996582031
selective_p1.0_r15,0.09618446532442514,38.08312310112847,38.83469916449653,m004_balanced_random_group,balanced_random_group,intermediate,-1.254882866753472,-1.438195333057988,-1.071570400448956,40.08958203125,40.115344577365455,37.53908996582031
selective_p1.0_r15,0.09860754944433596,38.28266737196181,38.83469916449653,m004_balanced_random_group,balanced_random_group,intermediate,-1.254882866753472,-1.438195333057988,-1.071570400448956,40.08958203125,40.115344577365455,37.53908996582031
selective_p1.0_r15,0.1009579754794534,38.37198079427083,38.83469916449653,m004_balanced_random_group,balanced_random_group,intermediate,-1.254882866753472,-1.438195333057988,-1.071570400448956,40.08958203125,40.115344577365455,37.53908996582031
selective_p1.0_r15,0.13534340833005995,39.10311347113715,39.10311347113715,m014_affinity_rank_group,affinity_rank_group,intermediate,-0.9864685601128486,-1.1241961830472778,-0.8487409371784193,40.08958203125,40.115344577365455,37.53908996582031
selective_p1.0_r15,0.14523061326295256,38.625790405273435,39.10311347113715,m014_affinity_rank_group,affinity_rank_group,intermediate,-0.9864685601128486,-1.1241961830472778,-0.8487409371784193,40.08958203125,40.115344577365455,37.53908996582031
selective_p1.0_r15,0.15842848443986463,39.27392442491319,39.27392442491319,m028_contiguous_substring,contiguous_substring,intermediate,-0.8156576063368065,-0.9717144381539655,-0.6596007745196475,40.08958203125,40.115344577365455,37.53908996582031
selective_p1.0_r15,0.16293254035180835,39.710180324978296,39.710180324978296,m029_contiguous_substring,contiguous_substring,intermediate,-0.3794017062717022,-0.5371472514792006,-0.22165616106420377,40.08958203125,40.115344577365455,37.53908996582031
selective_p1.0_r15,0.16858523027213826,39.577942233615445,39.710180324978296,m029_contiguous_substring,contiguous_substring,intermediate,-0.3794017062717022,-0.5371472514792006,-0.22165616106420377,40.08958203125,40.115344577365455,37.53908996582031
selective_p1.0_r15,0.17182619613435832,39.9958499484592,39.9958499484592,m015_affinity_rank_group,affinity_rank_group,intermediate,-0.09373208279079948,-0.25802450457017945,0.0705603389885805,40.08958203125,40.115344577365455,37.53908996582031
selective_p1.0_r15,0.18043071639721575,39.64843275282118,39.9958499484592,m015_affinity_rank_group,affinity_rank_group,intermediate,-0.09373208279079948,-0.25802450457017945,0.0705603389885805,40.08958203125,40.115344577365455,37.53908996582031
selective_p1.0_r15,0.20244515095949805,39.84737311469184,39.9958499484592,m015_affinity_rank_group,affinity_rank_group,intermediate,-0.09373208279079948,-0.25802450457017945,0.0705603389885805,40.08958203125,40.115344577365455,37.53908996582031
selective_p1.0_r15,0.20300589733288585,39.719028388129345,39.9958499484592,m015_affinity_rank_group,affinity_rank_group,intermediate,-0.09373208279079948,-0.25802450457017945,0.0705603389885805,40.08958203125,40.115344577365455,37.53908996582031
selective_p1.0_r15,0.2051316194227755,39.96732449001736,39.9958499484592,m015_affinity_rank_group,affinity_rank_group,intermediate,-0.09373208279079948,-0.25802450457017945,0.0705603389885805,40.08958203125,40.115344577365455,37.53908996582031
selective_p1.0_r15,0.20730247736878393,39.81903415256076,39.9958499484592,m015_affinity_rank_group,affinity_rank_group,intermediate,-0.09373208279079948,-0.25802450457017945,0.0705603389885805,40.08958203125,40.115344577365455,37.53908996582031
selective_p1.0_r15,0.21456927990598706,39.41659918891059,39.9958499484592,m015_affinity_rank_group,affinity_rank_group,intermediate,-0.09373208279079948,-0.25802450457017945,0.0705603389885805,40.08958203125,40.115344577365455,37.53908996582031
selective_p1.0_r15,0.21660161661436345,39.864538235134546,39.9958499484592,m015_affinity_rank_group,affinity_rank_group,intermediate,-0.09373208279079948,-0.25802450457017945,0.0705603389885805,40.08958203125,40.115344577365455,37.53908996582031
selective_p1.0_r15,0.22429562205960935,40.11580064561632,40.11580064561632,m009_balanced_random_group,balanced_random_group,intermediate,0.02621861436631956,-0.10624932318599303,0.15868655191863215,40.08958203125,40.115344577365455,37.53908996582031
selective_p1.0_r15,0.22553694297396026,40.17900899251302,40.17900899251302,m018_affinity_rank_group,affinity_rank_group,intermediate,0.08942696126302074,-0.021192329035665078,0.20004625156170658,40.08958203125,40.115344577365455,37.53908996582031
selective_p1.0_r15,0.22910978886873,40.115344577365455,40.17900899251302,m018_affinity_rank_group,affinity_rank_group,intermediate,0.08942696126302074,-0.021192329035665078,0.20004625156170658,40.08958203125,40.115344577365455,37.53908996582031
selective_p1.0_r16,0.0,38.61512281629774,38.61512281629774,m000_constant,constant,constant,-1.388826873779297,-1.5417118648611117,-1.2359418826974824,40.00394969007704,40.01797824435764,38.61512281629774
selective_p1.0_r16,0.012496325640824923,38.51518215603299,38.61512281629774,m000_constant,constant,constant,-1.388826873779297,-1.5417118648611117,-1.2359418826974824,40.00394969007704,40.01797824435764,38.61512281629774
selective_p1.0_r16,0.017591512477294034,38.7083980984158,38.7083980984158,m010_affinity_rank_group,affinity_rank_group,intermediate,-1.295551591661243,-1.4404345438029584,-1.1506686395195276,40.00394969007704,40.01797824435764,38.61512281629774
selective_p1.0_r16,0.02764654932784976,38.72047051323784,38.72047051323784,m022_contiguous_substring,contiguous_substring,intermediate,-1.2834791768391942,-1.4445552676500193,-1.1224030860283691,40.00394969007704,40.01797824435764,38.61512281629774
selective_p1.0_r16,0.03438201808432601,38.83149041069879,38.83149041069879,m002_balanced_random_group,balanced_random_group,intermediate,-1.1724592793782556,-1.3114353681223667,-1.0334831906341444,40.00394969007704,40.01797824435764,38.61512281629774
selective_p1.0_r16,0.03803425604570241,38.54069213867187,38.83149041069879,m002_balanced_random_group,balanced_random_group,intermediate,-1.1724592793782556,-1.3114353681223667,-1.0334831906341444,40.00394969007704,40.01797824435764,38.61512281629774
selective_p1.0_r16,0.04091500240412767,38.70497368706597,38.83149041069879,m002_balanced_random_group,balanced_random_group,intermediate,-1.1724592793782556,-1.3114353681223667,-1.0334831906341444,40.00394969007704,40.01797824435764,38.61512281629774
selective_p1.0_r16,0.044833568153896705,38.91667073567709,38.91667073567709,m019_contiguous_substring,contiguous_substring,intermediate,-1.0872789543999577,-1.2289491807484036,-0.9456087280515117,40.00394969007704,40.01797824435764,38.61512281629774
selective_p1.0_r16,0.04579060349639073,38.90584343804254,38.91667073567709,m019_contiguous_substring,contiguous_substring,intermediate,-1.0872789543999577,-1.2289491807484036,-0.9456087280515117,40.00394969007704,40.01797824435764,38.61512281629774
selective_p1.0_r16,0.06106940123441199,38.47647501627604,38.91667073567709,m019_contiguous_substring,contiguous_substring,intermediate,-1.0872789543999577,-1.2289491807484036,-0.9456087280515117,40.00394969007704,40.01797824435764,38.61512281629774
selective_p1.0_r16,0.06606459381169692,39.02886589898004,39.02886589898004,m003_balanced_random_group,balanced_random_group,intermediate,-0.9750837910970046,-1.1160187865193965,-0.8341487956746128,40.00394969007704,40.01797824435764,38.61512281629774
selective_p1.0_r16,0.08490770765182293,39.04247266981338,39.04247266981338,m012_affinity_rank_group,affinity_rank_group,intermediate,-0.9614770202636728,-1.1062105517624956,-0.81674348876485,40.00394969007704,40.01797824435764,38.61512281629774
selective_p1.0_r16,0.12392929286944963,39.00559556749132,39.04247266981338,m012_affinity_rank_group,affinity_rank_group,intermediate,-0.9614770202636728,-1.1062105517624956,-0.81674348876485,40.00394969007704,40.01797824435764,38.61512281629774
selective_p1.0_r16,0.13971534443569217,39.18850436740451,39.18850436740451,m026_contiguous_substring,contiguous_substring,intermediate,-0.8154453226725278,-0.9728458414992593,-0.6580448038457962,40.00394969007704,40.01797824435764,38.61512281629774
selective_p1.0_r16,0.14265557752158797,39.142062717013886,39.18850436740451,m026_contiguous_substring,contiguous_substring,intermediate,-0.8154453226725278,-0.9728458414992593,-0.6580448038457962,40.00394969007704,40.01797824435764,38.61512281629774
selective_p1.0_r16,0.14996447434521396,39.80218607584636,39.80218607584636,m013_affinity_rank_group,affinity_rank_group,intermediate,-0.20176361423068667,-0.36058945173298185,-0.0429377767283915,40.00394969007704,40.01797824435764,38.61512281629774
selective_p1.0_r16,0.1548046434699102,39.29109632703993,39.80218607584636,m013_affinity_rank_group,affinity_rank_group,intermediate,-0.20176361423068667,-0.36058945173298185,-0.0429377767283915,40.00394969007704,40.01797824435764,38.61512281629774
selective_p1.0_r16,0.15726744256046477,39.161050075954854,39.80218607584636,m013_affinity_rank_group,affinity_rank_group,intermediate,-0.20176361423068667,-0.36058945173298185,-0.0429377767283915,40.00394969007704,40.01797824435764,38.61512281629774
selective_p1.0_r16,0.19006314681890887,40.33031989203559,40.33031989203559,m014_affinity_rank_group,affinity_rank_group,intermediate,0.32637020195855027,0.18152417366850165,0.4712162302485989,40.00394969007704,40.01797824435764,38.61512281629774
selective_p1.0_r16,0.19385356447672003,39.76869608561198,40.33031989203559,m014_affinity_rank_group,affinity_rank_group,intermediate,0.32637020195855027,0.18152417366850165,0.4712162302485989,40.00394969007704,40.01797824435764,38.61512281629774
selective_p1.0_r16,0.20307319225083253,39.449987453884546,40.33031989203559,m014_affinity_rank_group,affinity_rank_group,intermediate,0.32637020195855027,0.18152417366850165,0.4712162302485989,40.00394969007704,40.01797824435764,38.61512281629774
selective_p1.0_r16,0.2126844687295143,39.28111504448785,40.33031989203559,m014_affinity_rank_group,affinity_rank_group,intermediate,0.32637020195855027,0.18152417366850165,0.4712162302485989,40.00394969007704,40.01797824435764,38.61512281629774
selective_p1.0_r16,0.22596211445694986,39.25454203287761,40.33031989203559,m014_affinity_rank_group,affinity_rank_group,intermediate,0.32637020195855027,0.18152417366850165,0.4712162302485989,40.00394969007704,40.01797824435764,38.61512281629774
selective_p1.0_r16,0.23132696356598306,40.168898179796,40.33031989203559,m014_affinity_rank_group,affinity_rank_group,intermediate,0.32637020195855027,0.18152417366850165,0.4712162302485989,40.00394969007704,40.01797824435764,38.61512281629774
selective_p1.0_r16,0.23711128322262665,40.19931911892361,40.33031989203559,m014_affinity_rank_group,affinity_rank_group,intermediate,0.32637020195855027,0.18152417366850165,0.4712162302485989,40.00394969007704,40.01797824435764,38.61512281629774
selective_p1.0_r16,0.25013042085982684,40.14147813585069,40.33031989203559,m014_affinity_rank_group,affinity_rank_group,intermediate,0.32637020195855027,0.18152417366850165,0.4712162302485989,40.00394969007704,40.01797824435764,38.61512281629774
selective_p1.0_r16,0.2609546222756608,39.855873955620666,40.33031989203559,m014_affinity_rank_group,affinity_rank_group,intermediate,0.32637020195855027,0.18152417366850165,0.4712162302485989,40.00394969007704,40.01797824435764,38.61512281629774
selective_p1.0_r16,0.2644589523285733,39.50409206814236,40.33031989203559,m014_affinity_rank_group,affinity_rank_group,intermediate,0.32637020195855027,0.18152417366850165,0.4712162302485989,40.00394969007704,40.01797824435764,38.61512281629774
selective_p1.0_r16,0.27094447264868554,39.9434814453125,40.33031989203559,m014_affinity_rank_group,affinity_rank_group,intermediate,0.32637020195855027,0.18152417366850165,0.4712162302485989,40.00394969007704,40.01797824435764,38.61512281629774
selective_p1.0_r16,0.2734034579779346,40.035541449652776,40.33031989203559,m014_affinity_rank_group,affinity_rank_group,intermediate,0.32637020195855027,0.18152417366850165,0.4712162302485989,40.00394969007704,40.01797824435764,38.61512281629774
selective_p1.0_r16,0.2787989950386634,40.15499267578125,40.33031989203559,m014_affinity_rank_group,affinity_rank_group,intermediate,0.32637020195855027,0.18152417366850165,0.4712162302485989,40.00394969007704,40.01797824435764,38.61512281629774
selective_p1.0_r16,0.2850860702604764,39.95418124728732,40.33031989203559,m014_affinity_rank_group,affinity_rank_group,intermediate,0.32637020195855027,0.18152417366850165,0.4712162302485989,40.00394969007704,40.01797824435764,38.61512281629774
selective_p1.0_r16,0.28700851655241544,39.99769117567274,40.33031989203559,m014_affinity_rank_group,affinity_rank_group,intermediate,0.32637020195855027,0.18152417366850165,0.4712162302485989,40.00394969007704,40.01797824435764,38.61512281629774
selective_p1.0_r16,0.2898294555955247,40.01797824435764,40.33031989203559,m014_affinity_rank_group,affinity_rank_group,intermediate,0.32637020195855027,0.18152417366850165,0.4712162302485989,40.00394969007704,40.01797824435764,38.61512281629774
selective_p1.0_r17,0.0,37.90237460666232,37.90237460666232,m000_constant,constant,constant,-2.974280090332031,-3.0779802097016287,-2.8705799709624333,40.87665469699435,40.90669793023003,37.90237460666232
selective_p1.0_r17,0.005654095790943634,37.88303765190972,37.90237460666232,m000_constant,constant,constant,-2.974280090332031,-3.0779802097016287,-2.8705799709624333,40.87665469699435,40.90669793023003,37.90237460666232
selective_p1.0_r17,0.022140571767810747,38.52017008463542,38.52017008463542,m010_affinity_rank_group,affinity_rank_group,intermediate,-2.3564846123589414,-2.4814469228265748,-2.231522301891308,40.87665469699435,40.90669793023003,37.90237460666232
selective_p1.0_r17,0.03081481112339806,37.887688869900174,38.52017008463542,m010_affinity_rank_group,affinity_rank_group,intermediate,-2.3564846123589414,-2.4814469228265748,-2.231522301891308,40.87665469699435,40.90669793023003,37.90237460666232
selective_p1.0_r17,0.031173311401944064,38.234880235460075,38.52017008463542,m010_affinity_rank_group,affinity_rank_group,intermediate,-2.3564846123589414,-2.4814469228265748,-2.231522301891308,40.87665469699435,40.90669793023003,37.90237460666232
selective_p1.0_r17,0.03445362903527564,37.76420254177518,38.52017008463542,m010_affinity_rank_group,affinity_rank_group,intermediate,-2.3564846123589414,-2.4814469228265748,-2.231522301891308,40.87665469699435,40.90669793023003,37.90237460666232
selective_p1.0_r17,0.03978148826043394,38.137320285373264,38.52017008463542,m010_affinity_rank_group,affinity_rank_group,intermediate,-2.3564846123589414,-2.4814469228265748,-2.231522301891308,40.87665469699435,40.90669793023003,37.90237460666232
selective_p1.0_r17,0.042597167262801744,37.996095445421005,38.52017008463542,m010_affinity_rank_group,affinity_rank_group,intermediate,-2.3564846123589414,-2.4814469228265748,-2.231522301891308,40.87665469699435,40.90669793023003,37.90237460666232
selective_p1.0_r17,0.044959063509635355,38.604791259765626,38.604791259765626,m011_affinity_rank_group,affinity_rank_group,intermediate,-2.271863437228731,-2.418857871998061,-2.1248690024594015,40.87665469699435,40.90669793023003,37.90237460666232
selective_p1.0_r17,0.04579560362869593,38.24934353298612,38.604791259765626,m011_affinity_rank_group,affinity_rank_group,intermediate,-2.271863437228731,-2.418857871998061,-2.1248690024594015,40.87665469699435,40.90669793023003,37.90237460666232
selective_p1.0_r17,0.068457046800528,37.95013122558594,38.604791259765626,m011_affinity_rank_group,affinity_rank_group,intermediate,-2.271863437228731,-2.418857871998061,-2.1248690024594015,40.87665469699435,40.90669793023003,37.90237460666232
selective_p1.0_r17,0.09017579041089083,39.0623287624783,39.0623287624783,m012_affinity_rank_group,affinity_rank_group,intermediate,-1.8143259345160583,-1.9493174533458595,-1.679334415686257,40.87665469699435,40.90669793023003,37.90237460666232
selective_p1.0_r17,0.09676636582761561,39.12335205078125,39.12335205078125,m026_contiguous_substring,contiguous_substring,intermediate,-1.753302646213107,-1.8876721114454165,-1.6189331809807974,40.87665469699435,40.90669793023003,37.90237460666232
selective_p1.0_r17,0.12314838402914784,38.86585862901475,39.12335205078125,m026_contiguous_substring,contiguous_substring,intermediate,-1.753302646213107,-1.8876721114454165,-1.6189331809807974,40.87665469699435,40.90669793023003,37.90237460666232
selective_p1.0_r17,0.13110086178935124,39.1820309109158,39.1820309109158,m024_contiguous_substring,contiguous_substring,intermediate,-1.6946237860785576,-1.8188067865020126,-1.5704407856551026,40.87665469699435,40.90669793023003,37.90237460666232
selective_p1.0_r17,0.1352078465740854,39.68166097005208,39.68166097005208,m013_affinity_rank_group,affinity_rank_group,intermediate,-1.1949937269422741,-1.3356178400091383,-1.05436961387541,40.87665469699435,40.90669793023003,37.90237460666232
selective_p1.0_r17,0.13788954726033675,39.38584798177084,39.68166097005208,m013_affinity_rank_group,affinity_rank_group,intermediate,-1.1949937269422741,-1.3356178400091383,-1.05436961387541,40.87665469699435,40.90669793023003,37.90237460666232
selective_p1.0_r17,0.1493927208923335,39.641751776801215,39.68166097005208,m013_affinity_rank_group,affinity_rank_group,intermediate,-1.1949937269422741,-1.3356178400091383,-1.05436961387541,40.87665469699435,40.90669793023003,37.90237460666232
selective_p1.0_r17,0.18704724886109805,39.28641594780816,39.68166097005208,m013_affinity_rank_group,affinity_rank_group,intermediate,-1.1949937269422741,-1.3356178400091383,-1.05436961387541,40.87665469699435,40.90669793023003,37.90237460666232
selective_p1.0_r17,0.1920420042580174,39.88679673936632,39.88679673936632,m030_contiguous_substring,contiguous_substring,intermediate,-0.9898579576280372,-1.102782989546757,-0.8769329257093175,40.87665469699435,40.90669793023003,37.90237460666232
selective_p1.0_r17,0.20613171410723377,39.652818806966145,39.88679673936632,m030_contiguous_substring,contiguous_substring,intermediate,-0.9898579576280372,-1.102782989546757,-0.8769329257093175,40.87665469699435,40.90669793023003,37.90237460666232
selective_p1.0_r17,0.20637065639908908,40.19105631510417,40.19105631510417,m029_contiguous_substring,contiguous_substring,intermediate,-0.6855983818901903,-0.8066510284566872,-0.5645457353236933,40.87665469699435,40.90669793023003,37.90237460666232
selective_p1.0_r17,0.21712130652626416,40.33938090006511,40.33938090006511,m028_contiguous_substring,contiguous_substring,intermediate,-0.5372737969292528,-0.6559375878232446,-0.418610006035261,40.87665469699435,40.90669793023003,37.90237460666232
selective_p1.0_r17,0.22986358249389027,40.11841939290365,40.33938090006511,m028_contiguous_substring,contiguous_substring,intermediate,-0.5372737969292528,-0.6559375878232446,-0.418610006035261,40.87665469699435,40.90669793023003,37.90237460666232
selective_p1.0_r17,0.23078390316154457,40.145638699001736,40.33938090006511,m028_contiguous_substring,contiguous_substring,intermediate,-0.5372737969292528,-0.6559375878232446,-0.418610006035261,40.87665469699435,40.90669793023003,37.90237460666232
selective_p1.0_r17,0.24425331612909942,40.222014024522565,40.33938090006511,m028_contiguous_substring,contiguous_substring,intermediate,-0.5372737969292528,-0.6559375878232446,-0.418610006035261,40.87665469699435,40.90669793023003,37.90237460666232
selective_p1.0_r17,0.24615634679190174,40.466730414496524,40.466730414496524,m032_contiguous_substring,contiguous_substring,intermediate,-0.40992428249782975,-0.5177141350533114,-0.302134429942348,40.87665469699435,40.90669793023003,37.90237460666232
selective_p1.0_r17,0.24980216241396372,40.7524152967665,40.7524152967665,m031_contiguous_substring,contiguous_substring,intermediate,-0.12423940022786395,-0.2381317205318261,-0.010347079923901797,40.87665469699435,40.90669793023003,37.90237460666232
selective_p1.0_r17,0.25438446312363444,41.339376831054686,41.339376831054686,m008_balanced_random_group,balanced_random_group,intermediate,0.46272213406033025,0.3598586069977903,0.5655856611228702,40.87665469699435,40.90669793023003,37.90237460666232
selective_p1.0_r17,0.2626021533600982,40.54513346354166,41.339376831054686,m008_balanced_random_group,balanced_random_group,intermediate,0.46272213406033025,0.3598586069977903,0.5655856611228702,40.87665469699435,40.90669793023003,37.90237460666232
selective_p1.0_r17,0.2767420580509655,40.78960232204861,41.339376831054686,m008_balanced_random_group,balanced_random_group,intermediate,0.46272213406033025,0.3598586069977903,0.5655856611228702,40.87665469699435,40.90669793023003,37.90237460666232
selective_p1.0_r17,0.2771813851686569,40.89408467610677,41.339376831054686,m008_balanced_random_group,balanced_random_group,intermediate,0.46272213406033025,0.3598586069977903,0.5655856611228702,40.87665469699435,40.90669793023003,37.90237460666232
selective_p1.0_r17,0.27783587988694614,40.926023695203995,41.339376831054686,m008_balanced_random_group,balanced_random_group,intermediate,0.46272213406033025,0.3598586069977903,0.5655856611228702,40.87665469699435,40.90669793023003,37.90237460666232
selective_p1.0_r17,0.2791712957039795,40.90669793023003,41.339376831054686,m008_balanced_random_group,balanced_random_group,intermediate,0.46272213406033025,0.3598586069977903,0.5655856611228702,40.87665469699435,40.90669793023003,37.90237460666232
selective_p1.0_r18,0.0,35.47737494574653,35.47737494574653,m000_constant,constant,constant,-1.7226054382324223,-1.8145065067828627,-1.6307043696819818,37.199980383978954,37.217380438910595,35.47737494574653
selective_p1.0_r18,0.003451292250350283,35.46121012369792,35.47737494574653,m000_constant,constant,constant,-1.7226054382324223,-1.8145065067828627,-1.6307043696819818,37.199980383978954,37.217380438910595,35.47737494574653
selective_p1.0_r18,0.007755276612257077,35.49515618218316,35.49515618218316,m010_affinity_rank_group,affinity_rank_group,intermediate,-1.7048242017957913,-1.7892586091467477,-1.6203897944448349,37.199980383978954,37.217380438910595,35.47737494574653
selective_p1.0_r18,0.016820374535668148,35.425545925564236,35.49515618218316,m010_affinity_rank_group,affinity_rank_group,intermediate,-1.7048242017957913,-1.7892586091467477,-1.6203897944448349,37.199980383978954,37.217380438910595,35.47737494574653
selective_p1.0_r18,0.025480481037623594,35.5370354546441,35.5370354546441,m022_contiguous_substring,contiguous_substring,intermediate,-1.6629449293348526,-1.7530907051398958,-1.5727991535298094,37.199980383978954,37.217380438910595,35.47737494574653
selective_p1.0_r18,0.02611999441276572,35.658449300130215,35.658449300130215,m002_balanced_random_group,balanced_random_group,intermediate,-1.5415310838487408,-1.6246067192280051,-1.4584554484694765,37.199980383978954,37.217380438910595,35.47737494574653
selective_p1.0_r18,0.027467793785550587,35.6368889702691,35.658449300130215,m002_balanced_random_group,balanced_random_group,intermediate,-1.5415310838487408,-1.6246067192280051,-1.4584554484694765,37.199980383978954,37.217380438910595,35.47737494574653
selective_p1.0_r18,0.03259612485904347,35.51058315700955,35.658449300130215,m002_balanced_random_group,balanced_random_group,intermediate,-1.5415310838487408,-1.6246067192280051,-1.4584554484694765,37.199980383978954,37.217380438910595,35.47737494574653
selective_p1.0_r18,0.03514542629989532,36.06807352701823,36.06807352701823,m019_contiguous_substring,contiguous_substring,intermediate,-1.1319068569607211,-1.2137624214543263,-1.050051292467116,37.199980383978954,37.217380438910595,35.47737494574653
selective_p1.0_r18,0.049587366088057284,35.6469736735026,36.06807352701823,m019_contiguous_substring,contiguous_substring,intermediate,-1.1319068569607211,-1.2137624214543263,-1.050051292467116,37.199980383978954,37.217380438910595,35.47737494574653
selective_p1.0_r18,0.05298972093342249,35.70101759168837,36.06807352701823,m019_contiguous_substring,contiguous_substring,intermediate,-1.1319068569607211,-1.2137624214543263,-1.050051292467116,37.199980383978954,37.217380438910595,35.47737494574653
selective_p1.0_r18,0.0655103636550197,35.8425523546007,36.06807352701823,m019_contiguous_substring,contiguous_substring,intermediate,-1.1319068569607211,-1.2137624214543263,-1.050051292467116,37.199980383978954,37.217380438910595,35.47737494574653
selective_p1.0_r18,0.11019720606741176,36.18971761067708,36.18971761067708,m025_contiguous_substring,contiguous_substring,intermediate,-1.010262773301867,-1.0936241424635726,-0.9269014041401614,37.199980383978954,37.217380438910595,35.47737494574653
selective_p1.0_r18,0.11022402154020154,35.38055318196615,36.18971761067708,m025_contiguous_substring,contiguous_substring,intermediate,-1.010262773301867,-1.0936241424635726,-0.9269014041401614,37.199980383978954,37.217380438910595,35.47737494574653
selective_p1.0_r18,0.11333363910031312,35.70085991753473,36.18971761067708,m025_contiguous_substring,contiguous_substring,intermediate,-1.010262773301867,-1.0936241424635726,-0.9269014041401614,37.199980383978954,37.217380438910595,35.47737494574653
selective_p1.0_r18,0.11523090562507708,35.957117038302954,36.18971761067708,m025_contiguous_substring,contiguous_substring,intermediate,-1.010262773301867,-1.0936241424635726,-0.9269014041401614,37.199980383978954,37.217380438910595,35.47737494574653
selective_p1.0_r18,0.1155237407133573,35.73485955132378,36.18971761067708,m025_contiguous_substring,contiguous_substring,intermediate,-1.010262773301867,-1.0936241424635726,-0.9269014041401614,37.199980383978954,37.217380438910595,35.47737494574653
selective_p1.0_r18,0.12042165748908505,35.85773993598091,36.18971761067708,m025_contiguous_substring,contiguous_substring,intermediate,-1.010262773301867,-1.0936241424635726,-0.9269014041401614,37.199980383978954,37.217380438910595,35.47737494574653
selective_p1.0_r18,0.1658641507363796,36.10233968098959,36.18971761067708,m025_contiguous_substring,contiguous_substring,intermediate,-1.010262773301867,-1.0936241424635726,-0.9269014041401614,37.199980383978954,37.217380438910595,35.47737494574653
selective_p1.0_r18,0.18200040857663147,36.240698920355904,36.240698920355904,m028_contiguous_substring,contiguous_substring,intermediate,-0.9592814636230472,-1.058983105257795,-0.8595798219882996,37.199980383978954,37.217380438910595,35.47737494574653
selective_p1.0_r18,0.1837402337983682,36.11841735839843,36.240698920355904,m028_contiguous_substring,contiguous_substring,intermediate,-0.9592814636230472,-1.058983105257795,-0.8595798219882996,37.199980383978954,37.217380438910595,35.47737494574653
selective_p1.0_r18,0.18892190355149785,36.27114122178819,36.27114122178819,m029_contiguous_substring,contiguous_substring,intermediate,-0.9288391621907559,-1.0388724388070294,-0.8188058855744825,37.199980383978954,37.217380438910595,35.47737494574653
selective_p1.0_r18,0.18941180810368924,36.556915622287335,36.556915622287335,m005_balanced_random_group,balanced_random_group,intermediate,-0.6430647616916241,-0.729290229803556,-0.5568392935796922,37.199980383978954,37.217380438910595,35.47737494574653
selective_p1.0_r18,0.1986390419530626,36.98834669325087,36.98834669325087,m006_balanced_random_group,balanced_random_group,intermediate,-0.21163369072808325,-0.29856430707596804,-0.12470307438019847,37.199980383978954,37.217380438910595,35.47737494574653
selective_p1.0_r18,0.20506782496211232,36.69994133843316,36.98834669325087,m006_balanced_random_group,balanced_random_group,intermediate,-0.21163369072808325,-0.29856430707596804,-0.12470307438019847,37.199980383978954,37.217380438910595,35.47737494574653
selective_p1.0_r18,0.2192783128662606,36.92652316623264,36.98834669325087,m006_balanced_random_group,balanced_random_group,intermediate,-0.21163369072808325,-0.29856430707596804,-0.12470307438019847,37.199980383978954,37.217380438910595,35.47737494574653
selective_p1.0_r18,0.22357627167621372,36.94378051757812,36.98834669325087,m006_balanced_random_group,balanced_random_group,intermediate,-0.21163369072808325,-0.29856430707596804,-0.12470307438019847,37.199980383978954,37.217380438910595,35.47737494574653
selective_p1.0_r18,0.2238774405435667,36.987937418619794,36.98834669325087,m006_balanced_random_group,balanced_random_group,intermediate,-0.21163369072808325,-0.29856430707596804,-0.12470307438019847,37.199980383978954,37.217380438910595,35.47737494574653
selective_p1.0_r18,0.22914126956962447,36.8023935953776,36.98834669325087,m006_balanced_random_group,balanced_random_group,intermediate,-0.21163369072808325,-0.29856430707596804,-0.12470307438019847,37.199980383978954,37.217380438910595,35.47737494574653
selective_p1.0_r18,0.23788424899476193,37.150125122070314,37.150125122070314,m008_balanced_random_group,balanced_random_group,intermediate,-0.04985526190863765,-0.13479215092674496,0.035081627109469674,37.199980383978954,37.217380438910595,35.47737494574653
selective_p1.0_r18,0.24299546817135692,37.09706861707899,37.150125122070314,m008_balanced_random_group,balanced_random_group,intermediate,-0.04985526190863765,-0.13479215092674496,0.035081627109469674,37.199980383978954,37.217380438910595,35.47737494574653
selective_p1.0_r18,0.24431873893908299,37.02652520073785,37.150125122070314,m008_balanced_random_group,balanced_random_group,intermediate,-0.04985526190863765,-0.13479215092674496,0.035081627109469674,37.199980383978954,37.217380438910595,35.47737494574653
selective_p1.0_r18,0.24719579454846602,37.11804063585069,37.150125122070314,m008_balanced_random_group,balanced_random_group,intermediate,-0.04985526190863765,-0.13479215092674496,0.035081627109469674,37.199980383978954,37.217380438910595,35.47737494574653
selective_p1.0_r18,0.24966908499455492,37.217380438910595,37.217380438910595,m033_identity,identity,identity,0.01740005493164043,0.016471761309918894,0.018328348553361965,37.199980383978954,37.217380438910595,35.47737494574653
selective_p1.0_r19,-2.465190328815662e-32,36.42096150716146,36.42096150716146,m000_constant,constant,constant,-1.8851162719726569,-2.016453495427329,-1.7537790485179843,38.30607777913411,38.32511935763888,36.42096150716146
selective_p1.0_r19,0.005951250567057363,36.451143391927076,36.451143391927076,m001_balanced_random_group,balanced_random_group,intermediate,-1.8549343872070314,-1.9686445906561625,-1.7412241837579003,38.30607777913411,38.32511935763888,36.42096150716146
selective_p1.0_r19,0.011595028504999166,36.50280965169271,36.50280965169271,m010_affinity_rank_group,affinity_rank_group,intermediate,-1.8032681274414069,-1.9310406749275681,-1.6754955799552456,38.30607777913411,38.32511935763888,36.42096150716146
selective_p1.0_r19,0.019880052335857372,36.76702779134115,36.76702779134115,m002_balanced_random_group,balanced_random_group,intermediate,-1.53904998779297,-1.6506345962036661,-1.4274653793822738,38.30607777913411,38.32511935763888,36.42096150716146
selective_p1.0_r19,0.022892148146151706,36.650604248046875,36.76702779134115,m002_balanced_random_group,balanced_random_group,intermediate,-1.53904998779297,-1.6506345962036661,-1.4274653793822738,38.30607777913411,38.32511935763888,36.42096150716146
selective_p1.0_r19,0.028488774145546517,36.759524536132815,36.76702779134115,m002_balanced_random_group,balanced_random_group,intermediate,-1.53904998779297,-1.6506345962036661,-1.4274653793822738,38.30607777913411,38.32511935763888,36.42096150716146
selective_p1.0_r19,0.03279654956624598,36.64051344129774,36.76702779134115,m002_balanced_random_group,balanced_random_group,intermediate,-1.53904998779297,-1.6506345962036661,-1.4274653793822738,38.30607777913411,38.32511935763888,36.42096150716146
selective_p1.0_r19,0.03614945752575631,36.41220872667101,36.76702779134115,m002_balanced_random_group,balanced_random_group,intermediate,-1.53904998779297,-1.6506345962036661,-1.4274653793822738,38.30607777913411,38.32511935763888,36.42096150716146
selective_p1.0_r19,0.03662674976855354,36.49334343804254,36.76702779134115,m002_balanced_random_group,balanced_random_group,intermediate,-1.53904998779297,-1.6506345962036661,-1.4274653793822738,38.30607777913411,38.32511935763888,36.42096150716146
selective_p1.0_r19,0.041191276290584514,37.0014895968967,37.0014895968967,m023_contiguous_substring,contiguous_substring,intermediate,-1.3045881822374148,-1.4317686039476205,-1.177407760527209,38.30607777913411,38.32511935763888,36.42096150716146
selective_p1.0_r19,0.04749532732805933,36.75356275770399,37.0014895968967,m023_contiguous_substring,contiguous_substring,intermediate,-1.3045881822374148,-1.4317686039476205,-1.177407760527209,38.30607777913411,38.32511935763888,36.42096150716146
selective_p1.0_r19,0.07129922875558731,36.558293660481766,37.0014895968967,m023_contiguous_substring,contiguous_substring,intermediate,-1.3045881822374148,-1.4317686039476205,-1.177407760527209,38.30607777913411,38.32511935763888,36.42096150716146
selective_p1.0_r19,0.09180555190562227,37.41316426595052,37.41316426595052,m004_balanced_random_group,balanced_random_group,intermediate,-0.8929135131835945,-1.021341301716814,-0.7644857246503749,38.30607777913411,38.32511935763888,36.42096150716146
selective_p1.0_r19,0.09833430108180216,37.284645589192706,37.41316426595052,m004_balanced_random_group,balanced_random_group,intermediate,-0.8929135131835945,-1.021341301716814,-0.7644857246503749,38.30607777913411,38.32511935763888,36.42096150716146
selective_p1.0_r19,0.10343159531594726,36.95611368815105,37.41316426595052,m004_balanced_random_group,balanced_random_group,intermediate,-0.8929135131835945,-1.021341301716814,-0.7644857246503749,38.30607777913411,38.32511935763888,36.42096150716146
selective_p1.0_r19,0.10629306220309223,37.18117947048611,37.41316426595052,m004_balanced_random_group,balanced_random_group,intermediate,-0.8929135131835945,-1.021341301716814,-0.7644857246503749,38.30607777913411,38.32511935763888,36.42096150716146
selective_p1.0_r19,0.11234076749338537,37.26921183268229,37.41316426595052,m004_balanced_random_group,balanced_random_group,intermediate,-0.8929135131835945,-1.021341301716814,-0.7644857246503749,38.30607777913411,38.32511935763888,36.42096150716146
selective_p1.0_r19,0.11317835088047633,37.113250732421875,37.41316426595052,m004_balanced_random_group,balanced_random_group,intermediate,-0.8929135131835945,-1.021341301716814,-0.7644857246503749,38.30607777913411,38.32511935763888,36.42096150716146
selective_p1.0_r19,0.13792715774494263,37.6080807156033,37.6080807156033,m005_balanced_random_group,balanced_random_group,intermediate,-0.6979970635308154,-0.8149861631084486,-0.5810079639531821,38.30607777913411,38.32511935763888,36.42096150716146
selective_p1.0_r19,0.15563618515324212,37.40612657335069,37.6080807156033,m005_balanced_random_group,balanced_random_group,intermediate,-0.6979970635308154,-0.8149861631084486,-0.5810079639531821,38.30607777913411,38.32511935763888,36.42096150716146
selective_p1.0_r19,0.1680990732743164,37.44952528211806,37.6080807156033,m005_balanced_random_group,balanced_random_group,intermediate,-0.6979970635308154,-0.8149861631084486,-0.5810079639531821,38.30607777913411,38.32511935763888,36.42096150716146
selective_p1.0_r19,0.1737849493894365,37.695030721028644,37.695030721028644,m029_contiguous_substring,contiguous_substring,intermediate,-0.6110470581054689,-0.7235094107447564,-0.49858470546618133,38.30607777913411,38.32511935763888,36.42096150716146
selective_p1.0_r19,0.17747877664032613,37.786899481879345,37.786899481879345,m028_contiguous_substring,contiguous_substring,intermediate,-0.5191782972547743,-0.6384742063605976,-0.39988238814895094,38.30607777913411,38.32511935763888,36.42096150716146
selective_p1.0_r19,0.18021255932132133,37.77665710449219,37.786899481879345,m028_contiguous_substring,contiguous_substring,intermediate,-0.5191782972547743,-0.6384742063605976,-0.39988238814895094,38.30607777913411,38.32511935763888,36.42096150716146
selective_p1.0_r19,0.19042521512093585,37.503379313151044,37.786899481879345,m028_contiguous_substring,contiguous_substring,intermediate,-0.5191782972547743,-0.6384742063605976,-0.39988238814895094,38.30607777913411,38.32511935763888,36.42096150716146
selective_p1.0_r19,0.20456101687761993,37.96275838216146,37.96275838216146,m007_balanced_random_group,balanced_random_group,intermediate,-0.34331939697265657,-0.45471332067592485,-0.23192547326938825,38.30607777913411,38.32511935763888,36.42096150716146
selective_p1.0_r19,0.2129199083350683,38.05194803873698,38.05194803873698,m016_affinity_rank_group,affinity_rank_group,intermediate,-0.25412974039713565,-0.341343982771624,-0.16691549802264732,38.30607777913411,38.32511935763888,36.42096150716146
selective_p1.0_r19,0.21696118608387954,38.1400624593099,38.1400624593099,m031_contiguous_substring,contiguous_substring,intermediate,-0.16601531982421802,-0.2775091625045157,-0.05452147714392036,38.30607777913411,38.32511935763888,36.42096150716146
selective_p1.0_r19,0.21826536421772866,38.05686442057292,38.1400624593099,m031_contiguous_substring,contiguous_substring,intermediate,-0.16601531982421802,-0.2775091625045157,-0.05452147714392036,38.30607777913411,38.32511935763888,36.42096150716146
selective_p1.0_r19,0.22440307765889628,38.440914916992185,38.440914916992185,m008_balanced_random_group,balanced_random_group,intermediate,0.13483713785807194,0.01820699039458934,0.25146728532155455,38.30607777913411,38.32511935763888,36.42096150716146
selective_p1.0_r19,0.2260608821804843,38.067868041992185,38.440914916992185,m008_balanced_random_group,balanced_random_group,intermediate,0.13483713785807194,0.01820699039458934,0.25146728532155455,38.30607777913411,38.32511935763888,36.42096150716146
selective_p1.0_r19,0.24046613069364303,38.30614149305555,38.440914916992185,m008_balanced_random_group,balanced_random_group,intermediate,0.13483713785807194,0.01820699039458934,0.25146728532155455,38.30607777913411,38.32511935763888,36.42096150716146
selective_p1.0_r19,0.24093131146736124,38.314586046006944,38.440914916992185,m008_balanced_random_group,balanced_random_group,intermediate,0.13483713785807194,0.01820699039458934,0.25146728532155455,38.30607777913411,38.32511935763888,36.42096150716146
selective_p1.0_r19,0.24175314927831362,38.32511935763888,38.440914916992185,m008_balanced_random_group,balanced_random_group,intermediate,0.13483713785807194,0.01820699039458934,0.25146728532155455,38.30607777913411,38.32511935763888,36.42096150716146
