baseline_replicate,map_id,map_hash,method,endpoint_type,actual_groups,corrected_retained_information,viability_mean,recovery_fraction,target_margin_mean,target_margin_se,target_margin_ci95_low,target_margin_ci95_high,continuation_target_fraction
selective_p1.0_r00,m000_constant,9f1dcbc35c350d6027f98be0f5c8b43b42ca52b7604459c0c42be3aa88913d47,constant,constant,1,-1.232595164407831e-32,37.88499077690972,0.0,-1.462789520263673,0.0642314477261819,-1.5911458263597038,-1.334433214167642,0.015625
selective_p1.0_r00,m001_balanced_random_group,74484e9508b33b029e993a9e9ccafe4f01d96055374e557f6aa5a37d25bd9c9f,balanced_random_group,intermediate,2,0.012416233331015939,37.71831732855903,-0.11280277277173494,-1.629462968614369,0.0656436901999429,-1.7606414161015862,-1.4982845211271516,0.0
selective_p1.0_r00,m002_balanced_random_group,e96a93c5fa6154fe18dcd30eb7bdbc3a6e3320a989da83ae67372a9adf58cbba,balanced_random_group,intermediate,4,0.03940473039101402,37.98629014756945,0.06855830969793705,-1.3614901496039498,0.06841825497270958,-1.4982131223644366,-1.224767176843463,0.0
selective_p1.0_r00,m003_balanced_random_group,14f0105f9e20916e897f4df17fdec0d896085dd5f5320e129bc322820142f8a6,balanced_random_group,intermediate,8,0.08940736825245288,38.349222819010414,0.31418718504138976,-0.9985574781629782,0.06724853622174204,-1.13294295452006,-0.8641720018058965,0.03125
selective_p1.0_r00,m004_balanced_random_group,bb2ba2d5c103ddf6a98d341d94ebe51e88d622a6cb807898cdf9fd63b491a80f,balanced_random_group,intermediate,16,0.1065728704291213,38.255188666449655,0.2505458957475132,-1.0925916307237418,0.07253383823725275,-1.2375389403778851,-0.9476443210695984,0.03125
selective_p1.0_r00,m005_balanced_random_group,c65bd191d1da1176a8030b84146455e1d1f9bf63bb8d4993a72ab07906c80b78,balanced_random_group,intermediate,32,0.17163990471537086,39.242365519205734,0.9186564275021785,-0.10541477796766441,0.06185794661224939,-0.22902802056000587,0.01819846462467707,0.46875
selective_p1.0_r00,m006_balanced_random_group,54146794238237c8e13f9205ac93004ce5acfdbc51f3cd9b991ee15e2a36f684,balanced_random_group,intermediate,64,0.18990460367816148,39.140715535481775,0.8498608267047515,-0.2070647616916237,0.0690255340900462,-0.3450012849329105,-0.06912823845033686,0.34375
selective_p1.0_r00,m007_balanced_random_group,e179435da112ea8d971ae26891de689741e68338ddf13a7241197cfbaded0b83,balanced_random_group,intermediate,128,0.22013006361709375,38.932538180881075,0.7089686626581136,-0.4152421162923182,0.061642269352341295,-0.5384243622720856,-0.2920598703125509,0.15625
selective_p1.0_r00,m008_balanced_random_group,e471d7c08820922fc6c21006a6b4685c49e9368d31cd4fbe021c3167456046e0,balanced_random_group,intermediate,256,0.229303616422766,39.190343899197046,0.8834487622193992,-0.157436397976346,0.0628529304182303,-0.2830379570473307,-0.03183483890536129,0.375
selective_p1.0_r00,m009_balanced_random_group,3394d1cdf22e9723777f99c632a137ebcd7b9bff50e9406fa9f5a34da26ac720,balanced_random_group,intermediate,512,0.2497605946128681,39.38917744954427,1.0180171414133308,0.041397152370877155,0.0479857598300887,-0.05449473696125229,0.1372890417030066,0.546875
selective_p1.0_r00,m010_affinity_rank_group,3f53151fb2f814971fd6c0128c5c0b7afe1b5cb5257e46a1db18b8ebc9946d94,affinity_rank_group,intermediate,2,0.007710099901483917,37.85745917426215,-0.018633088522661722,-1.4903211229112432,0.0711496590981778,-1.6325023712736617,-1.3481398745488247,0.015625
selective_p1.0_r00,m011_affinity_rank_group,92e56b0f11cdce879476507882d715f1eecc12de134fc3982530e28ffd4eba29,affinity_rank_group,intermediate,4,0.026644131355288706,37.97104085286459,0.05823775328932355,-1.3767394443088117,0.059280927061533296,-1.4952029242540885,-1.2582759643635348,0.0
selective_p1.0_r00,m012_affinity_rank_group,0a19adabdd017fc722384804e89caf4ecf35837689486f63c24094087da5c2ba,affinity_rank_group,intermediate,8,0.0622037960913442,38.22352803548178,0.22911832587228684,-1.1242522616916224,0.0661402630083208,-1.2564230307541346,-0.9920814926291102,0.0
selective_p1.0_r00,m013_affinity_rank_group,d176c8d0ee881709b5af7061b49578d8041bef9dde73ceb9e47e4dd86f7ee987,affinity_rank_group,intermediate,16,0.11893019522964703,38.82359008789063,0.6352337810730319,-0.5241902092827703,0.07205943199338564,-0.668189493706169,-0.38019092485937156,0.171875
selective_p1.0_r00,m014_affinity_rank_group,a08bb91ec0e66d0b3afe5332032fd3fb6769016bc04c2710b5e01a8e599df454,affinity_rank_group,intermediate,32,0.1633111797052485,38.868846299913194,0.6658626919872029,-0.4789339972601997,0.06237613268483665,-0.6035827520899619,-0.35428524243043746,0.140625
selective_p1.0_r00,m015_affinity_rank_group,6ac4e014d135d7a7fbd4592fdf320f48570dc4bce5e1a5c2ca6054715b80f98a,affinity_rank_group,intermediate,64,0.20837970522623459,39.316458808051216,0.9688019576286214,-0.03132148912218091,0.05495988321647254,-0.14115005196586322,0.0785070737215014,0.484375
selective_p1.0_r00,m016_affinity_rank_group,4c0d0a036a5c51abb14f88b143c35a9a2e7cecb590d4d0752b078fe3b59a18dd,affinity_rank_group,intermediate,128,0.22993077027195732,39.15575222439236,0.8600374938296259,-0.19202807278103395,0.05886686446168774,-0.30966411464589794,-0.07439203091616994,0.3125
selective_p1.0_r00,m017_affinity_rank_group,cf78b05538711825e0795152b13c3d2c15b5cd16f89c1995f7b006d8bc57c6a2,affinity_rank_group,intermediate,256,0.2409587319048332,39.33078884548611,0.9785003707386559,-0.016991451687283776,0.04779102030402301,-0.11249418512924488,0.07851128175467732,0.46875
selective_p1.0_r00,m018_affinity_rank_group,24a6acb87a7364b0b1cbbe6fecc84df53e5243c78a06a6c6c4e7354b3e359435,affinity_rank_group,intermediate,512,0.2500430108223679,39.44245334201389,1.0540736846236058,0.09467304484049477,0.051700866416374905,-0.008642892602796215,0.19798898228378575,0.546875
selective_p1.0_r00,m019_contiguous_substring,16cfd655e57fba08a658c1d50e1fe5976b2f905eee09ec260833cfb2b49d6f38,contiguous_substring,intermediate,4,0.04453341104487243,38.19073961046007,0.20692747727662666,-1.1570406867133256,0.07327079331162868,-1.3034606835706106,-1.0106206898560406,0.03125
selective_p1.0_r00,m020_contiguous_substring,6fb076d21f3b26febc2e6a328628b3ea581ce0709de4263bbe675d61bdb74942,contiguous_substring,intermediate,4,0.032327437172162896,38.028250461154514,0.09695659248145491,-1.3195298360188819,0.06695854533263619,-1.4533358118253017,-1.185723860212462,0.015625
selective_p1.0_r00,m021_contiguous_substring,3ac98b3bd2edbbfc3b4339ca0066047ccba8e1cfa0ce798acbd27bab5b87d8af,contiguous_substring,intermediate,4,0.04338524481169468,37.899504258897565,0.009822566383562397,-1.4482760382758235,0.0661478335735248,-1.5804619359057128,-1.3160901406459342,0.0
selective_p1.0_r00,m022_contiguous_substring,fc015e86e4e7f2c734c05fb1135856a6186a7b6e6f3079acc6d6c6e4aa7442e4,contiguous_substring,intermediate,4,0.04368431940420306,37.911522420247394,0.017956326963270354,-1.4362578769259995,0.06282205555951414,-1.5617977375150671,-1.3107180163369319,0.015625
selective_p1.0_r00,m023_contiguous_substring,6d8bb74bcdeefe62988bcebfe3cdb7110ea14648c3393721f4a4095032ddf61b,contiguous_substring,intermediate,4,0.02700783037863012,38.13747321234809,0.17087735974409596,-1.2103070848253044,0.06586417458887739,-1.3419261352059224,-1.0786880344446863,0.015625
selective_p1.0_r00,m024_contiguous_substring,94ab69bff5420fbcf4c18d7a247ef0e4b9577d1295271abf78a62f51c3b59a0f,contiguous_substring,intermediate,16,0.11903976259574148,38.51003757052951,0.42302485566895115,-0.8377427266438798,0.06688090841277847,-0.9713935574457515,-0.7040918958420082,0.0625
selective_p1.0_r00,m025_contiguous_substring,ae330f3e6dd51f734f790820a896827f916e8d775c69ea1f205c55aa81507fe0,contiguous_substring,intermediate,16,0.1129010615331839,38.45816446940104,0.38791770634515116,-0.8896158277723529,0.07307503174342288,-1.035644626351225,-0.7435870291934809,0.109375
selective_p1.0_r00,m026_contiguous_substring,5d3c5ea59a3a81c2ffdcfc7029fe0ab078b39be0217f1ee2611101845014273b,contiguous_substring,intermediate,16,0.12228940038091346,39.20350646972656,0.8923570464555839,-0.14427382744683281,0.07847988571518193,-0.30110336484387523,0.012555709950209576,0.453125
selective_p1.0_r00,m027_contiguous_substring,6edfbfdb62fbf79744d4ecfb6fe43de95b2133d87a10f24061ecc84297b1c267,contiguous_substring,intermediate,16,0.11985354695367238,38.62978685167101,0.5040698636402345,-0.7179934455023885,0.07234470179625997,-0.8625627961384279,-0.5734240948663492,0.0625
selective_p1.0_r00,m028_contiguous_substring,6f9a04216ce84ed3a2ef19a2010723c498d866f2bb5d6eda67ea1bd16782bfd8,contiguous_substring,intermediate,64,0.18939223873914907,39.36068996853299,0.9987371248350837,0.012909671359591424,0.07003084616521815,-0.12703580775939718,0.15285515047858003,0.484375
selective_p1.0_r00,m029_contiguous_substring,8d4ddfbfac0226f6a695d6b22ee21fbf533251852e95baca71b09f7710bfb22c,contiguous_substring,intermediate,64,0.188503887552228,38.929847208658856,0.7071474419950642,-0.41793308851453903,0.06344421644141002,-0.5447162384178696,-0.2911499386112084,0.1875
selective_p1.0_r00,m030_contiguous_substring,6ff19e1927dcafbb441ab0b4a0a61b92d1295d402f3277307a3f5b9d7850b98a,contiguous_substring,intermediate,64,0.19766052572269796,38.941807725694446,0.7152421895313327,-0.40597257147895016,0.06601498099376636,-0.5378929844125296,-0.2740521585453707,0.1875
selective_p1.0_r00,m031_contiguous_substring,c824c782df91faee7515c9d811fab43ed5426465074d2e812a5277507d28ae96,contiguous_substring,intermediate,256,0.22543988836295578,39.465019056532114,1.0693459141983797,0.11723875935872363,0.060004780229601706,-0.002671225719136472,0.23714874443658374,0.546875
selective_p1.0_r00,m032_contiguous_substring,ef835eb9c371f618c6958654a7d25a1df1d12c09a53ecf66f9209fb882a8542d,contiguous_substring,intermediate,256,0.22244215112906413,39.16963433159722,0.8694327526433056,-0.17814596557617357,0.06164279383868554,-0.3013292596582666,-0.05496267149408052,0.28125
selective_p1.0_r00,m033_identity,2f88e9ce00d238e7e011a7b140b413dcad818f1da41a721f914f1af604d0e217,identity,identity,1024,0.25031714323093385,39.36255594889323,1.0,0.014775651719835081,0.0006488025022846612,0.013479123375430738,0.016072180064239425,0.984375
selective_p1.0_r01,m000_constant,9f1dcbc35c350d6027f98be0f5c8b43b42ca52b7604459c0c42be3aa88913d47,constant,constant,1,0.0,37.14026997884115,0.0,-2.004768798828126,0.07308411555534572,-2.1508157499566445,-1.8587218476996081,0.0
selective_p1.0_r01,m001_balanced_random_group,74484e9508b33b029e993a9e9ccafe4f01d96055374e557f6aa5a37d25bd9c9f,balanced_random_group,intermediate,2,0.003106032145714999,37.1718010796441,0.015570767967442679,-1.9732376980251731,0.06677612866099625,-2.1066791432010232,-1.839796252849323,0.0
selective_p1.0_r01,m002_balanced_random_group,e96a93c5fa6154fe18dcd30eb7bdbc3a6e3320a989da83ae67372a9adf58cbba,balanced_random_group,intermediate,4,0.03235978042347764,37.30079956054688,0.0792731241535541,-1.8442392171223956,0.06780893018983365,-1.9797445514656988,-1.7087338827790923,0.0
selective_p1.0_r01,m003_balanced_random_group,14f0105f9e20916e897f4df17fdec0d896085dd5f5320e129bc322820142f8a6,balanced_random_group,intermediate,8,0.06264432144802953,37.809082370334195,0.3302746271615747,-1.3359564073350696,0.08193615554533884,-1.499692748859606,-1.1722200658105333,0.0
selective_p1.0_r01,m004_balanced_random_group,bb2ba2d5c103ddf6a98d341d94ebe51e88d622a6cb807898cdf9fd63b491a80f,balanced_random_group,intermediate,16,0.09761356803659264,37.871621704101564,0.36115795917765864,-1.2734170735677082,0.061486468735338105,-1.3962879768579683,-1.150546170277448,0.0
selective_p1.0_r01,m005_balanced_random_group,c65bd191d1da1176a8030b84146455e1d1f9bf63bb8d4993a72ab07906c80b78,balanced_random_group,intermediate,32,0.14509159512247385,38.20705871582031,0.5268043129096573,-0.937980061848959,0.056091755459307654,-1.0500704908844525,-0.8258896328134654,0.015625
selective_p1.0_r01,m006_balanced_random_group,54146794238237c8e13f9205ac93004ce5acfdbc51f3cd9b991ee15e2a36f684,balanced_random_group,intermediate,64,0.16938936179821024,37.96945156521267,0.40946854868633975,-1.1755872124565978,0.06698130973030865,-1.3094386792818127,-1.041735745631383,0.03125
selective_p1.0_r01,m007_balanced_random_group,e179435da112ea8d971ae26891de689741e68338ddf13a7241197cfbaded0b83,balanced_random_group,intermediate,128,0.18346186202110856,39.02599826388889,0.931215112330423,-0.11904051378038139,0.05978889312548878,-0.23851908290548524,0.00043805534472246555,0.390625
selective_p1.0_r01,m008_balanced_random_group,e471d7c08820922fc6c21006a6b4685c49e9368d31cd4fbe021c3167456046e0,balanced_random_group,intermediate,256,0.2144398006098706,39.175957234700526,1.0052682306702052,0.030918457031251623,0.04738209665242551,-0.06376710769892656,0.12560402176142982,0.515625
selective_p1.0_r01,m009_balanced_random_group,3394d1cdf22e9723777f99c632a137ebcd7b9bff50e9406fa9f5a34da26ac720,balanced_random_group,intermediate,512,0.21584046034580245,39.06902262369792,0.9524615105364601,-0.0760161539713532,0.04316239163730948,-0.1622693110923469,0.010237003149640517,0.390625
selective_p1.0_r01,m010_affinity_rank_group,3f53151fb2f814971fd6c0128c5c0b7afe1b5cb5257e46a1db18b8ebc9946d94,affinity_rank_group,intermediate,2,0.016396426419898216,37.19566548665365,0.027355549810251345,-1.949373291015624,0.0598234352625643,-2.0689208870936713,-1.8298256949375769,0.0
selective_p1.0_r01,m011_affinity_rank_group,92e56b0f11cdce879476507882d715f1eecc12de134fc3982530e28ffd4eba29,affinity_rank_group,intermediate,4,0.037167388666262735,37.30874430338542,0.0831964171610827,-1.8362944742838536,0.061693717316131054,-1.9595795308154922,-1.713009417752215,0.0
selective_p1.0_r01,m012_affinity_rank_group,0a19adabdd017fc722384804e89caf4ecf35837689486f63c24094087da5c2ba,affinity_rank_group,intermediate,8,0.06821032501066425,37.62595825195312,0.23984381174623315,-1.519080525716146,0.06572286935255255,-1.6504172001141455,-1.3877438513181464,0.0
selective_p1.0_r01,m013_affinity_rank_group,d176c8d0ee881709b5af7061b49578d8041bef9dde73ceb9e47e4dd86f7ee987,affinity_rank_group,intermediate,16,0.10322045282882408,38.01192118326823,0.4304410029162625,-1.1331175944010408,0.06759973375778423,-1.268204883032829,-0.9980303057692526,0.0
selective_p1.0_r01,m014_affinity_rank_group,a08bb91ec0e66d0b3afe5332032fd3fb6769016bc04c2710b5e01a8e599df454,affinity_rank_group,intermediate,32,0.15531280820965312,38.66395534939236,0.752430164379779,-0.48108342827690853,0.054839863438298,-0.5906721507319603,-0.37149470582185673,0.140625
selective_p1.0_r01,m015_affinity_rank_group,6ac4e014d135d7a7fbd4592fdf320f48570dc4bce5e1a5c2ca6054715b80f98a,affinity_rank_group,intermediate,64,0.19362730612607615,38.724965413411454,0.7825583085399481,-0.4200733642578126,0.0686672757424439,-0.5572939653183893,-0.28285276319723596,0.21875
selective_p1.0_r01,m016_affinity_rank_group,4c0d0a036a5c51abb14f88b143c35a9a2e7cecb590d4d0752b078fe3b59a18dd,affinity_rank_group,intermediate,128,0.21227041353767925,39.057560560438375,0.9468012854603411,-0.08747821723090266,0.05403919840880451,-0.19546693829653902,0.020510503834733712,0.484375
selective_p1.0_r01,m017_affinity_rank_group,cf78b05538711825e0795152b13c3d2c15b5cd16f89c1995f7b006d8bc57c6a2,affinity_rank_group,intermediate,256,0.2184491475297295,39.16761644151476,1.0011493590782614,0.022577663845487206,0.049027660921432105,-0.07539629867877036,0.12055162636974477,0.5
selective_p1.0_r01,m018_affinity_rank_group,24a6acb87a7364b0b1cbbe6fecc84df53e5243c78a06a6c6c4e7354b3e359435,affinity_rank_group,intermediate,512,0.22219732623382807,39.19742092556423,1.0158674847924205,0.0523821478949652,0.04083705621482677,-0.02922419717632173,0.13398849296625215,0.609375
selective_p1.0_r01,m019_contiguous_substring,16cfd655e57fba08a658c1d50e1fe5976b2f905eee09ec260833cfb2b49d6f38,contiguous_substring,intermediate,4,0.02332101397340046,37.20280253092447,0.030879983067713276,-1.942236246744792,0.05870781503341381,-2.0595544536888717,-1.8249180398007125,0.0
selective_p1.0_r01,m020_contiguous_substring,6fb076d21f3b26febc2e6a328628b3ea581ce0709de4263bbe675d61bdb74942,contiguous_substring,intermediate,4,0.024973983512213464,37.237825859917535,0.04817529199480755,-1.9072129177517367,0.06402104941286761,-2.0351487763681937,-1.7792770591352798,0.0
selective_p1.0_r01,m021_contiguous_substring,3ac98b3bd2edbbfc3b4339ca0066047ccba8e1cfa0ce798acbd27bab5b87d8af,contiguous_substring,intermediate,4,0.02410409910804944,36.89237636990018,-0.12241544910067209,-2.252662407769096,0.06454450651942896,-2.3816443119438655,-2.123680503594327,0.0
selective_p1.0_r01,m022_contiguous_substring,fc015e86e4e7f2c734c05fb1135856a6186a7b6e6f3079acc6d6c6e4aa7442e4,contiguous_substring,intermediate,4,0.03371733156695853,37.1803466796875,0.01979077779995616,-1.9646920979817706,0.0620875763217059,-2.0887642189322864,-1.8406199770312548,0.0
selective_p1.0_r01,m023_contiguous_substring,6d8bb74bcdeefe62988bcebfe3cdb7110ea14648c3393721f4a4095032ddf61b,contiguous_substring,intermediate,4,0.028225724196087053,37.10899759928385,-0.015443005587386358,-2.0360411783854175,0.05864633202210167,-2.1532365213353155,-1.9188458354355193,0.0
selective_p1.0_r01,m024_contiguous_substring,94ab69bff5420fbcf4c18d7a247ef0e4b9577d1295271abf78a62f51c3b59a0f,contiguous_substring,intermediate,16,0.09636881063986863,38.067074924045144,0.45767716271736486,-1.0779638536241316,0.07363231596682365,-1.2251062958603325,-0.9308214113879306,0.0
selective_p1.0_r01,m025_contiguous_substring,ae330f3e6dd51f734f790820a896827f916e8d775c69ea1f205c55aa81507fe0,contiguous_substring,intermediate,16,0.09986045854893426,37.67305060492622,0.26309907662795745,-1.4719881727430542,0.06388080474404051,-1.5996437747519217,-1.3443325707341867,0.0
selective_p1.0_r01,m026_contiguous_substring,5d3c5ea59a3a81c2ffdcfc7029fe0ab078b39be0217f1ee2611101845014273b,contiguous_substring,intermediate,16,0.09943257079378454,37.88791164822049,0.36920230059356735,-1.2571271294487847,0.06616774931268402,-1.3893528255076701,-1.1249014333898992,0.015625
selective_p1.0_r01,m027_contiguous_substring,6edfbfdb62fbf79744d4ecfb6fe43de95b2133d87a10f24061ecc84297b1c267,contiguous_substring,intermediate,16,0.10708570609000664,37.77579752604167,0.3138378211474046,-1.3692412516276038,0.07772668932170894,-1.5245656461350887,-1.2139168571201189,0.015625
selective_p1.0_r01,m028_contiguous_substring,6f9a04216ce84ed3a2ef19a2010723c498d866f2bb5d6eda67ea1bd16782bfd8,contiguous_substring,intermediate,64,0.1563520801716827,38.55460883246528,0.6984323907606513,-0.590429945203994,0.075224997373742,-0.7407551072669589,-0.4401047831410292,0.15625
selective_p1.0_r01,m029_contiguous_substring,8d4ddfbfac0226f6a695d6b22ee21fbf533251852e95baca71b09f7710bfb22c,contiguous_substring,intermediate,64,0.15504143727743616,38.480929904513886,0.66204807616312,-0.6641088731553811,0.06276245345440126,-0.7895296284413821,-0.5386881178693802,0.078125
selective_p1.0_r01,m030_contiguous_substring,6ff19e1927dcafbb441ab0b4a0a61b92d1295d402f3277307a3f5b9d7850b98a,contiguous_substring,intermediate,64,0.15495185467631462,38.36755710177952,0.6060620319007429,-0.7774816758897578,0.062367088924864464,-0.9021123582073107,-0.6528509935722049,0.046875
selective_p1.0_r01,m031_contiguous_substring,c824c782df91faee7515c9d811fab43ed5426465074d2e812a5277507d28ae96,contiguous_substring,intermediate,256,0.195001949762413,38.943969048394095,0.8907072376132416,-0.20106972927517264,0.05761401607200196,-0.3162021534092957,-0.08593730514104955,0.34375
selective_p1.0_r01,m032_contiguous_substring,ef835eb9c371f618c6958654a7d25a1df1d12c09a53ecf66f9209fb882a8542d,contiguous_substring,intermediate,256,0.1954716441201305,38.8756093343099,0.8569496706644179,-0.26942944335937424,0.0505348903108461,-0.3704153634793766,-0.1684435232393719,0.28125
selective_p1.0_r01,m033_identity,2f88e9ce00d238e7e011a7b140b413dcad818f1da41a721f914f1af604d0e217,identity,identity,1024,0.22228732125478537,39.16528896755643,1.0,0.020250189887153214,0.0007382233894478984,0.0187749681585824,0.021725411615724027,1.0
selective_p1.0_r02,m000_constant,9f1dcbc35c350d6027f98be0f5c8b43b42ca52b7604459c0c42be3aa88913d47,constant,constant,1,0.0,36.72247755262587,0.0,-2.7295055847167973,0.050167403428864714,-2.8297571409016915,-2.629254028531903,0.0
selective_p1.0_r02,m001_balanced_random_group,74484e9508b33b029e993a9e9ccafe4f01d96055374e557f6aa5a37d25bd9c9f,balanced_random_group,intermediate,2,0.0036812624915621302,36.788173760308155,0.02382821488610794,-2.6638093770345064,0.048933110920794,-2.7615943964591936,-2.566024357609819,0.0
selective_p1.0_r02,m002_balanced_random_group,e96a93c5fa6154fe18dcd30eb7bdbc3a6e3320a989da83ae67372a9adf58cbba,balanced_random_group,intermediate,4,0.03682477002895042,37.07752753363715,0.128777710941244,-2.3744556037055133,0.05465196544969035,-2.4836688419920723,-2.2652423654189544,0.0
selective_p1.0_r02,m003_balanced_random_group,14f0105f9e20916e897f4df17fdec0d896085dd5f5320e129bc322820142f8a6,balanced_random_group,intermediate,8,0.05976092563948186,37.34904954698351,0.2272595732675241,-2.102933590359159,0.054565926265871034,-2.2119748930564467,-1.9938922876618717,0.0
selective_p1.0_r02,m004_balanced_random_group,bb2ba2d5c103ddf6a98d341d94ebe51e88d622a6cb807898cdf9fd63b491a80f,balanced_random_group,intermediate,16,0.10670226853637603,37.3087880452474,0.2126566037986465,-2.1431950920952687,0.06305391896636413,-2.2691982947305718,-2.0171918894599656,0.0
selective_p1.0_r02,m005_balanced_random_group,c65bd191d1da1176a8030b84146455e1d1f9bf63bb8d4993a72ab07906c80b78,balanced_random_group,intermediate,32,0.155146032706312,38.02125481499566,0.47107047406151364,-1.4307283223470053,0.05712073755979269,-1.5448750080314264,-1.3165816366625842,0.0
selective_p1.0_r02,m006_balanced_random_group,54146794238237c8e13f9205ac93004ce5acfdbc51f3cd9b991ee15e2a36f684,balanced_random_group,intermediate,64,0.2065061173946406,38.89205763075086,0.7869133111030433,-0.5599255065917974,0.06627733886646103,-0.6923701998990321,-0.42748081328456267,0.15625
selective_p1.0_r02,m007_balanced_random_group,e179435da112ea8d971ae26891de689741e68338ddf13a7241197cfbaded0b83,balanced_random_group,intermediate,128,0.22740372837228712,39.289425998263894,0.9310400298907311,-0.16255713907877656,0.043291184639144366,-0.24906766847692988,-0.07604660968062324,0.34375
selective_p1.0_r02,m008_balanced_random_group,e471d7c08820922fc6c21006a6b4685c49e9368d31cd4fbe021c3167456046e0,balanced_random_group,intermediate,256,0.25042228217823137,39.506471421983505,1.0097630670171451,0.054488284640841544,0.05640990690523176,-0.05823791932770378,0.16721448860938687,0.578125
selective_p1.0_r02,m009_balanced_random_group,3394d1cdf22e9723777f99c632a137ebcd7b9bff50e9406fa9f5a34da26ac720,balanced_random_group,intermediate,512,0.2618644198069201,39.500211249457465,1.0074924833497285,0.04822811211480027,0.05120736688404607,-0.054101645205322985,0.15055786943492352,0.5625
selective_p1.0_r02,m010_affinity_rank_group,3f53151fb2f814971fd6c0128c5c0b7afe1b5cb5257e46a1db18b8ebc9946d94,affinity_rank_group,intermediate,2,0.012932749277536166,36.904421657986106,0.06599168190576318,-2.5475614793565557,0.04610615404050666,-2.6396972762354065,-2.455425682477705,0.0
selective_p1.0_r02,m011_affinity_rank_group,92e56b0f11cdce879476507882d715f1eecc12de134fc3982530e28ffd4eba29,affinity_rank_group,intermediate,4,0.03581708290703514,37.22712605794271,0.1830375519511941,-2.224857079399957,0.05773226580235483,-2.340225806764386,-2.1094883520355276,0.0
selective_p1.0_r02,m012_affinity_rank_group,0a19adabdd017fc722384804e89caf4ecf35837689486f63c24094087da5c2ba,affinity_rank_group,intermediate,8,0.06982141097887339,37.48109741210938,0.2751537366671475,-1.970885725233289,0.05914509617077562,-2.089077768802638,-1.8526936816639399,0.0
selective_p1.0_r02,m013_affinity_rank_group,d176c8d0ee881709b5af7061b49578d8041bef9dde73ceb9e47e4dd86f7ee987,affinity_rank_group,intermediate,16,0.10778667434485034,37.683533393012155,0.3485778843281398,-1.7684497443305132,0.0715746194837397,-1.911480208260365,-1.6254192804006613,0.0
selective_p1.0_r02,m014_affinity_rank_group,a08bb91ec0e66d0b3afe5332032fd3fb6769016bc04c2710b5e01a8e599df454,affinity_rank_group,intermediate,32,0.15440910091168666,38.157784695095486,0.5205902779614037,-1.2941984422471788,0.06381936786531064,-1.4217312724504745,-1.1666656120438832,0.0
selective_p1.0_r02,m015_affinity_rank_group,6ac4e014d135d7a7fbd4592fdf320f48570dc4bce5e1a5c2ca6054715b80f98a,affinity_rank_group,intermediate,64,0.1937940568924487,38.45743849012587,0.629275623300551,-0.9945446472167966,0.05258666649646713,-1.099630714872704,-0.8894585795608891,0.0
selective_p1.0_r02,m016_affinity_rank_group,4c0d0a036a5c51abb14f88b143c35a9a2e7cecb590d4d0752b078fe3b59a18dd,affinity_rank_group,intermediate,128,0.23441234057498678,38.68559061686198,0.7120270954841799,-0.7663925204806855,0.06617344344483213,-0.8986295953546969,-0.6341554456066741,0.0625
selective_p1.0_r02,m017_affinity_rank_group,cf78b05538711825e0795152b13c3d2c15b5cd16f89c1995f7b006d8bc57c6a2,affinity_rank_group,intermediate,256,0.24808970490008989,38.9505625406901,0.8081332203657879,-0.5014205966525608,0.05579082306829005,-0.6129096602905262,-0.3899315330145954,0.09375
selective_p1.0_r02,m018_affinity_rank_group,24a6acb87a7364b0b1cbbe6fecc84df53e5243c78a06a6c6c4e7354b3e359435,affinity_rank_group,intermediate,512,0.2614748274715319,39.36892428927952,0.9598743024953188,-0.08305884806315056,0.04403892180761351,-0.17106361096020545,0.004945914833904316,0.421875
selective_p1.0_r02,m019_contiguous_substring,16cfd655e57fba08a658c1d50e1fe5976b2f905eee09ec260833cfb2b49d6f38,contiguous_substring,intermediate,4,0.026956969756284973,36.86504177517361,0.05170847830923448,-2.5869413621690542,0.04805065135775373,-2.6829629268717827,-2.4909197974663257,0.0
selective_p1.0_r02,m020_contiguous_substring,6fb076d21f3b26febc2e6a328628b3ea581ce0709de4263bbe675d61bdb74942,contiguous_substring,intermediate,4,0.018579110675683165,36.8829827202691,0.058215713811512165,-2.5690004170735676,0.049950676483670235,-2.6688188790172234,-2.469181955129912,0.0
selective_p1.0_r02,m021_contiguous_substring,3ac98b3bd2edbbfc3b4339ca0066047ccba8e1cfa0ce798acbd27bab5b87d8af,contiguous_substring,intermediate,4,0.027593014291431524,36.886878458658856,0.0596287100066677,-2.5651046786838103,0.056076094418179255,-2.677163811625879,-2.4530455457417415,0.0
selective_p1.0_r02,m022_contiguous_substring,fc015e86e4e7f2c734c05fb1135856a6186a7b6e6f3079acc6d6c6e4aa7442e4,contiguous_substring,intermediate,4,0.022997759216900768,36.83791130913629,0.041868175535230825,-2.61407182820638,0.059342584950189944,-2.732658521610326,-2.495485134802434,0.0
selective_p1.0_r02,m023_contiguous_substring,6d8bb74bcdeefe62988bcebfe3cdb7110ea14648c3393721f4a4095032ddf61b,contiguous_substring,intermediate,4,0.01679534695510177,37.028665161132814,0.11105517941386707,-2.4233179762098525,0.0585420338054233,-2.5403048958048497,-2.306331056614855,0.0
selective_p1.0_r02,m024_contiguous_substring,94ab69bff5420fbcf4c18d7a247ef0e4b9577d1295271abf78a62f51c3b59a0f,contiguous_substring,intermediate,16,0.08644118770983958,37.04412129720052,0.1166611671036177,-2.407861840142144,0.05659353923800677,-2.520955004046191,-2.2947686762380965,0.0
selective_p1.0_r02,m025_contiguous_substring,ae330f3e6dd51f734f790820a896827f916e8d775c69ea1f205c55aa81507fe0,contiguous_substring,intermediate,16,0.10335232893146928,37.583683268229166,0.3123619395472773,-1.8682998691134989,0.054325928873901815,-1.976861575292315,-1.7597381629346827,0.0
selective_p1.0_r02,m026_contiguous_substring,5d3c5ea59a3a81c2ffdcfc7029fe0ab078b39be0217f1ee2611101845014273b,contiguous_substring,intermediate,16,0.08515397297919802,37.37936469184028,0.23825496876194951,-2.072618445502388,0.04749453061791134,-2.167528691584153,-1.9777081994206234,0.0
selective_p1.0_r02,m027_contiguous_substring,6edfbfdb62fbf79744d4ecfb6fe43de95b2133d87a10f24061ecc84297b1c267,contiguous_substring,intermediate,16,0.07656728374498038,37.10462714301215,0.13860682190971765,-2.3473559943305116,0.04957746551406439,-2.4464286536626902,-2.248283334998333,0.0
selective_p1.0_r02,m028_contiguous_substring,6f9a04216ce84ed3a2ef19a2010723c498d866f2bb5d6eda67ea1bd16782bfd8,contiguous_substring,intermediate,64,0.18423624803312844,38.06636216905382,0.48743104894643813,-1.3856209682888467,0.05095215798563289,-1.487440731320459,-1.2838012052572345,0.0
selective_p1.0_r02,m029_contiguous_substring,8d4ddfbfac0226f6a695d6b22ee21fbf533251852e95baca71b09f7710bfb22c,contiguous_substring,intermediate,64,0.17136248332955822,38.091744316948784,0.49663723139820387,-1.3602388203938809,0.06262320311744687,-1.4853813060859862,-1.2350963347017756,0.0
selective_p1.0_r02,m030_contiguous_substring,6ff19e1927dcafbb441ab0b4a0a61b92d1295d402f3277307a3f5b9d7850b98a,contiguous_substring,intermediate,64,0.15087373255251726,37.37768690321181,0.23764642970949776,-2.07429623413086,0.05755987053509841,-2.189320457043392,-1.9592720112183277,0.0
selective_p1.0_r02,m031_contiguous_substring,c824c782df91faee7515c9d811fab43ed5426465074d2e812a5277507d28ae96,contiguous_substring,intermediate,256,0.2315539390173097,38.48398708767361,0.6389048805988079,-0.9679960496690542,0.05700390440137707,-1.0819092629163025,-0.8540828364218058,0.015625
selective_p1.0_r02,m032_contiguous_substring,ef835eb9c371f618c6958654a7d25a1df1d12c09a53ecf66f9209fb882a8542d,contiguous_substring,intermediate,256,0.22226453194226692,38.774274020724825,0.7441928365311343,-0.6777091166178383,0.05902913771449114,-0.7956694357027461,-0.5597487975329305,0.078125
selective_p1.0_r02,m033_identity,2f88e9ce00d238e7e011a7b140b413dcad818f1da41a721f914f1af604d0e217,identity,identity,1024,0.2642488378632858,39.479553900824655,1.0,0.02757076348198806,0.0005067414487764437,0.026558121500322395,0.028583405463653722,1.0
selective_p1.0_r03,m000_constant,9f1dcbc35c350d6027f98be0f5c8b43b42ca52b7604459c0c42be3aa88913d47,constant,constant,1,0.0,34.98655259874132,0.0,-1.6976473083496098,0.056694968754690225,-1.8109431629690538,-1.5843514537301657,0.0
selective_p1.0_r03,m001_balanced_random_group,74484e9508b33b029e993a9e9ccafe4f01d96055374e557f6aa5a37d25bd9c9f,balanced_random_group,intermediate,2,0.0482250929356326,35.51339213053385,0.3072317400141612,-1.1708077765570755,0.0709896411065676,-1.3126692544793264,-1.0289462986348246,0.03125
selective_p1.0_r03,m002_balanced_random_group,e96a93c5fa6154fe18dcd30eb7bdbc3a6e3320a989da83ae67372a9adf58cbba,balanced_random_group,intermediate,4,0.03353224622034641,34.8685791015625,-0.06879742431339936,-1.8156208055284297,0.06409465879350083,-1.943703760754516,-1.6875378503023435,0.0
selective_p1.0_r03,m003_balanced_random_group,14f0105f9e20916e897f4df17fdec0d896085dd5f5320e129bc322820142f8a6,balanced_random_group,intermediate,8,0.07920154553756087,34.93733045789931,-0.02870438352767485,-1.7468694491916232,0.06813406271061943,-1.8830245090329047,-1.6107143893503417,0.0
selective_p1.0_r03,m004_balanced_random_group,bb2ba2d5c103ddf6a98d341d94ebe51e88d622a6cb807898cdf9fd63b491a80f,balanced_random_group,intermediate,16,0.1566881154317878,35.84971923828125,0.5033642553088855,-0.8344806688096789,0.06387045902516722,-0.9621155965490803,-0.7068457410702774,0.03125
selective_p1.0_r03,m005_balanced_random_group,c65bd191d1da1176a8030b84146455e1d1f9bf63bb8d4993a72ab07906c80b78,balanced_random_group,intermediate,32,0.19901644410510536,35.686548529730906,0.4082096253275348,-0.9976513773600261,0.07134870437164323,-1.1402303859622076,-0.8550723687578445,0.03125
selective_p1.0_r03,m006_balanced_random_group,54146794238237c8e13f9205ac93004ce5acfdbc51f3cd9b991ee15e2a36f684,balanced_random_group,intermediate,64,0.23864861999621098,36.27668151855468,0.7523515775823332,-0.407518388536241,0.06209917783685868,-0.5316136932648412,-0.28342308380764086,0.203125
selective_p1.0_r03,m007_balanced_random_group,e179435da112ea8d971ae26891de689741e68338ddf13a7241197cfbaded0b83,balanced_random_group,intermediate,128,0.2429689567542195,36.70767957899306,1.003692405406461,0.023479671902127852,0.053900339723684236,-0.08423156222335156,0.13119090602760725,0.53125
selective_p1.0_r03,m008_balanced_random_group,e471d7c08820922fc6c21006a6b4685c49e9368d31cd4fbe021c3167456046e0,balanced_random_group,intermediate,256,0.2561317532733643,36.67939249674479,0.9871965105948284,-0.0048074103461378526,0.047282857716455226,-0.09929466188717,0.08967984119489429,0.53125
selective_p1.0_r03,m009_balanced_random_group,3394d1cdf22e9723777f99c632a137ebcd7b9bff50e9406fa9f5a34da26ac720,balanced_random_group,intermediate,512,0.24842625827238413,36.69166293674046,0.9943521403513532,0.007463029649522834,0.05269652038108009,-0.09784256347776003,0.1127686227768057,0.5
selective_p1.0_r03,m010_affinity_rank_group,3f53151fb2f814971fd6c0128c5c0b7afe1b5cb5257e46a1db18b8ebc9946d94,affinity_rank_group,intermediate,2,0.02069185766034911,35.00502454969618,0.010772102871644764,-1.6791753573947483,0.06233620126618962,-1.803744315651708,-1.5546063991377888,0.0
selective_p1.0_r03,m011_affinity_rank_group,92e56b0f11cdce879476507882d715f1eecc12de134fc3982530e28ffd4eba29,affinity_rank_group,intermediate,4,0.05720066490333569,35.363084920247395,0.2195785876475168,-1.3211149868435323,0.059475927525102334,-1.4399681441209695,-1.2022618295660952,0.0
selective_p1.0_r03,m012_affinity_rank_group,0a19adabdd017fc722384804e89caf4ecf35837689486f63c24094087da5c2ba,affinity_rank_group,intermediate,8,0.09238965529615242,35.368751017252606,0.2228828287625997,-1.3154488898383252,0.060533591555657344,-1.4364156200283864,-1.194482159648264,0.0
selective_p1.0_r03,m013_affinity_rank_group,d176c8d0ee881709b5af7061b49578d8041bef9dde73ceb9e47e4dd86f7ee987,affinity_rank_group,intermediate,16,0.15303231883987636,35.167912122938375,0.10576161966741704,-1.5162877841525608,0.0653474514697581,-1.646874245774985,-1.3857013225301367,0.0
selective_p1.0_r03,m014_affinity_rank_group,a08bb91ec0e66d0b3afe5332032fd3fb6769016bc04c2710b5e01a8e599df454,affinity_rank_group,intermediate,32,0.20617222416225353,36.349480862087674,0.7948052425710448,-0.33471904500325467,0.06217143602108322,-0.45895874619091964,-0.2104793438155897,0.296875
selective_p1.0_r03,m015_affinity_rank_group,6ac4e014d135d7a7fbd4592fdf320f48570dc4bce5e1a5c2ca6054715b80f98a,affinity_rank_group,intermediate,64,0.23073309505719805,36.32707485622829,0.7817389562513313,-0.3571250508626299,0.05041668615977203,-0.4578747588352467,-0.2563753428900131,0.203125
selective_p1.0_r03,m016_affinity_rank_group,4c0d0a036a5c51abb14f88b143c35a9a2e7cecb590d4d0752b078fe3b59a18dd,affinity_rank_group,intermediate,128,0.2477868809290116,36.50048285590278,0.8828635648984823,-0.18371705118815096,0.057767218975773096,-0.2991556268961118,-0.0682784754801901,0.375
selective_p1.0_r03,m017_affinity_rank_group,cf78b05538711825e0795152b13c3d2c15b5cd16f89c1995f7b006d8bc57c6a2,affinity_rank_group,intermediate,256,0.2532752400689197,36.645508151584195,0.9674365159575443,-0.038691755506726544,0.053441648724064615,-0.14548636881117671,0.06810285779772361,0.484375
selective_p1.0_r03,m018_affinity_rank_group,24a6acb87a7364b0b1cbbe6fecc84df53e5243c78a06a6c6c4e7354b3e359435,affinity_rank_group,intermediate,512,0.2611740952339449,36.634368896484375,0.9609405479819917,-0.049831010606553705,0.043510028839911716,-0.13677886524359598,0.037116844030488566,0.453125
selective_p1.0_r03,m019_contiguous_substring,16cfd655e57fba08a658c1d50e1fe5976b2f905eee09ec260833cfb2b49d6f38,contiguous_substring,intermediate,4,0.044435776831744565,34.606182183159724,-0.22181681057879085,-2.0780177239312057,0.0677712013711511,-2.213447663246514,-1.9425877846158972,0.0
selective_p1.0_r03,m020_contiguous_substring,6fb076d21f3b26febc2e6a328628b3ea581ce0709de4263bbe675d61bdb74942,contiguous_substring,intermediate,4,0.03170533242963111,35.185429212782125,0.11597688573594556,-1.4987706943088108,0.06529217003410089,-1.6292466847971125,-1.368294703820509,0.0
selective_p1.0_r03,m021_contiguous_substring,3ac98b3bd2edbbfc3b4339ca0066047ccba8e1cfa0ce798acbd27bab5b87d8af,contiguous_substring,intermediate,4,0.056826798622908244,34.88342624240451,-0.06013916569790558,-1.8007736646864154,0.06339419373689703,-1.9274568521912712,-1.6740904771815597,0.0
selective_p1.0_r03,m022_contiguous_substring,fc015e86e4e7f2c734c05fb1135856a6186a7b6e6f3079acc6d6c6e4aa7442e4,contiguous_substring,intermediate,4,0.04651708387920313,34.993254597981775,0.003908337859941635,-1.6909453091091589,0.05555370456696827,-1.8019605292325511,-1.5799300889857666,0.0
selective_p1.0_r03,m023_contiguous_substring,6d8bb74bcdeefe62988bcebfe3cdb7110ea14648c3393721f4a4095032ddf61b,contiguous_substring,intermediate,4,0.03740926905500432,35.14402025010851,0.09182883516899247,-1.5401796569824215,0.06695061035592949,-1.6739697760031844,-1.4063895379616587,0.0
selective_p1.0_r03,m024_contiguous_substring,94ab69bff5420fbcf4c18d7a247ef0e4b9577d1295271abf78a62f51c3b59a0f,contiguous_substring,intermediate,16,0.11724813495444988,35.48653496636285,0.29156971622481664,-1.1976649407280822,0.0636011989928808,-1.3247617952284851,-1.0705680862276792,0.0
selective_p1.0_r03,m025_contiguous_substring,ae330f3e6dd51f734f790820a896827f916e8d775c69ea1f205c55aa81507fe0,contiguous_substring,intermediate,16,0.13036093311194727,35.634299723307294,0.3777402115070262,-1.0499001837836368,0.06553777513055327,-1.180866976893629,-0.9189333906736447,0.0
selective_p1.0_r03,m026_contiguous_substring,5d3c5ea59a3a81c2ffdcfc7029fe0ab078b39be0217f1ee2611101845014273b,contiguous_substring,intermediate,16,0.12934413114079113,35.00902167426215,0.013103066023323964,-1.6751782328287765,0.06272083568849263,-1.8005158216458732,-1.5498406440116799,0.0
selective_p1.0_r03,m027_contiguous_substring,6edfbfdb62fbf79744d4ecfb6fe43de95b2133d87a10f24061ecc84297b1c267,contiguous_substring,intermediate,16,0.12885378686047622,35.341195339626736,0.20681345986869695,-1.343004567464193,0.0644437830367496,-1.47178519181994,-1.214223943108446,0.0
selective_p1.0_r03,m028_contiguous_substring,6f9a04216ce84ed3a2ef19a2010723c498d866f2bb5d6eda67ea1bd16782bfd8,contiguous_substring,intermediate,64,0.20446203349375966,36.349047851562496,0.7945527281542881,-0.3351520555284281,0.06294980419438363,-0.46094720139380707,-0.20935690966304907,0.28125
selective_p1.0_r03,m029_contiguous_substring,8d4ddfbfac0226f6a695d6b22ee21fbf533251852e95baca71b09f7710bfb22c,contiguous_substring,intermediate,64,0.18868352118115705,35.678398301866316,0.4034567384668427,-1.00580160522461,0.06192398081570506,-1.12954680664291,-0.8820564038063099,0.015625
selective_p1.0_r03,m030_contiguous_substring,6ff19e1927dcafbb441ab0b4a0a61b92d1295d402f3277307a3f5b9d7850b98a,contiguous_substring,intermediate,64,0.19124459175175618,35.445339626736114,0.26754624207333344,-1.2388602803548174,0.060100948461401967,-1.3589624423091866,-1.1187581184004483,0.0
selective_p1.0_r03,m031_contiguous_substring,c824c782df91faee7515c9d811fab43ed5426465074d2e812a5277507d28ae96,contiguous_substring,intermediate,256,0.2359194938087403,36.47421196831597,0.8675434341604743,-0.2099879387749567,0.05995954338753582,-0.32980752523730095,-0.09016835231261246,0.34375
selective_p1.0_r03,m032_contiguous_substring,ef835eb9c371f618c6958654a7d25a1df1d12c09a53ecf66f9209fb882a8542d,contiguous_substring,intermediate,256,0.235222510577261,36.39063212076823,0.818803010478065,-0.2935677863226992,0.060125605487618444,-0.4137192214122147,-0.17341635123318372,0.203125
selective_p1.0_r03,m033_identity,2f88e9ce00d238e7e011a7b140b413dcad818f1da41a721f914f1af604d0e217,identity,identity,1024,0.26184383354763247,36.70134785970052,1.0,0.017147952609591677,0.0005726764520675405,0.016003550037678175,0.01829235518150518,1.0
selective_p1.0_r04,m000_constant,9f1dcbc35c350d6027f98be0f5c8b43b42ca52b7604459c0c42be3aa88913d47,constant,constant,1,-1.232595164407831e-32,37.39896681043837,0.0,-2.586946014404294,0.09435395492669917,-2.7754973478814913,-2.3983946809270966,0.0
selective_p1.0_r04,m001_balanced_random_group,74484e9508b33b029e993a9e9ccafe4f01d96055374e557f6aa5a37d25bd9c9f,balanced_random_group,intermediate,2,0.018365269671431633,37.32557983398438,-0.02808450825216747,-2.6603329908582882,0.09500803664296545,-2.8501914023472223,-2.470474579369354,0.0
selective_p1.0_r04,m002_balanced_random_group,e96a93c5fa6154fe18dcd30eb7bdbc3a6e3320a989da83ae67372a9adf58cbba,balanced_random_group,intermediate,4,0.027321374731952442,37.25747985839844,-0.05414573081138776,-2.728432966444225,0.10186631673986601,-2.9319965571027584,-2.5248693757856913,0.0
selective_p1.0_r04,m003_balanced_random_group,14f0105f9e20916e897f4df17fdec0d896085dd5f5320e129bc322820142f8a6,balanced_random_group,intermediate,8,0.048394939409944236,37.41319647894966,0.005445560807121093,-2.572716345893009,0.10446198087636745,-2.7814669574302804,-2.363965734355738,0.0
selective_p1.0_r04,m004_balanced_random_group,bb2ba2d5c103ddf6a98d341d94ebe51e88d622a6cb807898cdf9fd63b491a80f,balanced_random_group,intermediate,16,0.11395317753705166,38.17345445421007,0.29638916431371737,-1.8124583706325939,0.09980256160313108,-2.0118978757315547,-1.6130188655336333,0.0
selective_p1.0_r04,m005_balanced_random_group,c65bd191d1da1176a8030b84146455e1d1f9bf63bb8d4993a72ab07906c80b78,balanced_random_group,intermediate,32,0.16513679888674695,39.1819332546658,0.6823245517907052,-0.8039795701768654,0.0936245224362958,-0.991073249135458,-0.6168858912182728,0.078125
selective_p1.0_r04,m006_balanced_random_group,54146794238237c8e13f9205ac93004ce5acfdbc51f3cd9b991ee15e2a36f684,balanced_random_group,intermediate,64,0.22409676969693568,39.55966627332899,0.8268794386705822,-0.4262465515136692,0.07902031200729705,-0.5841560446804894,-0.26833705834684896,0.265625
selective_p1.0_r04,m007_balanced_random_group,e179435da112ea8d971ae26891de689741e68338ddf13a7241197cfbaded0b83,balanced_random_group,intermediate,128,0.24814905604492593,39.7744869656033,0.9090893047317178,-0.2114258592393633,0.06987790094836743,-0.3510657017307345,-0.07178601674799212,0.3125
selective_p1.0_r04,m008_balanced_random_group,e471d7c08820922fc6c21006a6b4685c49e9368d31cd4fbe021c3167456046e0,balanced_random_group,intermediate,256,0.2599598922042039,39.86376274956597,0.9432543107391568,-0.12215007527669075,0.08550387084881726,-0.2930159269363396,0.0487157763829581,0.453125
selective_p1.0_r04,m009_balanced_random_group,3394d1cdf22e9723777f99c632a137ebcd7b9bff50e9406fa9f5a34da26ac720,balanced_random_group,intermediate,512,0.2669682234932308,40.092123074001734,1.030645667161979,0.10621024915907229,0.07123055054591476,-0.03613264786290207,0.24855314618104665,0.546875
selective_p1.0_r04,m010_affinity_rank_group,3f53151fb2f814971fd6c0128c5c0b7afe1b5cb5257e46a1db18b8ebc9946d94,affinity_rank_group,intermediate,2,0.010762934504794925,37.287337917751735,-0.042719331267225436,-2.698574907090928,0.08776145130997187,-2.873952173314105,-2.523197640867751,0.0
selective_p1.0_r04,m011_affinity_rank_group,92e56b0f11cdce879476507882d715f1eecc12de134fc3982530e28ffd4eba29,affinity_rank_group,intermediate,4,0.04384026207456312,38.030813937717014,0.24180197519502697,-1.9550988871256485,0.09326152175118294,-2.1414671670982175,-1.7687306071530797,0.0
selective_p1.0_r04,m012_affinity_rank_group,0a19adabdd017fc722384804e89caf4ecf35837689486f63c24094087da5c2ba,affinity_rank_group,intermediate,8,0.06744568077031204,38.31824578179254,0.3517994486832005,-1.6676670430501273,0.0834357024230813,-1.8343999898958667,-1.5009340962043878,0.0
selective_p1.0_r04,m013_affinity_rank_group,d176c8d0ee881709b5af7061b49578d8041bef9dde73ceb9e47e4dd86f7ee987,affinity_rank_group,intermediate,16,0.13241917743287557,38.6484364827474,0.4781603360481362,-1.337476342095266,0.09385974827410143,-1.5250400823821941,-1.1499126018083379,0.046875
selective_p1.0_r04,m014_affinity_rank_group,a08bb91ec0e66d0b3afe5332032fd3fb6769016bc04c2710b5e01a8e599df454,affinity_rank_group,intermediate,32,0.17452855756108146,39.323667399088535,0.7365648808107983,-0.6622454257541223,0.08803768502219894,-0.8381747010036534,-0.4863161505045911,0.171875
selective_p1.0_r04,m015_affinity_rank_group,6ac4e014d135d7a7fbd4592fdf320f48570dc4bce5e1a5c2ca6054715b80f98a,affinity_rank_group,intermediate,64,0.2104594909452418,39.82623562282986,0.9288930309668371,-0.15967720201280156,0.07206909121495254,-0.3036957888502666,-0.01565861517533651,0.453125
selective_p1.0_r04,m016_affinity_rank_group,4c0d0a036a5c51abb14f88b143c35a9a2e7cecb590d4d0752b078fe3b59a18dd,affinity_rank_group,intermediate,128,0.23778761735443,39.94988335503472,0.9762118595010298,-0.036029469807941306,0.08969139907281226,-0.21526342889054925,0.14320448927466664,0.5
selective_p1.0_r04,m017_affinity_rank_group,cf78b05538711825e0795152b13c3d2c15b5cd16f89c1995f7b006d8bc57c6a2,affinity_rank_group,intermediate,256,0.250557355619649,40.10219896104601,1.0345016147226502,0.11628613620334538,0.0675086585913193,-0.01861915323087912,0.2511914256375699,0.59375
selective_p1.0_r04,m018_affinity_rank_group,24a6acb87a7364b0b1cbbe6fecc84df53e5243c78a06a6c6c4e7354b3e359435,affinity_rank_group,intermediate,512,0.26093714473257457,40.08297763400607,1.0271457929685117,0.09706480916341342,0.06956649100152079,-0.041952730205829875,0.23608234853265672,0.5625
selective_p1.0_r04,m019_contiguous_substring,16cfd655e57fba08a658c1d50e1fe5976b2f905eee09ec260833cfb2b49d6f38,contiguous_substring,intermediate,4,0.05149082469874636,37.07917310926649,-0.12238205296798987,-2.9067397155761707,0.07903975834806991,-3.064688069154161,-2.7487913619981805,0.0
selective_p1.0_r04,m020_contiguous_substring,6fb076d21f3b26febc2e6a328628b3ea581ce0709de4263bbe675d61bdb74942,contiguous_substring,intermediate,4,0.033326726047580815,37.699659898546,0.11507242732125936,-2.286252926296656,0.09504232644461028,-2.476179860486412,-2.0963259921069,0.0
selective_p1.0_r04,m021_contiguous_substring,3ac98b3bd2edbbfc3b4339ca0066047ccba8e1cfa0ce798acbd27bab5b87d8af,contiguous_substring,intermediate,4,0.03237107458995914,37.364661322699654,-0.013128388714809262,-2.62125150214301,0.09101409254421677,-2.803128653214853,-2.4393743510711667,0.0
selective_p1.0_r04,m022_contiguous_substring,fc015e86e4e7f2c734c05fb1135856a6186a7b6e6f3079acc6d6c6e4aa7442e4,contiguous_substring,intermediate,4,0.02859688140398968,37.249598863389764,-0.057161713756198586,-2.7363139614529053,0.0895165540861587,-2.915198520710027,-2.5574294021957837,0.0
selective_p1.0_r04,m023_contiguous_substring,6d8bb74bcdeefe62988bcebfe3cdb7110ea14648c3393721f4a4095032ddf61b,contiguous_substring,intermediate,4,0.04579282940412568,37.70440945095486,0.11689003652477205,-2.2815033738878014,0.09743845631618632,-2.4762185915450727,-2.08678815623053,0.0
selective_p1.0_r04,m024_contiguous_substring,94ab69bff5420fbcf4c18d7a247ef0e4b9577d1295271abf78a62f51c3b59a0f,contiguous_substring,intermediate,16,0.12753130886992292,38.17683241102431,0.29768187673503216,-1.8090804138183567,0.09065848233631729,-1.99024693459442,-1.6279138930422934,0.0
selective_p1.0_r04,m025_contiguous_substring,ae330f3e6dd51f734f790820a896827f916e8d775c69ea1f205c55aa81507fe0,contiguous_substring,intermediate,16,0.10930586099150792,38.164437527126736,0.29293847080762986,-1.821475297715927,0.09693002431008384,-2.0151744950822885,-1.6277761003495654,0.015625
selective_p1.0_r04,m026_contiguous_substring,5d3c5ea59a3a81c2ffdcfc7029fe0ab078b39be0217f1ee2611101845014273b,contiguous_substring,intermediate,16,0.1064802473335737,37.42391323513455,0.009546762982955948,-2.5619995897081145,0.07035372521829202,-2.7025902911291912,-2.4214088882870377,0.0
selective_p1.0_r04,m027_contiguous_substring,6edfbfdb62fbf79744d4ecfb6fe43de95b2133d87a10f24061ecc84297b1c267,contiguous_substring,intermediate,16,0.11118402585284205,38.63395792643229,0.4726195282105744,-1.3519548984103713,0.08930920084837224,-1.5304250952858014,-1.1734847015349412,0.03125
selective_p1.0_r04,m028_contiguous_substring,6f9a04216ce84ed3a2ef19a2010723c498d866f2bb5d6eda67ea1bd16782bfd8,contiguous_substring,intermediate,64,0.18999997481479686,38.62307908799913,0.4684562986770404,-1.3628337368435304,0.0937628644816041,-1.5502038703199978,-1.175463603367063,0.03125
selective_p1.0_r04,m029_contiguous_substring,8d4ddfbfac0226f6a695d6b22ee21fbf533251852e95baca71b09f7710bfb22c,contiguous_substring,intermediate,64,0.16765059098226323,39.117040676540796,0.6574907701864346,-0.8688721483018649,0.07470394072357524,-1.0181560617358514,-0.7195882348678783,0.0625
selective_p1.0_r04,m030_contiguous_substring,6ff19e1927dcafbb441ab0b4a0a61b92d1295d402f3277307a3f5b9d7850b98a,contiguous_substring,intermediate,64,0.16779905428603287,38.13395589192709,0.28127343462998017,-1.8519569329155792,0.07720120192574641,-2.0062312246551284,-1.6976826411760297,0.0
selective_p1.0_r04,m031_contiguous_substring,c824c782df91faee7515c9d811fab43ed5426465074d2e812a5277507d28ae96,contiguous_substring,intermediate,256,0.23833538087510034,39.85278896755642,0.9390547471885596,-0.1331238572862401,0.07413310350752181,-0.2812670435682075,0.015019328995727277,0.421875
selective_p1.0_r04,m032_contiguous_substring,ef835eb9c371f618c6958654a7d25a1df1d12c09a53ecf66f9209fb882a8542d,contiguous_substring,intermediate,256,0.23187304457194802,39.434732394748266,0.7790684139695503,-0.5511804300943999,0.08691486358774922,-0.7248659257494589,-0.3774949344393409,0.21875
selective_p1.0_r04,m033_identity,2f88e9ce00d238e7e011a7b140b413dcad818f1da41a721f914f1af604d0e217,identity,identity,1024,0.2694074738782655,40.012043592664924,1.0,0.0261307678222662,0.0009530702517848357,0.024226208898254113,0.028035326746278285,1.0
selective_p1.0_r05,m000_constant,9f1dcbc35c350d6027f98be0f5c8b43b42ca52b7604459c0c42be3aa88913d47,constant,constant,1,-1.232595164407831e-32,38.843880547417534,0.0,-1.311137023925784,0.06745821120309667,-1.4459415022988589,-1.1763325455527092,0.015625
selective_p1.0_r05,m001_balanced_random_group,74484e9508b33b029e993a9e9ccafe4f01d96055374e557f6aa5a37d25bd9c9f,balanced_random_group,intermediate,2,0.0054100488258363635,38.863438585069446,0.014767684019339125,-1.2915789862738725,0.07146863165329115,-1.4343976504251252,-1.1487603221226197,0.015625
selective_p1.0_r05,m002_balanced_random_group,e96a93c5fa6154fe18dcd30eb7bdbc3a6e3320a989da83ae67372a9adf58cbba,balanced_random_group,intermediate,4,0.03329851370888647,38.991903686523436,0.11176780537862235,-1.1631138848198803,0.08332178802957979,-1.329619191914709,-0.9966085777250516,0.046875
selective_p1.0_r05,m003_balanced_random_group,14f0105f9e20916e897f4df17fdec0d896085dd5f5320e129bc322820142f8a6,balanced_random_group,intermediate,8,0.048781694228425,39.14893324110243,0.23033608329035965,-1.006084330240887,0.07432526410637848,-1.1546115188382249,-0.8575571416435493,0.03125
selective_p1.0_r05,m004_balanced_random_group,bb2ba2d5c103ddf6a98d341d94ebe51e88d622a6cb807898cdf9fd63b491a80f,balanced_random_group,intermediate,16,0.1251373759045673,39.327628241644966,0.3652632856413536,-0.8273893296983521,0.08039208761930178,-0.9880400976858825,-0.6667385617108217,0.109375
selective_p1.0_r05,m005_balanced_random_group,c65bd191d1da1176a8030b84146455e1d1f9bf63bb8d4993a72ab07906c80b78,balanced_random_group,intermediate,32,0.1688159886618998,39.60205790201823,0.5724768406030286,-0.5529596693250881,0.07246656309531935,-0.6977725403356021,-0.4081467983145741,0.171875
selective_p1.0_r05,m006_balanced_random_group,54146794238237c8e13f9205ac93004ce5acfdbc51f3cd9b991ee15e2a36f684,balanced_random_group,intermediate,64,0.19020868401154084,39.42772386338976,0.44084246899065505,-0.7272937079535611,0.06524232131212655,-0.8576700837197486,-0.5969173321873735,0.078125
selective_p1.0_r05,m007_balanced_random_group,e179435da112ea8d971ae26891de689741e68338ddf13a7241197cfbaded0b83,balanced_random_group,intermediate,128,0.2248979047290827,39.73988037109375,0.6765424278718725,-0.41513720024956857,0.0763230895878502,-0.5676567245034123,-0.2626176759957249,0.25
selective_p1.0_r05,m008_balanced_random_group,e471d7c08820922fc6c21006a6b4685c49e9368d31cd4fbe021c3167456046e0,balanced_random_group,intermediate,256,0.23441623310406062,39.9187255859375,0.8115830525086297,-0.23629198540581697,0.06232212419463941,-0.3608328128799777,-0.11175115793165626,0.328125
selective_p1.0_r05,m009_balanced_random_group,3394d1cdf22e9723777f99c632a137ebcd7b9bff50e9406fa9f5a34da26ac720,balanced_random_group,intermediate,512,0.24405943759740806,40.07969394259983,0.9331254010105109,-0.07532362874349119,0.0534910403350129,-0.18221694330655971,0.03156968581957734,0.4375
selective_p1.0_r05,m010_affinity_rank_group,3f53151fb2f814971fd6c0128c5c0b7afe1b5cb5257e46a1db18b8ebc9946d94,affinity_rank_group,intermediate,2,0.027040620792165283,39.052803887261284,0.15775170914326972,-1.1022136840820336,0.07682342771536542,-1.2557330543010599,-0.9486943138630073,0.03125
selective_p1.0_r05,m011_affinity_rank_group,92e56b0f11cdce879476507882d715f1eecc12de134fc3982530e28ffd4eba29,affinity_rank_group,intermediate,4,0.04294978511542321,39.210689290364584,0.2769662124483911,-0.944328280978735,0.07634102541006622,-1.0968836471132763,-0.7917729148441937,0.046875
selective_p1.0_r05,m012_affinity_rank_group,0a19adabdd017fc722384804e89caf4ecf35837689486f63c24094087da5c2ba,affinity_rank_group,intermediate,8,0.08214198527601557,39.24502970377604,0.3028956223094204,-0.9099878675672758,0.08148768309748805,-1.0728280084170683,-0.7471477267174833,0.09375
selective_p1.0_r05,m013_affinity_rank_group,d176c8d0ee881709b5af7061b49578d8041bef9dde73ceb9e47e4dd86f7ee987,affinity_rank_group,intermediate,16,0.11961298289154014,39.46607937282986,0.469803556697572,-0.6889381985134577,0.07744702601543334,-0.8437037304977567,-0.5341726665291587,0.125
selective_p1.0_r05,m014_affinity_rank_group,a08bb91ec0e66d0b3afe5332032fd3fb6769016bc04c2710b5e01a8e599df454,affinity_rank_group,intermediate,32,0.17182044784537595,40.063858371310765,0.9211684390072296,-0.0911592000325544,0.08282068245514883,-0.25666312754191456,0.07434472747680573,0.5
selective_p1.0_r05,m015_affinity_rank_group,6ac4e014d135d7a7fbd4592fdf320f48570dc4bce5e1a5c2ca6054715b80f98a,affinity_rank_group,intermediate,64,0.21360870915424474,40.21233317057292,1.0332772793398874,0.057315599229598946,0.06497790626014112,-0.0725323852181533,0.1871635836773512,0.53125
selective_p1.0_r05,m016_affinity_rank_group,4c0d0a036a5c51abb14f88b143c35a9a2e7cecb590d4d0752b078fe3b59a18dd,affinity_rank_group,intermediate,128,0.22955315271331977,40.21641370985243,1.0363583714095956,0.061396138509113074,0.06806199579772274,-0.07461490709835258,0.19740718411657873,0.546875
selective_p1.0_r05,m017_affinity_rank_group,cf78b05538711825e0795152b13c3d2c15b5cd16f89c1995f7b006d8bc57c6a2,affinity_rank_group,intermediate,256,0.23260755622997376,40.18217637803819,1.0105067953518856,0.027158806694878024,0.06238957357761709,-0.097516807615855,0.15183442100561106,0.5625
selective_p1.0_r05,m018_affinity_rank_group,24a6acb87a7364b0b1cbbe6fecc84df53e5243c78a06a6c6c4e7354b3e359435,affinity_rank_group,intermediate,512,0.2436017034150183,40.15226101345486,0.9879186063243027,-0.0027565578884565234,0.051649780713084785,-0.10597040869971967,0.10045729292280663,0.515625
selective_p1.0_r05,m019_contiguous_substring,16cfd655e57fba08a658c1d50e1fe5976b2f905eee09ec260833cfb2b49d6f38,contiguous_substring,intermediate,4,0.025493760052069835,38.83473951551649,-0.006902117335485129,-1.3202780558268248,0.06543630718603172,-1.4510420814295133,-1.1895140302241363,0.0
selective_p1.0_r05,m020_contiguous_substring,6fb076d21f3b26febc2e6a328628b3ea581ce0709de4263bbe675d61bdb74942,contiguous_substring,intermediate,4,0.022236084200278994,38.76741570366754,-0.05773629600195071,-1.3876018676757829,0.07647416559275494,-1.5404232932352298,-1.234780442116336,0.0
selective_p1.0_r05,m021_contiguous_substring,3ac98b3bd2edbbfc3b4339ca0066047ccba8e1cfa0ce798acbd27bab5b87d8af,contiguous_substring,intermediate,4,0.028834160022616923,38.95342000325521,0.08270993748204797,-1.2015975680881095,0.06879621577117144,-1.3390758352356462,-1.0641193009405727,0.0
selective_p1.0_r05,m022_contiguous_substring,fc015e86e4e7f2c734c05fb1135856a6186a7b6e6f3079acc6d6c6e4aa7442e4,contiguous_substring,intermediate,4,0.03168333143645482,39.229849243164054,0.2914333146088352,-0.9251683281792551,0.08770348313130717,-1.1004297542408301,-0.7499069021176801,0.078125
selective_p1.0_r05,m023_contiguous_substring,6d8bb74bcdeefe62988bcebfe3cdb7110ea14648c3393721f4a4095032ddf61b,contiguous_substring,intermediate,4,0.02248297586376483,38.814429728190106,-0.022237424848132403,-1.340587843153214,0.08145469800449845,-1.5033620685543867,-1.1778136177520415,0.03125
selective_p1.0_r05,m024_contiguous_substring,94ab69bff5420fbcf4c18d7a247ef0e4b9577d1295271abf78a62f51c3b59a0f,contiguous_substring,intermediate,16,0.09842945971243003,38.75261637369792,-0.06891082345603378,-1.4024011976454012,0.08448514794232559,-1.571231294019413,-1.2335711012713892,0.015625
selective_p1.0_r05,m025_contiguous_substring,ae330f3e6dd51f734f790820a896827f916e8d775c69ea1f205c55aa81507fe0,contiguous_substring,intermediate,16,0.10403985878897294,38.88670925564236,0.03233866511954776,-1.2683083157009567,0.08011550577012387,-1.4284063789659496,-1.1082102524359638,0.03125
selective_p1.0_r05,m026_contiguous_substring,5d3c5ea59a3a81c2ffdcfc7029fe0ab078b39be0217f1ee2611101845014273b,contiguous_substring,intermediate,16,0.09190759763349599,39.02928331163194,0.1399920322764484,-1.1257342597113738,0.0782688555621784,-1.282142086997975,-0.9693264324247727,0.015625
selective_p1.0_r05,m027_contiguous_substring,6edfbfdb62fbf79744d4ecfb6fe43de95b2133d87a10f24061ecc84297b1c267,contiguous_substring,intermediate,16,0.10506233201248888,39.46931932237413,0.4722499448250512,-0.6856982489691857,0.0711111149085434,-0.827802472914779,-0.5435940250235924,0.0625
selective_p1.0_r05,m028_contiguous_substring,6f9a04216ce84ed3a2ef19a2010723c498d866f2bb5d6eda67ea1bd16782bfd8,contiguous_substring,intermediate,64,0.1868242400640349,39.7959950764974,0.7189129485236935,-0.3590224948459232,0.062289206903038734,-0.4834975423617283,-0.23454744733011806,0.21875
selective_p1.0_r05,m029_contiguous_substring,8d4ddfbfac0226f6a695d6b22ee21fbf533251852e95baca71b09f7710bfb22c,contiguous_substring,intermediate,64,0.17138433481645282,39.757407633463544,0.6897767347592971,-0.3976099378797763,0.07148172003768177,-0.540454757080193,-0.2547651186793596,0.25
selective_p1.0_r05,m030_contiguous_substring,6ff19e1927dcafbb441ab0b4a0a61b92d1295d402f3277307a3f5b9d7850b98a,contiguous_substring,intermediate,64,0.17175752071833394,39.62921651204427,0.5929834874562133,-0.5258010592990463,0.07097474179555782,-0.6676327633240509,-0.38396935527404175,0.1875
selective_p1.0_r05,m031_contiguous_substring,c824c782df91faee7515c9d811fab43ed5426465074d2e812a5277507d28ae96,contiguous_substring,intermediate,256,0.22113338557907933,40.132297092013886,0.9728444517043774,-0.02272047932942889,0.070723136495907,-0.1640493902834281,0.11860843162457033,0.484375
selective_p1.0_r05,m032_contiguous_substring,ef835eb9c371f618c6958654a7d25a1df1d12c09a53ecf66f9209fb882a8542d,contiguous_substring,intermediate,256,0.21362627436252263,40.050635782877606,0.9111844615052958,-0.10438178846571355,0.06395153597024926,-0.23217873555153615,0.02341515862010904,0.421875
selective_p1.0_r05,m033_identity,2f88e9ce00d238e7e011a7b140b413dcad818f1da41a721f914f1af604d0e217,identity,identity,1024,0.24588743567353888,40.1682613796658,1.0,0.01324380832248273,0.0006813960727585344,0.011882146924774939,0.014605469720190523,0.984375
selective_p1.0_r06,m000_constant,9f1dcbc35c350d6027f98be0f5c8b43b42ca52b7604459c0c42be3aa88913d47,constant,constant,1,-1.232595164407831e-32,35.87410074869792,0.0,-2.508051361083985,0.04275312646236446,-2.593486667013244,-2.422616055154726,0.0
selective_p1.0_r06,m001_balanced_random_group,74484e9508b33b029e993a9e9ccafe4f01d96055374e557f6aa5a37d25bd9c9f,balanced_random_group,intermediate,2,0.014174617263006546,35.9547614203559,0.031839086782851196,-2.427390689425998,0.054059943331106475,-2.535420865910922,-2.319360512941074,0.0
selective_p1.0_r06,m002_balanced_random_group,e96a93c5fa6154fe18dcd30eb7bdbc3a6e3320a989da83ae67372a9adf58cbba,balanced_random_group,intermediate,4,0.05451970977464231,36.01226026746962,0.05453553531888939,-2.3698918423122826,0.06679183381700603,-2.5033646717381135,-2.2364190128864516,0.0
selective_p1.0_r06,m003_balanced_random_group,14f0105f9e20916e897f4df17fdec0d896085dd5f5320e129bc322820142f8a6,balanced_random_group,intermediate,8,0.07455716902804142,36.43079325358073,0.21974254131533663,-1.9513588562011717,0.05324612898118087,-2.057762754476554,-1.8449549579257893,0.0
selective_p1.0_r06,m004_balanced_random_group,bb2ba2d5c103ddf6a98d341d94ebe51e88d622a6cb807898cdf9fd63b491a80f,balanced_random_group,intermediate,16,0.13328231433458843,37.010567559136284,0.4485961331540318,-1.3715845506456166,0.05811918717256167,-1.487726478670898,-1.2554426226203352,0.015625
selective_p1.0_r06,m005_balanced_random_group,c65bd191d1da1176a8030b84146455e1d1f9bf63bb8d4993a72ab07906c80b78,balanced_random_group,intermediate,32,0.167382827692774,37.432683308919266,0.6152173590066548,-0.9494688008626304,0.049887298523039574,-1.0491606120580554,-0.8497769896672054,0.015625
selective_p1.0_r06,m006_balanced_random_group,54146794238237c8e13f9205ac93004ce5acfdbc51f3cd9b991ee15e2a36f684,balanced_random_group,intermediate,64,0.20227277147729122,37.68425462510851,0.7145197923187492,-0.6978974846733951,0.050861325911115474,-0.7995357342879378,-0.5962592350588524,0.03125
selective_p1.0_r06,m007_balanced_random_group,e179435da112ea8d971ae26891de689741e68338ddf13a7241197cfbaded0b83,balanced_random_group,intermediate,128,0.22289045065853444,37.932644314236114,0.8125663459308129,-0.44950779554578935,0.041991542662049575,-0.5334211976903523,-0.36559439340122635,0.0625
selective_p1.0_r06,m008_balanced_random_group,e471d7c08820922fc6c21006a6b4685c49e9368d31cd4fbe021c3167456046e0,balanced_random_group,intermediate,256,0.2309752967476381,38.41729770236546,1.003872976127046,0.035145592583550433,0.044383021834103475,-0.053546799347121796,0.12383798451422266,0.546875
selective_p1.0_r06,m009_balanced_random_group,3394d1cdf22e9723777f99c632a137ebcd7b9bff50e9406fa9f5a34da26ac720,balanced_random_group,intermediate,512,0.2375556138701307,38.41450330946181,1.0027699488854425,0.03235119967990496,0.034350973608453704,-0.03629374355692806,0.10099614291673799,0.578125
selective_p1.0_r06,m010_affinity_rank_group,3f53151fb2f814971fd6c0128c5c0b7afe1b5cb5257e46a1db18b8ebc9946d94,affinity_rank_group,intermediate,2,0.012855644807960935,36.176155259874136,0.11922960219411587,-2.205996849907769,0.05395570483474824,-2.3138187223793287,-2.098174977436209,0.0
selective_p1.0_r06,m011_affinity_rank_group,92e56b0f11cdce879476507882d715f1eecc12de134fc3982530e28ffd4eba29,affinity_rank_group,intermediate,4,0.034511907676393914,36.11241590711806,0.09406984661349657,-2.269736202663844,0.05020438352739381,-2.3700616576788955,-2.1694107476487923,0.0
selective_p1.0_r06,m012_affinity_rank_group,0a19adabdd017fc722384804e89caf4ecf35837689486f63c24094087da5c2ba,affinity_rank_group,intermediate,8,0.06911014304197453,35.968156263563365,0.03712641661235622,-2.4139958462185334,0.06056396308220525,-2.5350232690614334,-2.2929684233756333,0.0
selective_p1.0_r06,m013_affinity_rank_group,d176c8d0ee881709b5af7061b49578d8041bef9dde73ceb9e47e4dd86f7ee987,affinity_rank_group,intermediate,16,0.1302464887781967,36.84489983452691,0.3832023178964402,-1.5372522752549904,0.0539220986550603,-1.6450069911352005,-1.4294975593747803,0.0
selective_p1.0_r06,m014_affinity_rank_group,a08bb91ec0e66d0b3afe5332032fd3fb6769016bc04c2710b5e01a8e599df454,affinity_rank_group,intermediate,32,0.16092331832309295,37.373299492730034,0.5917768589676401,-1.008852617051867,0.05354047853367177,-1.1158447259716648,-0.9018605081320693,0.015625
selective_p1.0_r06,m015_affinity_rank_group,6ac4e014d135d7a7fbd4592fdf320f48570dc4bce5e1a5c2ca6054715b80f98a,affinity_rank_group,intermediate,64,0.21358201682570996,37.89815368652344,0.7989519032741097,-0.48399842325846465,0.04598771726933055,-0.5758975431357491,-0.3920993033811802,0.109375
selective_p1.0_r06,m016_affinity_rank_group,4c0d0a036a5c51abb14f88b143c35a9a2e7cecb590d4d0752b078fe3b59a18dd,affinity_rank_group,intermediate,128,0.2271373255968803,38.2845713297526,0.9514820598461534,-0.09758078002929826,0.048268146356741454,-0.19403697380629953,-0.0011245862522970135,0.453125
selective_p1.0_r06,m017_affinity_rank_group,cf78b05538711825e0795152b13c3d2c15b5cd16f89c1995f7b006d8bc57c6a2,affinity_rank_group,intermediate,256,0.2331373212779052,38.4138414171007,1.0025086809354855,0.031689307318793714,0.04365891769873867,-0.055556077961172096,0.11893469259875952,0.5625
selective_p1.0_r06,m018_affinity_rank_group,24a6acb87a7364b0b1cbbe6fecc84df53e5243c78a06a6c6c4e7354b3e359435,affinity_rank_group,intermediate,512,0.2368927782830663,38.37569681803386,0.9874519107025784,-0.006455291748047154,0.045555149576318045,-0.09748999406700005,0.08457941057090575,0.59375
selective_p1.0_r06,m019_contiguous_substring,16cfd655e57fba08a658c1d50e1fe5976b2f905eee09ec260833cfb2b49d6f38,contiguous_substring,intermediate,4,0.04449075843417102,36.08999464246962,0.08521952865494999,-2.292157467312284,0.04796225422041927,-2.3880023844316343,-2.1963125501929337,0.0
selective_p1.0_r06,m020_contiguous_substring,6fb076d21f3b26febc2e6a328628b3ea581ce0709de4263bbe675d61bdb74942,contiguous_substring,intermediate,4,0.04547303732102499,36.840146213107644,0.38132592681526145,-1.5420058966742616,0.055376169142199366,-1.6526663405606046,-1.4313454527879186,0.0
selective_p1.0_r06,m021_contiguous_substring,3ac98b3bd2edbbfc3b4339ca0066047ccba8e1cfa0ce798acbd27bab5b87d8af,contiguous_substring,intermediate,4,0.037781225352904235,36.354550509982644,0.1896473377906834,-2.0276015997992616,0.05045923206756714,-2.1284363289843435,-1.9267668706141794,0.0
selective_p1.0_r06,m022_contiguous_substring,fc015e86e4e7f2c734c05fb1135856a6186a7b6e6f3079acc6d6c6e4aa7442e4,contiguous_substring,intermediate,4,0.03781021066704916,35.98959181043836,0.045587643417964924,-2.392560299343534,0.051763501217046634,-2.49600140244838,-2.289119196238688,0.0
selective_p1.0_r06,m023_contiguous_substring,6d8bb74bcdeefe62988bcebfe3cdb7110ea14648c3393721f4a4095032ddf61b,contiguous_substring,intermediate,4,0.03920114999796262,36.38954264322916,0.20345973910414017,-1.9926094665527354,0.06249598235910708,-2.1174977218456,-1.8677212112598707,0.0
selective_p1.0_r06,m024_contiguous_substring,94ab69bff5420fbcf4c18d7a247ef0e4b9577d1295271abf78a62f51c3b59a0f,contiguous_substring,intermediate,16,0.11711482670436961,36.96790669759115,0.4317566642400331,-1.4142454121907546,0.05011806393333224,-1.5143983712613789,-1.3140924531201303,0.0
selective_p1.0_r06,m025_contiguous_substring,ae330f3e6dd51f734f790820a896827f916e8d775c69ea1f205c55aa81507fe0,contiguous_substring,intermediate,16,0.11317964963509468,37.173585679796005,0.5129440735340774,-1.2085664299858947,0.053556415804795414,-1.315590387000716,-1.1015424729710734,0.0
selective_p1.0_r06,m026_contiguous_substring,5d3c5ea59a3a81c2ffdcfc7029fe0ab078b39be0217f1ee2611101845014273b,contiguous_substring,intermediate,16,0.09913809078363406,36.854514567057294,0.38699752933140963,-1.5276375427246092,0.06791752868361288,-1.6633598938408882,-1.39191519160833,0.0
selective_p1.0_r06,m027_contiguous_substring,6edfbfdb62fbf79744d4ecfb6fe43de95b2133d87a10f24061ecc84297b1c267,contiguous_substring,intermediate,16,0.10752280564262653,37.0809566921658,0.47638074824624504,-1.3011954176161016,0.05387205635375533,-1.408850131936773,-1.1935407032954302,0.0
selective_p1.0_r06,m028_contiguous_substring,6f9a04216ce84ed3a2ef19a2010723c498d866f2bb5d6eda67ea1bd16782bfd8,contiguous_substring,intermediate,64,0.17854823450579974,37.77094184027778,0.7487377291398221,-0.6112102695041235,0.04218746163344288,-0.6955151844722707,-0.5269053545359763,0.03125
selective_p1.0_r06,m029_contiguous_substring,8d4ddfbfac0226f6a695d6b22ee21fbf533251852e95baca71b09f7710bfb22c,contiguous_substring,intermediate,64,0.17055964489466044,37.59620632595486,0.6797645965063166,-0.7859457838270408,0.04714196607157822,-0.8801514858820129,-0.6917400817720688,0.0
selective_p1.0_r06,m030_contiguous_substring,6ff19e1927dcafbb441ab0b4a0a61b92d1295d402f3277307a3f5b9d7850b98a,contiguous_substring,intermediate,64,0.16886255402617398,37.64921569824219,0.7006889202178425,-0.7329364115397135,0.05794747462041368,-0.8487351994103778,-0.6171376236690491,0.046875
selective_p1.0_r06,m031_contiguous_substring,c824c782df91faee7515c9d811fab43ed5426465074d2e812a5277507d28ae96,contiguous_substring,intermediate,256,0.21475294419652133,38.103945583767356,0.880183883381335,-0.27820652601453943,0.04547065195952333,-0.36907237332010506,-0.1873406787089738,0.1875
selective_p1.0_r06,m032_contiguous_substring,ef835eb9c371f618c6958654a7d25a1df1d12c09a53ecf66f9209fb882a8542d,contiguous_substring,intermediate,256,0.20886727187590887,38.05940823025174,0.8626037091215055,-0.32274387953016437,0.055814277688280615,-0.43427981348616634,-0.2112079455741624,0.21875
selective_p1.0_r06,m033_identity,2f88e9ce00d238e7e011a7b140b413dcad818f1da41a721f914f1af604d0e217,identity,identity,1024,0.23781476897801435,38.40748596191406,1.0,0.025333852132161216,0.000431849762246134,0.024470869243986823,0.02619683502033561,1.0
selective_p1.0_r07,m000_constant,9f1dcbc35c350d6027f98be0f5c8b43b42ca52b7604459c0c42be3aa88913d47,constant,constant,1,-2.465190328815662e-32,36.225457763671876,0.0,-0.9721122436523421,0.04677029195023663,-1.0655752142420314,-0.8786492730626527,0.0
selective_p1.0_r07,m001_balanced_random_group,74484e9508b33b029e993a9e9ccafe4f01d96055374e557f6aa5a37d25bd9c9f,balanced_random_group,intermediate,2,0.009899254924772201,36.27960984971788,0.055148534066520004,-0.917960157606337,0.03797467576691348,-0.99384649178044,-0.8420738234322339,0.0
selective_p1.0_r07,m002_balanced_random_group,e96a93c5fa6154fe18dcd30eb7bdbc3a6e3320a989da83ae67372a9adf58cbba,balanced_random_group,intermediate,4,0.047063894373876466,36.07865397135417,-0.1495051166606891,-1.1189160359700514,0.04000465307046714,-1.1988589560902427,-1.03897311584986,0.0
selective_p1.0_r07,m003_balanced_random_group,14f0105f9e20916e897f4df17fdec0d896085dd5f5320e129bc322820142f8a6,balanced_random_group,intermediate,8,0.07026468844614099,36.22236022949219,-0.0031545316478776048,-0.9752097778320307,0.04434026000000176,-1.063816717055945,-0.8866028386081164,0.0
selective_p1.0_r07,m004_balanced_random_group,bb2ba2d5c103ddf6a98d341d94ebe51e88d622a6cb807898cdf9fd63b491a80f,balanced_random_group,intermediate,16,0.13229769300662964,37.123468695746524,0.9145351563660017,-0.07410131157769073,0.04442044520099265,-0.1628684881396552,0.01466586498427376,0.4375
selective_p1.0_r07,m005_balanced_random_group,c65bd191d1da1176a8030b84146455e1d1f9bf63bb8d4993a72ab07906c80b78,balanced_random_group,intermediate,32,0.16206376060064467,36.391774495442704,0.16937711208583833,-0.8057955118815097,0.032360293143463954,-0.8704623976379496,-0.7411286261250697,0.0
selective_p1.0_r07,m006_balanced_random_group,54146794238237c8e13f9205ac93004ce5acfdbc51f3cd9b991ee15e2a36f684,balanced_random_group,intermediate,64,0.20568574236895606,36.557394409179686,0.33804458404728693,-0.6401755981445304,0.041590210140908385,-0.7232870012410649,-0.5570641950479959,0.015625
selective_p1.0_r07,m007_balanced_random_group,e179435da112ea8d971ae26891de689741e68338ddf13a7241197cfbaded0b83,balanced_random_group,intermediate,128,0.2267643116614464,36.99085930718316,0.7794856334997062,-0.2067107001410573,0.040149469170600825,-0.2869430121453555,-0.1264783881367591,0.296875
selective_p1.0_r07,m008_balanced_random_group,e471d7c08820922fc6c21006a6b4685c49e9368d31cd4fbe021c3167456046e0,balanced_random_group,intermediate,256,0.24567924304892189,37.238985866970495,1.032177949426666,0.041415859646268594,0.046522292840817756,-0.05155152426855994,0.13438324356109713,0.578125
selective_p1.0_r07,m009_balanced_random_group,3394d1cdf22e9723777f99c632a137ebcd7b9bff50e9406fa9f5a34da26ac720,balanced_random_group,intermediate,512,0.25321392382511376,37.27114902072482,1.0649329346916905,0.07357901340060957,0.03622393196319296,0.0011912615490481532,0.145966765252171,0.65625
selective_p1.0_r07,m010_affinity_rank_group,3f53151fb2f814971fd6c0128c5c0b7afe1b5cb5257e46a1db18b8ebc9946d94,affinity_rank_group,intermediate,2,0.005381016022115376,36.3415771484375,0.1182560878834905,-0.8559928588867174,0.04135929809847374,-0.9386428210870985,-0.7733428966863363,0.0
selective_p1.0_r07,m011_affinity_rank_group,92e56b0f11cdce879476507882d715f1eecc12de134fc3982530e28ffd4eba29,affinity_rank_group,intermediate,4,0.03479303134531644,36.489220174153644,0.26861588060641245,-0.7083498331705717,0.04822493776026929,-0.8047196814574571,-0.6119799848836862,0.046875
selective_p1.0_r07,m012_affinity_rank_group,0a19adabdd017fc722384804e89caf4ecf35837689486f63c24094087da5c2ba,affinity_rank_group,intermediate,8,0.07025714272456807,36.414594862196175,0.19261739450534085,-0.7829751451280383,0.042475711283963,-0.8678560810591873,-0.6980942091968894,0.015625
selective_p1.0_r07,m013_affinity_rank_group,d176c8d0ee881709b5af7061b49578d8041bef9dde73ceb9e47e4dd86f7ee987,affinity_rank_group,intermediate,16,0.1105845414916797,35.953939480251734,-0.2765144687160974,-1.2436305270724815,0.04743990933135315,-1.3384316212228324,-1.1488294329221305,0.0
selective_p1.0_r07,m014_affinity_rank_group,a08bb91ec0e66d0b3afe5332032fd3fb6769016bc04c2710b5e01a8e599df454,affinity_rank_group,intermediate,32,0.16181275821677737,36.08787909613716,-0.14011024112569612,-1.1096909111870654,0.04052369614044256,-1.190671056117303,-1.0287107662568278,0.0
selective_p1.0_r07,m015_affinity_rank_group,6ac4e014d135d7a7fbd4592fdf320f48570dc4bce5e1a5c2ca6054715b80f98a,affinity_rank_group,intermediate,64,0.19131588186616671,36.314820014105905,0.09100659775387754,-0.882749993218315,0.034067088925151666,-0.9508276381831049,-0.8146723482535252,0.0
selective_p1.0_r07,m016_affinity_rank_group,4c0d0a036a5c51abb14f88b143c35a9a2e7cecb590d4d0752b078fe3b59a18dd,affinity_rank_group,intermediate,128,0.21808471481169678,36.31802198621962,0.09426748908949903,-0.8795480211045995,0.04087596697219252,-0.9612321231198706,-0.7978639190893284,0.0
selective_p1.0_r07,m017_affinity_rank_group,cf78b05538711825e0795152b13c3d2c15b5cd16f89c1995f7b006d8bc57c6a2,affinity_rank_group,intermediate,256,0.23637900403392156,36.456947835286456,0.23574970112236748,-0.7406221720377597,0.03781409316049004,-0.8161876074790232,-0.6650567365964962,0.015625
selective_p1.0_r07,m018_affinity_rank_group,24a6acb87a7364b0b1cbbe6fecc84df53e5243c78a06a6c6c4e7354b3e359435,affinity_rank_group,intermediate,512,0.25547521315983124,37.203960503472224,0.996508087134829,0.0063904961480051314,0.03747084993231737,-0.06848902243445523,0.0812700147304655,0.484375
selective_p1.0_r07,m019_contiguous_substring,16cfd655e57fba08a658c1d50e1fe5976b2f905eee09ec260833cfb2b49d6f38,contiguous_substring,intermediate,4,0.044500119331974064,36.0289805094401,-0.2000926158060188,-1.1685894978841143,0.03786207472440424,-1.2442508168298412,-1.0929281789383873,0.0
selective_p1.0_r07,m020_contiguous_substring,6fb076d21f3b26febc2e6a328628b3ea581ce0709de4263bbe675d61bdb74942,contiguous_substring,intermediate,4,0.03811217931278458,36.680631171332465,0.46354901558583583,-0.5169388359917526,0.0450419587183472,-0.6069480082131714,-0.4269296637703338,0.09375
selective_p1.0_r07,m021_contiguous_substring,3ac98b3bd2edbbfc3b4339ca0066047ccba8e1cfa0ce798acbd27bab5b87d8af,contiguous_substring,intermediate,4,0.040973578550455886,36.64457838270399,0.42683282259963357,-0.5529916246202251,0.03908992543940738,-0.6311066074299058,-0.47487664181054445,0.046875
selective_p1.0_r07,m022_contiguous_substring,fc015e86e4e7f2c734c05fb1135856a6186a7b6e6f3079acc6d6c6e4aa7442e4,contiguous_substring,intermediate,4,0.04584839861319721,36.14881998697916,-0.07804798203212451,-1.048750020345051,0.04470485130020766,-1.138085537145617,-0.959414503544485,0.0
selective_p1.0_r07,m023_contiguous_substring,6d8bb74bcdeefe62988bcebfe3cdb7110ea14648c3393721f4a4095032ddf61b,contiguous_substring,intermediate,4,0.03723103313326873,36.400049167209204,0.17780404539763087,-0.797520840115016,0.042810036728769554,-0.8830698721369182,-0.7119718080931138,0.0
selective_p1.0_r07,m024_contiguous_substring,94ab69bff5420fbcf4c18d7a247ef0e4b9577d1295271abf78a62f51c3b59a0f,contiguous_substring,intermediate,16,0.12008279129862753,35.96162312825521,-0.26868943454631466,-1.2359468790690102,0.04103289933793184,-1.317944585393172,-1.1539491727448485,0.0
selective_p1.0_r07,m025_contiguous_substring,ae330f3e6dd51f734f790820a896827f916e8d775c69ea1f205c55aa81507fe0,contiguous_substring,intermediate,16,0.13041610824290342,37.52595960828994,1.3244322706343028,0.32838960096571335,0.03652839077256012,0.25539343673186593,0.40138576519956076,0.859375
selective_p1.0_r07,m026_contiguous_substring,5d3c5ea59a3a81c2ffdcfc7029fe0ab078b39be0217f1ee2611101845014273b,contiguous_substring,intermediate,16,0.12421847697543598,37.23507181803385,1.0281918784018653,0.037501810709636985,0.04538663957044882,-0.05319615123276704,0.12819977265204102,0.546875
selective_p1.0_r07,m027_contiguous_substring,6edfbfdb62fbf79744d4ecfb6fe43de95b2133d87a10f24061ecc84297b1c267,contiguous_substring,intermediate,16,0.12993870457289627,36.58991970486112,0.3711683749828246,-0.6076503024631073,0.04669233202794527,-0.70095748257939,-0.5143431223468246,0.03125
selective_p1.0_r07,m028_contiguous_substring,6f9a04216ce84ed3a2ef19a2010723c498d866f2bb5d6eda67ea1bd16782bfd8,contiguous_substring,intermediate,64,0.21289535312884808,36.97312147352431,0.7614214074425549,-0.22444853379991248,0.039034341311350404,-0.3024524405929762,-0.14644462700684874,0.203125
selective_p1.0_r07,m029_contiguous_substring,8d4ddfbfac0226f6a695d6b22ee21fbf533251852e95baca71b09f7710bfb22c,contiguous_substring,intermediate,64,0.21008494096890584,37.175216335720485,0.9672350003487739,-0.022353671603731473,0.042064653955550736,-0.10641317501021397,0.06170583180275102,0.46875
selective_p1.0_r07,m030_contiguous_substring,6ff19e1927dcafbb441ab0b4a0a61b92d1295d402f3277307a3f5b9d7850b98a,contiguous_substring,intermediate,64,0.21332889910620825,37.205260552300345,0.9978320580530472,0.00769054497612931,0.04062438851545936,-0.0734908176094271,0.08887190756168573,0.515625
selective_p1.0_r07,m031_contiguous_substring,c824c782df91faee7515c9d811fab43ed5426465074d2e812a5277507d28ae96,contiguous_substring,intermediate,256,0.2398025252026022,37.00592142740886,0.794824910543907,-0.19164857991536377,0.0326224537873452,-0.25683935191512497,-0.12645780791560257,0.21875
selective_p1.0_r07,m032_contiguous_substring,ef835eb9c371f618c6958654a7d25a1df1d12c09a53ecf66f9209fb882a8542d,contiguous_substring,intermediate,256,0.2382112456431608,37.18400472005209,0.976185099007749,-0.013565287272134574,0.03594244672383727,-0.08539053575777038,0.05825996121350123,0.515625
selective_p1.0_r07,m033_identity,2f88e9ce00d238e7e011a7b140b413dcad818f1da41a721f914f1af604d0e217,identity,identity,1024,0.256978975138234,37.20738932291667,1.0,0.009819315592448419,0.0004724271914165209,0.008875245182451579,0.010763386002445259,1.0
selective_p1.0_r08,m000_constant,9f1dcbc35c350d6027f98be0f5c8b43b42ca52b7604459c0c42be3aa88913d47,constant,constant,1,0.0,36.93886074490017,0.0,-4.394625213623048,0.09567242507679818,-4.585811299455291,-4.203439127790804,0.0
selective_p1.0_r08,m001_balanced_random_group,74484e9508b33b029e993a9e9ccafe4f01d96055374e557f6aa5a37d25bd9c9f,balanced_random_group,intermediate,2,0.018537968514139636,37.195545789930556,0.057824770538414505,-4.137940168592666,0.0865872087750814,-4.310970898351618,-3.964909438833713,0.0
selective_p1.0_r08,m002_balanced_random_group,e96a93c5fa6154fe18dcd30eb7bdbc3a6e3320a989da83ae67372a9adf58cbba,balanced_random_group,intermediate,4,0.0336649545040884,36.72723185221354,-0.04767473756585308,-4.60625410630968,0.09654982963733497,-4.799193545247437,-4.413314667371923,0.0
selective_p1.0_r08,m003_balanced_random_group,14f0105f9e20916e897f4df17fdec0d896085dd5f5320e129bc322820142f8a6,balanced_random_group,intermediate,8,0.05712404181929609,37.179979451497395,0.05431806079646503,-4.153506507025824,0.08367414701188272,-4.32071594736051,-3.9862970666911384,0.0
selective_p1.0_r08,m004_balanced_random_group,bb2ba2d5c103ddf6a98d341d94ebe51e88d622a6cb807898cdf9fd63b491a80f,balanced_random_group,intermediate,16,0.12750278253610328,38.66411810980904,0.38865766890998565,-2.6693678487141916,0.07061754594243277,-2.8104857537842762,-2.528249943644107,0.0
selective_p1.0_r08,m005_balanced_random_group,c65bd191d1da1176a8030b84146455e1d1f9bf63bb8d4993a72ab07906c80b78,balanced_random_group,intermediate,32,0.14848817454520377,39.127260335286465,0.4929921185921335,-2.206225623236764,0.07135850471721346,-2.348824216266829,-2.063627030206699,0.0
selective_p1.0_r08,m006_balanced_random_group,54146794238237c8e13f9205ac93004ce5acfdbc51f3cd9b991ee15e2a36f684,balanced_random_group,intermediate,64,0.21444595487300872,40.6786363389757,0.8424786320020304,-0.6548496195475261,0.07407682385364928,-0.8028803399154409,-0.5068188991796112,0.09375
selective_p1.0_r08,m007_balanced_random_group,e179435da112ea8d971ae26891de689741e68338ddf13a7241197cfbaded0b83,balanced_random_group,intermediate,128,0.24276692779566786,41.21415744357638,0.9631182469369279,-0.11932851494683172,0.06764838551937666,-0.25451302636627515,0.015855996472611683,0.453125
selective_p1.0_r08,m008_balanced_random_group,e471d7c08820922fc6c21006a6b4685c49e9368d31cd4fbe021c3167456046e0,balanced_random_group,intermediate,256,0.24688547064502334,40.82007276746961,0.874340749339116,-0.5134131910536026,0.04559505606294701,-0.6045276401226958,-0.42229874198450945,0.109375
selective_p1.0_r08,m009_balanced_random_group,3394d1cdf22e9723777f99c632a137ebcd7b9bff50e9406fa9f5a34da26ac720,balanced_random_group,intermediate,512,0.260491576844881,41.65465698242187,1.062351861240411,0.3211710238986554,0.05083940765570441,0.2195765744225219,0.42276547337478887,0.8125
selective_p1.0_r08,m010_affinity_rank_group,3f53151fb2f814971fd6c0128c5c0b7afe1b5cb5257e46a1db18b8ebc9946d94,affinity_rank_group,intermediate,2,0.012799089746326039,36.85872531467014,-0.018052523724161728,-4.474760643853081,0.10640057717336167,-4.687385230966217,-4.262136056739945,0.0
selective_p1.0_r08,m011_affinity_rank_group,92e56b0f11cdce879476507882d715f1eecc12de134fc3982530e28ffd4eba29,affinity_rank_group,intermediate,4,0.030624049179710018,37.17991163465712,0.05430278334534869,-4.153574323866103,0.08172750612912684,-4.316893712803049,-3.990254934929156,0.0
selective_p1.0_r08,m012_affinity_rank_group,0a19adabdd017fc722384804e89caf4ecf35837689486f63c24094087da5c2ba,affinity_rank_group,intermediate,8,0.07153282162343576,37.907481553819444,0.21820623015984372,-3.426004404703776,0.08902071796841603,-3.6038981145443665,-3.2481106948631857,0.0
selective_p1.0_r08,m013_affinity_rank_group,d176c8d0ee881709b5af7061b49578d8041bef9dde73ceb9e47e4dd86f7ee987,affinity_rank_group,intermediate,16,0.125493504064771,38.83167555067274,0.42640420209348523,-2.5018104078504777,0.06899521009816843,-2.6396863334293843,-2.363934482271571,0.0
selective_p1.0_r08,m014_affinity_rank_group,a08bb91ec0e66d0b3afe5332032fd3fb6769016bc04c2710b5e01a8e599df454,affinity_rank_group,intermediate,32,0.1651587817780676,39.290293375651046,0.5297194166244202,-2.043192582872178,0.05098655316767218,-2.1450810791905264,-1.9413040865538294,0.0
selective_p1.0_r08,m015_affinity_rank_group,6ac4e014d135d7a7fbd4592fdf320f48570dc4bce5e1a5c2ca6054715b80f98a,affinity_rank_group,intermediate,64,0.21486529692415793,40.188571506076386,0.7320791870012727,-1.1449144524468318,0.06315035915286497,-1.2711103754167477,-1.0187185294769159,0.03125
selective_p1.0_r08,m016_affinity_rank_group,4c0d0a036a5c51abb14f88b143c35a9a2e7cecb590d4d0752b078fe3b59a18dd,affinity_rank_group,intermediate,128,0.2360381822240855,40.87283630371094,0.8862270646310294,-0.4606496548122829,0.06082725486910987,-0.5822032243074673,-0.3390960853170985,0.140625
selective_p1.0_r08,m017_affinity_rank_group,cf78b05538711825e0795152b13c3d2c15b5cd16f89c1995f7b006d8bc57c6a2,affinity_rank_group,intermediate,256,0.25170434928742724,41.07909240722656,0.9326914461322046,-0.25439355129665864,0.051755649681137585,-0.35781896435897653,-0.15096813823434074,0.1875
selective_p1.0_r08,m018_affinity_rank_group,24a6acb87a7364b0b1cbbe6fecc84df53e5243c78a06a6c6c4e7354b3e359435,affinity_rank_group,intermediate,512,0.26164429337601086,41.36900634765625,0.9980018621685182,0.035520389133029906,0.04751801380101712,-0.059436784345602706,0.13047756261166252,0.453125
selective_p1.0_r08,m019_contiguous_substring,16cfd655e57fba08a658c1d50e1fe5976b2f905eee09ec260833cfb2b49d6f38,contiguous_substring,intermediate,4,0.0642815632516227,38.174498833550345,0.27835859676306013,-3.158987124972875,0.0843982325152788,-3.3276435347252487,-2.990330715220501,0.0
selective_p1.0_r08,m020_contiguous_substring,6fb076d21f3b26febc2e6a328628b3ea581ce0709de4263bbe675d61bdb74942,contiguous_substring,intermediate,4,0.055882335579533635,37.50169304741753,0.12679215004840347,-3.8317929111056865,0.09548953868262844,-4.022613527641785,-3.6409722945695875,0.0
selective_p1.0_r08,m021_contiguous_substring,3ac98b3bd2edbbfc3b4339ca0066047ccba8e1cfa0ce798acbd27bab5b87d8af,contiguous_substring,intermediate,4,0.04591526428807899,37.633872138129334,0.1565688189208785,-3.699613820393881,0.10223738193198176,-3.9039189256697377,-3.4953087151180244,0.0
selective_p1.0_r08,m022_contiguous_substring,fc015e86e4e7f2c734c05fb1135856a6186a7b6e6f3079acc6d6c6e4aa7442e4,contiguous_substring,intermediate,4,0.034531895653345294,37.51734788682726,0.1303187968640605,-3.8161380716959643,0.0933705895657026,-4.002724306304172,-3.6295518370877566,0.0
selective_p1.0_r08,m023_contiguous_substring,6d8bb74bcdeefe62988bcebfe3cdb7110ea14648c3393721f4a4095032ddf61b,contiguous_substring,intermediate,4,0.04176098937057196,37.27160034179687,0.07495797364166072,-4.061885616726345,0.10190178657730774,-4.265520088199075,-3.858251145253615,0.0
selective_p1.0_r08,m024_contiguous_substring,94ab69bff5420fbcf4c18d7a247ef0e4b9577d1295271abf78a62f51c3b59a0f,contiguous_substring,intermediate,16,0.12955410605308806,38.484334309895836,0.34815684045200335,-2.8491516486273873,0.08078862007977873,-3.0105948235071143,-2.6877084737476604,0.0
selective_p1.0_r08,m025_contiguous_substring,ae330f3e6dd51f734f790820a896827f916e8d775c69ea1f205c55aa81507fe0,contiguous_substring,intermediate,16,0.14383912638304172,38.77747836642795,0.4141949214849781,-2.55600759209527,0.1048486090477197,-2.765530818382235,-2.3464843658083048,0.0
selective_p1.0_r08,m026_contiguous_substring,5d3c5ea59a3a81c2ffdcfc7029fe0ab078b39be0217f1ee2611101845014273b,contiguous_substring,intermediate,16,0.10112948981144265,39.04917839898003,0.4754021960877662,-2.284307559543186,0.12416058811802655,-2.5324226965626577,-2.0361924225237145,0.015625
selective_p1.0_r08,m027_contiguous_substring,6edfbfdb62fbf79744d4ecfb6fe43de95b2133d87a10f24061ecc84297b1c267,contiguous_substring,intermediate,16,0.12120071438222783,38.88368869357639,0.43812147238879623,-2.449797264946831,0.10483962701238847,-2.6593025420684393,-2.2402919878252225,0.0
selective_p1.0_r08,m028_contiguous_substring,6f9a04216ce84ed3a2ef19a2010723c498d866f2bb5d6eda67ea1bd16782bfd8,contiguous_substring,intermediate,64,0.201410346787386,40.012873331705734,0.6924987485857875,-1.3206126268174914,0.07617179256771403,-1.4728298081020343,-1.1683954455329484,0.0
selective_p1.0_r08,m029_contiguous_substring,8d4ddfbfac0226f6a695d6b22ee21fbf533251852e95baca71b09f7710bfb22c,contiguous_substring,intermediate,64,0.1981204774844484,39.72834879557291,0.6284024315896747,-1.6051371629503053,0.09747039823176544,-1.799916211432484,-1.4103581144681265,0.015625
selective_p1.0_r08,m030_contiguous_substring,6ff19e1927dcafbb441ab0b4a0a61b92d1295d402f3277307a3f5b9d7850b98a,contiguous_substring,intermediate,64,0.18584281823788834,40.389180501302086,0.7772714151480068,-0.9443054572211351,0.07885854223714409,-1.1018916792977045,-0.7867192351445659,0.046875
selective_p1.0_r08,m031_contiguous_substring,c824c782df91faee7515c9d811fab43ed5426465074d2e812a5277507d28ae96,contiguous_substring,intermediate,256,0.2406545479588867,41.088718329535595,0.9348599275436347,-0.24476762898763027,0.07029762024837709,-0.3852462135726892,-0.10428904440257136,0.40625
selective_p1.0_r08,m032_contiguous_substring,ef835eb9c371f618c6958654a7d25a1df1d12c09a53ecf66f9209fb882a8542d,contiguous_substring,intermediate,256,0.23674967695277974,40.89563937717014,0.8913640311815848,-0.4378465813530805,0.0774462633965564,-0.5926105893651592,-0.2830825733410018,0.203125
selective_p1.0_r08,m033_identity,2f88e9ce00d238e7e011a7b140b413dcad818f1da41a721f914f1af604d0e217,identity,identity,1024,0.2653887176867226,41.37787611219618,1.0,0.044390153672960286,0.0009663881320888943,0.04245898108879616,0.046321326257124415,1.0
selective_p1.0_r09,m000_constant,9f1dcbc35c350d6027f98be0f5c8b43b42ca52b7604459c0c42be3aa88913d47,constant,constant,1,0.0,36.354041544596356,0.0,-1.2249853515625015,0.05914595587126204,-1.3431791131061872,-1.1067915900188159,0.0
selective_p1.0_r09,m001_balanced_random_group,74484e9508b33b029e993a9e9ccafe4f01d96055374e557f6aa5a37d25bd9c9f,balanced_random_group,intermediate,2,0.007168627727972839,36.25813496907552,-0.07750909808392312,-1.320891927083335,0.06255018201420115,-1.4458884917443648,-1.1958953624223052,0.0
selective_p1.0_r09,m002_balanced_random_group,e96a93c5fa6154fe18dcd30eb7bdbc3a6e3320a989da83ae67372a9adf58cbba,balanced_random_group,intermediate,4,0.03852669141853193,36.633265516493054,0.22566125531634654,-0.9457613796658,0.05989865351298761,-1.0654592874232056,-0.8260634719083945,0.015625
selective_p1.0_r09,m003_balanced_random_group,14f0105f9e20916e897f4df17fdec0d896085dd5f5320e129bc322820142f8a6,balanced_random_group,intermediate,8,0.0666554919557023,36.58910929361979,0.189975391327222,-0.9899176025390648,0.07370331692703577,-1.1372019288726156,-0.842633276205514,0.03125
selective_p1.0_r09,m004_balanced_random_group,bb2ba2d5c103ddf6a98d341d94ebe51e88d622a6cb807898cdf9fd63b491a80f,balanced_random_group,intermediate,16,0.11822119221458936,36.855529106987845,0.4052886723374349,-0.7234977891710077,0.05327828560590069,-0.8299659473332783,-0.6170296310087371,0.0625
selective_p1.0_r09,m005_balanced_random_group,c65bd191d1da1176a8030b84146455e1d1f9bf63bb8d4993a72ab07906c80b78,balanced_random_group,intermediate,32,0.14886187216626098,37.24410807291667,0.7193276735212825,-0.33491882324218913,0.06284096192215553,-0.46049646518223464,-0.20934118130214363,0.25
selective_p1.0_r09,m006_balanced_random_group,54146794238237c8e13f9205ac93004ce5acfdbc51f3cd9b991ee15e2a36f684,balanced_random_group,intermediate,64,0.20880710875853517,37.2077155219184,0.6899161989739937,-0.371311374240453,0.058965131355581374,-0.48914378682337223,-0.2534789616575338,0.1875
selective_p1.0_r09,m007_balanced_random_group,e179435da112ea8d971ae26891de689741e68338ddf13a7241197cfbaded0b83,balanced_random_group,intermediate,128,0.23220185165903695,37.44211730957031,0.8793533783487419,-0.13690958658854402,0.06407528705765175,-0.26495383048950405,-0.008865342687583988,0.390625
selective_p1.0_r09,m008_balanced_random_group,e471d7c08820922fc6c21006a6b4685c49e9368d31cd4fbe021c3167456046e0,balanced_random_group,intermediate,256,0.251498785926418,37.847260877821185,1.2067794427149519,0.2682339816623258,0.05997145003915591,0.14839060165532347,0.38807736166932816,0.71875
selective_p1.0_r09,m009_balanced_random_group,3394d1cdf22e9723777f99c632a137ebcd7b9bff50e9406fa9f5a34da26ac720,balanced_random_group,intermediate,512,0.2524069690556774,37.47316623263889,0.9044462774586686,-0.10586066351996637,0.06165404394445427,-0.22906643914452474,0.017345112104591984,0.46875
selective_p1.0_r09,m010_affinity_rank_group,3f53151fb2f814971fd6c0128c5c0b7afe1b5cb5257e46a1db18b8ebc9946d94,affinity_rank_group,intermediate,2,0.009811381316509767,36.40606926812066,0.04204739772876625,-1.172957628038196,0.05837754634554441,-1.2896158456733808,-1.056299410403011,0.0
selective_p1.0_r09,m011_affinity_rank_group,92e56b0f11cdce879476507882d715f1eecc12de134fc3982530e28ffd4eba29,affinity_rank_group,intermediate,4,0.03244369332770141,36.61930474175347,0.21437853509886645,-0.9597221544053837,0.06717785375227019,-1.0939663831180741,-0.8254779256926931,0.03125
selective_p1.0_r09,m012_affinity_rank_group,0a19adabdd017fc722384804e89caf4ecf35837689486f63c24094087da5c2ba,affinity_rank_group,intermediate,8,0.07231255463096535,36.736818101671005,0.3093496514228044,-0.8422087944878485,0.0663875212184179,-0.9748736696560689,-0.709543919319628,0.03125
selective_p1.0_r09,m013_affinity_rank_group,d176c8d0ee881709b5af7061b49578d8041bef9dde73ceb9e47e4dd86f7ee987,affinity_rank_group,intermediate,16,0.10960174522764986,36.88994547526042,0.4331030495023436,-0.6890814208984395,0.061088182808891264,-0.8111564132743655,-0.5670064285225135,0.078125
selective_p1.0_r09,m014_affinity_rank_group,a08bb91ec0e66d0b3afe5332032fd3fb6769016bc04c2710b5e01a8e599df454,affinity_rank_group,intermediate,32,0.16543497125880985,36.623351372612845,0.21764891261454375,-0.9556755235460079,0.05572630203830851,-1.067035652193916,-0.8443153948980998,0.015625
selective_p1.0_r09,m015_affinity_rank_group,6ac4e014d135d7a7fbd4592fdf320f48570dc4bce5e1a5c2ca6054715b80f98a,affinity_rank_group,intermediate,64,0.21061920891733266,37.3824462890625,0.8311288749068211,-0.19658060709635605,0.07354423805177435,-0.34354703966401334,-0.04961417452869879,0.34375
selective_p1.0_r09,m016_affinity_rank_group,4c0d0a036a5c51abb14f88b143c35a9a2e7cecb590d4d0752b078fe3b59a18dd,affinity_rank_group,intermediate,128,0.23433251513461545,37.535027737087674,0.9544410707238944,-0.04399915907118013,0.059186172240298374,-0.162273286615584,0.07427496847322375,0.515625
selective_p1.0_r09,m017_affinity_rank_group,cf78b05538711825e0795152b13c3d2c15b5cd16f89c1995f7b006d8bc57c6a2,affinity_rank_group,intermediate,256,0.2434674251569727,37.36752590603299,0.8190706252466305,-0.21150099012586976,0.06537488744598917,-0.3421422781719201,-0.08085970207981938,0.328125
selective_p1.0_r09,m018_affinity_rank_group,24a6acb87a7364b0b1cbbe6fecc84df53e5243c78a06a6c6c4e7354b3e359435,affinity_rank_group,intermediate,512,0.25185317675786817,37.44163445366754,0.878963147279342,-0.13739244249132065,0.05354575544615788,-0.2443950964792787,-0.03038978850336259,0.40625
selective_p1.0_r09,m019_contiguous_substring,16cfd655e57fba08a658c1d50e1fe5976b2f905eee09ec260833cfb2b49d6f38,contiguous_substring,intermediate,4,0.028397583475544833,36.47975667317708,0.10159956373042776,-1.0992702229817717,0.06628889201864908,-1.2317380034214178,-0.9668024425421257,0.015625
selective_p1.0_r09,m020_contiguous_substring,6fb076d21f3b26febc2e6a328628b3ea581ce0709de4263bbe675d61bdb74942,contiguous_substring,intermediate,4,0.029689620925336956,36.45462883843316,0.08129192791686504,-1.1243980577256947,0.06450656013235256,-1.2533041320967269,-0.9954919833546625,0.015625
selective_p1.0_r09,m021_contiguous_substring,3ac98b3bd2edbbfc3b4339ca0066047ccba8e1cfa0ce798acbd27bab5b87d8af,contiguous_substring,intermediate,4,0.02383602057981281,36.44326578776042,0.07210861796816616,-1.1357611083984382,0.061489431604369094,-1.2586379325100052,-1.0128842842868713,0.015625
selective_p1.0_r09,m022_contiguous_substring,fc015e86e4e7f2c734c05fb1135856a6186a7b6e6f3079acc6d6c6e4aa7442e4,contiguous_substring,intermediate,4,0.047931717078105826,36.61371866861979,0.20986402201078164,-0.965308227539063,0.08081509479368346,-1.1268043079129375,-0.8038121471651885,0.078125
selective_p1.0_r09,m023_contiguous_substring,6d8bb74bcdeefe62988bcebfe3cdb7110ea14648c3393721f4a4095032ddf61b,contiguous_substring,intermediate,4,0.036323762948716753,36.54933709038629,0.1578325733327492,-1.0296898057725703,0.07430072511482555,-1.1781679571082153,-0.8812116544369254,0.046875
selective_p1.0_r09,m024_contiguous_substring,94ab69bff5420fbcf4c18d7a247ef0e4b9577d1295271abf78a62f51c3b59a0f,contiguous_substring,intermediate,16,0.13008721934993642,36.93594089084202,0.4702752992502306,-0.6430860053168417,0.06830856802419942,-0.7795897862011353,-0.5065822244325481,0.109375
selective_p1.0_r09,m025_contiguous_substring,ae330f3e6dd51f734f790820a896827f916e8d775c69ea1f205c55aa81507fe0,contiguous_substring,intermediate,16,0.11659973524347363,36.8863766140408,0.43021879247599076,-0.6926502821180576,0.0654036400266274,-0.8233490276116994,-0.5619515366244158,0.0625
selective_p1.0_r09,m026_contiguous_substring,5d3c5ea59a3a81c2ffdcfc7029fe0ab078b39be0217f1ee2611101845014273b,contiguous_substring,intermediate,16,0.11736629322490987,36.82041795518663,0.37691278993290833,-0.7586089409722248,0.0662808991436458,-0.8910607489257004,-0.6261571330187491,0.09375
selective_p1.0_r09,m027_contiguous_substring,6edfbfdb62fbf79744d4ecfb6fe43de95b2133d87a10f24061ecc84297b1c267,contiguous_substring,intermediate,16,0.11079959098624899,37.214446004231775,0.695355592581223,-0.36458089192708487,0.07351626742315853,-0.5114914296535794,-0.21767035420059036,0.3125
selective_p1.0_r09,m028_contiguous_substring,6f9a04216ce84ed3a2ef19a2010723c498d866f2bb5d6eda67ea1bd16782bfd8,contiguous_substring,intermediate,64,0.1890608935004282,37.452154880099826,0.8874654711272791,-0.12687201605902831,0.07770793579316854,-0.28215893463011565,0.028414902512058998,0.40625
selective_p1.0_r09,m029_contiguous_substring,8d4ddfbfac0226f6a695d6b22ee21fbf533251852e95baca71b09f7710bfb22c,contiguous_substring,intermediate,64,0.19030726897795755,37.35799797905816,0.8113704125926211,-0.2210289171006946,0.06873885888365669,-0.35839256565451777,-0.08366526854687145,0.296875
selective_p1.0_r09,m030_contiguous_substring,6ff19e1927dcafbb441ab0b4a0a61b92d1295d402f3277307a3f5b9d7850b98a,contiguous_substring,intermediate,64,0.1919424535561686,37.43966233995226,0.8773693383610234,-0.1393645562065976,0.07056746156634637,-0.28038237563740176,0.0016532632242065581,0.390625
selective_p1.0_r09,m031_contiguous_substring,c824c782df91faee7515c9d811fab43ed5426465074d2e812a5277507d28ae96,contiguous_substring,intermediate,256,0.22402672141636815,37.526246812608505,0.9473445652650425,-0.05278008355034858,0.06735028416950502,-0.1873688869565633,0.08180871985586616,0.5
selective_p1.0_r09,m032_contiguous_substring,ef835eb9c371f618c6958654a7d25a1df1d12c09a53ecf66f9209fb882a8542d,contiguous_substring,intermediate,256,0.22737276878594936,37.53721483018663,0.956208620160467,-0.0418120659722232,0.0631461110764053,-0.16799949983872195,0.08437536789427555,0.4375
selective_p1.0_r09,m033_identity,2f88e9ce00d238e7e011a7b140b413dcad818f1da41a721f914f1af604d0e217,identity,identity,1024,0.257378743083034,37.591400485568585,1.0,0.012373589409722552,0.000597433897689571,0.011179713030493293,0.013567465788951811,1.0
selective_p1.0_r10,m000_constant,9f1dcbc35c350d6027f98be0f5c8b43b42ca52b7604459c0c42be3aa88913d47,constant,constant,1,0.0,36.235491604275175,0.0,-2.654909149169921,0.08092376749422342,-2.8166223946071494,-2.4931959037326923,0.0
selective_p1.0_r10,m001_balanced_random_group,74484e9508b33b029e993a9e9ccafe4f01d96055374e557f6aa5a37d25bd9c9f,balanced_random_group,intermediate,2,0.01737951308034733,36.53428480360243,0.11141822590293553,-2.356115949842666,0.0860853310867205,-2.5281437570695804,-2.1840881426157512,0.0
selective_p1.0_r10,m002_balanced_random_group,e96a93c5fa6154fe18dcd30eb7bdbc3a6e3320a989da83ae67372a9adf58cbba,balanced_random_group,intermediate,4,0.029761822561118124,36.287127346462675,0.019254664432343367,-2.6032734069824217,0.07265715557713356,-2.7484671466764445,-2.458079667288399,0.0
selective_p1.0_r10,m003_balanced_random_group,14f0105f9e20916e897f4df17fdec0d896085dd5f5320e129bc322820142f8a6,balanced_random_group,intermediate,8,0.052488540152855215,36.644033474392366,0.15234285946940052,-2.2463672790527345,0.06853202786698818,-2.3833176088004984,-2.1094169493049706,0.0
selective_p1.0_r10,m004_balanced_random_group,bb2ba2d5c103ddf6a98d341d94ebe51e88d622a6cb807898cdf9fd63b491a80f,balanced_random_group,intermediate,16,0.10245577708716139,37.675291273328995,0.5368928246787452,-1.2151094801161029,0.057992444498510765,-1.3309981331173608,-1.099220827114845,0.0
selective_p1.0_r10,m005_balanced_random_group,c65bd191d1da1176a8030b84146455e1d1f9bf63bb8d4993a72ab07906c80b78,balanced_random_group,intermediate,32,0.14707407496759195,37.991602918836804,0.6548435760822877,-0.8987978346082891,0.07606182327736094,-1.0507952598014874,-0.7468004094150908,0.09375
selective_p1.0_r10,m006_balanced_random_group,54146794238237c8e13f9205ac93004ce5acfdbc51f3cd9b991ee15e2a36f684,balanced_random_group,intermediate,64,0.18960529822019828,38.48897128634982,0.8403093137674513,-0.4014294670952686,0.08240348575956861,-0.5660996935336451,-0.2367592406568921,0.234375
selective_p1.0_r10,m007_balanced_random_group,e179435da112ea8d971ae26891de689741e68338ddf13a7241197cfbaded0b83,balanced_random_group,intermediate,128,0.21787711677636493,39.059690348307285,1.05312709380883,0.16928959486219552,0.07336402890530229,0.022683281538066424,0.3158959081863246,0.59375
selective_p1.0_r10,m008_balanced_random_group,e471d7c08820922fc6c21006a6b4685c49e9368d31cd4fbe021c3167456046e0,balanced_random_group,intermediate,256,0.2248887828984232,38.461888292100696,0.8302102245707385,-0.4285124613444008,0.055019940983944665,-0.538461040059716,-0.31856388262908564,0.140625
selective_p1.0_r10,m009_balanced_random_group,3394d1cdf22e9723777f99c632a137ebcd7b9bff50e9406fa9f5a34da26ac720,balanced_random_group,intermediate,512,0.2341303561453847,38.52436896430122,0.853508899592389,-0.3660317891438799,0.06443115409162373,-0.49478717656657273,-0.23727640172118708,0.234375
selective_p1.0_r10,m010_affinity_rank_group,3f53151fb2f814971fd6c0128c5c0b7afe1b5cb5257e46a1db18b8ebc9946d94,affinity_rank_group,intermediate,2,0.004994846834361958,36.14558648003472,-0.03352509181938545,-2.744814273410374,0.08237923926321661,-2.9094360470920764,-2.580192499728672,0.0
selective_p1.0_r10,m011_affinity_rank_group,92e56b0f11cdce879476507882d715f1eecc12de134fc3982530e28ffd4eba29,affinity_rank_group,intermediate,4,0.01601552548358366,36.20099317762587,-0.012864260305665247,-2.689407575819229,0.07089417810515442,-2.8310782861554453,-2.5477368654830124,0.0
selective_p1.0_r10,m012_affinity_rank_group,0a19adabdd017fc722384804e89caf4ecf35837689486f63c24094087da5c2ba,affinity_rank_group,intermediate,8,0.06578489045287526,36.93310309516059,0.26013522014208806,-1.957297658284507,0.07691078305511152,-2.1109915942205535,-1.8036037223484604,0.0
selective_p1.0_r10,m013_affinity_rank_group,d176c8d0ee881709b5af7061b49578d8041bef9dde73ceb9e47e4dd86f7ee987,affinity_rank_group,intermediate,16,0.10886108367466098,37.51004367404514,0.475272967237611,-1.3803570793999578,0.07723662926028044,-1.53470216701842,-1.2260119917814956,0.0
selective_p1.0_r10,m014_affinity_rank_group,a08bb91ec0e66d0b3afe5332032fd3fb6769016bc04c2710b5e01a8e599df454,affinity_rank_group,intermediate,32,0.1552004426104907,37.97885131835938,0.6500885792958271,-0.9115494350857198,0.07706588611308327,-1.0655533197507803,-0.7575455504206594,0.03125
selective_p1.0_r10,m015_affinity_rank_group,6ac4e014d135d7a7fbd4592fdf320f48570dc4bce5e1a5c2ca6054715b80f98a,affinity_rank_group,intermediate,64,0.19022205355751012,38.63930833604601,0.8963691150023659,-0.2510924173990897,0.07500426366825601,-0.40097647834928113,-0.1012083564488983,0.390625
selective_p1.0_r10,m016_affinity_rank_group,4c0d0a036a5c51abb14f88b143c35a9a2e7cecb590d4d0752b078fe3b59a18dd,affinity_rank_group,intermediate,128,0.21857781183461292,38.86297166612414,0.979771854733246,-0.027429087320964385,0.06733271063556408,-0.16198277282182957,0.1071245981799008,0.484375
selective_p1.0_r10,m017_affinity_rank_group,cf78b05538711825e0795152b13c3d2c15b5cd16f89c1995f7b006d8bc57c6a2,affinity_rank_group,intermediate,256,0.23067428752172178,38.91828070746527,1.0003962708059546,0.027879954020181508,0.059140735396781455,-0.09030337523769834,0.14606328327806134,0.46875
selective_p1.0_r10,m018_affinity_rank_group,24a6acb87a7364b0b1cbbe6fecc84df53e5243c78a06a6c6c4e7354b3e359435,affinity_rank_group,intermediate,512,0.23757568541362623,39.02738444010417,1.0410804107307736,0.1369836866590718,0.06432771891513682,0.008434997943075534,0.265532375375068,0.609375
selective_p1.0_r10,m019_contiguous_substring,16cfd655e57fba08a658c1d50e1fe5976b2f905eee09ec260833cfb2b49d6f38,contiguous_substring,intermediate,4,0.032041690933593485,36.671044921874994,0.16241526929787367,-2.2193558315700974,0.07440132552352964,-2.3680350167810498,-2.070676646359145,0.0
selective_p1.0_r10,m020_contiguous_substring,6fb076d21f3b26febc2e6a328628b3ea581ce0709de4263bbe675d61bdb74942,contiguous_substring,intermediate,4,0.02546704002798194,36.62462463378906,0.14510541701180107,-2.2657761196560333,0.09129077540223882,-2.448206177300482,-2.0833460620115845,0.0
selective_p1.0_r10,m021_contiguous_substring,3ac98b3bd2edbbfc3b4339ca0066047ccba8e1cfa0ce798acbd27bab5b87d8af,contiguous_substring,intermediate,4,0.02784417639969156,36.783869425455734,0.204486862813552,-2.106531327989366,0.07711505898688287,-2.260633476801732,-1.9524291791769994,0.0
selective_p1.0_r10,m022_contiguous_substring,fc015e86e4e7f2c734c05fb1135856a6186a7b6e6f3079acc6d6c6e4aa7442e4,contiguous_substring,intermediate,4,0.03004174032204435,36.77183702256944,0.20000005057700052,-2.11856373087565,0.09621405033950417,-2.310832168429213,-1.9262952933220876,0.0
selective_p1.0_r10,m023_contiguous_substring,6d8bb74bcdeefe62988bcebfe3cdb7110ea14648c3393721f4a4095032ddf61b,contiguous_substring,intermediate,4,0.03272076845572079,36.80517374674479,0.21243111886568924,-2.085227006700306,0.0696445909719577,-2.224400616406843,-1.9460533969937688,0.0
selective_p1.0_r10,m024_contiguous_substring,94ab69bff5420fbcf4c18d7a247ef0e4b9577d1295271abf78a62f51c3b59a0f,contiguous_substring,intermediate,16,0.09913170169908601,37.42869398328993,0.4449381462239281,-1.4617067701551654,0.07603721342591858,-1.613655016484481,-1.3097585238258498,0.0
selective_p1.0_r10,m025_contiguous_substring,ae330f3e6dd51f734f790820a896827f916e8d775c69ea1f205c55aa81507fe0,contiguous_substring,intermediate,16,0.10057856630359632,37.62623596191406,0.5186003876980044,-1.2641647915310337,0.10761905791545946,-1.479224318111384,-1.0491052649506833,0.03125
selective_p1.0_r10,m026_contiguous_substring,5d3c5ea59a3a81c2ffdcfc7029fe0ab078b39be0217f1ee2611101845014273b,contiguous_substring,intermediate,16,0.09115041542037203,37.50646599663629,0.4739388723832259,-1.383934756808812,0.09841989499697282,-1.5806112231718972,-1.187258290445727,0.03125
selective_p1.0_r10,m027_contiguous_substring,6edfbfdb62fbf79744d4ecfb6fe43de95b2133d87a10f24061ecc84297b1c267,contiguous_substring,intermediate,16,0.09004598785125428,37.16894632975261,0.34807977459853673,-1.7214544236924911,0.07234805883295131,-1.8660304828310537,-1.5768783645539286,0.0
selective_p1.0_r10,m028_contiguous_substring,6f9a04216ce84ed3a2ef19a2010723c498d866f2bb5d6eda67ea1bd16782bfd8,contiguous_substring,intermediate,64,0.18236476640354748,38.70184699164497,0.9196894116921158,-0.18855376180012828,0.07599895880848412,-0.3404255623764859,-0.03668196122377068,0.375
selective_p1.0_r10,m029_contiguous_substring,8d4ddfbfac0226f6a695d6b22ee21fbf533251852e95baca71b09f7710bfb22c,contiguous_substring,intermediate,64,0.17255513330200178,38.585656060112846,0.8763624970017327,-0.3047446933322475,0.07766047050652324,-0.4599367600966692,-0.14955262656782586,0.34375
selective_p1.0_r10,m030_contiguous_substring,6ff19e1927dcafbb441ab0b4a0a61b92d1295d402f3277307a3f5b9d7850b98a,contiguous_substring,intermediate,64,0.15998105607454627,38.477548895941844,0.8360499715946937,-0.4128518575032579,0.07411752639675072,-0.5609639154132361,-0.26473979959327976,0.234375
selective_p1.0_r10,m031_contiguous_substring,c824c782df91faee7515c9d811fab43ed5426465074d2e812a5277507d28ae96,contiguous_substring,intermediate,256,0.2262750547457268,38.660081990559895,0.9041154885365337,-0.2303187628852006,0.0647588159710564,-0.3597289303258022,-0.10090859544459893,0.328125
selective_p1.0_r10,m032_contiguous_substring,ef835eb9c371f618c6958654a7d25a1df1d12c09a53ecf66f9209fb882a8542d,contiguous_substring,intermediate,256,0.2106799861303945,38.451071166992186,0.8261765822667173,-0.43932958645290743,0.0746661952393855,-0.5885380715555406,-0.29012110135027425,0.234375
selective_p1.0_r10,m033_identity,2f88e9ce00d238e7e011a7b140b413dcad818f1da41a721f914f1af604d0e217,identity,identity,1024,0.24480106567595653,38.91721801757812,1.0,0.02681726413302965,0.0008174117928709209,0.025183797007401122,0.028450731258658178,1.0
selective_p1.0_r11,m000_constant,9f1dcbc35c350d6027f98be0f5c8b43b42ca52b7604459c0c42be3aa88913d47,constant,constant,1,-2.465190328815662e-32,35.24984876844618,0.0,-3.8209343261718742,0.05744112852774734,-3.9357212621170166,-3.706147390226732,0.0
selective_p1.0_r11,m001_balanced_random_group,74484e9508b33b029e993a9e9ccafe4f01d96055374e557f6aa5a37d25bd9c9f,balanced_random_group,intermediate,2,0.011581395830868634,35.39383341471354,0.03730626795344643,-3.6769496799045127,0.05333468871906681,-3.7835305506945476,-3.570368809114478,0.0
selective_p1.0_r11,m002_balanced_random_group,e96a93c5fa6154fe18dcd30eb7bdbc3a6e3320a989da83ae67372a9adf58cbba,balanced_random_group,intermediate,4,0.03297831979206897,35.362336561414935,0.029145466928410163,-3.7084465332031247,0.06100919679681954,-3.8303636846288356,-3.5865293817774138,0.0
selective_p1.0_r11,m003_balanced_random_group,14f0105f9e20916e897f4df17fdec0d896085dd5f5320e129bc322820142f8a6,balanced_random_group,intermediate,8,0.09225274576783186,36.46765475802952,0.3155322302792374,-2.6031283365885405,0.06337221090695763,-2.729767594913089,-2.476489078263992,0.0
selective_p1.0_r11,m004_balanced_random_group,bb2ba2d5c103ddf6a98d341d94ebe51e88d622a6cb807898cdf9fd63b491a80f,balanced_random_group,intermediate,16,0.15925561144465056,37.328284708658856,0.5385205306242663,-1.7424983859592005,0.059502558401095196,-1.861404760795817,-1.623592011122584,0.0
selective_p1.0_r11,m005_balanced_random_group,c65bd191d1da1176a8030b84146455e1d1f9bf63bb8d4993a72ab07906c80b78,balanced_random_group,intermediate,32,0.19204671728176081,38.24109700520834,0.7750292210233951,-0.8296860894097218,0.07003703725703406,-0.9696439404384886,-0.689728238380955,0.0625
selective_p1.0_r11,m006_balanced_random_group,54146794238237c8e13f9205ac93004ce5acfdbc51f3cd9b991ee15e2a36f684,balanced_random_group,intermediate,64,0.19670817555380565,37.3312259250217,0.5392825966402324,-1.7395571695963528,0.06555244317350063,-1.870553274451246,-1.6085610647414594,0.0
selective_p1.0_r11,m007_balanced_random_group,e179435da112ea8d971ae26891de689741e68338ddf13a7241197cfbaded0b83,balanced_random_group,intermediate,128,0.24739374176689966,39.00230000813802,0.9722561054894769,-0.06848308648003354,0.06879887749378351,-0.20596667265577887,0.06900049969571179,0.421875
selective_p1.0_r11,m008_balanced_random_group,e471d7c08820922fc6c21006a6b4685c49e9368d31cd4fbe021c3167456046e0,balanced_random_group,intermediate,256,0.23468461740165214,38.94766099717882,0.9580991961495035,-0.12312209743923441,0.058972455075988826,-0.24096914530956595,-0.005275049568902873,0.390625
selective_p1.0_r11,m009_balanced_random_group,3394d1cdf22e9723777f99c632a137ebcd7b9bff50e9406fa9f5a34da26ac720,balanced_random_group,intermediate,512,0.2620707574485394,39.12504170735677,1.0040583485676262,0.05425861273871613,0.05612398734342679,-0.05789622657757457,0.16641345205500682,0.546875
selective_p1.0_r11,m010_affinity_rank_group,3f53151fb2f814971fd6c0128c5c0b7afe1b5cb5257e46a1db18b8ebc9946d94,affinity_rank_group,intermediate,2,0.011363370028611904,35.37598097059462,0.03268071876337687,-3.694802124023437,0.055005290628454016,-3.804721426339413,-3.584882821707461,0.0
selective_p1.0_r11,m011_affinity_rank_group,92e56b0f11cdce879476507882d715f1eecc12de134fc3982530e28ffd4eba29,affinity_rank_group,intermediate,4,0.041838783327347154,35.79139607747396,0.14031432894965437,-3.279387017144097,0.06264555562017167,-3.4045741707486243,-3.15419986353957,0.0
selective_p1.0_r11,m012_affinity_rank_group,0a19adabdd017fc722384804e89caf4ecf35837689486f63c24094087da5c2ba,affinity_rank_group,intermediate,8,0.0982951594987939,36.288826836480034,0.2691981069415662,-2.7819562581380195,0.0732260650116162,-2.9282868726199918,-2.6356256436560472,0.0
selective_p1.0_r11,m013_affinity_rank_group,d176c8d0ee881709b5af7061b49578d8041bef9dde73ceb9e47e4dd86f7ee987,affinity_rank_group,intermediate,16,0.16518223768378415,37.19941813151041,0.5051313382209578,-1.8713649631076394,0.07220125609018498,-2.0156476603735785,-1.7270822658417002,0.0
selective_p1.0_r11,m014_affinity_rank_group,a08bb91ec0e66d0b3afe5332032fd3fb6769016bc04c2710b5e01a8e599df454,affinity_rank_group,intermediate,32,0.20010491612635312,37.953149753146704,0.7004223957795227,-1.1176333414713544,0.06787977566293982,-1.2532802491958197,-0.9819864337468891,0.0
selective_p1.0_r11,m015_affinity_rank_group,6ac4e014d135d7a7fbd4592fdf320f48570dc4bce5e1a5c2ca6054715b80f98a,affinity_rank_group,intermediate,64,0.23578641534608946,38.79304809570312,0.9180391586313242,-0.27773499891493136,0.06959275224195353,-0.4168050171856283,-0.13866498064423444,0.328125
selective_p1.0_r11,m016_affinity_rank_group,4c0d0a036a5c51abb14f88b143c35a9a2e7cecb590d4d0752b078fe3b59a18dd,affinity_rank_group,intermediate,128,0.24676795083769362,38.95182529025608,0.9591781600349198,-0.11895780436197845,0.057771080391643546,-0.23440409649382477,-0.003511512230132144,0.359375
selective_p1.0_r11,m017_affinity_rank_group,cf78b05538711825e0795152b13c3d2c15b5cd16f89c1995f7b006d8bc57c6a2,affinity_rank_group,intermediate,256,0.2559822175223065,39.12890862358941,1.0050602624304452,0.05812552897135437,0.06482261536823199,-0.07141213139121166,0.1876631893339204,0.5625
selective_p1.0_r11,m018_affinity_rank_group,24a6acb87a7364b0b1cbbe6fecc84df53e5243c78a06a6c6c4e7354b3e359435,affinity_rank_group,intermediate,512,0.259170567447368,39.09713643391927,0.99682812204583,0.026353339301215417,0.05286727781792988,-0.07929348533506132,0.13200016393749214,0.5625
selective_p1.0_r11,m019_contiguous_substring,16cfd655e57fba08a658c1d50e1fe5976b2f905eee09ec260833cfb2b49d6f38,contiguous_substring,intermediate,4,0.046132499104787755,35.677544487847214,0.11081550376481915,-3.393238606770833,0.06439101903386507,-3.52191379068043,-3.2645634228612357,0.0
selective_p1.0_r11,m020_contiguous_substring,6fb076d21f3b26febc2e6a328628b3ea581ce0709de4263bbe675d61bdb74942,contiguous_substring,intermediate,4,0.04308585588377105,35.709692043728296,0.1191449011334876,-3.361091050889756,0.06537920589253449,-3.4917409686626186,-3.2304411331168934,0.0
selective_p1.0_r11,m021_contiguous_substring,3ac98b3bd2edbbfc3b4339ca0066047ccba8e1cfa0ce798acbd27bab5b87d8af,contiguous_substring,intermediate,4,0.03172708632053899,35.16139560275607,-0.02291812068932811,-3.9093874918619784,0.06131971676439979,-4.031925167928168,-3.7868498157957897,0.0
selective_p1.0_r11,m022_contiguous_substring,fc015e86e4e7f2c734c05fb1135856a6186a7b6e6f3079acc6d6c6e4aa7442e4,contiguous_substring,intermediate,4,0.0370617754552828,35.56011522081163,0.08038970618726683,-3.510667873806422,0.05761133668760825,-3.6257949436180823,-3.395540803994762,0.0
selective_p1.0_r11,m023_contiguous_substring,6d8bb74bcdeefe62988bcebfe3cdb7110ea14648c3393721f4a4095032ddf61b,contiguous_substring,intermediate,4,0.033682909760578666,35.422463989257814,0.04472441921678627,-3.6483191053602426,0.058601618883066704,-3.765425096231624,-3.531213114488861,0.0
selective_p1.0_r11,m024_contiguous_substring,94ab69bff5420fbcf4c18d7a247ef0e4b9577d1295271abf78a62f51c3b59a0f,contiguous_substring,intermediate,16,0.13389974950598685,37.17887946234809,0.499809790993249,-1.8919036322699636,0.05536805346948167,-2.002547858278485,-1.7812594062614422,0.0
selective_p1.0_r11,m025_contiguous_substring,ae330f3e6dd51f734f790820a896827f916e8d775c69ea1f205c55aa81507fe0,contiguous_substring,intermediate,16,0.13085676861952047,36.40661248101129,0.29971624154734144,-2.6641706136067698,0.06076568809102703,-2.785601151713239,-2.5427400755003005,0.0
selective_p1.0_r11,m026_contiguous_substring,5d3c5ea59a3a81c2ffdcfc7029fe0ab078b39be0217f1ee2611101845014273b,contiguous_substring,intermediate,16,0.13330142232776387,36.38277418348524,0.293539764137317,-2.6880089111328127,0.05639720795967613,-2.800709738283607,-2.5753080839820184,0.0
selective_p1.0_r11,m027_contiguous_substring,6edfbfdb62fbf79744d4ecfb6fe43de95b2133d87a10f24061ecc84297b1c267,contiguous_substring,intermediate,16,0.13403510158833587,36.518954806857636,0.3288240180998146,-2.551828287760416,0.06558884984638633,-2.682897145545755,-2.4207594299750768,0.0
selective_p1.0_r11,m028_contiguous_substring,6f9a04216ce84ed3a2ef19a2010723c498d866f2bb5d6eda67ea1bd16782bfd8,contiguous_substring,intermediate,64,0.21336037081459594,38.16559685601129,0.7554672130629069,-0.9051862386067699,0.0685820978340493,-1.0422366251996746,-0.7681358520138654,0.0625
selective_p1.0_r11,m029_contiguous_substring,8d4ddfbfac0226f6a695d6b22ee21fbf533251852e95baca71b09f7710bfb22c,contiguous_substring,intermediate,64,0.20227410797593834,37.492729356553816,0.5811279631312567,-1.5780537380642359,0.0582323273544326,-1.6944217587019381,-1.4616857174265336,0.0
selective_p1.0_r11,m030_contiguous_substring,6ff19e1927dcafbb441ab0b4a0a61b92d1295d402f3277307a3f5b9d7850b98a,contiguous_substring,intermediate,64,0.20748377940813187,37.79028116861979,0.6582233196066575,-1.280501925998263,0.05992723219454799,-1.4002569436936825,-1.1607469083028437,0.015625
selective_p1.0_r11,m031_contiguous_substring,c824c782df91faee7515c9d811fab43ed5426465074d2e812a5277507d28ae96,contiguous_substring,intermediate,256,0.24787368908377533,38.823335096571185,0.9258864881847281,-0.2474479980468739,0.05303582002888907,-0.35343162741643647,-0.14146436867731133,0.296875
selective_p1.0_r11,m032_contiguous_substring,ef835eb9c371f618c6958654a7d25a1df1d12c09a53ecf66f9209fb882a8542d,contiguous_substring,intermediate,256,0.24733737343927334,38.9152333577474,0.9496972294323014,-0.1555497368706582,0.06656616227393579,-0.2885715977026787,-0.02252787603863768,0.421875
selective_p1.0_r11,m033_identity,2f88e9ce00d238e7e011a7b140b413dcad818f1da41a721f914f1af604d0e217,identity,identity,1024,0.2627855518521988,39.10937839084201,1.0,0.03859529622395841,0.0005802134194722433,0.03743583222451243,0.039754760223404385,1.0
selective_p1.0_r12,m000_constant,9f1dcbc35c350d6027f98be0f5c8b43b42ca52b7604459c0c42be3aa88913d47,constant,constant,1,0.0,36.77699720594618,0.0,-3.3182278137207026,0.07462341023925002,-3.4673507998229534,-3.169104827618452,0.0
selective_p1.0_r12,m001_balanced_random_group,74484e9508b33b029e993a9e9ccafe4f01d96055374e557f6aa5a37d25bd9c9f,balanced_random_group,intermediate,2,0.011417832587865825,36.81732754177517,0.012032637513797044,-3.2778974778917105,0.07436986468863466,-3.426513793640791,-3.12928116214263,0.0
selective_p1.0_r12,m002_balanced_random_group,e96a93c5fa6154fe18dcd30eb7bdbc3a6e3320a989da83ae67372a9adf58cbba,balanced_random_group,intermediate,4,0.032191923162636485,37.09663662380642,0.0953650687795333,-2.998588395860459,0.06959864859870431,-3.137670197059904,-2.859506594661014,0.0
selective_p1.0_r12,m003_balanced_random_group,14f0105f9e20916e897f4df17fdec0d896085dd5f5320e129bc322820142f8a6,balanced_random_group,intermediate,8,0.07603436321608015,37.76704678005642,0.2953832989755161,-2.3281782396104598,0.0783454188404509,-2.4847390664001012,-2.1716174128208183,0.0
selective_p1.0_r12,m004_balanced_random_group,bb2ba2d5c103ddf6a98d341d94ebe51e88d622a6cb807898cdf9fd63b491a80f,balanced_random_group,intermediate,16,0.10104868212331211,37.66073167588975,0.26366397196312996,-2.4344933437771257,0.08061112470679486,-2.5955818224569094,-2.273404865097342,0.0
selective_p1.0_r12,m005_balanced_random_group,c65bd191d1da1176a8030b84146455e1d1f9bf63bb8d4993a72ab07906c80b78,balanced_random_group,intermediate,32,0.17175350519190064,39.109986029730905,0.6960519485722335,-0.9852389899359804,0.06825554415481058,-1.121636811072353,-0.8488411687996078,0.046875
selective_p1.0_r12,m006_balanced_random_group,54146794238237c8e13f9205ac93004ce5acfdbc51f3cd9b991ee15e2a36f684,balanced_random_group,intermediate,64,0.18378656551082964,38.95072767469618,0.6485368952559918,-1.1444973449707039,0.06630540981400905,-1.2769981335904907,-1.011996556350917,0.0
selective_p1.0_r12,m007_balanced_random_group,e179435da112ea8d971ae26891de689741e68338ddf13a7241197cfbaded0b83,balanced_random_group,intermediate,128,0.22026296751095165,39.870500013563365,0.9229528385234588,-0.22472500610351587,0.061724482837579135,-0.34807154262397594,-0.10137846958305581,0.296875
selective_p1.0_r12,m008_balanced_random_group,e471d7c08820922fc6c21006a6b4685c49e9368d31cd4fbe021c3167456046e0,balanced_random_group,intermediate,256,0.22371634177430155,39.425094265407985,0.7900651299548928,-0.6701307542588976,0.058045708185005596,-0.7861258462443222,-0.5541356622734729,0.0625
selective_p1.0_r12,m009_balanced_random_group,3394d1cdf22e9723777f99c632a137ebcd7b9bff50e9406fa9f5a34da26ac720,balanced_random_group,intermediate,512,0.2352745893597429,40.04105868869358,0.973839365265449,-0.05416633097330725,0.05054414268595978,-0.15517074048961388,0.04683807854299936,0.46875
selective_p1.0_r12,m010_affinity_rank_group,3f53151fb2f814971fd6c0128c5c0b7afe1b5cb5257e46a1db18b8ebc9946d94,affinity_rank_group,intermediate,2,0.026525963946871327,37.368211195204,0.17638989310650868,-2.7270138244628908,0.07730920466472174,-2.881503942454438,-2.5725237064713435,0.0
selective_p1.0_r12,m011_affinity_rank_group,92e56b0f11cdce879476507882d715f1eecc12de134fc3982530e28ffd4eba29,affinity_rank_group,intermediate,4,0.06016128522116171,37.6636952718099,0.26454816681823207,-2.4315297478569864,0.0776938052839961,-2.586788428858708,-2.276271066855265,0.0
selective_p1.0_r12,m012_affinity_rank_group,0a19adabdd017fc722384804e89caf4ecf35837689486f63c24094087da5c2ba,affinity_rank_group,intermediate,8,0.0915862907837425,37.93717651367187,0.3461418501463719,-2.158048505995009,0.07751845972601021,-2.3129567868592567,-2.0031402251307613,0.0
selective_p1.0_r12,m013_affinity_rank_group,d176c8d0ee881709b5af7061b49578d8041bef9dde73ceb9e47e4dd86f7ee987,affinity_rank_group,intermediate,16,0.12786775477491935,38.68534206814236,0.5693585611458682,-1.4098829515245201,0.08322352542960003,-1.5761918964819959,-1.2435740065670444,0.03125
selective_p1.0_r12,m014_affinity_rank_group,a08bb91ec0e66d0b3afe5332032fd3fb6769016bc04c2710b5e01a8e599df454,affinity_rank_group,intermediate,32,0.17962773854679423,38.872493489583334,0.6251955674118154,-1.22273153008355,0.06280925604237617,-1.3482458128785961,-1.0972172472885038,0.015625
selective_p1.0_r12,m015_affinity_rank_group,6ac4e014d135d7a7fbd4592fdf320f48570dc4bce5e1a5c2ca6054715b80f98a,affinity_rank_group,intermediate,64,0.20175845030852985,39.31607326931423,0.7575384945965462,-0.7791517503526468,0.05969481113169754,-0.8984423116152365,-0.6598611890900572,0.046875
selective_p1.0_r12,m016_affinity_rank_group,4c0d0a036a5c51abb14f88b143c35a9a2e7cecb590d4d0752b078fe3b59a18dd,affinity_rank_group,intermediate,128,0.21641466205717957,39.46043802897135,0.8006100135168506,-0.6347869906955301,0.060256466944113976,-0.755199931539014,-0.5143740498520463,0.078125
selective_p1.0_r12,m017_affinity_rank_group,cf78b05538711825e0795152b13c3d2c15b5cd16f89c1995f7b006d8bc57c6a2,affinity_rank_group,intermediate,256,0.2298837563442831,39.94071350097656,0.9439011749371413,-0.15451151869032154,0.04861856828666394,-0.25166797481687525,-0.057355062563767836,0.328125
selective_p1.0_r12,m018_affinity_rank_group,24a6acb87a7364b0b1cbbe6fecc84df53e5243c78a06a6c6c4e7354b3e359435,affinity_rank_group,intermediate,512,0.23557459275513568,40.04897087944879,0.9761999834289352,-0.046254140218099704,0.050648941165379636,-0.14746797278462553,0.054959692348426126,0.40625
selective_p1.0_r12,m019_contiguous_substring,16cfd655e57fba08a658c1d50e1fe5976b2f905eee09ec260833cfb2b49d6f38,contiguous_substring,intermediate,4,0.03774446578831428,37.32734646267362,0.1641978172527072,-2.7678785569932725,0.07375859327589229,-2.9152733442957857,-2.6204837696907592,0.0
selective_p1.0_r12,m020_contiguous_substring,6fb076d21f3b26febc2e6a328628b3ea581ce0709de4263bbe675d61bdb74942,contiguous_substring,intermediate,4,0.04176802766511558,37.16747266981337,0.11649914681266559,-2.927752349853516,0.09007565675518497,-3.1077541866415843,-2.7477505130654474,0.0
selective_p1.0_r12,m021_contiguous_substring,3ac98b3bd2edbbfc3b4339ca0066047ccba8e1cfa0ce798acbd27bab5b87d8af,contiguous_substring,intermediate,4,0.03733806920407117,37.12005988226997,0.10235344546151731,-2.9751651373969183,0.08163301117662822,-3.138295693239223,-2.8120345815546135,0.0
selective_p1.0_r12,m022_contiguous_substring,fc015e86e4e7f2c734c05fb1135856a6186a7b6e6f3079acc6d6c6e4aa7442e4,contiguous_substring,intermediate,4,0.030735052373996707,37.420490180121526,0.19198743431641105,-2.674734839545356,0.0682964961989169,-2.811214496811765,-2.5382551822789465,0.0
selective_p1.0_r12,m023_contiguous_substring,6d8bb74bcdeefe62988bcebfe3cdb7110ea14648c3393721f4a4095032ddf61b,contiguous_substring,intermediate,4,0.024951203874667684,37.18315158420139,0.12117698272855888,-2.9120734354654942,0.07228376675498475,-3.056521017138093,-2.7676258537928953,0.0
selective_p1.0_r12,m024_contiguous_substring,94ab69bff5420fbcf4c18d7a247ef0e4b9577d1295271abf78a62f51c3b59a0f,contiguous_substring,intermediate,16,0.1016065059338883,38.050932820638025,0.3800812751101487,-2.044292199028863,0.07964534324560436,-2.203450717459535,-1.8851336805981915,0.0
selective_p1.0_r12,m025_contiguous_substring,ae330f3e6dd51f734f790820a896827f916e8d775c69ea1f205c55aa81507fe0,contiguous_substring,intermediate,16,0.0998619942012681,37.73948533799913,0.28716028682309774,-2.355739681667751,0.05461129477009255,-2.4648716460863778,-2.246607717249124,0.0
selective_p1.0_r12,m026_contiguous_substring,5d3c5ea59a3a81c2ffdcfc7029fe0ab078b39be0217f1ee2611101845014273b,contiguous_substring,intermediate,16,0.10209683871585462,38.155470445421,0.4112702875423913,-1.9397545742458768,0.07112731335143582,-2.081891168196628,-1.7976179802951258,0.0
selective_p1.0_r12,m027_contiguous_substring,6edfbfdb62fbf79744d4ecfb6fe43de95b2133d87a10f24061ecc84297b1c267,contiguous_substring,intermediate,16,0.10954895730053887,38.09877251519097,0.394354345033673,-1.9964525044759112,0.08149367429159218,-2.15930461777178,-1.8336003911800423,0.0
selective_p1.0_r12,m028_contiguous_substring,6f9a04216ce84ed3a2ef19a2010723c498d866f2bb5d6eda67ea1bd16782bfd8,contiguous_substring,intermediate,64,0.16461385168889453,38.92507595486111,0.6408836526028754,-1.1701490648057726,0.07481831777951264,-1.3196615425477731,-1.0206365870637721,0.03125
selective_p1.0_r12,m029_contiguous_substring,8d4ddfbfac0226f6a695d6b22ee21fbf533251852e95baca71b09f7710bfb22c,contiguous_substring,intermediate,64,0.15523485924566394,38.74534606933594,0.5872608766336741,-1.3498789503309458,0.0701240931901928,-1.4900107687604107,-1.209747131901481,0.0
selective_p1.0_r12,m030_contiguous_substring,6ff19e1927dcafbb441ab0b4a0a61b92d1295d402f3277307a3f5b9d7850b98a,contiguous_substring,intermediate,64,0.1784977355693203,38.7734615749783,0.5956491947807416,-1.3217634446885862,0.07520626133307737,-1.4720511657618847,-1.1714757236152877,0.015625
selective_p1.0_r12,m031_contiguous_substring,c824c782df91faee7515c9d811fab43ed5426465074d2e812a5277507d28ae96,contiguous_substring,intermediate,256,0.19996718163993973,39.61427171495225,0.8465066058157147,-0.4809533047146266,0.06106407310604205,-0.6029801176938808,-0.35892649173537233,0.1875
selective_p1.0_r12,m032_contiguous_substring,ef835eb9c371f618c6958654a7d25a1df1d12c09a53ecf66f9209fb882a8542d,contiguous_substring,intermediate,256,0.2130181066262901,39.345311143663196,0.7662616737242081,-0.7499138760036889,0.07159301167479226,-0.892981093794587,-0.6068466582127907,0.125
selective_p1.0_r12,m033_identity,2f88e9ce00d238e7e011a7b140b413dcad818f1da41a721f914f1af604d0e217,identity,identity,1024,0.23691160225069974,40.12874247233073,1.0,0.03351745266384554,0.0007537718205984574,0.03201115987493397,0.035023745452757105,1.0
selective_p1.0_r13,m000_constant,9f1dcbc35c350d6027f98be0f5c8b43b42ca52b7604459c0c42be3aa88913d47,constant,constant,1,0.0,36.85229356553819,0.0,-2.4450413818359373,0.06669265219222227,-2.57831601259989,-2.3117667510719846,0.0
selective_p1.0_r13,m001_balanced_random_group,74484e9508b33b029e993a9e9ccafe4f01d96055374e557f6aa5a37d25bd9c9f,balanced_random_group,intermediate,2,0.01565812668656834,36.863306003146704,0.004458948348858764,-2.4340289442274314,0.07737443392419147,-2.5886494124927353,-2.2794084759621276,0.0
selective_p1.0_r13,m002_balanced_random_group,e96a93c5fa6154fe18dcd30eb7bdbc3a6e3320a989da83ae67372a9adf58cbba,balanced_random_group,intermediate,4,0.034201196536723294,36.7303236219618,-0.049385767062132484,-2.5670113254123272,0.07735555237691448,-2.721594061916202,-2.4124285889084525,0.0
selective_p1.0_r13,m003_balanced_random_group,14f0105f9e20916e897f4df17fdec0d896085dd5f5320e129bc322820142f8a6,balanced_random_group,intermediate,8,0.09945968737844062,37.31907416449653,0.18899998846717248,-1.978260782877605,0.07459748160059188,-2.1273319547300127,-1.8291896110251973,0.0
selective_p1.0_r13,m004_balanced_random_group,bb2ba2d5c103ddf6a98d341d94ebe51e88d622a6cb807898cdf9fd63b491a80f,balanced_random_group,intermediate,16,0.13620073726492538,38.203344726562506,0.5470421316181288,-1.0939902208116317,0.0797214908403994,-1.2533009080681976,-0.9346795335550656,0.03125
selective_p1.0_r13,m005_balanced_random_group,c65bd191d1da1176a8030b84146455e1d1f9bf63bb8d4993a72ab07906c80b78,balanced_random_group,intermediate,32,0.16315143717550787,38.110569932725696,0.5094775134563392,-1.1867650146484368,0.07379305573842196,-1.3342286696870183,-1.0393013596098553,0.0
selective_p1.0_r13,m006_balanced_random_group,54146794238237c8e13f9205ac93004ce5acfdbc51f3cd9b991ee15e2a36f684,balanced_random_group,intermediate,64,0.2040962133610156,38.471327718098955,0.6555487456950947,-0.8260072292751741,0.07206570458399936,-0.9700190484707029,-0.6819954100796454,0.0625
selective_p1.0_r13,m007_balanced_random_group,e179435da112ea8d971ae26891de689741e68338ddf13a7241197cfbaded0b83,balanced_random_group,intermediate,128,0.2289010357253394,39.04017028808593,0.8858737407936407,-0.25716465928819476,0.06086082042577453,-0.37878530419609446,-0.1355440143802951,0.3125
selective_p1.0_r13,m008_balanced_random_group,e471d7c08820922fc6c21006a6b4685c49e9368d31cd4fbe021c3167456046e0,balanced_random_group,intermediate,256,0.2508998624126135,39.11048312717014,0.9143434882631492,-0.1868518202039937,0.057417821589878446,-0.3015921809502705,-0.07211145945771691,0.359375
selective_p1.0_r13,m009_balanced_random_group,3394d1cdf22e9723777f99c632a137ebcd7b9bff50e9406fa9f5a34da26ac720,balanced_random_group,intermediate,512,0.2527135019239296,39.318361070421005,0.9985135008229462,0.02102612304687379,0.05975831879070968,-0.0983913481454804,0.14044359423922798,0.46875
selective_p1.0_r13,m010_affinity_rank_group,3f53151fb2f814971fd6c0128c5c0b7afe1b5cb5257e46a1db18b8ebc9946d94,affinity_rank_group,intermediate,2,0.01526724991515253,36.95240376790365,0.04053473330884179,-2.3449311794704872,0.06993395168429034,-2.4846830304198915,-2.205179328521083,0.0
selective_p1.0_r13,m011_affinity_rank_group,92e56b0f11cdce879476507882d715f1eecc12de134fc3982530e28ffd4eba29,affinity_rank_group,intermediate,4,0.03981961649297018,37.280372111002606,0.173329483565447,-2.016962836371527,0.06630458689103404,-2.14946198051097,-1.8844636922320845,0.0
selective_p1.0_r13,m012_affinity_rank_group,0a19adabdd017fc722384804e89caf4ecf35837689486f63c24094087da5c2ba,affinity_rank_group,intermediate,8,0.08619989209673226,37.92917039659289,0.43602863765995825,-1.3681645507812492,0.0635108241342436,-1.495080805537613,-1.2412482960248854,0.0
selective_p1.0_r13,m013_affinity_rank_group,d176c8d0ee881709b5af7061b49578d8041bef9dde73ceb9e47e4dd86f7ee987,affinity_rank_group,intermediate,16,0.1426559191205752,38.515286933051215,0.6733478811723269,-0.7820480143229164,0.07821432542167471,-0.9383468718189596,-0.6257491568268732,0.078125
selective_p1.0_r13,m014_affinity_rank_group,a08bb91ec0e66d0b3afe5332032fd3fb6769016bc04c2710b5e01a8e599df454,affinity_rank_group,intermediate,32,0.18268669941955623,39.15724351671007,0.9332768224751724,-0.14009143066406282,0.07588634178970517,-0.2917381840860166,0.011555322757890979,0.484375
selective_p1.0_r13,m015_affinity_rank_group,6ac4e014d135d7a7fbd4592fdf320f48570dc4bce5e1a5c2ca6054715b80f98a,affinity_rank_group,intermediate,64,0.2223944861929144,39.457208251953126,1.0547328804776104,0.15987330457899296,0.07484438625104753,0.010308733153442745,0.3094378760045432,0.5625
selective_p1.0_r13,m016_affinity_rank_group,4c0d0a036a5c51abb14f88b143c35a9a2e7cecb590d4d0752b078fe3b59a18dd,affinity_rank_group,intermediate,128,0.23384555192721856,39.43642069498698,1.0463159753285312,0.1390857476128472,0.07643610531296043,-0.013659620546426637,0.29183111577212106,0.59375
selective_p1.0_r13,m017_affinity_rank_group,cf78b05538711825e0795152b13c3d2c15b5cd16f89c1995f7b006d8bc57c6a2,affinity_rank_group,intermediate,256,0.2465853153750009,39.195059882269966,0.9485887113382506,-0.10227506510416629,0.06704010697191062,-0.23624402884106266,0.03169389863273009,0.453125
selective_p1.0_r13,m018_affinity_rank_group,24a6acb87a7364b0b1cbbe6fecc84df53e5243c78a06a6c6c4e7354b3e359435,affinity_rank_group,intermediate,512,0.2521230533451553,39.22359924316407,0.9601443305989538,-0.07373570421006981,0.07024113855269834,-0.21410141913274355,0.06663001071260394,0.40625
selective_p1.0_r13,m019_contiguous_substring,16cfd655e57fba08a658c1d50e1fe5976b2f905eee09ec260833cfb2b49d6f38,contiguous_substring,intermediate,4,0.04755692550278564,37.14965006510417,0.1203999804491123,-2.1476848822699646,0.07126032725159741,-2.290087283290127,-2.005282481249802,0.0
selective_p1.0_r13,m020_contiguous_substring,6fb076d21f3b26febc2e6a328628b3ea581ce0709de4263bbe675d61bdb74942,contiguous_substring,intermediate,4,0.04901350482626515,36.79940829806857,-0.021413304160770363,-2.497926649305555,0.06948315168936509,-2.636777648348532,-2.3590756502625783,0.0
selective_p1.0_r13,m021_contiguous_substring,3ac98b3bd2edbbfc3b4339ca0066047ccba8e1cfa0ce798acbd27bab5b87d8af,contiguous_substring,intermediate,4,0.033649936354324415,37.07708774142796,0.09101941414331602,-2.2202472059461806,0.06850821173367787,-2.3571499429491842,-2.083344468943177,0.0
selective_p1.0_r13,m022_contiguous_substring,fc015e86e4e7f2c734c05fb1135856a6186a7b6e6f3079acc6d6c6e4aa7442e4,contiguous_substring,intermediate,4,0.04286979901831519,37.29744601779514,0.18024272759075458,-1.9998889295789932,0.07167983369719198,-2.1431296473372363,-1.8566482118207501,0.0
selective_p1.0_r13,m023_contiguous_substring,6d8bb74bcdeefe62988bcebfe3cdb7110ea14648c3393721f4a4095032ddf61b,contiguous_substring,intermediate,4,0.04369714372515394,37.35348375108507,0.20293246870073,-1.9438511962890632,0.06401742469548663,-2.071779811485823,-1.8159225810923039,0.0
selective_p1.0_r13,m024_contiguous_substring,94ab69bff5420fbcf4c18d7a247ef0e4b9577d1295271abf78a62f51c3b59a0f,contiguous_substring,intermediate,16,0.13791456020344464,37.54413214789497,0.2801262185668674,-1.7532027994791668,0.07415508065196622,-1.9013899035798862,-1.6050156953784473,0.0
selective_p1.0_r13,m025_contiguous_substring,ae330f3e6dd51f734f790820a896827f916e8d775c69ea1f205c55aa81507fe0,contiguous_substring,intermediate,16,0.10458215832705281,37.46430121527777,0.247802584342042,-1.8330337320963555,0.07828158804597052,-1.9894670032215254,-1.6766004609711855,0.0
selective_p1.0_r13,m026_contiguous_substring,5d3c5ea59a3a81c2ffdcfc7029fe0ab078b39be0217f1ee2611101845014273b,contiguous_substring,intermediate,16,0.11527692640142456,37.73002183702257,0.35539316235091767,-1.5673131103515607,0.06936475080019798,-1.7059275040974444,-1.428698716605677,0.0
selective_p1.0_r13,m027_contiguous_substring,6edfbfdb62fbf79744d4ecfb6fe43de95b2133d87a10f24061ecc84297b1c267,contiguous_substring,intermediate,16,0.11117552165924822,37.75431349012587,0.36522887995918435,-1.5430214572482646,0.07628499715830667,-1.6954648598557882,-1.390578054640741,0.0
selective_p1.0_r13,m028_contiguous_substring,6f9a04216ce84ed3a2ef19a2010723c498d866f2bb5d6eda67ea1bd16782bfd8,contiguous_substring,intermediate,64,0.19287645281511076,38.59954969618056,0.7074659685461335,-0.6977852511935767,0.07214940020139375,-0.8419643227345759,-0.5536061796525775,0.109375
selective_p1.0_r13,m029_contiguous_substring,8d4ddfbfac0226f6a695d6b22ee21fbf533251852e95baca71b09f7710bfb22c,contiguous_substring,intermediate,64,0.16906563295554164,38.84713880750868,0.8077150776351522,-0.45019613986545226,0.07047657979707639,-0.5910323465721482,-0.3093599331587563,0.1875
selective_p1.0_r13,m030_contiguous_substring,6ff19e1927dcafbb441ab0b4a0a61b92d1295d402f3277307a3f5b9d7850b98a,contiguous_substring,intermediate,64,0.1709444983724229,38.091370307074655,0.5017035634791581,-1.2059646402994795,0.07138143358562703,-1.3486090530168897,-1.0633202275820692,0.03125
selective_p1.0_r13,m031_contiguous_substring,c824c782df91faee7515c9d811fab43ed5426465074d2e812a5277507d28ae96,contiguous_substring,intermediate,256,0.22642713388891583,39.00358174641927,0.8710589992031347,-0.2937532009548611,0.06961329146357118,-0.43286426358482843,-0.15464213832489385,0.328125
selective_p1.0_r13,m032_contiguous_substring,ef835eb9c371f618c6958654a7d25a1df1d12c09a53ecf66f9209fb882a8542d,contiguous_substring,intermediate,256,0.22209110088803546,39.317717488606775,0.9982529138239605,0.02038254123263805,0.062492813315083634,-0.10449938123107357,0.14526446369634965,0.546875
selective_p1.0_r13,m033_identity,2f88e9ce00d238e7e011a7b140b413dcad818f1da41a721f914f1af604d0e217,identity,identity,1024,0.25409839062810163,39.32203233506945,1.0,0.02469738769531271,0.0006736631534567139,0.02335117930375779,0.026043596086867633,1.0
selective_p1.0_r14,m000_constant,9f1dcbc35c350d6027f98be0f5c8b43b42ca52b7604459c0c42be3aa88913d47,constant,constant,1,-1.232595164407831e-32,38.311253526475696,0.0,-1.6059583740234384,0.05441292457260301,-1.714693927233994,-1.4972228208128828,0.0
selective_p1.0_r14,m001_balanced_random_group,74484e9508b33b029e993a9e9ccafe4f01d96055374e557f6aa5a37d25bd9c9f,balanced_random_group,intermediate,2,0.02059519489369152,38.35153401692708,0.02483108291715364,-1.5656778835720493,0.04864624017904447,-1.6628896375630353,-1.4684661295810633,0.0
selective_p1.0_r14,m002_balanced_random_group,e96a93c5fa6154fe18dcd30eb7bdbc3a6e3320a989da83ae67372a9adf58cbba,balanced_random_group,intermediate,4,0.05222885678540278,38.01949903700087,-0.17985331952063535,-1.8977128634982634,0.05920058488009822,-2.016015792405104,-1.7794099345914227,0.0
selective_p1.0_r14,m003_balanced_random_group,14f0105f9e20916e897f4df17fdec0d896085dd5f5320e129bc322820142f8a6,balanced_random_group,intermediate,8,0.10805347738914531,38.22889268663195,-0.05077169667917979,-1.688319213867187,0.04369540984232864,-1.7756375228771721,-1.6010009048572018,0.0
selective_p1.0_r14,m004_balanced_random_group,bb2ba2d5c103ddf6a98d341d94ebe51e88d622a6cb807898cdf9fd63b491a80f,balanced_random_group,intermediate,16,0.14870070576177122,39.08410135904948,0.4764253959653849,-0.8331105414496522,0.04360205142438244,-0.9202422885480699,-0.7459787943512346,0.0
selective_p1.0_r14,m005_balanced_random_group,c65bd191d1da1176a8030b84146455e1d1f9bf63bb8d4993a72ab07906c80b78,balanced_random_group,intermediate,32,0.18330911669442465,39.17441677517361,0.532100725668288,-0.7427951253255217,0.05468494432551947,-0.8520742666366968,-0.6335159840143466,0.015625
selective_p1.0_r14,m006_balanced_random_group,54146794238237c8e13f9205ac93004ce5acfdbc51f3cd9b991ee15e2a36f684,balanced_random_group,intermediate,64,0.22275409798098697,39.863270399305556,0.956747527803068,-0.05394150119357666,0.05302778767176948,-0.15990907917825514,0.05202607679110183,0.453125
selective_p1.0_r14,m007_balanced_random_group,e179435da112ea8d971ae26891de689741e68338ddf13a7241197cfbaded0b83,balanced_random_group,intermediate,128,0.23034821533377398,40.00930752224393,1.046772745173291,0.09209562174479347,0.040700124807368655,0.010762912256574511,0.17342833123301243,0.609375
selective_p1.0_r14,m008_balanced_random_group,e471d7c08820922fc6c21006a6b4685c49e9368d31cd4fbe021c3167456046e0,balanced_random_group,intermediate,256,0.2274311788555423,39.716561211480034,0.8663080131203876,-0.20065068901909766,0.04784726746058265,-0.2962658234344134,-0.10503555460378193,0.359375
selective_p1.0_r14,m009_balanced_random_group,3394d1cdf22e9723777f99c632a137ebcd7b9bff50e9406fa9f5a34da26ac720,balanced_random_group,intermediate,512,0.2431654139070911,39.954371473524304,1.0129071798434919,0.037159573025174475,0.03307858712005056,-0.02894270870612696,0.10326185475647591,0.515625
selective_p1.0_r14,m010_affinity_rank_group,3f53151fb2f814971fd6c0128c5c0b7afe1b5cb5257e46a1db18b8ebc9946d94,affinity_rank_group,intermediate,2,0.015021564758716263,38.34665832519532,0.021825441617528172,-1.5705535753038196,0.04233458226659026,-1.6551524873978265,-1.4859546632098126,0.0
selective_p1.0_r14,m011_affinity_rank_group,92e56b0f11cdce879476507882d715f1eecc12de134fc3982530e28ffd4eba29,affinity_rank_group,intermediate,4,0.0364952105808676,38.272215101453995,-0.02406540629982727,-1.6449967990451388,0.05215493498029209,-1.7492201201087898,-1.540773477981488,0.0
selective_p1.0_r14,m012_affinity_rank_group,0a19adabdd017fc722384804e89caf4ecf35837689486f63c24094087da5c2ba,affinity_rank_group,intermediate,8,0.09356867567902388,38.606336466471355,0.1819051572699346,-1.3108754340277775,0.06008245360609651,-1.4309406369629616,-1.1908102310925934,0.0
selective_p1.0_r14,m013_affinity_rank_group,d176c8d0ee881709b5af7061b49578d8041bef9dde73ceb9e47e4dd86f7ee987,affinity_rank_group,intermediate,16,0.13434729600522669,39.15870632595487,0.5224159511572335,-0.7585055745442703,0.05656738997006296,-0.8715464833060282,-0.6454646657825123,0.046875
selective_p1.0_r14,m014_affinity_rank_group,a08bb91ec0e66d0b3afe5332032fd3fb6769016bc04c2710b5e01a8e599df454,affinity_rank_group,intermediate,32,0.1773809120956351,39.40809631347656,0.6761534898382172,-0.5091155870225694,0.05210523577210014,-0.6132395921435592,-0.4049915819015797,0.0625
selective_p1.0_r14,m015_affinity_rank_group,6ac4e014d135d7a7fbd4592fdf320f48570dc4bce5e1a5c2ca6054715b80f98a,affinity_rank_group,intermediate,64,0.21702021886935127,39.78190714518229,0.9065907971648806,-0.1353047553168396,0.05373391837627496,-0.24268342291665013,-0.02792608771702909,0.390625
selective_p1.0_r14,m016_affinity_rank_group,4c0d0a036a5c51abb14f88b143c35a9a2e7cecb590d4d0752b078fe3b59a18dd,affinity_rank_group,intermediate,128,0.23378494041005077,39.81195339626737,0.9251129388687832,-0.10525850423177074,0.04601144059303882,-0.19720503138862477,-0.0133119770749167,0.4375
selective_p1.0_r14,m017_affinity_rank_group,cf78b05538711825e0795152b13c3d2c15b5cd16f89c1995f7b006d8bc57c6a2,affinity_rank_group,intermediate,256,0.2360934216990563,39.87936537000868,0.9666693422497097,-0.037846530490450836,0.043810871752698835,-0.12539557171704563,0.04970251073614396,0.46875
selective_p1.0_r14,m018_affinity_rank_group,24a6acb87a7364b0b1cbbe6fecc84df53e5243c78a06a6c6c4e7354b3e359435,affinity_rank_group,intermediate,512,0.23873881909243105,39.91704508463542,0.98989716563782,-0.00016681586371602997,0.046449949960157284,-0.092989634067158,0.09265600233972594,0.515625
selective_p1.0_r14,m019_contiguous_substring,16cfd655e57fba08a658c1d50e1fe5976b2f905eee09ec260833cfb2b49d6f38,contiguous_substring,intermediate,4,0.05583809758086246,38.62806667751736,0.19530084004946305,-1.2891452229817701,0.05052518778759777,-1.3901117541562007,-1.1881786918073396,0.0
selective_p1.0_r14,m020_contiguous_substring,6fb076d21f3b26febc2e6a328628b3ea581ce0709de4263bbe675d61bdb74942,contiguous_substring,intermediate,4,0.05199100480677125,38.504881117078995,0.11936256742260247,-1.412330783420138,0.048537312688692144,-1.509324863190958,-1.315336703649318,0.0
selective_p1.0_r14,m021_contiguous_substring,3ac98b3bd2edbbfc3b4339ca0066047ccba8e1cfa0ce798acbd27bab5b87d8af,contiguous_substring,intermediate,4,0.0416857797791587,38.556760999891495,0.15134414603332264,-1.3604509006076393,0.05361663080932919,-1.4675951877072884,-1.2533066135079902,0.0
selective_p1.0_r14,m022_contiguous_substring,fc015e86e4e7f2c734c05fb1135856a6186a7b6e6f3079acc6d6c6e4aa7442e4,contiguous_substring,intermediate,4,0.04647388380519339,38.445480007595485,0.08274449603302847,-1.4717318929036476,0.046565466203635865,-1.5647855518997524,-1.3786782339075427,0.0
selective_p1.0_r14,m023_contiguous_substring,6d8bb74bcdeefe62988bcebfe3cdb7110ea14648c3393721f4a4095032ddf61b,contiguous_substring,intermediate,4,0.07550317605423973,38.96719326443143,0.404356894350425,-0.9500186360677081,0.053269339813019914,-1.05646891748938,-0.8435683546460362,0.0
selective_p1.0_r14,m024_contiguous_substring,94ab69bff5420fbcf4c18d7a247ef0e4b9577d1295271abf78a62f51c3b59a0f,contiguous_substring,intermediate,16,0.149731702374103,40.014162868923606,1.0497658446773814,0.09695096842447892,0.06072280889730403,-0.024393882450742893,0.21829581929970074,0.65625
selective_p1.0_r14,m025_contiguous_substring,ae330f3e6dd51f734f790820a896827f916e8d775c69ea1f205c55aa81507fe0,contiguous_substring,intermediate,16,0.14167053621171452,38.82436252170139,0.3163082639562995,-1.0928493787977436,0.048668677879101944,-1.1901059709544353,-0.9955927866410518,0.0
selective_p1.0_r14,m026_contiguous_substring,5d3c5ea59a3a81c2ffdcfc7029fe0ab078b39be0217f1ee2611101845014273b,contiguous_substring,intermediate,16,0.12349552912273794,38.55345255533854,0.14930464104962785,-1.3637593451605912,0.04591706297569258,-1.4555172736983957,-1.2720014166227867,0.0
selective_p1.0_r14,m027_contiguous_substring,6edfbfdb62fbf79744d4ecfb6fe43de95b2133d87a10f24061ecc84297b1c267,contiguous_substring,intermediate,16,0.13566575884532256,39.219670613606766,0.559997650503632,-0.6975412868923604,0.04705174862015822,-0.7915667037565169,-0.6035158700282038,0.046875
selective_p1.0_r14,m028_contiguous_substring,6f9a04216ce84ed3a2ef19a2010723c498d866f2bb5d6eda67ea1bd16782bfd8,contiguous_substring,intermediate,64,0.21657146157838722,39.73141072591145,0.8754620606504449,-0.18580117458767498,0.04811229233710067,-0.28194591895851323,-0.08965643021683674,0.296875
selective_p1.0_r14,m029_contiguous_substring,8d4ddfbfac0226f6a695d6b22ee21fbf533251852e95baca71b09f7710bfb22c,contiguous_substring,intermediate,64,0.21822236207643927,39.41264173719618,0.6789555359903535,-0.5045701633029512,0.04784405282132403,-0.6001788737743069,-0.4089614528315956,0.09375
selective_p1.0_r14,m030_contiguous_substring,6ff19e1927dcafbb441ab0b4a0a61b92d1295d402f3277307a3f5b9d7850b98a,contiguous_substring,intermediate,64,0.2146459553917937,39.64903123643663,0.8246788673253568,-0.26818066406249874,0.04391134253219437,-0.3559304801210981,-0.18043084800389936,0.28125
selective_p1.0_r14,m031_contiguous_substring,c824c782df91faee7515c9d811fab43ed5426465074d2e812a5277507d28ae96,contiguous_substring,intermediate,256,0.2338231663068966,39.705648464626734,0.8595808030260805,-0.21156343587239712,0.0467541620244477,-0.30499417337743456,-0.11813269836735968,0.28125
selective_p1.0_r14,m032_contiguous_substring,ef835eb9c371f618c6958654a7d25a1df1d12c09a53ecf66f9209fb882a8542d,contiguous_substring,intermediate,256,0.23386203429546587,39.81553887261285,0.9273232213016525,-0.1016730278862854,0.04274216292765358,-0.18708642493964256,-0.01625963083292825,0.40625
selective_p1.0_r14,m033_identity,2f88e9ce00d238e7e011a7b140b413dcad818f1da41a721f914f1af604d0e217,identity,identity,1024,0.2441076667416438,39.93343370225695,1.0,0.016221801757812737,0.000549625500733339,0.015123462836494043,0.017320140679131433,1.0
selective_p1.0_r15,m000_constant,9f1dcbc35c350d6027f98be0f5c8b43b42ca52b7604459c0c42be3aa88913d47,constant,constant,1,-1.232595164407831e-32,37.53908996582031,0.0,-2.5504920654296885,0.07631834939923424,-2.7030021171724417,-2.3979820136869354,0.0
selective_p1.0_r15,m001_balanced_random_group,74484e9508b33b029e993a9e9ccafe4f01d96055374e557f6aa5a37d25bd9c9f,balanced_random_group,intermediate,2,0.00879655618906606,37.414556884765624,-0.04833880956354526,-2.6750251464843755,0.07103328599597403,-2.816973841758601,-2.53307645121015,0.0
selective_p1.0_r15,m002_balanced_random_group,e96a93c5fa6154fe18dcd30eb7bdbc3a6e3320a989da83ae67372a9adf58cbba,balanced_random_group,intermediate,4,0.03408784419230129,37.756078762478296,0.08422645637802247,-2.3335032687717017,0.07729626968935095,-2.4879675382775486,-2.1790389992658548,0.0
selective_p1.0_r15,m003_balanced_random_group,14f0105f9e20916e897f4df17fdec0d896085dd5f5320e129bc322820142f8a6,balanced_random_group,intermediate,8,0.06032721819013995,38.03770480685765,0.19354253217164977,-2.051877224392362,0.0650560015312803,-2.181881269786611,-1.9218731789981134,0.0
selective_p1.0_r15,m004_balanced_random_group,bb2ba2d5c103ddf6a98d341d94ebe51e88d622a6cb807898cdf9fd63b491a80f,balanced_random_group,intermediate,16,0.09517408245837396,38.83469916449653,0.5029041744826445,-1.254882866753472,0.09173234611618421,-1.438195333057988,-1.071570400448956,0.03125
selective_p1.0_r15,m005_balanced_random_group,c65bd191d1da1176a8030b84146455e1d1f9bf63bb8d4993a72ab07906c80b78,balanced_random_group,intermediate,32,0.14523061326295256,38.625790405273435,0.42181406860301,-1.463791625976563,0.06340963235036534,-1.590505665088633,-1.3370775868644933,0.0
selective_p1.0_r15,m006_balanced_random_group,54146794238237c8e13f9205ac93004ce5acfdbc51f3cd9b991ee15e2a36f684,balanced_random_group,intermediate,64,0.18043071639721575,39.64843275282118,0.8187633231389971,-0.44114927842881935,0.08099681655662459,-0.6030085007690374,-0.27929005608860125,0.28125
selective_p1.0_r15,m007_balanced_random_group,e179435da112ea8d971ae26891de689741e68338ddf13a7241197cfbaded0b83,balanced_random_group,intermediate,128,0.20300589733288585,39.719028388129345,0.8461657526161929,-0.3705536431206604,0.06629865284781745,-0.5030409290209622,-0.2380663572203586,0.265625
selective_p1.0_r15,m008_balanced_random_group,e471d7c08820922fc6c21006a6b4685c49e9368d31cd4fbe021c3167456046e0,balanced_random_group,intermediate,256,0.21456927990598706,39.41659918891059,0.7287747160845315,-0.6729828423394097,0.06317354157439768,-0.7992250916821482,-0.5467405929966713,0.125
selective_p1.0_r15,m009_balanced_random_group,3394d1cdf22e9723777f99c632a137ebcd7b9bff50e9406fa9f5a34da26ac720,balanced_random_group,intermediate,512,0.22429562205960935,40.11580064561632,1.0001770276310495,0.02621861436631956,0.06628897064021694,-0.10624932318599303,0.15868655191863215,0.546875
selective_p1.0_r15,m010_affinity_rank_group,3f53151fb2f814971fd6c0128c5c0b7afe1b5cb5257e46a1db18b8ebc9946d94,affinity_rank_group,intermediate,2,0.006235666508140504,37.5847907172309,0.01773922158384136,-2.504791314019098,0.07883930787697618,-2.662339099293934,-2.3472435287442615,0.0
selective_p1.0_r15,m011_affinity_rank_group,92e56b0f11cdce879476507882d715f1eecc12de134fc3982530e28ffd4eba29,affinity_rank_group,intermediate,4,0.024801655528079267,37.550439453125,0.004405421441588316,-2.5391425781250008,0.07666193537588091,-2.6923392316547288,-2.3859459245952728,0.0
selective_p1.0_r15,m012_affinity_rank_group,0a19adabdd017fc722384804e89caf4ecf35837689486f63c24094087da5c2ba,affinity_rank_group,intermediate,8,0.04602681041366016,37.960183037651916,0.16345165184548657,-2.12939899359809,0.06334467369434668,-2.2559832231942503,-2.00281476400193,0.0
selective_p1.0_r15,m013_affinity_rank_group,d176c8d0ee881709b5af7061b49578d8041bef9dde73ceb9e47e4dd86f7ee987,affinity_rank_group,intermediate,16,0.08951441167575339,38.76224534776476,0.4747804725755916,-1.3273366834852434,0.07137230581787256,-1.469962855814287,-1.1847105111561997,0.0
selective_p1.0_r15,m014_affinity_rank_group,a08bb91ec0e66d0b3afe5332032fd3fb6769016bc04c2710b5e01a8e599df454,affinity_rank_group,intermediate,32,0.13534340833005995,39.10311347113715,0.6070919769761398,-0.9864685601128486,0.06892099719935486,-1.1241961830472778,-0.8487409371784193,0.03125
selective_p1.0_r15,m015_affinity_rank_group,6ac4e014d135d7a7fbd4592fdf320f48570dc4bce5e1a5c2ca6054715b80f98a,affinity_rank_group,intermediate,64,0.17182619613435832,39.9958499484592,0.9536169179976415,-0.09373208279079948,0.08221442656222082,-0.25802450457017945,0.0705603389885805,0.453125
selective_p1.0_r15,m016_affinity_rank_group,4c0d0a036a5c51abb14f88b143c35a9a2e7cecb590d4d0752b078fe3b59a18dd,affinity_rank_group,intermediate,128,0.20244515095949805,39.84737311469184,0.8959840919943489,-0.24220891655815957,0.06632021055338898,-0.37473928209550866,-0.10967855102081048,0.375
selective_p1.0_r15,m017_affinity_rank_group,cf78b05538711825e0795152b13c3d2c15b5cd16f89c1995f7b006d8bc57c6a2,affinity_rank_group,intermediate,256,0.21660161661436345,39.864538235134546,0.9026469118747217,-0.22504379611545078,0.05631311182924508,-0.33757657055933554,-0.112511021671566,0.28125
selective_p1.0_r15,m018_affinity_rank_group,24a6acb87a7364b0b1cbbe6fecc84df53e5243c78a06a6c6c4e7354b3e359435,affinity_rank_group,intermediate,512,0.22553694297396026,40.17900899251302,1.0247120043423736,0.08942696126302074,0.05535557526103572,-0.021192329035665078,0.20004625156170658,0.546875
selective_p1.0_r15,m019_contiguous_substring,16cfd655e57fba08a658c1d50e1fe5976b2f905eee09ec260833cfb2b49d6f38,contiguous_substring,intermediate,4,0.03403715405677995,37.767979600694446,0.08884589040555126,-2.321602430555557,0.06960607739441806,-2.460699077018659,-2.182505784092455,0.0
selective_p1.0_r15,m020_contiguous_substring,6fb076d21f3b26febc2e6a328628b3ea581ce0709de4263bbe675d61bdb74942,contiguous_substring,intermediate,4,0.02034542465983281,37.63489956325955,0.03718949090275628,-2.4546824679904518,0.08039677668464285,-2.61534260632736,-2.2940223296535436,0.0
selective_p1.0_r15,m021_contiguous_substring,3ac98b3bd2edbbfc3b4339ca0066047ccba8e1cfa0ce798acbd27bab5b87d8af,contiguous_substring,intermediate,4,0.03021625066963201,37.676094902886284,0.05317989008229416,-2.413487128363715,0.07491283047121862,-2.5631884746493343,-2.263785782078096,0.0
selective_p1.0_r15,m022_contiguous_substring,fc015e86e4e7f2c734c05fb1135856a6186a7b6e6f3079acc6d6c6e4aa7442e4,contiguous_substring,intermediate,4,0.02243417682051041,37.5731441921658,0.01321850184872246,-2.516437839084202,0.076782912133757,-2.6698762453738962,-2.3629994327945076,0.0
selective_p1.0_r15,m023_contiguous_substring,6d8bb74bcdeefe62988bcebfe3cdb7110ea14648c3393721f4a4095032ddf61b,contiguous_substring,intermediate,4,0.027261822636539475,37.64277648925781,0.04024700158627387,-2.4468055419921884,0.06682049497235981,-2.580335646166758,-2.3132754378176186,0.0
selective_p1.0_r15,m024_contiguous_substring,94ab69bff5420fbcf4c18d7a247ef0e4b9577d1295271abf78a62f51c3b59a0f,contiguous_substring,intermediate,16,0.1009579754794534,38.37198079427083,0.3232952304939243,-1.7176012369791671,0.06980672106025425,-1.8570988378143096,-1.5781036361440246,0.0
selective_p1.0_r15,m025_contiguous_substring,ae330f3e6dd51f734f790820a896827f916e8d775c69ea1f205c55aa81507fe0,contiguous_substring,intermediate,16,0.07794817563296369,38.33276163736979,0.3080719071759241,-1.7568203938802078,0.06727693877397667,-1.891262628208931,-1.6223781595514846,0.0
selective_p1.0_r15,m026_contiguous_substring,5d3c5ea59a3a81c2ffdcfc7029fe0ab078b39be0217f1ee2611101845014273b,contiguous_substring,intermediate,16,0.09860754944433596,38.28266737196181,0.28862729747644245,-1.8069146592881946,0.09309928186699741,-1.9929587287225816,-1.6208705898538076,0.015625
selective_p1.0_r15,m027_contiguous_substring,6edfbfdb62fbf79744d4ecfb6fe43de95b2133d87a10f24061ecc84297b1c267,contiguous_substring,intermediate,16,0.09618446532442514,38.08312310112847,0.21117211508138556,-2.006458930121528,0.07022911940242507,-2.146800626688924,-1.866117233554132,0.0
selective_p1.0_r15,m028_contiguous_substring,6f9a04216ce84ed3a2ef19a2010723c498d866f2bb5d6eda67ea1bd16782bfd8,contiguous_substring,intermediate,64,0.15842848443986463,39.27392442491319,0.6733940237577638,-0.8156576063368065,0.07809321209102141,-0.9717144381539655,-0.6596007745196475,0.109375
selective_p1.0_r15,m029_contiguous_substring,8d4ddfbfac0226f6a695d6b22ee21fbf533251852e95baca71b09f7710bfb22c,contiguous_substring,intermediate,64,0.16293254035180835,39.710180324978296,0.8427312849547288,-0.3794017062717022,0.07893826995498751,-0.5371472514792006,-0.22165616106420377,0.25
selective_p1.0_r15,m030_contiguous_substring,6ff19e1927dcafbb441ab0b4a0a61b92d1295d402f3277307a3f5b9d7850b98a,contiguous_substring,intermediate,64,0.16858523027213826,39.577942233615445,0.7914016955693307,-0.5116397976345496,0.0749652951998466,-0.6614459863144385,-0.36183360895466066,0.171875
selective_p1.0_r15,m031_contiguous_substring,c824c782df91faee7515c9d811fab43ed5426465074d2e812a5277507d28ae96,contiguous_substring,intermediate,256,0.20730247736878393,39.81903415256076,0.8849840293436765,-0.27054787868923635,0.06655938371510348,-0.4035561936523224,-0.1375395637261503,0.25
selective_p1.0_r15,m032_contiguous_substring,ef835eb9c371f618c6958654a7d25a1df1d12c09a53ecf66f9209fb882a8542d,contiguous_substring,intermediate,256,0.2051316194227755,39.96732449001736,0.9425444648658711,-0.12225754123263965,0.07002489206963713,-0.2621911220410347,0.017676039575755365,0.359375
selective_p1.0_r15,m033_identity,2f88e9ce00d238e7e011a7b140b413dcad818f1da41a721f914f1af604d0e217,identity,identity,1024,0.22910978886873,40.115344577365455,1.0,0.025762546115451257,0.0007708924181740898,0.02422204054229212,0.027303051688610393,1.0
selective_p1.0_r16,m000_constant,9f1dcbc35c350d6027f98be0f5c8b43b42ca52b7604459c0c42be3aa88913d47,constant,constant,1,0.0,38.61512281629774,0.0,-1.388826873779297,0.07650597474690819,-1.5417118648611117,-1.2359418826974824,0.0
selective_p1.0_r16,m001_balanced_random_group,74484e9508b33b029e993a9e9ccafe4f01d96055374e557f6aa5a37d25bd9c9f,balanced_random_group,intermediate,2,0.012496325640824923,38.51518215603299,-0.07124088360478031,-1.4887675340440554,0.07319102283906026,-1.635028122331911,-1.3425069457561998,0.0
selective_p1.0_r16,m002_balanced_random_group,e96a93c5fa6154fe18dcd30eb7bdbc3a6e3320a989da83ae67372a9adf58cbba,balanced_random_group,intermediate,4,0.03438201808432601,38.83149041069879,0.1542337079596847,-1.1724592793782556,0.069545748478287,-1.3114353681223667,-1.0334831906341444,0.015625
selective_p1.0_r16,m003_balanced_random_group,14f0105f9e20916e897f4df17fdec0d896085dd5f5320e129bc322820142f8a6,balanced_random_group,intermediate,8,0.06606459381169692,39.02886589898004,0.29492923818563893,-0.9750837910970046,0.07052601517287639,-1.1160187865193965,-0.8341487956746128,0.03125
selective_p1.0_r16,m004_balanced_random_group,bb2ba2d5c103ddf6a98d341d94ebe51e88d622a6cb807898cdf9fd63b491a80f,balanced_random_group,intermediate,16,0.15726744256046477,39.161050075954854,0.3891543267663087,-0.8428996141221803,0.07959964034938288,-1.001966802602422,-0.6838324256419386,0.09375
selective_p1.0_r16,m005_balanced_random_group,c65bd191d1da1176a8030b84146455e1d1f9bf63bb8d4993a72ab07906c80b78,balanced_random_group,intermediate,32,0.19385356447672003,39.76869608561198,0.8223037429520353,-0.2352536044650616,0.06622893808777215,-0.36760157653395276,-0.10290563239617043,0.390625
selective_p1.0_r16,m006_balanced_random_group,54146794238237c8e13f9205ac93004ce5acfdbc51f3cd9b991ee15e2a36f684,balanced_random_group,intermediate,64,0.23711128322262665,40.19931911892361,1.1292655472109172,0.19536942884657016,0.06744077538443984,0.06059979317680922,0.3301390645163311,0.671875
selective_p1.0_r16,m007_balanced_random_group,e179435da112ea8d971ae26891de689741e68338ddf13a7241197cfbaded0b83,balanced_random_group,intermediate,128,0.27094447264868554,39.9434814453125,0.9468963105142136,-0.06046824476454127,0.06067122601171928,-0.18171001546819887,0.060773525939116335,0.484375
selective_p1.0_r16,m008_balanced_random_group,e471d7c08820922fc6c21006a6b4685c49e9368d31cd4fbe021c3167456046e0,balanced_random_group,intermediate,256,0.2734034579779346,40.035541449652776,1.0125196117460387,0.0315917595757369,0.07053466445049421,-0.10936052004878213,0.17254403920025593,0.53125
selective_p1.0_r16,m009_balanced_random_group,3394d1cdf22e9723777f99c632a137ebcd7b9bff50e9406fa9f5a34da26ac720,balanced_random_group,intermediate,512,0.2850860702604764,39.95418124728732,0.9545234699212387,-0.04976844278971437,0.07187542532342871,-0.19340001922444391,0.09386313364501517,0.4375
selective_p1.0_r16,m010_affinity_rank_group,3f53151fb2f814971fd6c0128c5c0b7afe1b5cb5257e46a1db18b8ebc9946d94,affinity_rank_group,intermediate,2,0.017591512477294034,38.7083980984158,0.06648958991237858,-1.295551591661243,0.07250163275922816,-1.4404345438029584,-1.1506686395195276,0.0
selective_p1.0_r16,m011_affinity_rank_group,92e56b0f11cdce879476507882d715f1eecc12de134fc3982530e28ffd4eba29,affinity_rank_group,intermediate,4,0.04579060349639073,38.90584343804254,0.20723491240066885,-1.0981062520345062,0.07797259743563688,-1.253922054695788,-0.9422904493732243,0.03125
selective_p1.0_r16,m012_affinity_rank_group,0a19adabdd017fc722384804e89caf4ecf35837689486f63c24094087da5c2ba,affinity_rank_group,intermediate,8,0.08490770765182293,39.04247266981338,0.3046285775196707,-0.9614770202636728,0.07242686039700391,-1.1062105517624956,-0.81674348876485,0.046875
selective_p1.0_r16,m013_affinity_rank_group,d176c8d0ee881709b5af7061b49578d8041bef9dde73ceb9e47e4dd86f7ee987,affinity_rank_group,intermediate,16,0.14996447434521396,39.80218607584636,0.8461764739295209,-0.20176361423068667,0.07947886464934027,-0.36058945173298185,-0.0429377767283915,0.40625
selective_p1.0_r16,m014_affinity_rank_group,a08bb91ec0e66d0b3afe5332032fd3fb6769016bc04c2710b5e01a8e599df454,affinity_rank_group,intermediate,32,0.19006314681890887,40.33031989203559,1.222647067852105,0.32637020195855027,0.07248315550228358,0.18152417366850165,0.4712162302485989,0.703125
selective_p1.0_r16,m015_affinity_rank_group,6ac4e014d135d7a7fbd4592fdf320f48570dc4bce5e1a5c2ca6054715b80f98a,affinity_rank_group,intermediate,64,0.23132696356598306,40.168898179796,1.1075805335458384,0.16494848971896692,0.06645669057928962,0.03214539061261629,0.29775158882531755,0.65625
selective_p1.0_r16,m016_affinity_rank_group,4c0d0a036a5c51abb14f88b143c35a9a2e7cecb590d4d0752b078fe3b59a18dd,affinity_rank_group,intermediate,128,0.25013042085982684,40.14147813585069,1.0880346534808958,0.13752844577365375,0.07063761131056674,-0.003629556735073425,0.2786864482823809,0.640625
selective_p1.0_r16,m017_affinity_rank_group,cf78b05538711825e0795152b13c3d2c15b5cd16f89c1995f7b006d8bc57c6a2,affinity_rank_group,intermediate,256,0.2787989950386634,40.15499267578125,1.0976682476918485,0.15104298570420893,0.06515086182291664,0.020849377143307868,0.28123659426511,0.703125
selective_p1.0_r16,m018_affinity_rank_group,24a6acb87a7364b0b1cbbe6fecc84df53e5243c78a06a6c6c4e7354b3e359435,affinity_rank_group,intermediate,512,0.28700851655241544,39.99769117567274,0.9855387317330644,-0.006258514404297699,0.05854644809115597,-0.12325425524544073,0.11073722643684533,0.484375
selective_p1.0_r16,m019_contiguous_substring,16cfd655e57fba08a658c1d50e1fe5976b2f905eee09ec260833cfb2b49d6f38,contiguous_substring,intermediate,4,0.044833568153896705,38.91667073567709,0.21495295477195062,-1.0872789543999577,0.07089393591031322,-1.2289491807484036,-0.9456087280515117,0.0
selective_p1.0_r16,m020_contiguous_substring,6fb076d21f3b26febc2e6a328628b3ea581ce0709de4263bbe675d61bdb74942,contiguous_substring,intermediate,4,0.06106940123441199,38.47647501627604,-0.09883256481635176,-1.5274746738009988,0.06460749929457864,-1.6565824589922356,-1.398366888609762,0.0
selective_p1.0_r16,m021_contiguous_substring,3ac98b3bd2edbbfc3b4339ca0066047ccba8e1cfa0ce798acbd27bab5b87d8af,contiguous_substring,intermediate,4,0.04091500240412767,38.70497368706597,0.06404856050811424,-1.2989760030110689,0.07063020091810435,-1.4401191970321023,-1.1578328089900354,0.0
selective_p1.0_r16,m022_contiguous_substring,fc015e86e4e7f2c734c05fb1135856a6186a7b6e6f3079acc6d6c6e4aa7442e4,contiguous_substring,intermediate,4,0.02764654932784976,38.72047051323784,0.07509519144520294,-1.2834791768391942,0.08060492562876247,-1.4445552676500193,-1.1224030860283691,0.03125
selective_p1.0_r16,m023_contiguous_substring,6d8bb74bcdeefe62988bcebfe3cdb7110ea14648c3393721f4a4095032ddf61b,contiguous_substring,intermediate,4,0.03803425604570241,38.54069213867187,-0.05305655603357832,-1.4632575514051667,0.07250389121356125,-1.6081450167077396,-1.3183700861025938,0.0
selective_p1.0_r16,m024_contiguous_substring,94ab69bff5420fbcf4c18d7a247ef0e4b9577d1295271abf78a62f51c3b59a0f,contiguous_substring,intermediate,16,0.14265557752158797,39.142062717013886,0.3756195329727476,-0.861886973063153,0.08215133703806698,-1.026053320488608,-0.697720625637698,0.109375
selective_p1.0_r16,m025_contiguous_substring,ae330f3e6dd51f734f790820a896827f916e8d775c69ea1f205c55aa81507fe0,contiguous_substring,intermediate,16,0.1548046434699102,39.29109632703993,0.4818554337256521,-0.7128533630371093,0.06102901436382865,-0.8348101167104287,-0.59089660936379,0.078125
selective_p1.0_r16,m026_contiguous_substring,5d3c5ea59a3a81c2ffdcfc7029fe0ab078b39be0217f1ee2611101845014273b,contiguous_substring,intermediate,16,0.13971534443569217,39.18850436740451,0.4087246195423976,-0.8154453226725278,0.07876561350658676,-0.9728458414992593,-0.6580448038457962,0.09375
selective_p1.0_r16,m027_contiguous_substring,6edfbfdb62fbf79744d4ecfb6fe43de95b2133d87a10f24061ecc84297b1c267,contiguous_substring,intermediate,16,0.12392929286944963,39.00559556749132,0.27834140523916095,-0.9983541225857205,0.07371280672153596,-1.1456574127603611,-0.8510508324110798,0.078125
selective_p1.0_r16,m028_contiguous_substring,6f9a04216ce84ed3a2ef19a2010723c498d866f2bb5d6eda67ea1bd16782bfd8,contiguous_substring,intermediate,64,0.22596211445694986,39.25454203287761,0.4557983693759243,-0.7494076571994371,0.06985957204662233,-0.8890108723033512,-0.6098044420955231,0.078125
selective_p1.0_r16,m029_contiguous_substring,8d4ddfbfac0226f6a695d6b22ee21fbf533251852e95baca71b09f7710bfb22c,contiguous_substring,intermediate,64,0.2126844687295143,39.28111504448785,0.47474045783260044,-0.7228346455891935,0.0662736719932824,-0.8552720112350911,-0.5903972799432959,0.09375
selective_p1.0_r16,m030_contiguous_substring,6ff19e1927dcafbb441ab0b4a0a61b92d1295d402f3277307a3f5b9d7850b98a,contiguous_substring,intermediate,64,0.20307319225083253,39.449987453884546,0.5951180862174745,-0.5539622361924925,0.06711767414821596,-0.6880862055625687,-0.4198382668224163,0.15625
selective_p1.0_r16,m031_contiguous_substring,c824c782df91faee7515c9d811fab43ed5426465074d2e812a5277507d28ae96,contiguous_substring,intermediate,256,0.2644589523285733,39.50409206814236,0.6336855773328217,-0.49985762193467886,0.05941445521493683,-0.61858793660247,-0.3811273072668877,0.140625
selective_p1.0_r16,m032_contiguous_substring,ef835eb9c371f618c6958654a7d25a1df1d12c09a53ecf66f9209fb882a8542d,contiguous_substring,intermediate,256,0.2609546222756608,39.855873955620666,0.8844469034409617,-0.14807573445638011,0.06594189436779188,-0.2798500954221588,-0.016301373490601484,0.390625
selective_p1.0_r16,m033_identity,2f88e9ce00d238e7e011a7b140b413dcad818f1da41a721f914f1af604d0e217,identity,identity,1024,0.2898294555955247,40.01797824435764,1.0,0.014028554280598904,0.0007727876237061386,0.012484261441388665,0.015572847119809143,1.0
selective_p1.0_r17,m000_constant,9f1dcbc35c350d6027f98be0f5c8b43b42ca52b7604459c0c42be3aa88913d47,constant,constant,1,0.0,37.90237460666232,0.0,-2.974280090332031,0.051893116895275766,-3.0779802097016287,-2.8705799709624333,0.0
selective_p1.0_r17,m001_balanced_random_group,74484e9508b33b029e993a9e9ccafe4f01d96055374e557f6aa5a37d25bd9c9f,balanced_random_group,intermediate,2,0.005654095790943634,37.88303765190972,-0.006436376072080049,-2.9936170450846356,0.06269432567374632,-3.1189016578644817,-2.8683324323047894,0.0
selective_p1.0_r17,m002_balanced_random_group,e96a93c5fa6154fe18dcd30eb7bdbc3a6e3320a989da83ae67372a9adf58cbba,balanced_random_group,intermediate,4,0.03081481112339806,37.887688869900174,-0.004888201162285947,-2.9889658270941832,0.05670232884159469,-3.102276389673685,-2.8756552645146813,0.0
selective_p1.0_r17,m003_balanced_random_group,14f0105f9e20916e897f4df17fdec0d896085dd5f5320e129bc322820142f8a6,balanced_random_group,intermediate,8,0.068457046800528,37.95013122558594,0.015895965174250674,-2.9265234714084203,0.05392876329469963,-3.034291505508223,-2.8187554373086177,0.0
selective_p1.0_r17,m004_balanced_random_group,bb2ba2d5c103ddf6a98d341d94ebe51e88d622a6cb807898cdf9fd63b491a80f,balanced_random_group,intermediate,16,0.1493927208923335,39.641751776801215,0.5789580490535684,-1.234902920193142,0.06069386124458442,-1.3561899238003234,-1.1136159165859607,0.0
selective_p1.0_r17,m005_balanced_random_group,c65bd191d1da1176a8030b84146455e1d1f9bf63bb8d4993a72ab07906c80b78,balanced_random_group,intermediate,32,0.18704724886109805,39.28641594780816,0.4606832195085628,-1.5902387491861987,0.06587386781255196,-1.7218771699286735,-1.458600328443724,0.0
selective_p1.0_r17,m006_balanced_random_group,54146794238237c8e13f9205ac93004ce5acfdbc51f3cd9b991ee15e2a36f684,balanced_random_group,intermediate,64,0.22986358249389027,40.11841939290365,0.7376186074439274,-0.7582353040907112,0.05325609151521597,-0.8646591109017621,-0.6518114972796603,0.0625
selective_p1.0_r17,m007_balanced_random_group,e179435da112ea8d971ae26891de689741e68338ddf13a7241197cfbaded0b83,balanced_random_group,intermediate,128,0.23078390316154457,40.145638699001736,0.746678652973836,-0.7310159979926214,0.0467121841262816,-0.8243628493618638,-0.637669146623379,0.015625
selective_p1.0_r17,m008_balanced_random_group,e471d7c08820922fc6c21006a6b4685c49e9368d31cd4fbe021c3167456046e0,balanced_random_group,intermediate,256,0.25438446312363444,41.339376831054686,1.1440187537175053,0.46272213406033025,0.05147447338119164,0.3598586069977903,0.5655856611228702,0.921875
selective_p1.0_r17,m009_balanced_random_group,3394d1cdf22e9723777f99c632a137ebcd7b9bff50e9406fa9f5a34da26ac720,balanced_random_group,intermediate,512,0.2771813851686569,40.89408467610677,0.9958016322596461,0.017429979112414506,0.048535829307459255,-0.0795611363575477,0.11442109458237672,0.515625
selective_p1.0_r17,m010_affinity_rank_group,3f53151fb2f814971fd6c0128c5c0b7afe1b5cb5257e46a1db18b8ebc9946d94,affinity_rank_group,intermediate,2,0.022140571767810747,38.52017008463542,0.2056354830809118,-2.3564846123589414,0.0625330406948577,-2.4814469228265748,-2.231522301891308,0.0
selective_p1.0_r17,m011_affinity_rank_group,92e56b0f11cdce879476507882d715f1eecc12de134fc3982530e28ffd4eba29,affinity_rank_group,intermediate,4,0.044959063509635355,38.604791259765626,0.23380195054011974,-2.271863437228731,0.07355825077937334,-2.418857871998061,-2.1248690024594015,0.0
selective_p1.0_r17,m012_affinity_rank_group,0a19adabdd017fc722384804e89caf4ecf35837689486f63c24094087da5c2ba,affinity_rank_group,intermediate,8,0.09017579041089083,39.0623287624783,0.3860949807620926,-1.8143259345160583,0.06755180909231842,-1.9493174533458595,-1.679334415686257,0.0
selective_p1.0_r17,m013_affinity_rank_group,d176c8d0ee881709b5af7061b49578d8041bef9dde73ceb9e47e4dd86f7ee987,affinity_rank_group,intermediate,16,0.1352078465740854,39.68166097005208,0.5922419699078227,-1.1949937269422741,0.07037044491399769,-1.3356178400091383,-1.05436961387541,0.0
selective_p1.0_r17,m014_affinity_rank_group,a08bb91ec0e66d0b3afe5332032fd3fb6769016bc04c2710b5e01a8e599df454,affinity_rank_group,intermediate,32,0.20613171410723377,39.652818806966145,0.5826417504974557,-1.223835890028211,0.06312037151897301,-1.3499718874935462,-1.0976998925628756,0.015625
selective_p1.0_r17,m015_affinity_rank_group,6ac4e014d135d7a7fbd4592fdf320f48570dc4bce5e1a5c2ca6054715b80f98a,affinity_rank_group,intermediate,64,0.24425331612909942,40.222014024522565,0.7721004592493772,-0.6546406724717896,0.05676260489774609,-0.768071687138042,-0.5412096578055372,0.0625
selective_p1.0_r17,m016_affinity_rank_group,4c0d0a036a5c51abb14f88b143c35a9a2e7cecb590d4d0752b078fe3b59a18dd,affinity_rank_group,intermediate,128,0.2626021533600982,40.54513346354166,0.879651945630471,-0.331521233452692,0.049544562690811644,-0.4305281417392014,-0.23251432516618262,0.171875
selective_p1.0_r17,m017_affinity_rank_group,cf78b05538711825e0795152b13c3d2c15b5cd16f89c1995f7b006d8bc57c6a2,affinity_rank_group,intermediate,256,0.2767420580509655,40.78960232204861,0.9610242987953879,-0.08705237494574747,0.04687615016924639,-0.18072688630624303,0.006622136414748098,0.375
selective_p1.0_r17,m018_affinity_rank_group,24a6acb87a7364b0b1cbbe6fecc84df53e5243c78a06a6c6c4e7354b3e359435,affinity_rank_group,intermediate,512,0.27783587988694614,40.926023695203995,1.0064326515133577,0.049368998209634474,0.04404164488494188,-0.03864120632324611,0.13737920274251506,0.578125
selective_p1.0_r17,m019_contiguous_substring,16cfd655e57fba08a658c1d50e1fe5976b2f905eee09ec260833cfb2b49d6f38,contiguous_substring,intermediate,4,0.03445362903527564,37.76420254177518,-0.04599107686021649,-3.112452155219184,0.06028100581413103,-3.2329141330814903,-2.9919901773568776,0.0
selective_p1.0_r17,m020_contiguous_substring,6fb076d21f3b26febc2e6a328628b3ea581ce0709de4263bbe675d61bdb74942,contiguous_substring,intermediate,4,0.04579560362869593,38.24934353298612,0.1154898754078713,-2.6273111640082476,0.07815307395094635,-2.7834876202070453,-2.47113470780945,0.0
selective_p1.0_r17,m021_contiguous_substring,3ac98b3bd2edbbfc3b4339ca0066047ccba8e1cfa0ce798acbd27bab5b87d8af,contiguous_substring,intermediate,4,0.031173311401944064,38.234880235460075,0.11067571395840833,-2.641774461534288,0.06685456000593432,-2.775372639246532,-2.508176283822044,0.0
selective_p1.0_r17,m022_contiguous_substring,fc015e86e4e7f2c734c05fb1135856a6186a7b6e6f3079acc6d6c6e4aa7442e4,contiguous_substring,intermediate,4,0.042597167262801744,37.996095445421005,0.031195323760090203,-2.8805592515733514,0.05695483463598733,-2.9943744067190092,-2.7667440964276935,0.0
selective_p1.0_r17,m023_contiguous_substring,6d8bb74bcdeefe62988bcebfe3cdb7110ea14648c3393721f4a4095032ddf61b,contiguous_substring,intermediate,4,0.03978148826043394,38.137320285373264,0.07820252795958699,-2.7393344116210945,0.05846545413126871,-2.8561682989484956,-2.6225005242936934,0.0
selective_p1.0_r17,m024_contiguous_substring,94ab69bff5420fbcf4c18d7a247ef0e4b9577d1295271abf78a62f51c3b59a0f,contiguous_substring,intermediate,16,0.13110086178935124,39.1820309109158,0.425938278418667,-1.6946237860785576,0.06214306209631738,-1.8188067865020126,-1.5704407856551026,0.0
selective_p1.0_r17,m025_contiguous_substring,ae330f3e6dd51f734f790820a896827f916e8d775c69ea1f205c55aa81507fe0,contiguous_substring,intermediate,16,0.13788954726033675,39.38584798177084,0.49377953546852416,-1.490806715223524,0.06830867443444417,-1.6273107087517238,-1.3543027216953243,0.0
selective_p1.0_r17,m026_contiguous_substring,5d3c5ea59a3a81c2ffdcfc7029fe0ab078b39be0217f1ee2611101845014273b,contiguous_substring,intermediate,16,0.09676636582761561,39.12335205078125,0.4064068053331183,-1.753302646213107,0.0672405240113948,-1.8876721114454165,-1.6189331809807974,0.0
selective_p1.0_r17,m027_contiguous_substring,6edfbfdb62fbf79744d4ecfb6fe43de95b2133d87a10f24061ecc84297b1c267,contiguous_substring,intermediate,16,0.12314838402914784,38.86585862901475,0.32069917867836883,-2.0107960679796,0.07567733698149086,-2.1620251586197177,-1.8595669773394827,0.0
selective_p1.0_r17,m028_contiguous_substring,6f9a04216ce84ed3a2ef19a2010723c498d866f2bb5d6eda67ea1bd16782bfd8,contiguous_substring,intermediate,64,0.21712130652626416,40.33938090006511,0.8111664527867065,-0.5372737969292528,0.059381165706775534,-0.6559375878232446,-0.418610006035261,0.125
selective_p1.0_r17,m029_contiguous_substring,8d4ddfbfac0226f6a695d6b22ee21fbf533251852e95baca71b09f7710bfb22c,contiguous_substring,intermediate,64,0.20637065639908908,40.19105631510417,0.7617960725092603,-0.6855983818901903,0.0605765854171177,-0.8066510284566872,-0.5645457353236933,0.03125
selective_p1.0_r17,m030_contiguous_substring,6ff19e1927dcafbb441ab0b4a0a61b92d1295d402f3277307a3f5b9d7850b98a,contiguous_substring,intermediate,64,0.1920420042580174,39.88679673936632,0.6605221605600843,-0.9898579576280372,0.05650940343544956,-1.102782989546757,-0.8769329257093175,0.015625
selective_p1.0_r17,m031_contiguous_substring,c824c782df91faee7515c9d811fab43ed5426465074d2e812a5277507d28ae96,contiguous_substring,intermediate,256,0.24980216241396372,40.7524152967665,0.9486464614999173,-0.12423940022786395,0.0569934492547984,-0.2381317205318261,-0.010347079923901797,0.4375
selective_p1.0_r17,m032_contiguous_substring,ef835eb9c371f618c6958654a7d25a1df1d12c09a53ecf66f9209fb882a8542d,contiguous_substring,intermediate,256,0.24615634679190174,40.466730414496524,0.8535552041678942,-0.40992428249782975,0.05393968158175571,-0.5177141350533114,-0.302134429942348,0.1875
selective_p1.0_r17,m033_identity,2f88e9ce00d238e7e011a7b140b413dcad818f1da41a721f914f1af604d0e217,identity,identity,1024,0.2791712957039795,40.90669793023003,1.0,0.030043233235677036,0.0005241728979320749,0.028995757282448784,0.03109070918890529,1.0
selective_p1.0_r18,m000_constant,9f1dcbc35c350d6027f98be0f5c8b43b42ca52b7604459c0c42be3aa88913d47,constant,constant,1,0.0,35.47737494574653,0.0,-1.7226054382324223,0.045988692415014916,-1.8145065067828627,-1.6307043696819818,0.0
selective_p1.0_r18,m001_balanced_random_group,74484e9508b33b029e993a9e9ccafe4f01d96055374e557f6aa5a37d25bd9c9f,balanced_random_group,intermediate,2,0.003451292250350283,35.46121012369792,-0.009290098285391754,-1.7387702602810329,0.0436874015320137,-1.8260725659598385,-1.6514679546022273,0.0
selective_p1.0_r18,m002_balanced_random_group,e96a93c5fa6154fe18dcd30eb7bdbc3a6e3320a989da83ae67372a9adf58cbba,balanced_random_group,intermediate,4,0.02611999441276572,35.658449300130215,0.1040653923766716,-1.5415310838487408,0.0415723114311994,-1.6246067192280051,-1.4584554484694765,0.0
selective_p1.0_r18,m003_balanced_random_group,14f0105f9e20916e897f4df17fdec0d896085dd5f5320e129bc322820142f8a6,balanced_random_group,intermediate,8,0.0655103636550197,35.8425523546007,0.20987141149199445,-1.3574280293782555,0.04517903690797314,-1.447711130503499,-1.2671449282530118,0.0
selective_p1.0_r18,m004_balanced_random_group,bb2ba2d5c103ddf6a98d341d94ebe51e88d622a6cb807898cdf9fd63b491a80f,balanced_random_group,intermediate,16,0.1155237407133573,35.73485955132378,0.14797919120877684,-1.4651208326551663,0.045211662833881325,-1.5554691314908895,-1.3747725338194432,0.0
selective_p1.0_r18,m005_balanced_random_group,c65bd191d1da1176a8030b84146455e1d1f9bf63bb8d4993a72ab07906c80b78,balanced_random_group,intermediate,32,0.18941180810368924,36.556915622287335,0.6204237175008812,-0.6430647616916241,0.04314853563605611,-0.729290229803556,-0.5568392935796922,0.015625
selective_p1.0_r18,m006_balanced_random_group,54146794238237c8e13f9205ac93004ce5acfdbc51f3cd9b991ee15e2a36f684,balanced_random_group,intermediate,64,0.1986390419530626,36.98834669325087,0.8683718260893261,-0.21163369072808325,0.04350140253784223,-0.29856430707596804,-0.12470307438019847,0.25
selective_p1.0_r18,m007_balanced_random_group,e179435da112ea8d971ae26891de689741e68338ddf13a7241197cfbaded0b83,balanced_random_group,intermediate,128,0.2192783128662606,36.92652316623264,0.832841175605111,-0.27345721774631127,0.0408209388232433,-0.35503135478055725,-0.19188308071206528,0.25
selective_p1.0_r18,m008_balanced_random_group,e471d7c08820922fc6c21006a6b4685c49e9368d31cd4fbe021c3167456046e0,balanced_random_group,intermediate,256,0.23788424899476193,37.150125122070314,0.9613476410824526,-0.04985526190863765,0.04250371105966077,-0.13479215092674496,0.035081627109469674,0.484375
selective_p1.0_r18,m009_balanced_random_group,3394d1cdf22e9723777f99c632a137ebcd7b9bff50e9406fa9f5a34da26ac720,balanced_random_group,intermediate,512,0.24431873893908299,37.02652520073785,0.8903134277894207,-0.1734551832411022,0.04271793276119039,-0.25882016017046394,-0.08809020631174047,0.328125
selective_p1.0_r18,m010_affinity_rank_group,3f53151fb2f814971fd6c0128c5c0b7afe1b5cb5257e46a1db18b8ebc9946d94,affinity_rank_group,intermediate,2,0.007755276612257077,35.49515618218316,0.01021906913885216,-1.7048242017957913,0.042252261591234776,-1.7892586091467477,-1.6203897944448349,0.0
selective_p1.0_r18,m011_affinity_rank_group,92e56b0f11cdce879476507882d715f1eecc12de134fc3982530e28ffd4eba29,affinity_rank_group,intermediate,4,0.016820374535668148,35.425545925564236,-0.029786699171879868,-1.7744344584147138,0.04349991858703245,-1.8613621093235322,-1.6875068075058954,0.0
selective_p1.0_r18,m012_affinity_rank_group,0a19adabdd017fc722384804e89caf4ecf35837689486f63c24094087da5c2ba,affinity_rank_group,intermediate,8,0.05298972093342249,35.70101759168837,0.12852985052085114,-1.4989627922905804,0.05018717367009074,-1.5992538561500522,-1.3986717284311085,0.0
selective_p1.0_r18,m013_affinity_rank_group,d176c8d0ee881709b5af7061b49578d8041bef9dde73ceb9e47e4dd86f7ee987,affinity_rank_group,intermediate,16,0.11333363910031312,35.70085991753473,0.1284392334772495,-1.4991204664442273,0.042577940676289346,-1.5842056915146991,-1.4140352413737554,0.0
selective_p1.0_r18,m014_affinity_rank_group,a08bb91ec0e66d0b3afe5332032fd3fb6769016bc04c2710b5e01a8e599df454,affinity_rank_group,intermediate,32,0.1658641507363796,36.10233968098959,0.35917400128812543,-1.097640702989366,0.03943755556675866,-1.1764503691763344,-1.0188310368023976,0.0
selective_p1.0_r18,m015_affinity_rank_group,6ac4e014d135d7a7fbd4592fdf320f48570dc4bce5e1a5c2ca6054715b80f98a,affinity_rank_group,intermediate,64,0.20506782496211232,36.69994133843316,0.7026221454413285,-0.50003904554579,0.04192903163088731,-0.5838275293624267,-0.41625056172915337,0.078125
selective_p1.0_r18,m016_affinity_rank_group,4c0d0a036a5c51abb14f88b143c35a9a2e7cecb590d4d0752b078fe3b59a18dd,affinity_rank_group,intermediate,128,0.22914126956962447,36.8023935953776,0.7615025669957095,-0.3975867886013452,0.03834792577900512,-0.47421900340710743,-0.320954573795583,0.078125
selective_p1.0_r18,m017_affinity_rank_group,cf78b05538711825e0795152b13c3d2c15b5cd16f89c1995f7b006d8bc57c6a2,affinity_rank_group,intermediate,256,0.24299546817135692,37.09706861707899,0.9308554930979965,-0.10291176689995618,0.03763209184620179,-0.17811350173608542,-0.02771003206382694,0.359375
selective_p1.0_r18,m018_affinity_rank_group,24a6acb87a7364b0b1cbbe6fecc84df53e5243c78a06a6c6c4e7354b3e359435,affinity_rank_group,intermediate,512,0.24719579454846602,37.11804063585069,0.9429083393988236,-0.08193974812825555,0.03845735839635667,-0.15879064656994551,-0.0050888496865656024,0.390625
selective_p1.0_r18,m019_contiguous_substring,16cfd655e57fba08a658c1d50e1fe5976b2f905eee09ec260833cfb2b49d6f38,contiguous_substring,intermediate,4,0.03514542629989532,36.06807352701823,0.3394808715215931,-1.1319068569607211,0.04096176940410324,-1.2137624214543263,-1.050051292467116,0.0
selective_p1.0_r18,m020_contiguous_substring,6fb076d21f3b26febc2e6a328628b3ea581ce0709de4263bbe675d61bdb74942,contiguous_substring,intermediate,4,0.049587366088057284,35.6469736735026,0.0974702254805332,-1.553006710476347,0.03932459841741169,-1.6315906498122077,-1.4744227711404863,0.0
selective_p1.0_r18,m021_contiguous_substring,3ac98b3bd2edbbfc3b4339ca0066047ccba8e1cfa0ce798acbd27bab5b87d8af,contiguous_substring,intermediate,4,0.027467793785550587,35.6368889702691,0.0916744373217474,-1.5630914137098526,0.04261980838174265,-1.6482603047135542,-1.477922522706151,0.0
selective_p1.0_r18,m022_contiguous_substring,fc015e86e4e7f2c734c05fb1135856a6186a7b6e6f3079acc6d6c6e4aa7442e4,contiguous_substring,intermediate,4,0.025480481037623594,35.5370354546441,0.03428754054625259,-1.6629449293348526,0.045110317229180484,-1.7530907051398958,-1.5727991535298094,0.0
selective_p1.0_r18,m023_contiguous_substring,6d8bb74bcdeefe62988bcebfe3cdb7110ea14648c3393721f4a4095032ddf61b,contiguous_substring,intermediate,4,0.03259612485904347,35.51058315700955,0.01908511863524614,-1.689397226969401,0.04091759949497995,-1.7711645249428458,-1.6076299289959564,0.0
selective_p1.0_r18,m024_contiguous_substring,94ab69bff5420fbcf4c18d7a247ef0e4b9577d1295271abf78a62f51c3b59a0f,contiguous_substring,intermediate,16,0.12042165748908505,35.85773993598091,0.21859987898240066,-1.342240447998047,0.04597930695083578,-1.434122761194908,-1.250358134801186,0.0
selective_p1.0_r18,m025_contiguous_substring,ae330f3e6dd51f734f790820a896827f916e8d775c69ea1f205c55aa81507fe0,contiguous_substring,intermediate,16,0.11019720606741176,36.18971761067708,0.4093910437232051,-1.010262773301867,0.04171529696162402,-1.0936241424635726,-0.9269014041401614,0.0
selective_p1.0_r18,m026_contiguous_substring,5d3c5ea59a3a81c2ffdcfc7029fe0ab078b39be0217f1ee2611101845014273b,contiguous_substring,intermediate,16,0.11022402154020154,35.38055318196615,-0.05564451615857861,-1.8194272020128048,0.0517347973332723,-1.9228109449829769,-1.7160434590426328,0.0
selective_p1.0_r18,m027_contiguous_substring,6edfbfdb62fbf79744d4ecfb6fe43de95b2133d87a10f24061ecc84297b1c267,contiguous_substring,intermediate,16,0.11523090562507708,35.957117038302954,0.2757129758734543,-1.2428633456759988,0.044617625673023804,-1.3320245559694164,-1.1537021353825812,0.0
selective_p1.0_r18,m028_contiguous_substring,6f9a04216ce84ed3a2ef19a2010723c498d866f2bb5d6eda67ea1bd16782bfd8,contiguous_substring,intermediate,64,0.18200040857663147,36.240698920355904,0.4386905544886105,-0.9592814636230472,0.04989221782438656,-1.058983105257795,-0.8595798219882996,0.015625
selective_p1.0_r18,m029_contiguous_substring,8d4ddfbfac0226f6a695d6b22ee21fbf533251852e95baca71b09f7710bfb22c,contiguous_substring,intermediate,64,0.18892190355149785,36.27114122178819,0.45618607479121076,-0.9288391621907559,0.055062325101744435,-1.0388724388070294,-0.8188058855744825,0.0
selective_p1.0_r18,m030_contiguous_substring,6ff19e1927dcafbb441ab0b4a0a61b92d1295d402f3277307a3f5b9d7850b98a,contiguous_substring,intermediate,64,0.1837402337983682,36.11841735839843,0.36841401660532347,-1.0815630255805124,0.05168808405041651,-1.1848534195036795,-0.9782726316573455,0.0
selective_p1.0_r18,m031_contiguous_substring,c824c782df91faee7515c9d811fab43ed5426465074d2e812a5277507d28ae96,contiguous_substring,intermediate,256,0.22357627167621372,36.94378051757812,0.8427591623087602,-0.25619986640082626,0.041574436226905986,-0.3392797478454955,-0.173119984956157,0.203125
selective_p1.0_r18,m032_contiguous_substring,ef835eb9c371f618c6958654a7d25a1df1d12c09a53ecf66f9209fb882a8542d,contiguous_substring,intermediate,256,0.2238774405435667,36.987937418619794,0.868136611526681,-0.21204296535915768,0.04969790171729042,-0.31135629723903024,-0.11272963347928508,0.234375
selective_p1.0_r18,m033_identity,2f88e9ce00d238e7e011a7b140b413dcad818f1da41a721f914f1af604d0e217,identity,identity,1024,0.24966908499455492,37.217380438910595,1.0,0.01740005493164043,0.00046453224661626927,0.016471761309918894,0.018328348553361965,1.0
selective_p1.0_r19,m000_constant,9f1dcbc35c350d6027f98be0f5c8b43b42ca52b7604459c0c42be3aa88913d47,constant,constant,1,-2.465190328815662e-32,36.42096150716146,0.0,-1.8851162719726569,0.0657231441088622,-2.016453495427329,-1.7537790485179843,0.0
selective_p1.0_r19,m001_balanced_random_group,74484e9508b33b029e993a9e9ccafe4f01d96055374e557f6aa5a37d25bd9c9f,balanced_random_group,intermediate,2,0.005951250567057363,36.451143391927076,0.01585051615235074,-1.8549343872070314,0.05690231521084747,-1.9686445906561625,-1.7412241837579003,0.0
selective_p1.0_r19,m002_balanced_random_group,e96a93c5fa6154fe18dcd30eb7bdbc3a6e3320a989da83ae67372a9adf58cbba,balanced_random_group,intermediate,4,0.019880052335857372,36.76702779134115,0.18174243489998657,-1.53904998779297,0.0558386351256935,-1.6506345962036661,-1.4274653793822738,0.0
selective_p1.0_r19,m003_balanced_random_group,14f0105f9e20916e897f4df17fdec0d896085dd5f5320e129bc322820142f8a6,balanced_random_group,intermediate,8,0.04749532732805933,36.75356275770399,0.17467104970270125,-1.5525150214301215,0.06112245060413276,-1.6746584925305814,-1.4303715503296617,0.0
selective_p1.0_r19,m004_balanced_random_group,bb2ba2d5c103ddf6a98d341d94ebe51e88d622a6cb807898cdf9fd63b491a80f,balanced_random_group,intermediate,16,0.09180555190562227,37.41316426595052,0.5210716950489634,-0.8929135131835945,0.06426721862491895,-1.021341301716814,-0.7644857246503749,0.0625
selective_p1.0_r19,m005_balanced_random_group,c65bd191d1da1176a8030b84146455e1d1f9bf63bb8d4993a72ab07906c80b78,balanced_random_group,intermediate,32,0.13792715774494263,37.6080807156033,0.6234352935310478,-0.6979970635308154,0.05854312470188948,-0.8149861631084486,-0.5810079639531821,0.046875
selective_p1.0_r19,m006_balanced_random_group,54146794238237c8e13f9205ac93004ce5acfdbc51f3cd9b991ee15e2a36f684,balanced_random_group,intermediate,64,0.1680990732743164,37.44952528211806,0.5401672842924827,-0.8565524970160603,0.06121056998170046,-0.9788720606412954,-0.7342329333908252,0.046875
selective_p1.0_r19,m007_balanced_random_group,e179435da112ea8d971ae26891de689741e68338ddf13a7241197cfbaded0b83,balanced_random_group,intermediate,128,0.20456101687761993,37.96275838216146,0.8097001383648061,-0.34331939697265657,0.055743213597995715,-0.45471332067592485,-0.23192547326938825,0.234375
selective_p1.0_r19,m008_balanced_random_group,e471d7c08820922fc6c21006a6b4685c49e9368d31cd4fbe021c3167456046e0,balanced_random_group,intermediate,256,0.22440307765889628,38.440914916992185,1.060811953864155,0.13483713785807194,0.058363499604708685,0.01820699039458934,0.25146728532155455,0.625
selective_p1.0_r19,m009_balanced_random_group,3394d1cdf22e9723777f99c632a137ebcd7b9bff50e9406fa9f5a34da26ac720,balanced_random_group,intermediate,512,0.24046613069364303,38.30614149305555,0.9900334604200087,6.371392144066679e-05,0.04392059382458303,-0.08770458936980968,0.08783201721269102,0.515625
selective_p1.0_r19,m010_affinity_rank_group,3f53151fb2f814971fd6c0128c5c0b7afe1b5cb5257e46a1db18b8ebc9946d94,affinity_rank_group,intermediate,2,0.011595028504999166,36.50280965169271,0.04298390730092487,-1.8032681274414069,0.06393932603948817,-1.9310406749275681,-1.6754955799552456,0.0
selective_p1.0_r19,m011_affinity_rank_group,92e56b0f11cdce879476507882d715f1eecc12de134fc3982530e28ffd4eba29,affinity_rank_group,intermediate,4,0.03662674976855354,36.49334343804254,0.038012568581397156,-1.8127343410915806,0.06292268188219417,-1.9384752873409046,-1.6869933948422566,0.0
selective_p1.0_r19,m012_affinity_rank_group,0a19adabdd017fc722384804e89caf4ecf35837689486f63c24094087da5c2ba,affinity_rank_group,intermediate,8,0.07129922875558731,36.558293660481766,0.07212225251487174,-1.7477841186523453,0.060894312137684745,-1.8694716914059937,-1.626096545898697,0.0
selective_p1.0_r19,m013_affinity_rank_group,d176c8d0ee881709b5af7061b49578d8041bef9dde73ceb9e47e4dd86f7ee987,affinity_rank_group,intermediate,16,0.11317835088047633,37.113250732421875,0.36356714076348295,-1.1928270467122384,0.06284715755839039,-1.3184170696433588,-1.067237023781118,0.015625
selective_p1.0_r19,m014_affinity_rank_group,a08bb91ec0e66d0b3afe5332032fd3fb6769016bc04c2710b5e01a8e599df454,affinity_rank_group,intermediate,32,0.15563618515324212,37.40612657335069,0.5173757343395791,-0.8999512057834204,0.0666863273216302,-1.0332131973020426,-0.7666892142647982,0.078125
selective_p1.0_r19,m015_affinity_rank_group,6ac4e014d135d7a7fbd4592fdf320f48570dc4bce5e1a5c2ca6054715b80f98a,affinity_rank_group,intermediate,64,0.19042521512093585,37.503379313151044,0.5684496197193912,-0.8026984659830735,0.05029821957688682,-0.9032114373801768,-0.7021854945859701,0.015625
selective_p1.0_r19,m016_affinity_rank_group,4c0d0a036a5c51abb14f88b143c35a9a2e7cecb590d4d0752b078fe3b59a18dd,affinity_rank_group,intermediate,128,0.2129199083350683,38.05194803873698,0.8565395621831403,-0.25412974039713565,0.043643333315189006,-0.341343982771624,-0.16691549802264732,0.28125
selective_p1.0_r19,m017_affinity_rank_group,cf78b05538711825e0795152b13c3d2c15b5cd16f89c1995f7b006d8bc57c6a2,affinity_rank_group,intermediate,256,0.2260608821804843,38.067868041992185,0.8649002152934967,-0.23820973714192784,0.05466557107762468,-0.34745016410639445,-0.12896931017746122,0.25
selective_p1.0_r19,m018_affinity_rank_group,24a6acb87a7364b0b1cbbe6fecc84df53e5243c78a06a6c6c4e7354b3e359435,affinity_rank_group,intermediate,512,0.24093131146736124,38.314586046006944,0.9944682571199138,0.008508266872830239,0.05305155299696598,-0.0975068023246946,0.11452333607035507,0.546875
selective_p1.0_r19,m019_contiguous_substring,16cfd655e57fba08a658c1d50e1fe5976b2f905eee09ec260833cfb2b49d6f38,contiguous_substring,intermediate,4,0.022892148146151706,36.650604248046875,0.1206006848790605,-1.6554735310872406,0.05517285403973821,-1.7657276821614287,-1.5452193800130525,0.0
selective_p1.0_r19,m020_contiguous_substring,6fb076d21f3b26febc2e6a328628b3ea581ce0709de4263bbe675d61bdb74942,contiguous_substring,intermediate,4,0.03279654956624598,36.64051344129774,0.11530133075954611,-1.6655643378363727,0.062296078059441054,-1.7900531162625906,-1.5410755594101548,0.0
selective_p1.0_r19,m021_contiguous_substring,3ac98b3bd2edbbfc3b4339ca0066047ccba8e1cfa0ce798acbd27bab5b87d8af,contiguous_substring,intermediate,4,0.03614945752575631,36.41220872667101,-0.004596667491748253,-1.8938690524631074,0.06395783020208522,-2.0216785775675916,-1.766059527358623,0.0
selective_p1.0_r19,m022_contiguous_substring,fc015e86e4e7f2c734c05fb1135856a6186a7b6e6f3079acc6d6c6e4aa7442e4,contiguous_substring,intermediate,4,0.028488774145546517,36.759524536132815,0.1778019762838834,-1.546553243001302,0.051008212402692904,-1.6484850218471125,-1.4446214641554915,0.0
selective_p1.0_r19,m023_contiguous_substring,6d8bb74bcdeefe62988bcebfe3cdb7110ea14648c3393721f4a4095032ddf61b,contiguous_substring,intermediate,4,0.041191276290584514,37.0014895968967,0.3048739313233325,-1.3045881822374148,0.0636430172956298,-1.4317686039476205,-1.177407760527209,0.0
selective_p1.0_r19,m024_contiguous_substring,94ab69bff5420fbcf4c18d7a247ef0e4b9577d1295271abf78a62f51c3b59a0f,contiguous_substring,intermediate,16,0.09833430108180216,37.284645589192706,0.4535779855723091,-1.021432189941406,0.05293990367410548,-1.1272241457705139,-0.9156402341122983,0.0
selective_p1.0_r19,m025_contiguous_substring,ae330f3e6dd51f734f790820a896827f916e8d775c69ea1f205c55aa81507fe0,contiguous_substring,intermediate,16,0.10343159531594726,36.95611368815105,0.2810440220885122,-1.3499640909830728,0.06437377477379509,-1.4786048149886464,-1.2213233669774992,0.0
selective_p1.0_r19,m026_contiguous_substring,5d3c5ea59a3a81c2ffdcfc7029fe0ab078b39be0217f1ee2611101845014273b,contiguous_substring,intermediate,16,0.10629306220309223,37.18117947048611,0.3992410414577981,-1.1248983086480038,0.08293048293372647,-1.2906216549052938,-0.9591749623907138,0.046875
selective_p1.0_r19,m027_contiguous_substring,6edfbfdb62fbf79744d4ecfb6fe43de95b2133d87a10f24061ecc84297b1c267,contiguous_substring,intermediate,16,0.11234076749338537,37.26921183268229,0.44547269298506437,-1.036865946451823,0.04624996317476372,-1.1292891229540447,-0.9444427699496014,0.0
selective_p1.0_r19,m028_contiguous_substring,6f9a04216ce84ed3a2ef19a2010723c498d866f2bb5d6eda67ea1bd16782bfd8,contiguous_substring,intermediate,64,0.17747877664032613,37.786899481879345,0.7173449272471865,-0.5191782972547743,0.059697487273786404,-0.6384742063605976,-0.39988238814895094,0.109375
selective_p1.0_r19,m029_contiguous_substring,8d4ddfbfac0226f6a695d6b22ee21fbf533251852e95baca71b09f7710bfb22c,contiguous_substring,intermediate,64,0.1737849493894365,37.695030721028644,0.6690985274922149,-0.6110470581054689,0.05627787168718782,-0.7235094107447564,-0.49858470546618133,0.09375
selective_p1.0_r19,m030_contiguous_substring,6ff19e1927dcafbb441ab0b4a0a61b92d1295d402f3277307a3f5b9d7850b98a,contiguous_substring,intermediate,64,0.18021255932132133,37.77665710449219,0.7119659732993351,-0.5294206746419285,0.05995520435503304,-0.6492315902397072,-0.4096097590441499,0.0625
selective_p1.0_r19,m031_contiguous_substring,c824c782df91faee7515c9d811fab43ed5426465074d2e812a5277507d28ae96,contiguous_substring,intermediate,256,0.21696118608387954,38.1400624593099,0.9028143080246307,-0.16601531982421802,0.055793214573756994,-0.2775091625045157,-0.05452147714392036,0.359375
selective_p1.0_r19,m032_contiguous_substring,ef835eb9c371f618c6958654a7d25a1df1d12c09a53ecf66f9209fb882a8542d,contiguous_substring,intermediate,256,0.21826536421772866,38.05686442057292,0.8591214814471907,-0.24921335856119842,0.053405591177158325,-0.3559359166078019,-0.14249080051459495,0.25
selective_p1.0_r19,m033_identity,2f88e9ce00d238e7e011a7b140b413dcad818f1da41a721f914f1af604d0e217,identity,identity,1024,0.24175314927831362,38.32511935763888,1.0,0.019041578504773837,0.0006638701425137568,0.017714939884019575,0.0203682171255281,1.0
