confirm_id,design_id,condition,baseline_replicate,replicate,map_id,map_hash,method,endpoint_type,actual_groups,retained_information,baseline_information,continuation_index,viability,final_population_hash
D0,A_high_2,selective,D0_r00,0,actual,actual,unintervened,actual,1024,0.3212466844411235,0.3212466844411235,0,12.693294270833333,f7fd327275b063d7ab997ba5ef01ba28b76103f560ddb5850b392756a6fbcbfd
D0,A_high_2,selective,D0_r00,0,m000_constant,9f1dcbc35c350d6027f98be0f5c8b43b42ca52b7604459c0c42be3aa88913d47,constant,constant,1,8.008566259537293e-17,0.3212466844411235,0,8.218281250000002,ff4f23468024e8da08657b240733a798162ca3ea16b8e4f3acf3f182cf73734f
D0,A_high_2,selective,D0_r00,0,m001_balanced_random_group,f9a61013dcfd5168cfac382b0103ebc61175babf90ead3fb241727582f7ebff8,balanced_random_group,intermediate,2,0.0004098065105895,0.3212466844411235,0,8.238667534722222,606c1919eb43e4df81469622d5c8a786272ab60d68e8e2c32b85820409c4b38a
D0,A_high_2,selective,D0_r00,0,m002_affinity_rank_group,3f53151fb2f814971fd6c0128c5c0b7afe1b5cb5257e46a1db18b8ebc9946d94,affinity_rank_group,intermediate,2,0.0002717417852599,0.3212466844411235,0,8.21668402777778,92f5ccb90058d65a261cd74250b751f5f70f7f85c1356ef09e4e58376b8df893
D0,A_high_2,selective,D0_r00,0,m003_balanced_random_group,c3045d2c1c1e20ffe9a4bb2a2e96a1861dba82bdee39680a0c34776015233f77,balanced_random_group,intermediate,4,0.0011056418876721,0.3212466844411235,0,8.21345920138889,9c60a81dbefdee665893fb3aea773fb079f6e00339db7bb0febd1b457160ef56
D0,A_high_2,selective,D0_r00,0,m004_affinity_rank_group,92e56b0f11cdce879476507882d715f1eecc12de134fc3982530e28ffd4eba29,affinity_rank_group,intermediate,4,0.0008381094135002,0.3212466844411235,0,8.241197916666668,1f51267f5dcbf5cfa19f895ad084e68aeafb0fb66d8a5b11ece7542ad96d612b
D0,A_high_2,selective,D0_r00,0,m005_balanced_random_group,04a74209e8dcd69b7ec938b6492b48b960e41d4a73c85f733213da8532e73d49,balanced_random_group,intermediate,8,0.0029984389243138,0.3212466844411235,0,8.264552951388888,d691f6cb69ac94266af93403b4a0afcbe192c7ef92f8b216084af86bd93ce1d8
D0,A_high_2,selective,D0_r00,0,m006_affinity_rank_group,0a19adabdd017fc722384804e89caf4ecf35837689486f63c24094087da5c2ba,affinity_rank_group,intermediate,8,0.0019518128668062,0.3212466844411235,0,8.264483506944442,5b65990fc51bff2dd4237cc296c89d9c4c07f57fcf563ef70fbf263f9d9d7015
D0,A_high_2,selective,D0_r00,0,m007_balanced_random_group,848d2d075b0b38086c555c9d0d8524dccec4f14f30d66b4673f732303caf3b02,balanced_random_group,intermediate,16,0.005943407060968,0.3212466844411235,0,8.339019097222225,d36d1be6322d7ad667d30a1dc8f0665f281a5dac3aab7c0fafd6f99dfdc2b976
D0,A_high_2,selective,D0_r00,0,m008_affinity_rank_group,d176c8d0ee881709b5af7061b49578d8041bef9dde73ceb9e47e4dd86f7ee987,affinity_rank_group,intermediate,16,0.0046135648692117,0.3212466844411235,0,8.294171006944444,50af16e156c6495577b3b39bd2907d30182b9c7828ddce0cdc9c43a512d4d3ce
D0,A_high_2,selective,D0_r00,0,m009_balanced_random_group,8471d3b7d2a757d28b10f6d16b93b4054dd06f1fdee394c0a09cb0b6aab741ce,balanced_random_group,intermediate,32,0.0108735977112411,0.3212466844411235,0,8.41872829861111,99df29a8a6a47960bcc94545a37c47cf45fc4bba0e6874ccfdd9fdf0cc609f7a
D0,A_high_2,selective,D0_r00,0,m010_affinity_rank_group,a08bb91ec0e66d0b3afe5332032fd3fb6769016bc04c2710b5e01a8e599df454,affinity_rank_group,intermediate,32,0.0091534281227096,0.3212466844411235,0,8.37625,fe9d03522478ee7325dc870400fcf4f19b09016adf9ab4cf5e6465522d6c756d
D0,A_high_2,selective,D0_r00,0,m011_balanced_random_group,4f9b5634a7d1bdacc1d585643a286967dc0947786f9e18f05c5d84fe662c78d7,balanced_random_group,intermediate,64,0.0227169107493184,0.3212466844411235,0,8.547894965277777,46ea26ce1c9bde0d81cb671b5602d87794027ca416c3d0f0fb9d844be23265e5
D0,A_high_2,selective,D0_r00,0,m012_affinity_rank_group,6ac4e014d135d7a7fbd4592fdf320f48570dc4bce5e1a5c2ca6054715b80f98a,affinity_rank_group,intermediate,64,0.0202458852763898,0.3212466844411235,0,8.56138454861111,34c80baee5a891f8d1f9ba3487c8d5b5cee3271fb57ecbd9ce12f23e5806d2c1
D0,A_high_2,selective,D0_r00,0,m013_balanced_random_group,8c867de60c19d7bde11f4cc8d3068f7701c8f347c9f932320be77db3baf097e5,balanced_random_group,intermediate,128,0.0449976177212138,0.3212466844411235,0,8.826202256944443,892ac07fa94803a3e732edc394f25379155b56d641d45f3b8a014e458f169735
D0,A_high_2,selective,D0_r00,0,m014_affinity_rank_group,4c0d0a036a5c51abb14f88b143c35a9a2e7cecb590d4d0752b078fe3b59a18dd,affinity_rank_group,intermediate,128,0.0430011049959745,0.3212466844411235,0,8.878567708333334,73c3c550b93484cdea14d23c281fe9df965b3a0221eede2b270fc78e05f9aa45
D0,A_high_2,selective,D0_r00,0,m015_balanced_random_group,e0af73e8f613a1ebdf93671723d799f6c478b0888f37d40a4251e5bfa3441ce6,balanced_random_group,intermediate,256,0.0891671200920415,0.3212466844411235,0,9.424830729166668,1527538ce7b31251caf0212dfe05da6c7ba1864ed8768ad8994e51712f8e9b20
D0,A_high_2,selective,D0_r00,0,m016_affinity_rank_group,cf78b05538711825e0795152b13c3d2c15b5cd16f89c1995f7b006d8bc57c6a2,affinity_rank_group,intermediate,256,0.0928037951141164,0.3212466844411235,0,9.57359375,e30bcc0576eee143780cd765a78b36573ace89838503a1df354f157e6b600fa9
D0,A_high_2,selective,D0_r00,0,m017_balanced_random_group,624eb3be9bfd0f1a3005c27c92924e9e5a273a32f646217df21900a4492271ec,balanced_random_group,intermediate,512,0.1778139370044437,0.3212466844411235,0,10.713715277777776,d9f7f7bc619001db83f62d208d2d40870289d765c5b3fb08e4136f553b4a3ed8
D0,A_high_2,selective,D0_r00,0,m018_affinity_rank_group,24a6acb87a7364b0b1cbbe6fecc84df53e5243c78a06a6c6c4e7354b3e359435,affinity_rank_group,intermediate,512,0.1818622967413581,0.3212466844411235,0,10.600920138888888,97752f091ede538f075f71bd4d488cb2e18b2bf762935e9cf00da291380d3f8f
D0,A_high_2,selective,D0_r00,0,m019_contiguous_substring,16cfd655e57fba08a658c1d50e1fe5976b2f905eee09ec260833cfb2b49d6f38,contiguous_substring,intermediate,4,0.0009535707330871,0.3212466844411235,0,8.24896267361111,f7e8e4af7e9aa37066d3607f4efa864fbd05763333fcca30b3568ac8cd1bd0dd
D0,A_high_2,selective,D0_r00,0,m020_contiguous_substring,6fb076d21f3b26febc2e6a328628b3ea581ce0709de4263bbe675d61bdb74942,contiguous_substring,intermediate,4,0.0009631325985311,0.3212466844411235,0,8.276727430555557,0b0af2ab09b2c9985bb40844fafb81bb9557d7d7bf564c250b7084fdd84f07ba
D0,A_high_2,selective,D0_r00,0,m021_contiguous_substring,3ac98b3bd2edbbfc3b4339ca0066047ccba8e1cfa0ce798acbd27bab5b87d8af,contiguous_substring,intermediate,4,0.0010441660808849,0.3212466844411235,0,8.246519097222222,ea53fc0b6c639da09a034a326da0e9c3273ea7872733ee68c7535d396d60d060
D0,A_high_2,selective,D0_r00,0,m022_contiguous_substring,fc015e86e4e7f2c734c05fb1135856a6186a7b6e6f3079acc6d6c6e4aa7442e4,contiguous_substring,intermediate,4,0.0009394760290906,0.3212466844411235,0,8.223793402777778,57113a99cc79cc1fe950464887eff626a512fa1ed799eb805f2db4d14556939a
D0,A_high_2,selective,D0_r00,0,m023_contiguous_substring,6d8bb74bcdeefe62988bcebfe3cdb7110ea14648c3393721f4a4095032ddf61b,contiguous_substring,intermediate,4,0.0007095376993485,0.3212466844411235,0,8.237248263888887,b9f26cf014bcca61b16e4541c85e2d29397aaf392db40b5b245d5851d5987cc4
D0,A_high_2,selective,D0_r00,0,m024_contiguous_substring,94ab69bff5420fbcf4c18d7a247ef0e4b9577d1295271abf78a62f51c3b59a0f,contiguous_substring,intermediate,16,0.0048396942346229,0.3212466844411235,0,8.336119791666667,725b704bb1883cae0bcc2cc0bab2b9d7767be8c93692e600b5a09a60fb51a658
D0,A_high_2,selective,D0_r00,0,m025_contiguous_substring,ae330f3e6dd51f734f790820a896827f916e8d775c69ea1f205c55aa81507fe0,contiguous_substring,intermediate,16,0.0053234797477012,0.3212466844411235,0,8.296258680555558,a12a2a7d16f4e73c9a32aa3a2224493c93ebe666da443fab032eb48b01f82f97
D0,A_high_2,selective,D0_r00,0,m026_contiguous_substring,5d3c5ea59a3a81c2ffdcfc7029fe0ab078b39be0217f1ee2611101845014273b,contiguous_substring,intermediate,16,0.0051845684892114,0.3212466844411235,0,8.276453993055554,f17a0241079c58653c1880c4a60ed1ebeb5d912b5bcae12f47cd1551e0ad110a
D0,A_high_2,selective,D0_r00,0,m027_contiguous_substring,6edfbfdb62fbf79744d4ecfb6fe43de95b2133d87a10f24061ecc84297b1c267,contiguous_substring,intermediate,16,0.004402005462835,0.3212466844411235,0,8.29842013888889,34c6e366ef74a0ac0b1a5ea1a024f0d513a9ec82af115e0ef1cc33b35aa3754b
D0,A_high_2,selective,D0_r00,0,m028_contiguous_substring,6f9a04216ce84ed3a2ef19a2010723c498d866f2bb5d6eda67ea1bd16782bfd8,contiguous_substring,intermediate,64,0.0209220114623917,0.3212466844411235,0,8.517296006944445,e3d2c9a05f8ef2fa2f0d2f18d69130a9af0e40ac74f21ed6f875ff5dacd8e6f6
D0,A_high_2,selective,D0_r00,0,m029_contiguous_substring,8d4ddfbfac0226f6a695d6b22ee21fbf533251852e95baca71b09f7710bfb22c,contiguous_substring,intermediate,64,0.0206739007284631,0.3212466844411235,0,8.506948784722223,31e155d72f3b2674c5c8e431425875d467b84c0da7ad8d8019c791902f2c86cc
D0,A_high_2,selective,D0_r00,0,m030_contiguous_substring,6ff19e1927dcafbb441ab0b4a0a61b92d1295d402f3277307a3f5b9d7850b98a,contiguous_substring,intermediate,64,0.021197172731582,0.3212466844411235,0,8.49127170138889,8e5f8e23f7a1c301495d707bf0e6bdb699aaa4135f4c64ef6c68f2081afd5c8b
D0,A_high_2,selective,D0_r00,0,m031_contiguous_substring,c824c782df91faee7515c9d811fab43ed5426465074d2e812a5277507d28ae96,contiguous_substring,intermediate,256,0.0880796599264774,0.3212466844411235,0,9.430603298611112,4906a72cada80ce8a9df09ad89bbf6fa1fd8d9db55ccf67176bd309e5a33dd29
D0,A_high_2,selective,D0_r00,0,m032_contiguous_substring,ef835eb9c371f618c6958654a7d25a1df1d12c09a53ecf66f9209fb882a8542d,contiguous_substring,intermediate,256,0.0926370122174385,0.3212466844411235,0,9.502808159722225,569d406b6668940f6fe27cec7a793c67a64d73f35358065ea863866af859b7ef
D0,A_high_2,selective,D0_r00,0,m033_identity,2f88e9ce00d238e7e011a7b140b413dcad818f1da41a721f914f1af604d0e217,identity,identity,1024,0.3212466844411235,0.3212466844411235,0,12.693294270833333,f7fd327275b063d7ab997ba5ef01ba28b76103f560ddb5850b392756a6fbcbfd
D0,A_high_2,selective,D0_r00,0,actual,actual,unintervened,actual,1024,0.3212466844411235,0.3212466844411235,1,12.695681423611113,f60ff6d7fa4c6e1ed2448dae9680e1c4fb38ca10c1910100bcad4ddf829a3110
D0,A_high_2,selective,D0_r00,0,m000_constant,9f1dcbc35c350d6027f98be0f5c8b43b42ca52b7604459c0c42be3aa88913d47,constant,constant,1,8.008566259537293e-17,0.3212466844411235,1,8.19861545138889,2f4a27b9337f9b9013fd54a42d0eb733e3f4ab36de4bbc1e43da95416627c2b5
D0,A_high_2,selective,D0_r00,0,m001_balanced_random_group,f9a61013dcfd5168cfac382b0103ebc61175babf90ead3fb241727582f7ebff8,balanced_random_group,intermediate,2,0.0004098065105895,0.3212466844411235,1,8.214435763888892,dff0f42db48062c2419f175927043e9adc7533eb177f35ffc3268d79ae23b12d
D0,A_high_2,selective,D0_r00,0,m002_affinity_rank_group,3f53151fb2f814971fd6c0128c5c0b7afe1b5cb5257e46a1db18b8ebc9946d94,affinity_rank_group,intermediate,2,0.0002717417852599,0.3212466844411235,1,8.1983984375,77c5df23010b1ea82c7c5c0a8a187d4011a7cced9630fb4c2f13172bcd3d29ee
D0,A_high_2,selective,D0_r00,0,m003_balanced_random_group,c3045d2c1c1e20ffe9a4bb2a2e96a1861dba82bdee39680a0c34776015233f77,balanced_random_group,intermediate,4,0.0011056418876721,0.3212466844411235,1,8.196592881944444,8274ab78946f9da0e44fa997675d32234af9437f119424dcb503eb8738604137
D0,A_high_2,selective,D0_r00,0,m004_affinity_rank_group,92e56b0f11cdce879476507882d715f1eecc12de134fc3982530e28ffd4eba29,affinity_rank_group,intermediate,4,0.0008381094135002,0.3212466844411235,1,8.190303819444445,1e414a934d16ce60391950b1cf0ae1c65fbb42dccf3869f9bf59038db877df8a
D0,A_high_2,selective,D0_r00,0,m005_balanced_random_group,04a74209e8dcd69b7ec938b6492b48b960e41d4a73c85f733213da8532e73d49,balanced_random_group,intermediate,8,0.0029984389243138,0.3212466844411235,1,8.247912326388889,c5d6248c940131fc0e18cbb00ecc796179db6fc58e32c5ef84f289b8ee484698
D0,A_high_2,selective,D0_r00,0,m006_affinity_rank_group,0a19adabdd017fc722384804e89caf4ecf35837689486f63c24094087da5c2ba,affinity_rank_group,intermediate,8,0.0019518128668062,0.3212466844411235,1,8.22549045138889,48954857d66c91b5ecb2f8e12049eb24f82a830f1616c1ffd44a775d49b74002
D0,A_high_2,selective,D0_r00,0,m007_balanced_random_group,848d2d075b0b38086c555c9d0d8524dccec4f14f30d66b4673f732303caf3b02,balanced_random_group,intermediate,16,0.005943407060968,0.3212466844411235,1,8.237222222222222,f5dc821c38736d9348cd22438d615b13eb573f7f49c8ac4cce1836eac3737128
D0,A_high_2,selective,D0_r00,0,m008_affinity_rank_group,d176c8d0ee881709b5af7061b49578d8041bef9dde73ceb9e47e4dd86f7ee987,affinity_rank_group,intermediate,16,0.0046135648692117,0.3212466844411235,1,8.244565972222224,05d9b6bdff158dae829fd536594077a251ccad9cd5c04f9f35763294914199e1
D0,A_high_2,selective,D0_r00,0,m009_balanced_random_group,8471d3b7d2a757d28b10f6d16b93b4054dd06f1fdee394c0a09cb0b6aab741ce,balanced_random_group,intermediate,32,0.0108735977112411,0.3212466844411235,1,8.324830729166669,501a3e358eedf9282e6dc1b84929089f2cb6d88367b2984778b718fd04ed3b52
D0,A_high_2,selective,D0_r00,0,m010_affinity_rank_group,a08bb91ec0e66d0b3afe5332032fd3fb6769016bc04c2710b5e01a8e599df454,affinity_rank_group,intermediate,32,0.0091534281227096,0.3212466844411235,1,8.356501736111113,984b52868f3f9c916e345133ceb342ac837d008ef24e86440182056cc01674f5
D0,A_high_2,selective,D0_r00,0,m011_balanced_random_group,4f9b5634a7d1bdacc1d585643a286967dc0947786f9e18f05c5d84fe662c78d7,balanced_random_group,intermediate,64,0.0227169107493184,0.3212466844411235,1,8.578242187499999,e0089fff251c168c9324019a6baf2d7527d9f779acc29221af1ba379847ae84e
D0,A_high_2,selective,D0_r00,0,m012_affinity_rank_group,6ac4e014d135d7a7fbd4592fdf320f48570dc4bce5e1a5c2ca6054715b80f98a,affinity_rank_group,intermediate,64,0.0202458852763898,0.3212466844411235,1,8.405755208333332,f530aabef0d58c8b7e5c2803a80afff30b896dfb3f0848a7a9f45b23ba3ca292
D0,A_high_2,selective,D0_r00,0,m013_balanced_random_group,8c867de60c19d7bde11f4cc8d3068f7701c8f347c9f932320be77db3baf097e5,balanced_random_group,intermediate,128,0.0449976177212138,0.3212466844411235,1,8.842556423611109,37496756cf70c60456577c3f97797289bf770cb650a47ed3791b82ba5cece9c6
D0,A_high_2,selective,D0_r00,0,m014_affinity_rank_group,4c0d0a036a5c51abb14f88b143c35a9a2e7cecb590d4d0752b078fe3b59a18dd,affinity_rank_group,intermediate,128,0.0430011049959745,0.3212466844411235,1,8.82486545138889,f1b4fab42d0debc6109df15ba012018f3a40bc882f0625fdc2dba2f2fd2e8c83
D0,A_high_2,selective,D0_r00,0,m015_balanced_random_group,e0af73e8f613a1ebdf93671723d799f6c478b0888f37d40a4251e5bfa3441ce6,balanced_random_group,intermediate,256,0.0891671200920415,0.3212466844411235,1,9.388802083333337,10eddf01fbfb674555901b2e5ad825468aeb9c4de9eec1a5df49f52b64335d63
D0,A_high_2,selective,D0_r00,0,m016_affinity_rank_group,cf78b05538711825e0795152b13c3d2c15b5cd16f89c1995f7b006d8bc57c6a2,affinity_rank_group,intermediate,256,0.0928037951141164,0.3212466844411235,1,9.480264756944443,9bd2d5c1a0e2d6c265c42d84e1a7de7bbc6f226cce43f4ecb0218c14e2d1e6d3
D0,A_high_2,selective,D0_r00,0,m017_balanced_random_group,624eb3be9bfd0f1a3005c27c92924e9e5a273a32f646217df21900a4492271ec,balanced_random_group,intermediate,512,0.1778139370044437,0.3212466844411235,1,10.489171006944444,1ec4570af0ee20fc42e24ffc8a68ccb93ad060b4d6cc31a2033a2c2c361ecd14
D0,A_high_2,selective,D0_r00,0,m018_affinity_rank_group,24a6acb87a7364b0b1cbbe6fecc84df53e5243c78a06a6c6c4e7354b3e359435,affinity_rank_group,intermediate,512,0.1818622967413581,0.3212466844411235,1,10.62857204861111,3af7d63d786b260efbdf7cea743d01c51919b837006cec8dfc0cd97390a0ce15
D0,A_high_2,selective,D0_r00,0,m019_contiguous_substring,16cfd655e57fba08a658c1d50e1fe5976b2f905eee09ec260833cfb2b49d6f38,contiguous_substring,intermediate,4,0.0009535707330871,0.3212466844411235,1,8.2302734375,27d00414e0c54b7d548415dbab5b1c37ba6e20196c3b8958030bd6ea53b5643f
D0,A_high_2,selective,D0_r00,0,m020_contiguous_substring,6fb076d21f3b26febc2e6a328628b3ea581ce0709de4263bbe675d61bdb74942,contiguous_substring,intermediate,4,0.0009631325985311,0.3212466844411235,1,8.21698784722222,3a25cd4a29e96c407a8673c8c14a1a9b325a0b9cbdd042427501303b336351a4
D0,A_high_2,selective,D0_r00,0,m021_contiguous_substring,3ac98b3bd2edbbfc3b4339ca0066047ccba8e1cfa0ce798acbd27bab5b87d8af,contiguous_substring,intermediate,4,0.0010441660808849,0.3212466844411235,1,8.2476953125,88bd09e26dac2be05652e7edcfc086c6e632500b5d0f61a726f58cb5ccdad044
D0,A_high_2,selective,D0_r00,0,m022_contiguous_substring,fc015e86e4e7f2c734c05fb1135856a6186a7b6e6f3079acc6d6c6e4aa7442e4,contiguous_substring,intermediate,4,0.0009394760290906,0.3212466844411235,1,8.204713541666667,a44a834dd08af36640e6141acd3014c6cb3668269ceea6ee1ff57f6adc3124b9
D0,A_high_2,selective,D0_r00,0,m023_contiguous_substring,6d8bb74bcdeefe62988bcebfe3cdb7110ea14648c3393721f4a4095032ddf61b,contiguous_substring,intermediate,4,0.0007095376993485,0.3212466844411235,1,8.196158854166665,c7b1ee2b6259e8f584607888f28a2ef285a9855d8b0f55f94ef2ecbecffb9197
D0,A_high_2,selective,D0_r00,0,m024_contiguous_substring,94ab69bff5420fbcf4c18d7a247ef0e4b9577d1295271abf78a62f51c3b59a0f,contiguous_substring,intermediate,16,0.0048396942346229,0.3212466844411235,1,8.275711805555554,f46e2f36c4d2e8bbd44e3e0b86337d927a8d9c8d3cb76214c722fc00cd880349
D0,A_high_2,selective,D0_r00,0,m025_contiguous_substring,ae330f3e6dd51f734f790820a896827f916e8d775c69ea1f205c55aa81507fe0,contiguous_substring,intermediate,16,0.0053234797477012,0.3212466844411235,1,8.234778645833334,f0138ee579084a5a71c5e3043d626c0955c50b53239db585ace164e3b60722da
D0,A_high_2,selective,D0_r00,0,m026_contiguous_substring,5d3c5ea59a3a81c2ffdcfc7029fe0ab078b39be0217f1ee2611101845014273b,contiguous_substring,intermediate,16,0.0051845684892114,0.3212466844411235,1,8.254782986111113,1f95050fcaebac3b10581e95273cad48f14b8c393e2a940f3f5f6e405dd06bd2
D0,A_high_2,selective,D0_r00,0,m027_contiguous_substring,6edfbfdb62fbf79744d4ecfb6fe43de95b2133d87a10f24061ecc84297b1c267,contiguous_substring,intermediate,16,0.004402005462835,0.3212466844411235,1,8.236966145833334,80c5b227f499f43eb5965f1706eff5537d83b690566884d69025d1fd77063492
D0,A_high_2,selective,D0_r00,0,m028_contiguous_substring,6f9a04216ce84ed3a2ef19a2010723c498d866f2bb5d6eda67ea1bd16782bfd8,contiguous_substring,intermediate,64,0.0209220114623917,0.3212466844411235,1,8.489396701388891,643dbf740f835a43c212196645c409d2dc7073f712696a0f1eb7fdda9c4ea695
D0,A_high_2,selective,D0_r00,0,m029_contiguous_substring,8d4ddfbfac0226f6a695d6b22ee21fbf533251852e95baca71b09f7710bfb22c,contiguous_substring,intermediate,64,0.0206739007284631,0.3212466844411235,1,8.474696180555554,82aff20d646f64de040ac09c10879f32ea39e4b8af76552ccad85964bf3f0f97
D0,A_high_2,selective,D0_r00,0,m030_contiguous_substring,6ff19e1927dcafbb441ab0b4a0a61b92d1295d402f3277307a3f5b9d7850b98a,contiguous_substring,intermediate,64,0.021197172731582,0.3212466844411235,1,8.442013888888889,c4ca675477d504241d81d7307cb6d9c9cf686b8dc700978b31f585607316b7ac
D0,A_high_2,selective,D0_r00,0,m031_contiguous_substring,c824c782df91faee7515c9d811fab43ed5426465074d2e812a5277507d28ae96,contiguous_substring,intermediate,256,0.0880796599264774,0.3212466844411235,1,9.399036458333336,48453cb8648617d26a06c099c35df2b202b8e3f6014bed865c296fb55f3d8457
D0,A_high_2,selective,D0_r00,0,m032_contiguous_substring,ef835eb9c371f618c6958654a7d25a1df1d12c09a53ecf66f9209fb882a8542d,contiguous_substring,intermediate,256,0.0926370122174385,0.3212466844411235,1,9.315108506944446,3f33d06c26b42c0042c24ef8cbfddaa873f043f0b0f0f20cfcdf462497aaff86
D0,A_high_2,selective,D0_r00,0,m033_identity,2f88e9ce00d238e7e011a7b140b413dcad818f1da41a721f914f1af604d0e217,identity,identity,1024,0.3212466844411235,0.3212466844411235,1,12.695681423611113,f60ff6d7fa4c6e1ed2448dae9680e1c4fb38ca10c1910100bcad4ddf829a3110
D0,A_high_2,selective,D0_r01,1,actual,actual,unintervened,actual,1024,0.3257764357010603,0.3257764357010603,0,12.645876736111113,f1a6509307d54df651560cf288fa1ee731927820d58e85c310da2709d100fa02
D0,A_high_2,selective,D0_r01,1,m000_constant,9f1dcbc35c350d6027f98be0f5c8b43b42ca52b7604459c0c42be3aa88913d47,constant,constant,1,8.008566259537292e-17,0.3257764357010603,0,8.185611979166666,5281a9c1108ba85ff7c1d8260b04d90b7afc24804475d86b2d828bc0d3d730f1
D0,A_high_2,selective,D0_r01,1,m001_balanced_random_group,f9a61013dcfd5168cfac382b0103ebc61175babf90ead3fb241727582f7ebff8,balanced_random_group,intermediate,2,0.00012700781571,0.3257764357010603,0,8.213572048611113,4d3aeab6c7ae3b4672bffe3c3fbf312f01e21b1903c0d2926cbb892f32ec7e43
D0,A_high_2,selective,D0_r01,1,m002_affinity_rank_group,3f53151fb2f814971fd6c0128c5c0b7afe1b5cb5257e46a1db18b8ebc9946d94,affinity_rank_group,intermediate,2,0.0004004828855503,0.3257764357010603,0,8.185842013888887,161d3957ab17e8537c707d620939e09c7148ad6437bd8e64e640ccfe25d6699a
D0,A_high_2,selective,D0_r01,1,m003_balanced_random_group,c3045d2c1c1e20ffe9a4bb2a2e96a1861dba82bdee39680a0c34776015233f77,balanced_random_group,intermediate,4,0.0010468875395424,0.3257764357010603,0,8.196497395833333,78ea4bd911d2d22082b7dfcb7c29403d083938555bbbc06a2cc052c0082d7495
D0,A_high_2,selective,D0_r01,1,m004_affinity_rank_group,92e56b0f11cdce879476507882d715f1eecc12de134fc3982530e28ffd4eba29,affinity_rank_group,intermediate,4,0.0010737292680574,0.3257764357010603,0,8.1851953125,9affff15cf71c62f43bf92323c3abaaa7d564857d62d46f9b25939a3a48a4420
D0,A_high_2,selective,D0_r01,1,m005_balanced_random_group,04a74209e8dcd69b7ec938b6492b48b960e41d4a73c85f733213da8532e73d49,balanced_random_group,intermediate,8,0.0022125607576237,0.3257764357010603,0,8.213285590277781,8e9fd69fc04fe0fbb43aa406b5a142f24dd5600a93f9827c595c552e2e4dab30
D0,A_high_2,selective,D0_r01,1,m006_affinity_rank_group,0a19adabdd017fc722384804e89caf4ecf35837689486f63c24094087da5c2ba,affinity_rank_group,intermediate,8,0.0022506011124482,0.3257764357010603,0,8.231688368055558,ad43d023cebd4e1aaa9d9d2dfe0ac387a25aeda977c5a31a4bdda3f7221cc65e
D0,A_high_2,selective,D0_r01,1,m007_balanced_random_group,848d2d075b0b38086c555c9d0d8524dccec4f14f30d66b4673f732303caf3b02,balanced_random_group,intermediate,16,0.0045467963049501,0.3257764357010603,0,8.2548046875,809cfd671307f931f01057c8081b800af44ab0e6a708f9d4190a446c4b442792
D0,A_high_2,selective,D0_r01,1,m008_affinity_rank_group,d176c8d0ee881709b5af7061b49578d8041bef9dde73ceb9e47e4dd86f7ee987,affinity_rank_group,intermediate,16,0.0048486036913689,0.3257764357010603,0,8.278767361111115,afef057e131df7c3f6e8a09f4ad4d3624b34022f22aa7951e2aecf27584bbcce
D0,A_high_2,selective,D0_r01,1,m009_balanced_random_group,8471d3b7d2a757d28b10f6d16b93b4054dd06f1fdee394c0a09cb0b6aab741ce,balanced_random_group,intermediate,32,0.0115237436004783,0.3257764357010603,0,8.332534722222224,b7750628b3a597033c959d0ea9f9f63bd1bd7edae766bed087db2dff35a6f2a3
D0,A_high_2,selective,D0_r01,1,m010_affinity_rank_group,a08bb91ec0e66d0b3afe5332032fd3fb6769016bc04c2710b5e01a8e599df454,affinity_rank_group,intermediate,32,0.0105497499972933,0.3257764357010603,0,8.364305555555553,98d6c426fa8b325967ae8acca3902ea281ff583448882d73323c6a5ade6c532f
D0,A_high_2,selective,D0_r01,1,m011_balanced_random_group,4f9b5634a7d1bdacc1d585643a286967dc0947786f9e18f05c5d84fe662c78d7,balanced_random_group,intermediate,64,0.0232882435811574,0.3257764357010603,0,8.53404079861111,831af518e2256d13c066020849c07e860b919b40f91138e0a0951c678f9f5563
D0,A_high_2,selective,D0_r01,1,m012_affinity_rank_group,6ac4e014d135d7a7fbd4592fdf320f48570dc4bce5e1a5c2ca6054715b80f98a,affinity_rank_group,intermediate,64,0.0208207065631702,0.3257764357010603,0,8.505611979166666,ec96aa14e1322c2fc2e482472b9dfa194d4f8633c43be11ba5d37c51719328ea
D0,A_high_2,selective,D0_r01,1,m013_balanced_random_group,8c867de60c19d7bde11f4cc8d3068f7701c8f347c9f932320be77db3baf097e5,balanced_random_group,intermediate,128,0.0434036520736535,0.3257764357010603,0,8.870937500000004,65c891b8dfcfd6d588adfd1ea320ec7533dfe7612bedb822e590e56c7c47f2f3
D0,A_high_2,selective,D0_r01,1,m014_affinity_rank_group,4c0d0a036a5c51abb14f88b143c35a9a2e7cecb590d4d0752b078fe3b59a18dd,affinity_rank_group,intermediate,128,0.0442619070261805,0.3257764357010603,0,8.854440104166667,1513b9951840910b12014609cd3423fa37aaa045946460250686b7b340bf4cf1
D0,A_high_2,selective,D0_r01,1,m015_balanced_random_group,e0af73e8f613a1ebdf93671723d799f6c478b0888f37d40a4251e5bfa3441ce6,balanced_random_group,intermediate,256,0.0920254372378053,0.3257764357010603,0,9.38013888888889,25201225dba4a66929657701952fa1eb2167e6e2e7b9880a6df36e3e3cce7ad6
D0,A_high_2,selective,D0_r01,1,m016_affinity_rank_group,cf78b05538711825e0795152b13c3d2c15b5cd16f89c1995f7b006d8bc57c6a2,affinity_rank_group,intermediate,256,0.0959084514824264,0.3257764357010603,0,9.542135416666666,d9145f214e9889f04a75d0567018ed3c983591a52958d5592c29fc032619fdc6
D0,A_high_2,selective,D0_r01,1,m017_balanced_random_group,624eb3be9bfd0f1a3005c27c92924e9e5a273a32f646217df21900a4492271ec,balanced_random_group,intermediate,512,0.1862017185376081,0.3257764357010603,0,10.511319444444446,ceb2f376887820f18df31e28a5c39d3b552d2a7943ed8d9554243bb39aa3e639
D0,A_high_2,selective,D0_r01,1,m018_affinity_rank_group,24a6acb87a7364b0b1cbbe6fecc84df53e5243c78a06a6c6c4e7354b3e359435,affinity_rank_group,intermediate,512,0.1880074534584799,0.3257764357010603,0,10.6021484375,2339746f10abe024a29abfd40a90706429017840cab51e3a4d0aaf549eb7d809
D0,A_high_2,selective,D0_r01,1,m019_contiguous_substring,16cfd655e57fba08a658c1d50e1fe5976b2f905eee09ec260833cfb2b49d6f38,contiguous_substring,intermediate,4,0.0007135825475465,0.3257764357010603,0,8.199270833333335,3c8343fad41581459c83904282bfe133f76a74f2864b45a4455c4da4a93e8a09
D0,A_high_2,selective,D0_r01,1,m020_contiguous_substring,6fb076d21f3b26febc2e6a328628b3ea581ce0709de4263bbe675d61bdb74942,contiguous_substring,intermediate,4,0.0011845229705758,0.3257764357010603,0,8.196927083333334,31b483aa8b88347d9d2fa0c5083d72abd37624cbfa3cf1758fc9b79ef8fc9d88
D0,A_high_2,selective,D0_r01,1,m021_contiguous_substring,3ac98b3bd2edbbfc3b4339ca0066047ccba8e1cfa0ce798acbd27bab5b87d8af,contiguous_substring,intermediate,4,0.0008408725739016,0.3257764357010603,0,8.189657118055557,5e19b022a004bc09b213f11a9f58ddcfda0edc2b8c0baeaddb13004b0f1c5041
D0,A_high_2,selective,D0_r01,1,m022_contiguous_substring,fc015e86e4e7f2c734c05fb1135856a6186a7b6e6f3079acc6d6c6e4aa7442e4,contiguous_substring,intermediate,4,0.0008227277804211,0.3257764357010603,0,8.206163194444445,bf988a727f38216f0d8f2bb1939f18264b8a2026674c65019e5f050f890ab60d
D0,A_high_2,selective,D0_r01,1,m023_contiguous_substring,6d8bb74bcdeefe62988bcebfe3cdb7110ea14648c3393721f4a4095032ddf61b,contiguous_substring,intermediate,4,0.0005731405272052,0.3257764357010603,0,8.1949609375,29bb6d415a62ae1ca3353b183b03008077b849be5f1f5134b807e4963536fa0a
D0,A_high_2,selective,D0_r01,1,m024_contiguous_substring,94ab69bff5420fbcf4c18d7a247ef0e4b9577d1295271abf78a62f51c3b59a0f,contiguous_substring,intermediate,16,0.0042572684285489,0.3257764357010603,0,8.255381944444444,040c64ce448c886becabfba237129ace1b0dacedc31738de3d1926c0b91331ec
D0,A_high_2,selective,D0_r01,1,m025_contiguous_substring,ae330f3e6dd51f734f790820a896827f916e8d775c69ea1f205c55aa81507fe0,contiguous_substring,intermediate,16,0.0054453460391274,0.3257764357010603,0,8.258428819444445,5c95fb652bd9b99865b40d57019a3ce77a5d71cd73a921a5af362710bf273c00
D0,A_high_2,selective,D0_r01,1,m026_contiguous_substring,5d3c5ea59a3a81c2ffdcfc7029fe0ab078b39be0217f1ee2611101845014273b,contiguous_substring,intermediate,16,0.0044730423392002,0.3257764357010603,0,8.2502734375,e2c589a0578b7753f6be4fca5171bfa9ff2a4d4c1072cb19419d025e537c090a
D0,A_high_2,selective,D0_r01,1,m027_contiguous_substring,6edfbfdb62fbf79744d4ecfb6fe43de95b2133d87a10f24061ecc84297b1c267,contiguous_substring,intermediate,16,0.003898591175766,0.3257764357010603,0,8.265642361111112,9eca00f359e0a1748a8e5beae86949c49fe4604d3d42d6ba59e1ca5afd7a14b6
D0,A_high_2,selective,D0_r01,1,m028_contiguous_substring,6f9a04216ce84ed3a2ef19a2010723c498d866f2bb5d6eda67ea1bd16782bfd8,contiguous_substring,intermediate,64,0.0213659396835685,0.3257764357010603,0,8.484409722222223,7fe4f97b016e11d2c4ead80ccd89cb40e0ffe346586f640989cb4ceb1bf94a68
D0,A_high_2,selective,D0_r01,1,m029_contiguous_substring,8d4ddfbfac0226f6a695d6b22ee21fbf533251852e95baca71b09f7710bfb22c,contiguous_substring,intermediate,64,0.0210100481595593,0.3257764357010603,0,8.408953993055556,8d138158f8254617c34c767cb87de58673be006fde4bf76b7685d9738b074c64
D0,A_high_2,selective,D0_r01,1,m030_contiguous_substring,6ff19e1927dcafbb441ab0b4a0a61b92d1295d402f3277307a3f5b9d7850b98a,contiguous_substring,intermediate,64,0.0201297274216318,0.3257764357010603,0,8.405611979166668,835fd76f1008f0296f21d855e9c84996aaafcacc2fb25644a1277049162dcbe5
D0,A_high_2,selective,D0_r01,1,m031_contiguous_substring,c824c782df91faee7515c9d811fab43ed5426465074d2e812a5277507d28ae96,contiguous_substring,intermediate,256,0.0945310582111783,0.3257764357010603,0,9.33435763888889,fd48bf4ac383a6465d5441d84d8f226c2fa03fc1e7ec75592f0984eca731eefc
D0,A_high_2,selective,D0_r01,1,m032_contiguous_substring,ef835eb9c371f618c6958654a7d25a1df1d12c09a53ecf66f9209fb882a8542d,contiguous_substring,intermediate,256,0.0919931318698231,0.3257764357010603,0,9.308593750000002,e73353b906df404566d24e870c7cd6c38b60abb6fe65f1110e3cdf09c6afa9d4
D0,A_high_2,selective,D0_r01,1,m033_identity,2f88e9ce00d238e7e011a7b140b413dcad818f1da41a721f914f1af604d0e217,identity,identity,1024,0.3257764357010603,0.3257764357010603,0,12.645876736111113,f1a6509307d54df651560cf288fa1ee731927820d58e85c310da2709d100fa02
D0,A_high_2,selective,D0_r01,1,actual,actual,unintervened,actual,1024,0.3257764357010603,0.3257764357010603,1,12.586536458333336,38b85e9bbbaae3e2c7b90c91c7a90a7da0efa2e94201fc7e838546d7dd0d631a
D0,A_high_2,selective,D0_r01,1,m000_constant,9f1dcbc35c350d6027f98be0f5c8b43b42ca52b7604459c0c42be3aa88913d47,constant,constant,1,8.008566259537292e-17,0.3257764357010603,1,8.168081597222224,2208f0c219cf143eb4da22bad6ddfa0e64ccf66aa1cf8db795b70bbd72dabaa7
D0,A_high_2,selective,D0_r01,1,m001_balanced_random_group,f9a61013dcfd5168cfac382b0103ebc61175babf90ead3fb241727582f7ebff8,balanced_random_group,intermediate,2,0.00012700781571,0.3257764357010603,1,8.17092013888889,25edbef1cfc35cb06d05abd4b1ec7021c51fed15f3c7356c7c542fa0e6948bf3
D0,A_high_2,selective,D0_r01,1,m002_affinity_rank_group,3f53151fb2f814971fd6c0128c5c0b7afe1b5cb5257e46a1db18b8ebc9946d94,affinity_rank_group,intermediate,2,0.0004004828855503,0.3257764357010603,1,8.162326388888891,99e4d3d418e14a4cc4cec5e6133a3df31ab10d240aedcc469b1e6bdf47f87f24
D0,A_high_2,selective,D0_r01,1,m003_balanced_random_group,c3045d2c1c1e20ffe9a4bb2a2e96a1861dba82bdee39680a0c34776015233f77,balanced_random_group,intermediate,4,0.0010468875395424,0.3257764357010603,1,8.172842881944444,9c634c6ce3b359f912dd221ae59ea42e57505b9f3a39e0459de387da63e52679
D0,A_high_2,selective,D0_r01,1,m004_affinity_rank_group,92e56b0f11cdce879476507882d715f1eecc12de134fc3982530e28ffd4eba29,affinity_rank_group,intermediate,4,0.0010737292680574,0.3257764357010603,1,8.18595920138889,837e455ca1ae6d504a9c5ae8bfca10296b844e1dbe8c9716790ea1c2613aacd5
D0,A_high_2,selective,D0_r01,1,m005_balanced_random_group,04a74209e8dcd69b7ec938b6492b48b960e41d4a73c85f733213da8532e73d49,balanced_random_group,intermediate,8,0.0022125607576237,0.3257764357010603,1,8.213888888888889,4fe2244c162bf05986aaf13bf6dc3af3b71be7fa01e2042f2ba82f310d0a0b82
D0,A_high_2,selective,D0_r01,1,m006_affinity_rank_group,0a19adabdd017fc722384804e89caf4ecf35837689486f63c24094087da5c2ba,affinity_rank_group,intermediate,8,0.0022506011124482,0.3257764357010603,1,8.19275173611111,51ba9aef3e3ca1fefaeeca6b14d4de75f5c9578812dea7b6802dc2e4b13793a5
D0,A_high_2,selective,D0_r01,1,m007_balanced_random_group,848d2d075b0b38086c555c9d0d8524dccec4f14f30d66b4673f732303caf3b02,balanced_random_group,intermediate,16,0.0045467963049501,0.3257764357010603,1,8.253081597222222,083671ce1cae88803c2d7deae83f99b08bbec74f04d0aaffd9e947e8c79a619e
D0,A_high_2,selective,D0_r01,1,m008_affinity_rank_group,d176c8d0ee881709b5af7061b49578d8041bef9dde73ceb9e47e4dd86f7ee987,affinity_rank_group,intermediate,16,0.0048486036913689,0.3257764357010603,1,8.241280381944446,2cd3d7d5deb84f127419ed4e623b18e687204ec2c66dbeaeeebd355807da757d
D0,A_high_2,selective,D0_r01,1,m009_balanced_random_group,8471d3b7d2a757d28b10f6d16b93b4054dd06f1fdee394c0a09cb0b6aab741ce,balanced_random_group,intermediate,32,0.0115237436004783,0.3257764357010603,1,8.371041666666667,8b6a8eba6674e3f08ce6a63c0900ce5e058262766d023d728a8caa4ed8662be5
D0,A_high_2,selective,D0_r01,1,m010_affinity_rank_group,a08bb91ec0e66d0b3afe5332032fd3fb6769016bc04c2710b5e01a8e599df454,affinity_rank_group,intermediate,32,0.0105497499972933,0.3257764357010603,1,8.35453125,468f88853b5d83697950609fc774fb6749f0f99114558479826387c54c1c06b6
D0,A_high_2,selective,D0_r01,1,m011_balanced_random_group,4f9b5634a7d1bdacc1d585643a286967dc0947786f9e18f05c5d84fe662c78d7,balanced_random_group,intermediate,64,0.0232882435811574,0.3257764357010603,1,8.48966579861111,841e05fd9d7aa092a376826c53f72c851e15b56d3d2034709f08aebe09cf821b
D0,A_high_2,selective,D0_r01,1,m012_affinity_rank_group,6ac4e014d135d7a7fbd4592fdf320f48570dc4bce5e1a5c2ca6054715b80f98a,affinity_rank_group,intermediate,64,0.0208207065631702,0.3257764357010603,1,8.442664930555559,b5b939ca774197688c772e14afaab09dc39d739190e28d572001c7a837abf1b3
D0,A_high_2,selective,D0_r01,1,m013_balanced_random_group,8c867de60c19d7bde11f4cc8d3068f7701c8f347c9f932320be77db3baf097e5,balanced_random_group,intermediate,128,0.0434036520736535,0.3257764357010603,1,8.796514756944443,4724591dae70f12c8d7e7d357a421cdcd1757625622b297efa6f56bf42119058
D0,A_high_2,selective,D0_r01,1,m014_affinity_rank_group,4c0d0a036a5c51abb14f88b143c35a9a2e7cecb590d4d0752b078fe3b59a18dd,affinity_rank_group,intermediate,128,0.0442619070261805,0.3257764357010603,1,8.719335937500002,01ddf4379000493da33726addfef5bfe959c96b17700c43d8b2fc446f53e9552
D0,A_high_2,selective,D0_r01,1,m015_balanced_random_group,e0af73e8f613a1ebdf93671723d799f6c478b0888f37d40a4251e5bfa3441ce6,balanced_random_group,intermediate,256,0.0920254372378053,0.3257764357010603,1,9.309730902777778,e9e4f5859161a7880d87e699b7124ed14405835d20c258674bd2576dac76a1ed
D0,A_high_2,selective,D0_r01,1,m016_affinity_rank_group,cf78b05538711825e0795152b13c3d2c15b5cd16f89c1995f7b006d8bc57c6a2,affinity_rank_group,intermediate,256,0.0959084514824264,0.3257764357010603,1,9.479305555555555,4e6569a01ce72788d765bd0ee264ad28bc6f6da4b8b0084975ab3c69dd41f9cf
D0,A_high_2,selective,D0_r01,1,m017_balanced_random_group,624eb3be9bfd0f1a3005c27c92924e9e5a273a32f646217df21900a4492271ec,balanced_random_group,intermediate,512,0.1862017185376081,0.3257764357010603,1,10.457135416666668,4a5e7762084b1c65cb78336d55dbd04fc66ca2ee66a15c2e7c6714cc1e0cf803
D0,A_high_2,selective,D0_r01,1,m018_affinity_rank_group,24a6acb87a7364b0b1cbbe6fecc84df53e5243c78a06a6c6c4e7354b3e359435,affinity_rank_group,intermediate,512,0.1880074534584799,0.3257764357010603,1,10.488702256944444,0128330a1887dd80430f8c6cb9aafff12eab57991a926f96fba8d4911ff948e7
D0,A_high_2,selective,D0_r01,1,m019_contiguous_substring,16cfd655e57fba08a658c1d50e1fe5976b2f905eee09ec260833cfb2b49d6f38,contiguous_substring,intermediate,4,0.0007135825475465,0.3257764357010603,1,8.19986545138889,6d8ce7b9f83208c74667ed481728b5776704e36dd78cf7164d14798def554c2d
D0,A_high_2,selective,D0_r01,1,m020_contiguous_substring,6fb076d21f3b26febc2e6a328628b3ea581ce0709de4263bbe675d61bdb74942,contiguous_substring,intermediate,4,0.0011845229705758,0.3257764357010603,1,8.190716145833331,83af867cffd3d6e09bb959026d5e43a8180a297e9ce88b33c984e20f72722a1f
D0,A_high_2,selective,D0_r01,1,m021_contiguous_substring,3ac98b3bd2edbbfc3b4339ca0066047ccba8e1cfa0ce798acbd27bab5b87d8af,contiguous_substring,intermediate,4,0.0008408725739016,0.3257764357010603,1,8.184696180555555,98b8308832061604f347812c3942a4f0c8992ea7cb4b55fd376863992b670e5c
D0,A_high_2,selective,D0_r01,1,m022_contiguous_substring,fc015e86e4e7f2c734c05fb1135856a6186a7b6e6f3079acc6d6c6e4aa7442e4,contiguous_substring,intermediate,4,0.0008227277804211,0.3257764357010603,1,8.169066840277777,2675eeda33c9ca33252d9599b9578d5efc4e46a5228bafbfedf77f307e1d6c80
D0,A_high_2,selective,D0_r01,1,m023_contiguous_substring,6d8bb74bcdeefe62988bcebfe3cdb7110ea14648c3393721f4a4095032ddf61b,contiguous_substring,intermediate,4,0.0005731405272052,0.3257764357010603,1,8.161102430555557,efdbf89d23617f73a9cb29a554dea7bd6900af76ff6e4bbb0472d44558a5b587
D0,A_high_2,selective,D0_r01,1,m024_contiguous_substring,94ab69bff5420fbcf4c18d7a247ef0e4b9577d1295271abf78a62f51c3b59a0f,contiguous_substring,intermediate,16,0.0042572684285489,0.3257764357010603,1,8.226970486111112,d895dada08b607896fe3ba4ea3ce028f83d2fca2c9f270a62d5e549fa83d8be9
D0,A_high_2,selective,D0_r01,1,m025_contiguous_substring,ae330f3e6dd51f734f790820a896827f916e8d775c69ea1f205c55aa81507fe0,contiguous_substring,intermediate,16,0.0054453460391274,0.3257764357010603,1,8.267816840277778,bde6f9a750e91449fdee5b843d96654c58f325b13c36371deec7089ae55cf8bb
D0,A_high_2,selective,D0_r01,1,m026_contiguous_substring,5d3c5ea59a3a81c2ffdcfc7029fe0ab078b39be0217f1ee2611101845014273b,contiguous_substring,intermediate,16,0.0044730423392002,0.3257764357010603,1,8.206749131944443,8934024c08d695ef9d4769f83a936856f3339a127e79acb5083f26f4a64cf08f
D0,A_high_2,selective,D0_r01,1,m027_contiguous_substring,6edfbfdb62fbf79744d4ecfb6fe43de95b2133d87a10f24061ecc84297b1c267,contiguous_substring,intermediate,16,0.003898591175766,0.3257764357010603,1,8.198771701388893,95d08e3611688bc48eb73970e92fb4ec965113c62d1c027447127be6f49371aa
D0,A_high_2,selective,D0_r01,1,m028_contiguous_substring,6f9a04216ce84ed3a2ef19a2010723c498d866f2bb5d6eda67ea1bd16782bfd8,contiguous_substring,intermediate,64,0.0213659396835685,0.3257764357010603,1,8.433875868055557,4c4ef4bdca497bf3144d97da2e76315d7602c33548e03644123e2a13b15ab87a
D0,A_high_2,selective,D0_r01,1,m029_contiguous_substring,8d4ddfbfac0226f6a695d6b22ee21fbf533251852e95baca71b09f7710bfb22c,contiguous_substring,intermediate,64,0.0210100481595593,0.3257764357010603,1,8.502612847222222,d19622a632edb81ca48118eb0871a8fa95e7a01c61bcfb3beaa6527c2c4dbb7b
D0,A_high_2,selective,D0_r01,1,m030_contiguous_substring,6ff19e1927dcafbb441ab0b4a0a61b92d1295d402f3277307a3f5b9d7850b98a,contiguous_substring,intermediate,64,0.0201297274216318,0.3257764357010603,1,8.438980034722222,183a1fb019c36434361cf1f145eda554a285d2b39de3f56f0ab37dd838c334a6
D0,A_high_2,selective,D0_r01,1,m031_contiguous_substring,c824c782df91faee7515c9d811fab43ed5426465074d2e812a5277507d28ae96,contiguous_substring,intermediate,256,0.0945310582111783,0.3257764357010603,1,9.360403645833332,53abcafd14891181d4cf3b59472a3deaf0ca96b2e82ceaf5c0132e76c3484965
D0,A_high_2,selective,D0_r01,1,m032_contiguous_substring,ef835eb9c371f618c6958654a7d25a1df1d12c09a53ecf66f9209fb882a8542d,contiguous_substring,intermediate,256,0.0919931318698231,0.3257764357010603,1,9.361098090277778,c414eceae6b80a76a8962aa192a47ffa3f13c4667f00f2404bdf27f53eef7980
D0,A_high_2,selective,D0_r01,1,m033_identity,2f88e9ce00d238e7e011a7b140b413dcad818f1da41a721f914f1af604d0e217,identity,identity,1024,0.3257764357010603,0.3257764357010603,1,12.586536458333336,38b85e9bbbaae3e2c7b90c91c7a90a7da0efa2e94201fc7e838546d7dd0d631a
D0,A_high_2,selective,D0_r02,2,actual,actual,unintervened,actual,1024,0.3211594196270046,0.3211594196270046,0,12.629461805555554,6b5800f50bf943f411eee08c52defad710a915f9dfc3acafe7be1b35f9eadf06
D0,A_high_2,selective,D0_r02,2,m000_constant,9f1dcbc35c350d6027f98be0f5c8b43b42ca52b7604459c0c42be3aa88913d47,constant,constant,1,0.0,0.3211594196270046,0,8.198007812500002,102663a8542963347b1890b77b92e72a41691bdac489c03f93eae734f10430fe
D0,A_high_2,selective,D0_r02,2,m001_balanced_random_group,f9a61013dcfd5168cfac382b0103ebc61175babf90ead3fb241727582f7ebff8,balanced_random_group,intermediate,2,0.0002682032613286,0.3211594196270046,0,8.197643229166665,d1b494ef5a7cba74d2dabcb52ab388f1aa7f46eb4f3a417a1ce1e87a72df4424
D0,A_high_2,selective,D0_r02,2,m002_affinity_rank_group,3f53151fb2f814971fd6c0128c5c0b7afe1b5cb5257e46a1db18b8ebc9946d94,affinity_rank_group,intermediate,2,0.0002309411646254,0.3211594196270046,0,8.191822916666666,9e2f1a1313c608b3a5faf8deeaa3b8dd75d36eda5250b977ede51ece53c8e75e
D0,A_high_2,selective,D0_r02,2,m003_balanced_random_group,c3045d2c1c1e20ffe9a4bb2a2e96a1861dba82bdee39680a0c34776015233f77,balanced_random_group,intermediate,4,0.0010272516347093,0.3211594196270046,0,8.182235243055555,09bd300fbdffe4ff5415a5687f973f8b087fd7e6c0199fab16755b174be3a1b9
D0,A_high_2,selective,D0_r02,2,m004_affinity_rank_group,92e56b0f11cdce879476507882d715f1eecc12de134fc3982530e28ffd4eba29,affinity_rank_group,intermediate,4,0.0008964987565987,0.3211594196270046,0,8.19424045138889,f74a71db898092bc5bc265f4356f1d5247a29ef9e3fe83365f2b8a28827186af
D0,A_high_2,selective,D0_r02,2,m005_balanced_random_group,04a74209e8dcd69b7ec938b6492b48b960e41d4a73c85f733213da8532e73d49,balanced_random_group,intermediate,8,0.0021298743980249,0.3211594196270046,0,8.198177083333333,f5b99bc611d0a75eb82c6511ed9a5b52e606967589a24dccd7d4484fe79ae5c6
D0,A_high_2,selective,D0_r02,2,m006_affinity_rank_group,0a19adabdd017fc722384804e89caf4ecf35837689486f63c24094087da5c2ba,affinity_rank_group,intermediate,8,0.0022653926803386,0.3211594196270046,0,8.17576388888889,26f3493a2ab1f49d2c39c2c027d40f280f963b3b2d53d8a0080470060104e14b
D0,A_high_2,selective,D0_r02,2,m007_balanced_random_group,848d2d075b0b38086c555c9d0d8524dccec4f14f30d66b4673f732303caf3b02,balanced_random_group,intermediate,16,0.0044842928974349,0.3211594196270046,0,8.279917534722223,211d2c3d2e225d3840aeaaad41bdaef158fa426bb4c79e2dc031e5977201d412
D0,A_high_2,selective,D0_r02,2,m008_affinity_rank_group,d176c8d0ee881709b5af7061b49578d8041bef9dde73ceb9e47e4dd86f7ee987,affinity_rank_group,intermediate,16,0.0066824348128996,0.3211594196270046,0,8.271414930555558,5c75cdc98df42a7096cdca40cd46cbeeb75b5a75d7a8c3f0fb9805318fafc5c5
D0,A_high_2,selective,D0_r02,2,m009_balanced_random_group,8471d3b7d2a757d28b10f6d16b93b4054dd06f1fdee394c0a09cb0b6aab741ce,balanced_random_group,intermediate,32,0.0114961902750601,0.3211594196270046,0,8.35619357638889,f056c1252dc0df6740ed2b2f988d661152e8589552f8ff51d5eaf6fd1174be75
D0,A_high_2,selective,D0_r02,2,m010_affinity_rank_group,a08bb91ec0e66d0b3afe5332032fd3fb6769016bc04c2710b5e01a8e599df454,affinity_rank_group,intermediate,32,0.0124895209464675,0.3211594196270046,0,8.35578559027778,7bf458829528c3171abe045f0b904eb64dcec20358ec8067641c0db735cb86e3
D0,A_high_2,selective,D0_r02,2,m011_balanced_random_group,4f9b5634a7d1bdacc1d585643a286967dc0947786f9e18f05c5d84fe662c78d7,balanced_random_group,intermediate,64,0.0220798372991111,0.3211594196270046,0,8.512751736111113,4dd4ba224bdff2d129afdf821dfd94bc21db20947f5fea3ceced2de09f540270
D0,A_high_2,selective,D0_r02,2,m012_affinity_rank_group,6ac4e014d135d7a7fbd4592fdf320f48570dc4bce5e1a5c2ca6054715b80f98a,affinity_rank_group,intermediate,64,0.0216587625788621,0.3211594196270046,0,8.51146701388889,54f8037d61fafb4abb3e8eacc8510b9e2df9474ebcd479194ffd689d7742aeea
D0,A_high_2,selective,D0_r02,2,m013_balanced_random_group,8c867de60c19d7bde11f4cc8d3068f7701c8f347c9f932320be77db3baf097e5,balanced_random_group,intermediate,128,0.0455563910627188,0.3211594196270046,0,8.766805555555555,5948bc17c43013dfc40e5885dcefb93269816e242e2c623b17d4278e7564f005
D0,A_high_2,selective,D0_r02,2,m014_affinity_rank_group,4c0d0a036a5c51abb14f88b143c35a9a2e7cecb590d4d0752b078fe3b59a18dd,affinity_rank_group,intermediate,128,0.0442109058837499,0.3211594196270046,0,8.798433159722224,bc121c486835889c327afc23a131bfde77a7591044d6b19dff6d87414daf0f5b
D0,A_high_2,selective,D0_r02,2,m015_balanced_random_group,e0af73e8f613a1ebdf93671723d799f6c478b0888f37d40a4251e5bfa3441ce6,balanced_random_group,intermediate,256,0.0963467629874951,0.3211594196270046,0,9.3284375,2e4b07f69025ac09e8cb1fd64375967672d33d7cb87de87e4942f0e1f0e24d45
D0,A_high_2,selective,D0_r02,2,m016_affinity_rank_group,cf78b05538711825e0795152b13c3d2c15b5cd16f89c1995f7b006d8bc57c6a2,affinity_rank_group,intermediate,256,0.0912095515089188,0.3211594196270046,0,9.447152777777776,7b8a3df01fb389a66db64fb5e5f573ba18d66b63cdc96f6751bfd3ab8902b2be
D0,A_high_2,selective,D0_r02,2,m017_balanced_random_group,624eb3be9bfd0f1a3005c27c92924e9e5a273a32f646217df21900a4492271ec,balanced_random_group,intermediate,512,0.180157236817569,0.3211594196270046,0,10.506875,d9203a3893f9fb3784d9a877cf81e41bf070267e092410839eca1bdfaaf966d9
D0,A_high_2,selective,D0_r02,2,m018_affinity_rank_group,24a6acb87a7364b0b1cbbe6fecc84df53e5243c78a06a6c6c4e7354b3e359435,affinity_rank_group,intermediate,512,0.1808260800383753,0.3211594196270046,0,10.544973958333332,f4d3b579b71dfcf3b6bbb11e39434a2e5b33e29a92ca89f49e3c23b868811cba
D0,A_high_2,selective,D0_r02,2,m019_contiguous_substring,16cfd655e57fba08a658c1d50e1fe5976b2f905eee09ec260833cfb2b49d6f38,contiguous_substring,intermediate,4,0.0007511512724551,0.3211594196270046,0,8.217387152777778,88f01e988cf3679c4b1ab0a9bdb14e92caf13233f4cdbfb17365abf4329bf672
D0,A_high_2,selective,D0_r02,2,m020_contiguous_substring,6fb076d21f3b26febc2e6a328628b3ea581ce0709de4263bbe675d61bdb74942,contiguous_substring,intermediate,4,0.0007452499072071,0.3211594196270046,0,8.205447048611113,3da4f8ee9e1753c7d02f43eafc55526b3ddd2c956b8424fd18cd3ffaeb17cf25
D0,A_high_2,selective,D0_r02,2,m021_contiguous_substring,3ac98b3bd2edbbfc3b4339ca0066047ccba8e1cfa0ce798acbd27bab5b87d8af,contiguous_substring,intermediate,4,0.0008318411460098,0.3211594196270046,0,8.188758680555557,b95d9929309583d0b88ed778f26dbfc98c4b60b7e0165431f8f05f64aa578ab5
D0,A_high_2,selective,D0_r02,2,m022_contiguous_substring,fc015e86e4e7f2c734c05fb1135856a6186a7b6e6f3079acc6d6c6e4aa7442e4,contiguous_substring,intermediate,4,0.0007147925113272,0.3211594196270046,0,8.192682291666667,16aad93c19f9a4665355e253c6b131b7d3e8ae1b396ffa1255640dab84dc627f
D0,A_high_2,selective,D0_r02,2,m023_contiguous_substring,6d8bb74bcdeefe62988bcebfe3cdb7110ea14648c3393721f4a4095032ddf61b,contiguous_substring,intermediate,4,0.0007238433593491,0.3211594196270046,0,8.189813368055557,a0a52e7c0cc865d0f4015a8f3a96e68f56ea81f7315de8c4e4cfde176146140b
D0,A_high_2,selective,D0_r02,2,m024_contiguous_substring,94ab69bff5420fbcf4c18d7a247ef0e4b9577d1295271abf78a62f51c3b59a0f,contiguous_substring,intermediate,16,0.0050875392694313,0.3211594196270046,0,8.236202256944445,1b298e282d05de06364b11103c795ac3d17d35cddfe6e0f46b0d010ca1bb82c5
D0,A_high_2,selective,D0_r02,2,m025_contiguous_substring,ae330f3e6dd51f734f790820a896827f916e8d775c69ea1f205c55aa81507fe0,contiguous_substring,intermediate,16,0.0054080348152643,0.3211594196270046,0,8.230499131944448,4d06d13710c5fe496bc8673906ea2575d55ad18dd035b6d58880d79253059d9e
D0,A_high_2,selective,D0_r02,2,m026_contiguous_substring,5d3c5ea59a3a81c2ffdcfc7029fe0ab078b39be0217f1ee2611101845014273b,contiguous_substring,intermediate,16,0.0051258917563977,0.3211594196270046,0,8.220555555555555,8e8b78b5877ed3a94964a1c6a14fde368eb34c59909f9a1c1c8f7cac94ebfd33
D0,A_high_2,selective,D0_r02,2,m027_contiguous_substring,6edfbfdb62fbf79744d4ecfb6fe43de95b2133d87a10f24061ecc84297b1c267,contiguous_substring,intermediate,16,0.0043242644685291,0.3211594196270046,0,8.237903645833335,5a4b4f67b13e29b6f590ba64f92b87058f71c791c5afcb39246f5577d7be3360
D0,A_high_2,selective,D0_r02,2,m028_contiguous_substring,6f9a04216ce84ed3a2ef19a2010723c498d866f2bb5d6eda67ea1bd16782bfd8,contiguous_substring,intermediate,64,0.0219862637656471,0.3211594196270046,0,8.535086805555558,2ed6c13c6a6d5be611ab4e79a1e5728a008ba8aca69accf87664d4494dc61be3
D0,A_high_2,selective,D0_r02,2,m029_contiguous_substring,8d4ddfbfac0226f6a695d6b22ee21fbf533251852e95baca71b09f7710bfb22c,contiguous_substring,intermediate,64,0.0217275865783115,0.3211594196270046,0,8.420620659722225,5cccf5d85a4e4b9e8d1471dccc7c12df2cd13816a026657f3347dc4c95efc02d
D0,A_high_2,selective,D0_r02,2,m030_contiguous_substring,6ff19e1927dcafbb441ab0b4a0a61b92d1295d402f3277307a3f5b9d7850b98a,contiguous_substring,intermediate,64,0.021639409150305,0.3211594196270046,0,8.34947482638889,01bc3bad9f74dfcc9f41534f0e22d900965abf2674adecc144b5a109423d1962
D0,A_high_2,selective,D0_r02,2,m031_contiguous_substring,c824c782df91faee7515c9d811fab43ed5426465074d2e812a5277507d28ae96,contiguous_substring,intermediate,256,0.0934778342315662,0.3211594196270046,0,9.343372395833333,fbc696813fcb7c7e18d760183fd80253e6ccb896078729d61e9eca94f18c473d
D0,A_high_2,selective,D0_r02,2,m032_contiguous_substring,ef835eb9c371f618c6958654a7d25a1df1d12c09a53ecf66f9209fb882a8542d,contiguous_substring,intermediate,256,0.0905892125753392,0.3211594196270046,0,9.315399305555555,d439b19d115e4fc67290c0c181a38d8a7ac08bfb6b5cf35f56a2f4857d57b539
D0,A_high_2,selective,D0_r02,2,m033_identity,2f88e9ce00d238e7e011a7b140b413dcad818f1da41a721f914f1af604d0e217,identity,identity,1024,0.3211594196270046,0.3211594196270046,0,12.629461805555554,6b5800f50bf943f411eee08c52defad710a915f9dfc3acafe7be1b35f9eadf06
D0,A_high_2,selective,D0_r02,2,actual,actual,unintervened,actual,1024,0.3211594196270046,0.3211594196270046,1,12.658281250000002,7f061cabca1245b0154719a377084020b02649df59a7511e137116e8ae22877f
D0,A_high_2,selective,D0_r02,2,m000_constant,9f1dcbc35c350d6027f98be0f5c8b43b42ca52b7604459c0c42be3aa88913d47,constant,constant,1,0.0,0.3211594196270046,1,8.19601996527778,a3ee22c9a342da65db301e0f9bb933b89f9280006a0dc99e150dd59c5c0a54dc
D0,A_high_2,selective,D0_r02,2,m001_balanced_random_group,f9a61013dcfd5168cfac382b0103ebc61175babf90ead3fb241727582f7ebff8,balanced_random_group,intermediate,2,0.0002682032613286,0.3211594196270046,1,8.19049045138889,b6b1d88220156cdad4d6af29beb7175e3cee7d1cf76344200f19b53e31cb19b5
D0,A_high_2,selective,D0_r02,2,m002_affinity_rank_group,3f53151fb2f814971fd6c0128c5c0b7afe1b5cb5257e46a1db18b8ebc9946d94,affinity_rank_group,intermediate,2,0.0002309411646254,0.3211594196270046,1,8.18559027777778,0b6febf0dbb4148dc585041e3a0aae8e45f239dc02d2590e308a819ebabda09c
D0,A_high_2,selective,D0_r02,2,m003_balanced_random_group,c3045d2c1c1e20ffe9a4bb2a2e96a1861dba82bdee39680a0c34776015233f77,balanced_random_group,intermediate,4,0.0010272516347093,0.3211594196270046,1,8.21583767361111,bcef0118ec54b04a5e3e1b5356758e2340258ae267006cbf0e03c4f17340d6bf
D0,A_high_2,selective,D0_r02,2,m004_affinity_rank_group,92e56b0f11cdce879476507882d715f1eecc12de134fc3982530e28ffd4eba29,affinity_rank_group,intermediate,4,0.0008964987565987,0.3211594196270046,1,8.180286458333335,5995cafb50c9d8db11e3237e5cff787ead202895bb70a1158fbfb6753ddd228c
D0,A_high_2,selective,D0_r02,2,m005_balanced_random_group,04a74209e8dcd69b7ec938b6492b48b960e41d4a73c85f733213da8532e73d49,balanced_random_group,intermediate,8,0.0021298743980249,0.3211594196270046,1,8.202148437500002,904c07f7320c8ea3f3471865a1a5f5d6b33d7843c7a36eaa85fc12f460c77d97
D0,A_high_2,selective,D0_r02,2,m006_affinity_rank_group,0a19adabdd017fc722384804e89caf4ecf35837689486f63c24094087da5c2ba,affinity_rank_group,intermediate,8,0.0022653926803386,0.3211594196270046,1,8.198884548611112,530d00b206aec489fa76b3a0ef0e43645d98ba432b348c148215b6ba71f5006b
D0,A_high_2,selective,D0_r02,2,m007_balanced_random_group,848d2d075b0b38086c555c9d0d8524dccec4f14f30d66b4673f732303caf3b02,balanced_random_group,intermediate,16,0.0044842928974349,0.3211594196270046,1,8.22443576388889,90f78eb52a5a92ef8aff0fc2daf1dde078cd2f8501930a999d662e38a57c3b1d
D0,A_high_2,selective,D0_r02,2,m008_affinity_rank_group,d176c8d0ee881709b5af7061b49578d8041bef9dde73ceb9e47e4dd86f7ee987,affinity_rank_group,intermediate,16,0.0066824348128996,0.3211594196270046,1,8.238940972222222,300969e1375c77f8e40ce9dd71f5509232aa04f53c51e367493ffe24ba24181c
D0,A_high_2,selective,D0_r02,2,m009_balanced_random_group,8471d3b7d2a757d28b10f6d16b93b4054dd06f1fdee394c0a09cb0b6aab741ce,balanced_random_group,intermediate,32,0.0114961902750601,0.3211594196270046,1,8.359943576388888,a356512bf82e7e98f3c1a18070e60428a53f3a552085a042b4901e45d79e3925
D0,A_high_2,selective,D0_r02,2,m010_affinity_rank_group,a08bb91ec0e66d0b3afe5332032fd3fb6769016bc04c2710b5e01a8e599df454,affinity_rank_group,intermediate,32,0.0124895209464675,0.3211594196270046,1,8.308823784722223,80abc0f60f2fecaa4186144caf831c736a2d08da8f1a90a4316beecc384c8622
D0,A_high_2,selective,D0_r02,2,m011_balanced_random_group,4f9b5634a7d1bdacc1d585643a286967dc0947786f9e18f05c5d84fe662c78d7,balanced_random_group,intermediate,64,0.0220798372991111,0.3211594196270046,1,8.502604166666668,49fd32f32b9397b5e2dfb6836c76978c0498c83b9022f35b30a882d59b941b97
D0,A_high_2,selective,D0_r02,2,m012_affinity_rank_group,6ac4e014d135d7a7fbd4592fdf320f48570dc4bce5e1a5c2ca6054715b80f98a,affinity_rank_group,intermediate,64,0.0216587625788621,0.3211594196270046,1,8.496953125,e60bf509b6442472e4d0154fc1f1894c3b8954820b0a579d7111032f191f9de1
D0,A_high_2,selective,D0_r02,2,m013_balanced_random_group,8c867de60c19d7bde11f4cc8d3068f7701c8f347c9f932320be77db3baf097e5,balanced_random_group,intermediate,128,0.0455563910627188,0.3211594196270046,1,8.775282118055557,30273712743e3a44dcf559399ccd8493e70a42c7a564f118d480f261fd5f8c78
D0,A_high_2,selective,D0_r02,2,m014_affinity_rank_group,4c0d0a036a5c51abb14f88b143c35a9a2e7cecb590d4d0752b078fe3b59a18dd,affinity_rank_group,intermediate,128,0.0442109058837499,0.3211594196270046,1,8.79220920138889,fee09ea2ea94cca705e7d233b436ef3b8debe5361d8071b323b12581247786f0
D0,A_high_2,selective,D0_r02,2,m015_balanced_random_group,e0af73e8f613a1ebdf93671723d799f6c478b0888f37d40a4251e5bfa3441ce6,balanced_random_group,intermediate,256,0.0963467629874951,0.3211594196270046,1,9.382317708333332,d5c5e940ac6dd4d67f56aefddc92d3a4bdbc9ed9018efebaf573f2e5a10e6cef
D0,A_high_2,selective,D0_r02,2,m016_affinity_rank_group,cf78b05538711825e0795152b13c3d2c15b5cd16f89c1995f7b006d8bc57c6a2,affinity_rank_group,intermediate,256,0.0912095515089188,0.3211594196270046,1,9.50851996527778,3dc87131599cad94de5eb8e1b89aa6bdabae6f97ba5de8cf7f619d6947cc1709
D0,A_high_2,selective,D0_r02,2,m017_balanced_random_group,624eb3be9bfd0f1a3005c27c92924e9e5a273a32f646217df21900a4492271ec,balanced_random_group,intermediate,512,0.180157236817569,0.3211594196270046,1,10.534839409722224,299ec72fbcb3d905eb9ae0524a6125f0f9c0fd460f71916f2ccb0891be1d2d51
D0,A_high_2,selective,D0_r02,2,m018_affinity_rank_group,24a6acb87a7364b0b1cbbe6fecc84df53e5243c78a06a6c6c4e7354b3e359435,affinity_rank_group,intermediate,512,0.1808260800383753,0.3211594196270046,1,10.61255642361111,f1d95b560b9765393959d36a95ae03dde1fc6b8a17031df219cae91d816b4a86
D0,A_high_2,selective,D0_r02,2,m019_contiguous_substring,16cfd655e57fba08a658c1d50e1fe5976b2f905eee09ec260833cfb2b49d6f38,contiguous_substring,intermediate,4,0.0007511512724551,0.3211594196270046,1,8.1684375,145e0ec39020265563cc45e33bd227936898ff6f9db8e69c4fee56e18faf0df0
D0,A_high_2,selective,D0_r02,2,m020_contiguous_substring,6fb076d21f3b26febc2e6a328628b3ea581ce0709de4263bbe675d61bdb74942,contiguous_substring,intermediate,4,0.0007452499072071,0.3211594196270046,1,8.201063368055555,4a9088c60ed7b763118ae5cfadbef29196920187813e25852d1b49dfb9d77c1b
D0,A_high_2,selective,D0_r02,2,m021_contiguous_substring,3ac98b3bd2edbbfc3b4339ca0066047ccba8e1cfa0ce798acbd27bab5b87d8af,contiguous_substring,intermediate,4,0.0008318411460098,0.3211594196270046,1,8.203793402777778,c00014cd51cc5758171c08dc15cc30d7eae1bda09fbaead1ed715d21fc9bd10a
D0,A_high_2,selective,D0_r02,2,m022_contiguous_substring,fc015e86e4e7f2c734c05fb1135856a6186a7b6e6f3079acc6d6c6e4aa7442e4,contiguous_substring,intermediate,4,0.0007147925113272,0.3211594196270046,1,8.21185329861111,f0402fd770ef91c05a622d51ec3c067d1eae3c7ee39dada5084d75d080aa8cd2
D0,A_high_2,selective,D0_r02,2,m023_contiguous_substring,6d8bb74bcdeefe62988bcebfe3cdb7110ea14648c3393721f4a4095032ddf61b,contiguous_substring,intermediate,4,0.0007238433593491,0.3211594196270046,1,8.182048611111114,6f08e02b46d1e97e4c0e81a9b9a31e87d7ea897181fc3990db5ad2ff1a371925
D0,A_high_2,selective,D0_r02,2,m024_contiguous_substring,94ab69bff5420fbcf4c18d7a247ef0e4b9577d1295271abf78a62f51c3b59a0f,contiguous_substring,intermediate,16,0.0050875392694313,0.3211594196270046,1,8.22394965277778,96b521c53bb9cf171f44da5e3604f9b1d8dc4623eed5f296416a2d7147af0e81
D0,A_high_2,selective,D0_r02,2,m025_contiguous_substring,ae330f3e6dd51f734f790820a896827f916e8d775c69ea1f205c55aa81507fe0,contiguous_substring,intermediate,16,0.0054080348152643,0.3211594196270046,1,8.267092013888892,0223bc87d617883cf29276b6b3429b37310dd38fcbc0cc4773a58cde352c834b
D0,A_high_2,selective,D0_r02,2,m026_contiguous_substring,5d3c5ea59a3a81c2ffdcfc7029fe0ab078b39be0217f1ee2611101845014273b,contiguous_substring,intermediate,16,0.0051258917563977,0.3211594196270046,1,8.23045138888889,c52039df6391655a8f3ec37a55bd42886fe3037e0f03c6066ed60683d48cb038
D0,A_high_2,selective,D0_r02,2,m027_contiguous_substring,6edfbfdb62fbf79744d4ecfb6fe43de95b2133d87a10f24061ecc84297b1c267,contiguous_substring,intermediate,16,0.0043242644685291,0.3211594196270046,1,8.199405381944445,2b6d11d5ff5c7772f5bf324e80350bd2d2d26dfb60a7b05158f5fd8ba814b1fb
D0,A_high_2,selective,D0_r02,2,m028_contiguous_substring,6f9a04216ce84ed3a2ef19a2010723c498d866f2bb5d6eda67ea1bd16782bfd8,contiguous_substring,intermediate,64,0.0219862637656471,0.3211594196270046,1,8.4961328125,b34199a822609a2958cb13dfdc2c6f7f35a0a9a457282677281b1e3a226b0329
D0,A_high_2,selective,D0_r02,2,m029_contiguous_substring,8d4ddfbfac0226f6a695d6b22ee21fbf533251852e95baca71b09f7710bfb22c,contiguous_substring,intermediate,64,0.0217275865783115,0.3211594196270046,1,8.447317708333335,6f49e57f1dc2e26b3ecccbbcda3a52dc944cae9d775ba4afd7922614cadb0149
D0,A_high_2,selective,D0_r02,2,m030_contiguous_substring,6ff19e1927dcafbb441ab0b4a0a61b92d1295d402f3277307a3f5b9d7850b98a,contiguous_substring,intermediate,64,0.021639409150305,0.3211594196270046,1,8.36501736111111,d645ea7359a045cf34f22ed298753f4b3850ba00630cd4de6d8b7829be24c9a4
D0,A_high_2,selective,D0_r02,2,m031_contiguous_substring,c824c782df91faee7515c9d811fab43ed5426465074d2e812a5277507d28ae96,contiguous_substring,intermediate,256,0.0934778342315662,0.3211594196270046,1,9.448159722222222,1bc1494b13d0416448d5742cb204666ccfb6fa30d20d8f29e9d45c49b4185d29
D0,A_high_2,selective,D0_r02,2,m032_contiguous_substring,ef835eb9c371f618c6958654a7d25a1df1d12c09a53ecf66f9209fb882a8542d,contiguous_substring,intermediate,256,0.0905892125753392,0.3211594196270046,1,9.345889756944445,403455409b0844f871b9c93a294911c1c9f253d83a28796ea1f0a0fc17f543dc
D0,A_high_2,selective,D0_r02,2,m033_identity,2f88e9ce00d238e7e011a7b140b413dcad818f1da41a721f914f1af604d0e217,identity,identity,1024,0.3211594196270046,0.3211594196270046,1,12.658281250000002,7f061cabca1245b0154719a377084020b02649df59a7511e137116e8ae22877f
D0,A_high_2,selective,D0_r03,3,actual,actual,unintervened,actual,1024,0.3197150795258143,0.3197150795258143,0,12.717252604166667,65ea18a177e61c17c7c5883b658aef12a31667e2423a45196449ceeb1df2d2b0
D0,A_high_2,selective,D0_r03,3,m000_constant,9f1dcbc35c350d6027f98be0f5c8b43b42ca52b7604459c0c42be3aa88913d47,constant,constant,1,0.0,0.3197150795258143,0,8.261749131944445,6bd6a234b12c0a3be00293c8308f49c14fbab532d8b6d1b95c0e20c7761f9286
D0,A_high_2,selective,D0_r03,3,m001_balanced_random_group,f9a61013dcfd5168cfac382b0103ebc61175babf90ead3fb241727582f7ebff8,balanced_random_group,intermediate,2,0.0004722136079615,0.3197150795258143,0,8.269804687499997,30b416517ce7f46875044e92ed4169dfd4828530e01e707ad22638a0e739d863
D0,A_high_2,selective,D0_r03,3,m002_affinity_rank_group,3f53151fb2f814971fd6c0128c5c0b7afe1b5cb5257e46a1db18b8ebc9946d94,affinity_rank_group,intermediate,2,0.000485913539451,0.3197150795258143,0,8.252352430555556,181593aeefe8e4c570450ead9462bdb3bf06e6e0ef29bc1781633fc3a908f8a3
D0,A_high_2,selective,D0_r03,3,m003_balanced_random_group,c3045d2c1c1e20ffe9a4bb2a2e96a1861dba82bdee39680a0c34776015233f77,balanced_random_group,intermediate,4,0.0007260905286176,0.3197150795258143,0,8.283919270833332,d4b9492d5db77c830c9749ca7b147d6c626b8a751c1920552551725cfc776e75
D0,A_high_2,selective,D0_r03,3,m004_affinity_rank_group,92e56b0f11cdce879476507882d715f1eecc12de134fc3982530e28ffd4eba29,affinity_rank_group,intermediate,4,0.0012825072603846,0.3197150795258143,0,8.244552951388888,14d12ba21be2a405b990a45a3c25dcee0133948e84b652c7b1cb37116510e589
D0,A_high_2,selective,D0_r03,3,m005_balanced_random_group,04a74209e8dcd69b7ec938b6492b48b960e41d4a73c85f733213da8532e73d49,balanced_random_group,intermediate,8,0.0026621632178807,0.3197150795258143,0,8.293793402777778,49e853e5a7e48b39c5bf172aee8dd68c3b1976dc8294c27fad16c6c4599242be
D0,A_high_2,selective,D0_r03,3,m006_affinity_rank_group,0a19adabdd017fc722384804e89caf4ecf35837689486f63c24094087da5c2ba,affinity_rank_group,intermediate,8,0.0024876059612591,0.3197150795258143,0,8.279253472222225,34f7d25517ab4ba4cd4c3ff170e7f6c65450543ab210ccef0ae501f70684c4a2
D0,A_high_2,selective,D0_r03,3,m007_balanced_random_group,848d2d075b0b38086c555c9d0d8524dccec4f14f30d66b4673f732303caf3b02,balanced_random_group,intermediate,16,0.0056266199771945,0.3197150795258143,0,8.275490451388889,3d8e8665169dd3880c2f765dd55b6d829abeb4575564182638f4d2f11d07dada
D0,A_high_2,selective,D0_r03,3,m008_affinity_rank_group,d176c8d0ee881709b5af7061b49578d8041bef9dde73ceb9e47e4dd86f7ee987,affinity_rank_group,intermediate,16,0.0053035847517217,0.3197150795258143,0,8.311970486111113,c1d12821746cee6841c11c1fd121771f6b18840f72c1b671db0dfd01a027640a
D0,A_high_2,selective,D0_r03,3,m009_balanced_random_group,8471d3b7d2a757d28b10f6d16b93b4054dd06f1fdee394c0a09cb0b6aab741ce,balanced_random_group,intermediate,32,0.0103431218570144,0.3197150795258143,0,8.397339409722223,02b4425e6aba8315a6f7a34dbfc9a075d64f01ea48c03c5ae6865dddc8e7b45d
D0,A_high_2,selective,D0_r03,3,m010_affinity_rank_group,a08bb91ec0e66d0b3afe5332032fd3fb6769016bc04c2710b5e01a8e599df454,affinity_rank_group,intermediate,32,0.0104009241759998,0.3197150795258143,0,8.445217013888886,1b6f1eb855e6cea8f97ace03f1a7e55e19606b5a3c6c13483d959d54e41b7f9d
D0,A_high_2,selective,D0_r03,3,m011_balanced_random_group,4f9b5634a7d1bdacc1d585643a286967dc0947786f9e18f05c5d84fe662c78d7,balanced_random_group,intermediate,64,0.0223352961601941,0.3197150795258143,0,8.614088541666668,776a6c73d882b7a4677c494cd46f2c2eb480c54107370da03bf7059fa1a47f35
D0,A_high_2,selective,D0_r03,3,m012_affinity_rank_group,6ac4e014d135d7a7fbd4592fdf320f48570dc4bce5e1a5c2ca6054715b80f98a,affinity_rank_group,intermediate,64,0.0211109724862153,0.3197150795258143,0,8.530759548611108,b864b915da423b0e993dab16bfaa33a632e65ee1d5d89bf4f88ff9a5450340a5
D0,A_high_2,selective,D0_r03,3,m013_balanced_random_group,8c867de60c19d7bde11f4cc8d3068f7701c8f347c9f932320be77db3baf097e5,balanced_random_group,intermediate,128,0.0447847679191657,0.3197150795258143,0,8.87185763888889,587dc023a5874c91c32640ee19b2037f6520496b5ab2e3e4135d0ff390df6c21
D0,A_high_2,selective,D0_r03,3,m014_affinity_rank_group,4c0d0a036a5c51abb14f88b143c35a9a2e7cecb590d4d0752b078fe3b59a18dd,affinity_rank_group,intermediate,128,0.0430658850821229,0.3197150795258143,0,8.902105034722222,3269d34fedb9e4e34ce19faec872555d6f19e9898ee06afa620cd1ec28dd790d
D0,A_high_2,selective,D0_r03,3,m015_balanced_random_group,e0af73e8f613a1ebdf93671723d799f6c478b0888f37d40a4251e5bfa3441ce6,balanced_random_group,intermediate,256,0.0908955138122931,0.3197150795258143,0,9.432352430555554,9de9c434cece4272022818b1cce4c92351c38221efa8f4ffbff7a88f7b3385cf
D0,A_high_2,selective,D0_r03,3,m016_affinity_rank_group,cf78b05538711825e0795152b13c3d2c15b5cd16f89c1995f7b006d8bc57c6a2,affinity_rank_group,intermediate,256,0.090750936332735,0.3197150795258143,0,9.533537326388892,2cb1cdf7be1aa232dfdc55ae37117d049d633e3b277866c6d652c2b3ae9f7aa1
D0,A_high_2,selective,D0_r03,3,m017_balanced_random_group,624eb3be9bfd0f1a3005c27c92924e9e5a273a32f646217df21900a4492271ec,balanced_random_group,intermediate,512,0.1817926393916988,0.3197150795258143,0,10.71211371527778,64e873bb6f4fd9f60965d134712ca5506fc29fe391ba06d6a59d386f1b33c444
D0,A_high_2,selective,D0_r03,3,m018_affinity_rank_group,24a6acb87a7364b0b1cbbe6fecc84df53e5243c78a06a6c6c4e7354b3e359435,affinity_rank_group,intermediate,512,0.1796464211122987,0.3197150795258143,0,10.635924479166668,d6d91d670b4058bbd76b62765dad8abf4d9884689d021756c50d3d1efcead6de
D0,A_high_2,selective,D0_r03,3,m019_contiguous_substring,16cfd655e57fba08a658c1d50e1fe5976b2f905eee09ec260833cfb2b49d6f38,contiguous_substring,intermediate,4,0.0011080076341707,0.3197150795258143,0,8.267335069444444,fee696e51f4fd769918bc32a74f85665706f2687a1aa40f650f2cc910ea3e7f1
D0,A_high_2,selective,D0_r03,3,m020_contiguous_substring,6fb076d21f3b26febc2e6a328628b3ea581ce0709de4263bbe675d61bdb74942,contiguous_substring,intermediate,4,0.0010583734082214,0.3197150795258143,0,8.276866319444444,bf9ea781f2347af517b9c4a11cccddd008cf44d2f582ae91b387ee690567023b
D0,A_high_2,selective,D0_r03,3,m021_contiguous_substring,3ac98b3bd2edbbfc3b4339ca0066047ccba8e1cfa0ce798acbd27bab5b87d8af,contiguous_substring,intermediate,4,0.0004807999771946,0.3197150795258143,0,8.282552083333334,84d95ba3ae5a6954bfddd5e122a610b37d2943cab704202f34c6182704d3f09f
D0,A_high_2,selective,D0_r03,3,m022_contiguous_substring,fc015e86e4e7f2c734c05fb1135856a6186a7b6e6f3079acc6d6c6e4aa7442e4,contiguous_substring,intermediate,4,0.0006004605416352,0.3197150795258143,0,8.257009548611112,cd6b757235dfbf27eeda067bcd01741b8fd00facdeaa2af27efb3168f24e76b3
D0,A_high_2,selective,D0_r03,3,m023_contiguous_substring,6d8bb74bcdeefe62988bcebfe3cdb7110ea14648c3393721f4a4095032ddf61b,contiguous_substring,intermediate,4,0.000760412391829,0.3197150795258143,0,8.256388888888889,804898ad9bdaebf4835c805af9522568b25c4a111d63331c5758a8d8ac9e8e8a
D0,A_high_2,selective,D0_r03,3,m024_contiguous_substring,94ab69bff5420fbcf4c18d7a247ef0e4b9577d1295271abf78a62f51c3b59a0f,contiguous_substring,intermediate,16,0.0052007678432138,0.3197150795258143,0,8.29124565972222,2495f4318cb19dd7ec015a7bc9d3994b2435ad8c7656b5ca2e870908675133e3
D0,A_high_2,selective,D0_r03,3,m025_contiguous_substring,ae330f3e6dd51f734f790820a896827f916e8d775c69ea1f205c55aa81507fe0,contiguous_substring,intermediate,16,0.0051843961529588,0.3197150795258143,0,8.328007812500001,5dc3f691cdbaadf0c3ca5eb4b1fb91806c85f466dd5c3f925f22a89ab3610400
D0,A_high_2,selective,D0_r03,3,m026_contiguous_substring,5d3c5ea59a3a81c2ffdcfc7029fe0ab078b39be0217f1ee2611101845014273b,contiguous_substring,intermediate,16,0.0044927508051801,0.3197150795258143,0,8.298307291666669,8e5bbe2919c3af7dd8b2069fa4f10fb89b94afef1669d80681d0ed7e690c0206
D0,A_high_2,selective,D0_r03,3,m027_contiguous_substring,6edfbfdb62fbf79744d4ecfb6fe43de95b2133d87a10f24061ecc84297b1c267,contiguous_substring,intermediate,16,0.0040587196348468,0.3197150795258143,0,8.292934027777777,cc78f9e5cbd9a0766490fe46801bdb87837351303ad38d407b155521ed2b246a
D0,A_high_2,selective,D0_r03,3,m028_contiguous_substring,6f9a04216ce84ed3a2ef19a2010723c498d866f2bb5d6eda67ea1bd16782bfd8,contiguous_substring,intermediate,64,0.0212879315420046,0.3197150795258143,0,8.542799479166668,c7503e9c237603d9c9d2dd739bcc2ebd1777b751500574bc8611e83605a4482d
D0,A_high_2,selective,D0_r03,3,m029_contiguous_substring,8d4ddfbfac0226f6a695d6b22ee21fbf533251852e95baca71b09f7710bfb22c,contiguous_substring,intermediate,64,0.0205524321361443,0.3197150795258143,0,8.55490451388889,9f891a4a3aeea4aed2deb4eafa54568fd0c9bf671e8a286c2a7ba048ff19eb3c
D0,A_high_2,selective,D0_r03,3,m030_contiguous_substring,6ff19e1927dcafbb441ab0b4a0a61b92d1295d402f3277307a3f5b9d7850b98a,contiguous_substring,intermediate,64,0.0202643896081018,0.3197150795258143,0,8.479236111111113,0b6d88407b3eecc2a14522f78c045699f662bf1c40c55148ec32ba3650d6b284
D0,A_high_2,selective,D0_r03,3,m031_contiguous_substring,c824c782df91faee7515c9d811fab43ed5426465074d2e812a5277507d28ae96,contiguous_substring,intermediate,256,0.0912442561418607,0.3197150795258143,0,9.459014756944446,f05be670568a08072243da22b41d0e171e471bd844712a0a4a42f8b209a34686
D0,A_high_2,selective,D0_r03,3,m032_contiguous_substring,ef835eb9c371f618c6958654a7d25a1df1d12c09a53ecf66f9209fb882a8542d,contiguous_substring,intermediate,256,0.0910967043134533,0.3197150795258143,0,9.400169270833336,f016123719f17cfab00c79a888b1a60ddc19a0c4ff51dc708fcacb0cf61d69ae
D0,A_high_2,selective,D0_r03,3,m033_identity,2f88e9ce00d238e7e011a7b140b413dcad818f1da41a721f914f1af604d0e217,identity,identity,1024,0.3197150795258143,0.3197150795258143,0,12.717252604166667,65ea18a177e61c17c7c5883b658aef12a31667e2423a45196449ceeb1df2d2b0
D0,A_high_2,selective,D0_r03,3,actual,actual,unintervened,actual,1024,0.3197150795258143,0.3197150795258143,1,12.560364583333332,fd356cfa2298ff528755d83bd7739012aa4be688aaa1c5a9f9c9cc3bca1bed70
D0,A_high_2,selective,D0_r03,3,m000_constant,9f1dcbc35c350d6027f98be0f5c8b43b42ca52b7604459c0c42be3aa88913d47,constant,constant,1,0.0,0.3197150795258143,1,8.12109375,a7bdd01341fdee16c5503ff25cf6895becf41cffd9f1a2a57d164c9cf2067724
D0,A_high_2,selective,D0_r03,3,m001_balanced_random_group,f9a61013dcfd5168cfac382b0103ebc61175babf90ead3fb241727582f7ebff8,balanced_random_group,intermediate,2,0.0004722136079615,0.3197150795258143,1,8.130746527777779,fc7cbaf2ea57a2521c3063f1f9452f353dbf324ff761e615950ac4dcd93bb72b
D0,A_high_2,selective,D0_r03,3,m002_affinity_rank_group,3f53151fb2f814971fd6c0128c5c0b7afe1b5cb5257e46a1db18b8ebc9946d94,affinity_rank_group,intermediate,2,0.000485913539451,0.3197150795258143,1,8.120911458333333,999f59d5f3612731ca478e80a6b491dcaed7e5ff1d8aa9620c465510044e5677
D0,A_high_2,selective,D0_r03,3,m003_balanced_random_group,c3045d2c1c1e20ffe9a4bb2a2e96a1861dba82bdee39680a0c34776015233f77,balanced_random_group,intermediate,4,0.0007260905286176,0.3197150795258143,1,8.12365017361111,9fccb69b4486cc0655594b603d37217c65a54f5640ff9aef4a38f9482a6d0e83
D0,A_high_2,selective,D0_r03,3,m004_affinity_rank_group,92e56b0f11cdce879476507882d715f1eecc12de134fc3982530e28ffd4eba29,affinity_rank_group,intermediate,4,0.0012825072603846,0.3197150795258143,1,8.10654079861111,1c4ad364f922a1f843a2630df7f8e3313589943c0843226e0d0b25fc6ee5e3d5
D0,A_high_2,selective,D0_r03,3,m005_balanced_random_group,04a74209e8dcd69b7ec938b6492b48b960e41d4a73c85f733213da8532e73d49,balanced_random_group,intermediate,8,0.0026621632178807,0.3197150795258143,1,8.088328993055557,372bfa31a4ea068e152c8a86374e3c7d8dd53f828bed65aaf56b5b3d4ba54140
D0,A_high_2,selective,D0_r03,3,m006_affinity_rank_group,0a19adabdd017fc722384804e89caf4ecf35837689486f63c24094087da5c2ba,affinity_rank_group,intermediate,8,0.0024876059612591,0.3197150795258143,1,8.126367187500001,ce49a48df160ce03740a51fa0cf43d0fcfb7b1039ce7431d84730df996dad5dd
D0,A_high_2,selective,D0_r03,3,m007_balanced_random_group,848d2d075b0b38086c555c9d0d8524dccec4f14f30d66b4673f732303caf3b02,balanced_random_group,intermediate,16,0.0056266199771945,0.3197150795258143,1,8.127951388888889,a96113160d20fbd076836fb9cf168f84def2d55f50c61999707e0226abde1b16
D0,A_high_2,selective,D0_r03,3,m008_affinity_rank_group,d176c8d0ee881709b5af7061b49578d8041bef9dde73ceb9e47e4dd86f7ee987,affinity_rank_group,intermediate,16,0.0053035847517217,0.3197150795258143,1,8.140928819444445,6344d1c91d57f10fffe7d35d59b1a76efe29b3a505c82f03ea806677f2ff3f70
D0,A_high_2,selective,D0_r03,3,m009_balanced_random_group,8471d3b7d2a757d28b10f6d16b93b4054dd06f1fdee394c0a09cb0b6aab741ce,balanced_random_group,intermediate,32,0.0103431218570144,0.3197150795258143,1,8.220047743055556,84cee9d7395da8feead653c58dbb549c9e7b3cd66daeccb49d4351fb9b860134
D0,A_high_2,selective,D0_r03,3,m010_affinity_rank_group,a08bb91ec0e66d0b3afe5332032fd3fb6769016bc04c2710b5e01a8e599df454,affinity_rank_group,intermediate,32,0.0104009241759998,0.3197150795258143,1,8.219014756944446,94889b6709462587ffaf79e11682b8889f5ea6d9e1eb7446316dbf3964821577
D0,A_high_2,selective,D0_r03,3,m011_balanced_random_group,4f9b5634a7d1bdacc1d585643a286967dc0947786f9e18f05c5d84fe662c78d7,balanced_random_group,intermediate,64,0.0223352961601941,0.3197150795258143,1,8.375546875000001,faeb7e0c4e02f82efccd006371a64c4c1d35bdb19acf0736a6ea696ccc7bd292
D0,A_high_2,selective,D0_r03,3,m012_affinity_rank_group,6ac4e014d135d7a7fbd4592fdf320f48570dc4bce5e1a5c2ca6054715b80f98a,affinity_rank_group,intermediate,64,0.0211109724862153,0.3197150795258143,1,8.391961805555553,06f7b868dc7e391758f50618f6d764bb74b4e4c3159565ac81da4e6049eefbec
D0,A_high_2,selective,D0_r03,3,m013_balanced_random_group,8c867de60c19d7bde11f4cc8d3068f7701c8f347c9f932320be77db3baf097e5,balanced_random_group,intermediate,128,0.0447847679191657,0.3197150795258143,1,8.747100694444443,8653c6b806c5c477ca9bd37236cee51fe76fab0dc741b697a4d70052d421b042
D0,A_high_2,selective,D0_r03,3,m014_affinity_rank_group,4c0d0a036a5c51abb14f88b143c35a9a2e7cecb590d4d0752b078fe3b59a18dd,affinity_rank_group,intermediate,128,0.0430658850821229,0.3197150795258143,1,8.714010416666667,dea698f42539fdfd39e9559963ba7cd36f070b7ed836f3764a410742aad39ecc
D0,A_high_2,selective,D0_r03,3,m015_balanced_random_group,e0af73e8f613a1ebdf93671723d799f6c478b0888f37d40a4251e5bfa3441ce6,balanced_random_group,intermediate,256,0.0908955138122931,0.3197150795258143,1,9.269479166666668,efc68d7e83c026724a60e0bd2380c5efc3f3ce9ed3bafdfdf29c4991e39f61ae
D0,A_high_2,selective,D0_r03,3,m016_affinity_rank_group,cf78b05538711825e0795152b13c3d2c15b5cd16f89c1995f7b006d8bc57c6a2,affinity_rank_group,intermediate,256,0.090750936332735,0.3197150795258143,1,9.312942708333331,26f93cf2128f881a755c29814147552c82c8ecba3f90b556c4ab7814b98b1bae
D0,A_high_2,selective,D0_r03,3,m017_balanced_random_group,624eb3be9bfd0f1a3005c27c92924e9e5a273a32f646217df21900a4492271ec,balanced_random_group,intermediate,512,0.1817926393916988,0.3197150795258143,1,10.361640624999998,753e40c5b00d3fce39017b004a2ca8fc7cf5f01a327bcfcca51e04c82828b27e
D0,A_high_2,selective,D0_r03,3,m018_affinity_rank_group,24a6acb87a7364b0b1cbbe6fecc84df53e5243c78a06a6c6c4e7354b3e359435,affinity_rank_group,intermediate,512,0.1796464211122987,0.3197150795258143,1,10.469149305555556,e544d9a975d94cae368462f5d544fa0b366f581c63ce60517d208866198e7388
D0,A_high_2,selective,D0_r03,3,m019_contiguous_substring,16cfd655e57fba08a658c1d50e1fe5976b2f905eee09ec260833cfb2b49d6f38,contiguous_substring,intermediate,4,0.0011080076341707,0.3197150795258143,1,8.1383203125,6d0a38dd3f70a4e81fcf06fdf43b1e0067902ce2ffa263575ac2435731a9f820
D0,A_high_2,selective,D0_r03,3,m020_contiguous_substring,6fb076d21f3b26febc2e6a328628b3ea581ce0709de4263bbe675d61bdb74942,contiguous_substring,intermediate,4,0.0010583734082214,0.3197150795258143,1,8.116675347222222,26d36007562c51c6da41e79e2f2e094bfd3937e808e455547550a56b3d485d28
D0,A_high_2,selective,D0_r03,3,m021_contiguous_substring,3ac98b3bd2edbbfc3b4339ca0066047ccba8e1cfa0ce798acbd27bab5b87d8af,contiguous_substring,intermediate,4,0.0004807999771946,0.3197150795258143,1,8.114136284722221,199b6787c9a62ff78b65d637095fb7442334f48e4abb13b1a2958a9b4e76f49c
D0,A_high_2,selective,D0_r03,3,m022_contiguous_substring,fc015e86e4e7f2c734c05fb1135856a6186a7b6e6f3079acc6d6c6e4aa7442e4,contiguous_substring,intermediate,4,0.0006004605416352,0.3197150795258143,1,8.117434895833334,213ad156ebd13e0b4c150a582c053a4c7bddf1a03e18fcc75972a11ce512db01
D0,A_high_2,selective,D0_r03,3,m023_contiguous_substring,6d8bb74bcdeefe62988bcebfe3cdb7110ea14648c3393721f4a4095032ddf61b,contiguous_substring,intermediate,4,0.000760412391829,0.3197150795258143,1,8.11404513888889,9069eee4e91e997a2bda7fb830e7d0b5377959a08a10f51d9a39efb296dbd388
D0,A_high_2,selective,D0_r03,3,m024_contiguous_substring,94ab69bff5420fbcf4c18d7a247ef0e4b9577d1295271abf78a62f51c3b59a0f,contiguous_substring,intermediate,16,0.0052007678432138,0.3197150795258143,1,8.174848090277779,62a161085b80d694a582f73ce0997b033e26a38a57baa5a82289f6f6fc16ac15
D0,A_high_2,selective,D0_r03,3,m025_contiguous_substring,ae330f3e6dd51f734f790820a896827f916e8d775c69ea1f205c55aa81507fe0,contiguous_substring,intermediate,16,0.0051843961529588,0.3197150795258143,1,8.170203993055557,7b74f4588f2ab1d0812961c99c2e760c1383e2fb135b5007ed138f9092946e04
D0,A_high_2,selective,D0_r03,3,m026_contiguous_substring,5d3c5ea59a3a81c2ffdcfc7029fe0ab078b39be0217f1ee2611101845014273b,contiguous_substring,intermediate,16,0.0044927508051801,0.3197150795258143,1,8.150690104166666,fb93503c6ed7cabb544fb35741fe3b4b66b156e20a69926655f4975418713fc9
D0,A_high_2,selective,D0_r03,3,m027_contiguous_substring,6edfbfdb62fbf79744d4ecfb6fe43de95b2133d87a10f24061ecc84297b1c267,contiguous_substring,intermediate,16,0.0040587196348468,0.3197150795258143,1,8.125308159722223,3fc4707be50837cc99aa0ad97cd3dc8450053984ebc89fcf64438b58110a0b4f
D0,A_high_2,selective,D0_r03,3,m028_contiguous_substring,6f9a04216ce84ed3a2ef19a2010723c498d866f2bb5d6eda67ea1bd16782bfd8,contiguous_substring,intermediate,64,0.0212879315420046,0.3197150795258143,1,8.44036892361111,0e7e9f4c984580f50f11c85ef4555598675b64ee4575b55a8057beb667550ebb
D0,A_high_2,selective,D0_r03,3,m029_contiguous_substring,8d4ddfbfac0226f6a695d6b22ee21fbf533251852e95baca71b09f7710bfb22c,contiguous_substring,intermediate,64,0.0205524321361443,0.3197150795258143,1,8.348498263888889,44db027bdf74d0c3d073f40234356770721bc547a5fbf80bcc6adb25a4dfaef9
D0,A_high_2,selective,D0_r03,3,m030_contiguous_substring,6ff19e1927dcafbb441ab0b4a0a61b92d1295d402f3277307a3f5b9d7850b98a,contiguous_substring,intermediate,64,0.0202643896081018,0.3197150795258143,1,8.297317708333335,7a511ae4f3be2b3144f47e326e5f424f2e794c5bbfc716c279add6ee5f844849
D0,A_high_2,selective,D0_r03,3,m031_contiguous_substring,c824c782df91faee7515c9d811fab43ed5426465074d2e812a5277507d28ae96,contiguous_substring,intermediate,256,0.0912442561418607,0.3197150795258143,1,9.32844184027778,e55bfcbb52e0001cc06c966753a38a5904346f5c286749edab26d1866817edfd
D0,A_high_2,selective,D0_r03,3,m032_contiguous_substring,ef835eb9c371f618c6958654a7d25a1df1d12c09a53ecf66f9209fb882a8542d,contiguous_substring,intermediate,256,0.0910967043134533,0.3197150795258143,1,9.190620659722224,a02761fc52b34f06c1636d879bb3813572e7451aedf8bd686da0ec847aba38a3
D0,A_high_2,selective,D0_r03,3,m033_identity,2f88e9ce00d238e7e011a7b140b413dcad818f1da41a721f914f1af604d0e217,identity,identity,1024,0.3197150795258143,0.3197150795258143,1,12.560364583333332,fd356cfa2298ff528755d83bd7739012aa4be688aaa1c5a9f9c9cc3bca1bed70
D0,A_high_2,selective,D0_r04,4,actual,actual,unintervened,actual,1024,0.3183725451901149,0.3183725451901149,0,12.72502170138889,495e60592484d1560b241ed4c8b20e0c6daaea91b6a8d3b5ef1a5402e1e935ab
D0,A_high_2,selective,D0_r04,4,m000_constant,9f1dcbc35c350d6027f98be0f5c8b43b42ca52b7604459c0c42be3aa88913d47,constant,constant,1,8.008566259537292e-17,0.3183725451901149,0,8.119505208333333,04fc3bd1116958c839f6d08d6060c70ae9edd4050aecc782794e651baa8cda98
D0,A_high_2,selective,D0_r04,4,m001_balanced_random_group,f9a61013dcfd5168cfac382b0103ebc61175babf90ead3fb241727582f7ebff8,balanced_random_group,intermediate,2,0.0004262439805812,0.3183725451901149,0,8.145013020833332,ca1fbae7655ab2497416f62ffc846dc6f360bfafbe94b9e47165f4eced17596b
D0,A_high_2,selective,D0_r04,4,m002_affinity_rank_group,3f53151fb2f814971fd6c0128c5c0b7afe1b5cb5257e46a1db18b8ebc9946d94,affinity_rank_group,intermediate,2,0.0003840843042546,0.3183725451901149,0,8.14923611111111,3a6eb9357a0b3cb98b2e2b28bc00152adbebfd3385d38f5d50759e6dfc0fff9f
D0,A_high_2,selective,D0_r04,4,m003_balanced_random_group,c3045d2c1c1e20ffe9a4bb2a2e96a1861dba82bdee39680a0c34776015233f77,balanced_random_group,intermediate,4,0.0007525029582258,0.3183725451901149,0,8.159856770833334,f9a2e25c5681f7ff379420e4745a661fa7ac8ec13afdb0978e04a790aedbd9cf
D0,A_high_2,selective,D0_r04,4,m004_affinity_rank_group,92e56b0f11cdce879476507882d715f1eecc12de134fc3982530e28ffd4eba29,affinity_rank_group,intermediate,4,0.0009862733896414,0.3183725451901149,0,8.151267361111111,38fe8173547ce8a8bc60a84491c6cc066a818292323527bceb440e55f799b221
D0,A_high_2,selective,D0_r04,4,m005_balanced_random_group,04a74209e8dcd69b7ec938b6492b48b960e41d4a73c85f733213da8532e73d49,balanced_random_group,intermediate,8,0.002175176847227,0.3183725451901149,0,8.186649305555555,2d9d3573d0380721bdfcb82daa9f468c44da198f8fce904f337b15d04358603c
D0,A_high_2,selective,D0_r04,4,m006_affinity_rank_group,0a19adabdd017fc722384804e89caf4ecf35837689486f63c24094087da5c2ba,affinity_rank_group,intermediate,8,0.0026107649237242,0.3183725451901149,0,8.153506944444445,fb58168bd249d06192c78e920d3d386b193d21dead788e2f7cd422bfe4743539
D0,A_high_2,selective,D0_r04,4,m007_balanced_random_group,848d2d075b0b38086c555c9d0d8524dccec4f14f30d66b4673f732303caf3b02,balanced_random_group,intermediate,16,0.0039633297074203,0.3183725451901149,0,8.199097222222223,6d8bb7294e421e5e3204844dbb8471eb2b5748c17ac761aa0839ed844bb6c49d
D0,A_high_2,selective,D0_r04,4,m008_affinity_rank_group,d176c8d0ee881709b5af7061b49578d8041bef9dde73ceb9e47e4dd86f7ee987,affinity_rank_group,intermediate,16,0.0055559276332991,0.3183725451901149,0,8.192552083333332,08dd5b20f9e6785270eafdc4bc650c2b15a2b3f59ddca9a1d308a7f3c065d404
D0,A_high_2,selective,D0_r04,4,m009_balanced_random_group,8471d3b7d2a757d28b10f6d16b93b4054dd06f1fdee394c0a09cb0b6aab741ce,balanced_random_group,intermediate,32,0.0105519326979233,0.3183725451901149,0,8.356319444444445,40f9967d095a478956d4c9c33abf071175492b234c49ed70fdfca5066f439025
D0,A_high_2,selective,D0_r04,4,m010_affinity_rank_group,a08bb91ec0e66d0b3afe5332032fd3fb6769016bc04c2710b5e01a8e599df454,affinity_rank_group,intermediate,32,0.0109744667460723,0.3183725451901149,0,8.254900173611112,f7079e2c01b400c917b8b3446e2ecc51995816e78b12170e431b748d7fd0d017
D0,A_high_2,selective,D0_r04,4,m011_balanced_random_group,4f9b5634a7d1bdacc1d585643a286967dc0947786f9e18f05c5d84fe662c78d7,balanced_random_group,intermediate,64,0.0201576182767456,0.3183725451901149,0,8.441809895833336,b398b0ed7201b3b9160e0ad2be23919785781430ac39db33531b6f07e97915a5
D0,A_high_2,selective,D0_r04,4,m012_affinity_rank_group,6ac4e014d135d7a7fbd4592fdf320f48570dc4bce5e1a5c2ca6054715b80f98a,affinity_rank_group,intermediate,64,0.0214241879687238,0.3183725451901149,0,8.468211805555555,59fb7ec213cbe599ced0be76e9af7bc32ab6322c84f07d238b5becd61a888761
D0,A_high_2,selective,D0_r04,4,m013_balanced_random_group,8c867de60c19d7bde11f4cc8d3068f7701c8f347c9f932320be77db3baf097e5,balanced_random_group,intermediate,128,0.0416025392747866,0.3183725451901149,0,8.800868055555556,9cbb87e588154fb207406533e6660c43388b704aca28a0a24a490d848c377be9
D0,A_high_2,selective,D0_r04,4,m014_affinity_rank_group,4c0d0a036a5c51abb14f88b143c35a9a2e7cecb590d4d0752b078fe3b59a18dd,affinity_rank_group,intermediate,128,0.0453085896161971,0.3183725451901149,0,8.783754340277778,e8f555847c3c452fbaabe230dd24ca2b92718b09401bbd9d3dab4506347970ee
D0,A_high_2,selective,D0_r04,4,m015_balanced_random_group,e0af73e8f613a1ebdf93671723d799f6c478b0888f37d40a4251e5bfa3441ce6,balanced_random_group,intermediate,256,0.0884477829827505,0.3183725451901149,0,9.375611979166669,e74d626ac0d22d02fc205cd81231f53eb815dd67045ea869267e76da0f62bf1f
D0,A_high_2,selective,D0_r04,4,m016_affinity_rank_group,cf78b05538711825e0795152b13c3d2c15b5cd16f89c1995f7b006d8bc57c6a2,affinity_rank_group,intermediate,256,0.0928530675562937,0.3183725451901149,0,9.468671875,ddbe49e348b7614b5ab6574ede7303196dcb9c63f267224601ed7810a53b4b4f
D0,A_high_2,selective,D0_r04,4,m017_balanced_random_group,624eb3be9bfd0f1a3005c27c92924e9e5a273a32f646217df21900a4492271ec,balanced_random_group,intermediate,512,0.1766088842843134,0.3183725451901149,0,10.531245659722224,c482d7d97a2c6528f1c3d77cfe8f83217f64d5ef1157cb9ca5525f14b78365c8
D0,A_high_2,selective,D0_r04,4,m018_affinity_rank_group,24a6acb87a7364b0b1cbbe6fecc84df53e5243c78a06a6c6c4e7354b3e359435,affinity_rank_group,intermediate,512,0.182588216539684,0.3183725451901149,0,10.596901041666664,a8a50ba570eb51c7e28e0325827934895bcde996fbb3f8497b625988482c58e5
D0,A_high_2,selective,D0_r04,4,m019_contiguous_substring,16cfd655e57fba08a658c1d50e1fe5976b2f905eee09ec260833cfb2b49d6f38,contiguous_substring,intermediate,4,0.0012051208100027,0.3183725451901149,0,8.15470920138889,ab3d6b3b36f8c0ed6e21c9c96c9515feed25a92c56a5987aa7b86c904ce5090b
D0,A_high_2,selective,D0_r04,4,m020_contiguous_substring,6fb076d21f3b26febc2e6a328628b3ea581ce0709de4263bbe675d61bdb74942,contiguous_substring,intermediate,4,0.0009591565462113,0.3183725451901149,0,8.162361111111112,4051d80b0357d6364ea45326a91c3e02e216ea0ba6300f7a3cb71f6ebd949597
D0,A_high_2,selective,D0_r04,4,m021_contiguous_substring,3ac98b3bd2edbbfc3b4339ca0066047ccba8e1cfa0ce798acbd27bab5b87d8af,contiguous_substring,intermediate,4,0.0008030806450097,0.3183725451901149,0,8.149175347222222,c7b5e4dca5c0845c4d98b1718b09a7d4384895a150e83b76314866bd85f98a6b
D0,A_high_2,selective,D0_r04,4,m022_contiguous_substring,fc015e86e4e7f2c734c05fb1135856a6186a7b6e6f3079acc6d6c6e4aa7442e4,contiguous_substring,intermediate,4,0.0006514868706379,0.3183725451901149,0,8.164058159722224,4c5bbe5431fba49de2b143a63907c9815f5a0508706b8c8c462ed81eddfc6822
D0,A_high_2,selective,D0_r04,4,m023_contiguous_substring,6d8bb74bcdeefe62988bcebfe3cdb7110ea14648c3393721f4a4095032ddf61b,contiguous_substring,intermediate,4,0.0006404228954306,0.3183725451901149,0,8.13978732638889,5cd59efeb6179b838dcef75476b3a3769bc82f61d8be510c08ebb8ab0587e63b
D0,A_high_2,selective,D0_r04,4,m024_contiguous_substring,94ab69bff5420fbcf4c18d7a247ef0e4b9577d1295271abf78a62f51c3b59a0f,contiguous_substring,intermediate,16,0.0049588342683775,0.3183725451901149,0,8.213020833333333,826a923d434b975523a5670029defc3f25b875459b4148c2b233f464edb5c740
D0,A_high_2,selective,D0_r04,4,m025_contiguous_substring,ae330f3e6dd51f734f790820a896827f916e8d775c69ea1f205c55aa81507fe0,contiguous_substring,intermediate,16,0.0044687652211777,0.3183725451901149,0,8.187430555555558,aa5d87ce8bc92ac4172d5c72f54e6dc8047a741d46167e285ea8bf5ec581f431
D0,A_high_2,selective,D0_r04,4,m026_contiguous_substring,5d3c5ea59a3a81c2ffdcfc7029fe0ab078b39be0217f1ee2611101845014273b,contiguous_substring,intermediate,16,0.0047039794376688,0.3183725451901149,0,8.220516493055554,59d4968d0b31972fc03726e2474e8b7348f31266fae845f9d0a74b665081584d
D0,A_high_2,selective,D0_r04,4,m027_contiguous_substring,6edfbfdb62fbf79744d4ecfb6fe43de95b2133d87a10f24061ecc84297b1c267,contiguous_substring,intermediate,16,0.0039198475922866,0.3183725451901149,0,8.208580729166668,5b3c29bd084c25d128c5145e7052ce93168dd37efa96793328f298006f316423
D0,A_high_2,selective,D0_r04,4,m028_contiguous_substring,6f9a04216ce84ed3a2ef19a2010723c498d866f2bb5d6eda67ea1bd16782bfd8,contiguous_substring,intermediate,64,0.0189838357319019,0.3183725451901149,0,8.439457465277776,17249c74c723c5abcf1a9077a7b4af3c6f8875f6c33db13e3f008bbdf8883f07
D0,A_high_2,selective,D0_r04,4,m029_contiguous_substring,8d4ddfbfac0226f6a695d6b22ee21fbf533251852e95baca71b09f7710bfb22c,contiguous_substring,intermediate,64,0.0206021256467412,0.3183725451901149,0,8.382695312500001,7140acea5d69677bebbc173989df30320970f3e898fe06fa698da1d205fc5245
D0,A_high_2,selective,D0_r04,4,m030_contiguous_substring,6ff19e1927dcafbb441ab0b4a0a61b92d1295d402f3277307a3f5b9d7850b98a,contiguous_substring,intermediate,64,0.021381586507742,0.3183725451901149,0,8.346067708333333,c47e0173e1a4a5546189c91a8c9fa1fad2fffb0fc358f2b6c74f0bb6aafbe51a
D0,A_high_2,selective,D0_r04,4,m031_contiguous_substring,c824c782df91faee7515c9d811fab43ed5426465074d2e812a5277507d28ae96,contiguous_substring,intermediate,256,0.0899263218337984,0.3183725451901149,0,9.311410590277776,9115d251777ce3f27b4057c6d48955ac549f8fafa4d2c8fa1d0204f7a1ed9a98
D0,A_high_2,selective,D0_r04,4,m032_contiguous_substring,ef835eb9c371f618c6958654a7d25a1df1d12c09a53ecf66f9209fb882a8542d,contiguous_substring,intermediate,256,0.0917633975120569,0.3183725451901149,0,9.262352430555556,081a092690b0a37ce162a050c70a8a11374d19d03ab7b7088583310e23f9e250
D0,A_high_2,selective,D0_r04,4,m033_identity,2f88e9ce00d238e7e011a7b140b413dcad818f1da41a721f914f1af604d0e217,identity,identity,1024,0.3183725451901149,0.3183725451901149,0,12.72502170138889,495e60592484d1560b241ed4c8b20e0c6daaea91b6a8d3b5ef1a5402e1e935ab
D0,A_high_2,selective,D0_r04,4,actual,actual,unintervened,actual,1024,0.3183725451901149,0.3183725451901149,1,12.634635416666669,6979cf0694878000e8a8d1ee372c1abf6f90b7308a4c74ad37c6cbb6343782a6
D0,A_high_2,selective,D0_r04,4,m000_constant,9f1dcbc35c350d6027f98be0f5c8b43b42ca52b7604459c0c42be3aa88913d47,constant,constant,1,8.008566259537292e-17,0.3183725451901149,1,8.249166666666666,4a28f0b82660d4a8c1a160fcddadb79aa2478b5b6008978ebc0a242d1d058e7f
D0,A_high_2,selective,D0_r04,4,m001_balanced_random_group,f9a61013dcfd5168cfac382b0103ebc61175babf90ead3fb241727582f7ebff8,balanced_random_group,intermediate,2,0.0004262439805812,0.3183725451901149,1,8.254657118055556,d93d94d8d52deeb70b330587aa44066cc2189acda183750b824ee82b61572a5c
D0,A_high_2,selective,D0_r04,4,m002_affinity_rank_group,3f53151fb2f814971fd6c0128c5c0b7afe1b5cb5257e46a1db18b8ebc9946d94,affinity_rank_group,intermediate,2,0.0003840843042546,0.3183725451901149,1,8.251987847222223,4ac8be3890664603826a85da0cbc515ffba28d20325677bc50990d3c8d3c7894
D0,A_high_2,selective,D0_r04,4,m003_balanced_random_group,c3045d2c1c1e20ffe9a4bb2a2e96a1861dba82bdee39680a0c34776015233f77,balanced_random_group,intermediate,4,0.0007525029582258,0.3183725451901149,1,8.256592881944446,f009b369e4ba8a9a48935331500a102d2bd4428f05ea210c062af7be1a155ad9
D0,A_high_2,selective,D0_r04,4,m004_affinity_rank_group,92e56b0f11cdce879476507882d715f1eecc12de134fc3982530e28ffd4eba29,affinity_rank_group,intermediate,4,0.0009862733896414,0.3183725451901149,1,8.24832465277778,6dabd060de85fc9463705f2dffd95e97955cfdf983b0a2f2b79a012aa6025e6c
D0,A_high_2,selective,D0_r04,4,m005_balanced_random_group,04a74209e8dcd69b7ec938b6492b48b960e41d4a73c85f733213da8532e73d49,balanced_random_group,intermediate,8,0.002175176847227,0.3183725451901149,1,8.244969618055556,f147f2ec8539a8017910d03e9817e49933bbaedab2271f9252b3e72f709eff1d
D0,A_high_2,selective,D0_r04,4,m006_affinity_rank_group,0a19adabdd017fc722384804e89caf4ecf35837689486f63c24094087da5c2ba,affinity_rank_group,intermediate,8,0.0026107649237242,0.3183725451901149,1,8.219800347222222,4d243eb3f0c3596ece6920c7922f02cdffaf76a1c9b957125bd1198107d8c7e3
D0,A_high_2,selective,D0_r04,4,m007_balanced_random_group,848d2d075b0b38086c555c9d0d8524dccec4f14f30d66b4673f732303caf3b02,balanced_random_group,intermediate,16,0.0039633297074203,0.3183725451901149,1,8.296809895833333,9afe9b614866ae192ec15ee35b3394ce412d95154ce0d3ef92500c8ea5766b3d
D0,A_high_2,selective,D0_r04,4,m008_affinity_rank_group,d176c8d0ee881709b5af7061b49578d8041bef9dde73ceb9e47e4dd86f7ee987,affinity_rank_group,intermediate,16,0.0055559276332991,0.3183725451901149,1,8.290572916666669,b2d5a7f162e46869ce7a30ab2b1dc9194a42ebf049b0727e64bd1df20ba6f1a5
D0,A_high_2,selective,D0_r04,4,m009_balanced_random_group,8471d3b7d2a757d28b10f6d16b93b4054dd06f1fdee394c0a09cb0b6aab741ce,balanced_random_group,intermediate,32,0.0105519326979233,0.3183725451901149,1,8.401419270833335,1bf58ec7907b55d6222f1a7b04d9f54a3b47b2e9fc8a74a0ce1b3104ea1a7f40
D0,A_high_2,selective,D0_r04,4,m010_affinity_rank_group,a08bb91ec0e66d0b3afe5332032fd3fb6769016bc04c2710b5e01a8e599df454,affinity_rank_group,intermediate,32,0.0109744667460723,0.3183725451901149,1,8.435421006944445,d41470b006163fa85d958d9b314bd7cb0dbf25fff4489ad63ee284dc0a533c3d
D0,A_high_2,selective,D0_r04,4,m011_balanced_random_group,4f9b5634a7d1bdacc1d585643a286967dc0947786f9e18f05c5d84fe662c78d7,balanced_random_group,intermediate,64,0.0201576182767456,0.3183725451901149,1,8.553020833333333,358b09c0348dac8816b05cf7da407f191a5d5d2c1f4e6e5aa48cbc08cad7515b
D0,A_high_2,selective,D0_r04,4,m012_affinity_rank_group,6ac4e014d135d7a7fbd4592fdf320f48570dc4bce5e1a5c2ca6054715b80f98a,affinity_rank_group,intermediate,64,0.0214241879687238,0.3183725451901149,1,8.517925347222224,a7c2842b9fbb679cd7b7b9208c9e5f6d8648b1f76ea668752a5b8a0f6f070254
D0,A_high_2,selective,D0_r04,4,m013_balanced_random_group,8c867de60c19d7bde11f4cc8d3068f7701c8f347c9f932320be77db3baf097e5,balanced_random_group,intermediate,128,0.0416025392747866,0.3183725451901149,1,8.879418402777778,8feeb2299ddb6a79bcb118e22f07f3604d7746e3f1a51c797fe24c8d9eeccd63
D0,A_high_2,selective,D0_r04,4,m014_affinity_rank_group,4c0d0a036a5c51abb14f88b143c35a9a2e7cecb590d4d0752b078fe3b59a18dd,affinity_rank_group,intermediate,128,0.0453085896161971,0.3183725451901149,1,8.845720486111109,a0a45237fdef44e51e70da44626d39723668d410b5dc3886fd9ac4c547f53ec5
D0,A_high_2,selective,D0_r04,4,m015_balanced_random_group,e0af73e8f613a1ebdf93671723d799f6c478b0888f37d40a4251e5bfa3441ce6,balanced_random_group,intermediate,256,0.0884477829827505,0.3183725451901149,1,9.447330729166667,53e37363db615c34688774056eafa62f050239a2e7399794dc63c7a33a3e725f
D0,A_high_2,selective,D0_r04,4,m016_affinity_rank_group,cf78b05538711825e0795152b13c3d2c15b5cd16f89c1995f7b006d8bc57c6a2,affinity_rank_group,intermediate,256,0.0928530675562937,0.3183725451901149,1,9.572573784722222,5e684777268ffb23640efffe2c280edf533a40bc0ac810348b56ce79ee4e00e4
D0,A_high_2,selective,D0_r04,4,m017_balanced_random_group,624eb3be9bfd0f1a3005c27c92924e9e5a273a32f646217df21900a4492271ec,balanced_random_group,intermediate,512,0.1766088842843134,0.3183725451901149,1,10.590885416666667,3f2c54aeca84e597f79c2b326f9c3c691f2398fa196c1adaa8059adf7d76ed2a
D0,A_high_2,selective,D0_r04,4,m018_affinity_rank_group,24a6acb87a7364b0b1cbbe6fecc84df53e5243c78a06a6c6c4e7354b3e359435,affinity_rank_group,intermediate,512,0.182588216539684,0.3183725451901149,1,10.679357638888888,ec918fd42a79a56b4f93db67b59c7ebbd557f4098093642b768b673b8d1d9542
D0,A_high_2,selective,D0_r04,4,m019_contiguous_substring,16cfd655e57fba08a658c1d50e1fe5976b2f905eee09ec260833cfb2b49d6f38,contiguous_substring,intermediate,4,0.0012051208100027,0.3183725451901149,1,8.29016059027778,c8bc35d69ee9c97751ccfe51d0a7060dab3259fcdc9f9de21c9627dc17ee950e
D0,A_high_2,selective,D0_r04,4,m020_contiguous_substring,6fb076d21f3b26febc2e6a328628b3ea581ce0709de4263bbe675d61bdb74942,contiguous_substring,intermediate,4,0.0009591565462113,0.3183725451901149,1,8.256710069444445,a0db2bd238464135599e4cc47f1e82c265857f3694d92220984a3a89bdea5061
D0,A_high_2,selective,D0_r04,4,m021_contiguous_substring,3ac98b3bd2edbbfc3b4339ca0066047ccba8e1cfa0ce798acbd27bab5b87d8af,contiguous_substring,intermediate,4,0.0008030806450097,0.3183725451901149,1,8.24704861111111,346e0a67adf47b7c04055d989b5894c9496935b950c5ee92b7d3899c44ee9178
D0,A_high_2,selective,D0_r04,4,m022_contiguous_substring,fc015e86e4e7f2c734c05fb1135856a6186a7b6e6f3079acc6d6c6e4aa7442e4,contiguous_substring,intermediate,4,0.0006514868706379,0.3183725451901149,1,8.246380208333331,c67230965409004fd1c1ab8700d6a012a742babd616ae814e5d05e5c84ebfc34
D0,A_high_2,selective,D0_r04,4,m023_contiguous_substring,6d8bb74bcdeefe62988bcebfe3cdb7110ea14648c3393721f4a4095032ddf61b,contiguous_substring,intermediate,4,0.0006404228954306,0.3183725451901149,1,8.278884548611112,4693789a15bf84bee41a2d99c9e655812b931f4d3526e373653da62712943994
D0,A_high_2,selective,D0_r04,4,m024_contiguous_substring,94ab69bff5420fbcf4c18d7a247ef0e4b9577d1295271abf78a62f51c3b59a0f,contiguous_substring,intermediate,16,0.0049588342683775,0.3183725451901149,1,8.303828124999999,db752f882c465d35186edaa1da6b89b1d012a5bdbca84ffacf69d5d995176480
D0,A_high_2,selective,D0_r04,4,m025_contiguous_substring,ae330f3e6dd51f734f790820a896827f916e8d775c69ea1f205c55aa81507fe0,contiguous_substring,intermediate,16,0.0044687652211777,0.3183725451901149,1,8.332734375000001,00c475dc31d728f5fa7ce8908da66f0ae070bc9cf1520c1c03504577acb71ebb
D0,A_high_2,selective,D0_r04,4,m026_contiguous_substring,5d3c5ea59a3a81c2ffdcfc7029fe0ab078b39be0217f1ee2611101845014273b,contiguous_substring,intermediate,16,0.0047039794376688,0.3183725451901149,1,8.266857638888888,debd731b3f75ea9188b31f4f15e68bc39334cc3974f385b3e6f458657717f518
D0,A_high_2,selective,D0_r04,4,m027_contiguous_substring,6edfbfdb62fbf79744d4ecfb6fe43de95b2133d87a10f24061ecc84297b1c267,contiguous_substring,intermediate,16,0.0039198475922866,0.3183725451901149,1,8.22845486111111,61f2bb02622bf20de827fcc179c7dca5a9fe8aab5b2025b30dbb25c1719c2cdc
D0,A_high_2,selective,D0_r04,4,m028_contiguous_substring,6f9a04216ce84ed3a2ef19a2010723c498d866f2bb5d6eda67ea1bd16782bfd8,contiguous_substring,intermediate,64,0.0189838357319019,0.3183725451901149,1,8.465052083333335,90f05a532416330e9cd041b4b171544a2c4014abf82a99606cc8f63f1c06f997
D0,A_high_2,selective,D0_r04,4,m029_contiguous_substring,8d4ddfbfac0226f6a695d6b22ee21fbf533251852e95baca71b09f7710bfb22c,contiguous_substring,intermediate,64,0.0206021256467412,0.3183725451901149,1,8.429409722222223,7455f15a90bc36ea4e99f879b6efe9355f2c8c52e12c8602770170d02c7d61f9
D0,A_high_2,selective,D0_r04,4,m030_contiguous_substring,6ff19e1927dcafbb441ab0b4a0a61b92d1295d402f3277307a3f5b9d7850b98a,contiguous_substring,intermediate,64,0.021381586507742,0.3183725451901149,1,8.416263020833334,13fdd2c030001b3a93ad795a8e8ded5fc437dde387729006fc7f6fc900d60a83
D0,A_high_2,selective,D0_r04,4,m031_contiguous_substring,c824c782df91faee7515c9d811fab43ed5426465074d2e812a5277507d28ae96,contiguous_substring,intermediate,256,0.0899263218337984,0.3183725451901149,1,9.397391493055558,6bd80501f929225c0c2d1e5e5b37cec616a025540fc169a6fdd49b55ede39da1
D0,A_high_2,selective,D0_r04,4,m032_contiguous_substring,ef835eb9c371f618c6958654a7d25a1df1d12c09a53ecf66f9209fb882a8542d,contiguous_substring,intermediate,256,0.0917633975120569,0.3183725451901149,1,9.385108506944444,4d3deb0529ff9823f606272f965b0df312fbee1d9c949d28b79e270231f25618
D0,A_high_2,selective,D0_r04,4,m033_identity,2f88e9ce00d238e7e011a7b140b413dcad818f1da41a721f914f1af604d0e217,identity,identity,1024,0.3183725451901149,0.3183725451901149,1,12.634635416666669,6979cf0694878000e8a8d1ee372c1abf6f90b7308a4c74ad37c6cbb6343782a6
D0,A_high_2,selective,D0_r05,5,actual,actual,unintervened,actual,1024,0.3151292196102876,0.3151292196102876,0,12.594565972222222,70c4b5c7c396dc690c2c982f5d642ea6087e3b58a2ec4a747b114a53b0dc1ea9
D0,A_high_2,selective,D0_r05,5,m000_constant,9f1dcbc35c350d6027f98be0f5c8b43b42ca52b7604459c0c42be3aa88913d47,constant,constant,1,8.008566259537293e-17,0.3151292196102876,0,8.16304253472222,94ac58f9a1438c07642f34afb24de72e99e07c963615b807302535448a6a5122
D0,A_high_2,selective,D0_r05,5,m001_balanced_random_group,f9a61013dcfd5168cfac382b0103ebc61175babf90ead3fb241727582f7ebff8,balanced_random_group,intermediate,2,0.0002170922683027,0.3151292196102876,0,8.178411458333334,8560e00c0c20aa4eb5e1d9fcfc97a43610f9d170bf6fca82cbe1a35568617387
D0,A_high_2,selective,D0_r05,5,m002_affinity_rank_group,3f53151fb2f814971fd6c0128c5c0b7afe1b5cb5257e46a1db18b8ebc9946d94,affinity_rank_group,intermediate,2,0.0004780409617575,0.3151292196102876,0,8.162721354166667,c23b8934592bac1e69e5d9d9dcbe71850f6181453a68d5a6dafd4c5944cc439f
D0,A_high_2,selective,D0_r05,5,m003_balanced_random_group,c3045d2c1c1e20ffe9a4bb2a2e96a1861dba82bdee39680a0c34776015233f77,balanced_random_group,intermediate,4,0.0008193252572235,0.3151292196102876,0,8.196948784722224,4aefee7833492b3e99df4b32518fd397c614d376d93d8f7b06edc29e6ae88308
D0,A_high_2,selective,D0_r05,5,m004_affinity_rank_group,92e56b0f11cdce879476507882d715f1eecc12de134fc3982530e28ffd4eba29,affinity_rank_group,intermediate,4,0.0010216759957097,0.3151292196102876,0,8.16836371527778,66cf1893d992b18a704113f308dbba5e89db7a83ea246196c6c603e10b10c3fd
D0,A_high_2,selective,D0_r05,5,m005_balanced_random_group,04a74209e8dcd69b7ec938b6492b48b960e41d4a73c85f733213da8532e73d49,balanced_random_group,intermediate,8,0.0025079963061786,0.3151292196102876,0,8.229244791666666,c0cf290fbc60ee37953ab6711a5f407e07dfd07148a01b871771d1d5929e6245
D0,A_high_2,selective,D0_r05,5,m006_affinity_rank_group,0a19adabdd017fc722384804e89caf4ecf35837689486f63c24094087da5c2ba,affinity_rank_group,intermediate,8,0.0023248243737366,0.3151292196102876,0,8.203003472222223,0cbb073428f98beea1c7da46b21ed8daf1640739b47cfab1c536437579334f85
D0,A_high_2,selective,D0_r05,5,m007_balanced_random_group,848d2d075b0b38086c555c9d0d8524dccec4f14f30d66b4673f732303caf3b02,balanced_random_group,intermediate,16,0.0061523024345403,0.3151292196102876,0,8.242808159722223,63a284db543fdd1955a2627c5123115afe5d44d7b1cdc75fc563c8512728318d
D0,A_high_2,selective,D0_r05,5,m008_affinity_rank_group,d176c8d0ee881709b5af7061b49578d8041bef9dde73ceb9e47e4dd86f7ee987,affinity_rank_group,intermediate,16,0.0046422041291608,0.3151292196102876,0,8.245963541666667,e8744c3620f97c28243f7ddb43d01c93d756094a26ab6fa2beb47bd787f167b6
D0,A_high_2,selective,D0_r05,5,m009_balanced_random_group,8471d3b7d2a757d28b10f6d16b93b4054dd06f1fdee394c0a09cb0b6aab741ce,balanced_random_group,intermediate,32,0.0105238458421721,0.3151292196102876,0,8.276024305555557,19c1fdb46f13ec906b4360039b3ecfd51ffd09aa0538fe6c5fba056acf01193c
D0,A_high_2,selective,D0_r05,5,m010_affinity_rank_group,a08bb91ec0e66d0b3afe5332032fd3fb6769016bc04c2710b5e01a8e599df454,affinity_rank_group,intermediate,32,0.0104216971195768,0.3151292196102876,0,8.339244791666667,9219e6e04a2932d1ce67dc89fcbacf667b1f43be0d560c1a4db369542f3018f7
D0,A_high_2,selective,D0_r05,5,m011_balanced_random_group,4f9b5634a7d1bdacc1d585643a286967dc0947786f9e18f05c5d84fe662c78d7,balanced_random_group,intermediate,64,0.0221089434006747,0.3151292196102876,0,8.4378515625,7d6b988210c0f554ed442e44c21591ee59ced9b72e5dceb76be480efdc203e20
D0,A_high_2,selective,D0_r05,5,m012_affinity_rank_group,6ac4e014d135d7a7fbd4592fdf320f48570dc4bce5e1a5c2ca6054715b80f98a,affinity_rank_group,intermediate,64,0.0209130419689576,0.3151292196102876,0,8.468446180555556,7907a5198ec2d380b89f140dcf82db83f03a0959b115a4c0a2aa50bfa3095191
D0,A_high_2,selective,D0_r05,5,m013_balanced_random_group,8c867de60c19d7bde11f4cc8d3068f7701c8f347c9f932320be77db3baf097e5,balanced_random_group,intermediate,128,0.0433575857744835,0.3151292196102876,0,8.785512152777777,697c07ff244bfc55be4e61f5169c61b796643665e38e6219842a46c6329a1e93
D0,A_high_2,selective,D0_r05,5,m014_affinity_rank_group,4c0d0a036a5c51abb14f88b143c35a9a2e7cecb590d4d0752b078fe3b59a18dd,affinity_rank_group,intermediate,128,0.0422876831853983,0.3151292196102876,0,8.827443576388887,eb0c6b64ac1fad9d6deffb49f38437ae0170acfe18569f1f827a9284ec9b3190
D0,A_high_2,selective,D0_r05,5,m015_balanced_random_group,e0af73e8f613a1ebdf93671723d799f6c478b0888f37d40a4251e5bfa3441ce6,balanced_random_group,intermediate,256,0.0898418024500597,0.3151292196102876,0,9.279236111111112,66eae8809cc26fc385b6eb32592a8f4c4ae4621373429c6b3575cecf74b126a3
D0,A_high_2,selective,D0_r05,5,m016_affinity_rank_group,cf78b05538711825e0795152b13c3d2c15b5cd16f89c1995f7b006d8bc57c6a2,affinity_rank_group,intermediate,256,0.0908425400825431,0.3151292196102876,0,9.52345920138889,6d5ab6d93632aafbd336bc951621b3505542b9bf00c4a7545b08ef78c8e7a7bb
D0,A_high_2,selective,D0_r05,5,m017_balanced_random_group,624eb3be9bfd0f1a3005c27c92924e9e5a273a32f646217df21900a4492271ec,balanced_random_group,intermediate,512,0.1804176399386469,0.3151292196102876,0,10.496796875,be7c71ff64e025a6433ff0cc831cd0b0a2d3d2285fdb291a2ce68d46cdab2717
D0,A_high_2,selective,D0_r05,5,m018_affinity_rank_group,24a6acb87a7364b0b1cbbe6fecc84df53e5243c78a06a6c6c4e7354b3e359435,affinity_rank_group,intermediate,512,0.1787177524333959,0.3151292196102876,0,10.569596354166666,aa229396e1cf148985f909bea2d1853f76ad525046a0016b9458e028b21a553a
D0,A_high_2,selective,D0_r05,5,m019_contiguous_substring,16cfd655e57fba08a658c1d50e1fe5976b2f905eee09ec260833cfb2b49d6f38,contiguous_substring,intermediate,4,0.0015328218995684,0.3151292196102876,0,8.177165798611112,55b76ffdbc78b43687c926af92ec2b2770a50b8dda26d421874e5e33f1eae872
D0,A_high_2,selective,D0_r05,5,m020_contiguous_substring,6fb076d21f3b26febc2e6a328628b3ea581ce0709de4263bbe675d61bdb74942,contiguous_substring,intermediate,4,0.001071883097014,0.3151292196102876,0,8.192617187500002,21ccb8e8f8c99293aa9a060590b595651cf93470e895a26650174773d0058efb
D0,A_high_2,selective,D0_r05,5,m021_contiguous_substring,3ac98b3bd2edbbfc3b4339ca0066047ccba8e1cfa0ce798acbd27bab5b87d8af,contiguous_substring,intermediate,4,0.0010657765164741,0.3151292196102876,0,8.17291232638889,b431c6c4be9da044cfe1eb2832e67e2d57ff099176a7251b22a79608de18fd98
D0,A_high_2,selective,D0_r05,5,m022_contiguous_substring,fc015e86e4e7f2c734c05fb1135856a6186a7b6e6f3079acc6d6c6e4aa7442e4,contiguous_substring,intermediate,4,0.0011232523575319,0.3151292196102876,0,8.175980902777777,a0948a41d785855d1b09629a383ec6339e44268df75ac5683f7ced65a1c0ac30
D0,A_high_2,selective,D0_r05,5,m023_contiguous_substring,6d8bb74bcdeefe62988bcebfe3cdb7110ea14648c3393721f4a4095032ddf61b,contiguous_substring,intermediate,4,0.0009242170895788,0.3151292196102876,0,8.164045138888891,832340f79b37d02a4dd7e7a38227177e00aed06492c03e3acc2cfa5ddd4cb21a
D0,A_high_2,selective,D0_r05,5,m024_contiguous_substring,94ab69bff5420fbcf4c18d7a247ef0e4b9577d1295271abf78a62f51c3b59a0f,contiguous_substring,intermediate,16,0.0051075011163031,0.3151292196102876,0,8.223832465277779,06984f557a6d403885285a95c87c72d861514370243dc384466e53b395771c27
D0,A_high_2,selective,D0_r05,5,m025_contiguous_substring,ae330f3e6dd51f734f790820a896827f916e8d775c69ea1f205c55aa81507fe0,contiguous_substring,intermediate,16,0.0054564572616642,0.3151292196102876,0,8.242174479166668,715d9b8f45be00443edd890f8db66c49ea65f2cf4c75c722e74090ed4c3ac285
D0,A_high_2,selective,D0_r05,5,m026_contiguous_substring,5d3c5ea59a3a81c2ffdcfc7029fe0ab078b39be0217f1ee2611101845014273b,contiguous_substring,intermediate,16,0.0046608928074323,0.3151292196102876,0,8.230360243055555,14ea4974c097661016536974f4c4a21b903b268c17b4b655cc1e04f6ed88cdd1
D0,A_high_2,selective,D0_r05,5,m027_contiguous_substring,6edfbfdb62fbf79744d4ecfb6fe43de95b2133d87a10f24061ecc84297b1c267,contiguous_substring,intermediate,16,0.0048176104386174,0.3151292196102876,0,8.209800347222222,a15570d74417777e1349870956c54db56a0e5e9afcc5c146ca8f60c61eb053b0
D0,A_high_2,selective,D0_r05,5,m028_contiguous_substring,6f9a04216ce84ed3a2ef19a2010723c498d866f2bb5d6eda67ea1bd16782bfd8,contiguous_substring,intermediate,64,0.0224982450105171,0.3151292196102876,0,8.507925347222223,f9969f87cd150b1d269fb2a993c82c975fe4f44be3450f952653b254496e4913
D0,A_high_2,selective,D0_r05,5,m029_contiguous_substring,8d4ddfbfac0226f6a695d6b22ee21fbf533251852e95baca71b09f7710bfb22c,contiguous_substring,intermediate,64,0.0211328649908689,0.3151292196102876,0,8.45984375,16af40ebcec59d5e93d36e302605bbd529549fb947b12a015eb4d50ad321e1e5
D0,A_high_2,selective,D0_r05,5,m030_contiguous_substring,6ff19e1927dcafbb441ab0b4a0a61b92d1295d402f3277307a3f5b9d7850b98a,contiguous_substring,intermediate,64,0.0203172635663534,0.3151292196102876,0,8.350846354166668,89237e410add28c7d598e9a869b60681dceab8b177e33a970a337634c19af043
D0,A_high_2,selective,D0_r05,5,m031_contiguous_substring,c824c782df91faee7515c9d811fab43ed5426465074d2e812a5277507d28ae96,contiguous_substring,intermediate,256,0.0915118336482004,0.3151292196102876,0,9.40134982638889,dce51927e519bc471bbabfe2186197103ff90c12285e58611a8ede08d8cbf2ea
D0,A_high_2,selective,D0_r05,5,m032_contiguous_substring,ef835eb9c371f618c6958654a7d25a1df1d12c09a53ecf66f9209fb882a8542d,contiguous_substring,intermediate,256,0.0905800031677697,0.3151292196102876,0,9.320577256944444,2d4e4676f805d31aff10971df936f22b53a9a78a7e099bdbcb2c4750bc89f1bc
D0,A_high_2,selective,D0_r05,5,m033_identity,2f88e9ce00d238e7e011a7b140b413dcad818f1da41a721f914f1af604d0e217,identity,identity,1024,0.3151292196102876,0.3151292196102876,0,12.594565972222222,70c4b5c7c396dc690c2c982f5d642ea6087e3b58a2ec4a747b114a53b0dc1ea9
D0,A_high_2,selective,D0_r05,5,actual,actual,unintervened,actual,1024,0.3151292196102876,0.3151292196102876,1,12.678515625,ea3b53c606dcccf9f284572832a85027aeb90821edd30136200ab0d29328f79e
D0,A_high_2,selective,D0_r05,5,m000_constant,9f1dcbc35c350d6027f98be0f5c8b43b42ca52b7604459c0c42be3aa88913d47,constant,constant,1,8.008566259537293e-17,0.3151292196102876,1,8.162144097222221,5a9b77976d28c58edb1013e1e6dfc74d17e0759c11bd3bd56e84d126fd137a40
D0,A_high_2,selective,D0_r05,5,m001_balanced_random_group,f9a61013dcfd5168cfac382b0103ebc61175babf90ead3fb241727582f7ebff8,balanced_random_group,intermediate,2,0.0002170922683027,0.3151292196102876,1,8.181770833333333,240a2adeb214c8326650baf1e250417b85d447f472ce759623debfd2b3082834
D0,A_high_2,selective,D0_r05,5,m002_affinity_rank_group,3f53151fb2f814971fd6c0128c5c0b7afe1b5cb5257e46a1db18b8ebc9946d94,affinity_rank_group,intermediate,2,0.0004780409617575,0.3151292196102876,1,8.168085937500003,5668b72fca3508ab2e9fb800c9a4cef6a55a11ce834338204bf162a40f1ebe90
D0,A_high_2,selective,D0_r05,5,m003_balanced_random_group,c3045d2c1c1e20ffe9a4bb2a2e96a1861dba82bdee39680a0c34776015233f77,balanced_random_group,intermediate,4,0.0008193252572235,0.3151292196102876,1,8.156006944444444,1beb1a60429594bc5b208bec8e14511e67e5218a111341f9570f1de5b9cf9efc
D0,A_high_2,selective,D0_r05,5,m004_affinity_rank_group,92e56b0f11cdce879476507882d715f1eecc12de134fc3982530e28ffd4eba29,affinity_rank_group,intermediate,4,0.0010216759957097,0.3151292196102876,1,8.1542578125,f9f5c55e54c6f7dfd3b07c7f2fa0ea7053b157f62e0edc9fc2d6ff7e23c27495
D0,A_high_2,selective,D0_r05,5,m005_balanced_random_group,04a74209e8dcd69b7ec938b6492b48b960e41d4a73c85f733213da8532e73d49,balanced_random_group,intermediate,8,0.0025079963061786,0.3151292196102876,1,8.270894097222223,4020f8a61fbdd605dd9f0e881f793f5c02118bf173c1dc0fa03e24993c205c5b
D0,A_high_2,selective,D0_r05,5,m006_affinity_rank_group,0a19adabdd017fc722384804e89caf4ecf35837689486f63c24094087da5c2ba,affinity_rank_group,intermediate,8,0.0023248243737366,0.3151292196102876,1,8.194231770833333,1a4cd43f36dc6b613b4aa66c56103430e525f9248d8cf26f1d16b768300c6753
D0,A_high_2,selective,D0_r05,5,m007_balanced_random_group,848d2d075b0b38086c555c9d0d8524dccec4f14f30d66b4673f732303caf3b02,balanced_random_group,intermediate,16,0.0061523024345403,0.3151292196102876,1,8.217178819444445,a74fdf26146faf3db694812f7cc2b87bfb44eae0d7f10c2ed6d91551d4715fe7
D0,A_high_2,selective,D0_r05,5,m008_affinity_rank_group,d176c8d0ee881709b5af7061b49578d8041bef9dde73ceb9e47e4dd86f7ee987,affinity_rank_group,intermediate,16,0.0046422041291608,0.3151292196102876,1,8.253580729166666,ad89098a39950638da4858463d38caa865c1472518b829d4ba74d697647266bd
D0,A_high_2,selective,D0_r05,5,m009_balanced_random_group,8471d3b7d2a757d28b10f6d16b93b4054dd06f1fdee394c0a09cb0b6aab741ce,balanced_random_group,intermediate,32,0.0105238458421721,0.3151292196102876,1,8.315807291666667,c7a908c15085828ffabc2c18dc9895874c4847fc9e0149561ddfb3f49ec37628
D0,A_high_2,selective,D0_r05,5,m010_affinity_rank_group,a08bb91ec0e66d0b3afe5332032fd3fb6769016bc04c2710b5e01a8e599df454,affinity_rank_group,intermediate,32,0.0104216971195768,0.3151292196102876,1,8.390564236111112,b286896389346c838aae920e085d0d4174cd281def85208aa74452910dcd112d
D0,A_high_2,selective,D0_r05,5,m011_balanced_random_group,4f9b5634a7d1bdacc1d585643a286967dc0947786f9e18f05c5d84fe662c78d7,balanced_random_group,intermediate,64,0.0221089434006747,0.3151292196102876,1,8.479210069444445,8e9357769fa7b8a5db66a477d387eea106aafc6e1bd2825b910c4b9824c8d50a
D0,A_high_2,selective,D0_r05,5,m012_affinity_rank_group,6ac4e014d135d7a7fbd4592fdf320f48570dc4bce5e1a5c2ca6054715b80f98a,affinity_rank_group,intermediate,64,0.0209130419689576,0.3151292196102876,1,8.486497395833332,a7ef5104ad78d80dd3bd17e409b648d972bff563bb714fd78c15fff3d0641207
D0,A_high_2,selective,D0_r05,5,m013_balanced_random_group,8c867de60c19d7bde11f4cc8d3068f7701c8f347c9f932320be77db3baf097e5,balanced_random_group,intermediate,128,0.0433575857744835,0.3151292196102876,1,8.78157986111111,e9f13df6fab74b785df0a589c62fd7838966776fde7d185f5cd988969cae63f6
D0,A_high_2,selective,D0_r05,5,m014_affinity_rank_group,4c0d0a036a5c51abb14f88b143c35a9a2e7cecb590d4d0752b078fe3b59a18dd,affinity_rank_group,intermediate,128,0.0422876831853983,0.3151292196102876,1,8.77295138888889,57cc6a97361dc5089a8f62a52a7d67cd5a73cb187aed13c227f1aa985ee5ddbd
D0,A_high_2,selective,D0_r05,5,m015_balanced_random_group,e0af73e8f613a1ebdf93671723d799f6c478b0888f37d40a4251e5bfa3441ce6,balanced_random_group,intermediate,256,0.0898418024500597,0.3151292196102876,1,9.40247829861111,be19ef193d65a0ecedba90a0fd641fd31a880a8d47db0554adc4528fbb710bb2
D0,A_high_2,selective,D0_r05,5,m016_affinity_rank_group,cf78b05538711825e0795152b13c3d2c15b5cd16f89c1995f7b006d8bc57c6a2,affinity_rank_group,intermediate,256,0.0908425400825431,0.3151292196102876,1,9.506440972222224,6f32b718461c7475b1cfd5741a3f62147062bc8e9231dec88b713cd99949ff77
D0,A_high_2,selective,D0_r05,5,m017_balanced_random_group,624eb3be9bfd0f1a3005c27c92924e9e5a273a32f646217df21900a4492271ec,balanced_random_group,intermediate,512,0.1804176399386469,0.3151292196102876,1,10.515716145833334,14d8038880e9167eb770c44274523315ca1bd7a63da7eb28d266699eba7c7190
D0,A_high_2,selective,D0_r05,5,m018_affinity_rank_group,24a6acb87a7364b0b1cbbe6fecc84df53e5243c78a06a6c6c4e7354b3e359435,affinity_rank_group,intermediate,512,0.1787177524333959,0.3151292196102876,1,10.61641059027778,fd62f57ae8ff4abd88d2730f51a9509f989c0ee4aa1f4bd72e715cd7789c0a1b
D0,A_high_2,selective,D0_r05,5,m019_contiguous_substring,16cfd655e57fba08a658c1d50e1fe5976b2f905eee09ec260833cfb2b49d6f38,contiguous_substring,intermediate,4,0.0015328218995684,0.3151292196102876,1,8.180108506944444,1f7d0e47e492b3570e44b529a1a3e547cc50ffcb2d71abc51148acb423de44ad
D0,A_high_2,selective,D0_r05,5,m020_contiguous_substring,6fb076d21f3b26febc2e6a328628b3ea581ce0709de4263bbe675d61bdb74942,contiguous_substring,intermediate,4,0.001071883097014,0.3151292196102876,1,8.188715277777778,0daf8e4616c94fbb3f0ba0b03894ba4130063c44afa67960191b25c2672d978a
D0,A_high_2,selective,D0_r05,5,m021_contiguous_substring,3ac98b3bd2edbbfc3b4339ca0066047ccba8e1cfa0ce798acbd27bab5b87d8af,contiguous_substring,intermediate,4,0.0010657765164741,0.3151292196102876,1,8.175368923611112,65a3eee4187e61c781d0fd013121b17795ae1d28fdf7569fe277c09a047b0c52
D0,A_high_2,selective,D0_r05,5,m022_contiguous_substring,fc015e86e4e7f2c734c05fb1135856a6186a7b6e6f3079acc6d6c6e4aa7442e4,contiguous_substring,intermediate,4,0.0011232523575319,0.3151292196102876,1,8.159275173611112,fb2466d83c17f86001b5fa354b5e9efe70cce451fe405e8872b3f2305f064def
D0,A_high_2,selective,D0_r05,5,m023_contiguous_substring,6d8bb74bcdeefe62988bcebfe3cdb7110ea14648c3393721f4a4095032ddf61b,contiguous_substring,intermediate,4,0.0009242170895788,0.3151292196102876,1,8.151875,60c31bb8efa96ef6f51e58b7e23ffe70628653e5739ccf7749b9bee62fd50ef9
D0,A_high_2,selective,D0_r05,5,m024_contiguous_substring,94ab69bff5420fbcf4c18d7a247ef0e4b9577d1295271abf78a62f51c3b59a0f,contiguous_substring,intermediate,16,0.0051075011163031,0.3151292196102876,1,8.293849826388888,93af89404896142399c0b0afe3e4749dcfc4f590338c42dad9b4f043ba412f88
D0,A_high_2,selective,D0_r05,5,m025_contiguous_substring,ae330f3e6dd51f734f790820a896827f916e8d775c69ea1f205c55aa81507fe0,contiguous_substring,intermediate,16,0.0054564572616642,0.3151292196102876,1,8.26921440972222,082185a36d717519e8c9e23d36d8e18fd543adde143918ae727204c73b3474dc
D0,A_high_2,selective,D0_r05,5,m026_contiguous_substring,5d3c5ea59a3a81c2ffdcfc7029fe0ab078b39be0217f1ee2611101845014273b,contiguous_substring,intermediate,16,0.0046608928074323,0.3151292196102876,1,8.198246527777776,214d07973504768d44b6829bf60646a05283f50f1816147167d8cf57ab92a695
D0,A_high_2,selective,D0_r05,5,m027_contiguous_substring,6edfbfdb62fbf79744d4ecfb6fe43de95b2133d87a10f24061ecc84297b1c267,contiguous_substring,intermediate,16,0.0048176104386174,0.3151292196102876,1,8.188828124999999,e7fe2388d9a83d661e35344d0fe816081b54bd03d9ec1cd78508680b0dedd76a
D0,A_high_2,selective,D0_r05,5,m028_contiguous_substring,6f9a04216ce84ed3a2ef19a2010723c498d866f2bb5d6eda67ea1bd16782bfd8,contiguous_substring,intermediate,64,0.0224982450105171,0.3151292196102876,1,8.521497395833332,088c0648b6c1614e187a59ab1b1ece0e95b743b5f623f80f8c651a58c10d9696
D0,A_high_2,selective,D0_r05,5,m029_contiguous_substring,8d4ddfbfac0226f6a695d6b22ee21fbf533251852e95baca71b09f7710bfb22c,contiguous_substring,intermediate,64,0.0211328649908689,0.3151292196102876,1,8.492065972222221,889867c4f5b8d739df4821ee82bab6655c5ede8621a83a5b44d1040256494b9c
D0,A_high_2,selective,D0_r05,5,m030_contiguous_substring,6ff19e1927dcafbb441ab0b4a0a61b92d1295d402f3277307a3f5b9d7850b98a,contiguous_substring,intermediate,64,0.0203172635663534,0.3151292196102876,1,8.428355034722223,bc96726b09ade7c29756b8dc8d8f38641a8ba71663704f9fa174cbe67e3a6795
D0,A_high_2,selective,D0_r05,5,m031_contiguous_substring,c824c782df91faee7515c9d811fab43ed5426465074d2e812a5277507d28ae96,contiguous_substring,intermediate,256,0.0915118336482004,0.3151292196102876,1,9.309774305555557,4c03ad5cd272884705841ace20c9b1ac71ee82a63d295f81286d51a43b78d61b
D0,A_high_2,selective,D0_r05,5,m032_contiguous_substring,ef835eb9c371f618c6958654a7d25a1df1d12c09a53ecf66f9209fb882a8542d,contiguous_substring,intermediate,256,0.0905800031677697,0.3151292196102876,1,9.485620659722224,36da78fd4f866b84e9a211837cab502ad99dd2e79207439ff828f2b132d831d6
D0,A_high_2,selective,D0_r05,5,m033_identity,2f88e9ce00d238e7e011a7b140b413dcad818f1da41a721f914f1af604d0e217,identity,identity,1024,0.3151292196102876,0.3151292196102876,1,12.678515625,ea3b53c606dcccf9f284572832a85027aeb90821edd30136200ab0d29328f79e
D0,A_high_2,selective,D0_r06,6,actual,actual,unintervened,actual,1024,0.321998436924683,0.321998436924683,0,12.73171875,999b103f8f04931ae288b80334684c124b627f1c9d78c8b8d79af4944098aa01
D0,A_high_2,selective,D0_r06,6,m000_constant,9f1dcbc35c350d6027f98be0f5c8b43b42ca52b7604459c0c42be3aa88913d47,constant,constant,1,0.0,0.321998436924683,0,8.261970486111112,151099853ab14b59a2d7c92a72a9812467b5c287f31c6009ffd730500f7f6647
D0,A_high_2,selective,D0_r06,6,m001_balanced_random_group,f9a61013dcfd5168cfac382b0103ebc61175babf90ead3fb241727582f7ebff8,balanced_random_group,intermediate,2,0.0006000300280561,0.321998436924683,0,8.255325520833333,3d8e643447b3d5ed796939af939b6513d59723f1f5cf438ad24fdf36db324742
D0,A_high_2,selective,D0_r06,6,m002_affinity_rank_group,3f53151fb2f814971fd6c0128c5c0b7afe1b5cb5257e46a1db18b8ebc9946d94,affinity_rank_group,intermediate,2,0.0002427535565822,0.321998436924683,0,8.25896267361111,834c0a819157ad99a4d348d5630b73b729a9a8864e670e640a7a327dd1661542
D0,A_high_2,selective,D0_r06,6,m003_balanced_random_group,c3045d2c1c1e20ffe9a4bb2a2e96a1861dba82bdee39680a0c34776015233f77,balanced_random_group,intermediate,4,0.0009141554031901,0.321998436924683,0,8.2575390625,31d552f17a092bb31df43bb70f18ab0657ac656a809c4d02da007d0e8e459a12
D0,A_high_2,selective,D0_r06,6,m004_affinity_rank_group,92e56b0f11cdce879476507882d715f1eecc12de134fc3982530e28ffd4eba29,affinity_rank_group,intermediate,4,0.0007705534254739,0.321998436924683,0,8.2825390625,320adcda80c001963fe1a5fb1f55213a79afb6b00cb1fc03cb49fbf30a1a71c9
D0,A_high_2,selective,D0_r06,6,m005_balanced_random_group,04a74209e8dcd69b7ec938b6492b48b960e41d4a73c85f733213da8532e73d49,balanced_random_group,intermediate,8,0.0020040241340058,0.321998436924683,0,8.283020833333332,1c0fac0ad8c11fefd4fb6d60d87a64aa72e86e3242fd158b2ee3bede1fbc20d9
D0,A_high_2,selective,D0_r06,6,m006_affinity_rank_group,0a19adabdd017fc722384804e89caf4ecf35837689486f63c24094087da5c2ba,affinity_rank_group,intermediate,8,0.0017774543279992,0.321998436924683,0,8.279618055555554,5b94558a1686a31f05c1f04e1155fab2b5c7bb85f43562b116324199496b3799
D0,A_high_2,selective,D0_r06,6,m007_balanced_random_group,848d2d075b0b38086c555c9d0d8524dccec4f14f30d66b4673f732303caf3b02,balanced_random_group,intermediate,16,0.0050107915186101,0.321998436924683,0,8.315186631944448,3694acf0997947424cb3ff25f9d0bc740af1a0f66b27bfc2c96c90c6846ec87c
D0,A_high_2,selective,D0_r06,6,m008_affinity_rank_group,d176c8d0ee881709b5af7061b49578d8041bef9dde73ceb9e47e4dd86f7ee987,affinity_rank_group,intermediate,16,0.0035957784103071,0.321998436924683,0,8.327808159722222,8c3b87a6bd16c48df3c92c095fd31e4c2cd59ab1504346dc9d073855e4bf478c
D0,A_high_2,selective,D0_r06,6,m009_balanced_random_group,8471d3b7d2a757d28b10f6d16b93b4054dd06f1fdee394c0a09cb0b6aab741ce,balanced_random_group,intermediate,32,0.0108364627534068,0.321998436924683,0,8.434826388888888,20249287bc6f11a156a0d55b6bc7250576228d30fad27438a9f798035a6478c4
D0,A_high_2,selective,D0_r06,6,m010_affinity_rank_group,a08bb91ec0e66d0b3afe5332032fd3fb6769016bc04c2710b5e01a8e599df454,affinity_rank_group,intermediate,32,0.0086695105339225,0.321998436924683,0,8.432278645833334,96dd0b6afb5ff0d874d2efe8df4fba59b5f356cecd077d231ac65666144bffd2
D0,A_high_2,selective,D0_r06,6,m011_balanced_random_group,4f9b5634a7d1bdacc1d585643a286967dc0947786f9e18f05c5d84fe662c78d7,balanced_random_group,intermediate,64,0.0216754152245069,0.321998436924683,0,8.560642361111112,9fb1d09f615f5b9b4bf1fa3d68a35b4ea12ac5593fdc9482e995c44f95e240b0
D0,A_high_2,selective,D0_r06,6,m012_affinity_rank_group,6ac4e014d135d7a7fbd4592fdf320f48570dc4bce5e1a5c2ca6054715b80f98a,affinity_rank_group,intermediate,64,0.0202257748071707,0.321998436924683,0,8.576575520833334,56e2ad138f9e3fddb71cf06c825e5e13809a85f0d6cb868ed3de103712b8f7b1
D0,A_high_2,selective,D0_r06,6,m013_balanced_random_group,8c867de60c19d7bde11f4cc8d3068f7701c8f347c9f932320be77db3baf097e5,balanced_random_group,intermediate,128,0.0456704675482737,0.321998436924683,0,8.904379340277778,4153084b34f14f3f06dbf6a78a090710cc8ff68c0bcb4173a086efe6f0cd9099
D0,A_high_2,selective,D0_r06,6,m014_affinity_rank_group,4c0d0a036a5c51abb14f88b143c35a9a2e7cecb590d4d0752b078fe3b59a18dd,affinity_rank_group,intermediate,128,0.0433972183182745,0.321998436924683,0,8.913893229166668,0858f59435cec8d681d752f482fd17bcf7bf8eba94f7dc9a14e748daa7b2fe43
D0,A_high_2,selective,D0_r06,6,m015_balanced_random_group,e0af73e8f613a1ebdf93671723d799f6c478b0888f37d40a4251e5bfa3441ce6,balanced_random_group,intermediate,256,0.0933284893429649,0.321998436924683,0,9.439626736111109,1101adb7a8721d50bcadb1aa747384f3628faab97e3d0dfb8802f95f1108ff0a
D0,A_high_2,selective,D0_r06,6,m016_affinity_rank_group,cf78b05538711825e0795152b13c3d2c15b5cd16f89c1995f7b006d8bc57c6a2,affinity_rank_group,intermediate,256,0.0923923857054897,0.321998436924683,0,9.594006076388888,89de30f5cf07b753c551690ee50ae45cbdd89eb67d665993fe2f7fb7feaa7771
D0,A_high_2,selective,D0_r06,6,m017_balanced_random_group,624eb3be9bfd0f1a3005c27c92924e9e5a273a32f646217df21900a4492271ec,balanced_random_group,intermediate,512,0.1803677365491935,0.321998436924683,0,10.598715277777778,3fd729b76f79d1b696c133cbed443a088a77c4f44e9408cdda0a24d59cd45a40
D0,A_high_2,selective,D0_r06,6,m018_affinity_rank_group,24a6acb87a7364b0b1cbbe6fecc84df53e5243c78a06a6c6c4e7354b3e359435,affinity_rank_group,intermediate,512,0.1792195074367535,0.321998436924683,0,10.621731770833334,598d89af772913a074f0c4ccd0bf11d8849d8300bef0de0e22271e1683ea3d52
D0,A_high_2,selective,D0_r06,6,m019_contiguous_substring,16cfd655e57fba08a658c1d50e1fe5976b2f905eee09ec260833cfb2b49d6f38,contiguous_substring,intermediate,4,0.0010156644627993,0.321998436924683,0,8.257035590277779,c968ca56a4c5ddfcd5105072998a0ebe29b45c933801927784c9f503e64d8617
D0,A_high_2,selective,D0_r06,6,m020_contiguous_substring,6fb076d21f3b26febc2e6a328628b3ea581ce0709de4263bbe675d61bdb74942,contiguous_substring,intermediate,4,0.0010191514837094,0.321998436924683,0,8.270173611111112,04f8c246df8aba135e240c632b0e56b7236e31d1717c2cc3c238ba08573f146f
D0,A_high_2,selective,D0_r06,6,m021_contiguous_substring,3ac98b3bd2edbbfc3b4339ca0066047ccba8e1cfa0ce798acbd27bab5b87d8af,contiguous_substring,intermediate,4,0.000611464105705,0.321998436924683,0,8.254704861111112,df898289e97450dc2ae38033caa17f85436fb36b32f3b423ed73b46575fff17a
D0,A_high_2,selective,D0_r06,6,m022_contiguous_substring,fc015e86e4e7f2c734c05fb1135856a6186a7b6e6f3079acc6d6c6e4aa7442e4,contiguous_substring,intermediate,4,0.0008724667932085,0.321998436924683,0,8.250559895833334,230e6ae63027c1d7d30c438f59b25caf6400e84a43805a5f3c7ad484371500c2
D0,A_high_2,selective,D0_r06,6,m023_contiguous_substring,6d8bb74bcdeefe62988bcebfe3cdb7110ea14648c3393721f4a4095032ddf61b,contiguous_substring,intermediate,4,0.0007820980679815,0.321998436924683,0,8.256566840277777,c8652d43a9e53889a8fd6164828e4f73a677ad35b604735e18b4fefea558016a
D0,A_high_2,selective,D0_r06,6,m024_contiguous_substring,94ab69bff5420fbcf4c18d7a247ef0e4b9577d1295271abf78a62f51c3b59a0f,contiguous_substring,intermediate,16,0.00493381641621,0.321998436924683,0,8.318320312500001,c30c541b1413ec50559df7d7e4feadfd9628500485df4ccc59105cfc4dec3b62
D0,A_high_2,selective,D0_r06,6,m025_contiguous_substring,ae330f3e6dd51f734f790820a896827f916e8d775c69ea1f205c55aa81507fe0,contiguous_substring,intermediate,16,0.0052259882578116,0.321998436924683,0,8.33740451388889,b3963bfde3ef653fe12e39be1447e6f6febdf97a84caec22444cc3b1d7e6b7c6
D0,A_high_2,selective,D0_r06,6,m026_contiguous_substring,5d3c5ea59a3a81c2ffdcfc7029fe0ab078b39be0217f1ee2611101845014273b,contiguous_substring,intermediate,16,0.0040771036359253,0.321998436924683,0,8.33083767361111,4f8102add24517719d465dffcbafe3b3b1fe1f780561d0883a68186efbb5da22
D0,A_high_2,selective,D0_r06,6,m027_contiguous_substring,6edfbfdb62fbf79744d4ecfb6fe43de95b2133d87a10f24061ecc84297b1c267,contiguous_substring,intermediate,16,0.00437997089219,0.321998436924683,0,8.326384548611111,93603b0354d7b9552a72c6889fb4c54f068b632c3c4eb37ec0cf1bc55c443ec4
D0,A_high_2,selective,D0_r06,6,m028_contiguous_substring,6f9a04216ce84ed3a2ef19a2010723c498d866f2bb5d6eda67ea1bd16782bfd8,contiguous_substring,intermediate,64,0.0211755285495847,0.321998436924683,0,8.515004340277777,45f3c03e98cf0ec94e8a35d53d3446998d4f0291d67c61033b153d67fd3c32dd
D0,A_high_2,selective,D0_r06,6,m029_contiguous_substring,8d4ddfbfac0226f6a695d6b22ee21fbf533251852e95baca71b09f7710bfb22c,contiguous_substring,intermediate,64,0.0224423830130562,0.321998436924683,0,8.4755078125,8c2f120d2178edfd5853a2b2fef12ddbd4944414067c9cf3a80adfcafa457922
D0,A_high_2,selective,D0_r06,6,m030_contiguous_substring,6ff19e1927dcafbb441ab0b4a0a61b92d1295d402f3277307a3f5b9d7850b98a,contiguous_substring,intermediate,64,0.0202217655924118,0.321998436924683,0,8.478229166666665,b291c9469671a37b2329a3879bf0bf99c00eca62c51ba9447a8daca2b0982f7d
D0,A_high_2,selective,D0_r06,6,m031_contiguous_substring,c824c782df91faee7515c9d811fab43ed5426465074d2e812a5277507d28ae96,contiguous_substring,intermediate,256,0.0890487477264222,0.321998436924683,0,9.388111979166666,262c9b8450418c84f7a06b483dd1ed2bc813090d75bf2cf618d76a2f0438b89b
D0,A_high_2,selective,D0_r06,6,m032_contiguous_substring,ef835eb9c371f618c6958654a7d25a1df1d12c09a53ecf66f9209fb882a8542d,contiguous_substring,intermediate,256,0.0943290803364582,0.321998436924683,0,9.430902777777778,8bfaacb3cab392f8e3d85b93255c4bf135f1420fbcc529920b8ab8421acc85a2
D0,A_high_2,selective,D0_r06,6,m033_identity,2f88e9ce00d238e7e011a7b140b413dcad818f1da41a721f914f1af604d0e217,identity,identity,1024,0.321998436924683,0.321998436924683,0,12.73171875,999b103f8f04931ae288b80334684c124b627f1c9d78c8b8d79af4944098aa01
D0,A_high_2,selective,D0_r06,6,actual,actual,unintervened,actual,1024,0.321998436924683,0.321998436924683,1,12.63305121527778,a9e7f8f3f9ecc5fc32e04cee344eab326a30d200292eb3512df5c065afcbf680
D0,A_high_2,selective,D0_r06,6,m000_constant,9f1dcbc35c350d6027f98be0f5c8b43b42ca52b7604459c0c42be3aa88913d47,constant,constant,1,0.0,0.321998436924683,1,8.204843750000002,cc154e97a0ce541c0450e1bea8794a6341003aa0ad51c055784d924ea567f804
D0,A_high_2,selective,D0_r06,6,m001_balanced_random_group,f9a61013dcfd5168cfac382b0103ebc61175babf90ead3fb241727582f7ebff8,balanced_random_group,intermediate,2,0.0006000300280561,0.321998436924683,1,8.204661458333334,ca578ce88795b66bfc1d11ce5f0a4a77ca10ec80fb2ac2e8e816852966761677
D0,A_high_2,selective,D0_r06,6,m002_affinity_rank_group,3f53151fb2f814971fd6c0128c5c0b7afe1b5cb5257e46a1db18b8ebc9946d94,affinity_rank_group,intermediate,2,0.0002427535565822,0.321998436924683,1,8.194049479166669,e02f307985cb8b56f2450816b1059ce4bba381cbf8725c2cba88653848050b90
D0,A_high_2,selective,D0_r06,6,m003_balanced_random_group,c3045d2c1c1e20ffe9a4bb2a2e96a1861dba82bdee39680a0c34776015233f77,balanced_random_group,intermediate,4,0.0009141554031901,0.321998436924683,1,8.227413194444445,585093b1d0743f0dbddcd952e3c3692eb7b4c51a20fca91f6ace3ba09124f032
D0,A_high_2,selective,D0_r06,6,m004_affinity_rank_group,92e56b0f11cdce879476507882d715f1eecc12de134fc3982530e28ffd4eba29,affinity_rank_group,intermediate,4,0.0007705534254739,0.321998436924683,1,8.218042534722223,bf0e0ad416ab3069e3ba42d13f05f92fefb974829492a0ab0faf687df0e7ffac
D0,A_high_2,selective,D0_r06,6,m005_balanced_random_group,04a74209e8dcd69b7ec938b6492b48b960e41d4a73c85f733213da8532e73d49,balanced_random_group,intermediate,8,0.0020040241340058,0.321998436924683,1,8.273116319444446,94626fe70e08ca229b86485b44cd1547c154affdbd4f741511bcb0c2ebff41f0
D0,A_high_2,selective,D0_r06,6,m006_affinity_rank_group,0a19adabdd017fc722384804e89caf4ecf35837689486f63c24094087da5c2ba,affinity_rank_group,intermediate,8,0.0017774543279992,0.321998436924683,1,8.188428819444443,2b92c2302b31d095bcaef3c59d8e964d84ae508866ce9fcec530d0628cb9c07a
D0,A_high_2,selective,D0_r06,6,m007_balanced_random_group,848d2d075b0b38086c555c9d0d8524dccec4f14f30d66b4673f732303caf3b02,balanced_random_group,intermediate,16,0.0050107915186101,0.321998436924683,1,8.27558159722222,6f0da6b301993101eb1403bea1851badce7b678478ef454fc231d8b7f4e9c31f
D0,A_high_2,selective,D0_r06,6,m008_affinity_rank_group,d176c8d0ee881709b5af7061b49578d8041bef9dde73ceb9e47e4dd86f7ee987,affinity_rank_group,intermediate,16,0.0035957784103071,0.321998436924683,1,8.259917534722224,2775d90bf8e71c9ae707f7b6dc47165a981b28a2b2ad8e5735b7ff4eb45a6811
D0,A_high_2,selective,D0_r06,6,m009_balanced_random_group,8471d3b7d2a757d28b10f6d16b93b4054dd06f1fdee394c0a09cb0b6aab741ce,balanced_random_group,intermediate,32,0.0108364627534068,0.321998436924683,1,8.418914930555554,fab9091f6b12d864fe8c6d999212eba8e388133e83dfe3ffe91280cbd5038704
D0,A_high_2,selective,D0_r06,6,m010_affinity_rank_group,a08bb91ec0e66d0b3afe5332032fd3fb6769016bc04c2710b5e01a8e599df454,affinity_rank_group,intermediate,32,0.0086695105339225,0.321998436924683,1,8.359796006944444,bc33e4e3061a18b0b71ea585b172cf5a74a468c8466f22a2702e28fa3fa43f4e
D0,A_high_2,selective,D0_r06,6,m011_balanced_random_group,4f9b5634a7d1bdacc1d585643a286967dc0947786f9e18f05c5d84fe662c78d7,balanced_random_group,intermediate,64,0.0216754152245069,0.321998436924683,1,8.52585503472222,a5958d50d6cfc9270f9e31859558e93f6944ea6d767fb00f7c86ab72dcc9c6f5
D0,A_high_2,selective,D0_r06,6,m012_affinity_rank_group,6ac4e014d135d7a7fbd4592fdf320f48570dc4bce5e1a5c2ca6054715b80f98a,affinity_rank_group,intermediate,64,0.0202257748071707,0.321998436924683,1,8.537743055555556,9fcd33414a9f0c9d0975b638a6c83adba3b080c55e7650cc7114a160995b6c76
D0,A_high_2,selective,D0_r06,6,m013_balanced_random_group,8c867de60c19d7bde11f4cc8d3068f7701c8f347c9f932320be77db3baf097e5,balanced_random_group,intermediate,128,0.0456704675482737,0.321998436924683,1,8.796323784722222,ab1fab794331a7e58bf994294abd0be054a7faa050224695113426dbdbbcc8e4
D0,A_high_2,selective,D0_r06,6,m014_affinity_rank_group,4c0d0a036a5c51abb14f88b143c35a9a2e7cecb590d4d0752b078fe3b59a18dd,affinity_rank_group,intermediate,128,0.0433972183182745,0.321998436924683,1,8.816328125000002,be47c0d02ab9d378819b0938d51971867c45fe7f7796837960c0b870194eeae6
D0,A_high_2,selective,D0_r06,6,m015_balanced_random_group,e0af73e8f613a1ebdf93671723d799f6c478b0888f37d40a4251e5bfa3441ce6,balanced_random_group,intermediate,256,0.0933284893429649,0.321998436924683,1,9.3572265625,7ed1c4a2c7d455dbd0928cc4db6db16a8c1a85271d91fd73b24b9685ebca7dc1
D0,A_high_2,selective,D0_r06,6,m016_affinity_rank_group,cf78b05538711825e0795152b13c3d2c15b5cd16f89c1995f7b006d8bc57c6a2,affinity_rank_group,intermediate,256,0.0923923857054897,0.321998436924683,1,9.435668402777775,765cb978410305c355a3dca06a7cf537626d4c1e8deeb06e010c747109e827a5
D0,A_high_2,selective,D0_r06,6,m017_balanced_random_group,624eb3be9bfd0f1a3005c27c92924e9e5a273a32f646217df21900a4492271ec,balanced_random_group,intermediate,512,0.1803677365491935,0.321998436924683,1,10.53183159722222,9f5b9c5726ea8c0e8c48facabad0cf5f16c919c739b56c265c518f4c4373bc16
D0,A_high_2,selective,D0_r06,6,m018_affinity_rank_group,24a6acb87a7364b0b1cbbe6fecc84df53e5243c78a06a6c6c4e7354b3e359435,affinity_rank_group,intermediate,512,0.1792195074367535,0.321998436924683,1,10.643932291666664,2e30eeca6b144ec7cf7e41a63e7b32eb116c01257e8e04f591844bfdbc16f91a
D0,A_high_2,selective,D0_r06,6,m019_contiguous_substring,16cfd655e57fba08a658c1d50e1fe5976b2f905eee09ec260833cfb2b49d6f38,contiguous_substring,intermediate,4,0.0010156644627993,0.321998436924683,1,8.20029513888889,8caf2198ab24446842038d761482b02601b199a1e6d643890aad36d1a7259ef2
D0,A_high_2,selective,D0_r06,6,m020_contiguous_substring,6fb076d21f3b26febc2e6a328628b3ea581ce0709de4263bbe675d61bdb74942,contiguous_substring,intermediate,4,0.0010191514837094,0.321998436924683,1,8.224865451388887,c21d7d7bc93686064f4e4dc29ee4cfcc43b2d37d467236f8eb30f699e8d5fbb5
D0,A_high_2,selective,D0_r06,6,m021_contiguous_substring,3ac98b3bd2edbbfc3b4339ca0066047ccba8e1cfa0ce798acbd27bab5b87d8af,contiguous_substring,intermediate,4,0.000611464105705,0.321998436924683,1,8.20279513888889,a3a94d2613a88c2bcf45be5b690961211d4e50b8f29ee94a60c1b43c8669ff50
D0,A_high_2,selective,D0_r06,6,m022_contiguous_substring,fc015e86e4e7f2c734c05fb1135856a6186a7b6e6f3079acc6d6c6e4aa7442e4,contiguous_substring,intermediate,4,0.0008724667932085,0.321998436924683,1,8.195768229166667,cf94f64303bd3aafdeb3f6f83841f4dce980680bc55129afc8cd5fbf6f89bdad
D0,A_high_2,selective,D0_r06,6,m023_contiguous_substring,6d8bb74bcdeefe62988bcebfe3cdb7110ea14648c3393721f4a4095032ddf61b,contiguous_substring,intermediate,4,0.0007820980679815,0.321998436924683,1,8.19670138888889,6cd6937eb2216b3b6b28e3b77f14149e4ff7bbf678a4b007ba6c440ee8dcefa3
D0,A_high_2,selective,D0_r06,6,m024_contiguous_substring,94ab69bff5420fbcf4c18d7a247ef0e4b9577d1295271abf78a62f51c3b59a0f,contiguous_substring,intermediate,16,0.00493381641621,0.321998436924683,1,8.250381944444442,fb5a1a014e5cab53f80d21ac93f0ae3b2f5d8440c95ee33a1134eff43877fbfe
D0,A_high_2,selective,D0_r06,6,m025_contiguous_substring,ae330f3e6dd51f734f790820a896827f916e8d775c69ea1f205c55aa81507fe0,contiguous_substring,intermediate,16,0.0052259882578116,0.321998436924683,1,8.292738715277778,61f15cc0272c6d8049227897b1bfd02b909a7541e653dec1b1dade22396c3f1e
D0,A_high_2,selective,D0_r06,6,m026_contiguous_substring,5d3c5ea59a3a81c2ffdcfc7029fe0ab078b39be0217f1ee2611101845014273b,contiguous_substring,intermediate,16,0.0040771036359253,0.321998436924683,1,8.255907118055555,4a1c3886020f302f4403c6bbd86fb2ee0173fded72cb0252d8b881b946eef271
D0,A_high_2,selective,D0_r06,6,m027_contiguous_substring,6edfbfdb62fbf79744d4ecfb6fe43de95b2133d87a10f24061ecc84297b1c267,contiguous_substring,intermediate,16,0.00437997089219,0.321998436924683,1,8.242087673611113,d72fe68f3d46dc4232a40f2585cb389af73ba184e329cc1550605ec04392e1f8
D0,A_high_2,selective,D0_r06,6,m028_contiguous_substring,6f9a04216ce84ed3a2ef19a2010723c498d866f2bb5d6eda67ea1bd16782bfd8,contiguous_substring,intermediate,64,0.0211755285495847,0.321998436924683,1,8.498259548611111,90c7777f722f931ca5db35b70215f807ddc6471854e931c6eda9c05534d82c33
D0,A_high_2,selective,D0_r06,6,m029_contiguous_substring,8d4ddfbfac0226f6a695d6b22ee21fbf533251852e95baca71b09f7710bfb22c,contiguous_substring,intermediate,64,0.0224423830130562,0.321998436924683,1,8.506414930555557,29e32f1680e324ddc20b571855a01a8197eedd5bf4c6b01d2db99245320471df
D0,A_high_2,selective,D0_r06,6,m030_contiguous_substring,6ff19e1927dcafbb441ab0b4a0a61b92d1295d402f3277307a3f5b9d7850b98a,contiguous_substring,intermediate,64,0.0202217655924118,0.321998436924683,1,8.414930555555554,6847e1b99313b6c0dc6fe9fd17ea0544604bb6f8cd0970c4c425d9fc02e49995
D0,A_high_2,selective,D0_r06,6,m031_contiguous_substring,c824c782df91faee7515c9d811fab43ed5426465074d2e812a5277507d28ae96,contiguous_substring,intermediate,256,0.0890487477264222,0.321998436924683,1,9.366232638888889,909733f734e1621d3c68ac7cddb9181d781282a69f87244180a8790d01177153
D0,A_high_2,selective,D0_r06,6,m032_contiguous_substring,ef835eb9c371f618c6958654a7d25a1df1d12c09a53ecf66f9209fb882a8542d,contiguous_substring,intermediate,256,0.0943290803364582,0.321998436924683,1,9.399861111111116,865b5d3936c3a3b24862d704e170131cae8fc3c8dbf07c6c6be05ad60efbd2c5
D0,A_high_2,selective,D0_r06,6,m033_identity,2f88e9ce00d238e7e011a7b140b413dcad818f1da41a721f914f1af604d0e217,identity,identity,1024,0.321998436924683,0.321998436924683,1,12.63305121527778,a9e7f8f3f9ecc5fc32e04cee344eab326a30d200292eb3512df5c065afcbf680
D0,A_high_2,selective,D0_r07,7,actual,actual,unintervened,actual,1024,0.3176800486041587,0.3176800486041587,0,12.669956597222225,9b07aa7533e31b1a6a4b6ad9e36ec01dac1204e37d3cc6aa1c43c2cb3ed376e3
D0,A_high_2,selective,D0_r07,7,m000_constant,9f1dcbc35c350d6027f98be0f5c8b43b42ca52b7604459c0c42be3aa88913d47,constant,constant,1,0.0,0.3176800486041587,0,8.227482638888887,144d4c0ff4eb19fd6f79134b51b1af224363d08da847cb73ad45e98dc9314369
D0,A_high_2,selective,D0_r07,7,m001_balanced_random_group,f9a61013dcfd5168cfac382b0103ebc61175babf90ead3fb241727582f7ebff8,balanced_random_group,intermediate,2,0.0004399271523028,0.3176800486041587,0,8.271315104166668,fa353f98bd2285ce6082d10fa61686bc9c27fa3e808dd0cad2ac1f9fd55aef23
D0,A_high_2,selective,D0_r07,7,m002_affinity_rank_group,3f53151fb2f814971fd6c0128c5c0b7afe1b5cb5257e46a1db18b8ebc9946d94,affinity_rank_group,intermediate,2,0.00060203981615,0.3176800486041587,0,8.243120659722225,84939e685fb279e4587661155ca2352c96a47c7356219e4930016ae833058bc6
D0,A_high_2,selective,D0_r07,7,m003_balanced_random_group,c3045d2c1c1e20ffe9a4bb2a2e96a1861dba82bdee39680a0c34776015233f77,balanced_random_group,intermediate,4,0.0009910904769962,0.3176800486041587,0,8.23240451388889,a203a4e2d7e6a3d4f7ad032bd752499acae91ba985d45a354d2ef6b82ac08997
D0,A_high_2,selective,D0_r07,7,m004_affinity_rank_group,92e56b0f11cdce879476507882d715f1eecc12de134fc3982530e28ffd4eba29,affinity_rank_group,intermediate,4,0.0014810997938453,0.3176800486041587,0,8.239101562500004,55efb0674e32c7a6d157ad190eb06174fdf973e915f8d82a3d43db7fcc0be90b
D0,A_high_2,selective,D0_r07,7,m005_balanced_random_group,04a74209e8dcd69b7ec938b6492b48b960e41d4a73c85f733213da8532e73d49,balanced_random_group,intermediate,8,0.002585164106495,0.3176800486041587,0,8.274149305555556,b7a1c9e7900c2559ba00e3b27e4ff224280984cac2fea7bd59979ce92c25b4ad
D0,A_high_2,selective,D0_r07,7,m006_affinity_rank_group,0a19adabdd017fc722384804e89caf4ecf35837689486f63c24094087da5c2ba,affinity_rank_group,intermediate,8,0.0023960077813931,0.3176800486041587,0,8.257100694444444,fd3feb9adac4eccb259d529eaef5136eac01e8ad7cdae1ce0fec2b64bbe16a49
D0,A_high_2,selective,D0_r07,7,m007_balanced_random_group,848d2d075b0b38086c555c9d0d8524dccec4f14f30d66b4673f732303caf3b02,balanced_random_group,intermediate,16,0.005120137354932,0.3176800486041587,0,8.285516493055557,67267fcaf08cf88246fb6b9d42305dc4f084a4f0e79db57498b8020f31962544
D0,A_high_2,selective,D0_r07,7,m008_affinity_rank_group,d176c8d0ee881709b5af7061b49578d8041bef9dde73ceb9e47e4dd86f7ee987,affinity_rank_group,intermediate,16,0.0052573097381638,0.3176800486041587,0,8.31224826388889,2e9392239202cfdf10661545286c238145f79d2e1e7c2d8166b507d5dffb3464
D0,A_high_2,selective,D0_r07,7,m009_balanced_random_group,8471d3b7d2a757d28b10f6d16b93b4054dd06f1fdee394c0a09cb0b6aab741ce,balanced_random_group,intermediate,32,0.0101355344398409,0.3176800486041587,0,8.413407118055554,a075a567826313db2651cb7c04b8967826a48d1f1dbac392ee29498e0ed67494
D0,A_high_2,selective,D0_r07,7,m010_affinity_rank_group,a08bb91ec0e66d0b3afe5332032fd3fb6769016bc04c2710b5e01a8e599df454,affinity_rank_group,intermediate,32,0.0101163070537358,0.3176800486041587,0,8.346284722222222,fd6f6df74da781b9bbebd9c4b1758eac1e7b54d8aa0d5efbabc424c2d2b5d27b
D0,A_high_2,selective,D0_r07,7,m011_balanced_random_group,4f9b5634a7d1bdacc1d585643a286967dc0947786f9e18f05c5d84fe662c78d7,balanced_random_group,intermediate,64,0.022039151861862,0.3176800486041587,0,8.598328993055555,35bf373a0635530306bb5419e65a2b16a8d2734c79f240fdfff3d85b9b047f5e
D0,A_high_2,selective,D0_r07,7,m012_affinity_rank_group,6ac4e014d135d7a7fbd4592fdf320f48570dc4bce5e1a5c2ca6054715b80f98a,affinity_rank_group,intermediate,64,0.020263780412172,0.3176800486041587,0,8.519500868055557,6ab9fbcb010c3aa89e755c2923adefffcedf85eebafab92a66fb97efb9c8744d
D0,A_high_2,selective,D0_r07,7,m013_balanced_random_group,8c867de60c19d7bde11f4cc8d3068f7701c8f347c9f932320be77db3baf097e5,balanced_random_group,intermediate,128,0.046451420617185,0.3176800486041587,0,8.84650607638889,6fa5c304a5b0fffe778cc4b10063f9969dc6b9aa5dae3e3881bd2c334bb25cbe
D0,A_high_2,selective,D0_r07,7,m014_affinity_rank_group,4c0d0a036a5c51abb14f88b143c35a9a2e7cecb590d4d0752b078fe3b59a18dd,affinity_rank_group,intermediate,128,0.0407348423660748,0.3176800486041587,0,8.806202256944443,c2b3fa2111cabeb5647cc3e54c2914b63b0a1daa37cbb04ea15073d541376167
D0,A_high_2,selective,D0_r07,7,m015_balanced_random_group,e0af73e8f613a1ebdf93671723d799f6c478b0888f37d40a4251e5bfa3441ce6,balanced_random_group,intermediate,256,0.0903984102006962,0.3176800486041587,0,9.386393229166664,79488acdab52620bbe39393da5c7cfb734d6e38c2fc1ab7b8d1b88bc5af89cb2
D0,A_high_2,selective,D0_r07,7,m016_affinity_rank_group,cf78b05538711825e0795152b13c3d2c15b5cd16f89c1995f7b006d8bc57c6a2,affinity_rank_group,intermediate,256,0.0888333369717837,0.3176800486041587,0,9.55542534722222,9de06deaf74ed1a0231c2abccaf45fb6b7e8692439e4f4361e6f3ac05e3a4e8c
D0,A_high_2,selective,D0_r07,7,m017_balanced_random_group,624eb3be9bfd0f1a3005c27c92924e9e5a273a32f646217df21900a4492271ec,balanced_random_group,intermediate,512,0.1761920617936303,0.3176800486041587,0,10.507222222222223,93e84b833e1e900810f26776bc3a0bcd254179d44a2b1aa91f0aa4145e5d89cb
D0,A_high_2,selective,D0_r07,7,m018_affinity_rank_group,24a6acb87a7364b0b1cbbe6fecc84df53e5243c78a06a6c6c4e7354b3e359435,affinity_rank_group,intermediate,512,0.180908746101447,0.3176800486041587,0,10.603424479166668,06eea87abfc0fe1be3cedb91b8ce496c575e4dfc59f615e23d2021f3e122d762
D0,A_high_2,selective,D0_r07,7,m019_contiguous_substring,16cfd655e57fba08a658c1d50e1fe5976b2f905eee09ec260833cfb2b49d6f38,contiguous_substring,intermediate,4,0.0009868587952723,0.3176800486041587,0,8.286063368055558,357cbb6cced12d3c4ddd14cf27633faaf3ef164eeb4c2c7695d8c57e69c4d6b8
D0,A_high_2,selective,D0_r07,7,m020_contiguous_substring,6fb076d21f3b26febc2e6a328628b3ea581ce0709de4263bbe675d61bdb74942,contiguous_substring,intermediate,4,0.0010444840145538,0.3176800486041587,0,8.271831597222224,58b7265e1e4619259ce9d84aa84bc6ad1add905cfadaf8b10dd0d5c4cf19b19d
D0,A_high_2,selective,D0_r07,7,m021_contiguous_substring,3ac98b3bd2edbbfc3b4339ca0066047ccba8e1cfa0ce798acbd27bab5b87d8af,contiguous_substring,intermediate,4,0.0006944566879138,0.3176800486041587,0,8.257790798611113,34457aec5a37c7008437a321873775b6ec9c479ace9e688794f9652688e92f11
D0,A_high_2,selective,D0_r07,7,m022_contiguous_substring,fc015e86e4e7f2c734c05fb1135856a6186a7b6e6f3079acc6d6c6e4aa7442e4,contiguous_substring,intermediate,4,0.0007384417773571,0.3176800486041587,0,8.217196180555554,7d887bf32093e324102a1141dbbaf1d39737b662018f5732220f09789749174e
D0,A_high_2,selective,D0_r07,7,m023_contiguous_substring,6d8bb74bcdeefe62988bcebfe3cdb7110ea14648c3393721f4a4095032ddf61b,contiguous_substring,intermediate,4,0.0007005329343327,0.3176800486041587,0,8.243611111111113,67c37f500ea0d908f125fd8303cf98fdd596ed8091bb8f139ff8dd014c9f4576
D0,A_high_2,selective,D0_r07,7,m024_contiguous_substring,94ab69bff5420fbcf4c18d7a247ef0e4b9577d1295271abf78a62f51c3b59a0f,contiguous_substring,intermediate,16,0.0044557901592341,0.3176800486041587,0,8.320577256944446,0b8d0c1d9db2a4e538ca451a705ce9b46db4a3068e4dc3ba02e8647b6a76ce0f
D0,A_high_2,selective,D0_r07,7,m025_contiguous_substring,ae330f3e6dd51f734f790820a896827f916e8d775c69ea1f205c55aa81507fe0,contiguous_substring,intermediate,16,0.0052560246800771,0.3176800486041587,0,8.309305555555556,bc96c9dd3331984da3be984ea5ecc1b8a42b69455fc1c3148939583d62901158
D0,A_high_2,selective,D0_r07,7,m026_contiguous_substring,5d3c5ea59a3a81c2ffdcfc7029fe0ab078b39be0217f1ee2611101845014273b,contiguous_substring,intermediate,16,0.0044780190347458,0.3176800486041587,0,8.300768229166668,fd81025e365463d141ac43cd25b0073bd3bbcabf9e34ac9edabe000bf3f0a817
D0,A_high_2,selective,D0_r07,7,m027_contiguous_substring,6edfbfdb62fbf79744d4ecfb6fe43de95b2133d87a10f24061ecc84297b1c267,contiguous_substring,intermediate,16,0.0040943593878548,0.3176800486041587,0,8.288611111111113,2064b272df3c12c9320deda8bc781adb8a82167bdc028fccd05d49e515992c7a
D0,A_high_2,selective,D0_r07,7,m028_contiguous_substring,6f9a04216ce84ed3a2ef19a2010723c498d866f2bb5d6eda67ea1bd16782bfd8,contiguous_substring,intermediate,64,0.0200003997636305,0.3176800486041587,0,8.48525607638889,fdaf0219cee6b153a571e88365922bfd922c179b2f807f1a26c66c8b760d7a2b
D0,A_high_2,selective,D0_r07,7,m029_contiguous_substring,8d4ddfbfac0226f6a695d6b22ee21fbf533251852e95baca71b09f7710bfb22c,contiguous_substring,intermediate,64,0.020532375185198,0.3176800486041587,0,8.427907986111114,89b44ee958aef4f27b6b0679acb665db6756abcacc8ac605540690a8128c9cc0
D0,A_high_2,selective,D0_r07,7,m030_contiguous_substring,6ff19e1927dcafbb441ab0b4a0a61b92d1295d402f3277307a3f5b9d7850b98a,contiguous_substring,intermediate,64,0.0195522793821388,0.3176800486041587,0,8.501315104166668,750b80eaae02744e47ad2b5c2fe4554167217d8e00a7f0fe4201a8e4856b1772
D0,A_high_2,selective,D0_r07,7,m031_contiguous_substring,c824c782df91faee7515c9d811fab43ed5426465074d2e812a5277507d28ae96,contiguous_substring,intermediate,256,0.0893086764876484,0.3176800486041587,0,9.41853298611111,b0a1b18babfd34f8c029f953edfba069928fefb60509f6ec8c9ad2bd1baf3e35
D0,A_high_2,selective,D0_r07,7,m032_contiguous_substring,ef835eb9c371f618c6958654a7d25a1df1d12c09a53ecf66f9209fb882a8542d,contiguous_substring,intermediate,256,0.0887890141980539,0.3176800486041587,0,9.39894097222222,9b48bf4368114b5816d80accd001e4d98890a7f3357d1ebc7301a1878183e6bf
D0,A_high_2,selective,D0_r07,7,m033_identity,2f88e9ce00d238e7e011a7b140b413dcad818f1da41a721f914f1af604d0e217,identity,identity,1024,0.3176800486041587,0.3176800486041587,0,12.669956597222225,9b07aa7533e31b1a6a4b6ad9e36ec01dac1204e37d3cc6aa1c43c2cb3ed376e3
D0,A_high_2,selective,D0_r07,7,actual,actual,unintervened,actual,1024,0.3176800486041587,0.3176800486041587,1,12.680134548611113,d8d6dc3a32b5f5250c9d554dd400f8b16eb458191eaac60b731c88bb8f67707f
D0,A_high_2,selective,D0_r07,7,m000_constant,9f1dcbc35c350d6027f98be0f5c8b43b42ca52b7604459c0c42be3aa88913d47,constant,constant,1,0.0,0.3176800486041587,1,8.17949652777778,ade27766f6b68027652d442ff46763cdf72ff8a9d1deff4456da48ad7aecf112
D0,A_high_2,selective,D0_r07,7,m001_balanced_random_group,f9a61013dcfd5168cfac382b0103ebc61175babf90ead3fb241727582f7ebff8,balanced_random_group,intermediate,2,0.0004399271523028,0.3176800486041587,1,8.202191840277777,04c8af9c6039f22340a0388761d2493ca827195f579ad068c7b2905b9deee673
D0,A_high_2,selective,D0_r07,7,m002_affinity_rank_group,3f53151fb2f814971fd6c0128c5c0b7afe1b5cb5257e46a1db18b8ebc9946d94,affinity_rank_group,intermediate,2,0.00060203981615,0.3176800486041587,1,8.190182291666666,f6d1548d41a1f84bd2a27aaa01fbd7ce7e9deadf2dfdda07376affa1f2abb348
D0,A_high_2,selective,D0_r07,7,m003_balanced_random_group,c3045d2c1c1e20ffe9a4bb2a2e96a1861dba82bdee39680a0c34776015233f77,balanced_random_group,intermediate,4,0.0009910904769962,0.3176800486041587,1,8.182578125,83261152360ceb11cc95aeffda3bb79dc9c7e749f9baa3d26f76f6410e029d10
D0,A_high_2,selective,D0_r07,7,m004_affinity_rank_group,92e56b0f11cdce879476507882d715f1eecc12de134fc3982530e28ffd4eba29,affinity_rank_group,intermediate,4,0.0014810997938453,0.3176800486041587,1,8.2028125,8de714bd38a93d4769fa104f0e94348c1166dfd0f019eebc12527961625c7ca5
D0,A_high_2,selective,D0_r07,7,m005_balanced_random_group,04a74209e8dcd69b7ec938b6492b48b960e41d4a73c85f733213da8532e73d49,balanced_random_group,intermediate,8,0.002585164106495,0.3176800486041587,1,8.191688368055557,91186f12f0a6fa18c2903682fbf00c751dd3e500c70ad9fe4fc385a68359721d
D0,A_high_2,selective,D0_r07,7,m006_affinity_rank_group,0a19adabdd017fc722384804e89caf4ecf35837689486f63c24094087da5c2ba,affinity_rank_group,intermediate,8,0.0023960077813931,0.3176800486041587,1,8.201749131944446,19539743e3b0e99008fb6b3f97e9d531ee99943d0eea5b5514271b526ba7e86f
D0,A_high_2,selective,D0_r07,7,m007_balanced_random_group,848d2d075b0b38086c555c9d0d8524dccec4f14f30d66b4673f732303caf3b02,balanced_random_group,intermediate,16,0.005120137354932,0.3176800486041587,1,8.245928819444446,d082274049f3773a51befa36fd52bb00ca746863ed809a0a52816660a68554a6
D0,A_high_2,selective,D0_r07,7,m008_affinity_rank_group,d176c8d0ee881709b5af7061b49578d8041bef9dde73ceb9e47e4dd86f7ee987,affinity_rank_group,intermediate,16,0.0052573097381638,0.3176800486041587,1,8.244952256944444,a3bee8035310bc27008964f9661bb7f8d530b28f28325ad8ac47f542dab8a9ad
D0,A_high_2,selective,D0_r07,7,m009_balanced_random_group,8471d3b7d2a757d28b10f6d16b93b4054dd06f1fdee394c0a09cb0b6aab741ce,balanced_random_group,intermediate,32,0.0101355344398409,0.3176800486041587,1,8.312686631944445,c42aebd412f4e70ab5baea86eb89626a964577fe12106da43eab495a48fabf96
D0,A_high_2,selective,D0_r07,7,m010_affinity_rank_group,a08bb91ec0e66d0b3afe5332032fd3fb6769016bc04c2710b5e01a8e599df454,affinity_rank_group,intermediate,32,0.0101163070537358,0.3176800486041587,1,8.322643229166669,d9ef027039e617bf50cdd76d53d48310186a0941ba884aa4810384c2b7bf36a1
D0,A_high_2,selective,D0_r07,7,m011_balanced_random_group,4f9b5634a7d1bdacc1d585643a286967dc0947786f9e18f05c5d84fe662c78d7,balanced_random_group,intermediate,64,0.022039151861862,0.3176800486041587,1,8.443528645833332,5e2d6439a0fb09bd3d8d0f418ce3ff9aa3e97d222c2a605bce3c621cdb74b4cc
D0,A_high_2,selective,D0_r07,7,m012_affinity_rank_group,6ac4e014d135d7a7fbd4592fdf320f48570dc4bce5e1a5c2ca6054715b80f98a,affinity_rank_group,intermediate,64,0.020263780412172,0.3176800486041587,1,8.465564236111112,dab97c33e8e7ec6f0107fb0054cf844c6e444585306ef770b8a01a3244f03d49
D0,A_high_2,selective,D0_r07,7,m013_balanced_random_group,8c867de60c19d7bde11f4cc8d3068f7701c8f347c9f932320be77db3baf097e5,balanced_random_group,intermediate,128,0.046451420617185,0.3176800486041587,1,8.859739583333335,18d90949eccd7ad967972b3bc59eb4a8ba9643020c06362b7bc1524706661338
D0,A_high_2,selective,D0_r07,7,m014_affinity_rank_group,4c0d0a036a5c51abb14f88b143c35a9a2e7cecb590d4d0752b078fe3b59a18dd,affinity_rank_group,intermediate,128,0.0407348423660748,0.3176800486041587,1,8.823476562500002,d45a07d3384228782c907d7dd571d19457a3fd5fd06b101f2e327d1be144919c
D0,A_high_2,selective,D0_r07,7,m015_balanced_random_group,e0af73e8f613a1ebdf93671723d799f6c478b0888f37d40a4251e5bfa3441ce6,balanced_random_group,intermediate,256,0.0903984102006962,0.3176800486041587,1,9.3966796875,af791f8ce66cf5a05d81878e7104eea50cd428cab44f0694269d1167cb128c4d
D0,A_high_2,selective,D0_r07,7,m016_affinity_rank_group,cf78b05538711825e0795152b13c3d2c15b5cd16f89c1995f7b006d8bc57c6a2,affinity_rank_group,intermediate,256,0.0888333369717837,0.3176800486041587,1,9.472118055555551,70d657bc3a59d5c3714ce1418c450ee46c4bca689a372b123ebb0ca2246bfcbf
D0,A_high_2,selective,D0_r07,7,m017_balanced_random_group,624eb3be9bfd0f1a3005c27c92924e9e5a273a32f646217df21900a4492271ec,balanced_random_group,intermediate,512,0.1761920617936303,0.3176800486041587,1,10.530950520833334,e2d8d0989dbb3e49a1c7268ab4af38de6954aa1e4427eb6451e450729346a67e
D0,A_high_2,selective,D0_r07,7,m018_affinity_rank_group,24a6acb87a7364b0b1cbbe6fecc84df53e5243c78a06a6c6c4e7354b3e359435,affinity_rank_group,intermediate,512,0.180908746101447,0.3176800486041587,1,10.594726562500002,aab8acd51ed7d33f58186f2f7dde8fc68eb72e02bc24e3d00db685eb019b9a41
D0,A_high_2,selective,D0_r07,7,m019_contiguous_substring,16cfd655e57fba08a658c1d50e1fe5976b2f905eee09ec260833cfb2b49d6f38,contiguous_substring,intermediate,4,0.0009868587952723,0.3176800486041587,1,8.176666666666666,f71f5f75a17d3d500a2b6d5b77d93f039d80d552de758dbd06c71172b04af31b
D0,A_high_2,selective,D0_r07,7,m020_contiguous_substring,6fb076d21f3b26febc2e6a328628b3ea581ce0709de4263bbe675d61bdb74942,contiguous_substring,intermediate,4,0.0010444840145538,0.3176800486041587,1,8.199926215277777,0a080937a091825c59c521dc50525f0d148b73e88c7c5ba602182c75cd14294a
D0,A_high_2,selective,D0_r07,7,m021_contiguous_substring,3ac98b3bd2edbbfc3b4339ca0066047ccba8e1cfa0ce798acbd27bab5b87d8af,contiguous_substring,intermediate,4,0.0006944566879138,0.3176800486041587,1,8.189891493055555,e4ff50d6c446d9efbd889e272bc04f1aa68c699e663d99aa1ad29d18b45fe1e2
D0,A_high_2,selective,D0_r07,7,m022_contiguous_substring,fc015e86e4e7f2c734c05fb1135856a6186a7b6e6f3079acc6d6c6e4aa7442e4,contiguous_substring,intermediate,4,0.0007384417773571,0.3176800486041587,1,8.197973090277777,cb0cba8607f7011f62357b7260c8d3961981653dea62075841f017447f39121f
D0,A_high_2,selective,D0_r07,7,m023_contiguous_substring,6d8bb74bcdeefe62988bcebfe3cdb7110ea14648c3393721f4a4095032ddf61b,contiguous_substring,intermediate,4,0.0007005329343327,0.3176800486041587,1,8.176180555555554,f4d67168032678199328a4872b0921272a75a11aaa0d5d2ba2e424701f3fb01b
D0,A_high_2,selective,D0_r07,7,m024_contiguous_substring,94ab69bff5420fbcf4c18d7a247ef0e4b9577d1295271abf78a62f51c3b59a0f,contiguous_substring,intermediate,16,0.0044557901592341,0.3176800486041587,1,8.257365451388889,69aa8f62c91bf5a7b9e2f9cf920d289c28b074afcff496dae7a3c2f3eaeebc69
D0,A_high_2,selective,D0_r07,7,m025_contiguous_substring,ae330f3e6dd51f734f790820a896827f916e8d775c69ea1f205c55aa81507fe0,contiguous_substring,intermediate,16,0.0052560246800771,0.3176800486041587,1,8.206671006944445,c6eb29cc8fa66b831c97a886af868e0951a8b2bcbfc38dfedb4966af71453eb9
D0,A_high_2,selective,D0_r07,7,m026_contiguous_substring,5d3c5ea59a3a81c2ffdcfc7029fe0ab078b39be0217f1ee2611101845014273b,contiguous_substring,intermediate,16,0.0044780190347458,0.3176800486041587,1,8.257261284722224,e1667b21d02bf56c1193aa63f6f64e55a98a5c002a384c84672d4698ac30281f
D0,A_high_2,selective,D0_r07,7,m027_contiguous_substring,6edfbfdb62fbf79744d4ecfb6fe43de95b2133d87a10f24061ecc84297b1c267,contiguous_substring,intermediate,16,0.0040943593878548,0.3176800486041587,1,8.181566840277778,8d36230065fb31f39fddcbe7919a45504ac16069d6846721893ef2b421f743c7
D0,A_high_2,selective,D0_r07,7,m028_contiguous_substring,6f9a04216ce84ed3a2ef19a2010723c498d866f2bb5d6eda67ea1bd16782bfd8,contiguous_substring,intermediate,64,0.0200003997636305,0.3176800486041587,1,8.499700520833333,c19f0b48719d83de1ccf043360468a3aef9b83e9181ef3e975a41f55ac800f17
D0,A_high_2,selective,D0_r07,7,m029_contiguous_substring,8d4ddfbfac0226f6a695d6b22ee21fbf533251852e95baca71b09f7710bfb22c,contiguous_substring,intermediate,64,0.020532375185198,0.3176800486041587,1,8.462591145833334,83e42787d69729901e558ba5c7fa9c54fb60fad4bf1a91aa3f661f6f98e214fe
D0,A_high_2,selective,D0_r07,7,m030_contiguous_substring,6ff19e1927dcafbb441ab0b4a0a61b92d1295d402f3277307a3f5b9d7850b98a,contiguous_substring,intermediate,64,0.0195522793821388,0.3176800486041587,1,8.368415798611114,cc47c9b8511a0bf24a269cde47fccd696b6dee9a4c439ec532778b7394c8cef9
D0,A_high_2,selective,D0_r07,7,m031_contiguous_substring,c824c782df91faee7515c9d811fab43ed5426465074d2e812a5277507d28ae96,contiguous_substring,intermediate,256,0.0893086764876484,0.3176800486041587,1,9.427717013888888,8d4e2871fa97c17021154115462a8aec2e8e72572e26c21d38aa5c8b598e6174
D0,A_high_2,selective,D0_r07,7,m032_contiguous_substring,ef835eb9c371f618c6958654a7d25a1df1d12c09a53ecf66f9209fb882a8542d,contiguous_substring,intermediate,256,0.0887890141980539,0.3176800486041587,1,9.358046875,ca5b4c7db47daf3379e1eaa25ed70ec5928b78e961ad9a21a584d80bff04c9e3
D0,A_high_2,selective,D0_r07,7,m033_identity,2f88e9ce00d238e7e011a7b140b413dcad818f1da41a721f914f1af604d0e217,identity,identity,1024,0.3176800486041587,0.3176800486041587,1,12.680134548611113,d8d6dc3a32b5f5250c9d554dd400f8b16eb458191eaac60b731c88bb8f67707f
D1,B2_reward3,selective,D1_r00,0,actual,actual,unintervened,actual,1024,0.3079143830573394,0.3079143830573394,0,59.33740234375,d6d28eb99dfcb48551c51926362093ce585a93449708953cf89cd8b045dc46c7
D1,B2_reward3,selective,D1_r00,0,m000_constant,9f1dcbc35c350d6027f98be0f5c8b43b42ca52b7604459c0c42be3aa88913d47,constant,constant,1,8.008566259537292e-17,0.3079143830573394,0,40.35927734375001,7a3e99e7649be8720fa03e360126c751da11fd673e80a2d5114ffa3523516535
D1,B2_reward3,selective,D1_r00,0,m001_balanced_random_group,92b504e9a4f322032a2ebce33411098a41a2a69d6887c968769f3a9a2ea21c06,balanced_random_group,intermediate,2,0.0230236146846799,0.3079143830573394,0,40.3671875,60f6e920a850136b2d5e6ae8f4fd33a88b8c5c8223577ba517e271994945f65f
D1,B2_reward3,selective,D1_r00,0,m002_affinity_rank_group,3f53151fb2f814971fd6c0128c5c0b7afe1b5cb5257e46a1db18b8ebc9946d94,affinity_rank_group,intermediate,2,0.0166681904941947,0.3079143830573394,0,40.33001302083333,6baaa2a0b98bf321e0f6ca10c29fb5bcbace0e868d5c2369b3cf6a2213c92422
D1,B2_reward3,selective,D1_r00,0,m003_balanced_random_group,9dfc99282a2611725eedb2b565b32cd10fc18a0134da7cdb73782304b3289c63,balanced_random_group,intermediate,4,0.0703479537103074,0.3079143830573394,0,40.25901692708333,d590f0c6b64cc0e6ba15d2d27d5a814eff7fe0f21465c3850acabb00b363f510
D1,B2_reward3,selective,D1_r00,0,m004_affinity_rank_group,92e56b0f11cdce879476507882d715f1eecc12de134fc3982530e28ffd4eba29,affinity_rank_group,intermediate,4,0.0521503491866845,0.3079143830573394,0,40.476888020833336,8f1285c59bdfeec86d7ab0cc60979adf994cc0a259db2ecd6ab7fbd8b7a9c487
D1,B2_reward3,selective,D1_r00,0,m005_balanced_random_group,e2b3ca6094b3924ebad53b485b64e15442e181cf7c3b24782a1ecc43aada1d67,balanced_random_group,intermediate,8,0.0884081283923229,0.3079143830573394,0,40.319433593750006,c6b4be512445a76923956b99b7a9e487b28314d576fa478581ddb884c79c7271
D1,B2_reward3,selective,D1_r00,0,m006_affinity_rank_group,0a19adabdd017fc722384804e89caf4ecf35837689486f63c24094087da5c2ba,affinity_rank_group,intermediate,8,0.108718296976073,0.3079143830573394,0,40.52604166666667,f52ed1bbf3aa0ddaaacd6ac5115ed42b97a1a1ab7ab6a8162d5e1bab578d65a9
D1,B2_reward3,selective,D1_r00,0,m007_balanced_random_group,1e9c498addbf3c84d0e7fa0b4a7ed1547a79d3addeb621aee136d71ed6115385,balanced_random_group,intermediate,16,0.186112397907161,0.3079143830573394,0,40.05166015625,ed8dc0cecd55514abc3f89a86f57cd82875bde7d0ba35c932fa2938f7fe222a3
D1,B2_reward3,selective,D1_r00,0,m008_affinity_rank_group,d176c8d0ee881709b5af7061b49578d8041bef9dde73ceb9e47e4dd86f7ee987,affinity_rank_group,intermediate,16,0.1624742786470028,0.3079143830573394,0,40.74736328125,5694127d1ede0e5f3d67d30728f9949420f4063da9504747380f9095cec96c70
D1,B2_reward3,selective,D1_r00,0,m009_balanced_random_group,0aed763827cb82fb93b7e68b65380843df3d67d84b6ded1b427ad8b179551498,balanced_random_group,intermediate,32,0.2203312768729461,0.3079143830573394,0,41.35953776041666,1df7b986f8ba6c4d106272c061596fcf9f0a7d33d6524cf52def0a8aa1117115
D1,B2_reward3,selective,D1_r00,0,m010_affinity_rank_group,a08bb91ec0e66d0b3afe5332032fd3fb6769016bc04c2710b5e01a8e599df454,affinity_rank_group,intermediate,32,0.2117120924341329,0.3079143830573394,0,40.8962890625,68b23b12af75692d95e1a05067de1dc2cf4cac405f28bf4a615533cadfbbc97e
D1,B2_reward3,selective,D1_r00,0,m011_balanced_random_group,b63ae2e9169c6a1fbead64d1209982c801759cce33d761d4009afed76a67a448,balanced_random_group,intermediate,64,0.2479783619684826,0.3079143830573394,0,42.03313802083333,98f031bf1934060b46112504a2e573133cb4f31410d186c0a128a08d1911639c
D1,B2_reward3,selective,D1_r00,0,m012_affinity_rank_group,6ac4e014d135d7a7fbd4592fdf320f48570dc4bce5e1a5c2ca6054715b80f98a,affinity_rank_group,intermediate,64,0.2412557660741725,0.3079143830573394,0,41.43642578125,d95f95df01351b9a86119bf047ae82b19c71fd43514d16788d7a1c70d7dbdafa
D1,B2_reward3,selective,D1_r00,0,m013_balanced_random_group,8592d3fec701388f78dc4afe98264f46de098d11b571e0fc626bdf4ef128244a,balanced_random_group,intermediate,128,0.2700709355188669,0.3079143830573394,0,44.10846354166667,1129d834b72cd9cf0bdb4e872ff6580f0421cc8ca31970951b4bbfd2f695265d
D1,B2_reward3,selective,D1_r00,0,m014_affinity_rank_group,4c0d0a036a5c51abb14f88b143c35a9a2e7cecb590d4d0752b078fe3b59a18dd,affinity_rank_group,intermediate,128,0.2906523661291569,0.3079143830573394,0,42.817220052083336,2d90ca968e60c6cff034ec65efd75b8e4645a3c6d9fb28367c79cab383aa9449
D1,B2_reward3,selective,D1_r00,0,m015_balanced_random_group,3f2241b0ff61b39e1ebdcccbaf77cc695344be10cc4c5c5e44bbc8cf4b9ee9e5,balanced_random_group,intermediate,256,0.2983399988866686,0.3079143830573394,0,48.38391927083333,ee30b48a7f6b54ef32745f043eb2e2c185388ea300ce6fa9931207e2d2e3c8da
D1,B2_reward3,selective,D1_r00,0,m016_affinity_rank_group,cf78b05538711825e0795152b13c3d2c15b5cd16f89c1995f7b006d8bc57c6a2,affinity_rank_group,intermediate,256,0.2976719340949898,0.3079143830573394,0,45.40670572916666,0c649c3b7c6f15e10b05e426469aab64abc06675774c99a679be3455c79852ae
D1,B2_reward3,selective,D1_r00,0,m017_balanced_random_group,01c67fe0522330b039a343ca58f3517bce2156836302293eba1b0d27d77e2522,balanced_random_group,intermediate,512,0.3060556509496906,0.3079143830573394,0,48.60419921875,fc7256348950d65ae2259f4aef44061266eb1b547a61e77d63cc513c1e6df9de
D1,B2_reward3,selective,D1_r00,0,m018_affinity_rank_group,24a6acb87a7364b0b1cbbe6fecc84df53e5243c78a06a6c6c4e7354b3e359435,affinity_rank_group,intermediate,512,0.3004932560760259,0.3079143830573394,0,51.23776041666666,2301e6c76207b38513249aa3e643f1f305a2f6d3825ac82c913248c492ccb3b0
D1,B2_reward3,selective,D1_r00,0,m019_contiguous_substring,16cfd655e57fba08a658c1d50e1fe5976b2f905eee09ec260833cfb2b49d6f38,contiguous_substring,intermediate,4,0.0647994111726892,0.3079143830573394,0,40.81520182291666,937f6e44b2f2c0e63331b2bcd61aafad56e049aa3b7153f19e3d140d7bd25733
D1,B2_reward3,selective,D1_r00,0,m020_contiguous_substring,6fb076d21f3b26febc2e6a328628b3ea581ce0709de4263bbe675d61bdb74942,contiguous_substring,intermediate,4,0.0641185803283781,0.3079143830573394,0,40.47154947916667,b9bc69290875f0e81bff043d2e23c4cc30eb3dc5b4623a1428f405355dcfce9e
D1,B2_reward3,selective,D1_r00,0,m021_contiguous_substring,3ac98b3bd2edbbfc3b4339ca0066047ccba8e1cfa0ce798acbd27bab5b87d8af,contiguous_substring,intermediate,4,0.0379379020278662,0.3079143830573394,0,40.4138671875,bd2e19dc66b0df141b02bde7731d7c05006ca8d5548532ff0f2ae12c2f790028
D1,B2_reward3,selective,D1_r00,0,m022_contiguous_substring,fc015e86e4e7f2c734c05fb1135856a6186a7b6e6f3079acc6d6c6e4aa7442e4,contiguous_substring,intermediate,4,0.056012158969508,0.3079143830573394,0,40.23076171875,e46150970b53ce3845e4c52562493ff4c77443f9986e35cd4293f38d8130b5ed
D1,B2_reward3,selective,D1_r00,0,m023_contiguous_substring,6d8bb74bcdeefe62988bcebfe3cdb7110ea14648c3393721f4a4095032ddf61b,contiguous_substring,intermediate,4,0.0540843156188666,0.3079143830573394,0,40.2431640625,dd3e72227ce5d9ce012c67ddf8a80eab482ea117805fa674e20f16699915b2db
D1,B2_reward3,selective,D1_r00,0,m024_contiguous_substring,94ab69bff5420fbcf4c18d7a247ef0e4b9577d1295271abf78a62f51c3b59a0f,contiguous_substring,intermediate,16,0.2005906254500806,0.3079143830573394,0,40.941471354166666,fbf514812b61a3d227be03dd8f5d8d8e91a9c19df6a169029a1a8346d137b8e6
D1,B2_reward3,selective,D1_r00,0,m025_contiguous_substring,ae330f3e6dd51f734f790820a896827f916e8d775c69ea1f205c55aa81507fe0,contiguous_substring,intermediate,16,0.1727755448383944,0.3079143830573394,0,40.99173177083333,0759724575cf12bef2b0bbe79702c46d1d79018a9d199ad4046f52f55bdf91f3
D1,B2_reward3,selective,D1_r00,0,m026_contiguous_substring,5d3c5ea59a3a81c2ffdcfc7029fe0ab078b39be0217f1ee2611101845014273b,contiguous_substring,intermediate,16,0.1538137247348553,0.3079143830573394,0,40.14694010416667,68042aad2b1ba192aea9bc9cac8aecdb28dba07e216a4ebe21f0166d28b0121b
D1,B2_reward3,selective,D1_r00,0,m027_contiguous_substring,6edfbfdb62fbf79744d4ecfb6fe43de95b2133d87a10f24061ecc84297b1c267,contiguous_substring,intermediate,16,0.1565485665183856,0.3079143830573394,0,39.66578776041666,9b25cb01a623f4e385a669f885c8ebe85de1442910e24933535655b3738ce10f
D1,B2_reward3,selective,D1_r00,0,m028_contiguous_substring,6f9a04216ce84ed3a2ef19a2010723c498d866f2bb5d6eda67ea1bd16782bfd8,contiguous_substring,intermediate,64,0.2455498768781669,0.3079143830573394,0,42.55361328125,bfe3a9dfb7ab6fa9ae5eb626254cdd31e5e446bc2097d424699f33949efbbf87
D1,B2_reward3,selective,D1_r00,0,m029_contiguous_substring,8d4ddfbfac0226f6a695d6b22ee21fbf533251852e95baca71b09f7710bfb22c,contiguous_substring,intermediate,64,0.2473724658271959,0.3079143830573394,0,41.48092447916666,1de5679d713f4661e3691cbe02e922e28efb590f1d8b38524a37f4067eb8c774
D1,B2_reward3,selective,D1_r00,0,m030_contiguous_substring,6ff19e1927dcafbb441ab0b4a0a61b92d1295d402f3277307a3f5b9d7850b98a,contiguous_substring,intermediate,64,0.2359288775691147,0.3079143830573394,0,40.03948567708334,0eefdafd873cc4415a08510ac9bb85550ae52be7dffe38377b7399c0c79e9990
D1,B2_reward3,selective,D1_r00,0,m031_contiguous_substring,c824c782df91faee7515c9d811fab43ed5426465074d2e812a5277507d28ae96,contiguous_substring,intermediate,256,0.28090197919276,0.3079143830573394,0,43.980305989583336,86c73f3a72e95cc4178a0d4dba9d7295e8e42c123740dac82ee6439e5d83f0b5
D1,B2_reward3,selective,D1_r00,0,m032_contiguous_substring,ef835eb9c371f618c6958654a7d25a1df1d12c09a53ecf66f9209fb882a8542d,contiguous_substring,intermediate,256,0.28447423495067,0.3079143830573394,0,43.279394531250006,b66958afbad144335ca07a8b7be94e4b4631bedfefb411171dcfe1734630a7e6
D1,B2_reward3,selective,D1_r00,0,m033_identity,2f88e9ce00d238e7e011a7b140b413dcad818f1da41a721f914f1af604d0e217,identity,identity,1024,0.3079143830573394,0.3079143830573394,0,59.33740234375,d6d28eb99dfcb48551c51926362093ce585a93449708953cf89cd8b045dc46c7
D1,B2_reward3,selective,D1_r00,0,actual,actual,unintervened,actual,1024,0.3079143830573394,0.3079143830573394,1,59.5517578125,c478682c3a19165d09548bf22600662cdcc2322868d940bd04e9c03c3b10e022
D1,B2_reward3,selective,D1_r00,0,m000_constant,9f1dcbc35c350d6027f98be0f5c8b43b42ca52b7604459c0c42be3aa88913d47,constant,constant,1,8.008566259537292e-17,0.3079143830573394,1,40.1033203125,1747ad0f448cedca0a61cc153badab9ba88ef1c1ea9c9aa65f98ad98d0bc9b5c
D1,B2_reward3,selective,D1_r00,0,m001_balanced_random_group,92b504e9a4f322032a2ebce33411098a41a2a69d6887c968769f3a9a2ea21c06,balanced_random_group,intermediate,2,0.0230236146846799,0.3079143830573394,1,40.14622395833334,b76c493618bcd2a8aa203fff30fca59c69f14bae23b302e9cae6acb751a264cc
D1,B2_reward3,selective,D1_r00,0,m002_affinity_rank_group,3f53151fb2f814971fd6c0128c5c0b7afe1b5cb5257e46a1db18b8ebc9946d94,affinity_rank_group,intermediate,2,0.0166681904941947,0.3079143830573394,1,40.03740234375,e90fdef464356bbd1f0e542d54947d55322ebfe7241890aaba85cff3dbf92e96
D1,B2_reward3,selective,D1_r00,0,m003_balanced_random_group,9dfc99282a2611725eedb2b565b32cd10fc18a0134da7cdb73782304b3289c63,balanced_random_group,intermediate,4,0.0703479537103074,0.3079143830573394,1,40.03518880208333,fb11d8081828dc6e1944da1832d65d527392cc9d8c2dadbb13b288f78a191c75
D1,B2_reward3,selective,D1_r00,0,m004_affinity_rank_group,92e56b0f11cdce879476507882d715f1eecc12de134fc3982530e28ffd4eba29,affinity_rank_group,intermediate,4,0.0521503491866845,0.3079143830573394,1,40.28115234375,5c55f7a6e57411529ffc7370ef45cbbd4af3b2bb7059b20aa76a0be58e45eac3
D1,B2_reward3,selective,D1_r00,0,m005_balanced_random_group,e2b3ca6094b3924ebad53b485b64e15442e181cf7c3b24782a1ecc43aada1d67,balanced_random_group,intermediate,8,0.0884081283923229,0.3079143830573394,1,40.22161458333334,025f1e29dfd8f344ab18af5132744db7b571a003c96f90135b9eaf3f5c2b7856
D1,B2_reward3,selective,D1_r00,0,m006_affinity_rank_group,0a19adabdd017fc722384804e89caf4ecf35837689486f63c24094087da5c2ba,affinity_rank_group,intermediate,8,0.108718296976073,0.3079143830573394,1,40.29700520833333,3694164dfb093a982eeba7f030deb76e8232b887d2dcfe91f441607616b05842
D1,B2_reward3,selective,D1_r00,0,m007_balanced_random_group,1e9c498addbf3c84d0e7fa0b4a7ed1547a79d3addeb621aee136d71ed6115385,balanced_random_group,intermediate,16,0.186112397907161,0.3079143830573394,1,39.67916666666667,a22608f613f03203665363d9094d8655deea1f809cd9fcc70e5870e00942a69c
D1,B2_reward3,selective,D1_r00,0,m008_affinity_rank_group,d176c8d0ee881709b5af7061b49578d8041bef9dde73ceb9e47e4dd86f7ee987,affinity_rank_group,intermediate,16,0.1624742786470028,0.3079143830573394,1,40.4037109375,e798fd472f6547cd300e65b9dc8c3a842ddaa37c06e139265084260950dd793c
D1,B2_reward3,selective,D1_r00,0,m009_balanced_random_group,0aed763827cb82fb93b7e68b65380843df3d67d84b6ded1b427ad8b179551498,balanced_random_group,intermediate,32,0.2203312768729461,0.3079143830573394,1,41.2197265625,ae76aff7fceddd44553bab0d2ee25242bc2810d513bc6a736a9af6db1964da75
D1,B2_reward3,selective,D1_r00,0,m010_affinity_rank_group,a08bb91ec0e66d0b3afe5332032fd3fb6769016bc04c2710b5e01a8e599df454,affinity_rank_group,intermediate,32,0.2117120924341329,0.3079143830573394,1,40.43876953125,88c1e4d3ce61ce22cf4297b5da41bd47a5f85c86f0144c0222953cb95673d5d0
D1,B2_reward3,selective,D1_r00,0,m011_balanced_random_group,b63ae2e9169c6a1fbead64d1209982c801759cce33d761d4009afed76a67a448,balanced_random_group,intermediate,64,0.2479783619684826,0.3079143830573394,1,42.02229817708333,f2a3715d09d8f75b7b80b960663f92eb309c31277ecf25512f23326a9151e3f7
D1,B2_reward3,selective,D1_r00,0,m012_affinity_rank_group,6ac4e014d135d7a7fbd4592fdf320f48570dc4bce5e1a5c2ca6054715b80f98a,affinity_rank_group,intermediate,64,0.2412557660741725,0.3079143830573394,1,41.1595703125,f602173a4dbeeab12ce5d24dfba752149f70d27766ddc5927adf3a844db7dafd
D1,B2_reward3,selective,D1_r00,0,m013_balanced_random_group,8592d3fec701388f78dc4afe98264f46de098d11b571e0fc626bdf4ef128244a,balanced_random_group,intermediate,128,0.2700709355188669,0.3079143830573394,1,43.77268880208334,19717ece1fd651f7ef76c0a4ef0447c5ba8f831ab72ea103194d1c7d9d93b6a7
D1,B2_reward3,selective,D1_r00,0,m014_affinity_rank_group,4c0d0a036a5c51abb14f88b143c35a9a2e7cecb590d4d0752b078fe3b59a18dd,affinity_rank_group,intermediate,128,0.2906523661291569,0.3079143830573394,1,42.72864583333333,02974eeb7bb2efead6e60687679be4578c4ff908ba5584d69d684c75d898a9d1
D1,B2_reward3,selective,D1_r00,0,m015_balanced_random_group,3f2241b0ff61b39e1ebdcccbaf77cc695344be10cc4c5c5e44bbc8cf4b9ee9e5,balanced_random_group,intermediate,256,0.2983399988866686,0.3079143830573394,1,48.203125,8e89e4c48a88383353fee3b051b2240186f9a195f9fc14ab11d3f9011c2c7fed
D1,B2_reward3,selective,D1_r00,0,m016_affinity_rank_group,cf78b05538711825e0795152b13c3d2c15b5cd16f89c1995f7b006d8bc57c6a2,affinity_rank_group,intermediate,256,0.2976719340949898,0.3079143830573394,1,45.30833333333334,100a85f4da676d67a78786164cad7aae0c0fff8540d224b3bce2e09bf5b7b219
D1,B2_reward3,selective,D1_r00,0,m017_balanced_random_group,01c67fe0522330b039a343ca58f3517bce2156836302293eba1b0d27d77e2522,balanced_random_group,intermediate,512,0.3060556509496906,0.3079143830573394,1,48.50016276041667,b82f7710ee94c10a9d5bd0997256a444c86b794da636b4ada0f10ddee0049d7d
D1,B2_reward3,selective,D1_r00,0,m018_affinity_rank_group,24a6acb87a7364b0b1cbbe6fecc84df53e5243c78a06a6c6c4e7354b3e359435,affinity_rank_group,intermediate,512,0.3004932560760259,0.3079143830573394,1,51.49280598958333,d2f5a6489ee1686e45b58fd3a94060646c39194434250e6adf51832d687f2219
D1,B2_reward3,selective,D1_r00,0,m019_contiguous_substring,16cfd655e57fba08a658c1d50e1fe5976b2f905eee09ec260833cfb2b49d6f38,contiguous_substring,intermediate,4,0.0647994111726892,0.3079143830573394,1,40.70042317708332,e9651d018a7761550e3906fe97d44f8e11407d64a61c835ba15199df34808e32
D1,B2_reward3,selective,D1_r00,0,m020_contiguous_substring,6fb076d21f3b26febc2e6a328628b3ea581ce0709de4263bbe675d61bdb74942,contiguous_substring,intermediate,4,0.0641185803283781,0.3079143830573394,1,40.20865885416666,c0a93a6ad0a70c6fa55a473f387e7de4ec2a6c7ca594f2e6494cf3f8710cea7b
D1,B2_reward3,selective,D1_r00,0,m021_contiguous_substring,3ac98b3bd2edbbfc3b4339ca0066047ccba8e1cfa0ce798acbd27bab5b87d8af,contiguous_substring,intermediate,4,0.0379379020278662,0.3079143830573394,1,40.17327473958334,fe7b0428adf9b6095c5a040728fe2d5a3903ec0fe219abcbc39c29ec120d3342
D1,B2_reward3,selective,D1_r00,0,m022_contiguous_substring,fc015e86e4e7f2c734c05fb1135856a6186a7b6e6f3079acc6d6c6e4aa7442e4,contiguous_substring,intermediate,4,0.056012158969508,0.3079143830573394,1,40.05664062499999,cdc1068f09388e467c13bdd1482c4c64545ac08b9e01c931c53409f4d6a47f1e
D1,B2_reward3,selective,D1_r00,0,m023_contiguous_substring,6d8bb74bcdeefe62988bcebfe3cdb7110ea14648c3393721f4a4095032ddf61b,contiguous_substring,intermediate,4,0.0540843156188666,0.3079143830573394,1,39.92604166666666,dcc1053c39d61ecd6dab4952e6d8bfe6e91a0f4ba3af73a6c8e1d428a5065fea
D1,B2_reward3,selective,D1_r00,0,m024_contiguous_substring,94ab69bff5420fbcf4c18d7a247ef0e4b9577d1295271abf78a62f51c3b59a0f,contiguous_substring,intermediate,16,0.2005906254500806,0.3079143830573394,1,40.62086588541667,9f5d07c5c3340d413640fde80ab2dbf7d4f14c6814f8b9bd34bd1b4e09410bb6
D1,B2_reward3,selective,D1_r00,0,m025_contiguous_substring,ae330f3e6dd51f734f790820a896827f916e8d775c69ea1f205c55aa81507fe0,contiguous_substring,intermediate,16,0.1727755448383944,0.3079143830573394,1,40.814290364583336,b6a7f9c3f3c5910c33700dba3adb32747c458ddc578fa606b7479800d7615b1c
D1,B2_reward3,selective,D1_r00,0,m026_contiguous_substring,5d3c5ea59a3a81c2ffdcfc7029fe0ab078b39be0217f1ee2611101845014273b,contiguous_substring,intermediate,16,0.1538137247348553,0.3079143830573394,1,39.96331380208333,b2cbe4c19e7ecfca6c2d38235ce521b5e95089ebc13ef5d84cafefdedbfc4d22
D1,B2_reward3,selective,D1_r00,0,m027_contiguous_substring,6edfbfdb62fbf79744d4ecfb6fe43de95b2133d87a10f24061ecc84297b1c267,contiguous_substring,intermediate,16,0.1565485665183856,0.3079143830573394,1,39.301334635416666,9f9aace429d448f2e26dc8a01d26a73f8f3e5f25d8d93010e693f43727aaac10
D1,B2_reward3,selective,D1_r00,0,m028_contiguous_substring,6f9a04216ce84ed3a2ef19a2010723c498d866f2bb5d6eda67ea1bd16782bfd8,contiguous_substring,intermediate,64,0.2455498768781669,0.3079143830573394,1,41.944368489583326,a6cc856ae8f710040b3b2a43067c80c1a52d928dab34f82e3d0a3f21007d76e4
D1,B2_reward3,selective,D1_r00,0,m029_contiguous_substring,8d4ddfbfac0226f6a695d6b22ee21fbf533251852e95baca71b09f7710bfb22c,contiguous_substring,intermediate,64,0.2473724658271959,0.3079143830573394,1,41.58723958333333,e0aec32f2173f23dfcca1214a525df416d6e58e470248441581d0aebc9a71a9e
D1,B2_reward3,selective,D1_r00,0,m030_contiguous_substring,6ff19e1927dcafbb441ab0b4a0a61b92d1295d402f3277307a3f5b9d7850b98a,contiguous_substring,intermediate,64,0.2359288775691147,0.3079143830573394,1,39.79430338541667,41b35a6c93151371fa427bb62005371cde62bdf79fcbf6edc028b0ed996b3b8d
D1,B2_reward3,selective,D1_r00,0,m031_contiguous_substring,c824c782df91faee7515c9d811fab43ed5426465074d2e812a5277507d28ae96,contiguous_substring,intermediate,256,0.28090197919276,0.3079143830573394,1,44.05364583333333,382cd52c0862f2925ab2bf3ad2c03c9fd5d2c31df02ee116421090265e97f104
D1,B2_reward3,selective,D1_r00,0,m032_contiguous_substring,ef835eb9c371f618c6958654a7d25a1df1d12c09a53ecf66f9209fb882a8542d,contiguous_substring,intermediate,256,0.28447423495067,0.3079143830573394,1,43.28938802083333,2542b8030bc81640bd3a9748be8953f2fcea12b15f7210214e585cc7c7c79206
D1,B2_reward3,selective,D1_r00,0,m033_identity,2f88e9ce00d238e7e011a7b140b413dcad818f1da41a721f914f1af604d0e217,identity,identity,1024,0.3079143830573394,0.3079143830573394,1,59.5517578125,c478682c3a19165d09548bf22600662cdcc2322868d940bd04e9c03c3b10e022
D1,B2_reward3,selective,D1_r01,1,actual,actual,unintervened,actual,1024,0.2718975802975821,0.2718975802975821,0,58.36145833333333,788b0c7d9377d117b9d036074c1327fc60be09751f638798e9843724341b8c78
D1,B2_reward3,selective,D1_r01,1,m000_constant,9f1dcbc35c350d6027f98be0f5c8b43b42ca52b7604459c0c42be3aa88913d47,constant,constant,1,0.0,0.2718975802975821,0,40.22985026041667,dcf17965da949a99886d8af1bab1f54089d0d10d6475a6efa35e44e844e16758
D1,B2_reward3,selective,D1_r01,1,m001_balanced_random_group,92b504e9a4f322032a2ebce33411098a41a2a69d6887c968769f3a9a2ea21c06,balanced_random_group,intermediate,2,0.0116223339328565,0.2718975802975821,0,40.20494791666666,bd5833271f60a060a5f0e4b6ba8a63ec132b98b81a028bd016de61944f9b1192
D1,B2_reward3,selective,D1_r01,1,m002_affinity_rank_group,3f53151fb2f814971fd6c0128c5c0b7afe1b5cb5257e46a1db18b8ebc9946d94,affinity_rank_group,intermediate,2,0.0082176947756405,0.2718975802975821,0,40.23450520833333,1f10df46ba8b7dbb87f7a870beb85ec88c00ac2bb8c5dc0731e2e92c2830dbaa
D1,B2_reward3,selective,D1_r01,1,m003_balanced_random_group,9dfc99282a2611725eedb2b565b32cd10fc18a0134da7cdb73782304b3289c63,balanced_random_group,intermediate,4,0.0259144220075237,0.2718975802975821,0,40.2986328125,04900452947975e322e7e64dde586dfbaac9b130852fed84c8dc125341bed77e
D1,B2_reward3,selective,D1_r01,1,m004_affinity_rank_group,92e56b0f11cdce879476507882d715f1eecc12de134fc3982530e28ffd4eba29,affinity_rank_group,intermediate,4,0.021922192119894,0.2718975802975821,0,39.94189453124999,2ea64d8314f269eec48cdeb6ea9d968931d325dd3054d0e06ced8d84461366b7
D1,B2_reward3,selective,D1_r01,1,m005_balanced_random_group,e2b3ca6094b3924ebad53b485b64e15442e181cf7c3b24782a1ecc43aada1d67,balanced_random_group,intermediate,8,0.0816709879519384,0.2718975802975821,0,40.7521484375,37280ef87f688583339c6558e01a191ef742a4deeefd99c87c0afdc044bb5fe4
D1,B2_reward3,selective,D1_r01,1,m006_affinity_rank_group,0a19adabdd017fc722384804e89caf4ecf35837689486f63c24094087da5c2ba,affinity_rank_group,intermediate,8,0.0542111175154736,0.2718975802975821,0,39.834537760416666,ce39e1a3baae2a76e4ed481ac95f522d78d81587251160186d5db1daaa4fd709
D1,B2_reward3,selective,D1_r01,1,m007_balanced_random_group,1e9c498addbf3c84d0e7fa0b4a7ed1547a79d3addeb621aee136d71ed6115385,balanced_random_group,intermediate,16,0.1299591421422639,0.2718975802975821,0,40.14313151041667,96135fe6bdf5bcb8ae88f772e4dbf41f8a4825b1d0d35b6db3f71a017da49a74
D1,B2_reward3,selective,D1_r01,1,m008_affinity_rank_group,d176c8d0ee881709b5af7061b49578d8041bef9dde73ceb9e47e4dd86f7ee987,affinity_rank_group,intermediate,16,0.116593538844064,0.2718975802975821,0,39.90029296875,1f1a419d4e202ad1ed81a508d581e4e6fa9ea4f9698bc3ac683e78af630be998
D1,B2_reward3,selective,D1_r01,1,m009_balanced_random_group,0aed763827cb82fb93b7e68b65380843df3d67d84b6ded1b427ad8b179551498,balanced_random_group,intermediate,32,0.1640286438375764,0.2718975802975821,0,41.16529947916666,ce69e2a394972842666f40ae4d2e60bc17efa20c0f518f6e36169ce40b29540b
D1,B2_reward3,selective,D1_r01,1,m010_affinity_rank_group,a08bb91ec0e66d0b3afe5332032fd3fb6769016bc04c2710b5e01a8e599df454,affinity_rank_group,intermediate,32,0.1740306403963273,0.2718975802975821,0,40.91848958333333,1fdd0c0630f64a1e0a1eaa3ddb6f0a9d59811b7668cd9c1e186817a0115eef7b
D1,B2_reward3,selective,D1_r01,1,m011_balanced_random_group,b63ae2e9169c6a1fbead64d1209982c801759cce33d761d4009afed76a67a448,balanced_random_group,intermediate,64,0.2245332366734223,0.2718975802975821,0,40.992252604166666,a872adfdfb4caf0c58bb061efc013e7c9c16aa20f0884c17cd7bcd2d8932093d
D1,B2_reward3,selective,D1_r01,1,m012_affinity_rank_group,6ac4e014d135d7a7fbd4592fdf320f48570dc4bce5e1a5c2ca6054715b80f98a,affinity_rank_group,intermediate,64,0.2155528740234713,0.2718975802975821,0,41.66285807291668,0061a2ad2b15b0c55dcedee4b7decb5a8022a52313e86f3553f95e0efd160ed9
D1,B2_reward3,selective,D1_r01,1,m013_balanced_random_group,8592d3fec701388f78dc4afe98264f46de098d11b571e0fc626bdf4ef128244a,balanced_random_group,intermediate,128,0.2301705651500399,0.2718975802975821,0,41.90722656249999,67d5e786634a3df648b9f5d41a2b40821b6bbe3b175c293000542ca5e729c5f6
D1,B2_reward3,selective,D1_r01,1,m014_affinity_rank_group,4c0d0a036a5c51abb14f88b143c35a9a2e7cecb590d4d0752b078fe3b59a18dd,affinity_rank_group,intermediate,128,0.2464329834662784,0.2718975802975821,0,42.046451822916666,c2dd9feaa68be906d499d93bc23f9abf97a68c39e002b28a9a279ce6195550f4
D1,B2_reward3,selective,D1_r01,1,m015_balanced_random_group,3f2241b0ff61b39e1ebdcccbaf77cc695344be10cc4c5c5e44bbc8cf4b9ee9e5,balanced_random_group,intermediate,256,0.2620943357473461,0.2718975802975821,0,43.80602213541667,6543c32b1c951392d97857a8e75fb3be093d30af0b2a7176cdae8390a496ebbd
D1,B2_reward3,selective,D1_r01,1,m016_affinity_rank_group,cf78b05538711825e0795152b13c3d2c15b5cd16f89c1995f7b006d8bc57c6a2,affinity_rank_group,intermediate,256,0.2616670819054862,0.2718975802975821,0,46.83815104166667,af55be88896f14a8f35d8f0c7cb83a969e1c6e6edcb30e7cc73ed3d4eb3e9219
D1,B2_reward3,selective,D1_r01,1,m017_balanced_random_group,01c67fe0522330b039a343ca58f3517bce2156836302293eba1b0d27d77e2522,balanced_random_group,intermediate,512,0.2691634799616336,0.2718975802975821,0,49.72923177083334,62cdcdb2426648e6db41ec899fe3640ce643249e62b59dffa7a6ebaab0a25d43
D1,B2_reward3,selective,D1_r01,1,m018_affinity_rank_group,24a6acb87a7364b0b1cbbe6fecc84df53e5243c78a06a6c6c4e7354b3e359435,affinity_rank_group,intermediate,512,0.2699344342539593,0.2718975802975821,0,51.65071614583333,e51693249ce195000707b052c550249760f2c2b45329386788551ef060754a63
D1,B2_reward3,selective,D1_r01,1,m019_contiguous_substring,16cfd655e57fba08a658c1d50e1fe5976b2f905eee09ec260833cfb2b49d6f38,contiguous_substring,intermediate,4,0.0396584749804361,0.2718975802975821,0,40.49228515625,04f220bc6207a9f0f3b04b05dbc283db1364826126493f8581ca008dce2cd855
D1,B2_reward3,selective,D1_r01,1,m020_contiguous_substring,6fb076d21f3b26febc2e6a328628b3ea581ce0709de4263bbe675d61bdb74942,contiguous_substring,intermediate,4,0.0220778280123544,0.2718975802975821,0,40.12916666666667,ea78e0ee6b3e8d2f58a08738e12f8ef4deb5155cdf0f06d8b0f3d2607dac773c
D1,B2_reward3,selective,D1_r01,1,m021_contiguous_substring,3ac98b3bd2edbbfc3b4339ca0066047ccba8e1cfa0ce798acbd27bab5b87d8af,contiguous_substring,intermediate,4,0.0368548493683889,0.2718975802975821,0,40.1720703125,393c4f3ab80206560c37d8c270bc5c7089357937e9efb50b05eecbeb6e9fe59c
D1,B2_reward3,selective,D1_r01,1,m022_contiguous_substring,fc015e86e4e7f2c734c05fb1135856a6186a7b6e6f3079acc6d6c6e4aa7442e4,contiguous_substring,intermediate,4,0.032884424310761,0.2718975802975821,0,40.161328125,e1fb359dab7e84acc9dafc238cf33675f62affd40942f8d9c197df76098d2f08
D1,B2_reward3,selective,D1_r01,1,m023_contiguous_substring,6d8bb74bcdeefe62988bcebfe3cdb7110ea14648c3393721f4a4095032ddf61b,contiguous_substring,intermediate,4,0.0303957420504244,0.2718975802975821,0,40.304296875,1dadf3b247b05a0bfb6950e7a42a76ec54b7a489732698b05854ae0865ad43b3
D1,B2_reward3,selective,D1_r01,1,m024_contiguous_substring,94ab69bff5420fbcf4c18d7a247ef0e4b9577d1295271abf78a62f51c3b59a0f,contiguous_substring,intermediate,16,0.0850834483191399,0.2718975802975821,0,40.77552083333333,fa30779f5f3afa7a8219e778ccf73e262a4cf59fd59e3b60c736a4432276bb9d
D1,B2_reward3,selective,D1_r01,1,m025_contiguous_substring,ae330f3e6dd51f734f790820a896827f916e8d775c69ea1f205c55aa81507fe0,contiguous_substring,intermediate,16,0.0969388696011082,0.2718975802975821,0,40.75279947916667,0edc1fc0a7b8a5d7b73c7f7e9de6c1ef27a81974378f3c7a5ec6f0a069d7df11
D1,B2_reward3,selective,D1_r01,1,m026_contiguous_substring,5d3c5ea59a3a81c2ffdcfc7029fe0ab078b39be0217f1ee2611101845014273b,contiguous_substring,intermediate,16,0.1015376443703207,0.2718975802975821,0,40.18401692708333,c76ebd7bc2d991b68e8650a2c6070a579e5a0ef038ddc7858d4fa8e0244f9a11
D1,B2_reward3,selective,D1_r01,1,m027_contiguous_substring,6edfbfdb62fbf79744d4ecfb6fe43de95b2133d87a10f24061ecc84297b1c267,contiguous_substring,intermediate,16,0.1045640965537122,0.2718975802975821,0,40.33733723958333,583f42464780ed260af9c1e90b9972bbf7e7bbc82475411198dc778cad5ea437
D1,B2_reward3,selective,D1_r01,1,m028_contiguous_substring,6f9a04216ce84ed3a2ef19a2010723c498d866f2bb5d6eda67ea1bd16782bfd8,contiguous_substring,intermediate,64,0.1778435879175289,0.2718975802975821,0,42.4791015625,d9fbb96e87aa92d3776cf145517a3f0d96da28e22eb80efbd404fe3ec48b38ea
D1,B2_reward3,selective,D1_r01,1,m029_contiguous_substring,8d4ddfbfac0226f6a695d6b22ee21fbf533251852e95baca71b09f7710bfb22c,contiguous_substring,intermediate,64,0.1672865876205906,0.2718975802975821,0,42.015690104166666,a4614112f54a7c7c95e87a5e131b5dd9e69d8912796591060aa2ba231fa857d9
D1,B2_reward3,selective,D1_r01,1,m030_contiguous_substring,6ff19e1927dcafbb441ab0b4a0a61b92d1295d402f3277307a3f5b9d7850b98a,contiguous_substring,intermediate,64,0.1664358734881152,0.2718975802975821,0,41.06363932291666,29f4b8410d31554461cb2522218f17924c3498e3e908c58093165bebb2476464
D1,B2_reward3,selective,D1_r01,1,m031_contiguous_substring,c824c782df91faee7515c9d811fab43ed5426465074d2e812a5277507d28ae96,contiguous_substring,intermediate,256,0.2329123461420005,0.2718975802975821,0,48.44453124999999,7e5b79f23e13432d48634f4f40ce6b32997d2b7c5801db9be8ed6321d98f0e4f
D1,B2_reward3,selective,D1_r01,1,m032_contiguous_substring,ef835eb9c371f618c6958654a7d25a1df1d12c09a53ecf66f9209fb882a8542d,contiguous_substring,intermediate,256,0.2214016783513985,0.2718975802975821,0,44.65511067708334,d0f1a304ee82a90c3502b0f2f9630789f22d6903139ea487a1d7b9a68feed689
D1,B2_reward3,selective,D1_r01,1,m033_identity,2f88e9ce00d238e7e011a7b140b413dcad818f1da41a721f914f1af604d0e217,identity,identity,1024,0.2718975802975821,0.2718975802975821,0,58.36145833333333,788b0c7d9377d117b9d036074c1327fc60be09751f638798e9843724341b8c78
D1,B2_reward3,selective,D1_r01,1,actual,actual,unintervened,actual,1024,0.2718975802975821,0.2718975802975821,1,59.48037109375001,8900edee23598bb5931dbae67272e724e07666fdb53a04067f3b70e7c5c651ee
D1,B2_reward3,selective,D1_r01,1,m000_constant,9f1dcbc35c350d6027f98be0f5c8b43b42ca52b7604459c0c42be3aa88913d47,constant,constant,1,0.0,0.2718975802975821,1,40.30452473958333,10cae671b5a061a3b699814cf11674957a7d64aa99c8e2dd77d9d841fbe1843b
D1,B2_reward3,selective,D1_r01,1,m001_balanced_random_group,92b504e9a4f322032a2ebce33411098a41a2a69d6887c968769f3a9a2ea21c06,balanced_random_group,intermediate,2,0.0116223339328565,0.2718975802975821,1,40.31409505208334,77c8bef3e4125f28f6ed3776ef5f90cb84bafc20a35bc8acf7f2fa1b808f1d14
D1,B2_reward3,selective,D1_r01,1,m002_affinity_rank_group,3f53151fb2f814971fd6c0128c5c0b7afe1b5cb5257e46a1db18b8ebc9946d94,affinity_rank_group,intermediate,2,0.0082176947756405,0.2718975802975821,1,40.32353515625,502b2f7450c746a16f48cf91d81966400db76c33d66e29dc9701f988e4e3f373
D1,B2_reward3,selective,D1_r01,1,m003_balanced_random_group,9dfc99282a2611725eedb2b565b32cd10fc18a0134da7cdb73782304b3289c63,balanced_random_group,intermediate,4,0.0259144220075237,0.2718975802975821,1,40.42242838541667,e47147543d94eddb760c98b3f081e576079e49d0274ecf0e7bf752cccb0c5a38
D1,B2_reward3,selective,D1_r01,1,m004_affinity_rank_group,92e56b0f11cdce879476507882d715f1eecc12de134fc3982530e28ffd4eba29,affinity_rank_group,intermediate,4,0.021922192119894,0.2718975802975821,1,40.0599609375,4a5c28ee56c593462522fe2b32e9f5d60017094d8c387a33adb51fce1d664294
D1,B2_reward3,selective,D1_r01,1,m005_balanced_random_group,e2b3ca6094b3924ebad53b485b64e15442e181cf7c3b24782a1ecc43aada1d67,balanced_random_group,intermediate,8,0.0816709879519384,0.2718975802975821,1,40.68473307291666,d4d8562915a2b502d3d7048accf242157545f6716ae7170031ecd23c9f94911c
D1,B2_reward3,selective,D1_r01,1,m006_affinity_rank_group,0a19adabdd017fc722384804e89caf4ecf35837689486f63c24094087da5c2ba,affinity_rank_group,intermediate,8,0.0542111175154736,0.2718975802975821,1,40.067350260416674,b254567b879d922380fc553fbe61c37b7833ea3fdeff1e0b641538a06336a80d
D1,B2_reward3,selective,D1_r01,1,m007_balanced_random_group,1e9c498addbf3c84d0e7fa0b4a7ed1547a79d3addeb621aee136d71ed6115385,balanced_random_group,intermediate,16,0.1299591421422639,0.2718975802975821,1,40.02333984375,d4dccec6ea3e1cdb79a0cfebaa78853da143f62b5d1f7a4b3aad900f93d3d922
D1,B2_reward3,selective,D1_r01,1,m008_affinity_rank_group,d176c8d0ee881709b5af7061b49578d8041bef9dde73ceb9e47e4dd86f7ee987,affinity_rank_group,intermediate,16,0.116593538844064,0.2718975802975821,1,39.89235026041668,6df01da509482147c98c361be2b85dd3be4346cabaa7a825f41f4429afc5880f
D1,B2_reward3,selective,D1_r01,1,m009_balanced_random_group,0aed763827cb82fb93b7e68b65380843df3d67d84b6ded1b427ad8b179551498,balanced_random_group,intermediate,32,0.1640286438375764,0.2718975802975821,1,41.100683593750006,5068071d820822f269203a861cc9fe5ff211d9ab6406772354ff4e0e2ebf1a90
D1,B2_reward3,selective,D1_r01,1,m010_affinity_rank_group,a08bb91ec0e66d0b3afe5332032fd3fb6769016bc04c2710b5e01a8e599df454,affinity_rank_group,intermediate,32,0.1740306403963273,0.2718975802975821,1,40.39928385416667,b097ae1cc30fb96c7dd82b26aaeedbb886e3e9c688328413b386748209ae35d4
D1,B2_reward3,selective,D1_r01,1,m011_balanced_random_group,b63ae2e9169c6a1fbead64d1209982c801759cce33d761d4009afed76a67a448,balanced_random_group,intermediate,64,0.2245332366734223,0.2718975802975821,1,40.971875,0a5965e8e56d47763f4f6ad7492f0998a75d14c8f6725dd1a9fed43108706d7a
D1,B2_reward3,selective,D1_r01,1,m012_affinity_rank_group,6ac4e014d135d7a7fbd4592fdf320f48570dc4bce5e1a5c2ca6054715b80f98a,affinity_rank_group,intermediate,64,0.2155528740234713,0.2718975802975821,1,41.69427083333333,a3f48cca1d0a5aebba31108eba8410e2e96dcf509a898c95e65733bca76831c7
D1,B2_reward3,selective,D1_r01,1,m013_balanced_random_group,8592d3fec701388f78dc4afe98264f46de098d11b571e0fc626bdf4ef128244a,balanced_random_group,intermediate,128,0.2301705651500399,0.2718975802975821,1,42.24925130208334,ff21cec70e4aed3a6ef7bba7ed691723626e0ad569efc07f4fac8d8a73f0e8e1
D1,B2_reward3,selective,D1_r01,1,m014_affinity_rank_group,4c0d0a036a5c51abb14f88b143c35a9a2e7cecb590d4d0752b078fe3b59a18dd,affinity_rank_group,intermediate,128,0.2464329834662784,0.2718975802975821,1,41.87057291666667,efeb4ce3f5a13baa8a519e71c8a7b5d8d9aabf7b5ae4e869f607e2c8e84a022d
D1,B2_reward3,selective,D1_r01,1,m015_balanced_random_group,3f2241b0ff61b39e1ebdcccbaf77cc695344be10cc4c5c5e44bbc8cf4b9ee9e5,balanced_random_group,intermediate,256,0.2620943357473461,0.2718975802975821,1,44.34928385416666,c6034a4e0d297c45e3a83c2b7e0d73a8994876db5f6c1ae78e42c293008f7db4
D1,B2_reward3,selective,D1_r01,1,m016_affinity_rank_group,cf78b05538711825e0795152b13c3d2c15b5cd16f89c1995f7b006d8bc57c6a2,affinity_rank_group,intermediate,256,0.2616670819054862,0.2718975802975821,1,47.12858072916667,728f0503129af4391d4d635714334999f5e3b67e0e35033bdcacdf1fa3bafce9
D1,B2_reward3,selective,D1_r01,1,m017_balanced_random_group,01c67fe0522330b039a343ca58f3517bce2156836302293eba1b0d27d77e2522,balanced_random_group,intermediate,512,0.2691634799616336,0.2718975802975821,1,49.900976562500006,aa861cdc6d082b7878859d713e5d5c8fb6f9550282a0f3374aa613d580a2ce40
D1,B2_reward3,selective,D1_r01,1,m018_affinity_rank_group,24a6acb87a7364b0b1cbbe6fecc84df53e5243c78a06a6c6c4e7354b3e359435,affinity_rank_group,intermediate,512,0.2699344342539593,0.2718975802975821,1,51.79514973958332,3262e29b57b3c806b00301635e31dea355a0803c4cc2340d0027bbeabe7759d9
D1,B2_reward3,selective,D1_r01,1,m019_contiguous_substring,16cfd655e57fba08a658c1d50e1fe5976b2f905eee09ec260833cfb2b49d6f38,contiguous_substring,intermediate,4,0.0396584749804361,0.2718975802975821,1,40.55589192708334,812a9b2513f7dd4d567fe1a4b78cbdc1ed566649b6e68686dfd1aeedd0b73275
D1,B2_reward3,selective,D1_r01,1,m020_contiguous_substring,6fb076d21f3b26febc2e6a328628b3ea581ce0709de4263bbe675d61bdb74942,contiguous_substring,intermediate,4,0.0220778280123544,0.2718975802975821,1,40.25979817708333,6c01753a63658aaffaf58da4c556925332519e585278d138a6001f30b67d29c3
D1,B2_reward3,selective,D1_r01,1,m021_contiguous_substring,3ac98b3bd2edbbfc3b4339ca0066047ccba8e1cfa0ce798acbd27bab5b87d8af,contiguous_substring,intermediate,4,0.0368548493683889,0.2718975802975821,1,40.28271484375001,215cc4d43ef03bc92f27c2c5323fc8abc95e4aa27627a63474cc7077e885319a
D1,B2_reward3,selective,D1_r01,1,m022_contiguous_substring,fc015e86e4e7f2c734c05fb1135856a6186a7b6e6f3079acc6d6c6e4aa7442e4,contiguous_substring,intermediate,4,0.032884424310761,0.2718975802975821,1,40.21422526041667,b00bed981441b962b6796e7e67d46ef0883f2dceeb8eddfb439f1fc2e1bf612a
D1,B2_reward3,selective,D1_r01,1,m023_contiguous_substring,6d8bb74bcdeefe62988bcebfe3cdb7110ea14648c3393721f4a4095032ddf61b,contiguous_substring,intermediate,4,0.0303957420504244,0.2718975802975821,1,40.39967447916667,47f4f8985fbc19143bfcf9265f0eab6331789d77616fd6d1940f1ac316f581a0
D1,B2_reward3,selective,D1_r01,1,m024_contiguous_substring,94ab69bff5420fbcf4c18d7a247ef0e4b9577d1295271abf78a62f51c3b59a0f,contiguous_substring,intermediate,16,0.0850834483191399,0.2718975802975821,1,40.80455729166666,b7465d7074b4ecd2d5dcf0c713125c07b61fcbf9a9696f848264ac83fc338e99
D1,B2_reward3,selective,D1_r01,1,m025_contiguous_substring,ae330f3e6dd51f734f790820a896827f916e8d775c69ea1f205c55aa81507fe0,contiguous_substring,intermediate,16,0.0969388696011082,0.2718975802975821,1,40.87171223958333,ff74f1a7f3638e311f757f773d5cc3d0968795a1d461cf3e77103448cb1a3b59
D1,B2_reward3,selective,D1_r01,1,m026_contiguous_substring,5d3c5ea59a3a81c2ffdcfc7029fe0ab078b39be0217f1ee2611101845014273b,contiguous_substring,intermediate,16,0.1015376443703207,0.2718975802975821,1,40.27900390625,ab4a29523bd30b6aa92f5865833fdcf7b373321b41ef532cbdd420ed19c2d0bd
D1,B2_reward3,selective,D1_r01,1,m027_contiguous_substring,6edfbfdb62fbf79744d4ecfb6fe43de95b2133d87a10f24061ecc84297b1c267,contiguous_substring,intermediate,16,0.1045640965537122,0.2718975802975821,1,40.38206380208334,419140f8a3d3bb0d0048fa8e4b00d66a560401025873cb97e2701a1c59a6de6f
D1,B2_reward3,selective,D1_r01,1,m028_contiguous_substring,6f9a04216ce84ed3a2ef19a2010723c498d866f2bb5d6eda67ea1bd16782bfd8,contiguous_substring,intermediate,64,0.1778435879175289,0.2718975802975821,1,42.75774739583333,61eccd4e2ece5de7731f5dbf642ad99be6bfe2b3612549e3b95b0754a37ef9f0
D1,B2_reward3,selective,D1_r01,1,m029_contiguous_substring,8d4ddfbfac0226f6a695d6b22ee21fbf533251852e95baca71b09f7710bfb22c,contiguous_substring,intermediate,64,0.1672865876205906,0.2718975802975821,1,42.27086588541667,872eedfb1e1baf489bf6d8733f53b8240c8f650242c718b1c27ec76b9f1c549f
D1,B2_reward3,selective,D1_r01,1,m030_contiguous_substring,6ff19e1927dcafbb441ab0b4a0a61b92d1295d402f3277307a3f5b9d7850b98a,contiguous_substring,intermediate,64,0.1664358734881152,0.2718975802975821,1,41.10475260416667,cfe2136ee0876a9c886136300d80c6a291163a621fd01609d4f7615fd10be1ae
D1,B2_reward3,selective,D1_r01,1,m031_contiguous_substring,c824c782df91faee7515c9d811fab43ed5426465074d2e812a5277507d28ae96,contiguous_substring,intermediate,256,0.2329123461420005,0.2718975802975821,1,48.03333333333333,91b189980b1c205950442448730c4eaffaa6f78dea912b9ca75f80b9f21374e4
D1,B2_reward3,selective,D1_r01,1,m032_contiguous_substring,ef835eb9c371f618c6958654a7d25a1df1d12c09a53ecf66f9209fb882a8542d,contiguous_substring,intermediate,256,0.2214016783513985,0.2718975802975821,1,44.39541015625,190f1cc0376c3d0453c4810751947dc4e48ba10ab2c8d329f01c0f72facfb90c
D1,B2_reward3,selective,D1_r01,1,m033_identity,2f88e9ce00d238e7e011a7b140b413dcad818f1da41a721f914f1af604d0e217,identity,identity,1024,0.2718975802975821,0.2718975802975821,1,59.48037109375001,8900edee23598bb5931dbae67272e724e07666fdb53a04067f3b70e7c5c651ee
D1,B2_reward3,selective,D1_r02,2,actual,actual,unintervened,actual,1024,0.3135163836416478,0.3135163836416478,0,59.972265625000006,5525a3e44dccbd5c6e801ce0e4b2c602636652050b55315231d642782a190d8e
D1,B2_reward3,selective,D1_r02,2,m000_constant,9f1dcbc35c350d6027f98be0f5c8b43b42ca52b7604459c0c42be3aa88913d47,constant,constant,1,0.0,0.3135163836416478,0,40.0388671875,ad95879135e2db65fe7ddb5c0cdb16cfab9cb6d18839a1c28ad0408e956175f2
D1,B2_reward3,selective,D1_r02,2,m001_balanced_random_group,92b504e9a4f322032a2ebce33411098a41a2a69d6887c968769f3a9a2ea21c06,balanced_random_group,intermediate,2,0.0092699798378144,0.3135163836416478,0,40.07451171875,76333e5faf32d296065e059a81a477292cd55be31d8ec4f1c6fba4210381c283
D1,B2_reward3,selective,D1_r02,2,m002_affinity_rank_group,3f53151fb2f814971fd6c0128c5c0b7afe1b5cb5257e46a1db18b8ebc9946d94,affinity_rank_group,intermediate,2,0.009803907277172,0.3135163836416478,0,40.0,5ce5e7744037e66d077a2bc767e5d4d57b4fc1a5bfcca7ed6f30f9f2798ac1d5
D1,B2_reward3,selective,D1_r02,2,m003_balanced_random_group,9dfc99282a2611725eedb2b565b32cd10fc18a0134da7cdb73782304b3289c63,balanced_random_group,intermediate,4,0.0367960215277992,0.3135163836416478,0,40.04078776041666,94120d7503b5e7d57751fae028b047b2dcc5d855d352f24929ac26d593611389
D1,B2_reward3,selective,D1_r02,2,m004_affinity_rank_group,92e56b0f11cdce879476507882d715f1eecc12de134fc3982530e28ffd4eba29,affinity_rank_group,intermediate,4,0.029193347801343,0.3135163836416478,0,40.13024088541667,18aff46d0dc2d2abe3504d962bb2d8bd4134e84570139de782c98d4f6a45e101
D1,B2_reward3,selective,D1_r02,2,m005_balanced_random_group,e2b3ca6094b3924ebad53b485b64e15442e181cf7c3b24782a1ecc43aada1d67,balanced_random_group,intermediate,8,0.0900229823460299,0.3135163836416478,0,41.143391927083336,3ca13aab244cfb117cf3f3eaa1b81eb785db0cd958c13d4a43da0dd934bd3eaf
D1,B2_reward3,selective,D1_r02,2,m006_affinity_rank_group,0a19adabdd017fc722384804e89caf4ecf35837689486f63c24094087da5c2ba,affinity_rank_group,intermediate,8,0.0535194208983466,0.3135163836416478,0,40.26569010416667,335936e8f0e36fb563b62be212a58095ed63f305014eac1c977dbde7c4934cdb
D1,B2_reward3,selective,D1_r02,2,m007_balanced_random_group,1e9c498addbf3c84d0e7fa0b4a7ed1547a79d3addeb621aee136d71ed6115385,balanced_random_group,intermediate,16,0.1646520198695254,0.3135163836416478,0,40.42926432291667,669f7cf169630c220b06aaefd1ecb3d56fb25172a738f01a28156cc438b7bfbc
D1,B2_reward3,selective,D1_r02,2,m008_affinity_rank_group,d176c8d0ee881709b5af7061b49578d8041bef9dde73ceb9e47e4dd86f7ee987,affinity_rank_group,intermediate,16,0.1234089496504122,0.3135163836416478,0,40.80224609374999,275bb5729e2cec2973e74b8ed7b750d7539af9e0e0974de019a53dc09cff7151
D1,B2_reward3,selective,D1_r02,2,m009_balanced_random_group,0aed763827cb82fb93b7e68b65380843df3d67d84b6ded1b427ad8b179551498,balanced_random_group,intermediate,32,0.2117849595927137,0.3135163836416478,0,40.53873697916666,a34f905ceeb2158ef4449890757814de1877d559e74770ab5589a9f0726b0baf
D1,B2_reward3,selective,D1_r02,2,m010_affinity_rank_group,a08bb91ec0e66d0b3afe5332032fd3fb6769016bc04c2710b5e01a8e599df454,affinity_rank_group,intermediate,32,0.1991437248579727,0.3135163836416478,0,40.89378255208333,1806757f54e8ab43c9e04db0079251470c8cb9568082dd24f79740d799936cb8
D1,B2_reward3,selective,D1_r02,2,m011_balanced_random_group,b63ae2e9169c6a1fbead64d1209982c801759cce33d761d4009afed76a67a448,balanced_random_group,intermediate,64,0.2249096330771798,0.3135163836416478,0,40.150455729166666,490b25988b40d70a77c8b3bb2e6a04f3061400f6c00d7e1ab0c0887e315078b5
D1,B2_reward3,selective,D1_r02,2,m012_affinity_rank_group,6ac4e014d135d7a7fbd4592fdf320f48570dc4bce5e1a5c2ca6054715b80f98a,affinity_rank_group,intermediate,64,0.2328746540802421,0.3135163836416478,0,41.603580729166666,2239d3acdf1f9bfd713cbf144f44bc977d65537837f345a4ed978aa325e6e026
D1,B2_reward3,selective,D1_r02,2,m013_balanced_random_group,8592d3fec701388f78dc4afe98264f46de098d11b571e0fc626bdf4ef128244a,balanced_random_group,intermediate,128,0.2903256568716609,0.3135163836416478,0,41.69010416666666,2100c768fe1e0d999da66329153d6da3637deb5ea8fc5574c91c0ce216e43eed
D1,B2_reward3,selective,D1_r02,2,m014_affinity_rank_group,4c0d0a036a5c51abb14f88b143c35a9a2e7cecb590d4d0752b078fe3b59a18dd,affinity_rank_group,intermediate,128,0.2916440229476024,0.3135163836416478,0,44.16669921875,d45371ae587696eee439d97e1a5b97b70961a0b42145e3c09d775afcd080d908
D1,B2_reward3,selective,D1_r02,2,m015_balanced_random_group,3f2241b0ff61b39e1ebdcccbaf77cc695344be10cc4c5c5e44bbc8cf4b9ee9e5,balanced_random_group,intermediate,256,0.2953831249246504,0.3135163836416478,0,47.27350260416667,3ee0537ded7766c9c068a26e764bdfa4fe606e5956c8bcd0ff7602e9d42ed407
D1,B2_reward3,selective,D1_r02,2,m016_affinity_rank_group,cf78b05538711825e0795152b13c3d2c15b5cd16f89c1995f7b006d8bc57c6a2,affinity_rank_group,intermediate,256,0.3066210562027903,0.3135163836416478,0,45.88053385416666,eb9c4cb4a0d46b1d6a330f0fca3e460ac7fdf0e13c3b6177fc40756f4a1a7d79
D1,B2_reward3,selective,D1_r02,2,m017_balanced_random_group,01c67fe0522330b039a343ca58f3517bce2156836302293eba1b0d27d77e2522,balanced_random_group,intermediate,512,0.3048505316263987,0.3135163836416478,0,50.68597005208333,18ab4d9687e00a61fd083ceb1068312b418c3dea46bbe29e5a4061ffb927d597
D1,B2_reward3,selective,D1_r02,2,m018_affinity_rank_group,24a6acb87a7364b0b1cbbe6fecc84df53e5243c78a06a6c6c4e7354b3e359435,affinity_rank_group,intermediate,512,0.3112512405574097,0.3135163836416478,0,49.017675781250006,0b3b784cc119601d53136fba703cf63456a7f6749c543de4c0700c1187df4989
D1,B2_reward3,selective,D1_r02,2,m019_contiguous_substring,16cfd655e57fba08a658c1d50e1fe5976b2f905eee09ec260833cfb2b49d6f38,contiguous_substring,intermediate,4,0.0567691386060131,0.3135163836416478,0,39.90113932291667,be8d9cf30cfd57410c948c0df3dfc45e42245af28897c4a13c337b1321bf804e
D1,B2_reward3,selective,D1_r02,2,m020_contiguous_substring,6fb076d21f3b26febc2e6a328628b3ea581ce0709de4263bbe675d61bdb74942,contiguous_substring,intermediate,4,0.0378753552015728,0.3135163836416478,0,40.22633463541667,eb846ef5e748d99ea19751cc39b50c8aedb4960b5c54abdc8a25eaa4f1d3b29d
D1,B2_reward3,selective,D1_r02,2,m021_contiguous_substring,3ac98b3bd2edbbfc3b4339ca0066047ccba8e1cfa0ce798acbd27bab5b87d8af,contiguous_substring,intermediate,4,0.0319965217682424,0.3135163836416478,0,40.614713541666674,e7b14a3d595db2ce0930c3ef5e48452590b89c8cd88696cb91e48a93592c0d54
D1,B2_reward3,selective,D1_r02,2,m022_contiguous_substring,fc015e86e4e7f2c734c05fb1135856a6186a7b6e6f3079acc6d6c6e4aa7442e4,contiguous_substring,intermediate,4,0.0344179614056952,0.3135163836416478,0,40.00699869791666,4272c3aa18c7403ea0d9f7c071f47a8b547055966a134e1f42f940963c6065a1
D1,B2_reward3,selective,D1_r02,2,m023_contiguous_substring,6d8bb74bcdeefe62988bcebfe3cdb7110ea14648c3393721f4a4095032ddf61b,contiguous_substring,intermediate,4,0.0285115871758025,0.3135163836416478,0,40.04163411458333,8f271ae15b78baac41e3b65ce1f458e0cc9c02c740639e25c2d759c735082ded
D1,B2_reward3,selective,D1_r02,2,m024_contiguous_substring,94ab69bff5420fbcf4c18d7a247ef0e4b9577d1295271abf78a62f51c3b59a0f,contiguous_substring,intermediate,16,0.1257170225955465,0.3135163836416478,0,40.43196614583333,8ed291d86feabb4ad9957d585b2aa3615a12d088002f1919bb7a798345972fe7
D1,B2_reward3,selective,D1_r02,2,m025_contiguous_substring,ae330f3e6dd51f734f790820a896827f916e8d775c69ea1f205c55aa81507fe0,contiguous_substring,intermediate,16,0.092361579415778,0.3135163836416478,0,40.051367187500006,af56a873cbd950dfd01cc24e56277f339dda0d5fb850805ecf0ba991825fa1e3
D1,B2_reward3,selective,D1_r02,2,m026_contiguous_substring,5d3c5ea59a3a81c2ffdcfc7029fe0ab078b39be0217f1ee2611101845014273b,contiguous_substring,intermediate,16,0.1139436275316477,0.3135163836416478,0,40.74264322916666,551766314c2cbe1ee85be89e37f451a053d204f1fd804ff8a1420e205697d8dc
D1,B2_reward3,selective,D1_r02,2,m027_contiguous_substring,6edfbfdb62fbf79744d4ecfb6fe43de95b2133d87a10f24061ecc84297b1c267,contiguous_substring,intermediate,16,0.1256120325786747,0.3135163836416478,0,40.45885416666667,89df9761384832dd8fce9ca105f764c61b374b2c75f3603f00296eb2f767d69d
D1,B2_reward3,selective,D1_r02,2,m028_contiguous_substring,6f9a04216ce84ed3a2ef19a2010723c498d866f2bb5d6eda67ea1bd16782bfd8,contiguous_substring,intermediate,64,0.1996569344531527,0.3135163836416478,0,42.46175130208334,047abd4ef26ffc4766aad62d52389f53871bdfbfd4190b2c6d31363b557e240f
D1,B2_reward3,selective,D1_r02,2,m029_contiguous_substring,8d4ddfbfac0226f6a695d6b22ee21fbf533251852e95baca71b09f7710bfb22c,contiguous_substring,intermediate,64,0.2028033529249613,0.3135163836416478,0,41.17945963541667,930a723bf6422d2952020cb36f1884fa9143a2b099497c3bee1ba4fbdbad296f
D1,B2_reward3,selective,D1_r02,2,m030_contiguous_substring,6ff19e1927dcafbb441ab0b4a0a61b92d1295d402f3277307a3f5b9d7850b98a,contiguous_substring,intermediate,64,0.2128028588057119,0.3135163836416478,0,41.09986979166668,981be4c008afd22f2a9c869a9bc27b3a7a7eca03d1e4ecccb304a674692846f8
D1,B2_reward3,selective,D1_r02,2,m031_contiguous_substring,c824c782df91faee7515c9d811fab43ed5426465074d2e812a5277507d28ae96,contiguous_substring,intermediate,256,0.2636486000429853,0.3135163836416478,0,47.29977213541667,6fee438a7c07b34fd1b367d6d1904c5b9fd0d062a82a3fdee891538954f05644
D1,B2_reward3,selective,D1_r02,2,m032_contiguous_substring,ef835eb9c371f618c6958654a7d25a1df1d12c09a53ecf66f9209fb882a8542d,contiguous_substring,intermediate,256,0.2734182048258779,0.3135163836416478,0,44.60436197916667,8b6bec919a3f9e391e3cb7b7c7e420dc29607c8f45d94df6a741dacd44a1e6e1
D1,B2_reward3,selective,D1_r02,2,m033_identity,2f88e9ce00d238e7e011a7b140b413dcad818f1da41a721f914f1af604d0e217,identity,identity,1024,0.3135163836416478,0.3135163836416478,0,59.972265625000006,5525a3e44dccbd5c6e801ce0e4b2c602636652050b55315231d642782a190d8e
D1,B2_reward3,selective,D1_r02,2,actual,actual,unintervened,actual,1024,0.3135163836416478,0.3135163836416478,1,59.41712239583333,bca1f10317943cee95137d6ec21708ef1f309d6735b56d1db731c22a29b2bdfd
D1,B2_reward3,selective,D1_r02,2,m000_constant,9f1dcbc35c350d6027f98be0f5c8b43b42ca52b7604459c0c42be3aa88913d47,constant,constant,1,0.0,0.3135163836416478,1,40.32467447916666,bf05da48366cd5466fac21a98693d333c053b6c73749bde13d9f2725bce779a6
D1,B2_reward3,selective,D1_r02,2,m001_balanced_random_group,92b504e9a4f322032a2ebce33411098a41a2a69d6887c968769f3a9a2ea21c06,balanced_random_group,intermediate,2,0.0092699798378144,0.3135163836416478,1,40.33564453125,b2c4dde22c12c0482ca4e21dc3d25278122c1b844c035ebda50056782a1004ce
D1,B2_reward3,selective,D1_r02,2,m002_affinity_rank_group,3f53151fb2f814971fd6c0128c5c0b7afe1b5cb5257e46a1db18b8ebc9946d94,affinity_rank_group,intermediate,2,0.009803907277172,0.3135163836416478,1,40.33834635416665,4435d1475dedc316f7d4121fd642f3f7b7296869ea1933f51478704cd6c17142
D1,B2_reward3,selective,D1_r02,2,m003_balanced_random_group,9dfc99282a2611725eedb2b565b32cd10fc18a0134da7cdb73782304b3289c63,balanced_random_group,intermediate,4,0.0367960215277992,0.3135163836416478,1,40.42799479166667,95ddb56cdd6f09516d3d8125b6b84859a2c9a32d8d82a1917476753523ad551b
D1,B2_reward3,selective,D1_r02,2,m004_affinity_rank_group,92e56b0f11cdce879476507882d715f1eecc12de134fc3982530e28ffd4eba29,affinity_rank_group,intermediate,4,0.029193347801343,0.3135163836416478,1,40.41298828125,4ca010267d93c1aa186a4a3323d020ab34edfffef79b242099d089cf56ee7d59
D1,B2_reward3,selective,D1_r02,2,m005_balanced_random_group,e2b3ca6094b3924ebad53b485b64e15442e181cf7c3b24782a1ecc43aada1d67,balanced_random_group,intermediate,8,0.0900229823460299,0.3135163836416478,1,40.9431640625,623d583bb4469b5bde83f9c6f12ed28c44c9c8828d36eaa3ee78fb3c9a79f6c6
D1,B2_reward3,selective,D1_r02,2,m006_affinity_rank_group,0a19adabdd017fc722384804e89caf4ecf35837689486f63c24094087da5c2ba,affinity_rank_group,intermediate,8,0.0535194208983466,0.3135163836416478,1,40.5822265625,69bb04dea49ee2f5668128ba0f9b74b783d7948b0c0d5e093fd22e5619f75185
D1,B2_reward3,selective,D1_r02,2,m007_balanced_random_group,1e9c498addbf3c84d0e7fa0b4a7ed1547a79d3addeb621aee136d71ed6115385,balanced_random_group,intermediate,16,0.1646520198695254,0.3135163836416478,1,40.582096354166666,ffb68a9957be6e5c0d0173546fdbe035eac90856d573e31ee33fe3d8c31cfc96
D1,B2_reward3,selective,D1_r02,2,m008_affinity_rank_group,d176c8d0ee881709b5af7061b49578d8041bef9dde73ceb9e47e4dd86f7ee987,affinity_rank_group,intermediate,16,0.1234089496504122,0.3135163836416478,1,40.76637369791667,e1c3657cd45d77c578b9fca52c1c7d5f93fc35bf52aacd49a1fba3d79c57a956
D1,B2_reward3,selective,D1_r02,2,m009_balanced_random_group,0aed763827cb82fb93b7e68b65380843df3d67d84b6ded1b427ad8b179551498,balanced_random_group,intermediate,32,0.2117849595927137,0.3135163836416478,1,40.81998697916666,5171b1da92f5fa3e12000b2cdbab96c9a8276335b33153ef93269132497fe107
D1,B2_reward3,selective,D1_r02,2,m010_affinity_rank_group,a08bb91ec0e66d0b3afe5332032fd3fb6769016bc04c2710b5e01a8e599df454,affinity_rank_group,intermediate,32,0.1991437248579727,0.3135163836416478,1,40.88795572916667,1e6bd973fccc5c24f184bb4f94c04b01e2744600ef6f00c4f81e464ac953bb76
D1,B2_reward3,selective,D1_r02,2,m011_balanced_random_group,b63ae2e9169c6a1fbead64d1209982c801759cce33d761d4009afed76a67a448,balanced_random_group,intermediate,64,0.2249096330771798,0.3135163836416478,1,40.303515625,ac0b18cf68b02ca765606aa6b15354c52e27e49fc41144ee0385ea94e99bebef
D1,B2_reward3,selective,D1_r02,2,m012_affinity_rank_group,6ac4e014d135d7a7fbd4592fdf320f48570dc4bce5e1a5c2ca6054715b80f98a,affinity_rank_group,intermediate,64,0.2328746540802421,0.3135163836416478,1,41.75052083333333,3e1a52a287f3c0c7d8e59eb7831a63807281635b9a2f6dfbd09127016054cf0c
D1,B2_reward3,selective,D1_r02,2,m013_balanced_random_group,8592d3fec701388f78dc4afe98264f46de098d11b571e0fc626bdf4ef128244a,balanced_random_group,intermediate,128,0.2903256568716609,0.3135163836416478,1,41.00563151041667,c323a30f7027bb6e1720ef37edab58ba9874aa84609d63ba20004d65538f0791
D1,B2_reward3,selective,D1_r02,2,m014_affinity_rank_group,4c0d0a036a5c51abb14f88b143c35a9a2e7cecb590d4d0752b078fe3b59a18dd,affinity_rank_group,intermediate,128,0.2916440229476024,0.3135163836416478,1,44.92724609374999,6595783ecdd134ddf0ed2cda3a85cf940b1884381ba39e722371b4ea1d0d7c71
D1,B2_reward3,selective,D1_r02,2,m015_balanced_random_group,3f2241b0ff61b39e1ebdcccbaf77cc695344be10cc4c5c5e44bbc8cf4b9ee9e5,balanced_random_group,intermediate,256,0.2953831249246504,0.3135163836416478,1,46.77379557291666,d33d09852d5e4f386eb22299e0bdb845a4f409fb5f7d60b89af72fa7c11dd773
D1,B2_reward3,selective,D1_r02,2,m016_affinity_rank_group,cf78b05538711825e0795152b13c3d2c15b5cd16f89c1995f7b006d8bc57c6a2,affinity_rank_group,intermediate,256,0.3066210562027903,0.3135163836416478,1,46.352571614583326,91adf8180ed4300293a44eff535c601df24f0b184b610b39307a1b7918fd958c
D1,B2_reward3,selective,D1_r02,2,m017_balanced_random_group,01c67fe0522330b039a343ca58f3517bce2156836302293eba1b0d27d77e2522,balanced_random_group,intermediate,512,0.3048505316263987,0.3135163836416478,1,49.56790364583333,c418d5e34ed486e373531d593ffabd20eff43c0e698e2a77d9b226ffcefb57e1
D1,B2_reward3,selective,D1_r02,2,m018_affinity_rank_group,24a6acb87a7364b0b1cbbe6fecc84df53e5243c78a06a6c6c4e7354b3e359435,affinity_rank_group,intermediate,512,0.3112512405574097,0.3135163836416478,1,49.48001302083334,a815d4e00cc0d06f6517431b0c98059f036e057b5afd5bcf52ae9061c12b9b33
D1,B2_reward3,selective,D1_r02,2,m019_contiguous_substring,16cfd655e57fba08a658c1d50e1fe5976b2f905eee09ec260833cfb2b49d6f38,contiguous_substring,intermediate,4,0.0567691386060131,0.3135163836416478,1,40.101171875000006,1aa97b6e15e0d6131ce5f4502595105f8f0fefb349943d8078fbbe7dda8dbd75
D1,B2_reward3,selective,D1_r02,2,m020_contiguous_substring,6fb076d21f3b26febc2e6a328628b3ea581ce0709de4263bbe675d61bdb74942,contiguous_substring,intermediate,4,0.0378753552015728,0.3135163836416478,1,40.42457682291667,a81b5852b3929edd14ecfef15e7d8f873fdf66c01d83a4e6b78223730ca7b1e0
D1,B2_reward3,selective,D1_r02,2,m021_contiguous_substring,3ac98b3bd2edbbfc3b4339ca0066047ccba8e1cfa0ce798acbd27bab5b87d8af,contiguous_substring,intermediate,4,0.0319965217682424,0.3135163836416478,1,40.94847005208333,a97098df6580706d278b1f0d5107f5fc9149265d25aa1a49aa4fd6166d7d07c7
D1,B2_reward3,selective,D1_r02,2,m022_contiguous_substring,fc015e86e4e7f2c734c05fb1135856a6186a7b6e6f3079acc6d6c6e4aa7442e4,contiguous_substring,intermediate,4,0.0344179614056952,0.3135163836416478,1,40.306738281250006,79c6431da38285af59192ba22ffd85a9f0d0065eb2b735550755ff8f71bb8547
D1,B2_reward3,selective,D1_r02,2,m023_contiguous_substring,6d8bb74bcdeefe62988bcebfe3cdb7110ea14648c3393721f4a4095032ddf61b,contiguous_substring,intermediate,4,0.0285115871758025,0.3135163836416478,1,40.37692057291667,2496140d9547e7b69d364c739fda65e760b5a38c624f04a36c56d30c46eb1fe6
D1,B2_reward3,selective,D1_r02,2,m024_contiguous_substring,94ab69bff5420fbcf4c18d7a247ef0e4b9577d1295271abf78a62f51c3b59a0f,contiguous_substring,intermediate,16,0.1257170225955465,0.3135163836416478,1,40.73264973958334,d106ac797361e945b7e73d411e5a83cb902de2577cab92c50cf26adb2367a658
D1,B2_reward3,selective,D1_r02,2,m025_contiguous_substring,ae330f3e6dd51f734f790820a896827f916e8d775c69ea1f205c55aa81507fe0,contiguous_substring,intermediate,16,0.092361579415778,0.3135163836416478,1,40.29143880208333,e1eacc00cf458b3d0fb17dfecde7c36164a066df38765b71f6f0946bb2c71429
D1,B2_reward3,selective,D1_r02,2,m026_contiguous_substring,5d3c5ea59a3a81c2ffdcfc7029fe0ab078b39be0217f1ee2611101845014273b,contiguous_substring,intermediate,16,0.1139436275316477,0.3135163836416478,1,41.18151041666667,2638a34bf4631412b2e88c38527b0a7914b03faf42fda8783ff51a3392fe431f
D1,B2_reward3,selective,D1_r02,2,m027_contiguous_substring,6edfbfdb62fbf79744d4ecfb6fe43de95b2133d87a10f24061ecc84297b1c267,contiguous_substring,intermediate,16,0.1256120325786747,0.3135163836416478,1,40.680501302083336,e3ec9f8451d4d7ff0046c0d10e558772f56c65f5fa7beb81b1d93c9defb430cf
D1,B2_reward3,selective,D1_r02,2,m028_contiguous_substring,6f9a04216ce84ed3a2ef19a2010723c498d866f2bb5d6eda67ea1bd16782bfd8,contiguous_substring,intermediate,64,0.1996569344531527,0.3135163836416478,1,42.57076822916666,4367ba999eeb73032443610d074f20b982b2fd430e443c5f0e867e5f863b91ff
D1,B2_reward3,selective,D1_r02,2,m029_contiguous_substring,8d4ddfbfac0226f6a695d6b22ee21fbf533251852e95baca71b09f7710bfb22c,contiguous_substring,intermediate,64,0.2028033529249613,0.3135163836416478,1,41.16604817708334,b1622f71d3c2207059c5a3f359919ffe518155992949cf31fa21fffa84a55b83
D1,B2_reward3,selective,D1_r02,2,m030_contiguous_substring,6ff19e1927dcafbb441ab0b4a0a61b92d1295d402f3277307a3f5b9d7850b98a,contiguous_substring,intermediate,64,0.2128028588057119,0.3135163836416478,1,41.468326822916666,9ffc5228b462d753c98bf33023a7a34a008cf8e831a734f631759d4efaa224b3
D1,B2_reward3,selective,D1_r02,2,m031_contiguous_substring,c824c782df91faee7515c9d811fab43ed5426465074d2e812a5277507d28ae96,contiguous_substring,intermediate,256,0.2636486000429853,0.3135163836416478,1,46.77578125,c17e92659c04913ee932fc54646abe7766c027759852bea18b61566990285936
D1,B2_reward3,selective,D1_r02,2,m032_contiguous_substring,ef835eb9c371f618c6958654a7d25a1df1d12c09a53ecf66f9209fb882a8542d,contiguous_substring,intermediate,256,0.2734182048258779,0.3135163836416478,1,44.888020833333336,b39ad4ce936eeeeba08a2a6705726e01eadf6f2726ac256cf7c2747bfef52e89
D1,B2_reward3,selective,D1_r02,2,m033_identity,2f88e9ce00d238e7e011a7b140b413dcad818f1da41a721f914f1af604d0e217,identity,identity,1024,0.3135163836416478,0.3135163836416478,1,59.41712239583333,bca1f10317943cee95137d6ec21708ef1f309d6735b56d1db731c22a29b2bdfd
D1,B2_reward3,selective,D1_r03,3,actual,actual,unintervened,actual,1024,0.300658127436586,0.300658127436586,0,61.13684895833334,a8191664c548a7fc48064dbbc3a3b2e32be8ab3b8336a16bfc29c2e73f459f73
D1,B2_reward3,selective,D1_r03,3,m000_constant,9f1dcbc35c350d6027f98be0f5c8b43b42ca52b7604459c0c42be3aa88913d47,constant,constant,1,8.008566259537292e-17,0.300658127436586,0,40.37646484374999,1b51963383c33dbec8514d0a313ed7f2565c023cf390eda7842b350deedf3fe0
D1,B2_reward3,selective,D1_r03,3,m001_balanced_random_group,92b504e9a4f322032a2ebce33411098a41a2a69d6887c968769f3a9a2ea21c06,balanced_random_group,intermediate,2,0.0106129386781114,0.300658127436586,0,40.3958984375,e3ff57aebbff14b409dc5dd41dc7fbc8ac2346f8f21ff4a9fa862153669c0ea0
D1,B2_reward3,selective,D1_r03,3,m002_affinity_rank_group,3f53151fb2f814971fd6c0128c5c0b7afe1b5cb5257e46a1db18b8ebc9946d94,affinity_rank_group,intermediate,2,0.0077728555398435,0.300658127436586,0,40.387662760416674,7775e546e4df977b835540616c1d0c501aa6caa42a1e2bc4e6f2302f8b3438d4
D1,B2_reward3,selective,D1_r03,3,m003_balanced_random_group,9dfc99282a2611725eedb2b565b32cd10fc18a0134da7cdb73782304b3289c63,balanced_random_group,intermediate,4,0.0527669190473409,0.300658127436586,0,40.33919270833334,a90ab6b84e505a4343393e1376078b3acc3ea7de56091e153b9c88662ffe1d4c
D1,B2_reward3,selective,D1_r03,3,m004_affinity_rank_group,92e56b0f11cdce879476507882d715f1eecc12de134fc3982530e28ffd4eba29,affinity_rank_group,intermediate,4,0.0375756699273783,0.300658127436586,0,40.84918619791666,8d9511c190772015e5173b1ea976bf2c7c9d45ea202d15de6c50c00f5a396b3f
D1,B2_reward3,selective,D1_r03,3,m005_balanced_random_group,e2b3ca6094b3924ebad53b485b64e15442e181cf7c3b24782a1ecc43aada1d67,balanced_random_group,intermediate,8,0.1074692146957342,0.300658127436586,0,40.56738281249999,7bd89401e9862f1c271aa0c13a8b6c2f009dd93bb59d08bbf5d277eb5e0b3937
D1,B2_reward3,selective,D1_r03,3,m006_affinity_rank_group,0a19adabdd017fc722384804e89caf4ecf35837689486f63c24094087da5c2ba,affinity_rank_group,intermediate,8,0.088602312628059,0.300658127436586,0,40.83857421875,5c599e255895776985d19dcb8a3ef2b6ff66f03aabd4bf7003ba369d4f7979d8
D1,B2_reward3,selective,D1_r03,3,m007_balanced_random_group,1e9c498addbf3c84d0e7fa0b4a7ed1547a79d3addeb621aee136d71ed6115385,balanced_random_group,intermediate,16,0.1248566336094036,0.300658127436586,0,40.60221354166667,d95e14a020b4028617812f468933565d6055effdb3cebe5fdf841f3249751fd6
D1,B2_reward3,selective,D1_r03,3,m008_affinity_rank_group,d176c8d0ee881709b5af7061b49578d8041bef9dde73ceb9e47e4dd86f7ee987,affinity_rank_group,intermediate,16,0.145397288100992,0.300658127436586,0,41.20263671875001,5d67eff03bb9cd555ed99b9cc83bd1f7f582c19ad6b074a2221adb3bd3b5231a
D1,B2_reward3,selective,D1_r03,3,m009_balanced_random_group,0aed763827cb82fb93b7e68b65380843df3d67d84b6ded1b427ad8b179551498,balanced_random_group,intermediate,32,0.1835228128690457,0.300658127436586,0,40.62822265625,6577169914c80600801c0ca3e99f2fdc95f0eec1deb6e8860fd93c83d7479089
D1,B2_reward3,selective,D1_r03,3,m010_affinity_rank_group,a08bb91ec0e66d0b3afe5332032fd3fb6769016bc04c2710b5e01a8e599df454,affinity_rank_group,intermediate,32,0.2141490970951933,0.300658127436586,0,41.58580729166667,07029050bc375679238098e5a60467fb96c40cb00d140ee87be6378555970034
D1,B2_reward3,selective,D1_r03,3,m011_balanced_random_group,b63ae2e9169c6a1fbead64d1209982c801759cce33d761d4009afed76a67a448,balanced_random_group,intermediate,64,0.2233372624049746,0.300658127436586,0,40.69098307291667,d8774022bfa8db5497a8d108eb00268c322bc4e7ebc0ab3094a69536ab8e3181
D1,B2_reward3,selective,D1_r03,3,m012_affinity_rank_group,6ac4e014d135d7a7fbd4592fdf320f48570dc4bce5e1a5c2ca6054715b80f98a,affinity_rank_group,intermediate,64,0.2490079064479246,0.300658127436586,0,42.21565755208333,5b2b88a0a8591250031ceba9fa837b3157a606540ddc51740eb5cace3eeaa90b
D1,B2_reward3,selective,D1_r03,3,m013_balanced_random_group,8592d3fec701388f78dc4afe98264f46de098d11b571e0fc626bdf4ef128244a,balanced_random_group,intermediate,128,0.2698090977515771,0.300658127436586,0,42.7587890625,59df0da831ec6dc3201d173241ef728fc9345f3044c8d6a01450bf2b6689ce8d
D1,B2_reward3,selective,D1_r03,3,m014_affinity_rank_group,4c0d0a036a5c51abb14f88b143c35a9a2e7cecb590d4d0752b078fe3b59a18dd,affinity_rank_group,intermediate,128,0.2727962943150332,0.300658127436586,0,43.53512369791667,f059edcc0317f6ae8e21bab74099192ac54b4e6a598f886f79eb4c0e557c276c
D1,B2_reward3,selective,D1_r03,3,m015_balanced_random_group,3f2241b0ff61b39e1ebdcccbaf77cc695344be10cc4c5c5e44bbc8cf4b9ee9e5,balanced_random_group,intermediate,256,0.2878533001155766,0.300658127436586,0,47.41223958333333,d289a6385f87a3a056fdd6dc47abf86d0c4eb0250f167fd3e38b0d7174288f64
D1,B2_reward3,selective,D1_r03,3,m016_affinity_rank_group,cf78b05538711825e0795152b13c3d2c15b5cd16f89c1995f7b006d8bc57c6a2,affinity_rank_group,intermediate,256,0.2878218209801743,0.300658127436586,0,46.139257812500006,c8ef7da56ea3797e6db064ea420c414adb3cb991903db6df56ea930e1d0405d3
D1,B2_reward3,selective,D1_r03,3,m017_balanced_random_group,01c67fe0522330b039a343ca58f3517bce2156836302293eba1b0d27d77e2522,balanced_random_group,intermediate,512,0.2981764166725674,0.300658127436586,0,51.616796875,b2b1602967dcf3c1dbb607c7cbbe80f7f93011f1d325691ae67f5dbeb1db4aef
D1,B2_reward3,selective,D1_r03,3,m018_affinity_rank_group,24a6acb87a7364b0b1cbbe6fecc84df53e5243c78a06a6c6c4e7354b3e359435,affinity_rank_group,intermediate,512,0.2953628077878975,0.300658127436586,0,49.407682291666674,a71ac84ff8bb5858fbb5401aa23f771a50dd016ccd1354a3fdb7a4bf2af3a177
D1,B2_reward3,selective,D1_r03,3,m019_contiguous_substring,16cfd655e57fba08a658c1d50e1fe5976b2f905eee09ec260833cfb2b49d6f38,contiguous_substring,intermediate,4,0.042141653350188,0.300658127436586,0,41.0521484375,4aad8f808832790ac97cc16ec9f3b83284d20a0eb13b5a91f83c716fe52c3566
D1,B2_reward3,selective,D1_r03,3,m020_contiguous_substring,6fb076d21f3b26febc2e6a328628b3ea581ce0709de4263bbe675d61bdb74942,contiguous_substring,intermediate,4,0.0632243806144866,0.300658127436586,0,40.34208984375,0dd0a8ea5f3efd3ddbbaa3901c2e76017eb25fee91f0213836aed1da5bc9f5cc
D1,B2_reward3,selective,D1_r03,3,m021_contiguous_substring,3ac98b3bd2edbbfc3b4339ca0066047ccba8e1cfa0ce798acbd27bab5b87d8af,contiguous_substring,intermediate,4,0.0490168037398091,0.300658127436586,0,40.1169921875,128ac3a7c5154b9bac73551008103bbe60c8cdfcae2da23afceec60454fbb431
D1,B2_reward3,selective,D1_r03,3,m022_contiguous_substring,fc015e86e4e7f2c734c05fb1135856a6186a7b6e6f3079acc6d6c6e4aa7442e4,contiguous_substring,intermediate,4,0.0258796597095743,0.300658127436586,0,40.20126953125,82afda56ca79604057facaf5df38e550d3d5ebd8d6d0866260567890872a93e9
D1,B2_reward3,selective,D1_r03,3,m023_contiguous_substring,6d8bb74bcdeefe62988bcebfe3cdb7110ea14648c3393721f4a4095032ddf61b,contiguous_substring,intermediate,4,0.0423910541148958,0.300658127436586,0,40.24143880208333,6bbae38004cf9bd0f275a47558ceb8578f62951ca7371a8fe1cfc47dc2dcfd35
D1,B2_reward3,selective,D1_r03,3,m024_contiguous_substring,94ab69bff5420fbcf4c18d7a247ef0e4b9577d1295271abf78a62f51c3b59a0f,contiguous_substring,intermediate,16,0.1494569499930173,0.300658127436586,0,41.23619791666666,ca5fc98cc6ea8ca299962b98c09600b89a0635ab205bcecdd5b13eed7d76d9e0
D1,B2_reward3,selective,D1_r03,3,m025_contiguous_substring,ae330f3e6dd51f734f790820a896827f916e8d775c69ea1f205c55aa81507fe0,contiguous_substring,intermediate,16,0.1336493760975048,0.300658127436586,0,39.39046223958334,bfc05e9af54d694cb93244751d759a8594b13250d1f3109d28edb4e8f912ecdc
D1,B2_reward3,selective,D1_r03,3,m026_contiguous_substring,5d3c5ea59a3a81c2ffdcfc7029fe0ab078b39be0217f1ee2611101845014273b,contiguous_substring,intermediate,16,0.1330681907714275,0.300658127436586,0,39.83662109375,c3a7be1d2781e9fcc2aa5ed8d8ea815e5dd60656b28b224fd80320f6527ef28b
D1,B2_reward3,selective,D1_r03,3,m027_contiguous_substring,6edfbfdb62fbf79744d4ecfb6fe43de95b2133d87a10f24061ecc84297b1c267,contiguous_substring,intermediate,16,0.1371552135439003,0.300658127436586,0,40.248860677083336,0b4bbb222c005ffe8cbf6daab5a7d52f5498b1556f804b4f81cdfac39c317448
D1,B2_reward3,selective,D1_r03,3,m028_contiguous_substring,6f9a04216ce84ed3a2ef19a2010723c498d866f2bb5d6eda67ea1bd16782bfd8,contiguous_substring,intermediate,64,0.2192659844921749,0.300658127436586,0,41.66393229166667,b8a7363b2696fcff4725f2bbf7bc0093f5856fec48171c1f7551aa8b222f5e86
D1,B2_reward3,selective,D1_r03,3,m029_contiguous_substring,8d4ddfbfac0226f6a695d6b22ee21fbf533251852e95baca71b09f7710bfb22c,contiguous_substring,intermediate,64,0.2155317844281295,0.300658127436586,0,40.32737630208332,cf3ec14a2e54e068d1a8f8bf5eb64323f7bef1de7079840e7d9794662b6554cc
D1,B2_reward3,selective,D1_r03,3,m030_contiguous_substring,6ff19e1927dcafbb441ab0b4a0a61b92d1295d402f3277307a3f5b9d7850b98a,contiguous_substring,intermediate,64,0.2356102919761369,0.300658127436586,0,40.315983072916666,1a49d3597ee2e5c2b6f06311653bd5fc94aa4e421f547d25e7c2da3866395ea6
D1,B2_reward3,selective,D1_r03,3,m031_contiguous_substring,c824c782df91faee7515c9d811fab43ed5426465074d2e812a5277507d28ae96,contiguous_substring,intermediate,256,0.264526613262068,0.300658127436586,0,44.66246744791667,77ba1df9e89da3adfe257af25c29c34562fddbdba26d666aeef46b772a77a980
D1,B2_reward3,selective,D1_r03,3,m032_contiguous_substring,ef835eb9c371f618c6958654a7d25a1df1d12c09a53ecf66f9209fb882a8542d,contiguous_substring,intermediate,256,0.2701900892026475,0.300658127436586,0,46.33697916666667,6ef1bad5211d6ea2471925b0b8c4a3e8c05a2545fdd6b97f68156a87def03f0f
D1,B2_reward3,selective,D1_r03,3,m033_identity,2f88e9ce00d238e7e011a7b140b413dcad818f1da41a721f914f1af604d0e217,identity,identity,1024,0.300658127436586,0.300658127436586,0,61.13684895833334,a8191664c548a7fc48064dbbc3a3b2e32be8ab3b8336a16bfc29c2e73f459f73
D1,B2_reward3,selective,D1_r03,3,actual,actual,unintervened,actual,1024,0.300658127436586,0.300658127436586,1,60.21402994791666,4af0b58a17d372dd492a52009da77a27f60c19ef983a17fa5599d220df3d8320
D1,B2_reward3,selective,D1_r03,3,m000_constant,9f1dcbc35c350d6027f98be0f5c8b43b42ca52b7604459c0c42be3aa88913d47,constant,constant,1,8.008566259537292e-17,0.300658127436586,1,40.3943359375,2be892259c2ac11ae65dfcdafd7b03e72aaae4e2f363125fe0bbba2e22665a73
D1,B2_reward3,selective,D1_r03,3,m001_balanced_random_group,92b504e9a4f322032a2ebce33411098a41a2a69d6887c968769f3a9a2ea21c06,balanced_random_group,intermediate,2,0.0106129386781114,0.300658127436586,1,40.42145182291667,f67677832479d054c934ee2cec31470621025cd57455cd2bca562aade582c334
D1,B2_reward3,selective,D1_r03,3,m002_affinity_rank_group,3f53151fb2f814971fd6c0128c5c0b7afe1b5cb5257e46a1db18b8ebc9946d94,affinity_rank_group,intermediate,2,0.0077728555398435,0.300658127436586,1,40.44290364583334,dfca1b947f6ef5b4f99ddb30cf9b450f57244a5caafdebecf9307be903967b6b
D1,B2_reward3,selective,D1_r03,3,m003_balanced_random_group,9dfc99282a2611725eedb2b565b32cd10fc18a0134da7cdb73782304b3289c63,balanced_random_group,intermediate,4,0.0527669190473409,0.300658127436586,1,40.34586588541666,66d0cc16937fa1626e42448dc790e5c9555e9158e7ef12400aeef8c702b13443
D1,B2_reward3,selective,D1_r03,3,m004_affinity_rank_group,92e56b0f11cdce879476507882d715f1eecc12de134fc3982530e28ffd4eba29,affinity_rank_group,intermediate,4,0.0375756699273783,0.300658127436586,1,40.8947265625,fc18e087031071048cde93076c484ed4fc7f90ba3c094f990612fc31d874d641
D1,B2_reward3,selective,D1_r03,3,m005_balanced_random_group,e2b3ca6094b3924ebad53b485b64e15442e181cf7c3b24782a1ecc43aada1d67,balanced_random_group,intermediate,8,0.1074692146957342,0.300658127436586,1,40.46653645833334,5f853fd820eeb44d423b73f32256a99c0159c76b9fd9d36db1c1e22026342819
D1,B2_reward3,selective,D1_r03,3,m006_affinity_rank_group,0a19adabdd017fc722384804e89caf4ecf35837689486f63c24094087da5c2ba,affinity_rank_group,intermediate,8,0.088602312628059,0.300658127436586,1,40.86429036458334,52bc8e3997945adf2403b1148ca41142b6287aeb56d77549417cb7ebe364aa2f
D1,B2_reward3,selective,D1_r03,3,m007_balanced_random_group,1e9c498addbf3c84d0e7fa0b4a7ed1547a79d3addeb621aee136d71ed6115385,balanced_random_group,intermediate,16,0.1248566336094036,0.300658127436586,1,40.753125,6239699c408fca0cca696f5f3bf8367187db08f5db66012af0bdacd43b71de0a
D1,B2_reward3,selective,D1_r03,3,m008_affinity_rank_group,d176c8d0ee881709b5af7061b49578d8041bef9dde73ceb9e47e4dd86f7ee987,affinity_rank_group,intermediate,16,0.145397288100992,0.300658127436586,1,41.31608072916666,b4ca4dd980fea67d721b221679aef20020f365ff58209dcdffddf6aa25748f1a
D1,B2_reward3,selective,D1_r03,3,m009_balanced_random_group,0aed763827cb82fb93b7e68b65380843df3d67d84b6ded1b427ad8b179551498,balanced_random_group,intermediate,32,0.1835228128690457,0.300658127436586,1,40.76119791666667,1b79b9e68e4cb89f4f0c8459018fc5e38fa9a2c579ff832dc9b25f7d2149f234
D1,B2_reward3,selective,D1_r03,3,m010_affinity_rank_group,a08bb91ec0e66d0b3afe5332032fd3fb6769016bc04c2710b5e01a8e599df454,affinity_rank_group,intermediate,32,0.2141490970951933,0.300658127436586,1,41.46673177083333,a3ca437410a5bc7033eb7ea58a65a0ce73396d864beee12b128b475f2c06a5c8
D1,B2_reward3,selective,D1_r03,3,m011_balanced_random_group,b63ae2e9169c6a1fbead64d1209982c801759cce33d761d4009afed76a67a448,balanced_random_group,intermediate,64,0.2233372624049746,0.300658127436586,1,41.32073567708334,7ec6bf205d57a57b1ea431c89e420d204047486d8f2754e984c4916e3926d521
D1,B2_reward3,selective,D1_r03,3,m012_affinity_rank_group,6ac4e014d135d7a7fbd4592fdf320f48570dc4bce5e1a5c2ca6054715b80f98a,affinity_rank_group,intermediate,64,0.2490079064479246,0.300658127436586,1,42.47649739583333,d6fe1f03e47f62340b614ec996df43f022d629e674dfb78741f8729add454f23
D1,B2_reward3,selective,D1_r03,3,m013_balanced_random_group,8592d3fec701388f78dc4afe98264f46de098d11b571e0fc626bdf4ef128244a,balanced_random_group,intermediate,128,0.2698090977515771,0.300658127436586,1,42.797428385416666,e6a8f6c279e27ec37ad41506f8d085e0415872910c3e2e352473ce3f29920e4f
D1,B2_reward3,selective,D1_r03,3,m014_affinity_rank_group,4c0d0a036a5c51abb14f88b143c35a9a2e7cecb590d4d0752b078fe3b59a18dd,affinity_rank_group,intermediate,128,0.2727962943150332,0.300658127436586,1,43.80341796875,4320a63662b3f3e3a6c5987d8e60e3dd315ebbd9fd2ed3cfb8dae0eafc026a21
D1,B2_reward3,selective,D1_r03,3,m015_balanced_random_group,3f2241b0ff61b39e1ebdcccbaf77cc695344be10cc4c5c5e44bbc8cf4b9ee9e5,balanced_random_group,intermediate,256,0.2878533001155766,0.300658127436586,1,47.14638671875,db165381f9d1f0d5763529ad55c7fb8cb18ec3c1d1f5c34bb1baf3216d7027d2
D1,B2_reward3,selective,D1_r03,3,m016_affinity_rank_group,cf78b05538711825e0795152b13c3d2c15b5cd16f89c1995f7b006d8bc57c6a2,affinity_rank_group,intermediate,256,0.2878218209801743,0.300658127436586,1,46.30686848958333,a3e6ce2878f9508a7799b32cac8293839d1b81e297af846e887f04dfcd6d9c02
D1,B2_reward3,selective,D1_r03,3,m017_balanced_random_group,01c67fe0522330b039a343ca58f3517bce2156836302293eba1b0d27d77e2522,balanced_random_group,intermediate,512,0.2981764166725674,0.300658127436586,1,52.3708984375,dad40165cab35e37b3a8d59d17a443ebef1c087c734b834520f126d75701dcde
D1,B2_reward3,selective,D1_r03,3,m018_affinity_rank_group,24a6acb87a7364b0b1cbbe6fecc84df53e5243c78a06a6c6c4e7354b3e359435,affinity_rank_group,intermediate,512,0.2953628077878975,0.300658127436586,1,48.84254557291666,560c87f83d32832ac98705350545c500d01d780ad69a7e2cd3d369d1f7cbc55e
D1,B2_reward3,selective,D1_r03,3,m019_contiguous_substring,16cfd655e57fba08a658c1d50e1fe5976b2f905eee09ec260833cfb2b49d6f38,contiguous_substring,intermediate,4,0.042141653350188,0.300658127436586,1,41.05097656249999,61dd3d036b6fdc346a3ad083313fdf77666175b75b7099373bf666f652c42e3e
D1,B2_reward3,selective,D1_r03,3,m020_contiguous_substring,6fb076d21f3b26febc2e6a328628b3ea581ce0709de4263bbe675d61bdb74942,contiguous_substring,intermediate,4,0.0632243806144866,0.300658127436586,1,40.447591145833336,c77e8c068243fc1484deb7da21f902e2058ae716c42cb3ae32d0cd3cd41d6f6d
D1,B2_reward3,selective,D1_r03,3,m021_contiguous_substring,3ac98b3bd2edbbfc3b4339ca0066047ccba8e1cfa0ce798acbd27bab5b87d8af,contiguous_substring,intermediate,4,0.0490168037398091,0.300658127436586,1,40.230859375,827b39b7022156291c40ff85877e1b92d88030c5059a46cd8c0602421aa6ee75
D1,B2_reward3,selective,D1_r03,3,m022_contiguous_substring,fc015e86e4e7f2c734c05fb1135856a6186a7b6e6f3079acc6d6c6e4aa7442e4,contiguous_substring,intermediate,4,0.0258796597095743,0.300658127436586,1,40.26533203125,7942434b63927d3bb17b53e2dca5579ca8275f6abcdbcfc69d2573b3604752d8
D1,B2_reward3,selective,D1_r03,3,m023_contiguous_substring,6d8bb74bcdeefe62988bcebfe3cdb7110ea14648c3393721f4a4095032ddf61b,contiguous_substring,intermediate,4,0.0423910541148958,0.300658127436586,1,40.308658854166666,7de185112dbaa1fa14fbb13b25ea84c9cd70efd2398c884388604b4a6b9e4442
D1,B2_reward3,selective,D1_r03,3,m024_contiguous_substring,94ab69bff5420fbcf4c18d7a247ef0e4b9577d1295271abf78a62f51c3b59a0f,contiguous_substring,intermediate,16,0.1494569499930173,0.300658127436586,1,41.60989583333334,aaa7693d80f3595b3a8ab01358ada61d1f3d220f1f1a64ef0243ffc6a9795b1f
D1,B2_reward3,selective,D1_r03,3,m025_contiguous_substring,ae330f3e6dd51f734f790820a896827f916e8d775c69ea1f205c55aa81507fe0,contiguous_substring,intermediate,16,0.1336493760975048,0.300658127436586,1,39.55221354166667,574d001967f25132be7f9c49fdd30b670ec0735a72ad2e65100462ed5a0bcc13
D1,B2_reward3,selective,D1_r03,3,m026_contiguous_substring,5d3c5ea59a3a81c2ffdcfc7029fe0ab078b39be0217f1ee2611101845014273b,contiguous_substring,intermediate,16,0.1330681907714275,0.300658127436586,1,39.87050781250001,f668846e944fdbe08d64cb6f8c0565d7ba82fedcde4ef19d90a31d700df8892d
D1,B2_reward3,selective,D1_r03,3,m027_contiguous_substring,6edfbfdb62fbf79744d4ecfb6fe43de95b2133d87a10f24061ecc84297b1c267,contiguous_substring,intermediate,16,0.1371552135439003,0.300658127436586,1,40.45869140625,fe01ebdd7d395a182bc61d56e7d0e2889f7596e19fe3d19cbee5fe76a6e2168f
D1,B2_reward3,selective,D1_r03,3,m028_contiguous_substring,6f9a04216ce84ed3a2ef19a2010723c498d866f2bb5d6eda67ea1bd16782bfd8,contiguous_substring,intermediate,64,0.2192659844921749,0.300658127436586,1,41.69095052083334,c3a7c9f66a8749c20770f03c557e3140ff5a5cb1c87fe4b4e6b5d1944af9da50
D1,B2_reward3,selective,D1_r03,3,m029_contiguous_substring,8d4ddfbfac0226f6a695d6b22ee21fbf533251852e95baca71b09f7710bfb22c,contiguous_substring,intermediate,64,0.2155317844281295,0.300658127436586,1,40.101139322916666,bf47f1a0b1b648d48e76fcd9922bb5016b27f5e4e0579f8544e046ab7cce7eee
D1,B2_reward3,selective,D1_r03,3,m030_contiguous_substring,6ff19e1927dcafbb441ab0b4a0a61b92d1295d402f3277307a3f5b9d7850b98a,contiguous_substring,intermediate,64,0.2356102919761369,0.300658127436586,1,40.41764322916666,6f3a91d4ee217b98e39f2ee8679a23327156dfb2f45955ae2d7e49386887c0b8
D1,B2_reward3,selective,D1_r03,3,m031_contiguous_substring,c824c782df91faee7515c9d811fab43ed5426465074d2e812a5277507d28ae96,contiguous_substring,intermediate,256,0.264526613262068,0.300658127436586,1,45.46839192708333,ab73393dab9748e9f835bc46093563bc7f9c314439c733d181451f5ebde6f7e7
D1,B2_reward3,selective,D1_r03,3,m032_contiguous_substring,ef835eb9c371f618c6958654a7d25a1df1d12c09a53ecf66f9209fb882a8542d,contiguous_substring,intermediate,256,0.2701900892026475,0.300658127436586,1,46.52281901041667,440968e91ae95ac0efc452e3c6d90eaa1c42db4d9b5544c8c4464f8a27dfd3b6
D1,B2_reward3,selective,D1_r03,3,m033_identity,2f88e9ce00d238e7e011a7b140b413dcad818f1da41a721f914f1af604d0e217,identity,identity,1024,0.300658127436586,0.300658127436586,1,60.21402994791666,4af0b58a17d372dd492a52009da77a27f60c19ef983a17fa5599d220df3d8320
D1,B2_reward3,selective,D1_r04,4,actual,actual,unintervened,actual,1024,0.2858631698935974,0.2858631698935974,0,56.91448567708333,7bfbc1851037e0c9c9798a79bebd555a34b20e50777255d20d1587c7e8b2cc4f
D1,B2_reward3,selective,D1_r04,4,m000_constant,9f1dcbc35c350d6027f98be0f5c8b43b42ca52b7604459c0c42be3aa88913d47,constant,constant,1,0.0,0.2858631698935974,0,40.28564453124999,5872f238b1d405940069102f5accfed0752026f820e2beff9c843649d3223593
D1,B2_reward3,selective,D1_r04,4,m001_balanced_random_group,92b504e9a4f322032a2ebce33411098a41a2a69d6887c968769f3a9a2ea21c06,balanced_random_group,intermediate,2,0.0082818114641308,0.2858631698935974,0,40.34768880208333,cb5b1e9e3a9b7735020926328623a31cef164009e9fbb60c876c8717e4c1a9ed
D1,B2_reward3,selective,D1_r04,4,m002_affinity_rank_group,3f53151fb2f814971fd6c0128c5c0b7afe1b5cb5257e46a1db18b8ebc9946d94,affinity_rank_group,intermediate,2,0.0076354258100634,0.2858631698935974,0,40.284993489583336,1813a804b20a500f20ec7ace97275539ef50bedd248f90aa207ca6d6685a44e9
D1,B2_reward3,selective,D1_r04,4,m003_balanced_random_group,9dfc99282a2611725eedb2b565b32cd10fc18a0134da7cdb73782304b3289c63,balanced_random_group,intermediate,4,0.0352256171570112,0.2858631698935974,0,40.0578125,25b2b1b8510ed4983218e73ed785cced953e331550afdcf2af646e56a6b3e54d
D1,B2_reward3,selective,D1_r04,4,m004_affinity_rank_group,92e56b0f11cdce879476507882d715f1eecc12de134fc3982530e28ffd4eba29,affinity_rank_group,intermediate,4,0.0337711361214308,0.2858631698935974,0,40.36256510416666,a73a6e9e04beed74f2739d3b500fda281d67dfad8f324b3e9522aaeb24720587
D1,B2_reward3,selective,D1_r04,4,m005_balanced_random_group,e2b3ca6094b3924ebad53b485b64e15442e181cf7c3b24782a1ecc43aada1d67,balanced_random_group,intermediate,8,0.0708319160539086,0.2858631698935974,0,40.20625,eafcce2be3396677f6c9ea6729b497943333ace2e86cdb8ec837478a9244565b
D1,B2_reward3,selective,D1_r04,4,m006_affinity_rank_group,0a19adabdd017fc722384804e89caf4ecf35837689486f63c24094087da5c2ba,affinity_rank_group,intermediate,8,0.056698973104557,0.2858631698935974,0,40.552734375,bee0be8b46c52251e9d99824fb59d303fb57d0180e53cefec06ac7eaac18e3d8
D1,B2_reward3,selective,D1_r04,4,m007_balanced_random_group,1e9c498addbf3c84d0e7fa0b4a7ed1547a79d3addeb621aee136d71ed6115385,balanced_random_group,intermediate,16,0.1348783039220121,0.2858631698935974,0,40.43365885416666,12460f66cbc30c27d7a74d280d0c54dbaf51fe05e47cea08b25f6d6a529a3cb3
D1,B2_reward3,selective,D1_r04,4,m008_affinity_rank_group,d176c8d0ee881709b5af7061b49578d8041bef9dde73ceb9e47e4dd86f7ee987,affinity_rank_group,intermediate,16,0.1139686429937968,0.2858631698935974,0,40.70673828125,2cce566387c23f7b9b70241e3e37dc2776bba2b21aa418b5811f3b0688ad9a44
D1,B2_reward3,selective,D1_r04,4,m009_balanced_random_group,0aed763827cb82fb93b7e68b65380843df3d67d84b6ded1b427ad8b179551498,balanced_random_group,intermediate,32,0.180174828592918,0.2858631698935974,0,40.833821614583336,b3aadd2eda6bebab16b663098bb6a3b0fcb036a56f2485dc305fac1958e5cc92
D1,B2_reward3,selective,D1_r04,4,m010_affinity_rank_group,a08bb91ec0e66d0b3afe5332032fd3fb6769016bc04c2710b5e01a8e599df454,affinity_rank_group,intermediate,32,0.1901344176944113,0.2858631698935974,0,41.04231770833333,fc9d80aa53220a700bd01c3585a7e35dba70b20c125df6603ada574da081a760
D1,B2_reward3,selective,D1_r04,4,m011_balanced_random_group,b63ae2e9169c6a1fbead64d1209982c801759cce33d761d4009afed76a67a448,balanced_random_group,intermediate,64,0.2302969302954242,0.2858631698935974,0,42.77848307291667,9302f95e116952c12d79f9ca46959725be500cf98723e75085f0c28b7cac9964
D1,B2_reward3,selective,D1_r04,4,m012_affinity_rank_group,6ac4e014d135d7a7fbd4592fdf320f48570dc4bce5e1a5c2ca6054715b80f98a,affinity_rank_group,intermediate,64,0.2401722464088834,0.2858631698935974,0,41.16774088541666,2e30aa123959f0bb238c11fef1c86876bd404c43688470bff77cc39079655fd3
D1,B2_reward3,selective,D1_r04,4,m013_balanced_random_group,8592d3fec701388f78dc4afe98264f46de098d11b571e0fc626bdf4ef128244a,balanced_random_group,intermediate,128,0.2572233739290189,0.2858631698935974,0,42.992773437500006,404781f5c86270a15a0583e3d69298c0dc87290602542d38b470e99368ca96b7
D1,B2_reward3,selective,D1_r04,4,m014_affinity_rank_group,4c0d0a036a5c51abb14f88b143c35a9a2e7cecb590d4d0752b078fe3b59a18dd,affinity_rank_group,intermediate,128,0.2574962618373463,0.2858631698935974,0,43.11129557291665,b9553eb4dc7dedb23a42533e7598a9769ea6a867b02e80fa2028634964994417
D1,B2_reward3,selective,D1_r04,4,m015_balanced_random_group,3f2241b0ff61b39e1ebdcccbaf77cc695344be10cc4c5c5e44bbc8cf4b9ee9e5,balanced_random_group,intermediate,256,0.2614782136462252,0.2858631698935974,0,44.76653645833333,8d3f55b56d49c9f15b4f864499de2686e1c986c86b3c1d12dd59c2561d46b574
D1,B2_reward3,selective,D1_r04,4,m016_affinity_rank_group,cf78b05538711825e0795152b13c3d2c15b5cd16f89c1995f7b006d8bc57c6a2,affinity_rank_group,intermediate,256,0.2678374614869552,0.2858631698935974,0,49.98235677083333,995327c43819e8064fa76cdb00bcc1d6c9dd1745a671920d470f046f28927adf
D1,B2_reward3,selective,D1_r04,4,m017_balanced_random_group,01c67fe0522330b039a343ca58f3517bce2156836302293eba1b0d27d77e2522,balanced_random_group,intermediate,512,0.2729308324517882,0.2858631698935974,0,53.34977213541666,69da90f4ff747f07a4ace3e34b4158b3e011fa2a7066c0baaff0401b564500c4
D1,B2_reward3,selective,D1_r04,4,m018_affinity_rank_group,24a6acb87a7364b0b1cbbe6fecc84df53e5243c78a06a6c6c4e7354b3e359435,affinity_rank_group,intermediate,512,0.2823033247566539,0.2858631698935974,0,52.49791666666666,ad7e15f809ca6464ea5720661e4b969dd156fe48e41afde424d84bd6caa0bff7
D1,B2_reward3,selective,D1_r04,4,m019_contiguous_substring,16cfd655e57fba08a658c1d50e1fe5976b2f905eee09ec260833cfb2b49d6f38,contiguous_substring,intermediate,4,0.0481665083346001,0.2858631698935974,0,40.15690104166666,824bdac561a0780712777315dc7a44e02d3f385e5214b040923355d7683ef73c
D1,B2_reward3,selective,D1_r04,4,m020_contiguous_substring,6fb076d21f3b26febc2e6a328628b3ea581ce0709de4263bbe675d61bdb74942,contiguous_substring,intermediate,4,0.0459753981558961,0.2858631698935974,0,40.55345052083333,0e6ca9bd35425131298704b7c6184686a657f71b1e4e120ff3e7732dd16d0d26
D1,B2_reward3,selective,D1_r04,4,m021_contiguous_substring,3ac98b3bd2edbbfc3b4339ca0066047ccba8e1cfa0ce798acbd27bab5b87d8af,contiguous_substring,intermediate,4,0.0373656770530367,0.2858631698935974,0,40.13792317708333,722a8491fa805a7ff9874bec93f5707594bbe4c0a73dbf6e7e6153dde6efd82f
D1,B2_reward3,selective,D1_r04,4,m022_contiguous_substring,fc015e86e4e7f2c734c05fb1135856a6186a7b6e6f3079acc6d6c6e4aa7442e4,contiguous_substring,intermediate,4,0.0278178697264149,0.2858631698935974,0,40.47766927083334,ad037a1fbbd20cf1d1d69873296a67e45a1f69e553a4242f4059510996aaa2c9
D1,B2_reward3,selective,D1_r04,4,m023_contiguous_substring,6d8bb74bcdeefe62988bcebfe3cdb7110ea14648c3393721f4a4095032ddf61b,contiguous_substring,intermediate,4,0.033087110562129,0.2858631698935974,0,40.53063151041667,5457eba5a4bad44219e39e9a85a7b1c0e3725441ff0ac4a96aae7ce60b86cd5c
D1,B2_reward3,selective,D1_r04,4,m024_contiguous_substring,94ab69bff5420fbcf4c18d7a247ef0e4b9577d1295271abf78a62f51c3b59a0f,contiguous_substring,intermediate,16,0.1347800679548486,0.2858631698935974,0,40.37600911458333,6b444199125c8e350e29eaf5068799c9991707af450d1e5b41634f019a19fd57
D1,B2_reward3,selective,D1_r04,4,m025_contiguous_substring,ae330f3e6dd51f734f790820a896827f916e8d775c69ea1f205c55aa81507fe0,contiguous_substring,intermediate,16,0.1200516972721365,0.2858631698935974,0,40.28642578125,517d43f5878311c79455f0a1761fe86b8704e45a5b5eaad40f92124c80f650a6
D1,B2_reward3,selective,D1_r04,4,m026_contiguous_substring,5d3c5ea59a3a81c2ffdcfc7029fe0ab078b39be0217f1ee2611101845014273b,contiguous_substring,intermediate,16,0.1188057956934778,0.2858631698935974,0,40.43736979166667,cadaff09112adde008d52ec5758bc2678dbaf943659aede35637f29e7260f267
D1,B2_reward3,selective,D1_r04,4,m027_contiguous_substring,6edfbfdb62fbf79744d4ecfb6fe43de95b2133d87a10f24061ecc84297b1c267,contiguous_substring,intermediate,16,0.1097488119791219,0.2858631698935974,0,41.094140625,289afcdcbd6bde6166a72caa2e9cb85ff600a357d34327283437af03dffe1aee
D1,B2_reward3,selective,D1_r04,4,m028_contiguous_substring,6f9a04216ce84ed3a2ef19a2010723c498d866f2bb5d6eda67ea1bd16782bfd8,contiguous_substring,intermediate,64,0.2060160421317653,0.2858631698935974,0,39.88665364583333,1c5bb70ee81da53ab2423aada5132d1bfc17b7c4c805836a9e3415431b6755b6
D1,B2_reward3,selective,D1_r04,4,m029_contiguous_substring,8d4ddfbfac0226f6a695d6b22ee21fbf533251852e95baca71b09f7710bfb22c,contiguous_substring,intermediate,64,0.208598272185373,0.2858631698935974,0,41.81149088541666,9bcaa0cf4eec5ae858504ae599c4392cfefc8c4ddbdc0850f74ecb35ff58b046
D1,B2_reward3,selective,D1_r04,4,m030_contiguous_substring,6ff19e1927dcafbb441ab0b4a0a61b92d1295d402f3277307a3f5b9d7850b98a,contiguous_substring,intermediate,64,0.2020892861222004,0.2858631698935974,0,42.279850260416666,0250c8250614b56e012500518ddc430a706384bebe8bcf6e72a003e6f67628c8
D1,B2_reward3,selective,D1_r04,4,m031_contiguous_substring,c824c782df91faee7515c9d811fab43ed5426465074d2e812a5277507d28ae96,contiguous_substring,intermediate,256,0.2571244251839645,0.2858631698935974,0,43.86100260416666,a2eae32e99a49ac82ef2d20340269eb023d280bb6fe630a5dd90fa512cd0f1b6
D1,B2_reward3,selective,D1_r04,4,m032_contiguous_substring,ef835eb9c371f618c6958654a7d25a1df1d12c09a53ecf66f9209fb882a8542d,contiguous_substring,intermediate,256,0.2565097986013453,0.2858631698935974,0,44.96901041666667,bdd16b4fe53225c963d7dc0e3900f3ae080d40a1838eb3eac23b886430e918cd
D1,B2_reward3,selective,D1_r04,4,m033_identity,2f88e9ce00d238e7e011a7b140b413dcad818f1da41a721f914f1af604d0e217,identity,identity,1024,0.2858631698935974,0.2858631698935974,0,56.91448567708333,7bfbc1851037e0c9c9798a79bebd555a34b20e50777255d20d1587c7e8b2cc4f
D1,B2_reward3,selective,D1_r04,4,actual,actual,unintervened,actual,1024,0.2858631698935974,0.2858631698935974,1,56.92721354166666,6cc065f7968136afa4b6f2544a4a024cd2c1a2af7eecf26fff7b2a62de0dc3ce
D1,B2_reward3,selective,D1_r04,4,m000_constant,9f1dcbc35c350d6027f98be0f5c8b43b42ca52b7604459c0c42be3aa88913d47,constant,constant,1,0.0,0.2858631698935974,1,40.06363932291666,0e8bb96799a4af80b2d7aa1cc7833e5e9d73bac3c4d3214bf5ab3de464b29af6
D1,B2_reward3,selective,D1_r04,4,m001_balanced_random_group,92b504e9a4f322032a2ebce33411098a41a2a69d6887c968769f3a9a2ea21c06,balanced_random_group,intermediate,2,0.0082818114641308,0.2858631698935974,1,40.09951171875,079ce3117bf812e9c22b3cc767659707dd5616cc182d9fdde914fb4f9cf0d9c1
D1,B2_reward3,selective,D1_r04,4,m002_affinity_rank_group,3f53151fb2f814971fd6c0128c5c0b7afe1b5cb5257e46a1db18b8ebc9946d94,affinity_rank_group,intermediate,2,0.0076354258100634,0.2858631698935974,1,40.04065755208333,7a044c6e0bb65225cb7cdbec3409f140f9f81768fd658ba2b39ca25829f0d029
D1,B2_reward3,selective,D1_r04,4,m003_balanced_random_group,9dfc99282a2611725eedb2b565b32cd10fc18a0134da7cdb73782304b3289c63,balanced_random_group,intermediate,4,0.0352256171570112,0.2858631698935974,1,39.91888020833334,854ade993194894568f44732be316f75901ed998058b02f5e198ff61431b3a0a
D1,B2_reward3,selective,D1_r04,4,m004_affinity_rank_group,92e56b0f11cdce879476507882d715f1eecc12de134fc3982530e28ffd4eba29,affinity_rank_group,intermediate,4,0.0337711361214308,0.2858631698935974,1,40.15856119791667,63cd88a54dde9b21b2524bef209cf599e1b1ea38eef721d62988c0ac0b7d6496
D1,B2_reward3,selective,D1_r04,4,m005_balanced_random_group,e2b3ca6094b3924ebad53b485b64e15442e181cf7c3b24782a1ecc43aada1d67,balanced_random_group,intermediate,8,0.0708319160539086,0.2858631698935974,1,40.06783854166667,c156ad20807b191332ad1d58ea069b80aa9d951ab50fc21651bda78dcfec9e00
D1,B2_reward3,selective,D1_r04,4,m006_affinity_rank_group,0a19adabdd017fc722384804e89caf4ecf35837689486f63c24094087da5c2ba,affinity_rank_group,intermediate,8,0.056698973104557,0.2858631698935974,1,40.39615885416666,14ab54cb08e4653e1ce3c775bc09240935e1b315be24862c8af913d7152b46a7
D1,B2_reward3,selective,D1_r04,4,m007_balanced_random_group,1e9c498addbf3c84d0e7fa0b4a7ed1547a79d3addeb621aee136d71ed6115385,balanced_random_group,intermediate,16,0.1348783039220121,0.2858631698935974,1,40.40481770833333,2c91f1671f5def5fa273780b0b74d31d34be5a1fa64dbadfb876680d641ea0a4
D1,B2_reward3,selective,D1_r04,4,m008_affinity_rank_group,d176c8d0ee881709b5af7061b49578d8041bef9dde73ceb9e47e4dd86f7ee987,affinity_rank_group,intermediate,16,0.1139686429937968,0.2858631698935974,1,40.68746744791667,69ee13507294b2ed7c6cf4ed58d23fd86fa1929dc147072f22a804f3ce251e11
D1,B2_reward3,selective,D1_r04,4,m009_balanced_random_group,0aed763827cb82fb93b7e68b65380843df3d67d84b6ded1b427ad8b179551498,balanced_random_group,intermediate,32,0.180174828592918,0.2858631698935974,1,40.79833984375001,1d7031afda52ffb2c021554f4e5cb5cd3e94e31080bd065aed16918d16945894
D1,B2_reward3,selective,D1_r04,4,m010_affinity_rank_group,a08bb91ec0e66d0b3afe5332032fd3fb6769016bc04c2710b5e01a8e599df454,affinity_rank_group,intermediate,32,0.1901344176944113,0.2858631698935974,1,40.66516927083333,4634ad7c821c18656e75581c6c0178a3b2abba3e4a10d6119d286c1938aa4dd5
D1,B2_reward3,selective,D1_r04,4,m011_balanced_random_group,b63ae2e9169c6a1fbead64d1209982c801759cce33d761d4009afed76a67a448,balanced_random_group,intermediate,64,0.2302969302954242,0.2858631698935974,1,42.88658854166667,99e861196d502e5596bfd1e48c1a1fc2ece560f80829330c5ac0ce4dc0ecc709
D1,B2_reward3,selective,D1_r04,4,m012_affinity_rank_group,6ac4e014d135d7a7fbd4592fdf320f48570dc4bce5e1a5c2ca6054715b80f98a,affinity_rank_group,intermediate,64,0.2401722464088834,0.2858631698935974,1,41.30143229166666,3a8c5279b28194266fae05759bc7f64843eac7edc04a47134b1cc368f1d9a819
D1,B2_reward3,selective,D1_r04,4,m013_balanced_random_group,8592d3fec701388f78dc4afe98264f46de098d11b571e0fc626bdf4ef128244a,balanced_random_group,intermediate,128,0.2572233739290189,0.2858631698935974,1,42.746321614583344,c231d34a5ed1e0f2d0fa6c872703c78c8dfb08d60233202234271ad390e7d382
D1,B2_reward3,selective,D1_r04,4,m014_affinity_rank_group,4c0d0a036a5c51abb14f88b143c35a9a2e7cecb590d4d0752b078fe3b59a18dd,affinity_rank_group,intermediate,128,0.2574962618373463,0.2858631698935974,1,42.575292968750006,768efa855cdaf64c4e596bd11076167115adf64db9cc3ea998afcce985951a8d
D1,B2_reward3,selective,D1_r04,4,m015_balanced_random_group,3f2241b0ff61b39e1ebdcccbaf77cc695344be10cc4c5c5e44bbc8cf4b9ee9e5,balanced_random_group,intermediate,256,0.2614782136462252,0.2858631698935974,1,44.76969401041666,578134d8f26013f2001c78c755650e1448a0befbc385db8d91ccb0ce46432d9d
D1,B2_reward3,selective,D1_r04,4,m016_affinity_rank_group,cf78b05538711825e0795152b13c3d2c15b5cd16f89c1995f7b006d8bc57c6a2,affinity_rank_group,intermediate,256,0.2678374614869552,0.2858631698935974,1,50.496158854166666,3d6f26442b1771e6039c6bd3139be1fa1014a49f169af3b0f7772c2a3ced56e4
D1,B2_reward3,selective,D1_r04,4,m017_balanced_random_group,01c67fe0522330b039a343ca58f3517bce2156836302293eba1b0d27d77e2522,balanced_random_group,intermediate,512,0.2729308324517882,0.2858631698935974,1,53.09342447916666,b32e1565d5cbbc5f2a4c9d2453c925448022f9554cf70b272d64e097a026c6f5
D1,B2_reward3,selective,D1_r04,4,m018_affinity_rank_group,24a6acb87a7364b0b1cbbe6fecc84df53e5243c78a06a6c6c4e7354b3e359435,affinity_rank_group,intermediate,512,0.2823033247566539,0.2858631698935974,1,52.62421874999999,280beddb2b7590c57d8c5c66afe1696beeb001649f30c6de5166d3a786b8b638
D1,B2_reward3,selective,D1_r04,4,m019_contiguous_substring,16cfd655e57fba08a658c1d50e1fe5976b2f905eee09ec260833cfb2b49d6f38,contiguous_substring,intermediate,4,0.0481665083346001,0.2858631698935974,1,39.87184244791667,2b47d753659a58cd82fd8e5eef63b039f0ef0206639ef0fc0b081178c8ecfbbe
D1,B2_reward3,selective,D1_r04,4,m020_contiguous_substring,6fb076d21f3b26febc2e6a328628b3ea581ce0709de4263bbe675d61bdb74942,contiguous_substring,intermediate,4,0.0459753981558961,0.2858631698935974,1,40.24560546874999,f3dd52e916c0a7ec28c7ce499def62eec8f7e49aef526bbf5e6ca41032de5c44
D1,B2_reward3,selective,D1_r04,4,m021_contiguous_substring,3ac98b3bd2edbbfc3b4339ca0066047ccba8e1cfa0ce798acbd27bab5b87d8af,contiguous_substring,intermediate,4,0.0373656770530367,0.2858631698935974,1,39.92008463541666,a8e61b130f8b392ac4db776502d9026188525992cf56afe0746c231357495b9b
D1,B2_reward3,selective,D1_r04,4,m022_contiguous_substring,fc015e86e4e7f2c734c05fb1135856a6186a7b6e6f3079acc6d6c6e4aa7442e4,contiguous_substring,intermediate,4,0.0278178697264149,0.2858631698935974,1,40.2244140625,a61468808484107140fc6fc002cd287507a0beec48eff8bd2be3047814f7cd02
D1,B2_reward3,selective,D1_r04,4,m023_contiguous_substring,6d8bb74bcdeefe62988bcebfe3cdb7110ea14648c3393721f4a4095032ddf61b,contiguous_substring,intermediate,4,0.033087110562129,0.2858631698935974,1,40.24625651041666,fad1bb3a6a71e9def8eded0a81c98b68d54719637b1c5757c3403d38df28a5b4
D1,B2_reward3,selective,D1_r04,4,m024_contiguous_substring,94ab69bff5420fbcf4c18d7a247ef0e4b9577d1295271abf78a62f51c3b59a0f,contiguous_substring,intermediate,16,0.1347800679548486,0.2858631698935974,1,40.1544921875,3f05ac8fa51dc7e617e846b15693d974e2415f899284311992cb751af967893e
D1,B2_reward3,selective,D1_r04,4,m025_contiguous_substring,ae330f3e6dd51f734f790820a896827f916e8d775c69ea1f205c55aa81507fe0,contiguous_substring,intermediate,16,0.1200516972721365,0.2858631698935974,1,40.07369791666667,3e6a77eaa4b9362464062b85e329aa407f7d7cb8ba752323a7f4ac04ed188977
D1,B2_reward3,selective,D1_r04,4,m026_contiguous_substring,5d3c5ea59a3a81c2ffdcfc7029fe0ab078b39be0217f1ee2611101845014273b,contiguous_substring,intermediate,16,0.1188057956934778,0.2858631698935974,1,40.31422526041666,4bec60588ef505487c418a162c4243b7df194f09657244a0e1e6975aaba46cb9
D1,B2_reward3,selective,D1_r04,4,m027_contiguous_substring,6edfbfdb62fbf79744d4ecfb6fe43de95b2133d87a10f24061ecc84297b1c267,contiguous_substring,intermediate,16,0.1097488119791219,0.2858631698935974,1,40.88395182291666,26d872bd3745818309d82cef8e5d0c1bcd133a3cf3d6890a794d97430917249f
D1,B2_reward3,selective,D1_r04,4,m028_contiguous_substring,6f9a04216ce84ed3a2ef19a2010723c498d866f2bb5d6eda67ea1bd16782bfd8,contiguous_substring,intermediate,64,0.2060160421317653,0.2858631698935974,1,39.86803385416667,0276d4a150cf2246aa42063bcd10f9881819fa7bda621ba5ac223e2854f673ea
D1,B2_reward3,selective,D1_r04,4,m029_contiguous_substring,8d4ddfbfac0226f6a695d6b22ee21fbf533251852e95baca71b09f7710bfb22c,contiguous_substring,intermediate,64,0.208598272185373,0.2858631698935974,1,41.81315104166666,bbf4f1a08a80b56cc2de22215e02c5b8fd5aa3284d33ee9feafb725b18eb0a57
D1,B2_reward3,selective,D1_r04,4,m030_contiguous_substring,6ff19e1927dcafbb441ab0b4a0a61b92d1295d402f3277307a3f5b9d7850b98a,contiguous_substring,intermediate,64,0.2020892861222004,0.2858631698935974,1,41.659765625000006,b094d94c2d3c0286937101baf9e78585d5bfc275a8bdbc248b1dc8a0ae6e5635
D1,B2_reward3,selective,D1_r04,4,m031_contiguous_substring,c824c782df91faee7515c9d811fab43ed5426465074d2e812a5277507d28ae96,contiguous_substring,intermediate,256,0.2571244251839645,0.2858631698935974,1,43.14869791666667,746671f00464a60eb73684afce531d0ecf352c65404a0808255d0ec52da8dc1e
D1,B2_reward3,selective,D1_r04,4,m032_contiguous_substring,ef835eb9c371f618c6958654a7d25a1df1d12c09a53ecf66f9209fb882a8542d,contiguous_substring,intermediate,256,0.2565097986013453,0.2858631698935974,1,46.04833984375001,53e89c7e5b216fe3bbaf732666dd94174221217c3b1c226fdeface109f7c0dc7
D1,B2_reward3,selective,D1_r04,4,m033_identity,2f88e9ce00d238e7e011a7b140b413dcad818f1da41a721f914f1af604d0e217,identity,identity,1024,0.2858631698935974,0.2858631698935974,1,56.92721354166666,6cc065f7968136afa4b6f2544a4a024cd2c1a2af7eecf26fff7b2a62de0dc3ce
D1,B2_reward3,selective,D1_r05,5,actual,actual,unintervened,actual,1024,0.2758901571400171,0.2758901571400171,0,57.88151041666666,015264ae56507178a28d288be2038c76bbc45f44c3abf493b036a1d099f5b4ef
D1,B2_reward3,selective,D1_r05,5,m000_constant,9f1dcbc35c350d6027f98be0f5c8b43b42ca52b7604459c0c42be3aa88913d47,constant,constant,1,8.008566259537293e-17,0.2758901571400171,0,40.209375,51b4033b30529c0c953a91ddd3418853fec73e1dc307918521e689ede83f1bf2
D1,B2_reward3,selective,D1_r05,5,m001_balanced_random_group,92b504e9a4f322032a2ebce33411098a41a2a69d6887c968769f3a9a2ea21c06,balanced_random_group,intermediate,2,0.007151645947438,0.2758901571400171,0,40.26920572916666,2eb5d44c301f6e631e175882aa2e3e156424a73ce86c0c564b59bc78bb634f00
D1,B2_reward3,selective,D1_r05,5,m002_affinity_rank_group,3f53151fb2f814971fd6c0128c5c0b7afe1b5cb5257e46a1db18b8ebc9946d94,affinity_rank_group,intermediate,2,0.0101424521098152,0.2758901571400171,0,40.22884114583334,6505179e8349cd16570a3b570b1ce187718c5fb7f5be6051d54987cc312362e2
D1,B2_reward3,selective,D1_r05,5,m003_balanced_random_group,9dfc99282a2611725eedb2b565b32cd10fc18a0134da7cdb73782304b3289c63,balanced_random_group,intermediate,4,0.0430747248192129,0.2758901571400171,0,40.25517578125,02ede0147a801151a8f1cfd61bfe7505f2d329ccf47b1d618a64ada474e569fe
D1,B2_reward3,selective,D1_r05,5,m004_affinity_rank_group,92e56b0f11cdce879476507882d715f1eecc12de134fc3982530e28ffd4eba29,affinity_rank_group,intermediate,4,0.0346231222844688,0.2758901571400171,0,40.24254557291667,73933b9b4f52449255c5e10e21c5be26b5096c6dbac53377be02c5056870f284
D1,B2_reward3,selective,D1_r05,5,m005_balanced_random_group,e2b3ca6094b3924ebad53b485b64e15442e181cf7c3b24782a1ecc43aada1d67,balanced_random_group,intermediate,8,0.0791981537498876,0.2758901571400171,0,40.60123697916666,9b93de2f58e248419d35f3d7953eb42b4ec86ef1504c5b63f4f67a8624497a4d
D1,B2_reward3,selective,D1_r05,5,m006_affinity_rank_group,0a19adabdd017fc722384804e89caf4ecf35837689486f63c24094087da5c2ba,affinity_rank_group,intermediate,8,0.0784707904892196,0.2758901571400171,0,40.23671875,8674c7a49c67d714c658d372bb68993c11deab36f04a7e4c451d162eb88ba4b1
D1,B2_reward3,selective,D1_r05,5,m007_balanced_random_group,1e9c498addbf3c84d0e7fa0b4a7ed1547a79d3addeb621aee136d71ed6115385,balanced_random_group,intermediate,16,0.1171138538721997,0.2758901571400171,0,40.36598307291666,698c32ec159127c30d827e1af7ea9ca71d90bc51da08a8eabbd37551aa4f4839
D1,B2_reward3,selective,D1_r05,5,m008_affinity_rank_group,d176c8d0ee881709b5af7061b49578d8041bef9dde73ceb9e47e4dd86f7ee987,affinity_rank_group,intermediate,16,0.1238896091931813,0.2758901571400171,0,40.47838541666667,94ab09aa6ff3037a49adfe0e83f2a8e560e662876390d84383afc19d12bb6ba0
D1,B2_reward3,selective,D1_r05,5,m009_balanced_random_group,0aed763827cb82fb93b7e68b65380843df3d67d84b6ded1b427ad8b179551498,balanced_random_group,intermediate,32,0.1700185585164424,0.2758901571400171,0,40.01471354166667,076984d1dab15159c2d0bad925bc4625132e9029fc5a2786540bf5e71711e94f
D1,B2_reward3,selective,D1_r05,5,m010_affinity_rank_group,a08bb91ec0e66d0b3afe5332032fd3fb6769016bc04c2710b5e01a8e599df454,affinity_rank_group,intermediate,32,0.1709861830639772,0.2758901571400171,0,41.34501953125001,f125fa577adbcda950de438d4831f19e63242584e072ce6ad10a2c5c2e31a589
D1,B2_reward3,selective,D1_r05,5,m011_balanced_random_group,b63ae2e9169c6a1fbead64d1209982c801759cce33d761d4009afed76a67a448,balanced_random_group,intermediate,64,0.2387703643836321,0.2758901571400171,0,41.697819010416666,19d0b9eb700f61c1ddf2e6e213761824dd15fc7748c3829cb93f078725408c59
D1,B2_reward3,selective,D1_r05,5,m012_affinity_rank_group,6ac4e014d135d7a7fbd4592fdf320f48570dc4bce5e1a5c2ca6054715b80f98a,affinity_rank_group,intermediate,64,0.2226108672872961,0.2758901571400171,0,42.27031249999999,d52cde8c7de709a2221fdeede0121c01979b231eee318354851e1cf71b9869b8
D1,B2_reward3,selective,D1_r05,5,m013_balanced_random_group,8592d3fec701388f78dc4afe98264f46de098d11b571e0fc626bdf4ef128244a,balanced_random_group,intermediate,128,0.250706302351311,0.2758901571400171,0,41.4958984375,ad39aa4a025f5000f825293057fd46368f9c72624a2211b48885d817f6e206d7
D1,B2_reward3,selective,D1_r05,5,m014_affinity_rank_group,4c0d0a036a5c51abb14f88b143c35a9a2e7cecb590d4d0752b078fe3b59a18dd,affinity_rank_group,intermediate,128,0.2556572778106805,0.2758901571400171,0,45.76682942708334,6d2cca4b6b80ae1023b512346f33bd52e6a84d6f1b222cb718bfbf38ef1cc9d7
D1,B2_reward3,selective,D1_r05,5,m015_balanced_random_group,3f2241b0ff61b39e1ebdcccbaf77cc695344be10cc4c5c5e44bbc8cf4b9ee9e5,balanced_random_group,intermediate,256,0.2683464037663007,0.2758901571400171,0,45.02718098958334,23606164348cab1a9899d5fdf4be4290362244445d34d6ffea914e882ff9074d
D1,B2_reward3,selective,D1_r05,5,m016_affinity_rank_group,cf78b05538711825e0795152b13c3d2c15b5cd16f89c1995f7b006d8bc57c6a2,affinity_rank_group,intermediate,256,0.2680567085993747,0.2758901571400171,0,46.2509765625,a06ce84780af1354cf7b2a11ed008072709991a3ff769532a8cf574f50327f1f
D1,B2_reward3,selective,D1_r05,5,m017_balanced_random_group,01c67fe0522330b039a343ca58f3517bce2156836302293eba1b0d27d77e2522,balanced_random_group,intermediate,512,0.2743599396177202,0.2758901571400171,0,48.38115234375,f19461460e2dc721ba741f87df57314c71e810d7c859d2304a6034d907eca4e7
D1,B2_reward3,selective,D1_r05,5,m018_affinity_rank_group,24a6acb87a7364b0b1cbbe6fecc84df53e5243c78a06a6c6c4e7354b3e359435,affinity_rank_group,intermediate,512,0.2732258592015942,0.2758901571400171,0,49.92972005208334,597203a7c19391bf3893e9178dea78d4b349ac1d4b30d638dc0525f25920bc37
D1,B2_reward3,selective,D1_r05,5,m019_contiguous_substring,16cfd655e57fba08a658c1d50e1fe5976b2f905eee09ec260833cfb2b49d6f38,contiguous_substring,intermediate,4,0.0361974316834627,0.2758901571400171,0,40.15540364583334,335a2fd5277b9f98d0e85e782789c3c70ff04aa10cb365c3511f6d8a672778c4
D1,B2_reward3,selective,D1_r05,5,m020_contiguous_substring,6fb076d21f3b26febc2e6a328628b3ea581ce0709de4263bbe675d61bdb74942,contiguous_substring,intermediate,4,0.0382234316575255,0.2758901571400171,0,40.01692708333333,cfebdeb890617be9c0482a5256c92cc03a347cb118b0bc192e4940c9b967cd54
D1,B2_reward3,selective,D1_r05,5,m021_contiguous_substring,3ac98b3bd2edbbfc3b4339ca0066047ccba8e1cfa0ce798acbd27bab5b87d8af,contiguous_substring,intermediate,4,0.0323910595846863,0.2758901571400171,0,40.72666015625,a76ee82eaa65cd363593dc2e9c0a24f1877e8091528fd97566341fb784cd6098
D1,B2_reward3,selective,D1_r05,5,m022_contiguous_substring,fc015e86e4e7f2c734c05fb1135856a6186a7b6e6f3079acc6d6c6e4aa7442e4,contiguous_substring,intermediate,4,0.0368904830457656,0.2758901571400171,0,40.11256510416667,16ab071f9b58346ff19276751574d9412447567b525a1c7e5672c5c408849d66
D1,B2_reward3,selective,D1_r05,5,m023_contiguous_substring,6d8bb74bcdeefe62988bcebfe3cdb7110ea14648c3393721f4a4095032ddf61b,contiguous_substring,intermediate,4,0.0444223220284777,0.2758901571400171,0,40.16350911458333,290aafc6a2fa9c68e11fd8e345c8227dfb745197c15d8fa8d89df977da929086
D1,B2_reward3,selective,D1_r05,5,m024_contiguous_substring,94ab69bff5420fbcf4c18d7a247ef0e4b9577d1295271abf78a62f51c3b59a0f,contiguous_substring,intermediate,16,0.1268172588144071,0.2758901571400171,0,40.17041015625001,d752cbd4dae142178f31296189b81d974b39bbd888f33b72366423e2b695f2c4
D1,B2_reward3,selective,D1_r05,5,m025_contiguous_substring,ae330f3e6dd51f734f790820a896827f916e8d775c69ea1f205c55aa81507fe0,contiguous_substring,intermediate,16,0.1245860264040961,0.2758901571400171,0,40.277571614583344,c4931f50e9b0673ac10f7132d6476c8b9c000d4fbb541db6f64bddc687617959
D1,B2_reward3,selective,D1_r05,5,m026_contiguous_substring,5d3c5ea59a3a81c2ffdcfc7029fe0ab078b39be0217f1ee2611101845014273b,contiguous_substring,intermediate,16,0.1227125357043548,0.2758901571400171,0,41.19599609375,2c5b95327a0c8e61dd346e41307b535e3a38b9ccebaa345ef6b28f6961482d23
D1,B2_reward3,selective,D1_r05,5,m027_contiguous_substring,6edfbfdb62fbf79744d4ecfb6fe43de95b2133d87a10f24061ecc84297b1c267,contiguous_substring,intermediate,16,0.1299540052519839,0.2758901571400171,0,40.32571614583333,1ad1a20ef65a8b9297d221a7141e56f9aed396a7cb9c0d3bc1f43d92282951eb
D1,B2_reward3,selective,D1_r05,5,m028_contiguous_substring,6f9a04216ce84ed3a2ef19a2010723c498d866f2bb5d6eda67ea1bd16782bfd8,contiguous_substring,intermediate,64,0.1925765241847148,0.2758901571400171,0,41.87301432291667,6d88216c77a148cc247deef375ead29c828291b4f02d8b1fb6081dffd9887535
D1,B2_reward3,selective,D1_r05,5,m029_contiguous_substring,8d4ddfbfac0226f6a695d6b22ee21fbf533251852e95baca71b09f7710bfb22c,contiguous_substring,intermediate,64,0.1840779350481037,0.2758901571400171,0,40.794531250000006,3db831dcc57777988451881a6847ab4f8cf68ac600a86ab451ba9066a67174a5
D1,B2_reward3,selective,D1_r05,5,m030_contiguous_substring,6ff19e1927dcafbb441ab0b4a0a61b92d1295d402f3277307a3f5b9d7850b98a,contiguous_substring,intermediate,64,0.1846376499299251,0.2758901571400171,0,40.8640625,cd9e6ed1158c1053c2ccbed05e74468a92d6a7e26b255f3185d2ca42bfe1453a
D1,B2_reward3,selective,D1_r05,5,m031_contiguous_substring,c824c782df91faee7515c9d811fab43ed5426465074d2e812a5277507d28ae96,contiguous_substring,intermediate,256,0.2414911454025087,0.2758901571400171,0,48.1671875,00f1998948fc0b582dd354af3acee91f0f19647ac10ae4a8e5d74505d28c3bbe
D1,B2_reward3,selective,D1_r05,5,m032_contiguous_substring,ef835eb9c371f618c6958654a7d25a1df1d12c09a53ecf66f9209fb882a8542d,contiguous_substring,intermediate,256,0.2371423602569815,0.2758901571400171,0,41.56178385416667,b63400cf4f7f8656d0ab00ab49fc6aa648340054a33b44dc7cda58031079b400
D1,B2_reward3,selective,D1_r05,5,m033_identity,2f88e9ce00d238e7e011a7b140b413dcad818f1da41a721f914f1af604d0e217,identity,identity,1024,0.2758901571400171,0.2758901571400171,0,57.88151041666666,015264ae56507178a28d288be2038c76bbc45f44c3abf493b036a1d099f5b4ef
D1,B2_reward3,selective,D1_r05,5,actual,actual,unintervened,actual,1024,0.2758901571400171,0.2758901571400171,1,57.977604166666666,10c11ff344fbc208fca288b0d07fb762c7b36872fa47ffdd9a9f2fa42ce69350
D1,B2_reward3,selective,D1_r05,5,m000_constant,9f1dcbc35c350d6027f98be0f5c8b43b42ca52b7604459c0c42be3aa88913d47,constant,constant,1,8.008566259537293e-17,0.2758901571400171,1,40.12548828125,9ef6aed47134974d64de55dabb4f19c87a9d5ecd7504da3f5103569acd76fa5f
D1,B2_reward3,selective,D1_r05,5,m001_balanced_random_group,92b504e9a4f322032a2ebce33411098a41a2a69d6887c968769f3a9a2ea21c06,balanced_random_group,intermediate,2,0.007151645947438,0.2758901571400171,1,40.13082682291667,9e49228ad6d5dedeb55480b52f73f592f4e79f22bc9fee1932d97cb2c1c96b08
D1,B2_reward3,selective,D1_r05,5,m002_affinity_rank_group,3f53151fb2f814971fd6c0128c5c0b7afe1b5cb5257e46a1db18b8ebc9946d94,affinity_rank_group,intermediate,2,0.0101424521098152,0.2758901571400171,1,40.10917968750001,ac0a6e3727dd44cfc2d90c4e8fc82949a02dc60c3d3dd5da6f499cd39e8bab99
D1,B2_reward3,selective,D1_r05,5,m003_balanced_random_group,9dfc99282a2611725eedb2b565b32cd10fc18a0134da7cdb73782304b3289c63,balanced_random_group,intermediate,4,0.0430747248192129,0.2758901571400171,1,40.16155598958333,2b32bf00686fc2f5f4dab9f70a242b68568445dfeb6c80e58bf37834d67f9889
D1,B2_reward3,selective,D1_r05,5,m004_affinity_rank_group,92e56b0f11cdce879476507882d715f1eecc12de134fc3982530e28ffd4eba29,affinity_rank_group,intermediate,4,0.0346231222844688,0.2758901571400171,1,40.11162109375,c9b3563244ff3d3ced942ae181f5b08a1440df98c83a7edf87e43753d722e6a3
D1,B2_reward3,selective,D1_r05,5,m005_balanced_random_group,e2b3ca6094b3924ebad53b485b64e15442e181cf7c3b24782a1ecc43aada1d67,balanced_random_group,intermediate,8,0.0791981537498876,0.2758901571400171,1,40.30498046875,bce3737d455d5b940ff652a6e44a01dc2133b49ff75d266e993bcc0931064092
D1,B2_reward3,selective,D1_r05,5,m006_affinity_rank_group,0a19adabdd017fc722384804e89caf4ecf35837689486f63c24094087da5c2ba,affinity_rank_group,intermediate,8,0.0784707904892196,0.2758901571400171,1,39.987858072916666,a1549731b497ee1b15c21160c092c574eb1365f34484fbbc25462633a442db5a
D1,B2_reward3,selective,D1_r05,5,m007_balanced_random_group,1e9c498addbf3c84d0e7fa0b4a7ed1547a79d3addeb621aee136d71ed6115385,balanced_random_group,intermediate,16,0.1171138538721997,0.2758901571400171,1,40.27535807291667,78903f2f372eea3a83fcd2710e076206e4c7428ed0a0989c1ded9e79ac50faac
D1,B2_reward3,selective,D1_r05,5,m008_affinity_rank_group,d176c8d0ee881709b5af7061b49578d8041bef9dde73ceb9e47e4dd86f7ee987,affinity_rank_group,intermediate,16,0.1238896091931813,0.2758901571400171,1,40.19964192708334,d651a97c38d38bf3d6ec88c0262c62affef0c5e05d977545c1ac2c2e1e90b1fd
D1,B2_reward3,selective,D1_r05,5,m009_balanced_random_group,0aed763827cb82fb93b7e68b65380843df3d67d84b6ded1b427ad8b179551498,balanced_random_group,intermediate,32,0.1700185585164424,0.2758901571400171,1,39.97438151041666,be0c2d5b47985f6e648f96ffc35470c26b35d24b9b312a8d39f63322d323ddce
D1,B2_reward3,selective,D1_r05,5,m010_affinity_rank_group,a08bb91ec0e66d0b3afe5332032fd3fb6769016bc04c2710b5e01a8e599df454,affinity_rank_group,intermediate,32,0.1709861830639772,0.2758901571400171,1,40.85595703125,3170da83a7311ec8712568048069b7426e41524baa331211fb777a2019c91d2d
D1,B2_reward3,selective,D1_r05,5,m011_balanced_random_group,b63ae2e9169c6a1fbead64d1209982c801759cce33d761d4009afed76a67a448,balanced_random_group,intermediate,64,0.2387703643836321,0.2758901571400171,1,41.89375,e3773c7bfa605c33d39d456c08339b4c3d5b30fb5c8f34046d7ddeaa33598eb9
D1,B2_reward3,selective,D1_r05,5,m012_affinity_rank_group,6ac4e014d135d7a7fbd4592fdf320f48570dc4bce5e1a5c2ca6054715b80f98a,affinity_rank_group,intermediate,64,0.2226108672872961,0.2758901571400171,1,41.98694661458333,81acf179b8d0b88732d7752277e7669390db065392487cfce22031b1cdae6967
D1,B2_reward3,selective,D1_r05,5,m013_balanced_random_group,8592d3fec701388f78dc4afe98264f46de098d11b571e0fc626bdf4ef128244a,balanced_random_group,intermediate,128,0.250706302351311,0.2758901571400171,1,41.55517578125,2aec7000405c0cd727f0f67c6051b0308693f92c1479209056be338356615bfd
D1,B2_reward3,selective,D1_r05,5,m014_affinity_rank_group,4c0d0a036a5c51abb14f88b143c35a9a2e7cecb590d4d0752b078fe3b59a18dd,affinity_rank_group,intermediate,128,0.2556572778106805,0.2758901571400171,1,44.89879557291667,8abd17c9de3164301f4760fa8153f87c0393768b29d94eecd64ee78e8cf5fd8e
D1,B2_reward3,selective,D1_r05,5,m015_balanced_random_group,3f2241b0ff61b39e1ebdcccbaf77cc695344be10cc4c5c5e44bbc8cf4b9ee9e5,balanced_random_group,intermediate,256,0.2683464037663007,0.2758901571400171,1,45.787109375,2e2c15d2dec518db0c2287ab5f95a5ff02dd5c4a3791121e707ad953ac635aca
D1,B2_reward3,selective,D1_r05,5,m016_affinity_rank_group,cf78b05538711825e0795152b13c3d2c15b5cd16f89c1995f7b006d8bc57c6a2,affinity_rank_group,intermediate,256,0.2680567085993747,0.2758901571400171,1,46.66510416666667,4bfb656bdfc35540f2f98e4a3d81a98bcd5bbafbaee5f7bd6b375d8ff8262fb4
D1,B2_reward3,selective,D1_r05,5,m017_balanced_random_group,01c67fe0522330b039a343ca58f3517bce2156836302293eba1b0d27d77e2522,balanced_random_group,intermediate,512,0.2743599396177202,0.2758901571400171,1,48.9166015625,583e378da679963c4afd8f2315aeca1d99b0361241d1d37c304e790945db581c
D1,B2_reward3,selective,D1_r05,5,m018_affinity_rank_group,24a6acb87a7364b0b1cbbe6fecc84df53e5243c78a06a6c6c4e7354b3e359435,affinity_rank_group,intermediate,512,0.2732258592015942,0.2758901571400171,1,49.317578125,3ef50647633d43671d177d6d72d188cd5a3eff9b2971e06c499c1b9e2e26e3ed
D1,B2_reward3,selective,D1_r05,5,m019_contiguous_substring,16cfd655e57fba08a658c1d50e1fe5976b2f905eee09ec260833cfb2b49d6f38,contiguous_substring,intermediate,4,0.0361974316834627,0.2758901571400171,1,40.00625,30b983298f73e7e329c011fec76cdc63f9e874d5878f92dcd06adc46f126676b
D1,B2_reward3,selective,D1_r05,5,m020_contiguous_substring,6fb076d21f3b26febc2e6a328628b3ea581ce0709de4263bbe675d61bdb74942,contiguous_substring,intermediate,4,0.0382234316575255,0.2758901571400171,1,39.94765625,22e0ac660821f850027b5167f172261551c5c028392807754fdccd3e3a134ce9
D1,B2_reward3,selective,D1_r05,5,m021_contiguous_substring,3ac98b3bd2edbbfc3b4339ca0066047ccba8e1cfa0ce798acbd27bab5b87d8af,contiguous_substring,intermediate,4,0.0323910595846863,0.2758901571400171,1,40.54033203125,9ce7b6560d36884121679bfde898ffdc7f6319d9288c7ad20b121c4dc3ef1309
D1,B2_reward3,selective,D1_r05,5,m022_contiguous_substring,fc015e86e4e7f2c734c05fb1135856a6186a7b6e6f3079acc6d6c6e4aa7442e4,contiguous_substring,intermediate,4,0.0368904830457656,0.2758901571400171,1,39.95146484375,e9b73bd0f7d5cc9fc0f1467c0a0fc51d8b44315412618c9592f1f5d27e781f9d
D1,B2_reward3,selective,D1_r05,5,m023_contiguous_substring,6d8bb74bcdeefe62988bcebfe3cdb7110ea14648c3393721f4a4095032ddf61b,contiguous_substring,intermediate,4,0.0444223220284777,0.2758901571400171,1,40.001074218750006,ee8d5dbd0d83f2f1845a6c611d89768b579867c637a49bd1e77a872da9ae61ee
D1,B2_reward3,selective,D1_r05,5,m024_contiguous_substring,94ab69bff5420fbcf4c18d7a247ef0e4b9577d1295271abf78a62f51c3b59a0f,contiguous_substring,intermediate,16,0.1268172588144071,0.2758901571400171,1,40.013769531250006,b2b89306162888434fe30aac7a5b017603ec154df386cdc146158273f0870097
D1,B2_reward3,selective,D1_r05,5,m025_contiguous_substring,ae330f3e6dd51f734f790820a896827f916e8d775c69ea1f205c55aa81507fe0,contiguous_substring,intermediate,16,0.1245860264040961,0.2758901571400171,1,40.15299479166666,4ca33a3c35615b9245785c72d288c7e97b2e4333f105e2eee2625142661cb496
D1,B2_reward3,selective,D1_r05,5,m026_contiguous_substring,5d3c5ea59a3a81c2ffdcfc7029fe0ab078b39be0217f1ee2611101845014273b,contiguous_substring,intermediate,16,0.1227125357043548,0.2758901571400171,1,40.94674479166667,9188e1dd04d495d0918be486dec869e63351f3de3f862475b2676f30d08d9b22
D1,B2_reward3,selective,D1_r05,5,m027_contiguous_substring,6edfbfdb62fbf79744d4ecfb6fe43de95b2133d87a10f24061ecc84297b1c267,contiguous_substring,intermediate,16,0.1299540052519839,0.2758901571400171,1,40.08548177083333,60a845c0bc5e2e7c7fb1e561bb537b676f3eff8acaf481d319f9a487abcb15fa
D1,B2_reward3,selective,D1_r05,5,m028_contiguous_substring,6f9a04216ce84ed3a2ef19a2010723c498d866f2bb5d6eda67ea1bd16782bfd8,contiguous_substring,intermediate,64,0.1925765241847148,0.2758901571400171,1,41.77171223958333,061da298ead528cf7897d869253c4e2ecae77833fffa8dc8f3d97d12ad681f89
D1,B2_reward3,selective,D1_r05,5,m029_contiguous_substring,8d4ddfbfac0226f6a695d6b22ee21fbf533251852e95baca71b09f7710bfb22c,contiguous_substring,intermediate,64,0.1840779350481037,0.2758901571400171,1,40.69964192708333,9dff67e24d299d436023c5aa03a94273ef456e6059f34ddd0277f1d88146b093
D1,B2_reward3,selective,D1_r05,5,m030_contiguous_substring,6ff19e1927dcafbb441ab0b4a0a61b92d1295d402f3277307a3f5b9d7850b98a,contiguous_substring,intermediate,64,0.1846376499299251,0.2758901571400171,1,40.64150390625,f2bd42db5115d2e5f5973c32c0f6c21a21f14a1e34bdf806002ef227f7b4c9d7
D1,B2_reward3,selective,D1_r05,5,m031_contiguous_substring,c824c782df91faee7515c9d811fab43ed5426465074d2e812a5277507d28ae96,contiguous_substring,intermediate,256,0.2414911454025087,0.2758901571400171,1,48.97740885416667,03553ba44e51e9080f2a8f9ecf5c1b849879d406e17ba31fa8b81d198be129d0
D1,B2_reward3,selective,D1_r05,5,m032_contiguous_substring,ef835eb9c371f618c6958654a7d25a1df1d12c09a53ecf66f9209fb882a8542d,contiguous_substring,intermediate,256,0.2371423602569815,0.2758901571400171,1,42.28336588541666,a9a26357ade9f0e5b8307e8ed37a1040dc81b3bc8f41187482e30fd3dbc7e0b5
D1,B2_reward3,selective,D1_r05,5,m033_identity,2f88e9ce00d238e7e011a7b140b413dcad818f1da41a721f914f1af604d0e217,identity,identity,1024,0.2758901571400171,0.2758901571400171,1,57.977604166666666,10c11ff344fbc208fca288b0d07fb762c7b36872fa47ffdd9a9f2fa42ce69350
D1,B2_reward3,selective,D1_r06,6,actual,actual,unintervened,actual,1024,0.2751514716399015,0.2751514716399015,0,55.74065755208333,c0d5441f72cb5eb793d71af7d2a6fc3e91a52238d63e4cda57357cbf22672362
D1,B2_reward3,selective,D1_r06,6,m000_constant,9f1dcbc35c350d6027f98be0f5c8b43b42ca52b7604459c0c42be3aa88913d47,constant,constant,1,8.008566259537293e-17,0.2751514716399015,0,40.31276041666666,60c98de3a685069ff9d3bcb04bd90998717203e4e8e061ff4690f89daf1a3097
D1,B2_reward3,selective,D1_r06,6,m001_balanced_random_group,92b504e9a4f322032a2ebce33411098a41a2a69d6887c968769f3a9a2ea21c06,balanced_random_group,intermediate,2,0.0110607766314776,0.2751514716399015,0,40.3365234375,bc4edffd7bb825c4ba417454c881044fad09a02823be4a68ea39469ea7c88156
D1,B2_reward3,selective,D1_r06,6,m002_affinity_rank_group,3f53151fb2f814971fd6c0128c5c0b7afe1b5cb5257e46a1db18b8ebc9946d94,affinity_rank_group,intermediate,2,0.005090192102405,0.2751514716399015,0,40.27418619791667,f0a30da909efe7c226ad978776fb94127d75ee480aa60088bb274fa7b9b008c4
D1,B2_reward3,selective,D1_r06,6,m003_balanced_random_group,9dfc99282a2611725eedb2b565b32cd10fc18a0134da7cdb73782304b3289c63,balanced_random_group,intermediate,4,0.0543125913444176,0.2751514716399015,0,40.21888020833333,2efc0193ed21e00d5cdb8468ecfa02f35971ba2d97474878002a63bf5b59b7b1
D1,B2_reward3,selective,D1_r06,6,m004_affinity_rank_group,92e56b0f11cdce879476507882d715f1eecc12de134fc3982530e28ffd4eba29,affinity_rank_group,intermediate,4,0.0349653561397307,0.2751514716399015,0,40.05439453125,0ea5bd179cb2cb8dc6af28a0c5edfd17b048efe0e169e52dde968f564dd21f0a
D1,B2_reward3,selective,D1_r06,6,m005_balanced_random_group,e2b3ca6094b3924ebad53b485b64e15442e181cf7c3b24782a1ecc43aada1d67,balanced_random_group,intermediate,8,0.0721454376466154,0.2751514716399015,0,40.88610026041667,9a4b35e664ddb090fe55497483bdc78e51a2f3caf78ab48c6f84a11ea5561297
D1,B2_reward3,selective,D1_r06,6,m006_affinity_rank_group,0a19adabdd017fc722384804e89caf4ecf35837689486f63c24094087da5c2ba,affinity_rank_group,intermediate,8,0.0855500420898394,0.2751514716399015,0,40.14095052083333,be33753cf8dec90ba46b0120e9c330c9f5caef85c64a5291898a9ef8c2ef605a
D1,B2_reward3,selective,D1_r06,6,m007_balanced_random_group,1e9c498addbf3c84d0e7fa0b4a7ed1547a79d3addeb621aee136d71ed6115385,balanced_random_group,intermediate,16,0.1152347546176671,0.2751514716399015,0,40.64733072916667,6785a3354eb8946fb9fd90a1f74eed7c5e33ff4522ef8a44b2e22887eb675f5d
D1,B2_reward3,selective,D1_r06,6,m008_affinity_rank_group,d176c8d0ee881709b5af7061b49578d8041bef9dde73ceb9e47e4dd86f7ee987,affinity_rank_group,intermediate,16,0.1413251795724198,0.2751514716399015,0,40.05485026041667,0da9cd04a30b7ff5c9b4a7a08f633f52b6d64a930eb39fd00d5161ec8d027b1d
D1,B2_reward3,selective,D1_r06,6,m009_balanced_random_group,0aed763827cb82fb93b7e68b65380843df3d67d84b6ded1b427ad8b179551498,balanced_random_group,intermediate,32,0.1812056725550484,0.2751514716399015,0,40.82965494791666,70214efe7eaa0fb7c69e2c01b847d652c8ea6d6b9b1c66115f99484928a64aac
D1,B2_reward3,selective,D1_r06,6,m010_affinity_rank_group,a08bb91ec0e66d0b3afe5332032fd3fb6769016bc04c2710b5e01a8e599df454,affinity_rank_group,intermediate,32,0.1897282878658554,0.2751514716399015,0,40.1595703125,f267f54939c0da1fd90f51d97a272ea208e0ea032f87762cd8411eb22c027abc
D1,B2_reward3,selective,D1_r06,6,m011_balanced_random_group,b63ae2e9169c6a1fbead64d1209982c801759cce33d761d4009afed76a67a448,balanced_random_group,intermediate,64,0.2096962708291301,0.2751514716399015,0,42.31595052083334,b15b317d68c8dcddd3e03b1922ca796fd2d61d5f6d6e993576a78d0ca36e0d66
D1,B2_reward3,selective,D1_r06,6,m012_affinity_rank_group,6ac4e014d135d7a7fbd4592fdf320f48570dc4bce5e1a5c2ca6054715b80f98a,affinity_rank_group,intermediate,64,0.2303072849526492,0.2751514716399015,0,40.73076171875,9b54fcf6d7a5cb2471a8b64ca2c2b734f110052bdd88d101b4f7b7adc0ebbdfb
D1,B2_reward3,selective,D1_r06,6,m013_balanced_random_group,8592d3fec701388f78dc4afe98264f46de098d11b571e0fc626bdf4ef128244a,balanced_random_group,intermediate,128,0.2363494045279903,0.2751514716399015,0,42.345052083333336,e2358bc36d9225eeb799c4c158ebf5ea35d3bc4a86bb3b0598e763a5e1948b88
D1,B2_reward3,selective,D1_r06,6,m014_affinity_rank_group,4c0d0a036a5c51abb14f88b143c35a9a2e7cecb590d4d0752b078fe3b59a18dd,affinity_rank_group,intermediate,128,0.2545635662216998,0.2751514716399015,0,42.553450520833344,f8e71913afac5d4b2e686b702904075e9109655c6f2a50ec50a6a8f4c8bd1423
D1,B2_reward3,selective,D1_r06,6,m015_balanced_random_group,3f2241b0ff61b39e1ebdcccbaf77cc695344be10cc4c5c5e44bbc8cf4b9ee9e5,balanced_random_group,intermediate,256,0.2629250474090764,0.2751514716399015,0,43.79293619791666,c36bdc1c1459b9338a7b53a0179df879528fd2317af38121cf5d3d8b2de33465
D1,B2_reward3,selective,D1_r06,6,m016_affinity_rank_group,cf78b05538711825e0795152b13c3d2c15b5cd16f89c1995f7b006d8bc57c6a2,affinity_rank_group,intermediate,256,0.2685925051789335,0.2751514716399015,0,46.48889973958333,d5b826498e653cff375e23efee9a2b1dbf0e7aa02c5ce6a11fc074b6ea6865c7
D1,B2_reward3,selective,D1_r06,6,m017_balanced_random_group,01c67fe0522330b039a343ca58f3517bce2156836302293eba1b0d27d77e2522,balanced_random_group,intermediate,512,0.267957302231279,0.2751514716399015,0,49.48069661458333,1b92223f4b0dd07bb5eecbbec1fa6bb508a814a83fb88c00c5e9053aeb6483ff
D1,B2_reward3,selective,D1_r06,6,m018_affinity_rank_group,24a6acb87a7364b0b1cbbe6fecc84df53e5243c78a06a6c6c4e7354b3e359435,affinity_rank_group,intermediate,512,0.2736621123293608,0.2751514716399015,0,49.589420572916666,8293ff6a29e681603fafa05ed72ad08ca40220614d52092ac3cbd9471929b15d
D1,B2_reward3,selective,D1_r06,6,m019_contiguous_substring,16cfd655e57fba08a658c1d50e1fe5976b2f905eee09ec260833cfb2b49d6f38,contiguous_substring,intermediate,4,0.0433374558168693,0.2751514716399015,0,40.36712239583333,803d2d5e2c68b1af7be24d5fdfb1876dbaf08cb10494e75f06590511a982894d
D1,B2_reward3,selective,D1_r06,6,m020_contiguous_substring,6fb076d21f3b26febc2e6a328628b3ea581ce0709de4263bbe675d61bdb74942,contiguous_substring,intermediate,4,0.0462275926371937,0.2751514716399015,0,40.43046875000001,35ae6b245c1ec6eda8d14fbbe8712e76560d03de17d78bc6b0634b1e5373e4b9
D1,B2_reward3,selective,D1_r06,6,m021_contiguous_substring,3ac98b3bd2edbbfc3b4339ca0066047ccba8e1cfa0ce798acbd27bab5b87d8af,contiguous_substring,intermediate,4,0.0399162100466825,0.2751514716399015,0,40.63457031250001,3f2e6ee97163a39fe2209a5c7bf3e18c67bf307f4085405008680f595b8569bd
D1,B2_reward3,selective,D1_r06,6,m022_contiguous_substring,fc015e86e4e7f2c734c05fb1135856a6186a7b6e6f3079acc6d6c6e4aa7442e4,contiguous_substring,intermediate,4,0.0305912248684864,0.2751514716399015,0,40.42421875,452d12ee9d0b8316793ec001af7effebe8cc911593c9e9bf79788284d03a3682
D1,B2_reward3,selective,D1_r06,6,m023_contiguous_substring,6d8bb74bcdeefe62988bcebfe3cdb7110ea14648c3393721f4a4095032ddf61b,contiguous_substring,intermediate,4,0.0305464914978735,0.2751514716399015,0,40.24710286458333,55343889e1cbd054373eaa9d8d04695664632fe5823e358b1418c3f3fc2923df
D1,B2_reward3,selective,D1_r06,6,m024_contiguous_substring,94ab69bff5420fbcf4c18d7a247ef0e4b9577d1295271abf78a62f51c3b59a0f,contiguous_substring,intermediate,16,0.1093125243160027,0.2751514716399015,0,40.93434244791667,84ba22c8e6dd7c7954b70b72f0f2c4a94b4dc59beacbee51661c637e71183438
D1,B2_reward3,selective,D1_r06,6,m025_contiguous_substring,ae330f3e6dd51f734f790820a896827f916e8d775c69ea1f205c55aa81507fe0,contiguous_substring,intermediate,16,0.129968062289202,0.2751514716399015,0,40.78193359375,af5b811dcb012f9ebff704b5bb77df1131d0767067926761b5e63fdeb9006746
D1,B2_reward3,selective,D1_r06,6,m026_contiguous_substring,5d3c5ea59a3a81c2ffdcfc7029fe0ab078b39be0217f1ee2611101845014273b,contiguous_substring,intermediate,16,0.1162443427755718,0.2751514716399015,0,40.72682291666666,ed77c0791f1ba7b25e1a20bb6c4a4d8999c624d6c0b7e22e70f742cf1f67be59
D1,B2_reward3,selective,D1_r06,6,m027_contiguous_substring,6edfbfdb62fbf79744d4ecfb6fe43de95b2133d87a10f24061ecc84297b1c267,contiguous_substring,intermediate,16,0.1284168010887489,0.2751514716399015,0,40.35478515625,917fbdd1784273b3f6e398a4d2caf4a7589d854def16b6a111f7a17831ecbb94
D1,B2_reward3,selective,D1_r06,6,m028_contiguous_substring,6f9a04216ce84ed3a2ef19a2010723c498d866f2bb5d6eda67ea1bd16782bfd8,contiguous_substring,intermediate,64,0.2088961850794363,0.2751514716399015,0,41.49599609375,7cdb68b535d04c02c356665b244a7fbf2f9070a5158eef816d248f454c4acaae
D1,B2_reward3,selective,D1_r06,6,m029_contiguous_substring,8d4ddfbfac0226f6a695d6b22ee21fbf533251852e95baca71b09f7710bfb22c,contiguous_substring,intermediate,64,0.2101818542919724,0.2751514716399015,0,42.79182942708334,8b3f33045015dd7be9eb4d1c7d698410b3675841ed7b9a3dcc52c1d3df77e8f8
D1,B2_reward3,selective,D1_r06,6,m030_contiguous_substring,6ff19e1927dcafbb441ab0b4a0a61b92d1295d402f3277307a3f5b9d7850b98a,contiguous_substring,intermediate,64,0.2084356930076319,0.2751514716399015,0,40.52236328125,36a7207d62e9b4351738b22b40ec4d771446493c82d22031f6b9fdbb515c70af
D1,B2_reward3,selective,D1_r06,6,m031_contiguous_substring,c824c782df91faee7515c9d811fab43ed5426465074d2e812a5277507d28ae96,contiguous_substring,intermediate,256,0.2569254338565815,0.2751514716399015,0,44.77431640625,ef149007221cc8f60f73927d355b33bdf6d3ae2dca91e7158dc9f63b8be4849c
D1,B2_reward3,selective,D1_r06,6,m032_contiguous_substring,ef835eb9c371f618c6958654a7d25a1df1d12c09a53ecf66f9209fb882a8542d,contiguous_substring,intermediate,256,0.2529608358388789,0.2751514716399015,0,44.85836588541667,9a126425dd3d8617b965e21550854e1f1ae1378a76d873935d9f7c3c0f30ae64
D1,B2_reward3,selective,D1_r06,6,m033_identity,2f88e9ce00d238e7e011a7b140b413dcad818f1da41a721f914f1af604d0e217,identity,identity,1024,0.2751514716399015,0.2751514716399015,0,55.74065755208333,c0d5441f72cb5eb793d71af7d2a6fc3e91a52238d63e4cda57357cbf22672362
D1,B2_reward3,selective,D1_r06,6,actual,actual,unintervened,actual,1024,0.2751514716399015,0.2751514716399015,1,56.74817708333333,7502464380f667b07fd305d511e4a9b10f19c7c44da527611f36e52c8261bb0b
D1,B2_reward3,selective,D1_r06,6,m000_constant,9f1dcbc35c350d6027f98be0f5c8b43b42ca52b7604459c0c42be3aa88913d47,constant,constant,1,8.008566259537293e-17,0.2751514716399015,1,40.184147135416666,5d80b7fb890ff176ada1c6699af4959948113241e927efb5ed58a7c898a2123c
D1,B2_reward3,selective,D1_r06,6,m001_balanced_random_group,92b504e9a4f322032a2ebce33411098a41a2a69d6887c968769f3a9a2ea21c06,balanced_random_group,intermediate,2,0.0110607766314776,0.2751514716399015,1,40.225,9492232dd1a1833ca1539215d66f7d31bcbc7648d7560fbac4e296c4e5ccb26f
D1,B2_reward3,selective,D1_r06,6,m002_affinity_rank_group,3f53151fb2f814971fd6c0128c5c0b7afe1b5cb5257e46a1db18b8ebc9946d94,affinity_rank_group,intermediate,2,0.005090192102405,0.2751514716399015,1,40.1576171875,9d7620e4a46e161475861eaca3b5746253927b4b414f4b8ffe900798f6f5790d
D1,B2_reward3,selective,D1_r06,6,m003_balanced_random_group,9dfc99282a2611725eedb2b565b32cd10fc18a0134da7cdb73782304b3289c63,balanced_random_group,intermediate,4,0.0543125913444176,0.2751514716399015,1,40.09710286458333,aec9b99ec0142273d059cd472f821b3c22d04fa6545ba7b5d39c4002654f7764
D1,B2_reward3,selective,D1_r06,6,m004_affinity_rank_group,92e56b0f11cdce879476507882d715f1eecc12de134fc3982530e28ffd4eba29,affinity_rank_group,intermediate,4,0.0349653561397307,0.2751514716399015,1,39.946386718750006,82bc351a6494c2d7b30e447560212b1bf74fd2873c3d107e207884cd2cc5e373
D1,B2_reward3,selective,D1_r06,6,m005_balanced_random_group,e2b3ca6094b3924ebad53b485b64e15442e181cf7c3b24782a1ecc43aada1d67,balanced_random_group,intermediate,8,0.0721454376466154,0.2751514716399015,1,40.76660156249999,98fdaf17d61f60e235de5c38aa9d0756908e00af753a035b41268529cbe045f4
D1,B2_reward3,selective,D1_r06,6,m006_affinity_rank_group,0a19adabdd017fc722384804e89caf4ecf35837689486f63c24094087da5c2ba,affinity_rank_group,intermediate,8,0.0855500420898394,0.2751514716399015,1,40.1357421875,3921d223cf0ab18775c00fb2b01e39fff882191d245a2fff5688c846a5d60cdd
D1,B2_reward3,selective,D1_r06,6,m007_balanced_random_group,1e9c498addbf3c84d0e7fa0b4a7ed1547a79d3addeb621aee136d71ed6115385,balanced_random_group,intermediate,16,0.1152347546176671,0.2751514716399015,1,40.50162760416666,661032cfe393eb7b70cea02e93e7f43413a4f61fc054aaba31c876a2f63a04c4
D1,B2_reward3,selective,D1_r06,6,m008_affinity_rank_group,d176c8d0ee881709b5af7061b49578d8041bef9dde73ceb9e47e4dd86f7ee987,affinity_rank_group,intermediate,16,0.1413251795724198,0.2751514716399015,1,39.782194010416674,d72644e0ca202ee43c795ec7f43953937ef8df880441e7e3e0c4c13aa718f557
D1,B2_reward3,selective,D1_r06,6,m009_balanced_random_group,0aed763827cb82fb93b7e68b65380843df3d67d84b6ded1b427ad8b179551498,balanced_random_group,intermediate,32,0.1812056725550484,0.2751514716399015,1,40.698046875,260a99d77120e0fd3bf300105412334018e690e360737df2377e5fefb718bc88
D1,B2_reward3,selective,D1_r06,6,m010_affinity_rank_group,a08bb91ec0e66d0b3afe5332032fd3fb6769016bc04c2710b5e01a8e599df454,affinity_rank_group,intermediate,32,0.1897282878658554,0.2751514716399015,1,40.10130208333333,0e778c4e7cb7165b383ab4431720e1f683f634066b16ceed09cded74213cb9e7
D1,B2_reward3,selective,D1_r06,6,m011_balanced_random_group,b63ae2e9169c6a1fbead64d1209982c801759cce33d761d4009afed76a67a448,balanced_random_group,intermediate,64,0.2096962708291301,0.2751514716399015,1,42.07692057291666,dff8db7a0fb444811124a15002e0cd4d2678bca57bc3cea2138290861b75bb7c
D1,B2_reward3,selective,D1_r06,6,m012_affinity_rank_group,6ac4e014d135d7a7fbd4592fdf320f48570dc4bce5e1a5c2ca6054715b80f98a,affinity_rank_group,intermediate,64,0.2303072849526492,0.2751514716399015,1,41.200292968750006,2b81515cb9a43e021539ca631ef4f5489e629d29ef7937f6d6dfce4d24733a7c
D1,B2_reward3,selective,D1_r06,6,m013_balanced_random_group,8592d3fec701388f78dc4afe98264f46de098d11b571e0fc626bdf4ef128244a,balanced_random_group,intermediate,128,0.2363494045279903,0.2751514716399015,1,42.37096354166667,56a630ea07abed1def64cc3437d995da43e93958da48721b040e908d065d49df
D1,B2_reward3,selective,D1_r06,6,m014_affinity_rank_group,4c0d0a036a5c51abb14f88b143c35a9a2e7cecb590d4d0752b078fe3b59a18dd,affinity_rank_group,intermediate,128,0.2545635662216998,0.2751514716399015,1,42.85192057291667,353ec0f2defe185b5b5b686e8ead6c29f195df5babe866b106455ef542bc89e4
D1,B2_reward3,selective,D1_r06,6,m015_balanced_random_group,3f2241b0ff61b39e1ebdcccbaf77cc695344be10cc4c5c5e44bbc8cf4b9ee9e5,balanced_random_group,intermediate,256,0.2629250474090764,0.2751514716399015,1,43.5775390625,f691f67324bf367d805af27e0105bcb2b5dcd9f28d5960af4e4cc8f74f78f8db
D1,B2_reward3,selective,D1_r06,6,m016_affinity_rank_group,cf78b05538711825e0795152b13c3d2c15b5cd16f89c1995f7b006d8bc57c6a2,affinity_rank_group,intermediate,256,0.2685925051789335,0.2751514716399015,1,45.81399739583333,bc313441418596bba849642e8c40b1c29fbea00b320361b3842bccbbae90b4cc
D1,B2_reward3,selective,D1_r06,6,m017_balanced_random_group,01c67fe0522330b039a343ca58f3517bce2156836302293eba1b0d27d77e2522,balanced_random_group,intermediate,512,0.267957302231279,0.2751514716399015,1,49.39134114583333,2b5f727ad3be2147a6e95b0acb0cb57743887e9c02d07d0774b22273bc2d6644
D1,B2_reward3,selective,D1_r06,6,m018_affinity_rank_group,24a6acb87a7364b0b1cbbe6fecc84df53e5243c78a06a6c6c4e7354b3e359435,affinity_rank_group,intermediate,512,0.2736621123293608,0.2751514716399015,1,49.37447916666667,3441ad366b520f0f78fd4ea870ef6ac0aa90a82ed1eeeb4b1e02595650060c06
D1,B2_reward3,selective,D1_r06,6,m019_contiguous_substring,16cfd655e57fba08a658c1d50e1fe5976b2f905eee09ec260833cfb2b49d6f38,contiguous_substring,intermediate,4,0.0433374558168693,0.2751514716399015,1,40.1541015625,4e7bdb1d5b5b1ee34e14d1edb874b3319371abbd4182fe2812370ac05093d019
D1,B2_reward3,selective,D1_r06,6,m020_contiguous_substring,6fb076d21f3b26febc2e6a328628b3ea581ce0709de4263bbe675d61bdb74942,contiguous_substring,intermediate,4,0.0462275926371937,0.2751514716399015,1,40.24713541666667,9b17f6efe2fd18e9dd4608335905fed3e09b8b3d86502103bf8659add260626a
D1,B2_reward3,selective,D1_r06,6,m021_contiguous_substring,3ac98b3bd2edbbfc3b4339ca0066047ccba8e1cfa0ce798acbd27bab5b87d8af,contiguous_substring,intermediate,4,0.0399162100466825,0.2751514716399015,1,40.523828125,28d88faa99e2cab49a539718ec981d76623f509f48db98adcd9a10316e58450a
D1,B2_reward3,selective,D1_r06,6,m022_contiguous_substring,fc015e86e4e7f2c734c05fb1135856a6186a7b6e6f3079acc6d6c6e4aa7442e4,contiguous_substring,intermediate,4,0.0305912248684864,0.2751514716399015,1,40.29016927083333,e235a2fe9add34dbda78824004bcb251bdda83f2179343522ea024ffdb7a7c34
D1,B2_reward3,selective,D1_r06,6,m023_contiguous_substring,6d8bb74bcdeefe62988bcebfe3cdb7110ea14648c3393721f4a4095032ddf61b,contiguous_substring,intermediate,4,0.0305464914978735,0.2751514716399015,1,40.09677734375,c745144538239122182fe48134166a348123563e595dc4aa6bcdbb8bf9e2749e
D1,B2_reward3,selective,D1_r06,6,m024_contiguous_substring,94ab69bff5420fbcf4c18d7a247ef0e4b9577d1295271abf78a62f51c3b59a0f,contiguous_substring,intermediate,16,0.1093125243160027,0.2751514716399015,1,40.425553385416656,ed2488ccff686bacd084a199a3f2c708322ae46fa752dc0fb3451f766ea44370
D1,B2_reward3,selective,D1_r06,6,m025_contiguous_substring,ae330f3e6dd51f734f790820a896827f916e8d775c69ea1f205c55aa81507fe0,contiguous_substring,intermediate,16,0.129968062289202,0.2751514716399015,1,40.61803385416667,407205764b22ff26b81322013fdade073262a3d707ca5f2ccc5c30b30de0e5dc
D1,B2_reward3,selective,D1_r06,6,m026_contiguous_substring,5d3c5ea59a3a81c2ffdcfc7029fe0ab078b39be0217f1ee2611101845014273b,contiguous_substring,intermediate,16,0.1162443427755718,0.2751514716399015,1,40.70628255208333,672fadd878b4ad9ebd0756f304be93783bab1e7bcacaa42f42578a701bf8c662
D1,B2_reward3,selective,D1_r06,6,m027_contiguous_substring,6edfbfdb62fbf79744d4ecfb6fe43de95b2133d87a10f24061ecc84297b1c267,contiguous_substring,intermediate,16,0.1284168010887489,0.2751514716399015,1,40.284765625,347210c5701de92a5a790ad692e224af9c18a0883a76407596159ecee0ee9f4f
D1,B2_reward3,selective,D1_r06,6,m028_contiguous_substring,6f9a04216ce84ed3a2ef19a2010723c498d866f2bb5d6eda67ea1bd16782bfd8,contiguous_substring,intermediate,64,0.2088961850794363,0.2751514716399015,1,41.09466145833333,574ec2eb490f6ce97a773b8d0467b40b51f609c02936b3ba6bef61e0a1af08b1
D1,B2_reward3,selective,D1_r06,6,m029_contiguous_substring,8d4ddfbfac0226f6a695d6b22ee21fbf533251852e95baca71b09f7710bfb22c,contiguous_substring,intermediate,64,0.2101818542919724,0.2751514716399015,1,42.7931640625,6fcddd4b17c9529127fb05e536f04571b86a443610ae7f89276fcc26642fd2b0
D1,B2_reward3,selective,D1_r06,6,m030_contiguous_substring,6ff19e1927dcafbb441ab0b4a0a61b92d1295d402f3277307a3f5b9d7850b98a,contiguous_substring,intermediate,64,0.2084356930076319,0.2751514716399015,1,40.39811197916667,8d6ea44a26d828f9c2b10a363dfda54ba404e871edbac69a972ef4bb531b3416
D1,B2_reward3,selective,D1_r06,6,m031_contiguous_substring,c824c782df91faee7515c9d811fab43ed5426465074d2e812a5277507d28ae96,contiguous_substring,intermediate,256,0.2569254338565815,0.2751514716399015,1,45.85445963541667,80839c0bf049c47c67904fb525620d2a0daaa8e569de9752c99f8ed3bab4cb67
D1,B2_reward3,selective,D1_r06,6,m032_contiguous_substring,ef835eb9c371f618c6958654a7d25a1df1d12c09a53ecf66f9209fb882a8542d,contiguous_substring,intermediate,256,0.2529608358388789,0.2751514716399015,1,45.542578125000006,e13acea9db1747eaceb70c7f39a5dc21d0caed9786e89806db22f6aae20c07bc
D1,B2_reward3,selective,D1_r06,6,m033_identity,2f88e9ce00d238e7e011a7b140b413dcad818f1da41a721f914f1af604d0e217,identity,identity,1024,0.2751514716399015,0.2751514716399015,1,56.74817708333333,7502464380f667b07fd305d511e4a9b10f19c7c44da527611f36e52c8261bb0b
D1,B2_reward3,selective,D1_r07,7,actual,actual,unintervened,actual,1024,0.2896683218519399,0.2896683218519399,0,59.05107421875001,aa5226aac864bfe3576fff0b61e09cf70fb5cb34ae77c1b881ae1a8c277112df
D1,B2_reward3,selective,D1_r07,7,m000_constant,9f1dcbc35c350d6027f98be0f5c8b43b42ca52b7604459c0c42be3aa88913d47,constant,constant,1,0.0,0.2896683218519399,0,40.259114583333336,582d99d5a863c279b66c8ebd557637dc2ebfe40e45fee0407a14d06252609f53
D1,B2_reward3,selective,D1_r07,7,m001_balanced_random_group,92b504e9a4f322032a2ebce33411098a41a2a69d6887c968769f3a9a2ea21c06,balanced_random_group,intermediate,2,0.0135238395822785,0.2896683218519399,0,40.19339192708333,56cea5da527916287d4d1798c63449ccb8522ff086bd6658056f5715d6f091d3
D1,B2_reward3,selective,D1_r07,7,m002_affinity_rank_group,3f53151fb2f814971fd6c0128c5c0b7afe1b5cb5257e46a1db18b8ebc9946d94,affinity_rank_group,intermediate,2,0.0127538968524775,0.2896683218519399,0,40.30442708333333,f031fc670331763d3d390294b4ee8b97cbf32a11235598c0f9113d4e32f02d13
D1,B2_reward3,selective,D1_r07,7,m003_balanced_random_group,9dfc99282a2611725eedb2b565b32cd10fc18a0134da7cdb73782304b3289c63,balanced_random_group,intermediate,4,0.0431081108709872,0.2896683218519399,0,40.29371744791667,9480f3d22d2afeeba7f9afe9ac42841add7c8863346225b5174e980d8fb4574b
D1,B2_reward3,selective,D1_r07,7,m004_affinity_rank_group,92e56b0f11cdce879476507882d715f1eecc12de134fc3982530e28ffd4eba29,affinity_rank_group,intermediate,4,0.0359949139504945,0.2896683218519399,0,40.24573567708333,9f4ba15c060dee7d50806c6b55a88ea399d1b39993c52eb248046b733e2b3d4f
D1,B2_reward3,selective,D1_r07,7,m005_balanced_random_group,e2b3ca6094b3924ebad53b485b64e15442e181cf7c3b24782a1ecc43aada1d67,balanced_random_group,intermediate,8,0.1007183408939055,0.2896683218519399,0,40.72220052083333,b32dc4dad96de6ced32a19f26d63a1fa483e1954fbab5142fb9cc1bda51747c9
D1,B2_reward3,selective,D1_r07,7,m006_affinity_rank_group,0a19adabdd017fc722384804e89caf4ecf35837689486f63c24094087da5c2ba,affinity_rank_group,intermediate,8,0.0752707651348755,0.2896683218519399,0,40.33831380208334,b6438f472d3cfd604040cba1b84d422378ed8aee51dd4a0cc88f035defd26721
D1,B2_reward3,selective,D1_r07,7,m007_balanced_random_group,1e9c498addbf3c84d0e7fa0b4a7ed1547a79d3addeb621aee136d71ed6115385,balanced_random_group,intermediate,16,0.1794640989507267,0.2896683218519399,0,41.00690104166666,4f70db3e354e64e49a0b2d225e7a734a37499bab187dd2c21b54bf1d1d8a8374
D1,B2_reward3,selective,D1_r07,7,m008_affinity_rank_group,d176c8d0ee881709b5af7061b49578d8041bef9dde73ceb9e47e4dd86f7ee987,affinity_rank_group,intermediate,16,0.1224505298203458,0.2896683218519399,0,40.63828125,c0a13f3c767bc6ef1cc26f7a41de93be26b5f493a8cbbf82328538088e154f9f
D1,B2_reward3,selective,D1_r07,7,m009_balanced_random_group,0aed763827cb82fb93b7e68b65380843df3d67d84b6ded1b427ad8b179551498,balanced_random_group,intermediate,32,0.1771374150388299,0.2896683218519399,0,40.89768880208334,7924306d0bad0a02439e7a0411d6061e895fc5cd14af2c805c2711354a9d0c76
D1,B2_reward3,selective,D1_r07,7,m010_affinity_rank_group,a08bb91ec0e66d0b3afe5332032fd3fb6769016bc04c2710b5e01a8e599df454,affinity_rank_group,intermediate,32,0.1870203991178996,0.2896683218519399,0,41.0634765625,4dda6c0958de7b84ebe8098147eb0f53ff783c4834b211bdd003a5c29068a778
D1,B2_reward3,selective,D1_r07,7,m011_balanced_random_group,b63ae2e9169c6a1fbead64d1209982c801759cce33d761d4009afed76a67a448,balanced_random_group,intermediate,64,0.2379894144156411,0.2896683218519399,0,42.91901041666667,3a6d2425efdba89f8e9e0efbb194d042f022054ea55e00a4fea40adca07189aa
D1,B2_reward3,selective,D1_r07,7,m012_affinity_rank_group,6ac4e014d135d7a7fbd4592fdf320f48570dc4bce5e1a5c2ca6054715b80f98a,affinity_rank_group,intermediate,64,0.2244134113358382,0.2896683218519399,0,42.79934895833333,30c1e8917224e4aeeb2bd57beb9077244fd282ba7e4bd04950963314f630999b
D1,B2_reward3,selective,D1_r07,7,m013_balanced_random_group,8592d3fec701388f78dc4afe98264f46de098d11b571e0fc626bdf4ef128244a,balanced_random_group,intermediate,128,0.2716328109280491,0.2896683218519399,0,42.599446614583336,b80f3271d34c3305c12bc3db2ac23af558a0540c693f476d06d5171b9174346b
D1,B2_reward3,selective,D1_r07,7,m014_affinity_rank_group,4c0d0a036a5c51abb14f88b143c35a9a2e7cecb590d4d0752b078fe3b59a18dd,affinity_rank_group,intermediate,128,0.2434382220805704,0.2896683218519399,0,43.94423828125,dcd2dce80d86684355c386049755daedb446820b88b246ab58fcb963a84a0333
D1,B2_reward3,selective,D1_r07,7,m015_balanced_random_group,3f2241b0ff61b39e1ebdcccbaf77cc695344be10cc4c5c5e44bbc8cf4b9ee9e5,balanced_random_group,intermediate,256,0.2834838403809595,0.2896683218519399,0,47.98942057291666,2d6e0df6e3a101c42fc9438cdaccb1e065ac6fee6e05ac97dd5e29550e1865e0
D1,B2_reward3,selective,D1_r07,7,m016_affinity_rank_group,cf78b05538711825e0795152b13c3d2c15b5cd16f89c1995f7b006d8bc57c6a2,affinity_rank_group,intermediate,256,0.270571076558482,0.2896683218519399,0,47.39544270833333,be6ba6516b51d5e9dfde0ef40c57265bdd4215b990ecd76525e6f4c1a327a336
D1,B2_reward3,selective,D1_r07,7,m017_balanced_random_group,01c67fe0522330b039a343ca58f3517bce2156836302293eba1b0d27d77e2522,balanced_random_group,intermediate,512,0.2880621157103477,0.2896683218519399,0,50.75475260416667,716aa111a9f8d142938f9d6edc63f4460b505ac3d9922c1192ca6e0e1fa4f47a
D1,B2_reward3,selective,D1_r07,7,m018_affinity_rank_group,24a6acb87a7364b0b1cbbe6fecc84df53e5243c78a06a6c6c4e7354b3e359435,affinity_rank_group,intermediate,512,0.2846002330375562,0.2896683218519399,0,51.93714192708333,c804767d8bdfe4b0755aef6a1d7be0b1b2cbce0390ef1abb77b41982c943cb84
D1,B2_reward3,selective,D1_r07,7,m019_contiguous_substring,16cfd655e57fba08a658c1d50e1fe5976b2f905eee09ec260833cfb2b49d6f38,contiguous_substring,intermediate,4,0.0596418665054162,0.2896683218519399,0,40.18434244791667,cd333bfa7ab5f06a0eb6d75cfadf356a9d336ea1282f16315b2c7d3c292e756a
D1,B2_reward3,selective,D1_r07,7,m020_contiguous_substring,6fb076d21f3b26febc2e6a328628b3ea581ce0709de4263bbe675d61bdb74942,contiguous_substring,intermediate,4,0.0516014563942676,0.2896683218519399,0,40.5224609375,687ff76c6857add617b41cd6baab7b02bae739fabe4a0ddd2be0692ee1572f5d
D1,B2_reward3,selective,D1_r07,7,m021_contiguous_substring,3ac98b3bd2edbbfc3b4339ca0066047ccba8e1cfa0ce798acbd27bab5b87d8af,contiguous_substring,intermediate,4,0.0281113195418807,0.2896683218519399,0,40.11539713541667,751280bcad76f3b4a99ee314f4e05085451f03708cb06b8f9d3238b15061259f
D1,B2_reward3,selective,D1_r07,7,m022_contiguous_substring,fc015e86e4e7f2c734c05fb1135856a6186a7b6e6f3079acc6d6c6e4aa7442e4,contiguous_substring,intermediate,4,0.0392533980651915,0.2896683218519399,0,40.21969401041666,cd4ff765630cc9c0b1049062ddb7f3f7b2b6486c702b38b5043c2b35bbf360da
D1,B2_reward3,selective,D1_r07,7,m023_contiguous_substring,6d8bb74bcdeefe62988bcebfe3cdb7110ea14648c3393721f4a4095032ddf61b,contiguous_substring,intermediate,4,0.0357306271209324,0.2896683218519399,0,40.202962239583336,9cf603474b430738d83af9954d27386efc67b3c8172cf7f4b711bf8b98bd641e
D1,B2_reward3,selective,D1_r07,7,m024_contiguous_substring,94ab69bff5420fbcf4c18d7a247ef0e4b9577d1295271abf78a62f51c3b59a0f,contiguous_substring,intermediate,16,0.1499160135263314,0.2896683218519399,0,40.53235677083334,0972e382f98f1cd28a1508fe4105765156ce266f0c16caa5d57a90764f05c81a
D1,B2_reward3,selective,D1_r07,7,m025_contiguous_substring,ae330f3e6dd51f734f790820a896827f916e8d775c69ea1f205c55aa81507fe0,contiguous_substring,intermediate,16,0.1200232681265871,0.2896683218519399,0,40.62985026041667,90c188629fb69ccb03fa311d686a1dc94179368897d5132149150d04a6af3f28
D1,B2_reward3,selective,D1_r07,7,m026_contiguous_substring,5d3c5ea59a3a81c2ffdcfc7029fe0ab078b39be0217f1ee2611101845014273b,contiguous_substring,intermediate,16,0.1113944712289003,0.2896683218519399,0,40.74368489583334,3c7838fb6e3829c6b114ba30a9b6d25eaa40f94215e90cd94e62bb9d04b49fcc
D1,B2_reward3,selective,D1_r07,7,m027_contiguous_substring,6edfbfdb62fbf79744d4ecfb6fe43de95b2133d87a10f24061ecc84297b1c267,contiguous_substring,intermediate,16,0.1405184377497587,0.2896683218519399,0,40.396061197916666,ece80c73a09f942cada9bfbd7b23a656c4bf6d3c0694f9af0ba0a367aa6a371c
D1,B2_reward3,selective,D1_r07,7,m028_contiguous_substring,6f9a04216ce84ed3a2ef19a2010723c498d866f2bb5d6eda67ea1bd16782bfd8,contiguous_substring,intermediate,64,0.2103330002439492,0.2896683218519399,0,41.55139973958333,d95b773ac05175c92fa179168f0ded7c9b6584789fb43401d29a01504b18e684
D1,B2_reward3,selective,D1_r07,7,m029_contiguous_substring,8d4ddfbfac0226f6a695d6b22ee21fbf533251852e95baca71b09f7710bfb22c,contiguous_substring,intermediate,64,0.2041628388352011,0.2896683218519399,0,41.28375651041668,6e509aa58df6213757ebb9efc66758334fbd5da0bb1dc290b193c6391d43bae0
D1,B2_reward3,selective,D1_r07,7,m030_contiguous_substring,6ff19e1927dcafbb441ab0b4a0a61b92d1295d402f3277307a3f5b9d7850b98a,contiguous_substring,intermediate,64,0.2198224142621494,0.2896683218519399,0,41.37613932291666,19423d7430baa17ae1b46cd17f19b00787056d87bad63d60baf10b1595271edb
D1,B2_reward3,selective,D1_r07,7,m031_contiguous_substring,c824c782df91faee7515c9d811fab43ed5426465074d2e812a5277507d28ae96,contiguous_substring,intermediate,256,0.255572776515351,0.2896683218519399,0,46.93346354166667,79373f8818f20f4ad1230af92cb860ce9ba57741b26a7f0ecbeaf06797e3029a
D1,B2_reward3,selective,D1_r07,7,m032_contiguous_substring,ef835eb9c371f618c6958654a7d25a1df1d12c09a53ecf66f9209fb882a8542d,contiguous_substring,intermediate,256,0.2661645528831169,0.2896683218519399,0,44.02952473958333,c009a7b121f8837141ea88b338d705216982fbd18744ba3f3b44551af6a03b61
D1,B2_reward3,selective,D1_r07,7,m033_identity,2f88e9ce00d238e7e011a7b140b413dcad818f1da41a721f914f1af604d0e217,identity,identity,1024,0.2896683218519399,0.2896683218519399,0,59.05107421875001,aa5226aac864bfe3576fff0b61e09cf70fb5cb34ae77c1b881ae1a8c277112df
D1,B2_reward3,selective,D1_r07,7,actual,actual,unintervened,actual,1024,0.2896683218519399,0.2896683218519399,1,58.4193359375,f654e7948f3695b7bf1bb697400b464645edeacc8d7120bb6c3860f329033970
D1,B2_reward3,selective,D1_r07,7,m000_constant,9f1dcbc35c350d6027f98be0f5c8b43b42ca52b7604459c0c42be3aa88913d47,constant,constant,1,0.0,0.2896683218519399,1,40.15817057291666,88995d298dd3b6a0cd889b3e4996a5dcb13f8aec2cefecf6b4e97ea462065ff5
D1,B2_reward3,selective,D1_r07,7,m001_balanced_random_group,92b504e9a4f322032a2ebce33411098a41a2a69d6887c968769f3a9a2ea21c06,balanced_random_group,intermediate,2,0.0135238395822785,0.2896683218519399,1,40.08291015625,b0f4d961d8ae36ec1d2442e9fee7536955416630b8be53fddcd68ef82528515a
D1,B2_reward3,selective,D1_r07,7,m002_affinity_rank_group,3f53151fb2f814971fd6c0128c5c0b7afe1b5cb5257e46a1db18b8ebc9946d94,affinity_rank_group,intermediate,2,0.0127538968524775,0.2896683218519399,1,40.17161458333333,ca8ce11345ff9bef78b077dd0e81b2b8c6d1494aface34e0c196648153a2a081
D1,B2_reward3,selective,D1_r07,7,m003_balanced_random_group,9dfc99282a2611725eedb2b565b32cd10fc18a0134da7cdb73782304b3289c63,balanced_random_group,intermediate,4,0.0431081108709872,0.2896683218519399,1,40.1658203125,cee09d7fa0c78b336fa8f24dc242998435cceab16d9b2b1e8b5a05622ab6a820
D1,B2_reward3,selective,D1_r07,7,m004_affinity_rank_group,92e56b0f11cdce879476507882d715f1eecc12de134fc3982530e28ffd4eba29,affinity_rank_group,intermediate,4,0.0359949139504945,0.2896683218519399,1,40.15787760416666,758e5069566fc16e618bdce52453ed0dafe837669065f30f8ef5bb1b89545177
D1,B2_reward3,selective,D1_r07,7,m005_balanced_random_group,e2b3ca6094b3924ebad53b485b64e15442e181cf7c3b24782a1ecc43aada1d67,balanced_random_group,intermediate,8,0.1007183408939055,0.2896683218519399,1,40.504134114583344,db04795dec0ddb73049e105eee8870c181142657436e0bbf834166868f0982aa
D1,B2_reward3,selective,D1_r07,7,m006_affinity_rank_group,0a19adabdd017fc722384804e89caf4ecf35837689486f63c24094087da5c2ba,affinity_rank_group,intermediate,8,0.0752707651348755,0.2896683218519399,1,40.12845052083333,e6c4f1591058e943e174de314dd1b69fc208ae86ac9579198ca56b08950a15f3
D1,B2_reward3,selective,D1_r07,7,m007_balanced_random_group,1e9c498addbf3c84d0e7fa0b4a7ed1547a79d3addeb621aee136d71ed6115385,balanced_random_group,intermediate,16,0.1794640989507267,0.2896683218519399,1,40.92688802083333,6b18b51bd77e9b7399f63acd881f7723750814ab36873a8aa0b52ad23cf6491d
D1,B2_reward3,selective,D1_r07,7,m008_affinity_rank_group,d176c8d0ee881709b5af7061b49578d8041bef9dde73ceb9e47e4dd86f7ee987,affinity_rank_group,intermediate,16,0.1224505298203458,0.2896683218519399,1,40.67503255208332,f267cba1bcc2b2283716e19e3668f36a169e845a397a3b4ecbba6dca1be7af05
D1,B2_reward3,selective,D1_r07,7,m009_balanced_random_group,0aed763827cb82fb93b7e68b65380843df3d67d84b6ded1b427ad8b179551498,balanced_random_group,intermediate,32,0.1771374150388299,0.2896683218519399,1,40.74921875,9f830ce597d42dde4c400b2b608cf27d274f12ec4a02f9d2c2a81b1e557144ac
D1,B2_reward3,selective,D1_r07,7,m010_affinity_rank_group,a08bb91ec0e66d0b3afe5332032fd3fb6769016bc04c2710b5e01a8e599df454,affinity_rank_group,intermediate,32,0.1870203991178996,0.2896683218519399,1,40.9982421875,4aac63488cf5d08ed64a84bf0e1ac08a4c00df2202ff99cc8a18d60c17918484
D1,B2_reward3,selective,D1_r07,7,m011_balanced_random_group,b63ae2e9169c6a1fbead64d1209982c801759cce33d761d4009afed76a67a448,balanced_random_group,intermediate,64,0.2379894144156411,0.2896683218519399,1,42.78616536458334,4056c69a2fa60122529fda2e70c90275afffb51ef7b78fab8a72f2b7a316a345
D1,B2_reward3,selective,D1_r07,7,m012_affinity_rank_group,6ac4e014d135d7a7fbd4592fdf320f48570dc4bce5e1a5c2ca6054715b80f98a,affinity_rank_group,intermediate,64,0.2244134113358382,0.2896683218519399,1,42.53492838541666,97c0476b6f1c27865e851f0fa2f3f8c48fa62c3da76a757ea44e53d80846061b
D1,B2_reward3,selective,D1_r07,7,m013_balanced_random_group,8592d3fec701388f78dc4afe98264f46de098d11b571e0fc626bdf4ef128244a,balanced_random_group,intermediate,128,0.2716328109280491,0.2896683218519399,1,41.84114583333334,cd44b45335e77ef0b875ffaed63a987ff8e0cdae177a1c1764ef1d82ed97eef3
D1,B2_reward3,selective,D1_r07,7,m014_affinity_rank_group,4c0d0a036a5c51abb14f88b143c35a9a2e7cecb590d4d0752b078fe3b59a18dd,affinity_rank_group,intermediate,128,0.2434382220805704,0.2896683218519399,1,43.842382812500006,2f71d8a2485f572333b29eaecaf0a026ce4b8fa936649c26fd669c3a9e851729
D1,B2_reward3,selective,D1_r07,7,m015_balanced_random_group,3f2241b0ff61b39e1ebdcccbaf77cc695344be10cc4c5c5e44bbc8cf4b9ee9e5,balanced_random_group,intermediate,256,0.2834838403809595,0.2896683218519399,1,47.48157552083333,62bf6196e2925754587173f895032f25c5f332120576d57413451752d5f13134
D1,B2_reward3,selective,D1_r07,7,m016_affinity_rank_group,cf78b05538711825e0795152b13c3d2c15b5cd16f89c1995f7b006d8bc57c6a2,affinity_rank_group,intermediate,256,0.270571076558482,0.2896683218519399,1,47.34166666666666,d230ec2c8d2a7af8f2c8344a4a618511a45cd6275d34d2fc580d56b4a71b7f8e
D1,B2_reward3,selective,D1_r07,7,m017_balanced_random_group,01c67fe0522330b039a343ca58f3517bce2156836302293eba1b0d27d77e2522,balanced_random_group,intermediate,512,0.2880621157103477,0.2896683218519399,1,51.19807942708334,f3f2eaff74e3192350b20049fda5f4826cd499ea8be31a3eea228ad9d0a9c363
D1,B2_reward3,selective,D1_r07,7,m018_affinity_rank_group,24a6acb87a7364b0b1cbbe6fecc84df53e5243c78a06a6c6c4e7354b3e359435,affinity_rank_group,intermediate,512,0.2846002330375562,0.2896683218519399,1,54.133821614583326,6ec86d3036ec3ceb65540e6a871a8d79dc77dcb73e61a6bf277a1eb091c79323
D1,B2_reward3,selective,D1_r07,7,m019_contiguous_substring,16cfd655e57fba08a658c1d50e1fe5976b2f905eee09ec260833cfb2b49d6f38,contiguous_substring,intermediate,4,0.0596418665054162,0.2896683218519399,1,40.13499348958334,d01b08c9f1addb7c29380479d4bd268a27631b11ddbde7fb58bbc2edfb387843
D1,B2_reward3,selective,D1_r07,7,m020_contiguous_substring,6fb076d21f3b26febc2e6a328628b3ea581ce0709de4263bbe675d61bdb74942,contiguous_substring,intermediate,4,0.0516014563942676,0.2896683218519399,1,40.50364583333334,aa1eee894eb9d0c9d529e47bf98a79deff4f0c6076b18d64ed3ea367ebe70076
D1,B2_reward3,selective,D1_r07,7,m021_contiguous_substring,3ac98b3bd2edbbfc3b4339ca0066047ccba8e1cfa0ce798acbd27bab5b87d8af,contiguous_substring,intermediate,4,0.0281113195418807,0.2896683218519399,1,40.088151041666656,82746651c3526d13ee617cdef10319eb6ee4829e7d84d90fb2e4cf9d4320c8c3
D1,B2_reward3,selective,D1_r07,7,m022_contiguous_substring,fc015e86e4e7f2c734c05fb1135856a6186a7b6e6f3079acc6d6c6e4aa7442e4,contiguous_substring,intermediate,4,0.0392533980651915,0.2896683218519399,1,40.16266276041667,2681a88045296ff5478353ee233236faec8a9681ea64100c26e7160bc58b9c75
D1,B2_reward3,selective,D1_r07,7,m023_contiguous_substring,6d8bb74bcdeefe62988bcebfe3cdb7110ea14648c3393721f4a4095032ddf61b,contiguous_substring,intermediate,4,0.0357306271209324,0.2896683218519399,1,40.12770182291668,d473367a615140aae4636d579110cd1469b31dcf70e1213ee1f6397f309cd12c
D1,B2_reward3,selective,D1_r07,7,m024_contiguous_substring,94ab69bff5420fbcf4c18d7a247ef0e4b9577d1295271abf78a62f51c3b59a0f,contiguous_substring,intermediate,16,0.1499160135263314,0.2896683218519399,1,40.46702473958334,0d59928a5148b489eafc04872e2941988b38bfa2e33ac2103e7fee56cb9e2baa
D1,B2_reward3,selective,D1_r07,7,m025_contiguous_substring,ae330f3e6dd51f734f790820a896827f916e8d775c69ea1f205c55aa81507fe0,contiguous_substring,intermediate,16,0.1200232681265871,0.2896683218519399,1,40.39088541666667,ff9ad80b3b4b49b2addbd916d905baac230d99dab9cdd1ad8a2ce90124d1e518
D1,B2_reward3,selective,D1_r07,7,m026_contiguous_substring,5d3c5ea59a3a81c2ffdcfc7029fe0ab078b39be0217f1ee2611101845014273b,contiguous_substring,intermediate,16,0.1113944712289003,0.2896683218519399,1,40.60556640625,da9ab9ee3cee46dfbade4fe1ea667fdc1ba3084ec8e8890d2a943cc9ed291066
D1,B2_reward3,selective,D1_r07,7,m027_contiguous_substring,6edfbfdb62fbf79744d4ecfb6fe43de95b2133d87a10f24061ecc84297b1c267,contiguous_substring,intermediate,16,0.1405184377497587,0.2896683218519399,1,40.27688802083333,78a82648641804bb2d92aba0320cab9fb9a1558d7709075021925651cff46395
D1,B2_reward3,selective,D1_r07,7,m028_contiguous_substring,6f9a04216ce84ed3a2ef19a2010723c498d866f2bb5d6eda67ea1bd16782bfd8,contiguous_substring,intermediate,64,0.2103330002439492,0.2896683218519399,1,41.67112630208333,cc11872ed77cda19d3f93fd295a7e668c3280c3e7e5234a4deb5c6be3998b8cc
D1,B2_reward3,selective,D1_r07,7,m029_contiguous_substring,8d4ddfbfac0226f6a695d6b22ee21fbf533251852e95baca71b09f7710bfb22c,contiguous_substring,intermediate,64,0.2041628388352011,0.2896683218519399,1,41.12438151041667,5165243a7a3b743fcbfb8b44c7e27e489cbdfcc4613a6291782bb49db086ed9a
D1,B2_reward3,selective,D1_r07,7,m030_contiguous_substring,6ff19e1927dcafbb441ab0b4a0a61b92d1295d402f3277307a3f5b9d7850b98a,contiguous_substring,intermediate,64,0.2198224142621494,0.2896683218519399,1,41.22408854166666,c6269972f5d4d4e25423c64980fb7159ff82edd81f8e22cd2c11a5e433b9980e
D1,B2_reward3,selective,D1_r07,7,m031_contiguous_substring,c824c782df91faee7515c9d811fab43ed5426465074d2e812a5277507d28ae96,contiguous_substring,intermediate,256,0.255572776515351,0.2896683218519399,1,46.88834635416667,87bdbccb9c126e8aa7297b19b2852b4bb64c62ee6d91f718febdc9558a2b934b
D1,B2_reward3,selective,D1_r07,7,m032_contiguous_substring,ef835eb9c371f618c6958654a7d25a1df1d12c09a53ecf66f9209fb882a8542d,contiguous_substring,intermediate,256,0.2661645528831169,0.2896683218519399,1,44.631673177083336,924555616bf0c330b3b5f6127f199bb53ead316ac20a736961f787831173646a
D1,B2_reward3,selective,D1_r07,7,m033_identity,2f88e9ce00d238e7e011a7b140b413dcad818f1da41a721f914f1af604d0e217,identity,identity,1024,0.2896683218519399,0.2896683218519399,1,58.4193359375,f654e7948f3695b7bf1bb697400b464645edeacc8d7120bb6c3860f329033970
D2,A_low_3,selective,D2_r00,0,actual,actual,unintervened,actual,1024,0.3617975519940633,0.3617975519940633,0,44.67916666666666,4bf1ff48a6d6dc0d017faa95edde68e263cc2ea24cd7ce5d7a1147986c65e727
D2,A_low_3,selective,D2_r00,0,m000_constant,9f1dcbc35c350d6027f98be0f5c8b43b42ca52b7604459c0c42be3aa88913d47,constant,constant,1,8.008566259537293e-17,0.3617975519940633,0,44.42858072916667,270d30070dcd7d57250060cf66e5b5f75a204f642e1555da5e2a8147a13fa313
D2,A_low_3,selective,D2_r00,0,m001_balanced_random_group,d52123e063e4c7f12cf7d331526a34d45a7db62b251fda39a52b7a6e51dc81da,balanced_random_group,intermediate,2,0.0004463721459836,0.3617975519940633,0,44.43641493055557,70553d95381994b38a3141be83d4323da1d070cd5bc395890e6e4523b21a0b13
D2,A_low_3,selective,D2_r00,0,m002_affinity_rank_group,3f53151fb2f814971fd6c0128c5c0b7afe1b5cb5257e46a1db18b8ebc9946d94,affinity_rank_group,intermediate,2,0.0004580932451923,0.3617975519940633,0,44.42999131944444,db6f3ab4245cd378f5fee92d0f13323b27b68ca35ced67d6feadfff1de106e58
D2,A_low_3,selective,D2_r00,0,m003_balanced_random_group,4daeed799e72bb6401d991026fcc59ed40b3ce561e3c7dcca0ae6832935d9374,balanced_random_group,intermediate,4,0.0012081208804893,0.3617975519940633,0,44.425021701388886,a4932980191d27745819632a7bb8dc4b026bc87cd3c2cdd85c3aa25bc3efe41d
D2,A_low_3,selective,D2_r00,0,m004_affinity_rank_group,92e56b0f11cdce879476507882d715f1eecc12de134fc3982530e28ffd4eba29,affinity_rank_group,intermediate,4,0.0015064209471253,0.3617975519940633,0,44.441840277777786,a0e525a435b8b8e89228ce046dae1bf55c955c6c1550e19269d954a6baf0fbc5
D2,A_low_3,selective,D2_r00,0,m005_balanced_random_group,133f24f68b3fddec3d8ed9a85a422bfcf4737bd728e769f2b1a595571768ceb1,balanced_random_group,intermediate,8,0.0036485828654513,0.3617975519940633,0,44.37278645833334,39326fb7f327e02a9fa45b1f81908dd8dba7601296d555f38f5652e4f301f28a
D2,A_low_3,selective,D2_r00,0,m006_affinity_rank_group,0a19adabdd017fc722384804e89caf4ecf35837689486f63c24094087da5c2ba,affinity_rank_group,intermediate,8,0.0034019466140973,0.3617975519940633,0,44.460308159722224,f1732dd521ab4dc5aa2fac6767d8bd266036f4f8a1ca79a35dde29b1608d9bce
D2,A_low_3,selective,D2_r00,0,m007_balanced_random_group,25ccd77da6a7a52851f2f535e8b83f3d72cca793b3fce300949dd17a4f765737,balanced_random_group,intermediate,16,0.0071155609116646,0.3617975519940633,0,44.49108072916667,21c399d2b6dcf72cacc74306d387c7a9c45cee6848d35f1ac578707ab2b8a9c6
D2,A_low_3,selective,D2_r00,0,m008_affinity_rank_group,d176c8d0ee881709b5af7061b49578d8041bef9dde73ceb9e47e4dd86f7ee987,affinity_rank_group,intermediate,16,0.0080136942417753,0.3617975519940633,0,44.39357638888888,9468c0b4218184d8efe7cf804f5fe6fd53e1a242317e53b0a693cb04b620f52b
D2,A_low_3,selective,D2_r00,0,m009_balanced_random_group,69c0c7f3bb16611e92670e95a45404361a87cf0019841eec47307d17f9b18d02,balanced_random_group,intermediate,32,0.0131444017198522,0.3617975519940633,0,44.39535590277777,4d6c8b95e058007d18a8e916b6b6545b836b03f46e5a26939589f2c74f965a23
D2,A_low_3,selective,D2_r00,0,m010_affinity_rank_group,a08bb91ec0e66d0b3afe5332032fd3fb6769016bc04c2710b5e01a8e599df454,affinity_rank_group,intermediate,32,0.0167951791317851,0.3617975519940633,0,44.420247395833336,1961ed734e3c40bbf63e917b289bcf6cb036b786d4c4c406e52a41c0518fabc0
D2,A_low_3,selective,D2_r00,0,m011_balanced_random_group,9ee348dcdb60a6d8b94644daf4e24f585414a22ccc692248a0eea7ff6d53b127,balanced_random_group,intermediate,64,0.0306036573479048,0.3617975519940633,0,44.38919270833333,1076517763fd31f96e99f7e4a61e469c759977b9a758efaeacb622e3d7584087
D2,A_low_3,selective,D2_r00,0,m012_affinity_rank_group,6ac4e014d135d7a7fbd4592fdf320f48570dc4bce5e1a5c2ca6054715b80f98a,affinity_rank_group,intermediate,64,0.032426531127799,0.3617975519940633,0,44.42680121527778,573d96db94450da73f3d68f41b27a362e827bf4feb5e0d4916f788dd84ccc84f
D2,A_low_3,selective,D2_r00,0,m013_balanced_random_group,c127ba6cf2bef776473edf53f0da2b8df4d42a0566a9850f3d21195dea5e8dc9,balanced_random_group,intermediate,128,0.0574077519337824,0.3617975519940633,0,44.43513454861112,5c8d8d50e39ccda193f8aee6b87e39a85c20f239a3e029a4cdb4e8caee3cf5fb
D2,A_low_3,selective,D2_r00,0,m014_affinity_rank_group,4c0d0a036a5c51abb14f88b143c35a9a2e7cecb590d4d0752b078fe3b59a18dd,affinity_rank_group,intermediate,128,0.0628132354607777,0.3617975519940633,0,44.455056423611104,4b3cb4212f7724c488860522522a761ca465d020b82335e8733e691ab1422eae
D2,A_low_3,selective,D2_r00,0,m015_balanced_random_group,d938170ba1bbcea521c8f61e2a21a624aedf2e1facb1d1b7a73246f98e6abbb1,balanced_random_group,intermediate,256,0.11093627415696,0.3617975519940633,0,44.44945746527778,59481693fd0647504d1b0c52d354e10b06ad6bdb890a1a52b68dcc5d8b406500
D2,A_low_3,selective,D2_r00,0,m016_affinity_rank_group,cf78b05538711825e0795152b13c3d2c15b5cd16f89c1995f7b006d8bc57c6a2,affinity_rank_group,intermediate,256,0.1202989534512104,0.3617975519940633,0,44.42426215277778,61386b4686eba50f94ba3c2f0f976f89e937b56cd500aa360629e760f8eedb5f
D2,A_low_3,selective,D2_r00,0,m017_balanced_random_group,b6b3bc7bfea0b8024176555b6791456fefb568bbd841db8af65e2e3f9b06bc11,balanced_random_group,intermediate,512,0.2102103376646687,0.3617975519940633,0,44.55855034722222,c2f92f38e252d62cda5b4d1bc846b38d8135c6d9b7ef21f83e6cf56f4d7e8ba2
D2,A_low_3,selective,D2_r00,0,m018_affinity_rank_group,24a6acb87a7364b0b1cbbe6fecc84df53e5243c78a06a6c6c4e7354b3e359435,affinity_rank_group,intermediate,512,0.2177284970385596,0.3617975519940633,0,44.548784722222216,1634ed45941968c13f46002a6501a2e89aa099a32c02dc69ea9e5c787fc15d9d
D2,A_low_3,selective,D2_r00,0,m019_contiguous_substring,16cfd655e57fba08a658c1d50e1fe5976b2f905eee09ec260833cfb2b49d6f38,contiguous_substring,intermediate,4,0.0017775395877887,0.3617975519940633,0,44.421484375000006,e4cbc1a0eced24a8920a00a5ff5d00caaf3dc67b0073144e5ef1de043cc012ab
D2,A_low_3,selective,D2_r00,0,m020_contiguous_substring,6fb076d21f3b26febc2e6a328628b3ea581ce0709de4263bbe675d61bdb74942,contiguous_substring,intermediate,4,0.0009001517118362,0.3617975519940633,0,44.42970920138888,fa02f188251682b8b64bcc313370c51d8f4e66708af1bf7d0d1c2f4471fe132f
D2,A_low_3,selective,D2_r00,0,m021_contiguous_substring,3ac98b3bd2edbbfc3b4339ca0066047ccba8e1cfa0ce798acbd27bab5b87d8af,contiguous_substring,intermediate,4,0.0019139464824577,0.3617975519940633,0,44.43945312500001,95cf3b1f5881518b4935eec3692f5f47232d6add49166e89cb4fb584f5c7fb99
D2,A_low_3,selective,D2_r00,0,m022_contiguous_substring,fc015e86e4e7f2c734c05fb1135856a6186a7b6e6f3079acc6d6c6e4aa7442e4,contiguous_substring,intermediate,4,0.0014100392781704,0.3617975519940633,0,44.41393229166667,900d5a108a4e39e22b627162dafe4dbc022eadfbfe5846f9990e1c39e352bc93
D2,A_low_3,selective,D2_r00,0,m023_contiguous_substring,6d8bb74bcdeefe62988bcebfe3cdb7110ea14648c3393721f4a4095032ddf61b,contiguous_substring,intermediate,4,0.0013966864092181,0.3617975519940633,0,44.44001736111112,d27a6b4bb8e4790e6b8b8aa57052ea2802bac378d2cd6a0043058fcdf2619dc6
D2,A_low_3,selective,D2_r00,0,m024_contiguous_substring,94ab69bff5420fbcf4c18d7a247ef0e4b9577d1295271abf78a62f51c3b59a0f,contiguous_substring,intermediate,16,0.0059844839929326,0.3617975519940633,0,44.44006076388889,13cb3a46a688748b8922781247fa20b86b38016f106f7ac6521a064b51267a47
D2,A_low_3,selective,D2_r00,0,m025_contiguous_substring,ae330f3e6dd51f734f790820a896827f916e8d775c69ea1f205c55aa81507fe0,contiguous_substring,intermediate,16,0.0071657155694228,0.3617975519940633,0,44.45811631944444,c03eb056d002db6d2f40e4e02cc1cec6dddb97f25600f230694ecc251d706df5
D2,A_low_3,selective,D2_r00,0,m026_contiguous_substring,5d3c5ea59a3a81c2ffdcfc7029fe0ab078b39be0217f1ee2611101845014273b,contiguous_substring,intermediate,16,0.0069013619978147,0.3617975519940633,0,44.403927951388894,604b9a513ad0f4bc55dd99ca82dd781e5bfbf75030267f02ff60e0b42d7fae74
D2,A_low_3,selective,D2_r00,0,m027_contiguous_substring,6edfbfdb62fbf79744d4ecfb6fe43de95b2133d87a10f24061ecc84297b1c267,contiguous_substring,intermediate,16,0.0070252566376622,0.3617975519940633,0,44.432834201388886,4d39af65f8b2ceae636d2a800bc1ac122aa1521422b3f29cc306f1dd66072e9a
D2,A_low_3,selective,D2_r00,0,m028_contiguous_substring,6f9a04216ce84ed3a2ef19a2010723c498d866f2bb5d6eda67ea1bd16782bfd8,contiguous_substring,intermediate,64,0.0295193448410086,0.3617975519940633,0,44.38578559027778,1b4937ea3c8736ee2efedfd76f44e4b9ea23e14b6c603a30dac5ee3f805f751c
D2,A_low_3,selective,D2_r00,0,m029_contiguous_substring,8d4ddfbfac0226f6a695d6b22ee21fbf533251852e95baca71b09f7710bfb22c,contiguous_substring,intermediate,64,0.0280143633015101,0.3617975519940633,0,44.38806423611111,771c00e21e84f9d57a6fab4158555f09e5df136f1b81aa032492eba0659316b5
D2,A_low_3,selective,D2_r00,0,m030_contiguous_substring,6ff19e1927dcafbb441ab0b4a0a61b92d1295d402f3277307a3f5b9d7850b98a,contiguous_substring,intermediate,64,0.0293665626338627,0.3617975519940633,0,44.43370225694445,38186ef06db020d50f8e93dfd354a387fbc682aeaab3dbb24597f3444b0afef3
D2,A_low_3,selective,D2_r00,0,m031_contiguous_substring,c824c782df91faee7515c9d811fab43ed5426465074d2e812a5277507d28ae96,contiguous_substring,intermediate,256,0.1148618379038969,0.3617975519940633,0,44.4447265625,4ae8cd289839f3baa18b9aa8ce19efca58c49eef20056e281acd1162780d630e
D2,A_low_3,selective,D2_r00,0,m032_contiguous_substring,ef835eb9c371f618c6958654a7d25a1df1d12c09a53ecf66f9209fb882a8542d,contiguous_substring,intermediate,256,0.1102377541444621,0.3617975519940633,0,44.51032986111111,32142a3916c86580282adf684b89fa3438974cfe660246641ef843d7b51e9d95
D2,A_low_3,selective,D2_r00,0,m033_identity,2f88e9ce00d238e7e011a7b140b413dcad818f1da41a721f914f1af604d0e217,identity,identity,1024,0.3617975519940633,0.3617975519940633,0,44.67916666666666,4bf1ff48a6d6dc0d017faa95edde68e263cc2ea24cd7ce5d7a1147986c65e727
D2,A_low_3,selective,D2_r00,0,actual,actual,unintervened,actual,1024,0.3617975519940633,0.3617975519940633,1,44.64303385416666,13e9f90f75d00942db09d3020eb6e05789a1454d38145445d0ff9a97a3e90401
D2,A_low_3,selective,D2_r00,0,m000_constant,9f1dcbc35c350d6027f98be0f5c8b43b42ca52b7604459c0c42be3aa88913d47,constant,constant,1,8.008566259537293e-17,0.3617975519940633,1,44.37966579861112,602a2a7beb1b0264bf23844e8358deabb70bf4a959c1f427dd09e646ab90b3a0
D2,A_low_3,selective,D2_r00,0,m001_balanced_random_group,d52123e063e4c7f12cf7d331526a34d45a7db62b251fda39a52b7a6e51dc81da,balanced_random_group,intermediate,2,0.0004463721459836,0.3617975519940633,1,44.33854166666666,be17afb1ea42eeee00ca2c3c4d27dd1cf352bca3610be4db76512dc0ab247484
D2,A_low_3,selective,D2_r00,0,m002_affinity_rank_group,3f53151fb2f814971fd6c0128c5c0b7afe1b5cb5257e46a1db18b8ebc9946d94,affinity_rank_group,intermediate,2,0.0004580932451923,0.3617975519940633,1,44.36341145833333,f1a82713f266b2ce52a5b189cf06e35675eb70b3395c7953dadbabc63f8bf3e9
D2,A_low_3,selective,D2_r00,0,m003_balanced_random_group,4daeed799e72bb6401d991026fcc59ed40b3ce561e3c7dcca0ae6832935d9374,balanced_random_group,intermediate,4,0.0012081208804893,0.3617975519940633,1,44.34372829861112,803901d687aae8649e859b8ea77a19a8bceff99ba7d42f5edd08891a38e12a51
D2,A_low_3,selective,D2_r00,0,m004_affinity_rank_group,92e56b0f11cdce879476507882d715f1eecc12de134fc3982530e28ffd4eba29,affinity_rank_group,intermediate,4,0.0015064209471253,0.3617975519940633,1,44.34657118055556,56b3447782d8c815fc319f2e8438ae74e3cf3866923aad113c8a32cadde798f7
D2,A_low_3,selective,D2_r00,0,m005_balanced_random_group,133f24f68b3fddec3d8ed9a85a422bfcf4737bd728e769f2b1a595571768ceb1,balanced_random_group,intermediate,8,0.0036485828654513,0.3617975519940633,1,44.34880642361112,eb86cdb6e4ecd29b7feb9397b4da773fdb4e56e9500e276ca0cc662acee0df9a
D2,A_low_3,selective,D2_r00,0,m006_affinity_rank_group,0a19adabdd017fc722384804e89caf4ecf35837689486f63c24094087da5c2ba,affinity_rank_group,intermediate,8,0.0034019466140973,0.3617975519940633,1,44.36569010416667,4f70c3ff25a0ed42cde9292e777552a9dea38727402986514893c8398d9ed596
D2,A_low_3,selective,D2_r00,0,m007_balanced_random_group,25ccd77da6a7a52851f2f535e8b83f3d72cca793b3fce300949dd17a4f765737,balanced_random_group,intermediate,16,0.0071155609116646,0.3617975519940633,1,44.33767361111111,079f7fa29210dc3dc93c728405443a14c10cbaa9a156e430fcfa22441f4d966c
D2,A_low_3,selective,D2_r00,0,m008_affinity_rank_group,d176c8d0ee881709b5af7061b49578d8041bef9dde73ceb9e47e4dd86f7ee987,affinity_rank_group,intermediate,16,0.0080136942417753,0.3617975519940633,1,44.363671875,8eb6c336cc1de2bd02a120d0196255c4b767f96ba0f94647127204d7b4bf0ab9
D2,A_low_3,selective,D2_r00,0,m009_balanced_random_group,69c0c7f3bb16611e92670e95a45404361a87cf0019841eec47307d17f9b18d02,balanced_random_group,intermediate,32,0.0131444017198522,0.3617975519940633,1,44.39205729166667,261105c6371d497f04aa4a9a248cd9e761af1276ca4a916ff158f512f939af78
D2,A_low_3,selective,D2_r00,0,m010_affinity_rank_group,a08bb91ec0e66d0b3afe5332032fd3fb6769016bc04c2710b5e01a8e599df454,affinity_rank_group,intermediate,32,0.0167951791317851,0.3617975519940633,1,44.43305121527778,1626156db03e5bbb637013d7d75068621b463d6030624e8de18098cb2a7edaeb
D2,A_low_3,selective,D2_r00,0,m011_balanced_random_group,9ee348dcdb60a6d8b94644daf4e24f585414a22ccc692248a0eea7ff6d53b127,balanced_random_group,intermediate,64,0.0306036573479048,0.3617975519940633,1,44.38708767361111,17d01f33683ff43597d1c7e26904b3617a64d797528b5f4919d69be76a919f3f
D2,A_low_3,selective,D2_r00,0,m012_affinity_rank_group,6ac4e014d135d7a7fbd4592fdf320f48570dc4bce5e1a5c2ca6054715b80f98a,affinity_rank_group,intermediate,64,0.032426531127799,0.3617975519940633,1,44.39025607638889,2a357ed294cfc9381a6a5c14925bcfea9bad720a89c0b4fc4dc02053dfe860e6
D2,A_low_3,selective,D2_r00,0,m013_balanced_random_group,c127ba6cf2bef776473edf53f0da2b8df4d42a0566a9850f3d21195dea5e8dc9,balanced_random_group,intermediate,128,0.0574077519337824,0.3617975519940633,1,44.45171440972222,5e278dd28cb36fec763d5809f7128721ac0a566e12313b58d666307857c173b2
D2,A_low_3,selective,D2_r00,0,m014_affinity_rank_group,4c0d0a036a5c51abb14f88b143c35a9a2e7cecb590d4d0752b078fe3b59a18dd,affinity_rank_group,intermediate,128,0.0628132354607777,0.3617975519940633,1,44.40935329861112,4246ccd22bd3e3624405caef7e05be2f6a1c694cb8e86acc6bfd7032bce2122c
D2,A_low_3,selective,D2_r00,0,m015_balanced_random_group,d938170ba1bbcea521c8f61e2a21a624aedf2e1facb1d1b7a73246f98e6abbb1,balanced_random_group,intermediate,256,0.11093627415696,0.3617975519940633,1,44.39913194444445,5d969c5f2ac272dadbdcadf9ffffd9954c0ee44b2f78f4808b1cb2ef38f85c32
D2,A_low_3,selective,D2_r00,0,m016_affinity_rank_group,cf78b05538711825e0795152b13c3d2c15b5cd16f89c1995f7b006d8bc57c6a2,affinity_rank_group,intermediate,256,0.1202989534512104,0.3617975519940633,1,44.46961805555556,dbf20d14dcafcf6c8916e16df3796c029dcc7771996946cad83365c65e1f45b3
D2,A_low_3,selective,D2_r00,0,m017_balanced_random_group,b6b3bc7bfea0b8024176555b6791456fefb568bbd841db8af65e2e3f9b06bc11,balanced_random_group,intermediate,512,0.2102103376646687,0.3617975519940633,1,44.4876953125,c6f9164ee10f6c4f0e7d31dc4b09343355f0197bceebbadabae7201ff63a171a
D2,A_low_3,selective,D2_r00,0,m018_affinity_rank_group,24a6acb87a7364b0b1cbbe6fecc84df53e5243c78a06a6c6c4e7354b3e359435,affinity_rank_group,intermediate,512,0.2177284970385596,0.3617975519940633,1,44.46399739583333,d112365225ec84e8eae407718d0ea37429977cc2bbf4c56e309673ae32ba3e6f
D2,A_low_3,selective,D2_r00,0,m019_contiguous_substring,16cfd655e57fba08a658c1d50e1fe5976b2f905eee09ec260833cfb2b49d6f38,contiguous_substring,intermediate,4,0.0017775395877887,0.3617975519940633,1,44.416710069444456,13f095e3c1bc1a01322faf9be33fbf81e1d98adf071a916033a33d8430a034b7
D2,A_low_3,selective,D2_r00,0,m020_contiguous_substring,6fb076d21f3b26febc2e6a328628b3ea581ce0709de4263bbe675d61bdb74942,contiguous_substring,intermediate,4,0.0009001517118362,0.3617975519940633,1,44.38025173611111,7605750fe1fa10e04608dfe1930d97c97f8661360c25f0bd6c88148d84349b7a
D2,A_low_3,selective,D2_r00,0,m021_contiguous_substring,3ac98b3bd2edbbfc3b4339ca0066047ccba8e1cfa0ce798acbd27bab5b87d8af,contiguous_substring,intermediate,4,0.0019139464824577,0.3617975519940633,1,44.38346354166666,1e9d749d5654ad8b8451614c6b09a36ccd6959b1be2482d67f24bdccbd3c74e5
D2,A_low_3,selective,D2_r00,0,m022_contiguous_substring,fc015e86e4e7f2c734c05fb1135856a6186a7b6e6f3079acc6d6c6e4aa7442e4,contiguous_substring,intermediate,4,0.0014100392781704,0.3617975519940633,1,44.3603515625,aeb791e5aeb22a805f6715cb59080acaa59188d0b81325454ad574478ea10941
D2,A_low_3,selective,D2_r00,0,m023_contiguous_substring,6d8bb74bcdeefe62988bcebfe3cdb7110ea14648c3393721f4a4095032ddf61b,contiguous_substring,intermediate,4,0.0013966864092181,0.3617975519940633,1,44.35726996527778,7ce391373073f0c6801114e7bc0d911f1c3d29a02e2b54bb6b43b01bc4f8cf2c
D2,A_low_3,selective,D2_r00,0,m024_contiguous_substring,94ab69bff5420fbcf4c18d7a247ef0e4b9577d1295271abf78a62f51c3b59a0f,contiguous_substring,intermediate,16,0.0059844839929326,0.3617975519940633,1,44.3814236111111,ead3a1a60c84dede5a82e3b33f5a30af7734f408f3076d205737a382b1fee44b
D2,A_low_3,selective,D2_r00,0,m025_contiguous_substring,ae330f3e6dd51f734f790820a896827f916e8d775c69ea1f205c55aa81507fe0,contiguous_substring,intermediate,16,0.0071657155694228,0.3617975519940633,1,44.37892795138888,9e018e2e09a5d75021347a05c0e413ffa2dfa6cf0284a886d1a671115a376b07
D2,A_low_3,selective,D2_r00,0,m026_contiguous_substring,5d3c5ea59a3a81c2ffdcfc7029fe0ab078b39be0217f1ee2611101845014273b,contiguous_substring,intermediate,16,0.0069013619978147,0.3617975519940633,1,44.35236545138888,aec58e4fbdf519125b71f12398112e0414c4006900dca6e0ef2c26e88b078124
D2,A_low_3,selective,D2_r00,0,m027_contiguous_substring,6edfbfdb62fbf79744d4ecfb6fe43de95b2133d87a10f24061ecc84297b1c267,contiguous_substring,intermediate,16,0.0070252566376622,0.3617975519940633,1,44.377278645833336,0b70b164d739b336ad9b0ee181c2cf14e9b5b4492da6626f33f44e209fb0320c
D2,A_low_3,selective,D2_r00,0,m028_contiguous_substring,6f9a04216ce84ed3a2ef19a2010723c498d866f2bb5d6eda67ea1bd16782bfd8,contiguous_substring,intermediate,64,0.0295193448410086,0.3617975519940633,1,44.44372829861111,b8520b73346a18790fd7773a616a0a44809b610233f543d5386a7921c949e08c
D2,A_low_3,selective,D2_r00,0,m029_contiguous_substring,8d4ddfbfac0226f6a695d6b22ee21fbf533251852e95baca71b09f7710bfb22c,contiguous_substring,intermediate,64,0.0280143633015101,0.3617975519940633,1,44.394856770833336,68351801d3c03a76cdea0141a0305a58ac57b3493b05c099c9311e1be93e3724
D2,A_low_3,selective,D2_r00,0,m030_contiguous_substring,6ff19e1927dcafbb441ab0b4a0a61b92d1295d402f3277307a3f5b9d7850b98a,contiguous_substring,intermediate,64,0.0293665626338627,0.3617975519940633,1,44.34490017361111,e9d3acaaa60eed9746ec392fe1316829089a8d9106ec04c13aefc7449b1a9068
D2,A_low_3,selective,D2_r00,0,m031_contiguous_substring,c824c782df91faee7515c9d811fab43ed5426465074d2e812a5277507d28ae96,contiguous_substring,intermediate,256,0.1148618379038969,0.3617975519940633,1,44.52977430555555,0699b1acb3bf54e9444b781ab4cb3d21cfbe6506bf314a69dc11ebab600ebb6d
D2,A_low_3,selective,D2_r00,0,m032_contiguous_substring,ef835eb9c371f618c6958654a7d25a1df1d12c09a53ecf66f9209fb882a8542d,contiguous_substring,intermediate,256,0.1102377541444621,0.3617975519940633,1,44.40826822916667,081c68140a2095fa202fd07002c6cd36b30fe560cc4ca393c9be10c3f0e7e716
D2,A_low_3,selective,D2_r00,0,m033_identity,2f88e9ce00d238e7e011a7b140b413dcad818f1da41a721f914f1af604d0e217,identity,identity,1024,0.3617975519940633,0.3617975519940633,1,44.64303385416666,13e9f90f75d00942db09d3020eb6e05789a1454d38145445d0ff9a97a3e90401
D2,A_low_3,selective,D2_r01,1,actual,actual,unintervened,actual,1024,0.359150486724463,0.359150486724463,0,44.725911458333336,5fc9affc78284c876a5896fbc40cb65d5b06350139f99a08592625a61744d99a
D2,A_low_3,selective,D2_r01,1,m000_constant,9f1dcbc35c350d6027f98be0f5c8b43b42ca52b7604459c0c42be3aa88913d47,constant,constant,1,0.0,0.359150486724463,0,44.37161458333333,51d7b1175468646f98df6a8e97a5b8296edaaaa609bb9e4516b9045d7705fba7
D2,A_low_3,selective,D2_r01,1,m001_balanced_random_group,d52123e063e4c7f12cf7d331526a34d45a7db62b251fda39a52b7a6e51dc81da,balanced_random_group,intermediate,2,0.0004175379278508,0.359150486724463,0,44.380468750000006,deaf914532d460eb61a9f16d4893a299238302ef2597bae9909ac76f987b733f
D2,A_low_3,selective,D2_r01,1,m002_affinity_rank_group,3f53151fb2f814971fd6c0128c5c0b7afe1b5cb5257e46a1db18b8ebc9946d94,affinity_rank_group,intermediate,2,0.0003489470346531,0.359150486724463,0,44.3705078125,bda5849c98c6c482e8e09ef464ce189054fd7df0efc86c7cda19867186d7013f
D2,A_low_3,selective,D2_r01,1,m003_balanced_random_group,4daeed799e72bb6401d991026fcc59ed40b3ce561e3c7dcca0ae6832935d9374,balanced_random_group,intermediate,4,0.0019264409519449,0.359150486724463,0,44.37688802083333,15c728f9c2f6c82db99a0f4c91c315035532fafd4173f6a7e88072f76aa3e8a0
D2,A_low_3,selective,D2_r01,1,m004_affinity_rank_group,92e56b0f11cdce879476507882d715f1eecc12de134fc3982530e28ffd4eba29,affinity_rank_group,intermediate,4,0.0015810297894111,0.359150486724463,0,44.39772135416667,1cbb391508ef5691ec260cafb47ed07a123fc2be946a6266cdfa9071582e32e8
D2,A_low_3,selective,D2_r01,1,m005_balanced_random_group,133f24f68b3fddec3d8ed9a85a422bfcf4737bd728e769f2b1a595571768ceb1,balanced_random_group,intermediate,8,0.0050828630570547,0.359150486724463,0,44.38172743055555,0bbd608199c1f24ea491aba643950ed3c5e47de3a32454476dbd1b58203c7336
D2,A_low_3,selective,D2_r01,1,m006_affinity_rank_group,0a19adabdd017fc722384804e89caf4ecf35837689486f63c24094087da5c2ba,affinity_rank_group,intermediate,8,0.0035806721963244,0.359150486724463,0,44.39442274305556,faf4d2d6a1a0aba018e8f518d3eabd7e92835a6fc4df4d597dbab4e1cc30d1cd
D2,A_low_3,selective,D2_r01,1,m007_balanced_random_group,25ccd77da6a7a52851f2f535e8b83f3d72cca793b3fce300949dd17a4f765737,balanced_random_group,intermediate,16,0.0075795372303302,0.359150486724463,0,44.42571614583333,aabcbbff61417b2560179b6a0db03d403dd808ea1ce2d78de170cf9168cd44fc
D2,A_low_3,selective,D2_r01,1,m008_affinity_rank_group,d176c8d0ee881709b5af7061b49578d8041bef9dde73ceb9e47e4dd86f7ee987,affinity_rank_group,intermediate,16,0.008093291989907,0.359150486724463,0,44.41004774305557,f59fe9e0c94a36387cc5bb6a337ee92ddcf51a7b1e4c5428cb6a01ec6e7c8986
D2,A_low_3,selective,D2_r01,1,m009_balanced_random_group,69c0c7f3bb16611e92670e95a45404361a87cf0019841eec47307d17f9b18d02,balanced_random_group,intermediate,32,0.0163299424106607,0.359150486724463,0,44.35323350694445,4104fc873e6c322394f306bcbfbb6500ed86425a2894655ec90ae36859e6c047
D2,A_low_3,selective,D2_r01,1,m010_affinity_rank_group,a08bb91ec0e66d0b3afe5332032fd3fb6769016bc04c2710b5e01a8e599df454,affinity_rank_group,intermediate,32,0.0165865719822809,0.359150486724463,0,44.472873263888886,f3a072436a853f5743a0f3e8a73c7fa306049e3a8f3d020492ca14775e59c00a
D2,A_low_3,selective,D2_r01,1,m011_balanced_random_group,9ee348dcdb60a6d8b94644daf4e24f585414a22ccc692248a0eea7ff6d53b127,balanced_random_group,intermediate,64,0.0296546782628053,0.359150486724463,0,44.367404513888886,5b1aef0569a65e0756cffb46d52519660c913dccc6b977c4f77d96eb9aa5dd88
D2,A_low_3,selective,D2_r01,1,m012_affinity_rank_group,6ac4e014d135d7a7fbd4592fdf320f48570dc4bce5e1a5c2ca6054715b80f98a,affinity_rank_group,intermediate,64,0.033623468031729,0.359150486724463,0,44.41673177083334,aace538abbcbba85fda13a82c1d999acb0497dd6db97ecd1d73aa29c8ba8b142
D2,A_low_3,selective,D2_r01,1,m013_balanced_random_group,c127ba6cf2bef776473edf53f0da2b8df4d42a0566a9850f3d21195dea5e8dc9,balanced_random_group,intermediate,128,0.0562198502354684,0.359150486724463,0,44.43005642361111,fa1207824213de59650c43ac5e6d95ac835b4900354db75cc963bf37e63ad3ce
D2,A_low_3,selective,D2_r01,1,m014_affinity_rank_group,4c0d0a036a5c51abb14f88b143c35a9a2e7cecb590d4d0752b078fe3b59a18dd,affinity_rank_group,intermediate,128,0.059921815512757,0.359150486724463,0,44.33956163194445,b0ea51533626a43089f66f46f0f0d702600c1b90f392290c4593e89bb1b80114
D2,A_low_3,selective,D2_r01,1,m015_balanced_random_group,d938170ba1bbcea521c8f61e2a21a624aedf2e1facb1d1b7a73246f98e6abbb1,balanced_random_group,intermediate,256,0.1126701304366192,0.359150486724463,0,44.41302083333333,1a384497b025cf7b4fecb15ac4e8596e10d1d85e29d694bf66dcd070fc74115f
D2,A_low_3,selective,D2_r01,1,m016_affinity_rank_group,cf78b05538711825e0795152b13c3d2c15b5cd16f89c1995f7b006d8bc57c6a2,affinity_rank_group,intermediate,256,0.1121536904352512,0.359150486724463,0,44.50045572916667,a96a237090e9617511edb619b5e52a4f1192e99fdddf25e7c3d7a7ece040ca8d
D2,A_low_3,selective,D2_r01,1,m017_balanced_random_group,b6b3bc7bfea0b8024176555b6791456fefb568bbd841db8af65e2e3f9b06bc11,balanced_random_group,intermediate,512,0.2097040571415195,0.359150486724463,0,44.56243489583333,5dcb24bf240075f623061a2e3509a9c34089b611be8a71d016b501b0a5e81e61
D2,A_low_3,selective,D2_r01,1,m018_affinity_rank_group,24a6acb87a7364b0b1cbbe6fecc84df53e5243c78a06a6c6c4e7354b3e359435,affinity_rank_group,intermediate,512,0.2093803112326673,0.359150486724463,0,44.66864149305556,33c90a5d00c6a86432e2c0eac2d698e811c45b6be6ba5fb266d9995f4481e03d
D2,A_low_3,selective,D2_r01,1,m019_contiguous_substring,16cfd655e57fba08a658c1d50e1fe5976b2f905eee09ec260833cfb2b49d6f38,contiguous_substring,intermediate,4,0.0014399174403633,0.359150486724463,0,44.411328125,1941649a6333095170fa3d961f406f2ddc424e3c73b1269f56ad562f74bc2ace
D2,A_low_3,selective,D2_r01,1,m020_contiguous_substring,6fb076d21f3b26febc2e6a328628b3ea581ce0709de4263bbe675d61bdb74942,contiguous_substring,intermediate,4,0.0022445874588743,0.359150486724463,0,44.38780381944444,abd4683f0a60f621c97f1cc6e1fa75aa4f1df350a0790c8b47d9f1e4cdbf05d7
D2,A_low_3,selective,D2_r01,1,m021_contiguous_substring,3ac98b3bd2edbbfc3b4339ca0066047ccba8e1cfa0ce798acbd27bab5b87d8af,contiguous_substring,intermediate,4,0.0014208157744086,0.359150486724463,0,44.39273003472223,18202880564a3904045c1f7248be6b1bb5d4d6b1b8997c5685a568db53111a8c
D2,A_low_3,selective,D2_r01,1,m022_contiguous_substring,fc015e86e4e7f2c734c05fb1135856a6186a7b6e6f3079acc6d6c6e4aa7442e4,contiguous_substring,intermediate,4,0.001000987359712,0.359150486724463,0,44.36401909722222,f9faaf8a15e7fb4b6d4fa2a208c26f9f771ee3847d20cb1093ba7c8f74b3f0fe
D2,A_low_3,selective,D2_r01,1,m023_contiguous_substring,6d8bb74bcdeefe62988bcebfe3cdb7110ea14648c3393721f4a4095032ddf61b,contiguous_substring,intermediate,4,0.0017669029907311,0.359150486724463,0,44.38103298611112,91a6c7d15e4a67d399a97b6890a47ef0984d65dff3a019dd124b2bde7a919ecd
D2,A_low_3,selective,D2_r01,1,m024_contiguous_substring,94ab69bff5420fbcf4c18d7a247ef0e4b9577d1295271abf78a62f51c3b59a0f,contiguous_substring,intermediate,16,0.0079227916603795,0.359150486724463,0,44.422764756944446,b0701658e094012317782feb2bfaac94d750e41a32a10a499b3bcd15da335d88
D2,A_low_3,selective,D2_r01,1,m025_contiguous_substring,ae330f3e6dd51f734f790820a896827f916e8d775c69ea1f205c55aa81507fe0,contiguous_substring,intermediate,16,0.00839881832278,0.359150486724463,0,44.40970052083333,cf4c76a1c0dc86f74535ea2843929adffe9d6bb5a5a1070cf0d0ac7545b45ae2
D2,A_low_3,selective,D2_r01,1,m026_contiguous_substring,5d3c5ea59a3a81c2ffdcfc7029fe0ab078b39be0217f1ee2611101845014273b,contiguous_substring,intermediate,16,0.0074471907517783,0.359150486724463,0,44.409266493055554,1735c7f645cc4d47c3d800daf1b569eed952ca3cee2e5088ac52d9b84b34df4d
D2,A_low_3,selective,D2_r01,1,m027_contiguous_substring,6edfbfdb62fbf79744d4ecfb6fe43de95b2133d87a10f24061ecc84297b1c267,contiguous_substring,intermediate,16,0.0065086070900926,0.359150486724463,0,44.37717013888889,53f2bb971101ba22736bfc7558b7d836908950f067755a543374ac2020ad302e
D2,A_low_3,selective,D2_r01,1,m028_contiguous_substring,6f9a04216ce84ed3a2ef19a2010723c498d866f2bb5d6eda67ea1bd16782bfd8,contiguous_substring,intermediate,64,0.0315229288565394,0.359150486724463,0,44.45950520833333,364e6d74ac7e48f1554e35a0588bc67a00f423958700fb3b6588ef7ed1f11b30
D2,A_low_3,selective,D2_r01,1,m029_contiguous_substring,8d4ddfbfac0226f6a695d6b22ee21fbf533251852e95baca71b09f7710bfb22c,contiguous_substring,intermediate,64,0.0314676993258215,0.359150486724463,0,44.4429470486111,ecabd383327acb69e7ab34e0e10115cd0a3a74569a0956eb8385d20072457c2f
D2,A_low_3,selective,D2_r01,1,m030_contiguous_substring,6ff19e1927dcafbb441ab0b4a0a61b92d1295d402f3277307a3f5b9d7850b98a,contiguous_substring,intermediate,64,0.0307942332862157,0.359150486724463,0,44.43986545138889,43652b90f39cae08865aff155b5866155daa8212d1f2b1bd6398f6dcf181cb0a
D2,A_low_3,selective,D2_r01,1,m031_contiguous_substring,c824c782df91faee7515c9d811fab43ed5426465074d2e812a5277507d28ae96,contiguous_substring,intermediate,256,0.1130567397938823,0.359150486724463,0,44.493250868055554,10c11a448f6361829c8a417cc4237f7c64bb84e6d8905700f4d3a47eced7fdd3
D2,A_low_3,selective,D2_r01,1,m032_contiguous_substring,ef835eb9c371f618c6958654a7d25a1df1d12c09a53ecf66f9209fb882a8542d,contiguous_substring,intermediate,256,0.1118819644050247,0.359150486724463,0,44.51232638888889,24632047e39d9b0850b65c8868492a2da3d36ccd6f75b5eb292ee12ddf676aae
D2,A_low_3,selective,D2_r01,1,m033_identity,2f88e9ce00d238e7e011a7b140b413dcad818f1da41a721f914f1af604d0e217,identity,identity,1024,0.359150486724463,0.359150486724463,0,44.725911458333336,5fc9affc78284c876a5896fbc40cb65d5b06350139f99a08592625a61744d99a
D2,A_low_3,selective,D2_r01,1,actual,actual,unintervened,actual,1024,0.359150486724463,0.359150486724463,1,44.65295138888889,34a5fd47547a5b1c927f00a3400cdee508bc8758ce28b26c3e566ed32da8b03f
D2,A_low_3,selective,D2_r01,1,m000_constant,9f1dcbc35c350d6027f98be0f5c8b43b42ca52b7604459c0c42be3aa88913d47,constant,constant,1,0.0,0.359150486724463,1,44.42673611111112,ac4f4eeb5f01160aa0a9875491ea38b36772de44bca3954e5652e6e8e1bca292
D2,A_low_3,selective,D2_r01,1,m001_balanced_random_group,d52123e063e4c7f12cf7d331526a34d45a7db62b251fda39a52b7a6e51dc81da,balanced_random_group,intermediate,2,0.0004175379278508,0.359150486724463,1,44.42230902777777,0fc152d4efedfe5b1a10d934d33c178b3099c7bac6a3d1562b93468eb99ebe12
D2,A_low_3,selective,D2_r01,1,m002_affinity_rank_group,3f53151fb2f814971fd6c0128c5c0b7afe1b5cb5257e46a1db18b8ebc9946d94,affinity_rank_group,intermediate,2,0.0003489470346531,0.359150486724463,1,44.43402777777777,e4f0d93ddbab663710b4422a7260a3ec590b8786c906c217c9670c9f95c5907d
D2,A_low_3,selective,D2_r01,1,m003_balanced_random_group,4daeed799e72bb6401d991026fcc59ed40b3ce561e3c7dcca0ae6832935d9374,balanced_random_group,intermediate,4,0.0019264409519449,0.359150486724463,1,44.40490451388888,fa8d498970934f1ff97c1b6d0c598ebb8a4700bc00adf0eeb98e1530e0cfac70
D2,A_low_3,selective,D2_r01,1,m004_affinity_rank_group,92e56b0f11cdce879476507882d715f1eecc12de134fc3982530e28ffd4eba29,affinity_rank_group,intermediate,4,0.0015810297894111,0.359150486724463,1,44.40759548611111,9fac931cbe028c28df3bf983648520308aa0f8c1dec5bc3f7073eb7ede08a6ed
D2,A_low_3,selective,D2_r01,1,m005_balanced_random_group,133f24f68b3fddec3d8ed9a85a422bfcf4737bd728e769f2b1a595571768ceb1,balanced_random_group,intermediate,8,0.0050828630570547,0.359150486724463,1,44.43608940972221,9fc6f2e22c92d608396f5057c399e385e82cf1f56e99160ff8133255e202a4db
D2,A_low_3,selective,D2_r01,1,m006_affinity_rank_group,0a19adabdd017fc722384804e89caf4ecf35837689486f63c24094087da5c2ba,affinity_rank_group,intermediate,8,0.0035806721963244,0.359150486724463,1,44.43101128472223,7a104156dd513e4388d7f802a9025b68a500d4810a11fb71ad1127c503cd5569
D2,A_low_3,selective,D2_r01,1,m007_balanced_random_group,25ccd77da6a7a52851f2f535e8b83f3d72cca793b3fce300949dd17a4f765737,balanced_random_group,intermediate,16,0.0075795372303302,0.359150486724463,1,44.432834201388886,edf7a4fd57080bb8cd71cc8f774f4e1659ff71657401518eecb88a349bd169e8
D2,A_low_3,selective,D2_r01,1,m008_affinity_rank_group,d176c8d0ee881709b5af7061b49578d8041bef9dde73ceb9e47e4dd86f7ee987,affinity_rank_group,intermediate,16,0.008093291989907,0.359150486724463,1,44.46790364583333,9a69f3e37296a1980db94df563ab82225b7e466e10151bce00e199789d0ad4ce
D2,A_low_3,selective,D2_r01,1,m009_balanced_random_group,69c0c7f3bb16611e92670e95a45404361a87cf0019841eec47307d17f9b18d02,balanced_random_group,intermediate,32,0.0163299424106607,0.359150486724463,1,44.409375,45acbb6ef553e3e14e21355f99f7c3e8c20df06c02e287e474f9540777957f6a
D2,A_low_3,selective,D2_r01,1,m010_affinity_rank_group,a08bb91ec0e66d0b3afe5332032fd3fb6769016bc04c2710b5e01a8e599df454,affinity_rank_group,intermediate,32,0.0165865719822809,0.359150486724463,1,44.43359375,e6656c31d7692f53683c30d8c5e7d1809351b668a68909d137b495fa13c730a4
D2,A_low_3,selective,D2_r01,1,m011_balanced_random_group,9ee348dcdb60a6d8b94644daf4e24f585414a22ccc692248a0eea7ff6d53b127,balanced_random_group,intermediate,64,0.0296546782628053,0.359150486724463,1,44.39227430555555,52b25506b4744f0574734659247e96057dc6cc137433074a1ee607ce3ef2b8d2
D2,A_low_3,selective,D2_r01,1,m012_affinity_rank_group,6ac4e014d135d7a7fbd4592fdf320f48570dc4bce5e1a5c2ca6054715b80f98a,affinity_rank_group,intermediate,64,0.033623468031729,0.359150486724463,1,44.3927734375,45b4d2cf09cbfee989e1d1c59d93a8586eaacb1e88c923086286a89df77b8481
D2,A_low_3,selective,D2_r01,1,m013_balanced_random_group,c127ba6cf2bef776473edf53f0da2b8df4d42a0566a9850f3d21195dea5e8dc9,balanced_random_group,intermediate,128,0.0562198502354684,0.359150486724463,1,44.49379340277778,067cade39ccc1be56fee09cb630ae860f7b4e27a3c75490f10afb3fc7317f2c8
D2,A_low_3,selective,D2_r01,1,m014_affinity_rank_group,4c0d0a036a5c51abb14f88b143c35a9a2e7cecb590d4d0752b078fe3b59a18dd,affinity_rank_group,intermediate,128,0.059921815512757,0.359150486724463,1,44.40069444444445,0bff14d6aad4470d6375cca09fb1bf9b38dcd4af1433bd25aa774a61cba41718
D2,A_low_3,selective,D2_r01,1,m015_balanced_random_group,d938170ba1bbcea521c8f61e2a21a624aedf2e1facb1d1b7a73246f98e6abbb1,balanced_random_group,intermediate,256,0.1126701304366192,0.359150486724463,1,44.52384982638888,9525368d448695167a867fa2bfbf781ffb7f43b49aa7a405441c4dcda3e94440
D2,A_low_3,selective,D2_r01,1,m016_affinity_rank_group,cf78b05538711825e0795152b13c3d2c15b5cd16f89c1995f7b006d8bc57c6a2,affinity_rank_group,intermediate,256,0.1121536904352512,0.359150486724463,1,44.43168402777778,f1fc47a74c2d2958e22c9c1667f9faa03258ba7f5bb1a39848289527b5ad9e27
D2,A_low_3,selective,D2_r01,1,m017_balanced_random_group,b6b3bc7bfea0b8024176555b6791456fefb568bbd841db8af65e2e3f9b06bc11,balanced_random_group,intermediate,512,0.2097040571415195,0.359150486724463,1,44.511805555555554,ad56980aedea152b31fc0377b15fb248739c66a3d42b9d01c125b4c3938b6327
D2,A_low_3,selective,D2_r01,1,m018_affinity_rank_group,24a6acb87a7364b0b1cbbe6fecc84df53e5243c78a06a6c6c4e7354b3e359435,affinity_rank_group,intermediate,512,0.2093803112326673,0.359150486724463,1,44.529926215277776,b232a837ccf620cb53ec1e9a1185f20dca336f76d55439af22f2d443ef4247e9
D2,A_low_3,selective,D2_r01,1,m019_contiguous_substring,16cfd655e57fba08a658c1d50e1fe5976b2f905eee09ec260833cfb2b49d6f38,contiguous_substring,intermediate,4,0.0014399174403633,0.359150486724463,1,44.46011284722222,b1bbabeab32b649095509f37b7118d675755fd64ac24d4f65db071a898b691a9
D2,A_low_3,selective,D2_r01,1,m020_contiguous_substring,6fb076d21f3b26febc2e6a328628b3ea581ce0709de4263bbe675d61bdb74942,contiguous_substring,intermediate,4,0.0022445874588743,0.359150486724463,1,44.453754340277776,93f2b80cadf45b32060190619cf5573a2eefac35414c76052a146c52efbfeb32
D2,A_low_3,selective,D2_r01,1,m021_contiguous_substring,3ac98b3bd2edbbfc3b4339ca0066047ccba8e1cfa0ce798acbd27bab5b87d8af,contiguous_substring,intermediate,4,0.0014208157744086,0.359150486724463,1,44.42647569444445,aeebb567ede5bcb7d89ff5b984f6a70bd73b4f44f38365f1f0898bd86125bd1a
D2,A_low_3,selective,D2_r01,1,m022_contiguous_substring,fc015e86e4e7f2c734c05fb1135856a6186a7b6e6f3079acc6d6c6e4aa7442e4,contiguous_substring,intermediate,4,0.001000987359712,0.359150486724463,1,44.40555555555555,5ae4dba69fb601033135d62430b2c9fe0e5052574f4eb4abb76077a72c7ea359
D2,A_low_3,selective,D2_r01,1,m023_contiguous_substring,6d8bb74bcdeefe62988bcebfe3cdb7110ea14648c3393721f4a4095032ddf61b,contiguous_substring,intermediate,4,0.0017669029907311,0.359150486724463,1,44.41842447916666,c4299c40c70f0f437bc0c93ef77aa51d86d81244019c2a4ad349ff0acd33a439
D2,A_low_3,selective,D2_r01,1,m024_contiguous_substring,94ab69bff5420fbcf4c18d7a247ef0e4b9577d1295271abf78a62f51c3b59a0f,contiguous_substring,intermediate,16,0.0079227916603795,0.359150486724463,1,44.46529947916666,b433deb9673298d0ebadda87a596a824dcc492eaba27b9faba8f96992c37da4f
D2,A_low_3,selective,D2_r01,1,m025_contiguous_substring,ae330f3e6dd51f734f790820a896827f916e8d775c69ea1f205c55aa81507fe0,contiguous_substring,intermediate,16,0.00839881832278,0.359150486724463,1,44.407443576388886,f92908fafb83d1e90ed59d14e90e51ad0d4a40ac76de41ea27ee55d2bbfb3715
D2,A_low_3,selective,D2_r01,1,m026_contiguous_substring,5d3c5ea59a3a81c2ffdcfc7029fe0ab078b39be0217f1ee2611101845014273b,contiguous_substring,intermediate,16,0.0074471907517783,0.359150486724463,1,44.42046440972222,70ea64f502c4de01644d95d676c48e9bbc4f69f35289b699505a8ceecdff0301
D2,A_low_3,selective,D2_r01,1,m027_contiguous_substring,6edfbfdb62fbf79744d4ecfb6fe43de95b2133d87a10f24061ecc84297b1c267,contiguous_substring,intermediate,16,0.0065086070900926,0.359150486724463,1,44.42552083333334,d70d91fc6e0d980416357751e483ba30ac6dc4ac0565017753f0d3d6cf0b5535
D2,A_low_3,selective,D2_r01,1,m028_contiguous_substring,6f9a04216ce84ed3a2ef19a2010723c498d866f2bb5d6eda67ea1bd16782bfd8,contiguous_substring,intermediate,64,0.0315229288565394,0.359150486724463,1,44.455403645833336,f331968a0907c99b7fe7ced7a1c005ade0aded98608beb289589609573ed3a36
D2,A_low_3,selective,D2_r01,1,m029_contiguous_substring,8d4ddfbfac0226f6a695d6b22ee21fbf533251852e95baca71b09f7710bfb22c,contiguous_substring,intermediate,64,0.0314676993258215,0.359150486724463,1,44.38328993055556,e00eeb53a5bace74af7a6d243d3389112045e99dce72c1f5ba496871d49df60c
D2,A_low_3,selective,D2_r01,1,m030_contiguous_substring,6ff19e1927dcafbb441ab0b4a0a61b92d1295d402f3277307a3f5b9d7850b98a,contiguous_substring,intermediate,64,0.0307942332862157,0.359150486724463,1,44.38589409722223,80b2f052c4f8cb3bb6db597955fc64572c8ce17775ccf26621bac512b311258a
D2,A_low_3,selective,D2_r01,1,m031_contiguous_substring,c824c782df91faee7515c9d811fab43ed5426465074d2e812a5277507d28ae96,contiguous_substring,intermediate,256,0.1130567397938823,0.359150486724463,1,44.50269097222222,e146611aaac7d2be8a45bd6a70a66a235916599a528a59252562039b85104a69
D2,A_low_3,selective,D2_r01,1,m032_contiguous_substring,ef835eb9c371f618c6958654a7d25a1df1d12c09a53ecf66f9209fb882a8542d,contiguous_substring,intermediate,256,0.1118819644050247,0.359150486724463,1,44.5251953125,50b8698ae73f08bbbc001f6fc63bce4ee6170b40c74fbe5f5682eb2950538fb2
D2,A_low_3,selective,D2_r01,1,m033_identity,2f88e9ce00d238e7e011a7b140b413dcad818f1da41a721f914f1af604d0e217,identity,identity,1024,0.359150486724463,0.359150486724463,1,44.65295138888889,34a5fd47547a5b1c927f00a3400cdee508bc8758ce28b26c3e566ed32da8b03f
D2,A_low_3,selective,D2_r02,2,actual,actual,unintervened,actual,1024,0.3700405369437991,0.3700405369437991,0,44.64854600694444,6c29505be73f9c6683c3ef507a874b24d092d1b2d1a147c55efef2fc04886582
D2,A_low_3,selective,D2_r02,2,m000_constant,9f1dcbc35c350d6027f98be0f5c8b43b42ca52b7604459c0c42be3aa88913d47,constant,constant,1,0.0,0.3700405369437991,0,44.36551649305556,898fdcbd6d40d2ec0757ce3978a468d2cc97a50e9c34fe3aa42d30235e79a1a5
D2,A_low_3,selective,D2_r02,2,m001_balanced_random_group,d52123e063e4c7f12cf7d331526a34d45a7db62b251fda39a52b7a6e51dc81da,balanced_random_group,intermediate,2,0.000303007487098,0.3700405369437991,0,44.351584201388896,acd585cacfcd9e474a11e6dd9a64465d5b9c2d41bcd15bfde7830f8fa5754f4f
D2,A_low_3,selective,D2_r02,2,m002_affinity_rank_group,3f53151fb2f814971fd6c0128c5c0b7afe1b5cb5257e46a1db18b8ebc9946d94,affinity_rank_group,intermediate,2,0.0005026914714307,0.3700405369437991,0,44.37063802083333,7fce0209aa5fdfe71bceeefc1d143947f83f849b5e937d168e4c701393fd6343
D2,A_low_3,selective,D2_r02,2,m003_balanced_random_group,4daeed799e72bb6401d991026fcc59ed40b3ce561e3c7dcca0ae6832935d9374,balanced_random_group,intermediate,4,0.0017196050019731,0.3700405369437991,0,44.35444878472222,0eb65c3fb9babb8eb65da5379de00776fa3029e4aed72e2d6feb1f0f21513438
D2,A_low_3,selective,D2_r02,2,m004_affinity_rank_group,92e56b0f11cdce879476507882d715f1eecc12de134fc3982530e28ffd4eba29,affinity_rank_group,intermediate,4,0.0014055534747537,0.3700405369437991,0,44.35659722222222,c3b439b136ee6bfe29a2d9d16e00d25e1f7de3d59f796f2e1c6e85c0c6921c4a
D2,A_low_3,selective,D2_r02,2,m005_balanced_random_group,133f24f68b3fddec3d8ed9a85a422bfcf4737bd728e769f2b1a595571768ceb1,balanced_random_group,intermediate,8,0.0027916299886944,0.3700405369437991,0,44.41595052083333,6fe3a2549e797342e919cd57605f39a1f641fc97ab63546775749a2c3f20df88
D2,A_low_3,selective,D2_r02,2,m006_affinity_rank_group,0a19adabdd017fc722384804e89caf4ecf35837689486f63c24094087da5c2ba,affinity_rank_group,intermediate,8,0.0031408434633093,0.3700405369437991,0,44.38250868055556,9a24f16acbc949ccb8dc1ede8a594895ad0a1d8dbb58bd853bc46872268370cf
D2,A_low_3,selective,D2_r02,2,m007_balanced_random_group,25ccd77da6a7a52851f2f535e8b83f3d72cca793b3fce300949dd17a4f765737,balanced_random_group,intermediate,16,0.0076969929072095,0.3700405369437991,0,44.36549479166666,d56f96efba6cbfbf90fa5159a4b3cf2d852bf41ba1de7a50f376c4e7b02940cb
D2,A_low_3,selective,D2_r02,2,m008_affinity_rank_group,d176c8d0ee881709b5af7061b49578d8041bef9dde73ceb9e47e4dd86f7ee987,affinity_rank_group,intermediate,16,0.0070561165650952,0.3700405369437991,0,44.33574218749999,0fdc2eae0ee76c88b14747d48541bab8c409388cbee44bd66be5d55caea0d23e
D2,A_low_3,selective,D2_r02,2,m009_balanced_random_group,69c0c7f3bb16611e92670e95a45404361a87cf0019841eec47307d17f9b18d02,balanced_random_group,intermediate,32,0.0155832446262215,0.3700405369437991,0,44.35720486111112,9f52f39b63fe235f7d1bf788ed9d48641cfe9a33b3ded3ab7286d924f516521f
D2,A_low_3,selective,D2_r02,2,m010_affinity_rank_group,a08bb91ec0e66d0b3afe5332032fd3fb6769016bc04c2710b5e01a8e599df454,affinity_rank_group,intermediate,32,0.0146074894076868,0.3700405369437991,0,44.35329861111112,0179c740f4e23c1ae1e5eef2752f447d3aa9d5e0309575490b362968422f0570
D2,A_low_3,selective,D2_r02,2,m011_balanced_random_group,9ee348dcdb60a6d8b94644daf4e24f585414a22ccc692248a0eea7ff6d53b127,balanced_random_group,intermediate,64,0.0276671877040349,0.3700405369437991,0,44.36134982638889,cb7c33179be108c59f4da7f60d18b5ecae7c4292a4881243aaedce988330d292
D2,A_low_3,selective,D2_r02,2,m012_affinity_rank_group,6ac4e014d135d7a7fbd4592fdf320f48570dc4bce5e1a5c2ca6054715b80f98a,affinity_rank_group,intermediate,64,0.0295179125266065,0.3700405369437991,0,44.36124131944445,16c41b3ade91cee9771576d077a0785a466cdfff38480530a0abb93bbd78711e
D2,A_low_3,selective,D2_r02,2,m013_balanced_random_group,c127ba6cf2bef776473edf53f0da2b8df4d42a0566a9850f3d21195dea5e8dc9,balanced_random_group,intermediate,128,0.057207081554094,0.3700405369437991,0,44.40134548611112,522f07d58698ace0eb2a3ce710ba3ace53d90a2feae6d944a9ef37b85677f936
D2,A_low_3,selective,D2_r02,2,m014_affinity_rank_group,4c0d0a036a5c51abb14f88b143c35a9a2e7cecb590d4d0752b078fe3b59a18dd,affinity_rank_group,intermediate,128,0.0582011268527489,0.3700405369437991,0,44.34600694444445,f21fe0555ecbe06581ee9fee6604ac95b1bc7b3cace4e6b2822da0eca9efb9b2
D2,A_low_3,selective,D2_r02,2,m015_balanced_random_group,d938170ba1bbcea521c8f61e2a21a624aedf2e1facb1d1b7a73246f98e6abbb1,balanced_random_group,intermediate,256,0.1122981609930584,0.3700405369437991,0,44.40203993055555,4d755feeebb736a541ee5bbf8fcc88eb703aaa769e1a70725efe7d5bf8f97208
D2,A_low_3,selective,D2_r02,2,m016_affinity_rank_group,cf78b05538711825e0795152b13c3d2c15b5cd16f89c1995f7b006d8bc57c6a2,affinity_rank_group,intermediate,256,0.1158063006056735,0.3700405369437991,0,44.43845486111112,099a2dd2a02d7d4d94f0f0755b4d54e38d21c336da4f7a609ed42ec774b3d868
D2,A_low_3,selective,D2_r02,2,m017_balanced_random_group,b6b3bc7bfea0b8024176555b6791456fefb568bbd841db8af65e2e3f9b06bc11,balanced_random_group,intermediate,512,0.2185064145448706,0.3700405369437991,0,44.43717447916666,599bfb36c0d0061cbb821545216edaff9109d27ef8aea1b5f4f410ca133c3dbb
D2,A_low_3,selective,D2_r02,2,m018_affinity_rank_group,24a6acb87a7364b0b1cbbe6fecc84df53e5243c78a06a6c6c4e7354b3e359435,affinity_rank_group,intermediate,512,0.2168597434857895,0.3700405369437991,0,44.41032986111111,63badec26eff0f8d3027b4ecee14fb2e1b491b02904172088f9b9c3ca01bc6f8
D2,A_low_3,selective,D2_r02,2,m019_contiguous_substring,16cfd655e57fba08a658c1d50e1fe5976b2f905eee09ec260833cfb2b49d6f38,contiguous_substring,intermediate,4,0.0015585990779758,0.3700405369437991,0,44.36019965277778,a223294e4f3fe592c8499d719470de8a47496491ec30043e96a5ad19c0e48b98
D2,A_low_3,selective,D2_r02,2,m020_contiguous_substring,6fb076d21f3b26febc2e6a328628b3ea581ce0709de4263bbe675d61bdb74942,contiguous_substring,intermediate,4,0.0015910493449332,0.3700405369437991,0,44.3646701388889,167c5f9074958596b083af9f644de5c4f56d78199654de641dd3560bc2c1c858
D2,A_low_3,selective,D2_r02,2,m021_contiguous_substring,3ac98b3bd2edbbfc3b4339ca0066047ccba8e1cfa0ce798acbd27bab5b87d8af,contiguous_substring,intermediate,4,0.0009501509662135,0.3700405369437991,0,44.358311631944446,1ab7e120d30e2dcae20ab8431170a46a70f735e905b6fdf216f8e709fc8a0f50
D2,A_low_3,selective,D2_r02,2,m022_contiguous_substring,fc015e86e4e7f2c734c05fb1135856a6186a7b6e6f3079acc6d6c6e4aa7442e4,contiguous_substring,intermediate,4,0.0011636492864707,0.3700405369437991,0,44.320746527777786,490777d016ad4d95f090c4a519e52de3a1bb954bcc496a090ab37e0b4c36dd57
D2,A_low_3,selective,D2_r02,2,m023_contiguous_substring,6d8bb74bcdeefe62988bcebfe3cdb7110ea14648c3393721f4a4095032ddf61b,contiguous_substring,intermediate,4,0.0009613124446615,0.3700405369437991,0,44.35075954861112,83b5e52cd0e3260de7e7a1eae7b8e25811986121ff52e2008c71b1e73ce62068
D2,A_low_3,selective,D2_r02,2,m024_contiguous_substring,94ab69bff5420fbcf4c18d7a247ef0e4b9577d1295271abf78a62f51c3b59a0f,contiguous_substring,intermediate,16,0.0070557046539905,0.3700405369437991,0,44.37725694444444,7a1296736e632e93d45ef4844d5ccc6194c46db0dab787014b8c0d0e028d9ddb
D2,A_low_3,selective,D2_r02,2,m025_contiguous_substring,ae330f3e6dd51f734f790820a896827f916e8d775c69ea1f205c55aa81507fe0,contiguous_substring,intermediate,16,0.0066495737511699,0.3700405369437991,0,44.33118489583333,5151ff620fa1edc4ac3cbc26f1492a9f0e347000c5d74a6be8f8c461e49c8ec5
D2,A_low_3,selective,D2_r02,2,m026_contiguous_substring,5d3c5ea59a3a81c2ffdcfc7029fe0ab078b39be0217f1ee2611101845014273b,contiguous_substring,intermediate,16,0.005441579320213,0.3700405369437991,0,44.346028645833336,9bd52f2010a6623320e126664e5758662eb63bf511bc03b68be0d022a9c82ab2
D2,A_low_3,selective,D2_r02,2,m027_contiguous_substring,6edfbfdb62fbf79744d4ecfb6fe43de95b2133d87a10f24061ecc84297b1c267,contiguous_substring,intermediate,16,0.0054309476416127,0.3700405369437991,0,44.37890625000001,dbf994e072fe4d1771dfcc5055a61e171898545245be20b11c2a3f1e56c5010f
D2,A_low_3,selective,D2_r02,2,m028_contiguous_substring,6f9a04216ce84ed3a2ef19a2010723c498d866f2bb5d6eda67ea1bd16782bfd8,contiguous_substring,intermediate,64,0.0305177579184819,0.3700405369437991,0,44.28168402777778,3f2dda78f2dfce150fa21cebd76ffed9cb3221bfad72b64338e5d23281ee3abc
D2,A_low_3,selective,D2_r02,2,m029_contiguous_substring,8d4ddfbfac0226f6a695d6b22ee21fbf533251852e95baca71b09f7710bfb22c,contiguous_substring,intermediate,64,0.0285039276666467,0.3700405369437991,0,44.38394097222223,870182469d9e0633e609bff4836eb209aece88b16fa4bc0d155ccd2a67ee87f2
D2,A_low_3,selective,D2_r02,2,m030_contiguous_substring,6ff19e1927dcafbb441ab0b4a0a61b92d1295d402f3277307a3f5b9d7850b98a,contiguous_substring,intermediate,64,0.0260535881500284,0.3700405369437991,0,44.31241319444444,896f8f34ef3741ee6664e7441cf4694c91d081a114ab0a2557cc83b23921ab90
D2,A_low_3,selective,D2_r02,2,m031_contiguous_substring,c824c782df91faee7515c9d811fab43ed5426465074d2e812a5277507d28ae96,contiguous_substring,intermediate,256,0.1132968235755691,0.3700405369437991,0,44.39793836805556,72b45a68cd84cfc6e026ceb7da613cb27218b423aaac8ed4e8cdae26e6096d97
D2,A_low_3,selective,D2_r02,2,m032_contiguous_substring,ef835eb9c371f618c6958654a7d25a1df1d12c09a53ecf66f9209fb882a8542d,contiguous_substring,intermediate,256,0.1134482030755032,0.3700405369437991,0,44.45815972222221,56788b2eae45da11f51ffb118092e60d3785179918cb6d7a8d51503ade95d2e0
D2,A_low_3,selective,D2_r02,2,m033_identity,2f88e9ce00d238e7e011a7b140b413dcad818f1da41a721f914f1af604d0e217,identity,identity,1024,0.3700405369437991,0.3700405369437991,0,44.64854600694444,6c29505be73f9c6683c3ef507a874b24d092d1b2d1a147c55efef2fc04886582
D2,A_low_3,selective,D2_r02,2,actual,actual,unintervened,actual,1024,0.3700405369437991,0.3700405369437991,1,44.6238498263889,8ae4a3f21793ea413d2b1fc1ec11f5aa970a198427d4eaf0a4bd2a0837b1ef3d
D2,A_low_3,selective,D2_r02,2,m000_constant,9f1dcbc35c350d6027f98be0f5c8b43b42ca52b7604459c0c42be3aa88913d47,constant,constant,1,0.0,0.3700405369437991,1,44.42070312500001,5dcbb5a7ab2c52e527b8ca637b742326fc56a078080c11e3409d081b3b1417ba
D2,A_low_3,selective,D2_r02,2,m001_balanced_random_group,d52123e063e4c7f12cf7d331526a34d45a7db62b251fda39a52b7a6e51dc81da,balanced_random_group,intermediate,2,0.000303007487098,0.3700405369437991,1,44.457118055555554,0056f961a728e5ffcc0d937741da620f4edc05d93576e00d7c0fb06c703f5bf5
D2,A_low_3,selective,D2_r02,2,m002_affinity_rank_group,3f53151fb2f814971fd6c0128c5c0b7afe1b5cb5257e46a1db18b8ebc9946d94,affinity_rank_group,intermediate,2,0.0005026914714307,0.3700405369437991,1,44.42274305555557,5161d7320f8954514b33284ef83b3550b09657cb21b82bd5c6ed3357cf6281df
D2,A_low_3,selective,D2_r02,2,m003_balanced_random_group,4daeed799e72bb6401d991026fcc59ed40b3ce561e3c7dcca0ae6832935d9374,balanced_random_group,intermediate,4,0.0017196050019731,0.3700405369437991,1,44.41050347222222,15d7e317dc1793d810c4c50f8f65e2c9048595c0b8c94a40e4ea520b3eca33ad
D2,A_low_3,selective,D2_r02,2,m004_affinity_rank_group,92e56b0f11cdce879476507882d715f1eecc12de134fc3982530e28ffd4eba29,affinity_rank_group,intermediate,4,0.0014055534747537,0.3700405369437991,1,44.431901041666656,32adf3def25bcfc40d14e503abb983a5b0a5637acfb383b55b9b84f8d984e8a2
D2,A_low_3,selective,D2_r02,2,m005_balanced_random_group,133f24f68b3fddec3d8ed9a85a422bfcf4737bd728e769f2b1a595571768ceb1,balanced_random_group,intermediate,8,0.0027916299886944,0.3700405369437991,1,44.47183159722222,51657ce5e2ec51ccbe5559ed707b98995fa5a22502f0b86997c76448281f362e
D2,A_low_3,selective,D2_r02,2,m006_affinity_rank_group,0a19adabdd017fc722384804e89caf4ecf35837689486f63c24094087da5c2ba,affinity_rank_group,intermediate,8,0.0031408434633093,0.3700405369437991,1,44.43504774305556,316825f1f11fa51bfa1c4927f357edd9d4b8e81a00b12efe3163bed8d64044a6
D2,A_low_3,selective,D2_r02,2,m007_balanced_random_group,25ccd77da6a7a52851f2f535e8b83f3d72cca793b3fce300949dd17a4f765737,balanced_random_group,intermediate,16,0.0076969929072095,0.3700405369437991,1,44.41532118055555,d8dd4c914e7ba08f449eae106c979c37af3777ec78098d8f319f3bbdf0cd4d95
D2,A_low_3,selective,D2_r02,2,m008_affinity_rank_group,d176c8d0ee881709b5af7061b49578d8041bef9dde73ceb9e47e4dd86f7ee987,affinity_rank_group,intermediate,16,0.0070561165650952,0.3700405369437991,1,44.46668836805556,34b787da09087523227047d0b41f9795d0aaa9c092ac89aadd67b2cf35bcd6b3
D2,A_low_3,selective,D2_r02,2,m009_balanced_random_group,69c0c7f3bb16611e92670e95a45404361a87cf0019841eec47307d17f9b18d02,balanced_random_group,intermediate,32,0.0155832446262215,0.3700405369437991,1,44.40740017361111,05308cfeba9789165c0eb4c9045206fa852790f41ea41664db0ad86b14a3ae96
D2,A_low_3,selective,D2_r02,2,m010_affinity_rank_group,a08bb91ec0e66d0b3afe5332032fd3fb6769016bc04c2710b5e01a8e599df454,affinity_rank_group,intermediate,32,0.0146074894076868,0.3700405369437991,1,44.42944878472222,6029a5e9754e32465efac0fcd54c2cc0142d8ab2e9d17da30ed54223ce6c5321
D2,A_low_3,selective,D2_r02,2,m011_balanced_random_group,9ee348dcdb60a6d8b94644daf4e24f585414a22ccc692248a0eea7ff6d53b127,balanced_random_group,intermediate,64,0.0276671877040349,0.3700405369437991,1,44.430013020833336,981e08f0d0484e47092cc3fd08677baf6f36ece1fa7596ab67cbd6f828b0051e
D2,A_low_3,selective,D2_r02,2,m012_affinity_rank_group,6ac4e014d135d7a7fbd4592fdf320f48570dc4bce5e1a5c2ca6054715b80f98a,affinity_rank_group,intermediate,64,0.0295179125266065,0.3700405369437991,1,44.41838107638889,e5b2fdcb9598b9f882419006cee03aead65c8527b5348b9d7628cb5039ab6760
D2,A_low_3,selective,D2_r02,2,m013_balanced_random_group,c127ba6cf2bef776473edf53f0da2b8df4d42a0566a9850f3d21195dea5e8dc9,balanced_random_group,intermediate,128,0.057207081554094,0.3700405369437991,1,44.50536024305556,8717f2d31d81706ff584c78b1a11235674debeb3910aa842901e1222bff0b0ad
D2,A_low_3,selective,D2_r02,2,m014_affinity_rank_group,4c0d0a036a5c51abb14f88b143c35a9a2e7cecb590d4d0752b078fe3b59a18dd,affinity_rank_group,intermediate,128,0.0582011268527489,0.3700405369437991,1,44.41043836805555,a1d2db5d8bff2dee537053f37cc62270704bc4dcae1f87cc7f0e944a6dca2515
D2,A_low_3,selective,D2_r02,2,m015_balanced_random_group,d938170ba1bbcea521c8f61e2a21a624aedf2e1facb1d1b7a73246f98e6abbb1,balanced_random_group,intermediate,256,0.1122981609930584,0.3700405369437991,1,44.52100694444445,e0ab4dc63f22a2135bbcb6fae18ccda2a6f61b1a118f28504d12fffdcb2867f0
D2,A_low_3,selective,D2_r02,2,m016_affinity_rank_group,cf78b05538711825e0795152b13c3d2c15b5cd16f89c1995f7b006d8bc57c6a2,affinity_rank_group,intermediate,256,0.1158063006056735,0.3700405369437991,1,44.287738715277776,d83f79539d23156d32b98abf69d9ae882839ece6d3514250c15acce6add90937
D2,A_low_3,selective,D2_r02,2,m017_balanced_random_group,b6b3bc7bfea0b8024176555b6791456fefb568bbd841db8af65e2e3f9b06bc11,balanced_random_group,intermediate,512,0.2185064145448706,0.3700405369437991,1,44.43155381944444,8227b81c5cc4bdc229f9af0ca1554a0f631966c941527ed9263ffeb008431a0a
D2,A_low_3,selective,D2_r02,2,m018_affinity_rank_group,24a6acb87a7364b0b1cbbe6fecc84df53e5243c78a06a6c6c4e7354b3e359435,affinity_rank_group,intermediate,512,0.2168597434857895,0.3700405369437991,1,44.40321180555555,7768a94c832d7bf39e8dbc39d023ae0bac9a87e94ddbfde31d37e085792c1fa9
D2,A_low_3,selective,D2_r02,2,m019_contiguous_substring,16cfd655e57fba08a658c1d50e1fe5976b2f905eee09ec260833cfb2b49d6f38,contiguous_substring,intermediate,4,0.0015585990779758,0.3700405369437991,1,44.43363715277778,c9847fddad5153c4abcdc4b28aa72bd6b9bdea3c3e4f6f7d7b9f3e6a352e1f6f
D2,A_low_3,selective,D2_r02,2,m020_contiguous_substring,6fb076d21f3b26febc2e6a328628b3ea581ce0709de4263bbe675d61bdb74942,contiguous_substring,intermediate,4,0.0015910493449332,0.3700405369437991,1,44.40347222222223,3f469f063a6ce7b96f83ff4bf5b9a97a839adac1d2cecd8e5d6fb8b43b7948e4
D2,A_low_3,selective,D2_r02,2,m021_contiguous_substring,3ac98b3bd2edbbfc3b4339ca0066047ccba8e1cfa0ce798acbd27bab5b87d8af,contiguous_substring,intermediate,4,0.0009501509662135,0.3700405369437991,1,44.42102864583334,f55b609559a203e99b8ebdb79e5dbd45e4c46150b7159ca2dd1e7f527453f189
D2,A_low_3,selective,D2_r02,2,m022_contiguous_substring,fc015e86e4e7f2c734c05fb1135856a6186a7b6e6f3079acc6d6c6e4aa7442e4,contiguous_substring,intermediate,4,0.0011636492864707,0.3700405369437991,1,44.43407118055555,b560013dee86f4502461190b850725c8bfb4e950fa9302a390590d447818ccb4
D2,A_low_3,selective,D2_r02,2,m023_contiguous_substring,6d8bb74bcdeefe62988bcebfe3cdb7110ea14648c3393721f4a4095032ddf61b,contiguous_substring,intermediate,4,0.0009613124446615,0.3700405369437991,1,44.46343315972222,ef11a8f76d6cc90930339bbac38c8e1f2429e5ea26b75452475a266eb9c2b743
D2,A_low_3,selective,D2_r02,2,m024_contiguous_substring,94ab69bff5420fbcf4c18d7a247ef0e4b9577d1295271abf78a62f51c3b59a0f,contiguous_substring,intermediate,16,0.0070557046539905,0.3700405369437991,1,44.40822482638888,5a97fa1553afb70d7ae41ec27fbd02c45d7611d8ee3a06d28b8c6d5c20727083
D2,A_low_3,selective,D2_r02,2,m025_contiguous_substring,ae330f3e6dd51f734f790820a896827f916e8d775c69ea1f205c55aa81507fe0,contiguous_substring,intermediate,16,0.0066495737511699,0.3700405369437991,1,44.44129774305555,4834a77eebf4871291a7ae22bad60bae36f6061c3ffdef41f90715aaf09b4c4a
D2,A_low_3,selective,D2_r02,2,m026_contiguous_substring,5d3c5ea59a3a81c2ffdcfc7029fe0ab078b39be0217f1ee2611101845014273b,contiguous_substring,intermediate,16,0.005441579320213,0.3700405369437991,1,44.41994357638889,1811dc4d079ddf8e5ddde0f216fd6baf8394224d58f57908a8f45062311170ae
D2,A_low_3,selective,D2_r02,2,m027_contiguous_substring,6edfbfdb62fbf79744d4ecfb6fe43de95b2133d87a10f24061ecc84297b1c267,contiguous_substring,intermediate,16,0.0054309476416127,0.3700405369437991,1,44.43862847222222,a38bc5b352b9ca7694ebcfced2cdef42d247e54a65f8d4ba371a0f72163695d5
D2,A_low_3,selective,D2_r02,2,m028_contiguous_substring,6f9a04216ce84ed3a2ef19a2010723c498d866f2bb5d6eda67ea1bd16782bfd8,contiguous_substring,intermediate,64,0.0305177579184819,0.3700405369437991,1,44.46304253472222,39d3f5b48eb7ef9cfd9298c45bc3ddcb0c87c93fedc1575bff5b60d9b7d74c49
D2,A_low_3,selective,D2_r02,2,m029_contiguous_substring,8d4ddfbfac0226f6a695d6b22ee21fbf533251852e95baca71b09f7710bfb22c,contiguous_substring,intermediate,64,0.0285039276666467,0.3700405369437991,1,44.48068576388889,4ba2c28a7a53a13b935760f25c804db663a0be947e4edff241f125b5af7a052b
D2,A_low_3,selective,D2_r02,2,m030_contiguous_substring,6ff19e1927dcafbb441ab0b4a0a61b92d1295d402f3277307a3f5b9d7850b98a,contiguous_substring,intermediate,64,0.0260535881500284,0.3700405369437991,1,44.40863715277778,035bef377aeb61a51a332bb25ee7e5f76e5e3d87d5e4ace51c4dd7582a9650c1
D2,A_low_3,selective,D2_r02,2,m031_contiguous_substring,c824c782df91faee7515c9d811fab43ed5426465074d2e812a5277507d28ae96,contiguous_substring,intermediate,256,0.1132968235755691,0.3700405369437991,1,44.47065972222222,c8bb1e70285c0f90f5312f607f5c610ca8d2dc723162ce6bb23d1517be9bbfc8
D2,A_low_3,selective,D2_r02,2,m032_contiguous_substring,ef835eb9c371f618c6958654a7d25a1df1d12c09a53ecf66f9209fb882a8542d,contiguous_substring,intermediate,256,0.1134482030755032,0.3700405369437991,1,44.54006076388888,581cea2750615214271ac4aec0bcd07318a2e86950ec324d2754979807ac15df
D2,A_low_3,selective,D2_r02,2,m033_identity,2f88e9ce00d238e7e011a7b140b413dcad818f1da41a721f914f1af604d0e217,identity,identity,1024,0.3700405369437991,0.3700405369437991,1,44.6238498263889,8ae4a3f21793ea413d2b1fc1ec11f5aa970a198427d4eaf0a4bd2a0837b1ef3d
D2,A_low_3,selective,D2_r03,3,actual,actual,unintervened,actual,1024,0.3663259399130379,0.3663259399130379,0,44.711284722222224,e085dc004ba9a6265ba95e3589332b9ca1aaadad97dd14b6ca497dded596291d
D2,A_low_3,selective,D2_r03,3,m000_constant,9f1dcbc35c350d6027f98be0f5c8b43b42ca52b7604459c0c42be3aa88913d47,constant,constant,1,0.0,0.3663259399130379,0,44.41692708333333,922256d17bfc1086cd37e31aeea932487a6aea6d69758d69d504232b4c2d7562
D2,A_low_3,selective,D2_r03,3,m001_balanced_random_group,d52123e063e4c7f12cf7d331526a34d45a7db62b251fda39a52b7a6e51dc81da,balanced_random_group,intermediate,2,0.0004859846424549,0.3663259399130379,0,44.40965711805556,29efdfcdd90850df96b82234c51f934fc9a23e0f9382a3d9c6cf08fab6b170bc
D2,A_low_3,selective,D2_r03,3,m002_affinity_rank_group,3f53151fb2f814971fd6c0128c5c0b7afe1b5cb5257e46a1db18b8ebc9946d94,affinity_rank_group,intermediate,2,0.0003759503368749,0.3663259399130379,0,44.42732204861111,b069d91a3de26dfb03c5ab416d568e0311c67d627a412fad6e935c76210efc2e
D2,A_low_3,selective,D2_r03,3,m003_balanced_random_group,4daeed799e72bb6401d991026fcc59ed40b3ce561e3c7dcca0ae6832935d9374,balanced_random_group,intermediate,4,0.0018303290327552,0.3663259399130379,0,44.46527777777778,73c22b0eb52e764e95444dac572038e120de62e32c019521f358e5846ab100a3
D2,A_low_3,selective,D2_r03,3,m004_affinity_rank_group,92e56b0f11cdce879476507882d715f1eecc12de134fc3982530e28ffd4eba29,affinity_rank_group,intermediate,4,0.0011025158357423,0.3663259399130379,0,44.41150173611111,0376c995f613b3be85a884040408f9aa7ff3b42ed67d5abb7797b1c5cfa4e67a
D2,A_low_3,selective,D2_r03,3,m005_balanced_random_group,133f24f68b3fddec3d8ed9a85a422bfcf4737bd728e769f2b1a595571768ceb1,balanced_random_group,intermediate,8,0.0032467439681023,0.3663259399130379,0,44.4351345486111,8e98b8192a9f1095856730689c14880ba023cd55bf722c8298f82db7f4bedd59
D2,A_low_3,selective,D2_r03,3,m006_affinity_rank_group,0a19adabdd017fc722384804e89caf4ecf35837689486f63c24094087da5c2ba,affinity_rank_group,intermediate,8,0.0021703224711202,0.3663259399130379,0,44.47309027777778,b44f147e12f506665493f43d68815fd13f51e488e2860330d6983b2fd7512039
D2,A_low_3,selective,D2_r03,3,m007_balanced_random_group,25ccd77da6a7a52851f2f535e8b83f3d72cca793b3fce300949dd17a4f765737,balanced_random_group,intermediate,16,0.0069575866785889,0.3663259399130379,0,44.41165364583333,e07369ad66310bb4a7b8cb43ef6b9670a13ea40763092d6f985b1741fc6bdd49
D2,A_low_3,selective,D2_r03,3,m008_affinity_rank_group,d176c8d0ee881709b5af7061b49578d8041bef9dde73ceb9e47e4dd86f7ee987,affinity_rank_group,intermediate,16,0.0066136188314918,0.3663259399130379,0,44.40494791666666,46dd6cee8e65e2f6dfef5d7371ad34b7a95428c41a2905bc0dd028036aed6cc8
D2,A_low_3,selective,D2_r03,3,m009_balanced_random_group,69c0c7f3bb16611e92670e95a45404361a87cf0019841eec47307d17f9b18d02,balanced_random_group,intermediate,32,0.0139128008639674,0.3663259399130379,0,44.44431423611112,c22eb01b868b4c5af174c3ebb2604e6b96bce3c5d2470faf73ae4ce0c7ba14eb
D2,A_low_3,selective,D2_r03,3,m010_affinity_rank_group,a08bb91ec0e66d0b3afe5332032fd3fb6769016bc04c2710b5e01a8e599df454,affinity_rank_group,intermediate,32,0.0138156661203371,0.3663259399130379,0,44.37469618055555,186dc0377224f338e0e5e4fa037a0206b1a9d3d47f1cc99b1cb0e36e14f7cfb6
D2,A_low_3,selective,D2_r03,3,m011_balanced_random_group,9ee348dcdb60a6d8b94644daf4e24f585414a22ccc692248a0eea7ff6d53b127,balanced_random_group,intermediate,64,0.0307341466463416,0.3663259399130379,0,44.5609592013889,8ccc7a946fbaa97069356f370d4a33dfb85276a96d24043639201ea4417fe2fe
D2,A_low_3,selective,D2_r03,3,m012_affinity_rank_group,6ac4e014d135d7a7fbd4592fdf320f48570dc4bce5e1a5c2ca6054715b80f98a,affinity_rank_group,intermediate,64,0.0281726449834332,0.3663259399130379,0,44.461566840277776,b6ca7fa7c84487c578275eeaa1783e0739bdfc60ee5111c7b08b239b9d08fefe
D2,A_low_3,selective,D2_r03,3,m013_balanced_random_group,c127ba6cf2bef776473edf53f0da2b8df4d42a0566a9850f3d21195dea5e8dc9,balanced_random_group,intermediate,128,0.0577996105464771,0.3663259399130379,0,44.47827690972221,0c64cc47acf9bf91d4202d42f36e784dbf7ea7e76feda11497d2fef8e90f59a8
D2,A_low_3,selective,D2_r03,3,m014_affinity_rank_group,4c0d0a036a5c51abb14f88b143c35a9a2e7cecb590d4d0752b078fe3b59a18dd,affinity_rank_group,intermediate,128,0.0565371259678054,0.3663259399130379,0,44.39038628472221,86f1a7a11a68c2a67a6d40088be38707d40a4e0889dff4b8e5157d9fc122bcad
D2,A_low_3,selective,D2_r03,3,m015_balanced_random_group,d938170ba1bbcea521c8f61e2a21a624aedf2e1facb1d1b7a73246f98e6abbb1,balanced_random_group,intermediate,256,0.1139454725156724,0.3663259399130379,0,44.5353515625,2083d2249bf14e7fa8c8486f8cfdd36951f7e269ebf391d6b0d616308ed31302
D2,A_low_3,selective,D2_r03,3,m016_affinity_rank_group,cf78b05538711825e0795152b13c3d2c15b5cd16f89c1995f7b006d8bc57c6a2,affinity_rank_group,intermediate,256,0.1091251364978894,0.3663259399130379,0,44.539691840277776,f29fe6ddfbc21e44764b0a5dabd4b20c41e67a254dbba1475613492201b9cdd5
D2,A_low_3,selective,D2_r03,3,m017_balanced_random_group,b6b3bc7bfea0b8024176555b6791456fefb568bbd841db8af65e2e3f9b06bc11,balanced_random_group,intermediate,512,0.2133610234327805,0.3663259399130379,0,44.52491319444445,2c27f97836bf7955f29c69c026bc3bc42cf588217b6f84a61c9eae62fd1bdcf1
D2,A_low_3,selective,D2_r03,3,m018_affinity_rank_group,24a6acb87a7364b0b1cbbe6fecc84df53e5243c78a06a6c6c4e7354b3e359435,affinity_rank_group,intermediate,512,0.2128414488175528,0.3663259399130379,0,44.53582899305555,90757e76caf0081bae667ad2faed6618e0cb45e932221356d07c16bde81766c8
D2,A_low_3,selective,D2_r03,3,m019_contiguous_substring,16cfd655e57fba08a658c1d50e1fe5976b2f905eee09ec260833cfb2b49d6f38,contiguous_substring,intermediate,4,0.0021117589901224,0.3663259399130379,0,44.422200520833336,d4d4f8ea03add39874c07cb50b853a48676de295f55800aa5626fc65437ff4db
D2,A_low_3,selective,D2_r03,3,m020_contiguous_substring,6fb076d21f3b26febc2e6a328628b3ea581ce0709de4263bbe675d61bdb74942,contiguous_substring,intermediate,4,0.0015367256776984,0.3663259399130379,0,44.41844618055556,83f47c45b38cb947ceedc06b6893a7854de57ecda83c33d661c7d06601efb0b1
D2,A_low_3,selective,D2_r03,3,m021_contiguous_substring,3ac98b3bd2edbbfc3b4339ca0066047ccba8e1cfa0ce798acbd27bab5b87d8af,contiguous_substring,intermediate,4,0.0012766303375171,0.3663259399130379,0,44.43773871527779,f4a7d4c7968e76e610c2e1fe570d57488ebbbb1357676ad08308601dedac87f3
D2,A_low_3,selective,D2_r03,3,m022_contiguous_substring,fc015e86e4e7f2c734c05fb1135856a6186a7b6e6f3079acc6d6c6e4aa7442e4,contiguous_substring,intermediate,4,0.0013377541391205,0.3663259399130379,0,44.42241753472222,88313c9297648bcf96d7c20fe498bd9c4e3d756f08b35c45860425219d5ce966
D2,A_low_3,selective,D2_r03,3,m023_contiguous_substring,6d8bb74bcdeefe62988bcebfe3cdb7110ea14648c3393721f4a4095032ddf61b,contiguous_substring,intermediate,4,0.0015134211999792,0.3663259399130379,0,44.38975694444445,e9e85781e2b91af932a2ee04aadfe66a785ef3dbacc1babf90f73be470c86b3a
D2,A_low_3,selective,D2_r03,3,m024_contiguous_substring,94ab69bff5420fbcf4c18d7a247ef0e4b9577d1295271abf78a62f51c3b59a0f,contiguous_substring,intermediate,16,0.007631639333865,0.3663259399130379,0,44.36755642361111,b61387e641d460a139295cfdab4ab5f7bcc201dbc0dc5dfa0099893148f2891f
D2,A_low_3,selective,D2_r03,3,m025_contiguous_substring,ae330f3e6dd51f734f790820a896827f916e8d775c69ea1f205c55aa81507fe0,contiguous_substring,intermediate,16,0.00766630788405,0.3663259399130379,0,44.44852430555555,24ff5ca86d25938258040deb6ad263957ff997ab87a5557d84e95a89d6b2ddc2
D2,A_low_3,selective,D2_r03,3,m026_contiguous_substring,5d3c5ea59a3a81c2ffdcfc7029fe0ab078b39be0217f1ee2611101845014273b,contiguous_substring,intermediate,16,0.0066364925981962,0.3663259399130379,0,44.44370659722222,19da89dda3e9b81b982fba83665fa8cb515012d045655c3b95f90428bdaaae4a
D2,A_low_3,selective,D2_r03,3,m027_contiguous_substring,6edfbfdb62fbf79744d4ecfb6fe43de95b2133d87a10f24061ecc84297b1c267,contiguous_substring,intermediate,16,0.005692939040176,0.3663259399130379,0,44.38856336805556,b29e1c0ffcd57464ee8b930ee8539832229891913584a3226a9b656266232a11
D2,A_low_3,selective,D2_r03,3,m028_contiguous_substring,6f9a04216ce84ed3a2ef19a2010723c498d866f2bb5d6eda67ea1bd16782bfd8,contiguous_substring,intermediate,64,0.0303263166846598,0.3663259399130379,0,44.4873046875,191f2e09e0243535c1bb61e806696cac46cef84baa09c10f847aa1b1ea9b0350
D2,A_low_3,selective,D2_r03,3,m029_contiguous_substring,8d4ddfbfac0226f6a695d6b22ee21fbf533251852e95baca71b09f7710bfb22c,contiguous_substring,intermediate,64,0.0280125143434912,0.3663259399130379,0,44.44839409722223,76fe00ddae6577bda58f0067845769fc0f78fb2df0fa5212c25792a5011a6ba2
D2,A_low_3,selective,D2_r03,3,m030_contiguous_substring,6ff19e1927dcafbb441ab0b4a0a61b92d1295d402f3277307a3f5b9d7850b98a,contiguous_substring,intermediate,64,0.0277906601063717,0.3663259399130379,0,44.476041666666674,6706925aacc108dec27e087de0089b4c1ce14b45ba305a0d99d46665096cdc4e
D2,A_low_3,selective,D2_r03,3,m031_contiguous_substring,c824c782df91faee7515c9d811fab43ed5426465074d2e812a5277507d28ae96,contiguous_substring,intermediate,256,0.10982201896182,0.3663259399130379,0,44.484288194444446,a4d6a8baa16dea50bc731486476636a4e426f123084375ccb40bc5d4dc37e403
D2,A_low_3,selective,D2_r03,3,m032_contiguous_substring,ef835eb9c371f618c6958654a7d25a1df1d12c09a53ecf66f9209fb882a8542d,contiguous_substring,intermediate,256,0.1079303219933297,0.3663259399130379,0,44.51460503472222,5200361057ec718e1ee2d62bfaeb6d4fdda8792ac4a1eafbeca840e6faadbc1e
D2,A_low_3,selective,D2_r03,3,m033_identity,2f88e9ce00d238e7e011a7b140b413dcad818f1da41a721f914f1af604d0e217,identity,identity,1024,0.3663259399130379,0.3663259399130379,0,44.711284722222224,e085dc004ba9a6265ba95e3589332b9ca1aaadad97dd14b6ca497dded596291d
D2,A_low_3,selective,D2_r03,3,actual,actual,unintervened,actual,1024,0.3663259399130379,0.3663259399130379,1,44.59698350694444,b9e0c38d18d2b136256c84562c26ac76bad991e6134dcd11f266bae055d9c6a0
D2,A_low_3,selective,D2_r03,3,m000_constant,9f1dcbc35c350d6027f98be0f5c8b43b42ca52b7604459c0c42be3aa88913d47,constant,constant,1,0.0,0.3663259399130379,1,44.388758680555554,c2c5f457dfcad634aa8509fa79f12394153c9a94be570f1f5c42aab162ceeee6
D2,A_low_3,selective,D2_r03,3,m001_balanced_random_group,d52123e063e4c7f12cf7d331526a34d45a7db62b251fda39a52b7a6e51dc81da,balanced_random_group,intermediate,2,0.0004859846424549,0.3663259399130379,1,44.40227864583333,6936c7b6c604427a1aac33554c402e5c5c799856778009ea9cbe1db0d33b41c4
D2,A_low_3,selective,D2_r03,3,m002_affinity_rank_group,3f53151fb2f814971fd6c0128c5c0b7afe1b5cb5257e46a1db18b8ebc9946d94,affinity_rank_group,intermediate,2,0.0003759503368749,0.3663259399130379,1,44.39633246527778,c45a14538e585f1f56c1c3e62e92a30759f66f6f153b9fabb26ef783132ce768
D2,A_low_3,selective,D2_r03,3,m003_balanced_random_group,4daeed799e72bb6401d991026fcc59ed40b3ce561e3c7dcca0ae6832935d9374,balanced_random_group,intermediate,4,0.0018303290327552,0.3663259399130379,1,44.41202256944443,37f0fce10c85bc67abe1ec45d264a92341245e992e470664aa2c3771d3254189
D2,A_low_3,selective,D2_r03,3,m004_affinity_rank_group,92e56b0f11cdce879476507882d715f1eecc12de134fc3982530e28ffd4eba29,affinity_rank_group,intermediate,4,0.0011025158357423,0.3663259399130379,1,44.41282552083334,ec2e2b7f60cb718ee05fa9067aabe0526ce35c69a17a000b283fa66f1e989978
D2,A_low_3,selective,D2_r03,3,m005_balanced_random_group,133f24f68b3fddec3d8ed9a85a422bfcf4737bd728e769f2b1a595571768ceb1,balanced_random_group,intermediate,8,0.0032467439681023,0.3663259399130379,1,44.39613715277778,a6954a8b369844872c8fe5fb3b1a0070812b5edb3852bf2f8fe9dc49005e16b7
D2,A_low_3,selective,D2_r03,3,m006_affinity_rank_group,0a19adabdd017fc722384804e89caf4ecf35837689486f63c24094087da5c2ba,affinity_rank_group,intermediate,8,0.0021703224711202,0.3663259399130379,1,44.40477430555555,09333243fb605a5a50934d68e1c38253d57540f5951feb447bd212d7608ab661
D2,A_low_3,selective,D2_r03,3,m007_balanced_random_group,25ccd77da6a7a52851f2f535e8b83f3d72cca793b3fce300949dd17a4f765737,balanced_random_group,intermediate,16,0.0069575866785889,0.3663259399130379,1,44.42994791666667,efb5d97349d379dd59f56b134427d51cad7c560de11b0a1db38f4ead8214baef
D2,A_low_3,selective,D2_r03,3,m008_affinity_rank_group,d176c8d0ee881709b5af7061b49578d8041bef9dde73ceb9e47e4dd86f7ee987,affinity_rank_group,intermediate,16,0.0066136188314918,0.3663259399130379,1,44.42539062499999,e780fa97200c7d6396d4ef8638529a0509eb85479d58039fee158718efe26ba4
D2,A_low_3,selective,D2_r03,3,m009_balanced_random_group,69c0c7f3bb16611e92670e95a45404361a87cf0019841eec47307d17f9b18d02,balanced_random_group,intermediate,32,0.0139128008639674,0.3663259399130379,1,44.38591579861111,3b07aa91b49105742e9d26c1d6094c261d2424c1ff5a59344d617c083109069a
D2,A_low_3,selective,D2_r03,3,m010_affinity_rank_group,a08bb91ec0e66d0b3afe5332032fd3fb6769016bc04c2710b5e01a8e599df454,affinity_rank_group,intermediate,32,0.0138156661203371,0.3663259399130379,1,44.38706597222222,8d19f0aea4b6033fe4a186f4b55b8aa05526a1bd63a3bde8522aad020a757d56
D2,A_low_3,selective,D2_r03,3,m011_balanced_random_group,9ee348dcdb60a6d8b94644daf4e24f585414a22ccc692248a0eea7ff6d53b127,balanced_random_group,intermediate,64,0.0307341466463416,0.3663259399130379,1,44.41434461805555,61755ebc2a31abc8376554ee214af5108ee45fdda3fb7f5a8c58a04a866396c1
D2,A_low_3,selective,D2_r03,3,m012_affinity_rank_group,6ac4e014d135d7a7fbd4592fdf320f48570dc4bce5e1a5c2ca6054715b80f98a,affinity_rank_group,intermediate,64,0.0281726449834332,0.3663259399130379,1,44.276996527777776,b6c4c29cf6ed900cea60a9db596aabda82a2f1a4290c668dc9e6b29f0633f5f9
D2,A_low_3,selective,D2_r03,3,m013_balanced_random_group,c127ba6cf2bef776473edf53f0da2b8df4d42a0566a9850f3d21195dea5e8dc9,balanced_random_group,intermediate,128,0.0577996105464771,0.3663259399130379,1,44.34010416666667,25e976096ac7d88dbb2883466850dbb37ca2673d500ed22bfa634335e8bcafc3
D2,A_low_3,selective,D2_r03,3,m014_affinity_rank_group,4c0d0a036a5c51abb14f88b143c35a9a2e7cecb590d4d0752b078fe3b59a18dd,affinity_rank_group,intermediate,128,0.0565371259678054,0.3663259399130379,1,44.392643229166666,c885ed32ed2de70ff0c1658f0bf9f99d55f8f17a1381fa17503e0991469a42bc
D2,A_low_3,selective,D2_r03,3,m015_balanced_random_group,d938170ba1bbcea521c8f61e2a21a624aedf2e1facb1d1b7a73246f98e6abbb1,balanced_random_group,intermediate,256,0.1139454725156724,0.3663259399130379,1,44.466059027777774,aeb6dcc9b99dffc2d0133f62ece928b4a8988e5a926ed3c07fe73f903e2f1671
D2,A_low_3,selective,D2_r03,3,m016_affinity_rank_group,cf78b05538711825e0795152b13c3d2c15b5cd16f89c1995f7b006d8bc57c6a2,affinity_rank_group,intermediate,256,0.1091251364978894,0.3663259399130379,1,44.42261284722222,51324bc9c490af8d7ca8cb2e47246f9d08cd6b4f36c43b3b4822200f3965c951
D2,A_low_3,selective,D2_r03,3,m017_balanced_random_group,b6b3bc7bfea0b8024176555b6791456fefb568bbd841db8af65e2e3f9b06bc11,balanced_random_group,intermediate,512,0.2133610234327805,0.3663259399130379,1,44.52265624999999,e8e2ded8dd3009032e453af94691baa692e949dba3400f16e1b40d6467399922
D2,A_low_3,selective,D2_r03,3,m018_affinity_rank_group,24a6acb87a7364b0b1cbbe6fecc84df53e5243c78a06a6c6c4e7354b3e359435,affinity_rank_group,intermediate,512,0.2128414488175528,0.3663259399130379,1,44.58309461805557,f28082a3f05f3653257e007f2eb31ecac55e05c98649a7ed510710f8620f7095
D2,A_low_3,selective,D2_r03,3,m019_contiguous_substring,16cfd655e57fba08a658c1d50e1fe5976b2f905eee09ec260833cfb2b49d6f38,contiguous_substring,intermediate,4,0.0021117589901224,0.3663259399130379,1,44.38702256944444,fabeccdef355cb2efe344bde3bc00d14e90260831ee83068322a3fd1dcc26126
D2,A_low_3,selective,D2_r03,3,m020_contiguous_substring,6fb076d21f3b26febc2e6a328628b3ea581ce0709de4263bbe675d61bdb74942,contiguous_substring,intermediate,4,0.0015367256776984,0.3663259399130379,1,44.410546875,793ce65e9081a23bc9273348bb479634333b15a0d9123f041d58fb74120816c1
D2,A_low_3,selective,D2_r03,3,m021_contiguous_substring,3ac98b3bd2edbbfc3b4339ca0066047ccba8e1cfa0ce798acbd27bab5b87d8af,contiguous_substring,intermediate,4,0.0012766303375171,0.3663259399130379,1,44.38550347222221,fa45ed989f8818b9d0b0e942e03898fac912b5ad66eb937098e6edd71b30cfb2
D2,A_low_3,selective,D2_r03,3,m022_contiguous_substring,fc015e86e4e7f2c734c05fb1135856a6186a7b6e6f3079acc6d6c6e4aa7442e4,contiguous_substring,intermediate,4,0.0013377541391205,0.3663259399130379,1,44.37845052083334,ec305b87e9a327e419db0d0b6ce9991e1bfec805b3b0d438d82686a9a7cd7166
D2,A_low_3,selective,D2_r03,3,m023_contiguous_substring,6d8bb74bcdeefe62988bcebfe3cdb7110ea14648c3393721f4a4095032ddf61b,contiguous_substring,intermediate,4,0.0015134211999792,0.3663259399130379,1,44.380859375,69b901fc73c3de1c113eb42db4376eab1d1b403248ec61de9dbae1c382ebd80a
D2,A_low_3,selective,D2_r03,3,m024_contiguous_substring,94ab69bff5420fbcf4c18d7a247ef0e4b9577d1295271abf78a62f51c3b59a0f,contiguous_substring,intermediate,16,0.007631639333865,0.3663259399130379,1,44.3642578125,7636f74038934db73cd64b92b88d1a83f91640751e5aba7fb442583718eaa3fd
D2,A_low_3,selective,D2_r03,3,m025_contiguous_substring,ae330f3e6dd51f734f790820a896827f916e8d775c69ea1f205c55aa81507fe0,contiguous_substring,intermediate,16,0.00766630788405,0.3663259399130379,1,44.36549479166666,46a67877dc21c8e3bf7e853c9a0040b095025263df3ba3c6c82e1a39b173e84b
D2,A_low_3,selective,D2_r03,3,m026_contiguous_substring,5d3c5ea59a3a81c2ffdcfc7029fe0ab078b39be0217f1ee2611101845014273b,contiguous_substring,intermediate,16,0.0066364925981962,0.3663259399130379,1,44.414279513888886,2fddc6cff40bf9876eaa7e81176eb366e915991eff2d4465c44112dc3f93d5f4
D2,A_low_3,selective,D2_r03,3,m027_contiguous_substring,6edfbfdb62fbf79744d4ecfb6fe43de95b2133d87a10f24061ecc84297b1c267,contiguous_substring,intermediate,16,0.005692939040176,0.3663259399130379,1,44.38736979166667,d3c702de130b1ea8c05d991348baaf2aa92262e582c3e1b5f04bc8dd2d56aa97
D2,A_low_3,selective,D2_r03,3,m028_contiguous_substring,6f9a04216ce84ed3a2ef19a2010723c498d866f2bb5d6eda67ea1bd16782bfd8,contiguous_substring,intermediate,64,0.0303263166846598,0.3663259399130379,1,44.35414496527778,b58455e404ec6ace44c6e4b0637d89b2cceb98ad316c01f68aaf584c726989f4
D2,A_low_3,selective,D2_r03,3,m029_contiguous_substring,8d4ddfbfac0226f6a695d6b22ee21fbf533251852e95baca71b09f7710bfb22c,contiguous_substring,intermediate,64,0.0280125143434912,0.3663259399130379,1,44.39884982638889,b1dd827e5449311e73c4450d6e61b8688a665ea097c895b4843cafa39e5334d4
D2,A_low_3,selective,D2_r03,3,m030_contiguous_substring,6ff19e1927dcafbb441ab0b4a0a61b92d1295d402f3277307a3f5b9d7850b98a,contiguous_substring,intermediate,64,0.0277906601063717,0.3663259399130379,1,44.358029513888894,649723190600fb482fe04a378658a388bcc188afadab178069c8bae6e7320077
D2,A_low_3,selective,D2_r03,3,m031_contiguous_substring,c824c782df91faee7515c9d811fab43ed5426465074d2e812a5277507d28ae96,contiguous_substring,intermediate,256,0.10982201896182,0.3663259399130379,1,44.44351128472222,7bdb7b39ab8c32d9a921ecad6ef8f04ca488327768188912d53b92961858596c
D2,A_low_3,selective,D2_r03,3,m032_contiguous_substring,ef835eb9c371f618c6958654a7d25a1df1d12c09a53ecf66f9209fb882a8542d,contiguous_substring,intermediate,256,0.1079303219933297,0.3663259399130379,1,44.44544270833334,f12820ed5485b99b47e4a00789aff8e2bc87457f4be1a7c2587bfb01db32e48f
D2,A_low_3,selective,D2_r03,3,m033_identity,2f88e9ce00d238e7e011a7b140b413dcad818f1da41a721f914f1af604d0e217,identity,identity,1024,0.3663259399130379,0.3663259399130379,1,44.59698350694444,b9e0c38d18d2b136256c84562c26ac76bad991e6134dcd11f266bae055d9c6a0
D2,A_low_3,selective,D2_r04,4,actual,actual,unintervened,actual,1024,0.3494281922295927,0.3494281922295927,0,44.48337673611112,9fb3c05e8f385984543988e1edb6294151af4e69de4523d35b6a7f890f108418
D2,A_low_3,selective,D2_r04,4,m000_constant,9f1dcbc35c350d6027f98be0f5c8b43b42ca52b7604459c0c42be3aa88913d47,constant,constant,1,0.0,0.3494281922295927,0,44.42180989583333,3d563ec19085beaefe55a5f8a65158906eaeed47511c27bf9156729cd05c0888
D2,A_low_3,selective,D2_r04,4,m001_balanced_random_group,d52123e063e4c7f12cf7d331526a34d45a7db62b251fda39a52b7a6e51dc81da,balanced_random_group,intermediate,2,0.0003970591265069,0.3494281922295927,0,44.42960069444444,31ba06fce1172aebac1d51f03c889b15f5905f4341cfcf6cf1a948ac1b674ed2
D2,A_low_3,selective,D2_r04,4,m002_affinity_rank_group,3f53151fb2f814971fd6c0128c5c0b7afe1b5cb5257e46a1db18b8ebc9946d94,affinity_rank_group,intermediate,2,0.0003732240037745,0.3494281922295927,0,44.43734809027777,d5bc5e6b909948c8248f259cf65fcf8c68e55cf2f3dd6dc5d909bc78ea5f0623
D2,A_low_3,selective,D2_r04,4,m003_balanced_random_group,4daeed799e72bb6401d991026fcc59ed40b3ce561e3c7dcca0ae6832935d9374,balanced_random_group,intermediate,4,0.0025227298776119,0.3494281922295927,0,44.39166666666667,8105a0cfc207a5d4118b66ad9532f6acae2210a95b515bf967465d61cc886fcb
D2,A_low_3,selective,D2_r04,4,m004_affinity_rank_group,92e56b0f11cdce879476507882d715f1eecc12de134fc3982530e28ffd4eba29,affinity_rank_group,intermediate,4,0.0016131801201745,0.3494281922295927,0,44.43637152777777,a04cd65b2b9de07e269484b3949fd1c5f9f2686677cafcf5980583544d24c266
D2,A_low_3,selective,D2_r04,4,m005_balanced_random_group,133f24f68b3fddec3d8ed9a85a422bfcf4737bd728e769f2b1a595571768ceb1,balanced_random_group,intermediate,8,0.0040261156743122,0.3494281922295927,0,44.43231336805556,82c25e2fc7e1b84a66e01efe6adbf19e56d23e0dcc48df59e42c8ff830ada976
D2,A_low_3,selective,D2_r04,4,m006_affinity_rank_group,0a19adabdd017fc722384804e89caf4ecf35837689486f63c24094087da5c2ba,affinity_rank_group,intermediate,8,0.0035561062266422,0.3494281922295927,0,44.44711371527778,7d7f2d6344dbd767b531647b25a3cf1d534f09cf97d29d24410d9d7bc29c99f2
D2,A_low_3,selective,D2_r04,4,m007_balanced_random_group,25ccd77da6a7a52851f2f535e8b83f3d72cca793b3fce300949dd17a4f765737,balanced_random_group,intermediate,16,0.0092107749475305,0.3494281922295927,0,44.461979166666666,d3d8fd7dc1675931eb438a091b32637f4f39ff7cf253eea871d4fad391523d02
D2,A_low_3,selective,D2_r04,4,m008_affinity_rank_group,d176c8d0ee881709b5af7061b49578d8041bef9dde73ceb9e47e4dd86f7ee987,affinity_rank_group,intermediate,16,0.007386523622908,0.3494281922295927,0,44.42749565972221,1a933d9f600b1eabbca6e24feed275c323c90b3df07d135128a88ed38b330994
D2,A_low_3,selective,D2_r04,4,m009_balanced_random_group,69c0c7f3bb16611e92670e95a45404361a87cf0019841eec47307d17f9b18d02,balanced_random_group,intermediate,32,0.0177074036719474,0.3494281922295927,0,44.43743489583333,052093ce3c5fce197d19c4eac9e4bd586c073e5921b45522926efd8efa30c69c
D2,A_low_3,selective,D2_r04,4,m010_affinity_rank_group,a08bb91ec0e66d0b3afe5332032fd3fb6769016bc04c2710b5e01a8e599df454,affinity_rank_group,intermediate,32,0.0169004533415541,0.3494281922295927,0,44.39329427083333,2d70cf423777dc9c7103021520b06c64925a99381207133650724661a3238cab
D2,A_low_3,selective,D2_r04,4,m011_balanced_random_group,9ee348dcdb60a6d8b94644daf4e24f585414a22ccc692248a0eea7ff6d53b127,balanced_random_group,intermediate,64,0.032576835978748,0.3494281922295927,0,44.4351345486111,d907bafae213ca15c5b358f707f5237b7b187976dd1512dfd0ad9dd661d31a86
D2,A_low_3,selective,D2_r04,4,m012_affinity_rank_group,6ac4e014d135d7a7fbd4592fdf320f48570dc4bce5e1a5c2ca6054715b80f98a,affinity_rank_group,intermediate,64,0.0305979773005705,0.3494281922295927,0,44.441493055555554,089079b6cafc9cbb67960e7f7dbd9f66fd945e5443252c7e10b4f02a5eefaded
D2,A_low_3,selective,D2_r04,4,m013_balanced_random_group,c127ba6cf2bef776473edf53f0da2b8df4d42a0566a9850f3d21195dea5e8dc9,balanced_random_group,intermediate,128,0.0600415703636914,0.3494281922295927,0,44.38092447916667,085cff84237d53f21dab4a701409ef8a835768ae3c1cbf755f8a648609fd2844
D2,A_low_3,selective,D2_r04,4,m014_affinity_rank_group,4c0d0a036a5c51abb14f88b143c35a9a2e7cecb590d4d0752b078fe3b59a18dd,affinity_rank_group,intermediate,128,0.0626944521315539,0.3494281922295927,0,44.38114149305555,1275e58c3484ae98fb564fa3caa9f8c4e7faba90fb6c8f1dfa0330f3235086d6
D2,A_low_3,selective,D2_r04,4,m015_balanced_random_group,d938170ba1bbcea521c8f61e2a21a624aedf2e1facb1d1b7a73246f98e6abbb1,balanced_random_group,intermediate,256,0.1127022263885809,0.3494281922295927,0,44.36321614583333,9a7478c73430f6c79cf6b16f04f970dfee1b53050d276bed4c7240f26e9dc7bf
D2,A_low_3,selective,D2_r04,4,m016_affinity_rank_group,cf78b05538711825e0795152b13c3d2c15b5cd16f89c1995f7b006d8bc57c6a2,affinity_rank_group,intermediate,256,0.119094311056616,0.3494281922295927,0,44.48318142361111,c430954c5e2fb9ef828835bcc359ac9b739b0617fbe543a7623220a3efceab08
D2,A_low_3,selective,D2_r04,4,m017_balanced_random_group,b6b3bc7bfea0b8024176555b6791456fefb568bbd841db8af65e2e3f9b06bc11,balanced_random_group,intermediate,512,0.2174904395422462,0.3494281922295927,0,44.558224826388894,3bf61853f46313741285f0b18471b9548c748e50a65c3d81c1dc5ca29b55a794
D2,A_low_3,selective,D2_r04,4,m018_affinity_rank_group,24a6acb87a7364b0b1cbbe6fecc84df53e5243c78a06a6c6c4e7354b3e359435,affinity_rank_group,intermediate,512,0.2134135282439371,0.3494281922295927,0,44.44242621527778,5a735a4b62a8f27491b13a439cc3008729ae1f0fa220f40568f87dc4ff386dc7
D2,A_low_3,selective,D2_r04,4,m019_contiguous_substring,16cfd655e57fba08a658c1d50e1fe5976b2f905eee09ec260833cfb2b49d6f38,contiguous_substring,intermediate,4,0.0018349020094212,0.3494281922295927,0,44.42237413194445,43305eeb2711c565333beba2f8f5c10168e537babbb38872c4bdcb6a2e2fc746
D2,A_low_3,selective,D2_r04,4,m020_contiguous_substring,6fb076d21f3b26febc2e6a328628b3ea581ce0709de4263bbe675d61bdb74942,contiguous_substring,intermediate,4,0.0021614269205141,0.3494281922295927,0,44.45974392361111,38b926bd4daba7fe108e95e8dd3e58d002fdfdc1e651f8b6bc6a5e8f67c8da7a
D2,A_low_3,selective,D2_r04,4,m021_contiguous_substring,3ac98b3bd2edbbfc3b4339ca0066047ccba8e1cfa0ce798acbd27bab5b87d8af,contiguous_substring,intermediate,4,0.0019169806783524,0.3494281922295927,0,44.425998263888886,683cda9e437d5e7e5e6a007c81c29173573a10d63c7a180d38d50c3940cd7faa
D2,A_low_3,selective,D2_r04,4,m022_contiguous_substring,fc015e86e4e7f2c734c05fb1135856a6186a7b6e6f3079acc6d6c6e4aa7442e4,contiguous_substring,intermediate,4,0.0014664905289679,0.3494281922295927,0,44.44448784722223,7725a99c34857a8635cf086ee2f31abb69e1440176abd8400bb5ecfc70d31005
D2,A_low_3,selective,D2_r04,4,m023_contiguous_substring,6d8bb74bcdeefe62988bcebfe3cdb7110ea14648c3393721f4a4095032ddf61b,contiguous_substring,intermediate,4,0.0010145725932036,0.3494281922295927,0,44.442013888888894,d7f49084a6074b2c2f2ea669fa3913f7026d52f28834323da84ffbaf4629da6f
D2,A_low_3,selective,D2_r04,4,m024_contiguous_substring,94ab69bff5420fbcf4c18d7a247ef0e4b9577d1295271abf78a62f51c3b59a0f,contiguous_substring,intermediate,16,0.0082922710526643,0.3494281922295927,0,44.46282552083333,b2b2fe2e05f19665aa43218b5359b5da3d9e4711e5bf337f38728ead67289c96
D2,A_low_3,selective,D2_r04,4,m025_contiguous_substring,ae330f3e6dd51f734f790820a896827f916e8d775c69ea1f205c55aa81507fe0,contiguous_substring,intermediate,16,0.0077923399173859,0.3494281922295927,0,44.367816840277776,ab4e4509c1932ec3039b228ccd81bdc6755dcef05da589a49821619cfdf7b457
D2,A_low_3,selective,D2_r04,4,m026_contiguous_substring,5d3c5ea59a3a81c2ffdcfc7029fe0ab078b39be0217f1ee2611101845014273b,contiguous_substring,intermediate,16,0.008502970128385,0.3494281922295927,0,44.39665798611111,0c05fd7930dd5ea6b72ab89a7f6b245893d370d3b7d6b35c5f70a73ac31aca08
D2,A_low_3,selective,D2_r04,4,m027_contiguous_substring,6edfbfdb62fbf79744d4ecfb6fe43de95b2133d87a10f24061ecc84297b1c267,contiguous_substring,intermediate,16,0.0072121496517991,0.3494281922295927,0,44.44513888888889,08e33e2cf3336b85a054f56bdbbef94a27b9b1bc4830dc45462d3b6b77c44423
D2,A_low_3,selective,D2_r04,4,m028_contiguous_substring,6f9a04216ce84ed3a2ef19a2010723c498d866f2bb5d6eda67ea1bd16782bfd8,contiguous_substring,intermediate,64,0.0312501436455649,0.3494281922295927,0,44.42667100694445,d7e27d4e97ba1c58d01223864af384d3342f6b66ad22fa811becc8614dabd33b
D2,A_low_3,selective,D2_r04,4,m029_contiguous_substring,8d4ddfbfac0226f6a695d6b22ee21fbf533251852e95baca71b09f7710bfb22c,contiguous_substring,intermediate,64,0.0318761954030486,0.3494281922295927,0,44.454014756944446,df55ef9b4788cfc168f6d8b2aeae7d2585e7628400278eecc178cb320e424633
D2,A_low_3,selective,D2_r04,4,m030_contiguous_substring,6ff19e1927dcafbb441ab0b4a0a61b92d1295d402f3277307a3f5b9d7850b98a,contiguous_substring,intermediate,64,0.0324613973820951,0.3494281922295927,0,44.39346788194445,ef1c528b50f0e6468da576479dfaa37a0ad2d40c581b719109220a19df97b80e
D2,A_low_3,selective,D2_r04,4,m031_contiguous_substring,c824c782df91faee7515c9d811fab43ed5426465074d2e812a5277507d28ae96,contiguous_substring,intermediate,256,0.1162540995031736,0.3494281922295927,0,44.57456597222221,2e5ae6ef23ec2431234c77aa22c60f50ecf6ee683b694f250b7c12d3471954cb
D2,A_low_3,selective,D2_r04,4,m032_contiguous_substring,ef835eb9c371f618c6958654a7d25a1df1d12c09a53ecf66f9209fb882a8542d,contiguous_substring,intermediate,256,0.1166233513017151,0.3494281922295927,0,44.41286892361111,fc1e54442a24e34f85f97da70e0e0e340d7c708ea0a6b19bda8cd96992765be2
D2,A_low_3,selective,D2_r04,4,m033_identity,2f88e9ce00d238e7e011a7b140b413dcad818f1da41a721f914f1af604d0e217,identity,identity,1024,0.3494281922295927,0.3494281922295927,0,44.48337673611112,9fb3c05e8f385984543988e1edb6294151af4e69de4523d35b6a7f890f108418
D2,A_low_3,selective,D2_r04,4,actual,actual,unintervened,actual,1024,0.3494281922295927,0.3494281922295927,1,44.637912326388886,23009573b9dd542ce799f2f15e5856d42ddc543a47cd95b3873f66aafcbd300c
D2,A_low_3,selective,D2_r04,4,m000_constant,9f1dcbc35c350d6027f98be0f5c8b43b42ca52b7604459c0c42be3aa88913d47,constant,constant,1,0.0,0.3494281922295927,1,44.42756076388889,5c7b36f6ebea32720df8d34e0b17533d0ba37c58a9c6ba404a5d3e16d6ce894e
D2,A_low_3,selective,D2_r04,4,m001_balanced_random_group,d52123e063e4c7f12cf7d331526a34d45a7db62b251fda39a52b7a6e51dc81da,balanced_random_group,intermediate,2,0.0003970591265069,0.3494281922295927,1,44.42799479166666,45287612cd552072c878499df0429c12670dbe651e0a3be0965cb51543f62735
D2,A_low_3,selective,D2_r04,4,m002_affinity_rank_group,3f53151fb2f814971fd6c0128c5c0b7afe1b5cb5257e46a1db18b8ebc9946d94,affinity_rank_group,intermediate,2,0.0003732240037745,0.3494281922295927,1,44.42532552083333,5d3a3330c8d15526f8d789615bec65df73c9bab9b00abf62967d5beb73e53373
D2,A_low_3,selective,D2_r04,4,m003_balanced_random_group,4daeed799e72bb6401d991026fcc59ed40b3ce561e3c7dcca0ae6832935d9374,balanced_random_group,intermediate,4,0.0025227298776119,0.3494281922295927,1,44.40520833333333,c1460ef42a0e14a649a273a9d95f39d1e4e60a69c68488ae2351a4f05ebc965d
D2,A_low_3,selective,D2_r04,4,m004_affinity_rank_group,92e56b0f11cdce879476507882d715f1eecc12de134fc3982530e28ffd4eba29,affinity_rank_group,intermediate,4,0.0016131801201745,0.3494281922295927,1,44.436610243055554,cc12430ae553c6efeb1f65fb6a873caf019121fb7a3e9e20483b1cca92fd4222
D2,A_low_3,selective,D2_r04,4,m005_balanced_random_group,133f24f68b3fddec3d8ed9a85a422bfcf4737bd728e769f2b1a595571768ceb1,balanced_random_group,intermediate,8,0.0040261156743122,0.3494281922295927,1,44.44856770833334,a0caab000870ef5bd637d39351177a6f590cf2b48888af12046d65345aada995
D2,A_low_3,selective,D2_r04,4,m006_affinity_rank_group,0a19adabdd017fc722384804e89caf4ecf35837689486f63c24094087da5c2ba,affinity_rank_group,intermediate,8,0.0035561062266422,0.3494281922295927,1,44.40787760416666,6b203a12fffa7b3679bb03e7700c2db2ede28c64c5b2b8821783baf978fba907
D2,A_low_3,selective,D2_r04,4,m007_balanced_random_group,25ccd77da6a7a52851f2f535e8b83f3d72cca793b3fce300949dd17a4f765737,balanced_random_group,intermediate,16,0.0092107749475305,0.3494281922295927,1,44.42445746527777,024cef57104dc6532bb415e225c7189f8c6c275558166230de07f673ed71791a
D2,A_low_3,selective,D2_r04,4,m008_affinity_rank_group,d176c8d0ee881709b5af7061b49578d8041bef9dde73ceb9e47e4dd86f7ee987,affinity_rank_group,intermediate,16,0.007386523622908,0.3494281922295927,1,44.47087673611112,517fd138e2dc1b27cf78b9d8597948fd1f5e67c7f0aa355736ecde02e3ac7eb0
D2,A_low_3,selective,D2_r04,4,m009_balanced_random_group,69c0c7f3bb16611e92670e95a45404361a87cf0019841eec47307d17f9b18d02,balanced_random_group,intermediate,32,0.0177074036719474,0.3494281922295927,1,44.45075954861111,aed0c56fa24f0c83916def05f5a9de4afca5a7cc9a716db156605ad97c6b673b
D2,A_low_3,selective,D2_r04,4,m010_affinity_rank_group,a08bb91ec0e66d0b3afe5332032fd3fb6769016bc04c2710b5e01a8e599df454,affinity_rank_group,intermediate,32,0.0169004533415541,0.3494281922295927,1,44.43018663194445,a3c8f037d95a0613fa6c84303dcc5875d57606ae885e5a2d6cd733abc377927a
D2,A_low_3,selective,D2_r04,4,m011_balanced_random_group,9ee348dcdb60a6d8b94644daf4e24f585414a22ccc692248a0eea7ff6d53b127,balanced_random_group,intermediate,64,0.032576835978748,0.3494281922295927,1,44.382899305555554,137fb4c3ab46df121e49a7cef953184ea0c207790b3772cedea31e5eafaf58ac
D2,A_low_3,selective,D2_r04,4,m012_affinity_rank_group,6ac4e014d135d7a7fbd4592fdf320f48570dc4bce5e1a5c2ca6054715b80f98a,affinity_rank_group,intermediate,64,0.0305979773005705,0.3494281922295927,1,44.430881076388886,4aea7aaf4c1c55dab8bfca91640d65eab2f5bdbf12bde7483c18c33d9275aa95
D2,A_low_3,selective,D2_r04,4,m013_balanced_random_group,c127ba6cf2bef776473edf53f0da2b8df4d42a0566a9850f3d21195dea5e8dc9,balanced_random_group,intermediate,128,0.0600415703636914,0.3494281922295927,1,44.424674479166654,b6f9d5dbd09e3ee5a56fd78705045cff8079d089904497ee231453e4eb584888
D2,A_low_3,selective,D2_r04,4,m014_affinity_rank_group,4c0d0a036a5c51abb14f88b143c35a9a2e7cecb590d4d0752b078fe3b59a18dd,affinity_rank_group,intermediate,128,0.0626944521315539,0.3494281922295927,1,44.43118489583333,aed8d8bb03006a55d1f0d77ec370371daa8e30a8aafded785d9c08e7c703914c
D2,A_low_3,selective,D2_r04,4,m015_balanced_random_group,d938170ba1bbcea521c8f61e2a21a624aedf2e1facb1d1b7a73246f98e6abbb1,balanced_random_group,intermediate,256,0.1127022263885809,0.3494281922295927,1,44.45655381944445,cee3b66f66db7825ecd7ba0802da49e414badcaac99c8a2764728c40161bcf73
D2,A_low_3,selective,D2_r04,4,m016_affinity_rank_group,cf78b05538711825e0795152b13c3d2c15b5cd16f89c1995f7b006d8bc57c6a2,affinity_rank_group,intermediate,256,0.119094311056616,0.3494281922295927,1,44.36009114583333,de5b49af0d7a18866496ba1c5037781af8be5fead2b2bf657ad21f774380a389
D2,A_low_3,selective,D2_r04,4,m017_balanced_random_group,b6b3bc7bfea0b8024176555b6791456fefb568bbd841db8af65e2e3f9b06bc11,balanced_random_group,intermediate,512,0.2174904395422462,0.3494281922295927,1,44.48936631944446,ac4b9737316fde733f8d0abd4cd00ff82188756c6aa44cee5c9026fb02427905
D2,A_low_3,selective,D2_r04,4,m018_affinity_rank_group,24a6acb87a7364b0b1cbbe6fecc84df53e5243c78a06a6c6c4e7354b3e359435,affinity_rank_group,intermediate,512,0.2134135282439371,0.3494281922295927,1,44.525607638888886,333bbcd4e910b6212edfe362f98dc97677992ffa4585712071c38833c8630054
D2,A_low_3,selective,D2_r04,4,m019_contiguous_substring,16cfd655e57fba08a658c1d50e1fe5976b2f905eee09ec260833cfb2b49d6f38,contiguous_substring,intermediate,4,0.0018349020094212,0.3494281922295927,1,44.45538194444445,ad22393eb9d4f544317c720f345169c42528a2d48dd73e8bf22907b29cc24c9d
D2,A_low_3,selective,D2_r04,4,m020_contiguous_substring,6fb076d21f3b26febc2e6a328628b3ea581ce0709de4263bbe675d61bdb74942,contiguous_substring,intermediate,4,0.0021614269205141,0.3494281922295927,1,44.42365451388888,5c72d2c5d5842cff8e0990a8a83e85b705a86116501fd7f38c11ab2c66f4a454
D2,A_low_3,selective,D2_r04,4,m021_contiguous_substring,3ac98b3bd2edbbfc3b4339ca0066047ccba8e1cfa0ce798acbd27bab5b87d8af,contiguous_substring,intermediate,4,0.0019169806783524,0.3494281922295927,1,44.428797743055554,298d9eb85d748f04da90646603804bec3292a3d036a5aaa82dee9d5d057dea20
D2,A_low_3,selective,D2_r04,4,m022_contiguous_substring,fc015e86e4e7f2c734c05fb1135856a6186a7b6e6f3079acc6d6c6e4aa7442e4,contiguous_substring,intermediate,4,0.0014664905289679,0.3494281922295927,1,44.41773003472223,4e8daad017f8a9d2fa44f74d4baadaa6c7747181729dc857170d8bb93629ee2f
D2,A_low_3,selective,D2_r04,4,m023_contiguous_substring,6d8bb74bcdeefe62988bcebfe3cdb7110ea14648c3393721f4a4095032ddf61b,contiguous_substring,intermediate,4,0.0010145725932036,0.3494281922295927,1,44.4373263888889,beba32ff492bc844f2832965d896cf7004b62545d2d950c60ed3f4943c8792fa
D2,A_low_3,selective,D2_r04,4,m024_contiguous_substring,94ab69bff5420fbcf4c18d7a247ef0e4b9577d1295271abf78a62f51c3b59a0f,contiguous_substring,intermediate,16,0.0082922710526643,0.3494281922295927,1,44.43530815972223,b90689f965e6dfc7ffb626cd287b1309e709a4689b838d71213386e057e0c8a1
D2,A_low_3,selective,D2_r04,4,m025_contiguous_substring,ae330f3e6dd51f734f790820a896827f916e8d775c69ea1f205c55aa81507fe0,contiguous_substring,intermediate,16,0.0077923399173859,0.3494281922295927,1,44.376605902777776,f8413732abbe3b2ff775f7fafb1f2980660710a5f07c65d028e49431a690362c
D2,A_low_3,selective,D2_r04,4,m026_contiguous_substring,5d3c5ea59a3a81c2ffdcfc7029fe0ab078b39be0217f1ee2611101845014273b,contiguous_substring,intermediate,16,0.008502970128385,0.3494281922295927,1,44.41948784722222,02c4480f376fd096de6ce40d637c1d16572419e0f0905a1e9a11c2b47110b29c
D2,A_low_3,selective,D2_r04,4,m027_contiguous_substring,6edfbfdb62fbf79744d4ecfb6fe43de95b2133d87a10f24061ecc84297b1c267,contiguous_substring,intermediate,16,0.0072121496517991,0.3494281922295927,1,44.46121961805554,41c511c506e18680e69be95da8692a9d15144fccaed5f4fdda5e57590d8658d4
D2,A_low_3,selective,D2_r04,4,m028_contiguous_substring,6f9a04216ce84ed3a2ef19a2010723c498d866f2bb5d6eda67ea1bd16782bfd8,contiguous_substring,intermediate,64,0.0312501436455649,0.3494281922295927,1,44.43400607638889,8103f8c55536f61bf856bef18051599be15b68b614c04af6f3081048ce8e57de
D2,A_low_3,selective,D2_r04,4,m029_contiguous_substring,8d4ddfbfac0226f6a695d6b22ee21fbf533251852e95baca71b09f7710bfb22c,contiguous_substring,intermediate,64,0.0318761954030486,0.3494281922295927,1,44.384396701388894,812af4cafe6fe8e55fda7fb06aaed72c01839710bab92aa3d4bc463862a368e5
D2,A_low_3,selective,D2_r04,4,m030_contiguous_substring,6ff19e1927dcafbb441ab0b4a0a61b92d1295d402f3277307a3f5b9d7850b98a,contiguous_substring,intermediate,64,0.0324613973820951,0.3494281922295927,1,44.37237413194444,e51ca303e724346d833e8d0b1e4ecc81bb4ceb73b02dbd0ba390581ab6659ee1
D2,A_low_3,selective,D2_r04,4,m031_contiguous_substring,c824c782df91faee7515c9d811fab43ed5426465074d2e812a5277507d28ae96,contiguous_substring,intermediate,256,0.1162540995031736,0.3494281922295927,1,44.448871527777776,9531246d2a304eb6fe5b65e2940ec52f29548bfd9c43e81c1f4904a46cdd7b1d
D2,A_low_3,selective,D2_r04,4,m032_contiguous_substring,ef835eb9c371f618c6958654a7d25a1df1d12c09a53ecf66f9209fb882a8542d,contiguous_substring,intermediate,256,0.1166233513017151,0.3494281922295927,1,44.44513888888889,1a26fcd414540eed57c7d9e75463622f2d43903c5785af8da9ec14d2aff22223
D2,A_low_3,selective,D2_r04,4,m033_identity,2f88e9ce00d238e7e011a7b140b413dcad818f1da41a721f914f1af604d0e217,identity,identity,1024,0.3494281922295927,0.3494281922295927,1,44.637912326388886,23009573b9dd542ce799f2f15e5856d42ddc543a47cd95b3873f66aafcbd300c
D2,A_low_3,selective,D2_r05,5,actual,actual,unintervened,actual,1024,0.3768828261704664,0.3768828261704664,0,44.6796875,72d236a899e9ae02e7feb32d115a9817e3dc661873112552b20ee8b5ce8192be
D2,A_low_3,selective,D2_r05,5,m000_constant,9f1dcbc35c350d6027f98be0f5c8b43b42ca52b7604459c0c42be3aa88913d47,constant,constant,1,0.0,0.3768828261704664,0,44.4720703125,b8ce2eb293fedba5725c28c4fb2a826b71c64adb32697f7721d373d1370ebb72
D2,A_low_3,selective,D2_r05,5,m001_balanced_random_group,d52123e063e4c7f12cf7d331526a34d45a7db62b251fda39a52b7a6e51dc81da,balanced_random_group,intermediate,2,0.0006460703211742,0.3768828261704664,0,44.42714843750001,e42b8161959a2b43656dd0963605a8fb12dff6e119fb208fb5a97be115e31352
D2,A_low_3,selective,D2_r05,5,m002_affinity_rank_group,3f53151fb2f814971fd6c0128c5c0b7afe1b5cb5257e46a1db18b8ebc9946d94,affinity_rank_group,intermediate,2,0.0005052292692952,0.3768828261704664,0,44.45768229166666,a335316e4e9c9bc6ef2440dd6ca1282bdcbff1ac333a2827c57d881113aee1d7
D2,A_low_3,selective,D2_r05,5,m003_balanced_random_group,4daeed799e72bb6401d991026fcc59ed40b3ce561e3c7dcca0ae6832935d9374,balanced_random_group,intermediate,4,0.0016394413053608,0.3768828261704664,0,44.46736111111111,5ccb985f1c0eec868bc6efcfd371c94aa10d74fb149f83cc9c47be9b0bb4aae3
D2,A_low_3,selective,D2_r05,5,m004_affinity_rank_group,92e56b0f11cdce879476507882d715f1eecc12de134fc3982530e28ffd4eba29,affinity_rank_group,intermediate,4,0.0012694685692272,0.3768828261704664,0,44.45740017361111,66c9b1cf91cdfcecd50a3a444b143cbb153503bc953adeb101a9d5999839809b
D2,A_low_3,selective,D2_r05,5,m005_balanced_random_group,133f24f68b3fddec3d8ed9a85a422bfcf4737bd728e769f2b1a595571768ceb1,balanced_random_group,intermediate,8,0.0041829276907784,0.3768828261704664,0,44.436067708333326,7d68ee0f3afcf237d1ab439e729dc51ff13e0e2f9adb84fb490df5c78cafb2ff
D2,A_low_3,selective,D2_r05,5,m006_affinity_rank_group,0a19adabdd017fc722384804e89caf4ecf35837689486f63c24094087da5c2ba,affinity_rank_group,intermediate,8,0.0030511670771133,0.3768828261704664,0,44.43758680555556,b3df92d8ebfdd1d111546c28bfe801391c7febea5341ea4ebe95b4a1219fe902
D2,A_low_3,selective,D2_r05,5,m007_balanced_random_group,25ccd77da6a7a52851f2f535e8b83f3d72cca793b3fce300949dd17a4f765737,balanced_random_group,intermediate,16,0.0065019577926849,0.3768828261704664,0,44.486762152777786,b546c2fb140a115147a86559a5a64aed889b1770e57b1a0b4f46a704b0aef05a
D2,A_low_3,selective,D2_r05,5,m008_affinity_rank_group,d176c8d0ee881709b5af7061b49578d8041bef9dde73ceb9e47e4dd86f7ee987,affinity_rank_group,intermediate,16,0.0081367896848232,0.3768828261704664,0,44.44631076388888,7684c5cd52348a51e5eae810074a895e2b65deefe6899abb575de874e32d3136
D2,A_low_3,selective,D2_r05,5,m009_balanced_random_group,69c0c7f3bb16611e92670e95a45404361a87cf0019841eec47307d17f9b18d02,balanced_random_group,intermediate,32,0.0138750469970326,0.3768828261704664,0,44.45425347222222,d8682868a67d2a36811829e2b3e8c653b14ab1672b5c2530474dc372377d6020
D2,A_low_3,selective,D2_r05,5,m010_affinity_rank_group,a08bb91ec0e66d0b3afe5332032fd3fb6769016bc04c2710b5e01a8e599df454,affinity_rank_group,intermediate,32,0.0158314294532441,0.3768828261704664,0,44.39036458333334,948a883eedc256c127dffcc6cd5a80ab8cd8f96f15b1cb0249270402cdbcc97f
D2,A_low_3,selective,D2_r05,5,m011_balanced_random_group,9ee348dcdb60a6d8b94644daf4e24f585414a22ccc692248a0eea7ff6d53b127,balanced_random_group,intermediate,64,0.0282766271612367,0.3768828261704664,0,44.48174913194445,31c94d7e43ee16f4438a703cb052ffc3361a9def07d8bed1d0ae33273315a6c8
D2,A_low_3,selective,D2_r05,5,m012_affinity_rank_group,6ac4e014d135d7a7fbd4592fdf320f48570dc4bce5e1a5c2ca6054715b80f98a,affinity_rank_group,intermediate,64,0.0283386068139055,0.3768828261704664,0,44.3806640625,cae17508bd1a6ce390bacad1cb095db89b98657f394cb228c44e1f4b9e4995da
D2,A_low_3,selective,D2_r05,5,m013_balanced_random_group,c127ba6cf2bef776473edf53f0da2b8df4d42a0566a9850f3d21195dea5e8dc9,balanced_random_group,intermediate,128,0.0557540658355497,0.3768828261704664,0,44.43053385416667,dcad115ec47ca93b11dfa028e2f6e566f1cac4f0f52b0972e12c0b31a3eb2f35
D2,A_low_3,selective,D2_r05,5,m014_affinity_rank_group,4c0d0a036a5c51abb14f88b143c35a9a2e7cecb590d4d0752b078fe3b59a18dd,affinity_rank_group,intermediate,128,0.0558516309051099,0.3768828261704664,0,44.47250434027778,17537b5eacb7bfeb9880407bacc570a82733a65df9743ba93f0d0bff03295f68
D2,A_low_3,selective,D2_r05,5,m015_balanced_random_group,d938170ba1bbcea521c8f61e2a21a624aedf2e1facb1d1b7a73246f98e6abbb1,balanced_random_group,intermediate,256,0.1074669056464039,0.3768828261704664,0,44.57690972222221,fd7dea131dc4aa63439d364fee21d04d15ddcde6279dffddfb29e91dc9a897f8
D2,A_low_3,selective,D2_r05,5,m016_affinity_rank_group,cf78b05538711825e0795152b13c3d2c15b5cd16f89c1995f7b006d8bc57c6a2,affinity_rank_group,intermediate,256,0.1106660388433497,0.3768828261704664,0,44.41115451388889,7d0e4bce68088b3e78c3c97d62bf31fa48144fda9e3451cda31eea1c5c95e9f1
D2,A_low_3,selective,D2_r05,5,m017_balanced_random_group,b6b3bc7bfea0b8024176555b6791456fefb568bbd841db8af65e2e3f9b06bc11,balanced_random_group,intermediate,512,0.214349838242911,0.3768828261704664,0,44.54131944444445,c998e28b975f9d5f4c3c2da34b25f7af30dbd8fbb0c0bd37fffea3f110b003f1
D2,A_low_3,selective,D2_r05,5,m018_affinity_rank_group,24a6acb87a7364b0b1cbbe6fecc84df53e5243c78a06a6c6c4e7354b3e359435,affinity_rank_group,intermediate,512,0.2121541533539109,0.3768828261704664,0,44.402300347222216,39d63600d016d124ca01d7ad283207a4418bd2ace3128ce81a6e171f9bdca12a
D2,A_low_3,selective,D2_r05,5,m019_contiguous_substring,16cfd655e57fba08a658c1d50e1fe5976b2f905eee09ec260833cfb2b49d6f38,contiguous_substring,intermediate,4,0.0013505029587393,0.3768828261704664,0,44.45911458333333,60e4f1b45bb76d495a60fbe9bb65487f2ec387f27aec4419e53fc939892c5816
D2,A_low_3,selective,D2_r05,5,m020_contiguous_substring,6fb076d21f3b26febc2e6a328628b3ea581ce0709de4263bbe675d61bdb74942,contiguous_substring,intermediate,4,0.0009872383125114,0.3768828261704664,0,44.45881076388888,6a73449c4d96f80e191b762c14d3895fcb35f332d30b051d6715aef916cdef18
D2,A_low_3,selective,D2_r05,5,m021_contiguous_substring,3ac98b3bd2edbbfc3b4339ca0066047ccba8e1cfa0ce798acbd27bab5b87d8af,contiguous_substring,intermediate,4,0.0009461498072571,0.3768828261704664,0,44.45635850694443,bb845e422bfe5bccad00d12f1c4e2f13734a8283924031815f0a8db9f806f843
D2,A_low_3,selective,D2_r05,5,m022_contiguous_substring,fc015e86e4e7f2c734c05fb1135856a6186a7b6e6f3079acc6d6c6e4aa7442e4,contiguous_substring,intermediate,4,0.0005839700274377,0.3768828261704664,0,44.47760416666667,9ac7835cb4c59be19a7641aa3887471f8ddf31f30eecfe3a33ea0ef5d387e847
D2,A_low_3,selective,D2_r05,5,m023_contiguous_substring,6d8bb74bcdeefe62988bcebfe3cdb7110ea14648c3393721f4a4095032ddf61b,contiguous_substring,intermediate,4,0.001293433240418,0.3768828261704664,0,44.45887586805556,94d54e8cdffd7da6228de2f21ab288cf288788e99a624da2aadf9e3f2506e20c
D2,A_low_3,selective,D2_r05,5,m024_contiguous_substring,94ab69bff5420fbcf4c18d7a247ef0e4b9577d1295271abf78a62f51c3b59a0f,contiguous_substring,intermediate,16,0.0060318204153042,0.3768828261704664,0,44.44383680555556,39f86a054eb8b6065669d44dd95a71a87f2a7910dc470d2a477ba62670c6842c
D2,A_low_3,selective,D2_r05,5,m025_contiguous_substring,ae330f3e6dd51f734f790820a896827f916e8d775c69ea1f205c55aa81507fe0,contiguous_substring,intermediate,16,0.0066418245995884,0.3768828261704664,0,44.47016059027778,6c560c1c2054d20932e92c44346692c6860468739f60c45f78e1fc5cac298a31
D2,A_low_3,selective,D2_r05,5,m026_contiguous_substring,5d3c5ea59a3a81c2ffdcfc7029fe0ab078b39be0217f1ee2611101845014273b,contiguous_substring,intermediate,16,0.0049870230016227,0.3768828261704664,0,44.46000434027778,482ea6ac536f62aa62f11041b8d44267ab99079c95924356c0855cee27cd7fcf
D2,A_low_3,selective,D2_r05,5,m027_contiguous_substring,6edfbfdb62fbf79744d4ecfb6fe43de95b2133d87a10f24061ecc84297b1c267,contiguous_substring,intermediate,16,0.0051358084700161,0.3768828261704664,0,44.48292100694445,e1c9f84e611e11e6b4e46b16b8e2924ee27ad2ff8311d99889f4ce5f3e128212
D2,A_low_3,selective,D2_r05,5,m028_contiguous_substring,6f9a04216ce84ed3a2ef19a2010723c498d866f2bb5d6eda67ea1bd16782bfd8,contiguous_substring,intermediate,64,0.0266872562877954,0.3768828261704664,0,44.45950520833333,dca8e7dd503e43a045f8149e8c536bafe21e87d6dc274a98fc64e6141e611c77
D2,A_low_3,selective,D2_r05,5,m029_contiguous_substring,8d4ddfbfac0226f6a695d6b22ee21fbf533251852e95baca71b09f7710bfb22c,contiguous_substring,intermediate,64,0.0258903982889991,0.3768828261704664,0,44.46640625,cb12bf1f45f7ddb9df90a98a541db8718cebd63dddf188e4403617396dc1c1d8
D2,A_low_3,selective,D2_r05,5,m030_contiguous_substring,6ff19e1927dcafbb441ab0b4a0a61b92d1295d402f3277307a3f5b9d7850b98a,contiguous_substring,intermediate,64,0.0240737986485778,0.3768828261704664,0,44.44060329861111,fb1b3659022c7652595a7ee8d0b2eb9c2da11f8fe4781ed2276329db35a726c6
D2,A_low_3,selective,D2_r05,5,m031_contiguous_substring,c824c782df91faee7515c9d811fab43ed5426465074d2e812a5277507d28ae96,contiguous_substring,intermediate,256,0.1097909104866559,0.3768828261704664,0,44.54967447916667,34276d700cb630ce8ec19a42b57b981d432e60ed29f576d780065d08b8e54b96
D2,A_low_3,selective,D2_r05,5,m032_contiguous_substring,ef835eb9c371f618c6958654a7d25a1df1d12c09a53ecf66f9209fb882a8542d,contiguous_substring,intermediate,256,0.106862762788672,0.3768828261704664,0,44.44409722222222,3c6cf11eca256a55b0d9ba0c98b6885ab4193567b3c91810b9ab418e4c084267
D2,A_low_3,selective,D2_r05,5,m033_identity,2f88e9ce00d238e7e011a7b140b413dcad818f1da41a721f914f1af604d0e217,identity,identity,1024,0.3768828261704664,0.3768828261704664,0,44.6796875,72d236a899e9ae02e7feb32d115a9817e3dc661873112552b20ee8b5ce8192be
D2,A_low_3,selective,D2_r05,5,actual,actual,unintervened,actual,1024,0.3768828261704664,0.3768828261704664,1,44.68400607638889,620ac19d55e19ab2c4adbabdd3207d46631a6c483fed0231e602d6b8cf42d946
D2,A_low_3,selective,D2_r05,5,m000_constant,9f1dcbc35c350d6027f98be0f5c8b43b42ca52b7604459c0c42be3aa88913d47,constant,constant,1,0.0,0.3768828261704664,1,44.4349609375,2e59bd73bf76da2c06c226b440bbf8ec2276b3ce3370a7539dbe225e6732f0a8
D2,A_low_3,selective,D2_r05,5,m001_balanced_random_group,d52123e063e4c7f12cf7d331526a34d45a7db62b251fda39a52b7a6e51dc81da,balanced_random_group,intermediate,2,0.0006460703211742,0.3768828261704664,1,44.42567274305556,cf993e26e823de289bcac587c0781d96956b0720ec6de29a63ded68838224112
D2,A_low_3,selective,D2_r05,5,m002_affinity_rank_group,3f53151fb2f814971fd6c0128c5c0b7afe1b5cb5257e46a1db18b8ebc9946d94,affinity_rank_group,intermediate,2,0.0005052292692952,0.3768828261704664,1,44.42556423611112,f897b15892737d8bcb426320ca3397f86e23e11a345a7b2d80282a77a541018c
D2,A_low_3,selective,D2_r05,5,m003_balanced_random_group,4daeed799e72bb6401d991026fcc59ed40b3ce561e3c7dcca0ae6832935d9374,balanced_random_group,intermediate,4,0.0016394413053608,0.3768828261704664,1,44.450868055555546,84c926133e6b98c1140eea53ca8c8c28bcaff37f795a6bfc54941ed62f1578e2
D2,A_low_3,selective,D2_r05,5,m004_affinity_rank_group,92e56b0f11cdce879476507882d715f1eecc12de134fc3982530e28ffd4eba29,affinity_rank_group,intermediate,4,0.0012694685692272,0.3768828261704664,1,44.41729600694443,edb02f8fe520ce0a7cb63c0a5f57575d4e602c94b7f3a3471de720b08278b263
D2,A_low_3,selective,D2_r05,5,m005_balanced_random_group,133f24f68b3fddec3d8ed9a85a422bfcf4737bd728e769f2b1a595571768ceb1,balanced_random_group,intermediate,8,0.0041829276907784,0.3768828261704664,1,44.39997829861111,7a7b0af43849866ebbbe0f25319d196d30590e971507d4a189c1ee9cd79fab43
D2,A_low_3,selective,D2_r05,5,m006_affinity_rank_group,0a19adabdd017fc722384804e89caf4ecf35837689486f63c24094087da5c2ba,affinity_rank_group,intermediate,8,0.0030511670771133,0.3768828261704664,1,44.41599392361111,c9832d80c364afe314fd6630571f315f5322f64c08e3f7204debb2994d5fd741
D2,A_low_3,selective,D2_r05,5,m007_balanced_random_group,25ccd77da6a7a52851f2f535e8b83f3d72cca793b3fce300949dd17a4f765737,balanced_random_group,intermediate,16,0.0065019577926849,0.3768828261704664,1,44.34144965277779,9c78326b74ae7c7850bd6956f9b3e7ed00258267fa8fbbe0c0a096b3a1439009
D2,A_low_3,selective,D2_r05,5,m008_affinity_rank_group,d176c8d0ee881709b5af7061b49578d8041bef9dde73ceb9e47e4dd86f7ee987,affinity_rank_group,intermediate,16,0.0081367896848232,0.3768828261704664,1,44.38786892361112,6e89e12b15398748691c91b71f82fdfb02b13c75c923d58f2fca6b3c5a12c788
D2,A_low_3,selective,D2_r05,5,m009_balanced_random_group,69c0c7f3bb16611e92670e95a45404361a87cf0019841eec47307d17f9b18d02,balanced_random_group,intermediate,32,0.0138750469970326,0.3768828261704664,1,44.345768229166666,8450bbec786eca3b656e1aee2053de0f6ba1966594b736686bedfff05d97dd95
D2,A_low_3,selective,D2_r05,5,m010_affinity_rank_group,a08bb91ec0e66d0b3afe5332032fd3fb6769016bc04c2710b5e01a8e599df454,affinity_rank_group,intermediate,32,0.0158314294532441,0.3768828261704664,1,44.402061631944456,698a103359a80e10055d5411d10337e18d6e399d0ff05d2b27ab4654e9dcd118
D2,A_low_3,selective,D2_r05,5,m011_balanced_random_group,9ee348dcdb60a6d8b94644daf4e24f585414a22ccc692248a0eea7ff6d53b127,balanced_random_group,intermediate,64,0.0282766271612367,0.3768828261704664,1,44.41080729166666,c43c073e6629bb7b0f052d4fd6e9852f917cfb06f0c79a6275fcaa7b60642f0f
D2,A_low_3,selective,D2_r05,5,m012_affinity_rank_group,6ac4e014d135d7a7fbd4592fdf320f48570dc4bce5e1a5c2ca6054715b80f98a,affinity_rank_group,intermediate,64,0.0283386068139055,0.3768828261704664,1,44.3629123263889,28b847e46493b5fdc2993d0f598fc5821b10630959efda9ca0015781026c3865
D2,A_low_3,selective,D2_r05,5,m013_balanced_random_group,c127ba6cf2bef776473edf53f0da2b8df4d42a0566a9850f3d21195dea5e8dc9,balanced_random_group,intermediate,128,0.0557540658355497,0.3768828261704664,1,44.44852430555556,53f5dba26ac02da619386e6f526e42b269f6822823fa67c5a8ff65c6da3d8c0e
D2,A_low_3,selective,D2_r05,5,m014_affinity_rank_group,4c0d0a036a5c51abb14f88b143c35a9a2e7cecb590d4d0752b078fe3b59a18dd,affinity_rank_group,intermediate,128,0.0558516309051099,0.3768828261704664,1,44.43216145833333,620e4a05c949b05f010e5988a6a31d70bc904c5edc3c782ed90d9c1f24132c63
D2,A_low_3,selective,D2_r05,5,m015_balanced_random_group,d938170ba1bbcea521c8f61e2a21a624aedf2e1facb1d1b7a73246f98e6abbb1,balanced_random_group,intermediate,256,0.1074669056464039,0.3768828261704664,1,44.43231336805556,0e0b34e3e11c636095f1299680fdc213a7b93e198f2c77673418fc5ee07f9566
D2,A_low_3,selective,D2_r05,5,m016_affinity_rank_group,cf78b05538711825e0795152b13c3d2c15b5cd16f89c1995f7b006d8bc57c6a2,affinity_rank_group,intermediate,256,0.1106660388433497,0.3768828261704664,1,44.53756510416666,71173fa4aaad944bcee9df461e586b64a2ee43c7314161d30a0dad500a9d7ea2
D2,A_low_3,selective,D2_r05,5,m017_balanced_random_group,b6b3bc7bfea0b8024176555b6791456fefb568bbd841db8af65e2e3f9b06bc11,balanced_random_group,intermediate,512,0.214349838242911,0.3768828261704664,1,44.58832465277778,7772f36c7c1fdd34bfb614d658eadb1587045df39cbc26af8dff0b47fe44ebb8
D2,A_low_3,selective,D2_r05,5,m018_affinity_rank_group,24a6acb87a7364b0b1cbbe6fecc84df53e5243c78a06a6c6c4e7354b3e359435,affinity_rank_group,intermediate,512,0.2121541533539109,0.3768828261704664,1,44.478862847222224,8f0be3da933c4ef0fe5bec7d5cbfe031856ec5c405463b3ebe6dced1ab709605
D2,A_low_3,selective,D2_r05,5,m019_contiguous_substring,16cfd655e57fba08a658c1d50e1fe5976b2f905eee09ec260833cfb2b49d6f38,contiguous_substring,intermediate,4,0.0013505029587393,0.3768828261704664,1,44.41026475694443,317c50be4e322c70204721414d28f8a8e740bd0b8920da7ff877f5cc48a693a3
D2,A_low_3,selective,D2_r05,5,m020_contiguous_substring,6fb076d21f3b26febc2e6a328628b3ea581ce0709de4263bbe675d61bdb74942,contiguous_substring,intermediate,4,0.0009872383125114,0.3768828261704664,1,44.40006510416667,e975c7335e05f01c0cb25fb11fe82e5fe1b7ec21f5f9402cc9410da77982686e
D2,A_low_3,selective,D2_r05,5,m021_contiguous_substring,3ac98b3bd2edbbfc3b4339ca0066047ccba8e1cfa0ce798acbd27bab5b87d8af,contiguous_substring,intermediate,4,0.0009461498072571,0.3768828261704664,1,44.40503472222221,10fa70b9bc68a5dfd50b63af9746d4fb720b201430f3104ffe2262fb5eefbac2
D2,A_low_3,selective,D2_r05,5,m022_contiguous_substring,fc015e86e4e7f2c734c05fb1135856a6186a7b6e6f3079acc6d6c6e4aa7442e4,contiguous_substring,intermediate,4,0.0005839700274377,0.3768828261704664,1,44.41608072916667,c77a661259c33b96d048241a3a82890f6c13a362db9aa2bf822ea6e63f525dee
D2,A_low_3,selective,D2_r05,5,m023_contiguous_substring,6d8bb74bcdeefe62988bcebfe3cdb7110ea14648c3393721f4a4095032ddf61b,contiguous_substring,intermediate,4,0.001293433240418,0.3768828261704664,1,44.41043836805555,cdb210845bcf2b01bb681ace57b31f11370a1addbddcbbc6be7e44f0044d950e
D2,A_low_3,selective,D2_r05,5,m024_contiguous_substring,94ab69bff5420fbcf4c18d7a247ef0e4b9577d1295271abf78a62f51c3b59a0f,contiguous_substring,intermediate,16,0.0060318204153042,0.3768828261704664,1,44.37430555555556,e36e4cddf76e096516bd4c57eb31005f0f236b3691101b4ab941c81a31e5ef7f
D2,A_low_3,selective,D2_r05,5,m025_contiguous_substring,ae330f3e6dd51f734f790820a896827f916e8d775c69ea1f205c55aa81507fe0,contiguous_substring,intermediate,16,0.0066418245995884,0.3768828261704664,1,44.42860243055557,687d362febaed43ac43ae8634bb7324d5f64b6641db3f78e114164873c42953d
D2,A_low_3,selective,D2_r05,5,m026_contiguous_substring,5d3c5ea59a3a81c2ffdcfc7029fe0ab078b39be0217f1ee2611101845014273b,contiguous_substring,intermediate,16,0.0049870230016227,0.3768828261704664,1,44.38904079861111,23d12894b7e60f43c1aa3781bfc08b28d7aaee3add0eefde194738690cabcb7b
D2,A_low_3,selective,D2_r05,5,m027_contiguous_substring,6edfbfdb62fbf79744d4ecfb6fe43de95b2133d87a10f24061ecc84297b1c267,contiguous_substring,intermediate,16,0.0051358084700161,0.3768828261704664,1,44.37983940972222,d02d353595fd98413e64b553bd9e61e5efe2ca2d75fff65a67cbf09524d23788
D2,A_low_3,selective,D2_r05,5,m028_contiguous_substring,6f9a04216ce84ed3a2ef19a2010723c498d866f2bb5d6eda67ea1bd16782bfd8,contiguous_substring,intermediate,64,0.0266872562877954,0.3768828261704664,1,44.4457248263889,859f981548a1560a025eeb644e786ceb241b397d8c557d02ae82678ed2ae443f
D2,A_low_3,selective,D2_r05,5,m029_contiguous_substring,8d4ddfbfac0226f6a695d6b22ee21fbf533251852e95baca71b09f7710bfb22c,contiguous_substring,intermediate,64,0.0258903982889991,0.3768828261704664,1,44.453515625,04c1dba08a06e3f99e0d51bea71ca66624eaf7529da1a05df43dda681531d984
D2,A_low_3,selective,D2_r05,5,m030_contiguous_substring,6ff19e1927dcafbb441ab0b4a0a61b92d1295d402f3277307a3f5b9d7850b98a,contiguous_substring,intermediate,64,0.0240737986485778,0.3768828261704664,1,44.453211805555554,fc9b6f6b0bd77ba28775a19e7638febb32c17f593a83d74ed965ab2422940d3b
D2,A_low_3,selective,D2_r05,5,m031_contiguous_substring,c824c782df91faee7515c9d811fab43ed5426465074d2e812a5277507d28ae96,contiguous_substring,intermediate,256,0.1097909104866559,0.3768828261704664,1,44.47628038194444,05defff23a84a26c1a843681b3b4aa290f59b4fce4853c51b6d0da7735fadd47
D2,A_low_3,selective,D2_r05,5,m032_contiguous_substring,ef835eb9c371f618c6958654a7d25a1df1d12c09a53ecf66f9209fb882a8542d,contiguous_substring,intermediate,256,0.106862762788672,0.3768828261704664,1,44.48619791666667,679974eabe1ce951e3debd61c96b6fa0b5c65dbe229a69ee03f3045e736f3594
D2,A_low_3,selective,D2_r05,5,m033_identity,2f88e9ce00d238e7e011a7b140b413dcad818f1da41a721f914f1af604d0e217,identity,identity,1024,0.3768828261704664,0.3768828261704664,1,44.68400607638889,620ac19d55e19ab2c4adbabdd3207d46631a6c483fed0231e602d6b8cf42d946
D2,A_low_3,selective,D2_r06,6,actual,actual,unintervened,actual,1024,0.36221953598054,0.36221953598054,0,44.56204427083333,b363b3f97e5add2227fa5d97e3dee79653cb31c99aa77ae59ceb8607506caba1
D2,A_low_3,selective,D2_r06,6,m000_constant,9f1dcbc35c350d6027f98be0f5c8b43b42ca52b7604459c0c42be3aa88913d47,constant,constant,1,0.0,0.36221953598054,0,44.32213541666667,a6f4dc5da81d3f977a516b99dc8440de3578efa9fc4347493d5c37f8980d6db6
D2,A_low_3,selective,D2_r06,6,m001_balanced_random_group,d52123e063e4c7f12cf7d331526a34d45a7db62b251fda39a52b7a6e51dc81da,balanced_random_group,intermediate,2,0.0004115860137415,0.36221953598054,0,44.31918402777777,1adaf3bf805347bf4441a37c4c8e309c81036a936b1231e50572f0da20e22dcc
D2,A_low_3,selective,D2_r06,6,m002_affinity_rank_group,3f53151fb2f814971fd6c0128c5c0b7afe1b5cb5257e46a1db18b8ebc9946d94,affinity_rank_group,intermediate,2,0.000526006867821,0.36221953598054,0,44.33174913194444,d908e97223cb7f2d3e47a1b597421307114c345e7c8d2ad73b4e0e1b0e354bce
D2,A_low_3,selective,D2_r06,6,m003_balanced_random_group,4daeed799e72bb6401d991026fcc59ed40b3ce561e3c7dcca0ae6832935d9374,balanced_random_group,intermediate,4,0.0015176108977412,0.36221953598054,0,44.32506510416666,08bbfc349a8391bab9eaf01c6e6fbeab89eb94713abf6271e510aafad1cc02bb
D2,A_low_3,selective,D2_r06,6,m004_affinity_rank_group,92e56b0f11cdce879476507882d715f1eecc12de134fc3982530e28ffd4eba29,affinity_rank_group,intermediate,4,0.0012612396566971,0.36221953598054,0,44.32471788194445,3c8e5cd9949ecfadb1204190336dac81be688432ea38227d5722db26ee318cd0
D2,A_low_3,selective,D2_r06,6,m005_balanced_random_group,133f24f68b3fddec3d8ed9a85a422bfcf4737bd728e769f2b1a595571768ceb1,balanced_random_group,intermediate,8,0.0041198236590514,0.36221953598054,0,44.35047743055557,af8fa99785f3db2b6e1239fa361c758ffb717793a4cd4ef84171a764f1fc25b4
D2,A_low_3,selective,D2_r06,6,m006_affinity_rank_group,0a19adabdd017fc722384804e89caf4ecf35837689486f63c24094087da5c2ba,affinity_rank_group,intermediate,8,0.0025725952780633,0.36221953598054,0,44.30075954861112,a747cc44463b39571c2fcc987f157f12c16a5061c135a4b19381ba73a164e805
D2,A_low_3,selective,D2_r06,6,m007_balanced_random_group,25ccd77da6a7a52851f2f535e8b83f3d72cca793b3fce300949dd17a4f765737,balanced_random_group,intermediate,16,0.0066105948013085,0.36221953598054,0,44.33062065972221,fe2485494295ec241056ba38e50bfe31cfbe3b7e932235319934c33ec82ef472
D2,A_low_3,selective,D2_r06,6,m008_affinity_rank_group,d176c8d0ee881709b5af7061b49578d8041bef9dde73ceb9e47e4dd86f7ee987,affinity_rank_group,intermediate,16,0.0074287581169469,0.36221953598054,0,44.29761284722222,f6f944ed62b220607ffeaa0e6f02dd16d803b971797ba95bf25649717bfcb8a2
D2,A_low_3,selective,D2_r06,6,m009_balanced_random_group,69c0c7f3bb16611e92670e95a45404361a87cf0019841eec47307d17f9b18d02,balanced_random_group,intermediate,32,0.015152453361253,0.36221953598054,0,44.32309027777778,761d139114e7b69d183f4247db0c946eb15f4760a12f6b765c1eec62ce81ccf1
D2,A_low_3,selective,D2_r06,6,m010_affinity_rank_group,a08bb91ec0e66d0b3afe5332032fd3fb6769016bc04c2710b5e01a8e599df454,affinity_rank_group,intermediate,32,0.0155117414324939,0.36221953598054,0,44.320920138888894,70cd0a5a2dac303b08d99bed128dddc2f13418c1ac22fdebe82ae5f042de1d4d
D2,A_low_3,selective,D2_r06,6,m011_balanced_random_group,9ee348dcdb60a6d8b94644daf4e24f585414a22ccc692248a0eea7ff6d53b127,balanced_random_group,intermediate,64,0.0288576457388689,0.36221953598054,0,44.3556640625,2322c43d0303cb9b31011df51d7235888947deae0828a712f0d45c9d948d5d65
D2,A_low_3,selective,D2_r06,6,m012_affinity_rank_group,6ac4e014d135d7a7fbd4592fdf320f48570dc4bce5e1a5c2ca6054715b80f98a,affinity_rank_group,intermediate,64,0.0293897009028593,0.36221953598054,0,44.33352864583334,5680f3565ef631fd9a71aca0d63547916f02b7bfbc9e0c0b257f76c89dd7ca81
D2,A_low_3,selective,D2_r06,6,m013_balanced_random_group,c127ba6cf2bef776473edf53f0da2b8df4d42a0566a9850f3d21195dea5e8dc9,balanced_random_group,intermediate,128,0.0585478003517668,0.36221953598054,0,44.36807725694443,eff42b435a76a7bf6c90047ebc51aee7d28a4c7408f20f01e44aabea684fd5fd
D2,A_low_3,selective,D2_r06,6,m014_affinity_rank_group,4c0d0a036a5c51abb14f88b143c35a9a2e7cecb590d4d0752b078fe3b59a18dd,affinity_rank_group,intermediate,128,0.0600144439318369,0.36221953598054,0,44.39759114583333,ae71dc5d96cbb1ea73df21597fe8d359e6c90c3f3e0c0881cd7efe12366b5e53
D2,A_low_3,selective,D2_r06,6,m015_balanced_random_group,d938170ba1bbcea521c8f61e2a21a624aedf2e1facb1d1b7a73246f98e6abbb1,balanced_random_group,intermediate,256,0.1139945920529119,0.36221953598054,0,44.48033854166667,c326b73026ca279a4a7b7fb608b12f25aad408b7382d0ee21ca9c1f1244a195b
D2,A_low_3,selective,D2_r06,6,m016_affinity_rank_group,cf78b05538711825e0795152b13c3d2c15b5cd16f89c1995f7b006d8bc57c6a2,affinity_rank_group,intermediate,256,0.1138423383922894,0.36221953598054,0,44.50375434027778,446913878dae1fd04805b2c2b8c1ec5e5321beb605200e8521274d19ee09d504
D2,A_low_3,selective,D2_r06,6,m017_balanced_random_group,b6b3bc7bfea0b8024176555b6791456fefb568bbd841db8af65e2e3f9b06bc11,balanced_random_group,intermediate,512,0.2127003218556339,0.36221953598054,0,44.66124131944445,81724a2e26ee53c78719e6d54fb006b7d2b63b1c741bac47f3159b1e9bec925c
D2,A_low_3,selective,D2_r06,6,m018_affinity_rank_group,24a6acb87a7364b0b1cbbe6fecc84df53e5243c78a06a6c6c4e7354b3e359435,affinity_rank_group,intermediate,512,0.2122954800095244,0.36221953598054,0,44.57172309027778,686f6659c1d24d61ed56ee2489acdeb837c3f1522f28855472dee32c8d779548
D2,A_low_3,selective,D2_r06,6,m019_contiguous_substring,16cfd655e57fba08a658c1d50e1fe5976b2f905eee09ec260833cfb2b49d6f38,contiguous_substring,intermediate,4,0.0019041544401057,0.36221953598054,0,44.33723958333333,2dc041cf2d06e5f53d8c899128ff04508b953f91bbbbe69fcc219cb146491697
D2,A_low_3,selective,D2_r06,6,m020_contiguous_substring,6fb076d21f3b26febc2e6a328628b3ea581ce0709de4263bbe675d61bdb74942,contiguous_substring,intermediate,4,0.0012726166273002,0.36221953598054,0,44.32790798611112,42f2c31b4a24401c2e75c0640a5f83b2058183d0aa0ae135a8c763186b0bc517
D2,A_low_3,selective,D2_r06,6,m021_contiguous_substring,3ac98b3bd2edbbfc3b4339ca0066047ccba8e1cfa0ce798acbd27bab5b87d8af,contiguous_substring,intermediate,4,0.0011637812773454,0.36221953598054,0,44.32708333333333,e83568c606f902cfcc3895284ec9fdc48a76f132abc19434c89b94fb32c6820b
D2,A_low_3,selective,D2_r06,6,m022_contiguous_substring,fc015e86e4e7f2c734c05fb1135856a6186a7b6e6f3079acc6d6c6e4aa7442e4,contiguous_substring,intermediate,4,0.0011544743658763,0.36221953598054,0,44.34392361111111,2cab93377faba0389ef98b355ba95386b66171294bb5ad24cd684b26c27f0dac
D2,A_low_3,selective,D2_r06,6,m023_contiguous_substring,6d8bb74bcdeefe62988bcebfe3cdb7110ea14648c3393721f4a4095032ddf61b,contiguous_substring,intermediate,4,0.0010568452017754,0.36221953598054,0,44.31141493055555,f8510fac7f58f185bdaa27bfaeca45d73549e010688479b081e5eb1ec85455d5
D2,A_low_3,selective,D2_r06,6,m024_contiguous_substring,94ab69bff5420fbcf4c18d7a247ef0e4b9577d1295271abf78a62f51c3b59a0f,contiguous_substring,intermediate,16,0.0075848452595449,0.36221953598054,0,44.33352864583333,e9d806fc9073e1e2e39e8acd9affdb33d61bd79007ebcc1ffebb0f7844e532e3
D2,A_low_3,selective,D2_r06,6,m025_contiguous_substring,ae330f3e6dd51f734f790820a896827f916e8d775c69ea1f205c55aa81507fe0,contiguous_substring,intermediate,16,0.0056722591017833,0.36221953598054,0,44.32358940972222,1d662bc130d07a1be94427bbb00cad85e5572f03f106fb4ee193d5c9f5234420
D2,A_low_3,selective,D2_r06,6,m026_contiguous_substring,5d3c5ea59a3a81c2ffdcfc7029fe0ab078b39be0217f1ee2611101845014273b,contiguous_substring,intermediate,16,0.0075647996949424,0.36221953598054,0,44.33287760416666,d2b03ca9886615f60d11ca0c1bec0de5ba7d95ed504b395ebf20d773766edaf7
D2,A_low_3,selective,D2_r06,6,m027_contiguous_substring,6edfbfdb62fbf79744d4ecfb6fe43de95b2133d87a10f24061ecc84297b1c267,contiguous_substring,intermediate,16,0.0062809473109039,0.36221953598054,0,44.313671875,545c8c8c9718468a678268ed8d620f700ac832bfec3aae4360b8f77dfc16eace
D2,A_low_3,selective,D2_r06,6,m028_contiguous_substring,6f9a04216ce84ed3a2ef19a2010723c498d866f2bb5d6eda67ea1bd16782bfd8,contiguous_substring,intermediate,64,0.0285769593311558,0.36221953598054,0,44.415234375,468e842907162d3957a08930f6713b5547ab4e99f20b77e164058465fbc01c2b
D2,A_low_3,selective,D2_r06,6,m029_contiguous_substring,8d4ddfbfac0226f6a695d6b22ee21fbf533251852e95baca71b09f7710bfb22c,contiguous_substring,intermediate,64,0.0279531188702107,0.36221953598054,0,44.32762586805555,254d65e512a7f22013e2f8150f5884afa72b458875484291dd763ae173e259b1
D2,A_low_3,selective,D2_r06,6,m030_contiguous_substring,6ff19e1927dcafbb441ab0b4a0a61b92d1295d402f3277307a3f5b9d7850b98a,contiguous_substring,intermediate,64,0.0298530467696845,0.36221953598054,0,44.3181857638889,5dbb1d62988f6eafc1cf0a8d2912cb7442bbe422b84c744b218226949f48d941
D2,A_low_3,selective,D2_r06,6,m031_contiguous_substring,c824c782df91faee7515c9d811fab43ed5426465074d2e812a5277507d28ae96,contiguous_substring,intermediate,256,0.1117024103625718,0.36221953598054,0,44.36004774305555,a9414371a0404df549ad59362378f42d84796783315aae01dfe8eeb212c4b52a
D2,A_low_3,selective,D2_r06,6,m032_contiguous_substring,ef835eb9c371f618c6958654a7d25a1df1d12c09a53ecf66f9209fb882a8542d,contiguous_substring,intermediate,256,0.1086019194514703,0.36221953598054,0,44.39075520833333,0abef67c1b402300b5b02d0e9572fed0b8ce75fd7555af6df2c8363f3e544bad
D2,A_low_3,selective,D2_r06,6,m033_identity,2f88e9ce00d238e7e011a7b140b413dcad818f1da41a721f914f1af604d0e217,identity,identity,1024,0.36221953598054,0.36221953598054,0,44.56204427083333,b363b3f97e5add2227fa5d97e3dee79653cb31c99aa77ae59ceb8607506caba1
D2,A_low_3,selective,D2_r06,6,actual,actual,unintervened,actual,1024,0.36221953598054,0.36221953598054,1,44.58302951388889,6fc6a18e82ccf7f2125dbc6a5fd232bd47a6f4977e3cca06652d408d2c923194
D2,A_low_3,selective,D2_r06,6,m000_constant,9f1dcbc35c350d6027f98be0f5c8b43b42ca52b7604459c0c42be3aa88913d47,constant,constant,1,0.0,0.36221953598054,1,44.40206163194444,4c2a18b3ea21bfb0a2f336e3185292f0636d852b6acaa150ccf0e3ad75b6f6c9
D2,A_low_3,selective,D2_r06,6,m001_balanced_random_group,d52123e063e4c7f12cf7d331526a34d45a7db62b251fda39a52b7a6e51dc81da,balanced_random_group,intermediate,2,0.0004115860137415,0.36221953598054,1,44.37348090277778,4515c1ad0832984cb5457329825172dcbf200ff67ba83ad01edfbb86dc8edf43
D2,A_low_3,selective,D2_r06,6,m002_affinity_rank_group,3f53151fb2f814971fd6c0128c5c0b7afe1b5cb5257e46a1db18b8ebc9946d94,affinity_rank_group,intermediate,2,0.000526006867821,0.36221953598054,1,44.38977864583333,5808e806395db73f9428edf75b8e3bd8c016e4d5b577db0b296d15fd3085d27c
D2,A_low_3,selective,D2_r06,6,m003_balanced_random_group,4daeed799e72bb6401d991026fcc59ed40b3ce561e3c7dcca0ae6832935d9374,balanced_random_group,intermediate,4,0.0015176108977412,0.36221953598054,1,44.4095920138889,19476d547f8e7445083c6ef9d33fda6fc95f833851505e973bded8bf46299cd9
D2,A_low_3,selective,D2_r06,6,m004_affinity_rank_group,92e56b0f11cdce879476507882d715f1eecc12de134fc3982530e28ffd4eba29,affinity_rank_group,intermediate,4,0.0012612396566971,0.36221953598054,1,44.39748263888888,65a39a3ccd98d52cf232f4ff68007dcb9cad9ce6f5cfd53f5c111a6b66e53b58
D2,A_low_3,selective,D2_r06,6,m005_balanced_random_group,133f24f68b3fddec3d8ed9a85a422bfcf4737bd728e769f2b1a595571768ceb1,balanced_random_group,intermediate,8,0.0041198236590514,0.36221953598054,1,44.40618489583333,7f23175833a69e3a914cd71111c26c81f9d2229b9233d643adfe64e1ef14789d
D2,A_low_3,selective,D2_r06,6,m006_affinity_rank_group,0a19adabdd017fc722384804e89caf4ecf35837689486f63c24094087da5c2ba,affinity_rank_group,intermediate,8,0.0025725952780633,0.36221953598054,1,44.37575954861111,6012716e06f39c408992528a726b2ba97f8eccced101c6b1119106cfa977373b
D2,A_low_3,selective,D2_r06,6,m007_balanced_random_group,25ccd77da6a7a52851f2f535e8b83f3d72cca793b3fce300949dd17a4f765737,balanced_random_group,intermediate,16,0.0066105948013085,0.36221953598054,1,44.3958984375,8febe1ea42dde3b7fbf427783cfe4efe593beaa0df0578c1ee3428d7db32cd50
D2,A_low_3,selective,D2_r06,6,m008_affinity_rank_group,d176c8d0ee881709b5af7061b49578d8041bef9dde73ceb9e47e4dd86f7ee987,affinity_rank_group,intermediate,16,0.0074287581169469,0.36221953598054,1,44.39733072916667,1583ff64648b95db6efeed6bb74edaf9e347a3fb194502e720f8ea9167128dd0
D2,A_low_3,selective,D2_r06,6,m009_balanced_random_group,69c0c7f3bb16611e92670e95a45404361a87cf0019841eec47307d17f9b18d02,balanced_random_group,intermediate,32,0.015152453361253,0.36221953598054,1,44.407443576388886,f653cdf3ce7fe350b462404b7b3c2c54659817087c28096a9f08a5db0a7b7794
D2,A_low_3,selective,D2_r06,6,m010_affinity_rank_group,a08bb91ec0e66d0b3afe5332032fd3fb6769016bc04c2710b5e01a8e599df454,affinity_rank_group,intermediate,32,0.0155117414324939,0.36221953598054,1,44.38114149305556,60b4212421d563e2f6c8cac2ab75232672d86988017c3d712885645c7d54b530
D2,A_low_3,selective,D2_r06,6,m011_balanced_random_group,9ee348dcdb60a6d8b94644daf4e24f585414a22ccc692248a0eea7ff6d53b127,balanced_random_group,intermediate,64,0.0288576457388689,0.36221953598054,1,44.37777777777777,3020a2123c668889d7bbff3e3013427d38d799428ad274af9f835ce52956c588
D2,A_low_3,selective,D2_r06,6,m012_affinity_rank_group,6ac4e014d135d7a7fbd4592fdf320f48570dc4bce5e1a5c2ca6054715b80f98a,affinity_rank_group,intermediate,64,0.0293897009028593,0.36221953598054,1,44.42521701388889,3babf97f14f453b4b0758d0d16c7d4b3a4367c9c9eb67baeef58c7c480a7df82
D2,A_low_3,selective,D2_r06,6,m013_balanced_random_group,c127ba6cf2bef776473edf53f0da2b8df4d42a0566a9850f3d21195dea5e8dc9,balanced_random_group,intermediate,128,0.0585478003517668,0.36221953598054,1,44.40086805555555,30f461c8385d5b3472e705008c631c90a2d4d2cc1d0b8e15055ac5569621347c
D2,A_low_3,selective,D2_r06,6,m014_affinity_rank_group,4c0d0a036a5c51abb14f88b143c35a9a2e7cecb590d4d0752b078fe3b59a18dd,affinity_rank_group,intermediate,128,0.0600144439318369,0.36221953598054,1,44.34811197916666,709086e8990fa3ac8dcb01e01979b5820b77f8c1b0d396573ba5a005f131f7a1
D2,A_low_3,selective,D2_r06,6,m015_balanced_random_group,d938170ba1bbcea521c8f61e2a21a624aedf2e1facb1d1b7a73246f98e6abbb1,balanced_random_group,intermediate,256,0.1139945920529119,0.36221953598054,1,44.426671006944446,73371786ea6d818f03c415775a5d9eaaac1fcc5f5f136e042cd4113f17a39f26
D2,A_low_3,selective,D2_r06,6,m016_affinity_rank_group,cf78b05538711825e0795152b13c3d2c15b5cd16f89c1995f7b006d8bc57c6a2,affinity_rank_group,intermediate,256,0.1138423383922894,0.36221953598054,1,44.570898437500006,e797e6213de76adae2a20f209937867949a020eb488cb5e130f0e7dd4103c34c
D2,A_low_3,selective,D2_r06,6,m017_balanced_random_group,b6b3bc7bfea0b8024176555b6791456fefb568bbd841db8af65e2e3f9b06bc11,balanced_random_group,intermediate,512,0.2127003218556339,0.36221953598054,1,44.50629340277778,b04929827339a2f2b03b5cc0a7e1372fe7d3f74657ce796fb6a317ad2a993ad3
D2,A_low_3,selective,D2_r06,6,m018_affinity_rank_group,24a6acb87a7364b0b1cbbe6fecc84df53e5243c78a06a6c6c4e7354b3e359435,affinity_rank_group,intermediate,512,0.2122954800095244,0.36221953598054,1,44.56558159722223,44ed1aae5d047f35f9935e8f7a3c5c6ef29a08b57ea3fc57d1943b1368e30eee
D2,A_low_3,selective,D2_r06,6,m019_contiguous_substring,16cfd655e57fba08a658c1d50e1fe5976b2f905eee09ec260833cfb2b49d6f38,contiguous_substring,intermediate,4,0.0019041544401057,0.36221953598054,1,44.37554253472221,868b49689a6b35976593a27d2815db01769073189f1f2bc43553c0c86a354650
D2,A_low_3,selective,D2_r06,6,m020_contiguous_substring,6fb076d21f3b26febc2e6a328628b3ea581ce0709de4263bbe675d61bdb74942,contiguous_substring,intermediate,4,0.0012726166273002,0.36221953598054,1,44.39696180555556,2060e221f557a22d5587508afaadc50e1a6eadd8800fcc1c49d6d90a8d761ce5
D2,A_low_3,selective,D2_r06,6,m021_contiguous_substring,3ac98b3bd2edbbfc3b4339ca0066047ccba8e1cfa0ce798acbd27bab5b87d8af,contiguous_substring,intermediate,4,0.0011637812773454,0.36221953598054,1,44.40915798611111,fe7d4ae176ee159093dfb3e23206276da28186eeae621bb958cfc6419c921f2c
D2,A_low_3,selective,D2_r06,6,m022_contiguous_substring,fc015e86e4e7f2c734c05fb1135856a6186a7b6e6f3079acc6d6c6e4aa7442e4,contiguous_substring,intermediate,4,0.0011544743658763,0.36221953598054,1,44.40577256944445,6187f3345f57587612c5f4a7581aef605581b782ff6c976f36a962d8c2bb0710
D2,A_low_3,selective,D2_r06,6,m023_contiguous_substring,6d8bb74bcdeefe62988bcebfe3cdb7110ea14648c3393721f4a4095032ddf61b,contiguous_substring,intermediate,4,0.0010568452017754,0.36221953598054,1,44.365820312500006,43138bfff692b1490b716bfee4b2db1918f7dc4d665b21b5a49f8639f75f3702
D2,A_low_3,selective,D2_r06,6,m024_contiguous_substring,94ab69bff5420fbcf4c18d7a247ef0e4b9577d1295271abf78a62f51c3b59a0f,contiguous_substring,intermediate,16,0.0075848452595449,0.36221953598054,1,44.37013888888888,a50314132c756484cf0aff9d8505527af96eb63e94fe0ec9f15d3845966da2e2
D2,A_low_3,selective,D2_r06,6,m025_contiguous_substring,ae330f3e6dd51f734f790820a896827f916e8d775c69ea1f205c55aa81507fe0,contiguous_substring,intermediate,16,0.0056722591017833,0.36221953598054,1,44.38619791666667,c73587b31f9c43daf14bcd599a722e746b72eb10692ebf9ea10134d53c59e3ec
D2,A_low_3,selective,D2_r06,6,m026_contiguous_substring,5d3c5ea59a3a81c2ffdcfc7029fe0ab078b39be0217f1ee2611101845014273b,contiguous_substring,intermediate,16,0.0075647996949424,0.36221953598054,1,44.422092013888886,2bcb315d99fe6fcaff1792577ff6f655e82cdc4cadb9307dd8558f9cc05aea83
D2,A_low_3,selective,D2_r06,6,m027_contiguous_substring,6edfbfdb62fbf79744d4ecfb6fe43de95b2133d87a10f24061ecc84297b1c267,contiguous_substring,intermediate,16,0.0062809473109039,0.36221953598054,1,44.36799045138889,ebae19a22575c5e5e36e4449ea15769312739d67a43e6c2f3c38f2576c123d5b
D2,A_low_3,selective,D2_r06,6,m028_contiguous_substring,6f9a04216ce84ed3a2ef19a2010723c498d866f2bb5d6eda67ea1bd16782bfd8,contiguous_substring,intermediate,64,0.0285769593311558,0.36221953598054,1,44.40983072916666,39a23bd402f3c60bc2143d88025f5ebf3d9aebbd804b12928118b70a333830ef
D2,A_low_3,selective,D2_r06,6,m029_contiguous_substring,8d4ddfbfac0226f6a695d6b22ee21fbf533251852e95baca71b09f7710bfb22c,contiguous_substring,intermediate,64,0.0279531188702107,0.36221953598054,1,44.3705078125,c8907f4519c2bf9f1149d74ecbb8cfc88547e2e45ce1ce9fb53f9a8a1737f918
D2,A_low_3,selective,D2_r06,6,m030_contiguous_substring,6ff19e1927dcafbb441ab0b4a0a61b92d1295d402f3277307a3f5b9d7850b98a,contiguous_substring,intermediate,64,0.0298530467696845,0.36221953598054,1,44.32745225694445,9fc636028a83135a83ef7fbd3b64319630ca209f40e7d4e55fc75ed0d883b2c5
D2,A_low_3,selective,D2_r06,6,m031_contiguous_substring,c824c782df91faee7515c9d811fab43ed5426465074d2e812a5277507d28ae96,contiguous_substring,intermediate,256,0.1117024103625718,0.36221953598054,1,44.51874999999999,403b71bbc6a612c3a4fc89ccd39fe11ea510df303cd396d8b137973fdaf31f00
D2,A_low_3,selective,D2_r06,6,m032_contiguous_substring,ef835eb9c371f618c6958654a7d25a1df1d12c09a53ecf66f9209fb882a8542d,contiguous_substring,intermediate,256,0.1086019194514703,0.36221953598054,1,44.4208984375,6cc33e863ef4c57289c6a1a5ec2f1608ad2b433e6b502988c0544d47d27dbf6d
D2,A_low_3,selective,D2_r06,6,m033_identity,2f88e9ce00d238e7e011a7b140b413dcad818f1da41a721f914f1af604d0e217,identity,identity,1024,0.36221953598054,0.36221953598054,1,44.58302951388889,6fc6a18e82ccf7f2125dbc6a5fd232bd47a6f4977e3cca06652d408d2c923194
D2,A_low_3,selective,D2_r07,7,actual,actual,unintervened,actual,1024,0.3533933563149228,0.3533933563149228,0,44.56384548611111,d6dd5780fae674bda0da8c32596f7b1ff161d8a73b6c5f1c21126351970bb5cf
D2,A_low_3,selective,D2_r07,7,m000_constant,9f1dcbc35c350d6027f98be0f5c8b43b42ca52b7604459c0c42be3aa88913d47,constant,constant,1,0.0,0.3533933563149228,0,44.39600694444445,93b54c23004040032800423922583bd4f970ca2e1461f4eb52a6893464281a8d
D2,A_low_3,selective,D2_r07,7,m001_balanced_random_group,d52123e063e4c7f12cf7d331526a34d45a7db62b251fda39a52b7a6e51dc81da,balanced_random_group,intermediate,2,0.0004204701062363,0.3533933563149228,0,44.38129340277778,d2e51836bf9fef86d9e2f5134ce051deb8957296d916a5a0334230e1282ea651
D2,A_low_3,selective,D2_r07,7,m002_affinity_rank_group,3f53151fb2f814971fd6c0128c5c0b7afe1b5cb5257e46a1db18b8ebc9946d94,affinity_rank_group,intermediate,2,0.0003974493822221,0.3533933563149228,0,44.39926215277778,ff409c48f42da0b1430da122979386630fa6261ef1904a3b2832d4512418aab7
D2,A_low_3,selective,D2_r07,7,m003_balanced_random_group,4daeed799e72bb6401d991026fcc59ed40b3ce561e3c7dcca0ae6832935d9374,balanced_random_group,intermediate,4,0.0019429295716914,0.3533933563149228,0,44.36332465277778,0e2f3694d62c086dcd1438e495918faeb66a37f6b8c4abecf4ae52e39ce9bb55
D2,A_low_3,selective,D2_r07,7,m004_affinity_rank_group,92e56b0f11cdce879476507882d715f1eecc12de134fc3982530e28ffd4eba29,affinity_rank_group,intermediate,4,0.0018873722945898,0.3533933563149228,0,44.38871527777778,ec6f8df675ff936c964b2429871ebd36b998ff2fc81b984b8d2c556cfe82c000
D2,A_low_3,selective,D2_r07,7,m005_balanced_random_group,133f24f68b3fddec3d8ed9a85a422bfcf4737bd728e769f2b1a595571768ceb1,balanced_random_group,intermediate,8,0.003817297224838,0.3533933563149228,0,44.401171875,9b8cd6d22d53f08500cc623fcc37ef4d4b5dc28aa07ca14a1932a9e786ef5891
D2,A_low_3,selective,D2_r07,7,m006_affinity_rank_group,0a19adabdd017fc722384804e89caf4ecf35837689486f63c24094087da5c2ba,affinity_rank_group,intermediate,8,0.0040724902516615,0.3533933563149228,0,44.35696614583334,cff026bab24ec2f30f277acc389cd87b83269784cc9a15e75e8f659d9ff3b5dd
D2,A_low_3,selective,D2_r07,7,m007_balanced_random_group,25ccd77da6a7a52851f2f535e8b83f3d72cca793b3fce300949dd17a4f765737,balanced_random_group,intermediate,16,0.0101390864296774,0.3533933563149228,0,44.42914496527777,ee7b1440ed16cd72eb7e03e405f839a83e228400e7db9c8a03b77ec008dd8311
D2,A_low_3,selective,D2_r07,7,m008_affinity_rank_group,d176c8d0ee881709b5af7061b49578d8041bef9dde73ceb9e47e4dd86f7ee987,affinity_rank_group,intermediate,16,0.0079021312752564,0.3533933563149228,0,44.393771701388886,b89c1b267f0b6b3933d8cd3f143537a3e74d5f7a4228cc3b29f8df1fadeb53ee
D2,A_low_3,selective,D2_r07,7,m009_balanced_random_group,69c0c7f3bb16611e92670e95a45404361a87cf0019841eec47307d17f9b18d02,balanced_random_group,intermediate,32,0.0141999678257384,0.3533933563149228,0,44.39131944444445,6fe6b76844a9242e1d81389e31058d182faafc7b063f867604c12118befbd153
D2,A_low_3,selective,D2_r07,7,m010_affinity_rank_group,a08bb91ec0e66d0b3afe5332032fd3fb6769016bc04c2710b5e01a8e599df454,affinity_rank_group,intermediate,32,0.0164236036537125,0.3533933563149228,0,44.39989149305556,7414fce5a66c40f5d28009d2b84e03289eda04d0b27e84fedfdbfeef1125aae6
D2,A_low_3,selective,D2_r07,7,m011_balanced_random_group,9ee348dcdb60a6d8b94644daf4e24f585414a22ccc692248a0eea7ff6d53b127,balanced_random_group,intermediate,64,0.0323031475236918,0.3533933563149228,0,44.3578125,148a348618a2eab462094bfc79788df6dc905f32e24c074f4d1d70a866c90554
D2,A_low_3,selective,D2_r07,7,m012_affinity_rank_group,6ac4e014d135d7a7fbd4592fdf320f48570dc4bce5e1a5c2ca6054715b80f98a,affinity_rank_group,intermediate,64,0.0330385436348835,0.3533933563149228,0,44.38261718750001,553b15ba5604013d378bee02de29b992f40dd752adebb36dd0156931e10c2dd8
D2,A_low_3,selective,D2_r07,7,m013_balanced_random_group,c127ba6cf2bef776473edf53f0da2b8df4d42a0566a9850f3d21195dea5e8dc9,balanced_random_group,intermediate,128,0.0573344590305884,0.3533933563149228,0,44.317599826388886,05cb4a40617fd123ab890f64b37f3c43f7f4cb6a01de0fc82b1152587a0b3c92
D2,A_low_3,selective,D2_r07,7,m014_affinity_rank_group,4c0d0a036a5c51abb14f88b143c35a9a2e7cecb590d4d0752b078fe3b59a18dd,affinity_rank_group,intermediate,128,0.0619096413942714,0.3533933563149228,0,44.443446180555554,1540970307f63d2e11d565e16a31323b8b226f625984a731dd6a33be80b68fa3
D2,A_low_3,selective,D2_r07,7,m015_balanced_random_group,d938170ba1bbcea521c8f61e2a21a624aedf2e1facb1d1b7a73246f98e6abbb1,balanced_random_group,intermediate,256,0.1142220527251512,0.3533933563149228,0,44.41490885416667,bd8229fa6895aa923b812d9cfcbef7b60c50701ec1ee60fa4ad372c6bfa2c2be
D2,A_low_3,selective,D2_r07,7,m016_affinity_rank_group,cf78b05538711825e0795152b13c3d2c15b5cd16f89c1995f7b006d8bc57c6a2,affinity_rank_group,intermediate,256,0.1212705088106196,0.3533933563149228,0,44.37417534722222,8b4b189bbb8e5e76e04f2e5822349ff57a630d3cddc296572e089b6316dce31b
D2,A_low_3,selective,D2_r07,7,m017_balanced_random_group,b6b3bc7bfea0b8024176555b6791456fefb568bbd841db8af65e2e3f9b06bc11,balanced_random_group,intermediate,512,0.2193344335305268,0.3533933563149228,0,44.48611111111112,4db5174937ad1d57185390074f7b5f7d4a5b82d2a5b682ad7af3a781969f612a
D2,A_low_3,selective,D2_r07,7,m018_affinity_rank_group,24a6acb87a7364b0b1cbbe6fecc84df53e5243c78a06a6c6c4e7354b3e359435,affinity_rank_group,intermediate,512,0.2201824446547234,0.3533933563149228,0,44.46078559027777,9ae5aaaf5a9d456c3da0bee479088cea98fbbcbc49db71f8776622759fc5a475
D2,A_low_3,selective,D2_r07,7,m019_contiguous_substring,16cfd655e57fba08a658c1d50e1fe5976b2f905eee09ec260833cfb2b49d6f38,contiguous_substring,intermediate,4,0.0013652522514672,0.3533933563149228,0,44.38005642361112,fb4821517b48f4b00142080e61ec2ee8abfcd41dc6c40cf8e9902402c0421c3c
D2,A_low_3,selective,D2_r07,7,m020_contiguous_substring,6fb076d21f3b26febc2e6a328628b3ea581ce0709de4263bbe675d61bdb74942,contiguous_substring,intermediate,4,0.0019440523408376,0.3533933563149228,0,44.39615885416666,4f398ecdac5370542e319a1da2a75e33bdf649c7154a887950806613da37779b
D2,A_low_3,selective,D2_r07,7,m021_contiguous_substring,3ac98b3bd2edbbfc3b4339ca0066047ccba8e1cfa0ce798acbd27bab5b87d8af,contiguous_substring,intermediate,4,0.0013128942183397,0.3533933563149228,0,44.38470052083333,33390995de4effec96311cf6f7aed1459fcb624101d97e20cce5559e881e5224
D2,A_low_3,selective,D2_r07,7,m022_contiguous_substring,fc015e86e4e7f2c734c05fb1135856a6186a7b6e6f3079acc6d6c6e4aa7442e4,contiguous_substring,intermediate,4,0.001403147264127,0.3533933563149228,0,44.37052951388889,0d1af92d04e092586b29538905dd8f5878bb26c6202db211e5f6ff426d2fbc19
D2,A_low_3,selective,D2_r07,7,m023_contiguous_substring,6d8bb74bcdeefe62988bcebfe3cdb7110ea14648c3393721f4a4095032ddf61b,contiguous_substring,intermediate,4,0.0012793955915414,0.3533933563149228,0,44.39385850694444,45624e46609f68231133dabcbd8f502d90a10ef99210aa07a09f399e0cef3bd9
D2,A_low_3,selective,D2_r07,7,m024_contiguous_substring,94ab69bff5420fbcf4c18d7a247ef0e4b9577d1295271abf78a62f51c3b59a0f,contiguous_substring,intermediate,16,0.0080848261183017,0.3533933563149228,0,44.36803385416667,34fc427c27af9912d02e2a8575cfa7fbb11f343f7557df2098bcbf31f651d00f
D2,A_low_3,selective,D2_r07,7,m025_contiguous_substring,ae330f3e6dd51f734f790820a896827f916e8d775c69ea1f205c55aa81507fe0,contiguous_substring,intermediate,16,0.0091079045355468,0.3533933563149228,0,44.35822482638888,a50aae8d29284607885d41a35805a94e7dd64160c74c5eb25419d831c8032490
D2,A_low_3,selective,D2_r07,7,m026_contiguous_substring,5d3c5ea59a3a81c2ffdcfc7029fe0ab078b39be0217f1ee2611101845014273b,contiguous_substring,intermediate,16,0.007373964988473,0.3533933563149228,0,44.37712673611111,7663636908a1ab278841ef2590bdc5805f506753c5c9d391932745b19cb918a9
D2,A_low_3,selective,D2_r07,7,m027_contiguous_substring,6edfbfdb62fbf79744d4ecfb6fe43de95b2133d87a10f24061ecc84297b1c267,contiguous_substring,intermediate,16,0.0061778240389513,0.3533933563149228,0,44.38734809027778,72ff0a98ba7a4d32d0c516a183d6766fe7dba26beb6ac1e6d1a8377e75e1240b
D2,A_low_3,selective,D2_r07,7,m028_contiguous_substring,6f9a04216ce84ed3a2ef19a2010723c498d866f2bb5d6eda67ea1bd16782bfd8,contiguous_substring,intermediate,64,0.0349873639565253,0.3533933563149228,0,44.40948350694445,80bad30fe755c8567d8e92a30240dc2eac789f1e8b3d1c3055b20871b6f5310f
D2,A_low_3,selective,D2_r07,7,m029_contiguous_substring,8d4ddfbfac0226f6a695d6b22ee21fbf533251852e95baca71b09f7710bfb22c,contiguous_substring,intermediate,64,0.035335199616324,0.3533933563149228,0,44.35766059027778,7fbfcfe19bc99e2433834d823e85191e5b1e0e2145b94130dc3949cca3bd5799
D2,A_low_3,selective,D2_r07,7,m030_contiguous_substring,6ff19e1927dcafbb441ab0b4a0a61b92d1295d402f3277307a3f5b9d7850b98a,contiguous_substring,intermediate,64,0.0295331156705277,0.3533933563149228,0,44.399479166666666,88fb8be7f904437451782b6bca89ac7fa9de953e62aed7a415b61c5d2d1a5109
D2,A_low_3,selective,D2_r07,7,m031_contiguous_substring,c824c782df91faee7515c9d811fab43ed5426465074d2e812a5277507d28ae96,contiguous_substring,intermediate,256,0.1205329721728223,0.3533933563149228,0,44.4916015625,de2cde635cea0a87e4ff6e5e5cc3ac41c32cbe9f5cafbda8555a38d139105545
D2,A_low_3,selective,D2_r07,7,m032_contiguous_substring,ef835eb9c371f618c6958654a7d25a1df1d12c09a53ecf66f9209fb882a8542d,contiguous_substring,intermediate,256,0.1186293870899826,0.3533933563149228,0,44.41130642361111,76ced3b8674d832ca4f597120650fe5801f8f8658a6b30bfc338cfcba2730faa
D2,A_low_3,selective,D2_r07,7,m033_identity,2f88e9ce00d238e7e011a7b140b413dcad818f1da41a721f914f1af604d0e217,identity,identity,1024,0.3533933563149228,0.3533933563149228,0,44.56384548611111,d6dd5780fae674bda0da8c32596f7b1ff161d8a73b6c5f1c21126351970bb5cf
D2,A_low_3,selective,D2_r07,7,actual,actual,unintervened,actual,1024,0.3533933563149228,0.3533933563149228,1,44.47819010416666,64e03cde92ed73da12d34ebf630b3f3b09e14ddb2a756c395195b3d882d44ccd
D2,A_low_3,selective,D2_r07,7,m000_constant,9f1dcbc35c350d6027f98be0f5c8b43b42ca52b7604459c0c42be3aa88913d47,constant,constant,1,0.0,0.3533933563149228,1,44.32725694444444,822cc67c0283bb1df47585aee665f8743105869284fd714d8d7713dd0f65366e
D2,A_low_3,selective,D2_r07,7,m001_balanced_random_group,d52123e063e4c7f12cf7d331526a34d45a7db62b251fda39a52b7a6e51dc81da,balanced_random_group,intermediate,2,0.0004204701062363,0.3533933563149228,1,44.32630208333333,9251c8d8ac6434c649c4948a67ca8464845dd7a2554e33aca39572e318d8387c
D2,A_low_3,selective,D2_r07,7,m002_affinity_rank_group,3f53151fb2f814971fd6c0128c5c0b7afe1b5cb5257e46a1db18b8ebc9946d94,affinity_rank_group,intermediate,2,0.0003974493822221,0.3533933563149228,1,44.332617187500006,f3599c20ea54b2e55f758d47d50430925e69b8364c523ea31451b879eff3cfff
D2,A_low_3,selective,D2_r07,7,m003_balanced_random_group,4daeed799e72bb6401d991026fcc59ed40b3ce561e3c7dcca0ae6832935d9374,balanced_random_group,intermediate,4,0.0019429295716914,0.3533933563149228,1,44.27612847222221,8a1b3cf79469166b3db7c25f924a4be10555c9e76ab0cf2c1dd736b9b5c6afa5
D2,A_low_3,selective,D2_r07,7,m004_affinity_rank_group,92e56b0f11cdce879476507882d715f1eecc12de134fc3982530e28ffd4eba29,affinity_rank_group,intermediate,4,0.0018873722945898,0.3533933563149228,1,44.32591145833334,66f8cb1417bde7cacd9afa82b24fbb372cd82ed8721743631c4c913584c82881
D2,A_low_3,selective,D2_r07,7,m005_balanced_random_group,133f24f68b3fddec3d8ed9a85a422bfcf4737bd728e769f2b1a595571768ceb1,balanced_random_group,intermediate,8,0.003817297224838,0.3533933563149228,1,44.34435763888888,87c8fab73a6a857d7e3b1a65b87578453cc034fb7f2d9681d777ba5de3274ce3
D2,A_low_3,selective,D2_r07,7,m006_affinity_rank_group,0a19adabdd017fc722384804e89caf4ecf35837689486f63c24094087da5c2ba,affinity_rank_group,intermediate,8,0.0040724902516615,0.3533933563149228,1,44.327495659722224,7cb1f0d0be08123115f034ded019d07b8651df5d3d71262e0bf127452f07465f
D2,A_low_3,selective,D2_r07,7,m007_balanced_random_group,25ccd77da6a7a52851f2f535e8b83f3d72cca793b3fce300949dd17a4f765737,balanced_random_group,intermediate,16,0.0101390864296774,0.3533933563149228,1,44.30633680555556,a115fb4b1d6fe790092ea1f34340205bdbd2f7e7a8d08912416d3d8076382f10
D2,A_low_3,selective,D2_r07,7,m008_affinity_rank_group,d176c8d0ee881709b5af7061b49578d8041bef9dde73ceb9e47e4dd86f7ee987,affinity_rank_group,intermediate,16,0.0079021312752564,0.3533933563149228,1,44.26918402777778,af9373d4bf7737255ae74f65fc2e3b7ce5d917acba8acc19acbbfa0d8d823c93
D2,A_low_3,selective,D2_r07,7,m009_balanced_random_group,69c0c7f3bb16611e92670e95a45404361a87cf0019841eec47307d17f9b18d02,balanced_random_group,intermediate,32,0.0141999678257384,0.3533933563149228,1,44.36686197916667,58be1f9924c34c5433212b728d17638cc1945258d8627e0737912cbd28a30d0a
D2,A_low_3,selective,D2_r07,7,m010_affinity_rank_group,a08bb91ec0e66d0b3afe5332032fd3fb6769016bc04c2710b5e01a8e599df454,affinity_rank_group,intermediate,32,0.0164236036537125,0.3533933563149228,1,44.32172309027778,abbcb720f373c9fe8c87a7ded2b2ceb84775b4bcc17f1d95f674b86f1acf7619
D2,A_low_3,selective,D2_r07,7,m011_balanced_random_group,9ee348dcdb60a6d8b94644daf4e24f585414a22ccc692248a0eea7ff6d53b127,balanced_random_group,intermediate,64,0.0323031475236918,0.3533933563149228,1,44.42200520833334,0c5054da5a8a4957ec8fe2d71f0d7d3ca8304a8db3e5c8ea26122b8ef3b90586
D2,A_low_3,selective,D2_r07,7,m012_affinity_rank_group,6ac4e014d135d7a7fbd4592fdf320f48570dc4bce5e1a5c2ca6054715b80f98a,affinity_rank_group,intermediate,64,0.0330385436348835,0.3533933563149228,1,44.338476562500006,8d0e43530e6d50afef72f3cc950d54abb2e51b6b0cb4be98b0ebf1b3d2509489
D2,A_low_3,selective,D2_r07,7,m013_balanced_random_group,c127ba6cf2bef776473edf53f0da2b8df4d42a0566a9850f3d21195dea5e8dc9,balanced_random_group,intermediate,128,0.0573344590305884,0.3533933563149228,1,44.40492621527779,04038198c116763e09c6748232aa572c0eeec9846393ae96403800ed158d710c
D2,A_low_3,selective,D2_r07,7,m014_affinity_rank_group,4c0d0a036a5c51abb14f88b143c35a9a2e7cecb590d4d0752b078fe3b59a18dd,affinity_rank_group,intermediate,128,0.0619096413942714,0.3533933563149228,1,44.36236979166667,30eb03b8780c94f76788a7cc5bccda1f1cc194d369fd33a90af89fd3ad3f2c5a
D2,A_low_3,selective,D2_r07,7,m015_balanced_random_group,d938170ba1bbcea521c8f61e2a21a624aedf2e1facb1d1b7a73246f98e6abbb1,balanced_random_group,intermediate,256,0.1142220527251512,0.3533933563149228,1,44.42031250000001,c1701f7a3e39b23f9eee23ed071df7056209810f6a792b2ddb39693d597ddf41
D2,A_low_3,selective,D2_r07,7,m016_affinity_rank_group,cf78b05538711825e0795152b13c3d2c15b5cd16f89c1995f7b006d8bc57c6a2,affinity_rank_group,intermediate,256,0.1212705088106196,0.3533933563149228,1,44.33357204861111,ad1be1ce5e1a59607f28435d66c3d68e6a8dc2b423f9a004d90892d09674c648
D2,A_low_3,selective,D2_r07,7,m017_balanced_random_group,b6b3bc7bfea0b8024176555b6791456fefb568bbd841db8af65e2e3f9b06bc11,balanced_random_group,intermediate,512,0.2193344335305268,0.3533933563149228,1,44.58400607638889,e30022de01cb8f90cfea040d23dfedd686c67752c7b0d1d88cb1e13ab509a442
D2,A_low_3,selective,D2_r07,7,m018_affinity_rank_group,24a6acb87a7364b0b1cbbe6fecc84df53e5243c78a06a6c6c4e7354b3e359435,affinity_rank_group,intermediate,512,0.2201824446547234,0.3533933563149228,1,44.40212673611112,490b32a3145e7eb392b1fc4d518828986f511b71afcdc468495132feb423437e
D2,A_low_3,selective,D2_r07,7,m019_contiguous_substring,16cfd655e57fba08a658c1d50e1fe5976b2f905eee09ec260833cfb2b49d6f38,contiguous_substring,intermediate,4,0.0013652522514672,0.3533933563149228,1,44.3400390625,e144643e9e22f94eb916ab99819a5baca7bf9aaf7689e64ad70b0d46644e49da
D2,A_low_3,selective,D2_r07,7,m020_contiguous_substring,6fb076d21f3b26febc2e6a328628b3ea581ce0709de4263bbe675d61bdb74942,contiguous_substring,intermediate,4,0.0019440523408376,0.3533933563149228,1,44.32278645833333,daba2f5b8920ac7e88108b44a9e5a036703ca28e5f9e18f95be1752236b786bb
D2,A_low_3,selective,D2_r07,7,m021_contiguous_substring,3ac98b3bd2edbbfc3b4339ca0066047ccba8e1cfa0ce798acbd27bab5b87d8af,contiguous_substring,intermediate,4,0.0013128942183397,0.3533933563149228,1,44.34060329861112,f500ab4c4c68bf2b7b1658ba026f573e6a68f1c59d15cf8455953c56cd153d88
D2,A_low_3,selective,D2_r07,7,m022_contiguous_substring,fc015e86e4e7f2c734c05fb1135856a6186a7b6e6f3079acc6d6c6e4aa7442e4,contiguous_substring,intermediate,4,0.001403147264127,0.3533933563149228,1,44.358051215277776,5e53fdcd48a6cd5bb3e191e50e420caa138a01e6cd8c198063488641c312896f
D2,A_low_3,selective,D2_r07,7,m023_contiguous_substring,6d8bb74bcdeefe62988bcebfe3cdb7110ea14648c3393721f4a4095032ddf61b,contiguous_substring,intermediate,4,0.0012793955915414,0.3533933563149228,1,44.33368055555555,109d271266a4970da69a33931be9fc94f57806f29200a05efde2f7a4898ebb4a
D2,A_low_3,selective,D2_r07,7,m024_contiguous_substring,94ab69bff5420fbcf4c18d7a247ef0e4b9577d1295271abf78a62f51c3b59a0f,contiguous_substring,intermediate,16,0.0080848261183017,0.3533933563149228,1,44.321375868055554,394b47669112f151eff082c0ecd05e8f1d8a329edebad11ecbda22dab6bf5858
D2,A_low_3,selective,D2_r07,7,m025_contiguous_substring,ae330f3e6dd51f734f790820a896827f916e8d775c69ea1f205c55aa81507fe0,contiguous_substring,intermediate,16,0.0091079045355468,0.3533933563149228,1,44.372352430555566,6fa10de3383aa8078b1e4533ab79092104646191728e01a9085a9f106990700e
D2,A_low_3,selective,D2_r07,7,m026_contiguous_substring,5d3c5ea59a3a81c2ffdcfc7029fe0ab078b39be0217f1ee2611101845014273b,contiguous_substring,intermediate,16,0.007373964988473,0.3533933563149228,1,44.32879774305555,37221891b369cd3392fc3fa1ca841dcd39b4dd49e9b770e1fb996ef443f70672
D2,A_low_3,selective,D2_r07,7,m027_contiguous_substring,6edfbfdb62fbf79744d4ecfb6fe43de95b2133d87a10f24061ecc84297b1c267,contiguous_substring,intermediate,16,0.0061778240389513,0.3533933563149228,1,44.35483940972222,d1670848518d8a1830579711e5af04e5c6db320fd026b77dc718bf5199f6969a
D2,A_low_3,selective,D2_r07,7,m028_contiguous_substring,6f9a04216ce84ed3a2ef19a2010723c498d866f2bb5d6eda67ea1bd16782bfd8,contiguous_substring,intermediate,64,0.0349873639565253,0.3533933563149228,1,44.33463541666667,314a02b6d0bd38cb09613b2d218ea2a89c086a9f2ee4b3e277a1c9824efd163d
D2,A_low_3,selective,D2_r07,7,m029_contiguous_substring,8d4ddfbfac0226f6a695d6b22ee21fbf533251852e95baca71b09f7710bfb22c,contiguous_substring,intermediate,64,0.035335199616324,0.3533933563149228,1,44.40327690972222,52f46750c60b9195d3df232785d92e6105c76679acc322500339f145aca0f555
D2,A_low_3,selective,D2_r07,7,m030_contiguous_substring,6ff19e1927dcafbb441ab0b4a0a61b92d1295d402f3277307a3f5b9d7850b98a,contiguous_substring,intermediate,64,0.0295331156705277,0.3533933563149228,1,44.40944010416666,5dbb94539e7fc220c58281a92f4ed6c4a8a8fc987952b36cb07fb31da0e6f604
D2,A_low_3,selective,D2_r07,7,m031_contiguous_substring,c824c782df91faee7515c9d811fab43ed5426465074d2e812a5277507d28ae96,contiguous_substring,intermediate,256,0.1205329721728223,0.3533933563149228,1,44.46723090277778,5ce9b88d1a6b4bb03747b03ae18c7aae3a0b2cc8493846a38e40add644f6c5fa
D2,A_low_3,selective,D2_r07,7,m032_contiguous_substring,ef835eb9c371f618c6958654a7d25a1df1d12c09a53ecf66f9209fb882a8542d,contiguous_substring,intermediate,256,0.1186293870899826,0.3533933563149228,1,44.39869791666667,5e6bd558531c38b7448b5a60e88b1e6e709065596a5a1955715cbe6b1dc23b31
D2,A_low_3,selective,D2_r07,7,m033_identity,2f88e9ce00d238e7e011a7b140b413dcad818f1da41a721f914f1af604d0e217,identity,identity,1024,0.3533933563149228,0.3533933563149228,1,44.47819010416666,64e03cde92ed73da12d34ebf630b3f3b09e14ddb2a756c395195b3d882d44ccd
