condition,viability_def,inherit_prob,rep,method,analysis_role,k,preserved_info,viability,actual_viability,syntactic_info,meta
control,threshold_survival,0.1,0,balanced_random_group,primary,1,0.0,0.0,0.0,0.06449774769280762,"{""status"": ""ok""}"
control,threshold_survival,0.1,0,balanced_random_group,primary,2,0.0064497747692807625,0.0,0.0,0.06449774769280762,"{""status"": ""ok""}"
control,threshold_survival,0.1,0,balanced_random_group,primary,3,0.010222651147407454,0.0,0.0,0.06449774769280762,"{""status"": ""ok""}"
control,threshold_survival,0.1,0,balanced_random_group,primary,4,0.012899549538561525,0.0,0.0,0.06449774769280762,"{""status"": ""ok""}"
control,threshold_survival,0.1,0,balanced_random_group,primary,6,0.01667242591668822,0.0,0.0,0.06449774769280762,"{""status"": ""ok""}"
control,threshold_survival,0.1,0,balanced_random_group,primary,8,0.019349324307842287,0.0,0.0,0.06449774769280762,"{""status"": ""ok""}"
control,threshold_survival,0.1,0,balanced_random_group,primary,12,0.02312220068596898,0.0,0.0,0.06449774769280762,"{""status"": ""ok""}"
control,threshold_survival,0.1,0,balanced_random_group,primary,16,0.02579909907712305,0.0,0.0,0.06449774769280762,"{""status"": ""ok""}"
control,threshold_survival,0.1,0,balanced_random_group,primary,24,0.02957197545524974,0.0,0.0,0.06449774769280762,"{""status"": ""ok""}"
control,threshold_survival,0.1,0,balanced_random_group,primary,32,0.03224887384640381,0.0,0.0,0.06449774769280762,"{""status"": ""ok""}"
control,threshold_survival,0.1,0,balanced_random_group,primary,48,0.036021750224530504,0.0,0.0,0.06449774769280762,"{""status"": ""ok""}"
control,threshold_survival,0.1,0,balanced_random_group,primary,64,0.038698648615684575,0.0,0.0,0.06449774769280762,"{""status"": ""ok""}"
control,threshold_survival,0.1,0,balanced_random_group,primary,96,0.04247152499381127,0.0,0.0,0.06449774769280762,"{""status"": ""ok""}"
control,threshold_survival,0.1,0,balanced_random_group,primary,128,0.04514842338496534,0.0,0.0,0.06449774769280762,"{""status"": ""ok""}"
control,threshold_survival,0.1,0,affinity_rank_group,primary,1,0.0,0.0,0.0,0.06449774769280762,"{""status"": ""ok""}"
control,threshold_survival,0.1,0,affinity_rank_group,primary,2,0.0064497747692807625,0.0,0.0,0.06449774769280762,"{""status"": ""ok""}"
control,threshold_survival,0.1,0,affinity_rank_group,primary,3,0.010222651147407454,0.0,0.0,0.06449774769280762,"{""status"": ""ok""}"
control,threshold_survival,0.1,0,affinity_rank_group,primary,4,0.012899549538561525,0.0,0.0,0.06449774769280762,"{""status"": ""ok""}"
control,threshold_survival,0.1,0,affinity_rank_group,primary,6,0.01667242591668822,0.0,0.0,0.06449774769280762,"{""status"": ""ok""}"
control,threshold_survival,0.1,0,affinity_rank_group,primary,8,0.019349324307842287,0.0,0.0,0.06449774769280762,"{""status"": ""ok""}"
control,threshold_survival,0.1,0,affinity_rank_group,primary,12,0.02312220068596898,0.0,0.0,0.06449774769280762,"{""status"": ""ok""}"
control,threshold_survival,0.1,0,affinity_rank_group,primary,16,0.02579909907712305,0.0,0.0,0.06449774769280762,"{""status"": ""ok""}"
control,threshold_survival,0.1,0,affinity_rank_group,primary,24,0.02957197545524974,0.0,0.0,0.06449774769280762,"{""status"": ""ok""}"
control,threshold_survival,0.1,0,affinity_rank_group,primary,32,0.03224887384640381,0.0,0.0,0.06449774769280762,"{""status"": ""ok""}"
control,threshold_survival,0.1,0,affinity_rank_group,primary,48,0.036021750224530504,0.0,0.0,0.06449774769280762,"{""status"": ""ok""}"
control,threshold_survival,0.1,0,affinity_rank_group,primary,64,0.038698648615684575,0.0,0.0,0.06449774769280762,"{""status"": ""ok""}"
control,threshold_survival,0.1,0,affinity_rank_group,primary,96,0.04247152499381127,0.0,0.0,0.06449774769280762,"{""status"": ""ok""}"
control,threshold_survival,0.1,0,affinity_rank_group,primary,128,0.04514842338496534,0.0,0.0,0.06449774769280762,"{""status"": ""ok""}"
control,threshold_survival,0.1,0,prefix_group,primary,1,0.012899549538561525,0.0,0.0,0.06449774769280762,"{""status"": ""ok""}"
control,threshold_survival,0.1,0,prefix_group,primary,2,0.012899549538561525,0.0,0.0,0.06449774769280762,"{""status"": ""ok""}"
control,threshold_survival,0.1,0,prefix_group,primary,3,0.012899549538561525,0.0,0.0,0.06449774769280762,"{""status"": ""ok""}"
control,threshold_survival,0.1,0,prefix_group,primary,4,0.012899549538561525,0.0,0.0,0.06449774769280762,"{""status"": ""ok""}"
control,threshold_survival,0.1,0,prefix_group,primary,6,0.02579909907712305,0.0,0.0,0.06449774769280762,"{""status"": ""ok""}"
control,threshold_survival,0.1,0,prefix_group,primary,8,0.02579909907712305,0.0,0.0,0.06449774769280762,"{""status"": ""ok""}"
control,threshold_survival,0.1,0,prefix_group,primary,12,0.02579909907712305,0.0,0.0,0.06449774769280762,"{""status"": ""ok""}"
control,threshold_survival,0.1,0,prefix_group,primary,16,0.02579909907712305,0.0,0.0,0.06449774769280762,"{""status"": ""ok""}"
control,threshold_survival,0.1,0,prefix_group,primary,24,0.038698648615684575,0.0,0.0,0.06449774769280762,"{""status"": ""ok""}"
control,threshold_survival,0.1,0,prefix_group,primary,32,0.038698648615684575,0.0,0.0,0.06449774769280762,"{""status"": ""ok""}"
control,threshold_survival,0.1,0,prefix_group,primary,48,0.038698648615684575,0.0,0.0,0.06449774769280762,"{""status"": ""ok""}"
control,threshold_survival,0.1,0,prefix_group,primary,64,0.038698648615684575,0.0,0.0,0.06449774769280762,"{""status"": ""ok""}"
control,threshold_survival,0.1,0,prefix_group,primary,96,0.0515981981542461,0.0,0.0,0.06449774769280762,"{""status"": ""ok""}"
control,threshold_survival,0.1,0,prefix_group,primary,128,0.0515981981542461,0.0,0.0,0.06449774769280762,"{""status"": ""ok""}"
control,threshold_survival,0.1,0,kmeans_profile,diagnostic_function_preserving,1,0.0,0.0,0.0,0.06449774769280762,"{""diversity"": 0.0, ""k_used"": 1, ""status"": ""disabled_low_diversity""}"
control,threshold_survival,0.1,0,kmeans_profile,diagnostic_function_preserving,2,0.0,0.0,0.0,0.06449774769280762,"{""diversity"": 0.0, ""k_used"": 1, ""status"": ""disabled_low_diversity""}"
control,threshold_survival,0.1,0,kmeans_profile,diagnostic_function_preserving,3,0.0,0.0,0.0,0.06449774769280762,"{""diversity"": 0.0, ""k_used"": 1, ""status"": ""disabled_low_diversity""}"
control,threshold_survival,0.1,0,kmeans_profile,diagnostic_function_preserving,4,0.0,0.0,0.0,0.06449774769280762,"{""diversity"": 0.0, ""k_used"": 1, ""status"": ""disabled_low_diversity""}"
control,threshold_survival,0.1,0,kmeans_profile,diagnostic_function_preserving,6,0.0,0.0,0.0,0.06449774769280762,"{""diversity"": 0.0, ""k_used"": 1, ""status"": ""disabled_low_diversity""}"
control,threshold_survival,0.1,0,kmeans_profile,diagnostic_function_preserving,8,0.0,0.0,0.0,0.06449774769280762,"{""diversity"": 0.0, ""k_used"": 1, ""status"": ""disabled_low_diversity""}"
control,threshold_survival,0.1,0,kmeans_profile,diagnostic_function_preserving,12,0.0,0.0,0.0,0.06449774769280762,"{""diversity"": 0.0, ""k_used"": 1, ""status"": ""disabled_low_diversity""}"
control,threshold_survival,0.1,0,kmeans_profile,diagnostic_function_preserving,16,0.0,0.0,0.0,0.06449774769280762,"{""diversity"": 0.0, ""k_used"": 1, ""status"": ""disabled_low_diversity""}"
control,threshold_survival,0.1,0,kmeans_profile,diagnostic_function_preserving,24,0.0,0.0,0.0,0.06449774769280762,"{""diversity"": 0.0, ""k_used"": 1, ""status"": ""disabled_low_diversity""}"
control,threshold_survival,0.1,0,kmeans_profile,diagnostic_function_preserving,32,0.0,0.0,0.0,0.06449774769280762,"{""diversity"": 0.0, ""k_used"": 1, ""status"": ""disabled_low_diversity""}"
control,threshold_survival,0.1,0,kmeans_profile,diagnostic_function_preserving,48,0.0,0.0,0.0,0.06449774769280762,"{""diversity"": 0.0, ""k_used"": 1, ""status"": ""disabled_low_diversity""}"
control,threshold_survival,0.1,0,kmeans_profile,diagnostic_function_preserving,64,0.0,0.0,0.0,0.06449774769280762,"{""diversity"": 0.0, ""k_used"": 1, ""status"": ""disabled_low_diversity""}"
control,threshold_survival,0.1,0,kmeans_profile,diagnostic_function_preserving,96,0.0,0.0,0.0,0.06449774769280762,"{""diversity"": 0.0, ""k_used"": 1, ""status"": ""disabled_low_diversity""}"
control,threshold_survival,0.1,0,kmeans_profile,diagnostic_function_preserving,128,0.0,0.0,0.0,0.06449774769280762,"{""diversity"": 0.0, ""k_used"": 1, ""status"": ""disabled_low_diversity""}"
control,threshold_survival,0.1,1,balanced_random_group,primary,1,0.0,0.0,0.0,0.06417952103790646,"{""status"": ""ok""}"
control,threshold_survival,0.1,1,balanced_random_group,primary,2,0.006417952103790646,0.0,0.0,0.06417952103790646,"{""status"": ""ok""}"
control,threshold_survival,0.1,1,balanced_random_group,primary,3,0.010172213415932626,0.0,0.0,0.06417952103790646,"{""status"": ""ok""}"
control,threshold_survival,0.1,1,balanced_random_group,primary,4,0.012835904207581293,0.0,0.0,0.06417952103790646,"{""status"": ""ok""}"
control,threshold_survival,0.1,1,balanced_random_group,primary,6,0.016590165519723275,0.0,0.0,0.06417952103790646,"{""status"": ""ok""}"
control,threshold_survival,0.1,1,balanced_random_group,primary,8,0.01925385631137194,0.0,0.0,0.06417952103790646,"{""status"": ""ok""}"
control,threshold_survival,0.1,1,balanced_random_group,primary,12,0.02300811762351392,0.0,0.0,0.06417952103790646,"{""status"": ""ok""}"
control,threshold_survival,0.1,1,balanced_random_group,primary,16,0.025671808415162586,0.0,0.0,0.06417952103790646,"{""status"": ""ok""}"
control,threshold_survival,0.1,1,balanced_random_group,primary,24,0.029426069727304563,0.0,0.0,0.06417952103790646,"{""status"": ""ok""}"
control,threshold_survival,0.1,1,balanced_random_group,primary,32,0.03208976051895323,0.0,0.0,0.06417952103790646,"{""status"": ""ok""}"
control,threshold_survival,0.1,1,balanced_random_group,primary,48,0.03584402183109521,0.0,0.0,0.06417952103790646,"{""status"": ""ok""}"
control,threshold_survival,0.1,1,balanced_random_group,primary,64,0.03850771262274388,0.0,0.0,0.06417952103790646,"{""status"": ""ok""}"
control,threshold_survival,0.1,1,balanced_random_group,primary,96,0.04226197393488586,0.0,0.0,0.06417952103790646,"{""status"": ""ok""}"
control,threshold_survival,0.1,1,balanced_random_group,primary,128,0.04492566472653452,0.0,0.0,0.06417952103790646,"{""status"": ""ok""}"
control,threshold_survival,0.1,1,affinity_rank_group,primary,1,0.0,0.0,0.0,0.06417952103790646,"{""status"": ""ok""}"
control,threshold_survival,0.1,1,affinity_rank_group,primary,2,0.006417952103790646,0.0,0.0,0.06417952103790646,"{""status"": ""ok""}"
control,threshold_survival,0.1,1,affinity_rank_group,primary,3,0.010172213415932626,0.0,0.0,0.06417952103790646,"{""status"": ""ok""}"
control,threshold_survival,0.1,1,affinity_rank_group,primary,4,0.012835904207581293,0.0,0.0,0.06417952103790646,"{""status"": ""ok""}"
control,threshold_survival,0.1,1,affinity_rank_group,primary,6,0.016590165519723275,0.0,0.0,0.06417952103790646,"{""status"": ""ok""}"
control,threshold_survival,0.1,1,affinity_rank_group,primary,8,0.01925385631137194,0.0,0.0,0.06417952103790646,"{""status"": ""ok""}"
control,threshold_survival,0.1,1,affinity_rank_group,primary,12,0.02300811762351392,0.0,0.0,0.06417952103790646,"{""status"": ""ok""}"
control,threshold_survival,0.1,1,affinity_rank_group,primary,16,0.025671808415162586,0.0,0.0,0.06417952103790646,"{""status"": ""ok""}"
control,threshold_survival,0.1,1,affinity_rank_group,primary,24,0.029426069727304563,0.0,0.0,0.06417952103790646,"{""status"": ""ok""}"
control,threshold_survival,0.1,1,affinity_rank_group,primary,32,0.03208976051895323,0.0,0.0,0.06417952103790646,"{""status"": ""ok""}"
control,threshold_survival,0.1,1,affinity_rank_group,primary,48,0.03584402183109521,0.0,0.0,0.06417952103790646,"{""status"": ""ok""}"
control,threshold_survival,0.1,1,affinity_rank_group,primary,64,0.03850771262274388,0.0,0.0,0.06417952103790646,"{""status"": ""ok""}"
control,threshold_survival,0.1,1,affinity_rank_group,primary,96,0.04226197393488586,0.0,0.0,0.06417952103790646,"{""status"": ""ok""}"
control,threshold_survival,0.1,1,affinity_rank_group,primary,128,0.04492566472653452,0.0,0.0,0.06417952103790646,"{""status"": ""ok""}"
control,threshold_survival,0.1,1,prefix_group,primary,1,0.012835904207581293,0.0,0.0,0.06417952103790646,"{""status"": ""ok""}"
control,threshold_survival,0.1,1,prefix_group,primary,2,0.012835904207581293,0.0,0.0,0.06417952103790646,"{""status"": ""ok""}"
control,threshold_survival,0.1,1,prefix_group,primary,3,0.012835904207581293,0.0,0.0,0.06417952103790646,"{""status"": ""ok""}"
control,threshold_survival,0.1,1,prefix_group,primary,4,0.012835904207581293,0.0,0.0,0.06417952103790646,"{""status"": ""ok""}"
control,threshold_survival,0.1,1,prefix_group,primary,6,0.025671808415162586,0.0,0.0,0.06417952103790646,"{""status"": ""ok""}"
control,threshold_survival,0.1,1,prefix_group,primary,8,0.025671808415162586,0.0,0.0,0.06417952103790646,"{""status"": ""ok""}"
control,threshold_survival,0.1,1,prefix_group,primary,12,0.025671808415162586,0.0,0.0,0.06417952103790646,"{""status"": ""ok""}"
control,threshold_survival,0.1,1,prefix_group,primary,16,0.025671808415162586,0.0,0.0,0.06417952103790646,"{""status"": ""ok""}"
control,threshold_survival,0.1,1,prefix_group,primary,24,0.03850771262274388,0.0,0.0,0.06417952103790646,"{""status"": ""ok""}"
control,threshold_survival,0.1,1,prefix_group,primary,32,0.03850771262274388,0.0,0.0,0.06417952103790646,"{""status"": ""ok""}"
control,threshold_survival,0.1,1,prefix_group,primary,48,0.03850771262274388,0.0,0.0,0.06417952103790646,"{""status"": ""ok""}"
control,threshold_survival,0.1,1,prefix_group,primary,64,0.03850771262274388,0.0,0.0,0.06417952103790646,"{""status"": ""ok""}"
control,threshold_survival,0.1,1,prefix_group,primary,96,0.05134361683032517,0.0,0.0,0.06417952103790646,"{""status"": ""ok""}"
control,threshold_survival,0.1,1,prefix_group,primary,128,0.05134361683032517,0.0,0.0,0.06417952103790646,"{""status"": ""ok""}"
control,threshold_survival,0.1,1,kmeans_profile,diagnostic_function_preserving,1,0.0,0.0,0.0,0.06417952103790646,"{""diversity"": 0.0, ""k_used"": 1, ""status"": ""disabled_low_diversity""}"
control,threshold_survival,0.1,1,kmeans_profile,diagnostic_function_preserving,2,0.0,0.0,0.0,0.06417952103790646,"{""diversity"": 0.0, ""k_used"": 1, ""status"": ""disabled_low_diversity""}"
control,threshold_survival,0.1,1,kmeans_profile,diagnostic_function_preserving,3,0.0,0.0,0.0,0.06417952103790646,"{""diversity"": 0.0, ""k_used"": 1, ""status"": ""disabled_low_diversity""}"
control,threshold_survival,0.1,1,kmeans_profile,diagnostic_function_preserving,4,0.0,0.0,0.0,0.06417952103790646,"{""diversity"": 0.0, ""k_used"": 1, ""status"": ""disabled_low_diversity""}"
control,threshold_survival,0.1,1,kmeans_profile,diagnostic_function_preserving,6,0.0,0.0,0.0,0.06417952103790646,"{""diversity"": 0.0, ""k_used"": 1, ""status"": ""disabled_low_diversity""}"
control,threshold_survival,0.1,1,kmeans_profile,diagnostic_function_preserving,8,0.0,0.0,0.0,0.06417952103790646,"{""diversity"": 0.0, ""k_used"": 1, ""status"": ""disabled_low_diversity""}"
control,threshold_survival,0.1,1,kmeans_profile,diagnostic_function_preserving,12,0.0,0.0,0.0,0.06417952103790646,"{""diversity"": 0.0, ""k_used"": 1, ""status"": ""disabled_low_diversity""}"
control,threshold_survival,0.1,1,kmeans_profile,diagnostic_function_preserving,16,0.0,0.0,0.0,0.06417952103790646,"{""diversity"": 0.0, ""k_used"": 1, ""status"": ""disabled_low_diversity""}"
control,threshold_survival,0.1,1,kmeans_profile,diagnostic_function_preserving,24,0.0,0.0,0.0,0.06417952103790646,"{""diversity"": 0.0, ""k_used"": 1, ""status"": ""disabled_low_diversity""}"
control,threshold_survival,0.1,1,kmeans_profile,diagnostic_function_preserving,32,0.0,0.0,0.0,0.06417952103790646,"{""diversity"": 0.0, ""k_used"": 1, ""status"": ""disabled_low_diversity""}"
control,threshold_survival,0.1,1,kmeans_profile,diagnostic_function_preserving,48,0.0,0.0,0.0,0.06417952103790646,"{""diversity"": 0.0, ""k_used"": 1, ""status"": ""disabled_low_diversity""}"
control,threshold_survival,0.1,1,kmeans_profile,diagnostic_function_preserving,64,0.0,0.0,0.0,0.06417952103790646,"{""diversity"": 0.0, ""k_used"": 1, ""status"": ""disabled_low_diversity""}"
control,threshold_survival,0.1,1,kmeans_profile,diagnostic_function_preserving,96,0.0,0.0,0.0,0.06417952103790646,"{""diversity"": 0.0, ""k_used"": 1, ""status"": ""disabled_low_diversity""}"
control,threshold_survival,0.1,1,kmeans_profile,diagnostic_function_preserving,128,0.0,0.0,0.0,0.06417952103790646,"{""diversity"": 0.0, ""k_used"": 1, ""status"": ""disabled_low_diversity""}"
control,threshold_survival,0.1,2,balanced_random_group,primary,1,0.0,0.0,0.0,0.06446262696956695,"{""status"": ""ok""}"
control,threshold_survival,0.1,2,balanced_random_group,primary,2,0.006446262696956695,0.0,0.0,0.06446262696956695,"{""status"": ""ok""}"
control,threshold_survival,0.1,2,balanced_random_group,primary,3,0.010217084644473986,0.0,0.0,0.06446262696956695,"{""status"": ""ok""}"
control,threshold_survival,0.1,2,balanced_random_group,primary,4,0.01289252539391339,0.0,0.0,0.06446262696956695,"{""status"": ""ok""}"
control,threshold_survival,0.1,2,balanced_random_group,primary,6,0.016663347341430684,0.0,0.0,0.06446262696956695,"{""status"": ""ok""}"
control,threshold_survival,0.1,2,balanced_random_group,primary,8,0.019338788090870085,0.0,0.0,0.06446262696956695,"{""status"": ""ok""}"
control,threshold_survival,0.1,2,balanced_random_group,primary,12,0.023109610038387376,0.0,0.0,0.06446262696956695,"{""status"": ""ok""}"
control,threshold_survival,0.1,2,balanced_random_group,primary,16,0.02578505078782678,0.0,0.0,0.06446262696956695,"{""status"": ""ok""}"
control,threshold_survival,0.1,2,balanced_random_group,primary,24,0.02955587273534407,0.0,0.0,0.06446262696956695,"{""status"": ""ok""}"
control,threshold_survival,0.1,2,balanced_random_group,primary,32,0.032231313484783475,0.0,0.0,0.06446262696956695,"{""status"": ""ok""}"
control,threshold_survival,0.1,2,balanced_random_group,primary,48,0.03600213543230076,0.0,0.0,0.06446262696956695,"{""status"": ""ok""}"
control,threshold_survival,0.1,2,balanced_random_group,primary,64,0.03867757618174017,0.0,0.0,0.06446262696956695,"{""status"": ""ok""}"
control,threshold_survival,0.1,2,balanced_random_group,primary,96,0.042448398129257464,0.0,0.0,0.06446262696956695,"{""status"": ""ok""}"
control,threshold_survival,0.1,2,balanced_random_group,primary,128,0.045123838878696865,0.0,0.0,0.06446262696956695,"{""status"": ""ok""}"
control,threshold_survival,0.1,2,affinity_rank_group,primary,1,0.0,0.0,0.0,0.06446262696956695,"{""status"": ""ok""}"
control,threshold_survival,0.1,2,affinity_rank_group,primary,2,0.006446262696956695,0.0,0.0,0.06446262696956695,"{""status"": ""ok""}"
control,threshold_survival,0.1,2,affinity_rank_group,primary,3,0.010217084644473986,0.0,0.0,0.06446262696956695,"{""status"": ""ok""}"
control,threshold_survival,0.1,2,affinity_rank_group,primary,4,0.01289252539391339,0.0,0.0,0.06446262696956695,"{""status"": ""ok""}"
control,threshold_survival,0.1,2,affinity_rank_group,primary,6,0.016663347341430684,0.0,0.0,0.06446262696956695,"{""status"": ""ok""}"
control,threshold_survival,0.1,2,affinity_rank_group,primary,8,0.019338788090870085,0.0,0.0,0.06446262696956695,"{""status"": ""ok""}"
control,threshold_survival,0.1,2,affinity_rank_group,primary,12,0.023109610038387376,0.0,0.0,0.06446262696956695,"{""status"": ""ok""}"
control,threshold_survival,0.1,2,affinity_rank_group,primary,16,0.02578505078782678,0.0,0.0,0.06446262696956695,"{""status"": ""ok""}"
control,threshold_survival,0.1,2,affinity_rank_group,primary,24,0.02955587273534407,0.0,0.0,0.06446262696956695,"{""status"": ""ok""}"
control,threshold_survival,0.1,2,affinity_rank_group,primary,32,0.032231313484783475,0.0,0.0,0.06446262696956695,"{""status"": ""ok""}"
control,threshold_survival,0.1,2,affinity_rank_group,primary,48,0.03600213543230076,0.0,0.0,0.06446262696956695,"{""status"": ""ok""}"
control,threshold_survival,0.1,2,affinity_rank_group,primary,64,0.03867757618174017,0.0,0.0,0.06446262696956695,"{""status"": ""ok""}"
control,threshold_survival,0.1,2,affinity_rank_group,primary,96,0.042448398129257464,0.0,0.0,0.06446262696956695,"{""status"": ""ok""}"
control,threshold_survival,0.1,2,affinity_rank_group,primary,128,0.045123838878696865,0.0,0.0,0.06446262696956695,"{""status"": ""ok""}"
control,threshold_survival,0.1,2,prefix_group,primary,1,0.01289252539391339,0.0,0.0,0.06446262696956695,"{""status"": ""ok""}"
control,threshold_survival,0.1,2,prefix_group,primary,2,0.01289252539391339,0.0,0.0,0.06446262696956695,"{""status"": ""ok""}"
control,threshold_survival,0.1,2,prefix_group,primary,3,0.01289252539391339,0.0,0.0,0.06446262696956695,"{""status"": ""ok""}"
control,threshold_survival,0.1,2,prefix_group,primary,4,0.01289252539391339,0.0,0.0,0.06446262696956695,"{""status"": ""ok""}"
control,threshold_survival,0.1,2,prefix_group,primary,6,0.02578505078782678,0.0,0.0,0.06446262696956695,"{""status"": ""ok""}"
control,threshold_survival,0.1,2,prefix_group,primary,8,0.02578505078782678,0.0,0.0,0.06446262696956695,"{""status"": ""ok""}"
control,threshold_survival,0.1,2,prefix_group,primary,12,0.02578505078782678,0.0,0.0,0.06446262696956695,"{""status"": ""ok""}"
control,threshold_survival,0.1,2,prefix_group,primary,16,0.02578505078782678,0.0,0.0,0.06446262696956695,"{""status"": ""ok""}"
control,threshold_survival,0.1,2,prefix_group,primary,24,0.03867757618174017,0.0,0.0,0.06446262696956695,"{""status"": ""ok""}"
control,threshold_survival,0.1,2,prefix_group,primary,32,0.03867757618174017,0.0,0.0,0.06446262696956695,"{""status"": ""ok""}"
control,threshold_survival,0.1,2,prefix_group,primary,48,0.03867757618174017,0.0,0.0,0.06446262696956695,"{""status"": ""ok""}"
control,threshold_survival,0.1,2,prefix_group,primary,64,0.03867757618174017,0.0,0.0,0.06446262696956695,"{""status"": ""ok""}"
control,threshold_survival,0.1,2,prefix_group,primary,96,0.05157010157565356,0.0,0.0,0.06446262696956695,"{""status"": ""ok""}"
control,threshold_survival,0.1,2,prefix_group,primary,128,0.05157010157565356,0.0,0.0,0.06446262696956695,"{""status"": ""ok""}"
control,threshold_survival,0.1,2,kmeans_profile,diagnostic_function_preserving,1,0.0,0.0,0.0,0.06446262696956695,"{""diversity"": 0.0, ""k_used"": 1, ""status"": ""disabled_low_diversity""}"
control,threshold_survival,0.1,2,kmeans_profile,diagnostic_function_preserving,2,0.0,0.0,0.0,0.06446262696956695,"{""diversity"": 0.0, ""k_used"": 1, ""status"": ""disabled_low_diversity""}"
control,threshold_survival,0.1,2,kmeans_profile,diagnostic_function_preserving,3,0.0,0.0,0.0,0.06446262696956695,"{""diversity"": 0.0, ""k_used"": 1, ""status"": ""disabled_low_diversity""}"
control,threshold_survival,0.1,2,kmeans_profile,diagnostic_function_preserving,4,0.0,0.0,0.0,0.06446262696956695,"{""diversity"": 0.0, ""k_used"": 1, ""status"": ""disabled_low_diversity""}"
control,threshold_survival,0.1,2,kmeans_profile,diagnostic_function_preserving,6,0.0,0.0,0.0,0.06446262696956695,"{""diversity"": 0.0, ""k_used"": 1, ""status"": ""disabled_low_diversity""}"
control,threshold_survival,0.1,2,kmeans_profile,diagnostic_function_preserving,8,0.0,0.0,0.0,0.06446262696956695,"{""diversity"": 0.0, ""k_used"": 1, ""status"": ""disabled_low_diversity""}"
control,threshold_survival,0.1,2,kmeans_profile,diagnostic_function_preserving,12,0.0,0.0,0.0,0.06446262696956695,"{""diversity"": 0.0, ""k_used"": 1, ""status"": ""disabled_low_diversity""}"
control,threshold_survival,0.1,2,kmeans_profile,diagnostic_function_preserving,16,0.0,0.0,0.0,0.06446262696956695,"{""diversity"": 0.0, ""k_used"": 1, ""status"": ""disabled_low_diversity""}"
control,threshold_survival,0.1,2,kmeans_profile,diagnostic_function_preserving,24,0.0,0.0,0.0,0.06446262696956695,"{""diversity"": 0.0, ""k_used"": 1, ""status"": ""disabled_low_diversity""}"
control,threshold_survival,0.1,2,kmeans_profile,diagnostic_function_preserving,32,0.0,0.0,0.0,0.06446262696956695,"{""diversity"": 0.0, ""k_used"": 1, ""status"": ""disabled_low_diversity""}"
control,threshold_survival,0.1,2,kmeans_profile,diagnostic_function_preserving,48,0.0,0.0,0.0,0.06446262696956695,"{""diversity"": 0.0, ""k_used"": 1, ""status"": ""disabled_low_diversity""}"
control,threshold_survival,0.1,2,kmeans_profile,diagnostic_function_preserving,64,0.0,0.0,0.0,0.06446262696956695,"{""diversity"": 0.0, ""k_used"": 1, ""status"": ""disabled_low_diversity""}"
control,threshold_survival,0.1,2,kmeans_profile,diagnostic_function_preserving,96,0.0,0.0,0.0,0.06446262696956695,"{""diversity"": 0.0, ""k_used"": 1, ""status"": ""disabled_low_diversity""}"
control,threshold_survival,0.1,2,kmeans_profile,diagnostic_function_preserving,128,0.0,0.0,0.0,0.06446262696956695,"{""diversity"": 0.0, ""k_used"": 1, ""status"": ""disabled_low_diversity""}"
control,threshold_survival,0.1,3,balanced_random_group,primary,1,0.0,0.0,0.0,0.06499808098654788,"{""status"": ""ok""}"
control,threshold_survival,0.1,3,balanced_random_group,primary,2,0.0064998080986547885,0.0,0.0,0.06499808098654788,"{""status"": ""ok""}"
control,threshold_survival,0.1,3,balanced_random_group,primary,3,0.010301952098251516,0.0,0.0,0.06499808098654788,"{""status"": ""ok""}"
control,threshold_survival,0.1,3,balanced_random_group,primary,4,0.012999616197309577,0.0,0.0,0.06499808098654788,"{""status"": ""ok""}"
control,threshold_survival,0.1,3,balanced_random_group,primary,6,0.016801760196906306,0.0,0.0,0.06499808098654788,"{""status"": ""ok""}"
control,threshold_survival,0.1,3,balanced_random_group,primary,8,0.019499424295964365,0.0,0.0,0.06499808098654788,"{""status"": ""ok""}"
control,threshold_survival,0.1,3,balanced_random_group,primary,12,0.023301568295561095,0.0,0.0,0.06499808098654788,"{""status"": ""ok""}"
control,threshold_survival,0.1,3,balanced_random_group,primary,16,0.025999232394619154,0.0,0.0,0.06499808098654788,"{""status"": ""ok""}"
control,threshold_survival,0.1,3,balanced_random_group,primary,24,0.02980137639421588,0.0,0.0,0.06499808098654788,"{""status"": ""ok""}"
control,threshold_survival,0.1,3,balanced_random_group,primary,32,0.03249904049327394,0.0,0.0,0.06499808098654788,"{""status"": ""ok""}"
control,threshold_survival,0.1,3,balanced_random_group,primary,48,0.03630118449287067,0.0,0.0,0.06499808098654788,"{""status"": ""ok""}"
control,threshold_survival,0.1,3,balanced_random_group,primary,64,0.03899884859192873,0.0,0.0,0.06499808098654788,"{""status"": ""ok""}"
control,threshold_survival,0.1,3,balanced_random_group,primary,96,0.042800992591525464,0.0,0.0,0.06499808098654788,"{""status"": ""ok""}"
control,threshold_survival,0.1,3,balanced_random_group,primary,128,0.04549865669058352,0.0,0.0,0.06499808098654788,"{""status"": ""ok""}"
control,threshold_survival,0.1,3,affinity_rank_group,primary,1,0.0,0.0,0.0,0.06499808098654788,"{""status"": ""ok""}"
control,threshold_survival,0.1,3,affinity_rank_group,primary,2,0.0064998080986547885,0.0,0.0,0.06499808098654788,"{""status"": ""ok""}"
control,threshold_survival,0.1,3,affinity_rank_group,primary,3,0.010301952098251516,0.0,0.0,0.06499808098654788,"{""status"": ""ok""}"
control,threshold_survival,0.1,3,affinity_rank_group,primary,4,0.012999616197309577,0.0,0.0,0.06499808098654788,"{""status"": ""ok""}"
control,threshold_survival,0.1,3,affinity_rank_group,primary,6,0.016801760196906306,0.0,0.0,0.06499808098654788,"{""status"": ""ok""}"
control,threshold_survival,0.1,3,affinity_rank_group,primary,8,0.019499424295964365,0.0,0.0,0.06499808098654788,"{""status"": ""ok""}"
control,threshold_survival,0.1,3,affinity_rank_group,primary,12,0.023301568295561095,0.0,0.0,0.06499808098654788,"{""status"": ""ok""}"
control,threshold_survival,0.1,3,affinity_rank_group,primary,16,0.025999232394619154,0.0,0.0,0.06499808098654788,"{""status"": ""ok""}"
control,threshold_survival,0.1,3,affinity_rank_group,primary,24,0.02980137639421588,0.0,0.0,0.06499808098654788,"{""status"": ""ok""}"
control,threshold_survival,0.1,3,affinity_rank_group,primary,32,0.03249904049327394,0.0,0.0,0.06499808098654788,"{""status"": ""ok""}"
control,threshold_survival,0.1,3,affinity_rank_group,primary,48,0.03630118449287067,0.0,0.0,0.06499808098654788,"{""status"": ""ok""}"
control,threshold_survival,0.1,3,affinity_rank_group,primary,64,0.03899884859192873,0.0,0.0,0.06499808098654788,"{""status"": ""ok""}"
control,threshold_survival,0.1,3,affinity_rank_group,primary,96,0.042800992591525464,0.0,0.0,0.06499808098654788,"{""status"": ""ok""}"
control,threshold_survival,0.1,3,affinity_rank_group,primary,128,0.04549865669058352,0.0,0.0,0.06499808098654788,"{""status"": ""ok""}"
control,threshold_survival,0.1,3,prefix_group,primary,1,0.012999616197309577,0.0,0.0,0.06499808098654788,"{""status"": ""ok""}"
control,threshold_survival,0.1,3,prefix_group,primary,2,0.012999616197309577,0.0,0.0,0.06499808098654788,"{""status"": ""ok""}"
control,threshold_survival,0.1,3,prefix_group,primary,3,0.012999616197309577,0.0,0.0,0.06499808098654788,"{""status"": ""ok""}"
control,threshold_survival,0.1,3,prefix_group,primary,4,0.012999616197309577,0.0,0.0,0.06499808098654788,"{""status"": ""ok""}"
control,threshold_survival,0.1,3,prefix_group,primary,6,0.025999232394619154,0.0,0.0,0.06499808098654788,"{""status"": ""ok""}"
control,threshold_survival,0.1,3,prefix_group,primary,8,0.025999232394619154,0.0,0.0,0.06499808098654788,"{""status"": ""ok""}"
control,threshold_survival,0.1,3,prefix_group,primary,12,0.025999232394619154,0.0,0.0,0.06499808098654788,"{""status"": ""ok""}"
control,threshold_survival,0.1,3,prefix_group,primary,16,0.025999232394619154,0.0,0.0,0.06499808098654788,"{""status"": ""ok""}"
control,threshold_survival,0.1,3,prefix_group,primary,24,0.03899884859192873,0.0,0.0,0.06499808098654788,"{""status"": ""ok""}"
control,threshold_survival,0.1,3,prefix_group,primary,32,0.03899884859192873,0.0,0.0,0.06499808098654788,"{""status"": ""ok""}"
control,threshold_survival,0.1,3,prefix_group,primary,48,0.03899884859192873,0.0,0.0,0.06499808098654788,"{""status"": ""ok""}"
control,threshold_survival,0.1,3,prefix_group,primary,64,0.03899884859192873,0.0,0.0,0.06499808098654788,"{""status"": ""ok""}"
control,threshold_survival,0.1,3,prefix_group,primary,96,0.05199846478923831,0.0,0.0,0.06499808098654788,"{""status"": ""ok""}"
control,threshold_survival,0.1,3,prefix_group,primary,128,0.05199846478923831,0.0,0.0,0.06499808098654788,"{""status"": ""ok""}"
control,threshold_survival,0.1,3,kmeans_profile,diagnostic_function_preserving,1,0.0,0.0,0.0,0.06499808098654788,"{""diversity"": 0.0, ""k_used"": 1, ""status"": ""disabled_low_diversity""}"
control,threshold_survival,0.1,3,kmeans_profile,diagnostic_function_preserving,2,0.0,0.0,0.0,0.06499808098654788,"{""diversity"": 0.0, ""k_used"": 1, ""status"": ""disabled_low_diversity""}"
control,threshold_survival,0.1,3,kmeans_profile,diagnostic_function_preserving,3,0.0,0.0,0.0,0.06499808098654788,"{""diversity"": 0.0, ""k_used"": 1, ""status"": ""disabled_low_diversity""}"
control,threshold_survival,0.1,3,kmeans_profile,diagnostic_function_preserving,4,0.0,0.0,0.0,0.06499808098654788,"{""diversity"": 0.0, ""k_used"": 1, ""status"": ""disabled_low_diversity""}"
control,threshold_survival,0.1,3,kmeans_profile,diagnostic_function_preserving,6,0.0,0.0,0.0,0.06499808098654788,"{""diversity"": 0.0, ""k_used"": 1, ""status"": ""disabled_low_diversity""}"
control,threshold_survival,0.1,3,kmeans_profile,diagnostic_function_preserving,8,0.0,0.0,0.0,0.06499808098654788,"{""diversity"": 0.0, ""k_used"": 1, ""status"": ""disabled_low_diversity""}"
control,threshold_survival,0.1,3,kmeans_profile,diagnostic_function_preserving,12,0.0,0.0,0.0,0.06499808098654788,"{""diversity"": 0.0, ""k_used"": 1, ""status"": ""disabled_low_diversity""}"
control,threshold_survival,0.1,3,kmeans_profile,diagnostic_function_preserving,16,0.0,0.0,0.0,0.06499808098654788,"{""diversity"": 0.0, ""k_used"": 1, ""status"": ""disabled_low_diversity""}"
control,threshold_survival,0.1,3,kmeans_profile,diagnostic_function_preserving,24,0.0,0.0,0.0,0.06499808098654788,"{""diversity"": 0.0, ""k_used"": 1, ""status"": ""disabled_low_diversity""}"
control,threshold_survival,0.1,3,kmeans_profile,diagnostic_function_preserving,32,0.0,0.0,0.0,0.06499808098654788,"{""diversity"": 0.0, ""k_used"": 1, ""status"": ""disabled_low_diversity""}"
control,threshold_survival,0.1,3,kmeans_profile,diagnostic_function_preserving,48,0.0,0.0,0.0,0.06499808098654788,"{""diversity"": 0.0, ""k_used"": 1, ""status"": ""disabled_low_diversity""}"
control,threshold_survival,0.1,3,kmeans_profile,diagnostic_function_preserving,64,0.0,0.0,0.0,0.06499808098654788,"{""diversity"": 0.0, ""k_used"": 1, ""status"": ""disabled_low_diversity""}"
control,threshold_survival,0.1,3,kmeans_profile,diagnostic_function_preserving,96,0.0,0.0,0.0,0.06499808098654788,"{""diversity"": 0.0, ""k_used"": 1, ""status"": ""disabled_low_diversity""}"
control,threshold_survival,0.1,3,kmeans_profile,diagnostic_function_preserving,128,0.0,0.0,0.0,0.06499808098654788,"{""diversity"": 0.0, ""k_used"": 1, ""status"": ""disabled_low_diversity""}"
control,threshold_survival,0.1,4,balanced_random_group,primary,1,0.0,0.0,0.0,0.06474388547892437,"{""status"": ""ok""}"
control,threshold_survival,0.1,4,balanced_random_group,primary,2,0.006474388547892437,0.0,0.0,0.06474388547892437,"{""status"": ""ok""}"
control,threshold_survival,0.1,4,balanced_random_group,primary,3,0.01026166306350801,0.0,0.0,0.06474388547892437,"{""status"": ""ok""}"
control,threshold_survival,0.1,4,balanced_random_group,primary,4,0.012948777095784875,0.0,0.0,0.06474388547892437,"{""status"": ""ok""}"
control,threshold_survival,0.1,4,balanced_random_group,primary,6,0.01673605161140045,0.0,0.0,0.06474388547892437,"{""status"": ""ok""}"
control,threshold_survival,0.1,4,balanced_random_group,primary,8,0.019423165643677312,0.0,0.0,0.06474388547892437,"{""status"": ""ok""}"
control,threshold_survival,0.1,4,balanced_random_group,primary,12,0.023210440159292887,0.0,0.0,0.06474388547892437,"{""status"": ""ok""}"
control,threshold_survival,0.1,4,balanced_random_group,primary,16,0.02589755419156975,0.0,0.0,0.06474388547892437,"{""status"": ""ok""}"
control,threshold_survival,0.1,4,balanced_random_group,primary,24,0.029684828707185324,0.0,0.0,0.06474388547892437,"{""status"": ""ok""}"
control,threshold_survival,0.1,4,balanced_random_group,primary,32,0.03237194273946219,0.0,0.0,0.06474388547892437,"{""status"": ""ok""}"
control,threshold_survival,0.1,4,balanced_random_group,primary,48,0.03615921725507776,0.0,0.0,0.06474388547892437,"{""status"": ""ok""}"
control,threshold_survival,0.1,4,balanced_random_group,primary,64,0.038846331287354624,0.0,0.0,0.06474388547892437,"{""status"": ""ok""}"
control,threshold_survival,0.1,4,balanced_random_group,primary,96,0.0426336058029702,0.0,0.0,0.06474388547892437,"{""status"": ""ok""}"
control,threshold_survival,0.1,4,balanced_random_group,primary,128,0.04532071983524706,0.0,0.0,0.06474388547892437,"{""status"": ""ok""}"
control,threshold_survival,0.1,4,affinity_rank_group,primary,1,0.0,0.0,0.0,0.06474388547892437,"{""status"": ""ok""}"
control,threshold_survival,0.1,4,affinity_rank_group,primary,2,0.006474388547892437,0.0,0.0,0.06474388547892437,"{""status"": ""ok""}"
control,threshold_survival,0.1,4,affinity_rank_group,primary,3,0.01026166306350801,0.0,0.0,0.06474388547892437,"{""status"": ""ok""}"
control,threshold_survival,0.1,4,affinity_rank_group,primary,4,0.012948777095784875,0.0,0.0,0.06474388547892437,"{""status"": ""ok""}"
control,threshold_survival,0.1,4,affinity_rank_group,primary,6,0.01673605161140045,0.0,0.0,0.06474388547892437,"{""status"": ""ok""}"
control,threshold_survival,0.1,4,affinity_rank_group,primary,8,0.019423165643677312,0.0,0.0,0.06474388547892437,"{""status"": ""ok""}"
control,threshold_survival,0.1,4,affinity_rank_group,primary,12,0.023210440159292887,0.0,0.0,0.06474388547892437,"{""status"": ""ok""}"
control,threshold_survival,0.1,4,affinity_rank_group,primary,16,0.02589755419156975,0.0,0.0,0.06474388547892437,"{""status"": ""ok""}"
control,threshold_survival,0.1,4,affinity_rank_group,primary,24,0.029684828707185324,0.0,0.0,0.06474388547892437,"{""status"": ""ok""}"
control,threshold_survival,0.1,4,affinity_rank_group,primary,32,0.03237194273946219,0.0,0.0,0.06474388547892437,"{""status"": ""ok""}"
control,threshold_survival,0.1,4,affinity_rank_group,primary,48,0.03615921725507776,0.0,0.0,0.06474388547892437,"{""status"": ""ok""}"
control,threshold_survival,0.1,4,affinity_rank_group,primary,64,0.038846331287354624,0.0,0.0,0.06474388547892437,"{""status"": ""ok""}"
control,threshold_survival,0.1,4,affinity_rank_group,primary,96,0.0426336058029702,0.0,0.0,0.06474388547892437,"{""status"": ""ok""}"
control,threshold_survival,0.1,4,affinity_rank_group,primary,128,0.04532071983524706,0.0,0.0,0.06474388547892437,"{""status"": ""ok""}"
control,threshold_survival,0.1,4,prefix_group,primary,1,0.012948777095784875,0.0,0.0,0.06474388547892437,"{""status"": ""ok""}"
control,threshold_survival,0.1,4,prefix_group,primary,2,0.012948777095784875,0.0,0.0,0.06474388547892437,"{""status"": ""ok""}"
control,threshold_survival,0.1,4,prefix_group,primary,3,0.012948777095784875,0.0,0.0,0.06474388547892437,"{""status"": ""ok""}"
control,threshold_survival,0.1,4,prefix_group,primary,4,0.012948777095784875,0.0,0.0,0.06474388547892437,"{""status"": ""ok""}"
control,threshold_survival,0.1,4,prefix_group,primary,6,0.02589755419156975,0.0,0.0,0.06474388547892437,"{""status"": ""ok""}"
control,threshold_survival,0.1,4,prefix_group,primary,8,0.02589755419156975,0.0,0.0,0.06474388547892437,"{""status"": ""ok""}"
control,threshold_survival,0.1,4,prefix_group,primary,12,0.02589755419156975,0.0,0.0,0.06474388547892437,"{""status"": ""ok""}"
control,threshold_survival,0.1,4,prefix_group,primary,16,0.02589755419156975,0.0,0.0,0.06474388547892437,"{""status"": ""ok""}"
control,threshold_survival,0.1,4,prefix_group,primary,24,0.038846331287354624,0.0,0.0,0.06474388547892437,"{""status"": ""ok""}"
control,threshold_survival,0.1,4,prefix_group,primary,32,0.038846331287354624,0.0,0.0,0.06474388547892437,"{""status"": ""ok""}"
control,threshold_survival,0.1,4,prefix_group,primary,48,0.038846331287354624,0.0,0.0,0.06474388547892437,"{""status"": ""ok""}"
control,threshold_survival,0.1,4,prefix_group,primary,64,0.038846331287354624,0.0,0.0,0.06474388547892437,"{""status"": ""ok""}"
control,threshold_survival,0.1,4,prefix_group,primary,96,0.0517951083831395,0.0,0.0,0.06474388547892437,"{""status"": ""ok""}"
control,threshold_survival,0.1,4,prefix_group,primary,128,0.0517951083831395,0.0,0.0,0.06474388547892437,"{""status"": ""ok""}"
control,threshold_survival,0.1,4,kmeans_profile,diagnostic_function_preserving,1,0.0,0.0,0.0,0.06474388547892437,"{""diversity"": 0.0, ""k_used"": 1, ""status"": ""disabled_low_diversity""}"
control,threshold_survival,0.1,4,kmeans_profile,diagnostic_function_preserving,2,0.0,0.0,0.0,0.06474388547892437,"{""diversity"": 0.0, ""k_used"": 1, ""status"": ""disabled_low_diversity""}"
control,threshold_survival,0.1,4,kmeans_profile,diagnostic_function_preserving,3,0.0,0.0,0.0,0.06474388547892437,"{""diversity"": 0.0, ""k_used"": 1, ""status"": ""disabled_low_diversity""}"
control,threshold_survival,0.1,4,kmeans_profile,diagnostic_function_preserving,4,0.0,0.0,0.0,0.06474388547892437,"{""diversity"": 0.0, ""k_used"": 1, ""status"": ""disabled_low_diversity""}"
control,threshold_survival,0.1,4,kmeans_profile,diagnostic_function_preserving,6,0.0,0.0,0.0,0.06474388547892437,"{""diversity"": 0.0, ""k_used"": 1, ""status"": ""disabled_low_diversity""}"
control,threshold_survival,0.1,4,kmeans_profile,diagnostic_function_preserving,8,0.0,0.0,0.0,0.06474388547892437,"{""diversity"": 0.0, ""k_used"": 1, ""status"": ""disabled_low_diversity""}"
control,threshold_survival,0.1,4,kmeans_profile,diagnostic_function_preserving,12,0.0,0.0,0.0,0.06474388547892437,"{""diversity"": 0.0, ""k_used"": 1, ""status"": ""disabled_low_diversity""}"
control,threshold_survival,0.1,4,kmeans_profile,diagnostic_function_preserving,16,0.0,0.0,0.0,0.06474388547892437,"{""diversity"": 0.0, ""k_used"": 1, ""status"": ""disabled_low_diversity""}"
control,threshold_survival,0.1,4,kmeans_profile,diagnostic_function_preserving,24,0.0,0.0,0.0,0.06474388547892437,"{""diversity"": 0.0, ""k_used"": 1, ""status"": ""disabled_low_diversity""}"
control,threshold_survival,0.1,4,kmeans_profile,diagnostic_function_preserving,32,0.0,0.0,0.0,0.06474388547892437,"{""diversity"": 0.0, ""k_used"": 1, ""status"": ""disabled_low_diversity""}"
control,threshold_survival,0.1,4,kmeans_profile,diagnostic_function_preserving,48,0.0,0.0,0.0,0.06474388547892437,"{""diversity"": 0.0, ""k_used"": 1, ""status"": ""disabled_low_diversity""}"
control,threshold_survival,0.1,4,kmeans_profile,diagnostic_function_preserving,64,0.0,0.0,0.0,0.06474388547892437,"{""diversity"": 0.0, ""k_used"": 1, ""status"": ""disabled_low_diversity""}"
control,threshold_survival,0.1,4,kmeans_profile,diagnostic_function_preserving,96,0.0,0.0,0.0,0.06474388547892437,"{""diversity"": 0.0, ""k_used"": 1, ""status"": ""disabled_low_diversity""}"
control,threshold_survival,0.1,4,kmeans_profile,diagnostic_function_preserving,128,0.0,0.0,0.0,0.06474388547892437,"{""diversity"": 0.0, ""k_used"": 1, ""status"": ""disabled_low_diversity""}"
control,threshold_survival,0.1,5,balanced_random_group,primary,1,0.0,0.0,0.0,0.06440425458789828,"{""status"": ""ok""}"
control,threshold_survival,0.1,5,balanced_random_group,primary,2,0.006440425458789829,0.0,0.0,0.06440425458789828,"{""status"": ""ok""}"
control,threshold_survival,0.1,5,balanced_random_group,primary,3,0.010207832840871725,0.0,0.0,0.06440425458789828,"{""status"": ""ok""}"
control,threshold_survival,0.1,5,balanced_random_group,primary,4,0.012880850917579657,0.0,0.0,0.06440425458789828,"{""status"": ""ok""}"
control,threshold_survival,0.1,5,balanced_random_group,primary,6,0.016648258299661555,0.0,0.0,0.06440425458789828,"{""status"": ""ok""}"
control,threshold_survival,0.1,5,balanced_random_group,primary,8,0.019321276376369483,0.0,0.0,0.06440425458789828,"{""status"": ""ok""}"
control,threshold_survival,0.1,5,balanced_random_group,primary,12,0.02308868375845138,0.0,0.0,0.06440425458789828,"{""status"": ""ok""}"
control,threshold_survival,0.1,5,balanced_random_group,primary,16,0.025761701835159315,0.0,0.0,0.06440425458789828,"{""status"": ""ok""}"
control,threshold_survival,0.1,5,balanced_random_group,primary,24,0.029529109217241205,0.0,0.0,0.06440425458789828,"{""status"": ""ok""}"
control,threshold_survival,0.1,5,balanced_random_group,primary,32,0.03220212729394914,0.0,0.0,0.06440425458789828,"{""status"": ""ok""}"
control,threshold_survival,0.1,5,balanced_random_group,primary,48,0.035969534676031034,0.0,0.0,0.06440425458789828,"{""status"": ""ok""}"
control,threshold_survival,0.1,5,balanced_random_group,primary,64,0.038642552752738965,0.0,0.0,0.06440425458789828,"{""status"": ""ok""}"
control,threshold_survival,0.1,5,balanced_random_group,primary,96,0.042409960134820866,0.0,0.0,0.06440425458789828,"{""status"": ""ok""}"
control,threshold_survival,0.1,5,balanced_random_group,primary,128,0.04508297821152879,0.0,0.0,0.06440425458789828,"{""status"": ""ok""}"
control,threshold_survival,0.1,5,affinity_rank_group,primary,1,0.0,0.0,0.0,0.06440425458789828,"{""status"": ""ok""}"
control,threshold_survival,0.1,5,affinity_rank_group,primary,2,0.006440425458789829,0.0,0.0,0.06440425458789828,"{""status"": ""ok""}"
control,threshold_survival,0.1,5,affinity_rank_group,primary,3,0.010207832840871725,0.0,0.0,0.06440425458789828,"{""status"": ""ok""}"
control,threshold_survival,0.1,5,affinity_rank_group,primary,4,0.012880850917579657,0.0,0.0,0.06440425458789828,"{""status"": ""ok""}"
control,threshold_survival,0.1,5,affinity_rank_group,primary,6,0.016648258299661555,0.0,0.0,0.06440425458789828,"{""status"": ""ok""}"
control,threshold_survival,0.1,5,affinity_rank_group,primary,8,0.019321276376369483,0.0,0.0,0.06440425458789828,"{""status"": ""ok""}"
control,threshold_survival,0.1,5,affinity_rank_group,primary,12,0.02308868375845138,0.0,0.0,0.06440425458789828,"{""status"": ""ok""}"
control,threshold_survival,0.1,5,affinity_rank_group,primary,16,0.025761701835159315,0.0,0.0,0.06440425458789828,"{""status"": ""ok""}"
control,threshold_survival,0.1,5,affinity_rank_group,primary,24,0.029529109217241205,0.0,0.0,0.06440425458789828,"{""status"": ""ok""}"
control,threshold_survival,0.1,5,affinity_rank_group,primary,32,0.03220212729394914,0.0,0.0,0.06440425458789828,"{""status"": ""ok""}"
control,threshold_survival,0.1,5,affinity_rank_group,primary,48,0.035969534676031034,0.0,0.0,0.06440425458789828,"{""status"": ""ok""}"
control,threshold_survival,0.1,5,affinity_rank_group,primary,64,0.038642552752738965,0.0,0.0,0.06440425458789828,"{""status"": ""ok""}"
control,threshold_survival,0.1,5,affinity_rank_group,primary,96,0.042409960134820866,0.0,0.0,0.06440425458789828,"{""status"": ""ok""}"
control,threshold_survival,0.1,5,affinity_rank_group,primary,128,0.04508297821152879,0.0,0.0,0.06440425458789828,"{""status"": ""ok""}"
control,threshold_survival,0.1,5,prefix_group,primary,1,0.012880850917579657,0.0,0.0,0.06440425458789828,"{""status"": ""ok""}"
control,threshold_survival,0.1,5,prefix_group,primary,2,0.012880850917579657,0.0,0.0,0.06440425458789828,"{""status"": ""ok""}"
control,threshold_survival,0.1,5,prefix_group,primary,3,0.012880850917579657,0.0,0.0,0.06440425458789828,"{""status"": ""ok""}"
control,threshold_survival,0.1,5,prefix_group,primary,4,0.012880850917579657,0.0,0.0,0.06440425458789828,"{""status"": ""ok""}"
control,threshold_survival,0.1,5,prefix_group,primary,6,0.025761701835159315,0.0,0.0,0.06440425458789828,"{""status"": ""ok""}"
control,threshold_survival,0.1,5,prefix_group,primary,8,0.025761701835159315,0.0,0.0,0.06440425458789828,"{""status"": ""ok""}"
control,threshold_survival,0.1,5,prefix_group,primary,12,0.025761701835159315,0.0,0.0,0.06440425458789828,"{""status"": ""ok""}"
control,threshold_survival,0.1,5,prefix_group,primary,16,0.025761701835159315,0.0,0.0,0.06440425458789828,"{""status"": ""ok""}"
control,threshold_survival,0.1,5,prefix_group,primary,24,0.038642552752738965,0.0,0.0,0.06440425458789828,"{""status"": ""ok""}"
control,threshold_survival,0.1,5,prefix_group,primary,32,0.038642552752738965,0.0,0.0,0.06440425458789828,"{""status"": ""ok""}"
control,threshold_survival,0.1,5,prefix_group,primary,48,0.038642552752738965,0.0,0.0,0.06440425458789828,"{""status"": ""ok""}"
control,threshold_survival,0.1,5,prefix_group,primary,64,0.038642552752738965,0.0,0.0,0.06440425458789828,"{""status"": ""ok""}"
control,threshold_survival,0.1,5,prefix_group,primary,96,0.05152340367031863,0.0,0.0,0.06440425458789828,"{""status"": ""ok""}"
control,threshold_survival,0.1,5,prefix_group,primary,128,0.05152340367031863,0.0,0.0,0.06440425458789828,"{""status"": ""ok""}"
control,threshold_survival,0.1,5,kmeans_profile,diagnostic_function_preserving,1,0.0,0.0,0.0,0.06440425458789828,"{""diversity"": 0.0, ""k_used"": 1, ""status"": ""disabled_low_diversity""}"
control,threshold_survival,0.1,5,kmeans_profile,diagnostic_function_preserving,2,0.0,0.0,0.0,0.06440425458789828,"{""diversity"": 0.0, ""k_used"": 1, ""status"": ""disabled_low_diversity""}"
control,threshold_survival,0.1,5,kmeans_profile,diagnostic_function_preserving,3,0.0,0.0,0.0,0.06440425458789828,"{""diversity"": 0.0, ""k_used"": 1, ""status"": ""disabled_low_diversity""}"
control,threshold_survival,0.1,5,kmeans_profile,diagnostic_function_preserving,4,0.0,0.0,0.0,0.06440425458789828,"{""diversity"": 0.0, ""k_used"": 1, ""status"": ""disabled_low_diversity""}"
control,threshold_survival,0.1,5,kmeans_profile,diagnostic_function_preserving,6,0.0,0.0,0.0,0.06440425458789828,"{""diversity"": 0.0, ""k_used"": 1, ""status"": ""disabled_low_diversity""}"
control,threshold_survival,0.1,5,kmeans_profile,diagnostic_function_preserving,8,0.0,0.0,0.0,0.06440425458789828,"{""diversity"": 0.0, ""k_used"": 1, ""status"": ""disabled_low_diversity""}"
control,threshold_survival,0.1,5,kmeans_profile,diagnostic_function_preserving,12,0.0,0.0,0.0,0.06440425458789828,"{""diversity"": 0.0, ""k_used"": 1, ""status"": ""disabled_low_diversity""}"
control,threshold_survival,0.1,5,kmeans_profile,diagnostic_function_preserving,16,0.0,0.0,0.0,0.06440425458789828,"{""diversity"": 0.0, ""k_used"": 1, ""status"": ""disabled_low_diversity""}"
control,threshold_survival,0.1,5,kmeans_profile,diagnostic_function_preserving,24,0.0,0.0,0.0,0.06440425458789828,"{""diversity"": 0.0, ""k_used"": 1, ""status"": ""disabled_low_diversity""}"
control,threshold_survival,0.1,5,kmeans_profile,diagnostic_function_preserving,32,0.0,0.0,0.0,0.06440425458789828,"{""diversity"": 0.0, ""k_used"": 1, ""status"": ""disabled_low_diversity""}"
control,threshold_survival,0.1,5,kmeans_profile,diagnostic_function_preserving,48,0.0,0.0,0.0,0.06440425458789828,"{""diversity"": 0.0, ""k_used"": 1, ""status"": ""disabled_low_diversity""}"
control,threshold_survival,0.1,5,kmeans_profile,diagnostic_function_preserving,64,0.0,0.0,0.0,0.06440425458789828,"{""diversity"": 0.0, ""k_used"": 1, ""status"": ""disabled_low_diversity""}"
control,threshold_survival,0.1,5,kmeans_profile,diagnostic_function_preserving,96,0.0,0.0,0.0,0.06440425458789828,"{""diversity"": 0.0, ""k_used"": 1, ""status"": ""disabled_low_diversity""}"
control,threshold_survival,0.1,5,kmeans_profile,diagnostic_function_preserving,128,0.0,0.0,0.0,0.06440425458789828,"{""diversity"": 0.0, ""k_used"": 1, ""status"": ""disabled_low_diversity""}"
control,threshold_survival,0.1,6,balanced_random_group,primary,1,0.0,0.0,0.0,0.06049577358126201,"{""status"": ""ok""}"
control,threshold_survival,0.1,6,balanced_random_group,primary,2,0.006049577358126202,0.0,0.0,0.06049577358126201,"{""status"": ""ok""}"
control,threshold_survival,0.1,6,balanced_random_group,primary,3,0.009588353257841789,0.0,0.0,0.06049577358126201,"{""status"": ""ok""}"
control,threshold_survival,0.1,6,balanced_random_group,primary,4,0.012099154716252404,0.0,0.0,0.06049577358126201,"{""status"": ""ok""}"
control,threshold_survival,0.1,6,balanced_random_group,primary,6,0.015637930615967993,0.0,0.0,0.06049577358126201,"{""status"": ""ok""}"
control,threshold_survival,0.1,6,balanced_random_group,primary,8,0.018148732074378605,0.0,0.0,0.06049577358126201,"{""status"": ""ok""}"
control,threshold_survival,0.1,6,balanced_random_group,primary,12,0.021687507974094192,0.0,0.0,0.06049577358126201,"{""status"": ""ok""}"
control,threshold_survival,0.1,6,balanced_random_group,primary,16,0.024198309432504807,0.0,0.0,0.06049577358126201,"{""status"": ""ok""}"
control,threshold_survival,0.1,6,balanced_random_group,primary,24,0.02773708533222039,0.0,0.0,0.06049577358126201,"{""status"": ""ok""}"
control,threshold_survival,0.1,6,balanced_random_group,primary,32,0.030247886790631007,0.0,0.0,0.06049577358126201,"{""status"": ""ok""}"
control,threshold_survival,0.1,6,balanced_random_group,primary,48,0.033786662690346594,0.0,0.0,0.06049577358126201,"{""status"": ""ok""}"
control,threshold_survival,0.1,6,balanced_random_group,primary,64,0.03629746414875721,0.0,0.0,0.06049577358126201,"{""status"": ""ok""}"
control,threshold_survival,0.1,6,balanced_random_group,primary,96,0.0398362400484728,0.0,0.0,0.06049577358126201,"{""status"": ""ok""}"
control,threshold_survival,0.1,6,balanced_random_group,primary,128,0.042347041506883405,0.0,0.0,0.06049577358126201,"{""status"": ""ok""}"
control,threshold_survival,0.1,6,affinity_rank_group,primary,1,0.0,0.0,0.0,0.06049577358126201,"{""status"": ""ok""}"
control,threshold_survival,0.1,6,affinity_rank_group,primary,2,0.006049577358126202,0.0,0.0,0.06049577358126201,"{""status"": ""ok""}"
control,threshold_survival,0.1,6,affinity_rank_group,primary,3,0.009588353257841789,0.0,0.0,0.06049577358126201,"{""status"": ""ok""}"
control,threshold_survival,0.1,6,affinity_rank_group,primary,4,0.012099154716252404,0.0,0.0,0.06049577358126201,"{""status"": ""ok""}"
control,threshold_survival,0.1,6,affinity_rank_group,primary,6,0.015637930615967993,0.0,0.0,0.06049577358126201,"{""status"": ""ok""}"
control,threshold_survival,0.1,6,affinity_rank_group,primary,8,0.018148732074378605,0.0,0.0,0.06049577358126201,"{""status"": ""ok""}"
control,threshold_survival,0.1,6,affinity_rank_group,primary,12,0.021687507974094192,0.0,0.0,0.06049577358126201,"{""status"": ""ok""}"
control,threshold_survival,0.1,6,affinity_rank_group,primary,16,0.024198309432504807,0.0,0.0,0.06049577358126201,"{""status"": ""ok""}"
control,threshold_survival,0.1,6,affinity_rank_group,primary,24,0.02773708533222039,0.0,0.0,0.06049577358126201,"{""status"": ""ok""}"
control,threshold_survival,0.1,6,affinity_rank_group,primary,32,0.030247886790631007,0.0,0.0,0.06049577358126201,"{""status"": ""ok""}"
control,threshold_survival,0.1,6,affinity_rank_group,primary,48,0.033786662690346594,0.0,0.0,0.06049577358126201,"{""status"": ""ok""}"
control,threshold_survival,0.1,6,affinity_rank_group,primary,64,0.03629746414875721,0.0,0.0,0.06049577358126201,"{""status"": ""ok""}"
control,threshold_survival,0.1,6,affinity_rank_group,primary,96,0.0398362400484728,0.0,0.0,0.06049577358126201,"{""status"": ""ok""}"
control,threshold_survival,0.1,6,affinity_rank_group,primary,128,0.042347041506883405,0.0,0.0,0.06049577358126201,"{""status"": ""ok""}"
control,threshold_survival,0.1,6,prefix_group,primary,1,0.012099154716252404,0.0,0.0,0.06049577358126201,"{""status"": ""ok""}"
control,threshold_survival,0.1,6,prefix_group,primary,2,0.012099154716252404,0.0,0.0,0.06049577358126201,"{""status"": ""ok""}"
control,threshold_survival,0.1,6,prefix_group,primary,3,0.012099154716252404,0.0,0.0,0.06049577358126201,"{""status"": ""ok""}"
control,threshold_survival,0.1,6,prefix_group,primary,4,0.012099154716252404,0.0,0.0,0.06049577358126201,"{""status"": ""ok""}"
control,threshold_survival,0.1,6,prefix_group,primary,6,0.024198309432504807,0.0,0.0,0.06049577358126201,"{""status"": ""ok""}"
control,threshold_survival,0.1,6,prefix_group,primary,8,0.024198309432504807,0.0,0.0,0.06049577358126201,"{""status"": ""ok""}"
control,threshold_survival,0.1,6,prefix_group,primary,12,0.024198309432504807,0.0,0.0,0.06049577358126201,"{""status"": ""ok""}"
control,threshold_survival,0.1,6,prefix_group,primary,16,0.024198309432504807,0.0,0.0,0.06049577358126201,"{""status"": ""ok""}"
control,threshold_survival,0.1,6,prefix_group,primary,24,0.03629746414875721,0.0,0.0,0.06049577358126201,"{""status"": ""ok""}"
control,threshold_survival,0.1,6,prefix_group,primary,32,0.03629746414875721,0.0,0.0,0.06049577358126201,"{""status"": ""ok""}"
control,threshold_survival,0.1,6,prefix_group,primary,48,0.03629746414875721,0.0,0.0,0.06049577358126201,"{""status"": ""ok""}"
control,threshold_survival,0.1,6,prefix_group,primary,64,0.03629746414875721,0.0,0.0,0.06049577358126201,"{""status"": ""ok""}"
control,threshold_survival,0.1,6,prefix_group,primary,96,0.048396618865009615,0.0,0.0,0.06049577358126201,"{""status"": ""ok""}"
control,threshold_survival,0.1,6,prefix_group,primary,128,0.048396618865009615,0.0,0.0,0.06049577358126201,"{""status"": ""ok""}"
control,threshold_survival,0.1,6,kmeans_profile,diagnostic_function_preserving,1,0.0,0.0,0.0,0.06049577358126201,"{""diversity"": 0.0, ""k_used"": 1, ""status"": ""disabled_low_diversity""}"
control,threshold_survival,0.1,6,kmeans_profile,diagnostic_function_preserving,2,0.0,0.0,0.0,0.06049577358126201,"{""diversity"": 0.0, ""k_used"": 1, ""status"": ""disabled_low_diversity""}"
control,threshold_survival,0.1,6,kmeans_profile,diagnostic_function_preserving,3,0.0,0.0,0.0,0.06049577358126201,"{""diversity"": 0.0, ""k_used"": 1, ""status"": ""disabled_low_diversity""}"
control,threshold_survival,0.1,6,kmeans_profile,diagnostic_function_preserving,4,0.0,0.0,0.0,0.06049577358126201,"{""diversity"": 0.0, ""k_used"": 1, ""status"": ""disabled_low_diversity""}"
control,threshold_survival,0.1,6,kmeans_profile,diagnostic_function_preserving,6,0.0,0.0,0.0,0.06049577358126201,"{""diversity"": 0.0, ""k_used"": 1, ""status"": ""disabled_low_diversity""}"
control,threshold_survival,0.1,6,kmeans_profile,diagnostic_function_preserving,8,0.0,0.0,0.0,0.06049577358126201,"{""diversity"": 0.0, ""k_used"": 1, ""status"": ""disabled_low_diversity""}"
control,threshold_survival,0.1,6,kmeans_profile,diagnostic_function_preserving,12,0.0,0.0,0.0,0.06049577358126201,"{""diversity"": 0.0, ""k_used"": 1, ""status"": ""disabled_low_diversity""}"
control,threshold_survival,0.1,6,kmeans_profile,diagnostic_function_preserving,16,0.0,0.0,0.0,0.06049577358126201,"{""diversity"": 0.0, ""k_used"": 1, ""status"": ""disabled_low_diversity""}"
control,threshold_survival,0.1,6,kmeans_profile,diagnostic_function_preserving,24,0.0,0.0,0.0,0.06049577358126201,"{""diversity"": 0.0, ""k_used"": 1, ""status"": ""disabled_low_diversity""}"
control,threshold_survival,0.1,6,kmeans_profile,diagnostic_function_preserving,32,0.0,0.0,0.0,0.06049577358126201,"{""diversity"": 0.0, ""k_used"": 1, ""status"": ""disabled_low_diversity""}"
control,threshold_survival,0.1,6,kmeans_profile,diagnostic_function_preserving,48,0.0,0.0,0.0,0.06049577358126201,"{""diversity"": 0.0, ""k_used"": 1, ""status"": ""disabled_low_diversity""}"
control,threshold_survival,0.1,6,kmeans_profile,diagnostic_function_preserving,64,0.0,0.0,0.0,0.06049577358126201,"{""diversity"": 0.0, ""k_used"": 1, ""status"": ""disabled_low_diversity""}"
control,threshold_survival,0.1,6,kmeans_profile,diagnostic_function_preserving,96,0.0,0.0,0.0,0.06049577358126201,"{""diversity"": 0.0, ""k_used"": 1, ""status"": ""disabled_low_diversity""}"
control,threshold_survival,0.1,6,kmeans_profile,diagnostic_function_preserving,128,0.0,0.0,0.0,0.06049577358126201,"{""diversity"": 0.0, ""k_used"": 1, ""status"": ""disabled_low_diversity""}"
control,threshold_survival,0.1,7,balanced_random_group,primary,1,0.0,0.0,0.0,0.06154591448570468,"{""status"": ""ok""}"
control,threshold_survival,0.1,7,balanced_random_group,primary,2,0.006154591448570468,0.0,0.0,0.06154591448570468,"{""status"": ""ok""}"
control,threshold_survival,0.1,7,balanced_random_group,primary,3,0.00975479665324329,0.0,0.0,0.06154591448570468,"{""status"": ""ok""}"
control,threshold_survival,0.1,7,balanced_random_group,primary,4,0.012309182897140936,0.0,0.0,0.06154591448570468,"{""status"": ""ok""}"
control,threshold_survival,0.1,7,balanced_random_group,primary,6,0.01590938810181376,0.0,0.0,0.06154591448570468,"{""status"": ""ok""}"
control,threshold_survival,0.1,7,balanced_random_group,primary,8,0.018463774345711403,0.0,0.0,0.06154591448570468,"{""status"": ""ok""}"
control,threshold_survival,0.1,7,balanced_random_group,primary,12,0.022063979550384225,0.0,0.0,0.06154591448570468,"{""status"": ""ok""}"
control,threshold_survival,0.1,7,balanced_random_group,primary,16,0.024618365794281873,0.0,0.0,0.06154591448570468,"{""status"": ""ok""}"
control,threshold_survival,0.1,7,balanced_random_group,primary,24,0.02821857099895469,0.0,0.0,0.06154591448570468,"{""status"": ""ok""}"
control,threshold_survival,0.1,7,balanced_random_group,primary,32,0.03077295724285234,0.0,0.0,0.06154591448570468,"{""status"": ""ok""}"
control,threshold_survival,0.1,7,balanced_random_group,primary,48,0.03437316244752516,0.0,0.0,0.06154591448570468,"{""status"": ""ok""}"
control,threshold_survival,0.1,7,balanced_random_group,primary,64,0.036927548691422805,0.0,0.0,0.06154591448570468,"{""status"": ""ok""}"
control,threshold_survival,0.1,7,balanced_random_group,primary,96,0.040527753896095635,0.0,0.0,0.06154591448570468,"{""status"": ""ok""}"
control,threshold_survival,0.1,7,balanced_random_group,primary,128,0.04308214013999327,0.0,0.0,0.06154591448570468,"{""status"": ""ok""}"
control,threshold_survival,0.1,7,affinity_rank_group,primary,1,0.0,0.0,0.0,0.06154591448570468,"{""status"": ""ok""}"
control,threshold_survival,0.1,7,affinity_rank_group,primary,2,0.006154591448570468,0.0,0.0,0.06154591448570468,"{""status"": ""ok""}"
control,threshold_survival,0.1,7,affinity_rank_group,primary,3,0.00975479665324329,0.0,0.0,0.06154591448570468,"{""status"": ""ok""}"
control,threshold_survival,0.1,7,affinity_rank_group,primary,4,0.012309182897140936,0.0,0.0,0.06154591448570468,"{""status"": ""ok""}"
control,threshold_survival,0.1,7,affinity_rank_group,primary,6,0.01590938810181376,0.0,0.0,0.06154591448570468,"{""status"": ""ok""}"
control,threshold_survival,0.1,7,affinity_rank_group,primary,8,0.018463774345711403,0.0,0.0,0.06154591448570468,"{""status"": ""ok""}"
control,threshold_survival,0.1,7,affinity_rank_group,primary,12,0.022063979550384225,0.0,0.0,0.06154591448570468,"{""status"": ""ok""}"
control,threshold_survival,0.1,7,affinity_rank_group,primary,16,0.024618365794281873,0.0,0.0,0.06154591448570468,"{""status"": ""ok""}"
control,threshold_survival,0.1,7,affinity_rank_group,primary,24,0.02821857099895469,0.0,0.0,0.06154591448570468,"{""status"": ""ok""}"
control,threshold_survival,0.1,7,affinity_rank_group,primary,32,0.03077295724285234,0.0,0.0,0.06154591448570468,"{""status"": ""ok""}"
control,threshold_survival,0.1,7,affinity_rank_group,primary,48,0.03437316244752516,0.0,0.0,0.06154591448570468,"{""status"": ""ok""}"
control,threshold_survival,0.1,7,affinity_rank_group,primary,64,0.036927548691422805,0.0,0.0,0.06154591448570468,"{""status"": ""ok""}"
control,threshold_survival,0.1,7,affinity_rank_group,primary,96,0.040527753896095635,0.0,0.0,0.06154591448570468,"{""status"": ""ok""}"
control,threshold_survival,0.1,7,affinity_rank_group,primary,128,0.04308214013999327,0.0,0.0,0.06154591448570468,"{""status"": ""ok""}"
control,threshold_survival,0.1,7,prefix_group,primary,1,0.012309182897140936,0.0,0.0,0.06154591448570468,"{""status"": ""ok""}"
control,threshold_survival,0.1,7,prefix_group,primary,2,0.012309182897140936,0.0,0.0,0.06154591448570468,"{""status"": ""ok""}"
control,threshold_survival,0.1,7,prefix_group,primary,3,0.012309182897140936,0.0,0.0,0.06154591448570468,"{""status"": ""ok""}"
control,threshold_survival,0.1,7,prefix_group,primary,4,0.012309182897140936,0.0,0.0,0.06154591448570468,"{""status"": ""ok""}"
control,threshold_survival,0.1,7,prefix_group,primary,6,0.024618365794281873,0.0,0.0,0.06154591448570468,"{""status"": ""ok""}"
control,threshold_survival,0.1,7,prefix_group,primary,8,0.024618365794281873,0.0,0.0,0.06154591448570468,"{""status"": ""ok""}"
control,threshold_survival,0.1,7,prefix_group,primary,12,0.024618365794281873,0.0,0.0,0.06154591448570468,"{""status"": ""ok""}"
control,threshold_survival,0.1,7,prefix_group,primary,16,0.024618365794281873,0.0,0.0,0.06154591448570468,"{""status"": ""ok""}"
control,threshold_survival,0.1,7,prefix_group,primary,24,0.036927548691422805,0.0,0.0,0.06154591448570468,"{""status"": ""ok""}"
control,threshold_survival,0.1,7,prefix_group,primary,32,0.036927548691422805,0.0,0.0,0.06154591448570468,"{""status"": ""ok""}"
control,threshold_survival,0.1,7,prefix_group,primary,48,0.036927548691422805,0.0,0.0,0.06154591448570468,"{""status"": ""ok""}"
control,threshold_survival,0.1,7,prefix_group,primary,64,0.036927548691422805,0.0,0.0,0.06154591448570468,"{""status"": ""ok""}"
control,threshold_survival,0.1,7,prefix_group,primary,96,0.049236731588563745,0.0,0.0,0.06154591448570468,"{""status"": ""ok""}"
control,threshold_survival,0.1,7,prefix_group,primary,128,0.049236731588563745,0.0,0.0,0.06154591448570468,"{""status"": ""ok""}"
control,threshold_survival,0.1,7,kmeans_profile,diagnostic_function_preserving,1,0.0,0.0,0.0,0.06154591448570468,"{""diversity"": 0.0, ""k_used"": 1, ""status"": ""disabled_low_diversity""}"
control,threshold_survival,0.1,7,kmeans_profile,diagnostic_function_preserving,2,0.0,0.0,0.0,0.06154591448570468,"{""diversity"": 0.0, ""k_used"": 1, ""status"": ""disabled_low_diversity""}"
control,threshold_survival,0.1,7,kmeans_profile,diagnostic_function_preserving,3,0.0,0.0,0.0,0.06154591448570468,"{""diversity"": 0.0, ""k_used"": 1, ""status"": ""disabled_low_diversity""}"
control,threshold_survival,0.1,7,kmeans_profile,diagnostic_function_preserving,4,0.0,0.0,0.0,0.06154591448570468,"{""diversity"": 0.0, ""k_used"": 1, ""status"": ""disabled_low_diversity""}"
control,threshold_survival,0.1,7,kmeans_profile,diagnostic_function_preserving,6,0.0,0.0,0.0,0.06154591448570468,"{""diversity"": 0.0, ""k_used"": 1, ""status"": ""disabled_low_diversity""}"
control,threshold_survival,0.1,7,kmeans_profile,diagnostic_function_preserving,8,0.0,0.0,0.0,0.06154591448570468,"{""diversity"": 0.0, ""k_used"": 1, ""status"": ""disabled_low_diversity""}"
control,threshold_survival,0.1,7,kmeans_profile,diagnostic_function_preserving,12,0.0,0.0,0.0,0.06154591448570468,"{""diversity"": 0.0, ""k_used"": 1, ""status"": ""disabled_low_diversity""}"
control,threshold_survival,0.1,7,kmeans_profile,diagnostic_function_preserving,16,0.0,0.0,0.0,0.06154591448570468,"{""diversity"": 0.0, ""k_used"": 1, ""status"": ""disabled_low_diversity""}"
control,threshold_survival,0.1,7,kmeans_profile,diagnostic_function_preserving,24,0.0,0.0,0.0,0.06154591448570468,"{""diversity"": 0.0, ""k_used"": 1, ""status"": ""disabled_low_diversity""}"
control,threshold_survival,0.1,7,kmeans_profile,diagnostic_function_preserving,32,0.0,0.0,0.0,0.06154591448570468,"{""diversity"": 0.0, ""k_used"": 1, ""status"": ""disabled_low_diversity""}"
control,threshold_survival,0.1,7,kmeans_profile,diagnostic_function_preserving,48,0.0,0.0,0.0,0.06154591448570468,"{""diversity"": 0.0, ""k_used"": 1, ""status"": ""disabled_low_diversity""}"
control,threshold_survival,0.1,7,kmeans_profile,diagnostic_function_preserving,64,0.0,0.0,0.0,0.06154591448570468,"{""diversity"": 0.0, ""k_used"": 1, ""status"": ""disabled_low_diversity""}"
control,threshold_survival,0.1,7,kmeans_profile,diagnostic_function_preserving,96,0.0,0.0,0.0,0.06154591448570468,"{""diversity"": 0.0, ""k_used"": 1, ""status"": ""disabled_low_diversity""}"
control,threshold_survival,0.1,7,kmeans_profile,diagnostic_function_preserving,128,0.0,0.0,0.0,0.06154591448570468,"{""diversity"": 0.0, ""k_used"": 1, ""status"": ""disabled_low_diversity""}"
control,threshold_survival,0.1,8,balanced_random_group,primary,1,0.0,0.0,0.0,0.06283819428740861,"{""status"": ""ok""}"
control,threshold_survival,0.1,8,balanced_random_group,primary,2,0.006283819428740862,0.0,0.0,0.06283819428740861,"{""status"": ""ok""}"
control,threshold_survival,0.1,8,balanced_random_group,primary,3,0.009959618155857301,0.0,0.0,0.06283819428740861,"{""status"": ""ok""}"
control,threshold_survival,0.1,8,balanced_random_group,primary,4,0.012567638857481724,0.0,0.0,0.06283819428740861,"{""status"": ""ok""}"
control,threshold_survival,0.1,8,balanced_random_group,primary,6,0.016243437584598164,0.0,0.0,0.06283819428740861,"{""status"": ""ok""}"
control,threshold_survival,0.1,8,balanced_random_group,primary,8,0.018851458286222582,0.0,0.0,0.06283819428740861,"{""status"": ""ok""}"
control,threshold_survival,0.1,8,balanced_random_group,primary,12,0.022527257013339023,0.0,0.0,0.06283819428740861,"{""status"": ""ok""}"
control,threshold_survival,0.1,8,balanced_random_group,primary,16,0.025135277714963447,0.0,0.0,0.06283819428740861,"{""status"": ""ok""}"
control,threshold_survival,0.1,8,balanced_random_group,primary,24,0.028811076442079885,0.0,0.0,0.06283819428740861,"{""status"": ""ok""}"
control,threshold_survival,0.1,8,balanced_random_group,primary,32,0.031419097143704305,0.0,0.0,0.06283819428740861,"{""status"": ""ok""}"
control,threshold_survival,0.1,8,balanced_random_group,primary,48,0.03509489587082074,0.0,0.0,0.06283819428740861,"{""status"": ""ok""}"
control,threshold_survival,0.1,8,balanced_random_group,primary,64,0.037702916572445164,0.0,0.0,0.06283819428740861,"{""status"": ""ok""}"
control,threshold_survival,0.1,8,balanced_random_group,primary,96,0.04137871529956161,0.0,0.0,0.06283819428740861,"{""status"": ""ok""}"
control,threshold_survival,0.1,8,balanced_random_group,primary,128,0.04398673600118602,0.0,0.0,0.06283819428740861,"{""status"": ""ok""}"
control,threshold_survival,0.1,8,affinity_rank_group,primary,1,0.0,0.0,0.0,0.06283819428740861,"{""status"": ""ok""}"
control,threshold_survival,0.1,8,affinity_rank_group,primary,2,0.006283819428740862,0.0,0.0,0.06283819428740861,"{""status"": ""ok""}"
control,threshold_survival,0.1,8,affinity_rank_group,primary,3,0.009959618155857301,0.0,0.0,0.06283819428740861,"{""status"": ""ok""}"
control,threshold_survival,0.1,8,affinity_rank_group,primary,4,0.012567638857481724,0.0,0.0,0.06283819428740861,"{""status"": ""ok""}"
control,threshold_survival,0.1,8,affinity_rank_group,primary,6,0.016243437584598164,0.0,0.0,0.06283819428740861,"{""status"": ""ok""}"
control,threshold_survival,0.1,8,affinity_rank_group,primary,8,0.018851458286222582,0.0,0.0,0.06283819428740861,"{""status"": ""ok""}"
control,threshold_survival,0.1,8,affinity_rank_group,primary,12,0.022527257013339023,0.0,0.0,0.06283819428740861,"{""status"": ""ok""}"
control,threshold_survival,0.1,8,affinity_rank_group,primary,16,0.025135277714963447,0.0,0.0,0.06283819428740861,"{""status"": ""ok""}"
control,threshold_survival,0.1,8,affinity_rank_group,primary,24,0.028811076442079885,0.0,0.0,0.06283819428740861,"{""status"": ""ok""}"
control,threshold_survival,0.1,8,affinity_rank_group,primary,32,0.031419097143704305,0.0,0.0,0.06283819428740861,"{""status"": ""ok""}"
control,threshold_survival,0.1,8,affinity_rank_group,primary,48,0.03509489587082074,0.0,0.0,0.06283819428740861,"{""status"": ""ok""}"
control,threshold_survival,0.1,8,affinity_rank_group,primary,64,0.037702916572445164,0.0,0.0,0.06283819428740861,"{""status"": ""ok""}"
control,threshold_survival,0.1,8,affinity_rank_group,primary,96,0.04137871529956161,0.0,0.0,0.06283819428740861,"{""status"": ""ok""}"
control,threshold_survival,0.1,8,affinity_rank_group,primary,128,0.04398673600118602,0.0,0.0,0.06283819428740861,"{""status"": ""ok""}"
control,threshold_survival,0.1,8,prefix_group,primary,1,0.012567638857481724,0.0,0.0,0.06283819428740861,"{""status"": ""ok""}"
control,threshold_survival,0.1,8,prefix_group,primary,2,0.012567638857481724,0.0,0.0,0.06283819428740861,"{""status"": ""ok""}"
control,threshold_survival,0.1,8,prefix_group,primary,3,0.012567638857481724,0.0,0.0,0.06283819428740861,"{""status"": ""ok""}"
control,threshold_survival,0.1,8,prefix_group,primary,4,0.012567638857481724,0.0,0.0,0.06283819428740861,"{""status"": ""ok""}"
control,threshold_survival,0.1,8,prefix_group,primary,6,0.025135277714963447,0.0,0.0,0.06283819428740861,"{""status"": ""ok""}"
control,threshold_survival,0.1,8,prefix_group,primary,8,0.025135277714963447,0.0,0.0,0.06283819428740861,"{""status"": ""ok""}"
control,threshold_survival,0.1,8,prefix_group,primary,12,0.025135277714963447,0.0,0.0,0.06283819428740861,"{""status"": ""ok""}"
control,threshold_survival,0.1,8,prefix_group,primary,16,0.025135277714963447,0.0,0.0,0.06283819428740861,"{""status"": ""ok""}"
control,threshold_survival,0.1,8,prefix_group,primary,24,0.037702916572445164,0.0,0.0,0.06283819428740861,"{""status"": ""ok""}"
control,threshold_survival,0.1,8,prefix_group,primary,32,0.037702916572445164,0.0,0.0,0.06283819428740861,"{""status"": ""ok""}"
control,threshold_survival,0.1,8,prefix_group,primary,48,0.037702916572445164,0.0,0.0,0.06283819428740861,"{""status"": ""ok""}"
control,threshold_survival,0.1,8,prefix_group,primary,64,0.037702916572445164,0.0,0.0,0.06283819428740861,"{""status"": ""ok""}"
control,threshold_survival,0.1,8,prefix_group,primary,96,0.050270555429926894,0.0,0.0,0.06283819428740861,"{""status"": ""ok""}"
control,threshold_survival,0.1,8,prefix_group,primary,128,0.050270555429926894,0.0,0.0,0.06283819428740861,"{""status"": ""ok""}"
control,threshold_survival,0.1,8,kmeans_profile,diagnostic_function_preserving,1,0.0,0.0,0.0,0.06283819428740861,"{""diversity"": 0.0, ""k_used"": 1, ""status"": ""disabled_low_diversity""}"
control,threshold_survival,0.1,8,kmeans_profile,diagnostic_function_preserving,2,0.0,0.0,0.0,0.06283819428740861,"{""diversity"": 0.0, ""k_used"": 1, ""status"": ""disabled_low_diversity""}"
control,threshold_survival,0.1,8,kmeans_profile,diagnostic_function_preserving,3,0.0,0.0,0.0,0.06283819428740861,"{""diversity"": 0.0, ""k_used"": 1, ""status"": ""disabled_low_diversity""}"
control,threshold_survival,0.1,8,kmeans_profile,diagnostic_function_preserving,4,0.0,0.0,0.0,0.06283819428740861,"{""diversity"": 0.0, ""k_used"": 1, ""status"": ""disabled_low_diversity""}"
control,threshold_survival,0.1,8,kmeans_profile,diagnostic_function_preserving,6,0.0,0.0,0.0,0.06283819428740861,"{""diversity"": 0.0, ""k_used"": 1, ""status"": ""disabled_low_diversity""}"
control,threshold_survival,0.1,8,kmeans_profile,diagnostic_function_preserving,8,0.0,0.0,0.0,0.06283819428740861,"{""diversity"": 0.0, ""k_used"": 1, ""status"": ""disabled_low_diversity""}"
control,threshold_survival,0.1,8,kmeans_profile,diagnostic_function_preserving,12,0.0,0.0,0.0,0.06283819428740861,"{""diversity"": 0.0, ""k_used"": 1, ""status"": ""disabled_low_diversity""}"
control,threshold_survival,0.1,8,kmeans_profile,diagnostic_function_preserving,16,0.0,0.0,0.0,0.06283819428740861,"{""diversity"": 0.0, ""k_used"": 1, ""status"": ""disabled_low_diversity""}"
control,threshold_survival,0.1,8,kmeans_profile,diagnostic_function_preserving,24,0.0,0.0,0.0,0.06283819428740861,"{""diversity"": 0.0, ""k_used"": 1, ""status"": ""disabled_low_diversity""}"
control,threshold_survival,0.1,8,kmeans_profile,diagnostic_function_preserving,32,0.0,0.0,0.0,0.06283819428740861,"{""diversity"": 0.0, ""k_used"": 1, ""status"": ""disabled_low_diversity""}"
control,threshold_survival,0.1,8,kmeans_profile,diagnostic_function_preserving,48,0.0,0.0,0.0,0.06283819428740861,"{""diversity"": 0.0, ""k_used"": 1, ""status"": ""disabled_low_diversity""}"
control,threshold_survival,0.1,8,kmeans_profile,diagnostic_function_preserving,64,0.0,0.0,0.0,0.06283819428740861,"{""diversity"": 0.0, ""k_used"": 1, ""status"": ""disabled_low_diversity""}"
control,threshold_survival,0.1,8,kmeans_profile,diagnostic_function_preserving,96,0.0,0.0,0.0,0.06283819428740861,"{""diversity"": 0.0, ""k_used"": 1, ""status"": ""disabled_low_diversity""}"
control,threshold_survival,0.1,8,kmeans_profile,diagnostic_function_preserving,128,0.0,0.0,0.0,0.06283819428740861,"{""diversity"": 0.0, ""k_used"": 1, ""status"": ""disabled_low_diversity""}"
control,threshold_survival,0.1,9,balanced_random_group,primary,1,0.0,0.0,0.0,0.06235867201031921,"{""status"": ""ok""}"
control,threshold_survival,0.1,9,balanced_random_group,primary,2,0.006235867201031921,0.0,0.0,0.06235867201031921,"{""status"": ""ok""}"
control,threshold_survival,0.1,9,balanced_random_group,primary,3,0.009883615673112588,0.0,0.0,0.06235867201031921,"{""status"": ""ok""}"
control,threshold_survival,0.1,9,balanced_random_group,primary,4,0.012471734402063842,0.0,0.0,0.06235867201031921,"{""status"": ""ok""}"
control,threshold_survival,0.1,9,balanced_random_group,primary,6,0.01611948287414451,0.0,0.0,0.06235867201031921,"{""status"": ""ok""}"
control,threshold_survival,0.1,9,balanced_random_group,primary,8,0.01870760160309576,0.0,0.0,0.06235867201031921,"{""status"": ""ok""}"
control,threshold_survival,0.1,9,balanced_random_group,primary,12,0.02235535007517643,0.0,0.0,0.06235867201031921,"{""status"": ""ok""}"
control,threshold_survival,0.1,9,balanced_random_group,primary,16,0.024943468804127684,0.0,0.0,0.06235867201031921,"{""status"": ""ok""}"
control,threshold_survival,0.1,9,balanced_random_group,primary,24,0.02859121727620835,0.0,0.0,0.06235867201031921,"{""status"": ""ok""}"
control,threshold_survival,0.1,9,balanced_random_group,primary,32,0.031179336005159604,0.0,0.0,0.06235867201031921,"{""status"": ""ok""}"
control,threshold_survival,0.1,9,balanced_random_group,primary,48,0.03482708447724027,0.0,0.0,0.06235867201031921,"{""status"": ""ok""}"
control,threshold_survival,0.1,9,balanced_random_group,primary,64,0.03741520320619152,0.0,0.0,0.06235867201031921,"{""status"": ""ok""}"
control,threshold_survival,0.1,9,balanced_random_group,primary,96,0.041062951678272196,0.0,0.0,0.06235867201031921,"{""status"": ""ok""}"
control,threshold_survival,0.1,9,balanced_random_group,primary,128,0.04365107040722344,0.0,0.0,0.06235867201031921,"{""status"": ""ok""}"
control,threshold_survival,0.1,9,affinity_rank_group,primary,1,0.0,0.0,0.0,0.06235867201031921,"{""status"": ""ok""}"
control,threshold_survival,0.1,9,affinity_rank_group,primary,2,0.006235867201031921,0.0,0.0,0.06235867201031921,"{""status"": ""ok""}"
control,threshold_survival,0.1,9,affinity_rank_group,primary,3,0.009883615673112588,0.0,0.0,0.06235867201031921,"{""status"": ""ok""}"
control,threshold_survival,0.1,9,affinity_rank_group,primary,4,0.012471734402063842,0.0,0.0,0.06235867201031921,"{""status"": ""ok""}"
control,threshold_survival,0.1,9,affinity_rank_group,primary,6,0.01611948287414451,0.0,0.0,0.06235867201031921,"{""status"": ""ok""}"
control,threshold_survival,0.1,9,affinity_rank_group,primary,8,0.01870760160309576,0.0,0.0,0.06235867201031921,"{""status"": ""ok""}"
control,threshold_survival,0.1,9,affinity_rank_group,primary,12,0.02235535007517643,0.0,0.0,0.06235867201031921,"{""status"": ""ok""}"
control,threshold_survival,0.1,9,affinity_rank_group,primary,16,0.024943468804127684,0.0,0.0,0.06235867201031921,"{""status"": ""ok""}"
control,threshold_survival,0.1,9,affinity_rank_group,primary,24,0.02859121727620835,0.0,0.0,0.06235867201031921,"{""status"": ""ok""}"
control,threshold_survival,0.1,9,affinity_rank_group,primary,32,0.031179336005159604,0.0,0.0,0.06235867201031921,"{""status"": ""ok""}"
control,threshold_survival,0.1,9,affinity_rank_group,primary,48,0.03482708447724027,0.0,0.0,0.06235867201031921,"{""status"": ""ok""}"
control,threshold_survival,0.1,9,affinity_rank_group,primary,64,0.03741520320619152,0.0,0.0,0.06235867201031921,"{""status"": ""ok""}"
control,threshold_survival,0.1,9,affinity_rank_group,primary,96,0.041062951678272196,0.0,0.0,0.06235867201031921,"{""status"": ""ok""}"
control,threshold_survival,0.1,9,affinity_rank_group,primary,128,0.04365107040722344,0.0,0.0,0.06235867201031921,"{""status"": ""ok""}"
control,threshold_survival,0.1,9,prefix_group,primary,1,0.012471734402063842,0.0,0.0,0.06235867201031921,"{""status"": ""ok""}"
control,threshold_survival,0.1,9,prefix_group,primary,2,0.012471734402063842,0.0,0.0,0.06235867201031921,"{""status"": ""ok""}"
control,threshold_survival,0.1,9,prefix_group,primary,3,0.012471734402063842,0.0,0.0,0.06235867201031921,"{""status"": ""ok""}"
control,threshold_survival,0.1,9,prefix_group,primary,4,0.012471734402063842,0.0,0.0,0.06235867201031921,"{""status"": ""ok""}"
control,threshold_survival,0.1,9,prefix_group,primary,6,0.024943468804127684,0.0,0.0,0.06235867201031921,"{""status"": ""ok""}"
control,threshold_survival,0.1,9,prefix_group,primary,8,0.024943468804127684,0.0,0.0,0.06235867201031921,"{""status"": ""ok""}"
control,threshold_survival,0.1,9,prefix_group,primary,12,0.024943468804127684,0.0,0.0,0.06235867201031921,"{""status"": ""ok""}"
control,threshold_survival,0.1,9,prefix_group,primary,16,0.024943468804127684,0.0,0.0,0.06235867201031921,"{""status"": ""ok""}"
control,threshold_survival,0.1,9,prefix_group,primary,24,0.03741520320619152,0.0,0.0,0.06235867201031921,"{""status"": ""ok""}"
control,threshold_survival,0.1,9,prefix_group,primary,32,0.03741520320619152,0.0,0.0,0.06235867201031921,"{""status"": ""ok""}"
control,threshold_survival,0.1,9,prefix_group,primary,48,0.03741520320619152,0.0,0.0,0.06235867201031921,"{""status"": ""ok""}"
control,threshold_survival,0.1,9,prefix_group,primary,64,0.03741520320619152,0.0,0.0,0.06235867201031921,"{""status"": ""ok""}"
control,threshold_survival,0.1,9,prefix_group,primary,96,0.04988693760825537,0.0,0.0,0.06235867201031921,"{""status"": ""ok""}"
control,threshold_survival,0.1,9,prefix_group,primary,128,0.04988693760825537,0.0,0.0,0.06235867201031921,"{""status"": ""ok""}"
control,threshold_survival,0.1,9,kmeans_profile,diagnostic_function_preserving,1,0.0,0.0,0.0,0.06235867201031921,"{""diversity"": 0.0, ""k_used"": 1, ""status"": ""disabled_low_diversity""}"
control,threshold_survival,0.1,9,kmeans_profile,diagnostic_function_preserving,2,0.0,0.0,0.0,0.06235867201031921,"{""diversity"": 0.0, ""k_used"": 1, ""status"": ""disabled_low_diversity""}"
control,threshold_survival,0.1,9,kmeans_profile,diagnostic_function_preserving,3,0.0,0.0,0.0,0.06235867201031921,"{""diversity"": 0.0, ""k_used"": 1, ""status"": ""disabled_low_diversity""}"
control,threshold_survival,0.1,9,kmeans_profile,diagnostic_function_preserving,4,0.0,0.0,0.0,0.06235867201031921,"{""diversity"": 0.0, ""k_used"": 1, ""status"": ""disabled_low_diversity""}"
control,threshold_survival,0.1,9,kmeans_profile,diagnostic_function_preserving,6,0.0,0.0,0.0,0.06235867201031921,"{""diversity"": 0.0, ""k_used"": 1, ""status"": ""disabled_low_diversity""}"
control,threshold_survival,0.1,9,kmeans_profile,diagnostic_function_preserving,8,0.0,0.0,0.0,0.06235867201031921,"{""diversity"": 0.0, ""k_used"": 1, ""status"": ""disabled_low_diversity""}"
control,threshold_survival,0.1,9,kmeans_profile,diagnostic_function_preserving,12,0.0,0.0,0.0,0.06235867201031921,"{""diversity"": 0.0, ""k_used"": 1, ""status"": ""disabled_low_diversity""}"
control,threshold_survival,0.1,9,kmeans_profile,diagnostic_function_preserving,16,0.0,0.0,0.0,0.06235867201031921,"{""diversity"": 0.0, ""k_used"": 1, ""status"": ""disabled_low_diversity""}"
control,threshold_survival,0.1,9,kmeans_profile,diagnostic_function_preserving,24,0.0,0.0,0.0,0.06235867201031921,"{""diversity"": 0.0, ""k_used"": 1, ""status"": ""disabled_low_diversity""}"
control,threshold_survival,0.1,9,kmeans_profile,diagnostic_function_preserving,32,0.0,0.0,0.0,0.06235867201031921,"{""diversity"": 0.0, ""k_used"": 1, ""status"": ""disabled_low_diversity""}"
control,threshold_survival,0.1,9,kmeans_profile,diagnostic_function_preserving,48,0.0,0.0,0.0,0.06235867201031921,"{""diversity"": 0.0, ""k_used"": 1, ""status"": ""disabled_low_diversity""}"
control,threshold_survival,0.1,9,kmeans_profile,diagnostic_function_preserving,64,0.0,0.0,0.0,0.06235867201031921,"{""diversity"": 0.0, ""k_used"": 1, ""status"": ""disabled_low_diversity""}"
control,threshold_survival,0.1,9,kmeans_profile,diagnostic_function_preserving,96,0.0,0.0,0.0,0.06235867201031921,"{""diversity"": 0.0, ""k_used"": 1, ""status"": ""disabled_low_diversity""}"
control,threshold_survival,0.1,9,kmeans_profile,diagnostic_function_preserving,128,0.0,0.0,0.0,0.06235867201031921,"{""diversity"": 0.0, ""k_used"": 1, ""status"": ""disabled_low_diversity""}"
control,threshold_survival,0.1,10,balanced_random_group,primary,1,0.0,0.0,0.0,0.06349053626417707,"{""status"": ""ok""}"
control,threshold_survival,0.1,10,balanced_random_group,primary,2,0.006349053626417707,0.0,0.0,0.06349053626417707,"{""status"": ""ok""}"
control,threshold_survival,0.1,10,balanced_random_group,primary,3,0.010063011912939733,0.0,0.0,0.06349053626417707,"{""status"": ""ok""}"
control,threshold_survival,0.1,10,balanced_random_group,primary,4,0.012698107252835414,0.0,0.0,0.06349053626417707,"{""status"": ""ok""}"
control,threshold_survival,0.1,10,balanced_random_group,primary,6,0.01641206553935744,0.0,0.0,0.06349053626417707,"{""status"": ""ok""}"
control,threshold_survival,0.1,10,balanced_random_group,primary,8,0.01904716087925312,0.0,0.0,0.06349053626417707,"{""status"": ""ok""}"
control,threshold_survival,0.1,10,balanced_random_group,primary,12,0.022761119165775147,0.0,0.0,0.06349053626417707,"{""status"": ""ok""}"
control,threshold_survival,0.1,10,balanced_random_group,primary,16,0.02539621450567083,0.0,0.0,0.06349053626417707,"{""status"": ""ok""}"
control,threshold_survival,0.1,10,balanced_random_group,primary,24,0.029110172792192853,0.0,0.0,0.06349053626417707,"{""status"": ""ok""}"
control,threshold_survival,0.1,10,balanced_random_group,primary,32,0.031745268132088535,0.0,0.0,0.06349053626417707,"{""status"": ""ok""}"
control,threshold_survival,0.1,10,balanced_random_group,primary,48,0.03545922641861056,0.0,0.0,0.06349053626417707,"{""status"": ""ok""}"
control,threshold_survival,0.1,10,balanced_random_group,primary,64,0.03809432175850624,0.0,0.0,0.06349053626417707,"{""status"": ""ok""}"
control,threshold_survival,0.1,10,balanced_random_group,primary,96,0.04180828004502827,0.0,0.0,0.06349053626417707,"{""status"": ""ok""}"
control,threshold_survival,0.1,10,balanced_random_group,primary,128,0.04444337538492395,0.0,0.0,0.06349053626417707,"{""status"": ""ok""}"
control,threshold_survival,0.1,10,affinity_rank_group,primary,1,0.0,0.0,0.0,0.06349053626417707,"{""status"": ""ok""}"
control,threshold_survival,0.1,10,affinity_rank_group,primary,2,0.006349053626417707,0.0,0.0,0.06349053626417707,"{""status"": ""ok""}"
control,threshold_survival,0.1,10,affinity_rank_group,primary,3,0.010063011912939733,0.0,0.0,0.06349053626417707,"{""status"": ""ok""}"
control,threshold_survival,0.1,10,affinity_rank_group,primary,4,0.012698107252835414,0.0,0.0,0.06349053626417707,"{""status"": ""ok""}"
control,threshold_survival,0.1,10,affinity_rank_group,primary,6,0.01641206553935744,0.0,0.0,0.06349053626417707,"{""status"": ""ok""}"
control,threshold_survival,0.1,10,affinity_rank_group,primary,8,0.01904716087925312,0.0,0.0,0.06349053626417707,"{""status"": ""ok""}"
control,threshold_survival,0.1,10,affinity_rank_group,primary,12,0.022761119165775147,0.0,0.0,0.06349053626417707,"{""status"": ""ok""}"
control,threshold_survival,0.1,10,affinity_rank_group,primary,16,0.02539621450567083,0.0,0.0,0.06349053626417707,"{""status"": ""ok""}"
control,threshold_survival,0.1,10,affinity_rank_group,primary,24,0.029110172792192853,0.0,0.0,0.06349053626417707,"{""status"": ""ok""}"
control,threshold_survival,0.1,10,affinity_rank_group,primary,32,0.031745268132088535,0.0,0.0,0.06349053626417707,"{""status"": ""ok""}"
control,threshold_survival,0.1,10,affinity_rank_group,primary,48,0.03545922641861056,0.0,0.0,0.06349053626417707,"{""status"": ""ok""}"
control,threshold_survival,0.1,10,affinity_rank_group,primary,64,0.03809432175850624,0.0,0.0,0.06349053626417707,"{""status"": ""ok""}"
control,threshold_survival,0.1,10,affinity_rank_group,primary,96,0.04180828004502827,0.0,0.0,0.06349053626417707,"{""status"": ""ok""}"
control,threshold_survival,0.1,10,affinity_rank_group,primary,128,0.04444337538492395,0.0,0.0,0.06349053626417707,"{""status"": ""ok""}"
control,threshold_survival,0.1,10,prefix_group,primary,1,0.012698107252835414,0.0,0.0,0.06349053626417707,"{""status"": ""ok""}"
control,threshold_survival,0.1,10,prefix_group,primary,2,0.012698107252835414,0.0,0.0,0.06349053626417707,"{""status"": ""ok""}"
control,threshold_survival,0.1,10,prefix_group,primary,3,0.012698107252835414,0.0,0.0,0.06349053626417707,"{""status"": ""ok""}"
control,threshold_survival,0.1,10,prefix_group,primary,4,0.012698107252835414,0.0,0.0,0.06349053626417707,"{""status"": ""ok""}"
control,threshold_survival,0.1,10,prefix_group,primary,6,0.02539621450567083,0.0,0.0,0.06349053626417707,"{""status"": ""ok""}"
control,threshold_survival,0.1,10,prefix_group,primary,8,0.02539621450567083,0.0,0.0,0.06349053626417707,"{""status"": ""ok""}"
control,threshold_survival,0.1,10,prefix_group,primary,12,0.02539621450567083,0.0,0.0,0.06349053626417707,"{""status"": ""ok""}"
control,threshold_survival,0.1,10,prefix_group,primary,16,0.02539621450567083,0.0,0.0,0.06349053626417707,"{""status"": ""ok""}"
control,threshold_survival,0.1,10,prefix_group,primary,24,0.03809432175850624,0.0,0.0,0.06349053626417707,"{""status"": ""ok""}"
control,threshold_survival,0.1,10,prefix_group,primary,32,0.03809432175850624,0.0,0.0,0.06349053626417707,"{""status"": ""ok""}"
control,threshold_survival,0.1,10,prefix_group,primary,48,0.03809432175850624,0.0,0.0,0.06349053626417707,"{""status"": ""ok""}"
control,threshold_survival,0.1,10,prefix_group,primary,64,0.03809432175850624,0.0,0.0,0.06349053626417707,"{""status"": ""ok""}"
control,threshold_survival,0.1,10,prefix_group,primary,96,0.05079242901134166,0.0,0.0,0.06349053626417707,"{""status"": ""ok""}"
control,threshold_survival,0.1,10,prefix_group,primary,128,0.05079242901134166,0.0,0.0,0.06349053626417707,"{""status"": ""ok""}"
control,threshold_survival,0.1,10,kmeans_profile,diagnostic_function_preserving,1,0.0,0.0,0.0,0.06349053626417707,"{""diversity"": 0.0, ""k_used"": 1, ""status"": ""disabled_low_diversity""}"
control,threshold_survival,0.1,10,kmeans_profile,diagnostic_function_preserving,2,0.0,0.0,0.0,0.06349053626417707,"{""diversity"": 0.0, ""k_used"": 1, ""status"": ""disabled_low_diversity""}"
control,threshold_survival,0.1,10,kmeans_profile,diagnostic_function_preserving,3,0.0,0.0,0.0,0.06349053626417707,"{""diversity"": 0.0, ""k_used"": 1, ""status"": ""disabled_low_diversity""}"
control,threshold_survival,0.1,10,kmeans_profile,diagnostic_function_preserving,4,0.0,0.0,0.0,0.06349053626417707,"{""diversity"": 0.0, ""k_used"": 1, ""status"": ""disabled_low_diversity""}"
control,threshold_survival,0.1,10,kmeans_profile,diagnostic_function_preserving,6,0.0,0.0,0.0,0.06349053626417707,"{""diversity"": 0.0, ""k_used"": 1, ""status"": ""disabled_low_diversity""}"
control,threshold_survival,0.1,10,kmeans_profile,diagnostic_function_preserving,8,0.0,0.0,0.0,0.06349053626417707,"{""diversity"": 0.0, ""k_used"": 1, ""status"": ""disabled_low_diversity""}"
control,threshold_survival,0.1,10,kmeans_profile,diagnostic_function_preserving,12,0.0,0.0,0.0,0.06349053626417707,"{""diversity"": 0.0, ""k_used"": 1, ""status"": ""disabled_low_diversity""}"
control,threshold_survival,0.1,10,kmeans_profile,diagnostic_function_preserving,16,0.0,0.0,0.0,0.06349053626417707,"{""diversity"": 0.0, ""k_used"": 1, ""status"": ""disabled_low_diversity""}"
control,threshold_survival,0.1,10,kmeans_profile,diagnostic_function_preserving,24,0.0,0.0,0.0,0.06349053626417707,"{""diversity"": 0.0, ""k_used"": 1, ""status"": ""disabled_low_diversity""}"
control,threshold_survival,0.1,10,kmeans_profile,diagnostic_function_preserving,32,0.0,0.0,0.0,0.06349053626417707,"{""diversity"": 0.0, ""k_used"": 1, ""status"": ""disabled_low_diversity""}"
control,threshold_survival,0.1,10,kmeans_profile,diagnostic_function_preserving,48,0.0,0.0,0.0,0.06349053626417707,"{""diversity"": 0.0, ""k_used"": 1, ""status"": ""disabled_low_diversity""}"
control,threshold_survival,0.1,10,kmeans_profile,diagnostic_function_preserving,64,0.0,0.0,0.0,0.06349053626417707,"{""diversity"": 0.0, ""k_used"": 1, ""status"": ""disabled_low_diversity""}"
control,threshold_survival,0.1,10,kmeans_profile,diagnostic_function_preserving,96,0.0,0.0,0.0,0.06349053626417707,"{""diversity"": 0.0, ""k_used"": 1, ""status"": ""disabled_low_diversity""}"
control,threshold_survival,0.1,10,kmeans_profile,diagnostic_function_preserving,128,0.0,0.0,0.0,0.06349053626417707,"{""diversity"": 0.0, ""k_used"": 1, ""status"": ""disabled_low_diversity""}"
control,threshold_survival,0.1,11,balanced_random_group,primary,1,0.0,0.0,0.0,0.06335558294652174,"{""status"": ""ok""}"
control,threshold_survival,0.1,11,balanced_random_group,primary,2,0.006335558294652175,0.0,0.0,0.06335558294652174,"{""status"": ""ok""}"
control,threshold_survival,0.1,11,balanced_random_group,primary,3,0.010041622318156572,0.0,0.0,0.06335558294652174,"{""status"": ""ok""}"
control,threshold_survival,0.1,11,balanced_random_group,primary,4,0.01267111658930435,0.0,0.0,0.06335558294652174,"{""status"": ""ok""}"
control,threshold_survival,0.1,11,balanced_random_group,primary,6,0.01637718061280875,0.0,0.0,0.06335558294652174,"{""status"": ""ok""}"
control,threshold_survival,0.1,11,balanced_random_group,primary,8,0.019006674883956524,0.0,0.0,0.06335558294652174,"{""status"": ""ok""}"
control,threshold_survival,0.1,11,balanced_random_group,primary,12,0.022712738907460922,0.0,0.0,0.06335558294652174,"{""status"": ""ok""}"
control,threshold_survival,0.1,11,balanced_random_group,primary,16,0.0253422331786087,0.0,0.0,0.06335558294652174,"{""status"": ""ok""}"
control,threshold_survival,0.1,11,balanced_random_group,primary,24,0.029048297202113094,0.0,0.0,0.06335558294652174,"{""status"": ""ok""}"
control,threshold_survival,0.1,11,balanced_random_group,primary,32,0.03167779147326087,0.0,0.0,0.06335558294652174,"{""status"": ""ok""}"
control,threshold_survival,0.1,11,balanced_random_group,primary,48,0.03538385549676527,0.0,0.0,0.06335558294652174,"{""status"": ""ok""}"
control,threshold_survival,0.1,11,balanced_random_group,primary,64,0.03801334976791305,0.0,0.0,0.06335558294652174,"{""status"": ""ok""}"
control,threshold_survival,0.1,11,balanced_random_group,primary,96,0.04171941379141745,0.0,0.0,0.06335558294652174,"{""status"": ""ok""}"
control,threshold_survival,0.1,11,balanced_random_group,primary,128,0.044348908062565216,0.0,0.0,0.06335558294652174,"{""status"": ""ok""}"
control,threshold_survival,0.1,11,affinity_rank_group,primary,1,0.0,0.0,0.0,0.06335558294652174,"{""status"": ""ok""}"
control,threshold_survival,0.1,11,affinity_rank_group,primary,2,0.006335558294652175,0.0,0.0,0.06335558294652174,"{""status"": ""ok""}"
control,threshold_survival,0.1,11,affinity_rank_group,primary,3,0.010041622318156572,0.0,0.0,0.06335558294652174,"{""status"": ""ok""}"
control,threshold_survival,0.1,11,affinity_rank_group,primary,4,0.01267111658930435,0.0,0.0,0.06335558294652174,"{""status"": ""ok""}"
control,threshold_survival,0.1,11,affinity_rank_group,primary,6,0.01637718061280875,0.0,0.0,0.06335558294652174,"{""status"": ""ok""}"
control,threshold_survival,0.1,11,affinity_rank_group,primary,8,0.019006674883956524,0.0,0.0,0.06335558294652174,"{""status"": ""ok""}"
control,threshold_survival,0.1,11,affinity_rank_group,primary,12,0.022712738907460922,0.0,0.0,0.06335558294652174,"{""status"": ""ok""}"
control,threshold_survival,0.1,11,affinity_rank_group,primary,16,0.0253422331786087,0.0,0.0,0.06335558294652174,"{""status"": ""ok""}"
control,threshold_survival,0.1,11,affinity_rank_group,primary,24,0.029048297202113094,0.0,0.0,0.06335558294652174,"{""status"": ""ok""}"
control,threshold_survival,0.1,11,affinity_rank_group,primary,32,0.03167779147326087,0.0,0.0,0.06335558294652174,"{""status"": ""ok""}"
control,threshold_survival,0.1,11,affinity_rank_group,primary,48,0.03538385549676527,0.0,0.0,0.06335558294652174,"{""status"": ""ok""}"
control,threshold_survival,0.1,11,affinity_rank_group,primary,64,0.03801334976791305,0.0,0.0,0.06335558294652174,"{""status"": ""ok""}"
control,threshold_survival,0.1,11,affinity_rank_group,primary,96,0.04171941379141745,0.0,0.0,0.06335558294652174,"{""status"": ""ok""}"
control,threshold_survival,0.1,11,affinity_rank_group,primary,128,0.044348908062565216,0.0,0.0,0.06335558294652174,"{""status"": ""ok""}"
control,threshold_survival,0.1,11,prefix_group,primary,1,0.01267111658930435,0.0,0.0,0.06335558294652174,"{""status"": ""ok""}"
control,threshold_survival,0.1,11,prefix_group,primary,2,0.01267111658930435,0.0,0.0,0.06335558294652174,"{""status"": ""ok""}"
control,threshold_survival,0.1,11,prefix_group,primary,3,0.01267111658930435,0.0,0.0,0.06335558294652174,"{""status"": ""ok""}"
control,threshold_survival,0.1,11,prefix_group,primary,4,0.01267111658930435,0.0,0.0,0.06335558294652174,"{""status"": ""ok""}"
control,threshold_survival,0.1,11,prefix_group,primary,6,0.0253422331786087,0.0,0.0,0.06335558294652174,"{""status"": ""ok""}"
control,threshold_survival,0.1,11,prefix_group,primary,8,0.0253422331786087,0.0,0.0,0.06335558294652174,"{""status"": ""ok""}"
control,threshold_survival,0.1,11,prefix_group,primary,12,0.0253422331786087,0.0,0.0,0.06335558294652174,"{""status"": ""ok""}"
control,threshold_survival,0.1,11,prefix_group,primary,16,0.0253422331786087,0.0,0.0,0.06335558294652174,"{""status"": ""ok""}"
control,threshold_survival,0.1,11,prefix_group,primary,24,0.03801334976791305,0.0,0.0,0.06335558294652174,"{""status"": ""ok""}"
control,threshold_survival,0.1,11,prefix_group,primary,32,0.03801334976791305,0.0,0.0,0.06335558294652174,"{""status"": ""ok""}"
control,threshold_survival,0.1,11,prefix_group,primary,48,0.03801334976791305,0.0,0.0,0.06335558294652174,"{""status"": ""ok""}"
control,threshold_survival,0.1,11,prefix_group,primary,64,0.03801334976791305,0.0,0.0,0.06335558294652174,"{""status"": ""ok""}"
control,threshold_survival,0.1,11,prefix_group,primary,96,0.0506844663572174,0.0,0.0,0.06335558294652174,"{""status"": ""ok""}"
control,threshold_survival,0.1,11,prefix_group,primary,128,0.0506844663572174,0.0,0.0,0.06335558294652174,"{""status"": ""ok""}"
control,threshold_survival,0.1,11,kmeans_profile,diagnostic_function_preserving,1,0.0,0.0,0.0,0.06335558294652174,"{""diversity"": 0.0, ""k_used"": 1, ""status"": ""disabled_low_diversity""}"
control,threshold_survival,0.1,11,kmeans_profile,diagnostic_function_preserving,2,0.0,0.0,0.0,0.06335558294652174,"{""diversity"": 0.0, ""k_used"": 1, ""status"": ""disabled_low_diversity""}"
control,threshold_survival,0.1,11,kmeans_profile,diagnostic_function_preserving,3,0.0,0.0,0.0,0.06335558294652174,"{""diversity"": 0.0, ""k_used"": 1, ""status"": ""disabled_low_diversity""}"
control,threshold_survival,0.1,11,kmeans_profile,diagnostic_function_preserving,4,0.0,0.0,0.0,0.06335558294652174,"{""diversity"": 0.0, ""k_used"": 1, ""status"": ""disabled_low_diversity""}"
control,threshold_survival,0.1,11,kmeans_profile,diagnostic_function_preserving,6,0.0,0.0,0.0,0.06335558294652174,"{""diversity"": 0.0, ""k_used"": 1, ""status"": ""disabled_low_diversity""}"
control,threshold_survival,0.1,11,kmeans_profile,diagnostic_function_preserving,8,0.0,0.0,0.0,0.06335558294652174,"{""diversity"": 0.0, ""k_used"": 1, ""status"": ""disabled_low_diversity""}"
control,threshold_survival,0.1,11,kmeans_profile,diagnostic_function_preserving,12,0.0,0.0,0.0,0.06335558294652174,"{""diversity"": 0.0, ""k_used"": 1, ""status"": ""disabled_low_diversity""}"
control,threshold_survival,0.1,11,kmeans_profile,diagnostic_function_preserving,16,0.0,0.0,0.0,0.06335558294652174,"{""diversity"": 0.0, ""k_used"": 1, ""status"": ""disabled_low_diversity""}"
control,threshold_survival,0.1,11,kmeans_profile,diagnostic_function_preserving,24,0.0,0.0,0.0,0.06335558294652174,"{""diversity"": 0.0, ""k_used"": 1, ""status"": ""disabled_low_diversity""}"
control,threshold_survival,0.1,11,kmeans_profile,diagnostic_function_preserving,32,0.0,0.0,0.0,0.06335558294652174,"{""diversity"": 0.0, ""k_used"": 1, ""status"": ""disabled_low_diversity""}"
control,threshold_survival,0.1,11,kmeans_profile,diagnostic_function_preserving,48,0.0,0.0,0.0,0.06335558294652174,"{""diversity"": 0.0, ""k_used"": 1, ""status"": ""disabled_low_diversity""}"
control,threshold_survival,0.1,11,kmeans_profile,diagnostic_function_preserving,64,0.0,0.0,0.0,0.06335558294652174,"{""diversity"": 0.0, ""k_used"": 1, ""status"": ""disabled_low_diversity""}"
control,threshold_survival,0.1,11,kmeans_profile,diagnostic_function_preserving,96,0.0,0.0,0.0,0.06335558294652174,"{""diversity"": 0.0, ""k_used"": 1, ""status"": ""disabled_low_diversity""}"
control,threshold_survival,0.1,11,kmeans_profile,diagnostic_function_preserving,128,0.0,0.0,0.0,0.06335558294652174,"{""diversity"": 0.0, ""k_used"": 1, ""status"": ""disabled_low_diversity""}"
control,threshold_survival,0.2,0,balanced_random_group,primary,1,0.0,0.0,0.0,0.06612580548777142,"{""status"": ""ok""}"
control,threshold_survival,0.2,0,balanced_random_group,primary,2,0.006612580548777142,0.0,0.0,0.06612580548777142,"{""status"": ""ok""}"
control,threshold_survival,0.2,0,balanced_random_group,primary,3,0.010480692202809892,0.0,0.0,0.06612580548777142,"{""status"": ""ok""}"
control,threshold_survival,0.2,0,balanced_random_group,primary,4,0.013225161097554283,0.0,0.0,0.06612580548777142,"{""status"": ""ok""}"
control,threshold_survival,0.2,0,balanced_random_group,primary,6,0.017093272751587035,0.0,0.0,0.06612580548777142,"{""status"": ""ok""}"
control,threshold_survival,0.2,0,balanced_random_group,primary,8,0.019837741646331425,0.0,0.0,0.06612580548777142,"{""status"": ""ok""}"
control,threshold_survival,0.2,0,balanced_random_group,primary,12,0.023705853300364177,0.0,0.0,0.06612580548777142,"{""status"": ""ok""}"
control,threshold_survival,0.2,0,balanced_random_group,primary,16,0.026450322195108567,0.0,0.0,0.06612580548777142,"{""status"": ""ok""}"
control,threshold_survival,0.2,0,balanced_random_group,primary,24,0.030318433849141315,0.0,0.0,0.06612580548777142,"{""status"": ""ok""}"
control,threshold_survival,0.2,0,balanced_random_group,primary,32,0.03306290274388571,0.0,0.0,0.06612580548777142,"{""status"": ""ok""}"
control,threshold_survival,0.2,0,balanced_random_group,primary,48,0.03693101439791845,0.0,0.0,0.06612580548777142,"{""status"": ""ok""}"
control,threshold_survival,0.2,0,balanced_random_group,primary,64,0.03967548329266285,0.0,0.0,0.06612580548777142,"{""status"": ""ok""}"
control,threshold_survival,0.2,0,balanced_random_group,primary,96,0.0435435949466956,0.0,0.0,0.06612580548777142,"{""status"": ""ok""}"
control,threshold_survival,0.2,0,balanced_random_group,primary,128,0.04628806384143999,0.0,0.0,0.06612580548777142,"{""status"": ""ok""}"
control,threshold_survival,0.2,0,affinity_rank_group,primary,1,0.0,0.0,0.0,0.06612580548777142,"{""status"": ""ok""}"
control,threshold_survival,0.2,0,affinity_rank_group,primary,2,0.006612580548777142,0.0,0.0,0.06612580548777142,"{""status"": ""ok""}"
control,threshold_survival,0.2,0,affinity_rank_group,primary,3,0.010480692202809892,0.0,0.0,0.06612580548777142,"{""status"": ""ok""}"
control,threshold_survival,0.2,0,affinity_rank_group,primary,4,0.013225161097554283,0.0,0.0,0.06612580548777142,"{""status"": ""ok""}"
control,threshold_survival,0.2,0,affinity_rank_group,primary,6,0.017093272751587035,0.0,0.0,0.06612580548777142,"{""status"": ""ok""}"
control,threshold_survival,0.2,0,affinity_rank_group,primary,8,0.019837741646331425,0.0,0.0,0.06612580548777142,"{""status"": ""ok""}"
control,threshold_survival,0.2,0,affinity_rank_group,primary,12,0.023705853300364177,0.0,0.0,0.06612580548777142,"{""status"": ""ok""}"
control,threshold_survival,0.2,0,affinity_rank_group,primary,16,0.026450322195108567,0.0,0.0,0.06612580548777142,"{""status"": ""ok""}"
control,threshold_survival,0.2,0,affinity_rank_group,primary,24,0.030318433849141315,0.0,0.0,0.06612580548777142,"{""status"": ""ok""}"
control,threshold_survival,0.2,0,affinity_rank_group,primary,32,0.03306290274388571,0.0,0.0,0.06612580548777142,"{""status"": ""ok""}"
control,threshold_survival,0.2,0,affinity_rank_group,primary,48,0.03693101439791845,0.0,0.0,0.06612580548777142,"{""status"": ""ok""}"
control,threshold_survival,0.2,0,affinity_rank_group,primary,64,0.03967548329266285,0.0,0.0,0.06612580548777142,"{""status"": ""ok""}"
control,threshold_survival,0.2,0,affinity_rank_group,primary,96,0.0435435949466956,0.0,0.0,0.06612580548777142,"{""status"": ""ok""}"
control,threshold_survival,0.2,0,affinity_rank_group,primary,128,0.04628806384143999,0.0,0.0,0.06612580548777142,"{""status"": ""ok""}"
control,threshold_survival,0.2,0,prefix_group,primary,1,0.013225161097554283,0.0,0.0,0.06612580548777142,"{""status"": ""ok""}"
control,threshold_survival,0.2,0,prefix_group,primary,2,0.013225161097554283,0.0,0.0,0.06612580548777142,"{""status"": ""ok""}"
control,threshold_survival,0.2,0,prefix_group,primary,3,0.013225161097554283,0.0,0.0,0.06612580548777142,"{""status"": ""ok""}"
control,threshold_survival,0.2,0,prefix_group,primary,4,0.013225161097554283,0.0,0.0,0.06612580548777142,"{""status"": ""ok""}"
control,threshold_survival,0.2,0,prefix_group,primary,6,0.026450322195108567,0.0,0.0,0.06612580548777142,"{""status"": ""ok""}"
control,threshold_survival,0.2,0,prefix_group,primary,8,0.026450322195108567,0.0,0.0,0.06612580548777142,"{""status"": ""ok""}"
control,threshold_survival,0.2,0,prefix_group,primary,12,0.026450322195108567,0.0,0.0,0.06612580548777142,"{""status"": ""ok""}"
control,threshold_survival,0.2,0,prefix_group,primary,16,0.026450322195108567,0.0,0.0,0.06612580548777142,"{""status"": ""ok""}"
control,threshold_survival,0.2,0,prefix_group,primary,24,0.03967548329266285,0.0,0.0,0.06612580548777142,"{""status"": ""ok""}"
control,threshold_survival,0.2,0,prefix_group,primary,32,0.03967548329266285,0.0,0.0,0.06612580548777142,"{""status"": ""ok""}"
control,threshold_survival,0.2,0,prefix_group,primary,48,0.03967548329266285,0.0,0.0,0.06612580548777142,"{""status"": ""ok""}"
control,threshold_survival,0.2,0,prefix_group,primary,64,0.03967548329266285,0.0,0.0,0.06612580548777142,"{""status"": ""ok""}"
control,threshold_survival,0.2,0,prefix_group,primary,96,0.05290064439021713,0.0,0.0,0.06612580548777142,"{""status"": ""ok""}"
control,threshold_survival,0.2,0,prefix_group,primary,128,0.05290064439021713,0.0,0.0,0.06612580548777142,"{""status"": ""ok""}"
control,threshold_survival,0.2,0,kmeans_profile,diagnostic_function_preserving,1,0.0,0.0,0.0,0.06612580548777142,"{""diversity"": 0.0, ""k_used"": 1, ""status"": ""disabled_low_diversity""}"
control,threshold_survival,0.2,0,kmeans_profile,diagnostic_function_preserving,2,0.0,0.0,0.0,0.06612580548777142,"{""diversity"": 0.0, ""k_used"": 1, ""status"": ""disabled_low_diversity""}"
control,threshold_survival,0.2,0,kmeans_profile,diagnostic_function_preserving,3,0.0,0.0,0.0,0.06612580548777142,"{""diversity"": 0.0, ""k_used"": 1, ""status"": ""disabled_low_diversity""}"
control,threshold_survival,0.2,0,kmeans_profile,diagnostic_function_preserving,4,0.0,0.0,0.0,0.06612580548777142,"{""diversity"": 0.0, ""k_used"": 1, ""status"": ""disabled_low_diversity""}"
control,threshold_survival,0.2,0,kmeans_profile,diagnostic_function_preserving,6,0.0,0.0,0.0,0.06612580548777142,"{""diversity"": 0.0, ""k_used"": 1, ""status"": ""disabled_low_diversity""}"
control,threshold_survival,0.2,0,kmeans_profile,diagnostic_function_preserving,8,0.0,0.0,0.0,0.06612580548777142,"{""diversity"": 0.0, ""k_used"": 1, ""status"": ""disabled_low_diversity""}"
control,threshold_survival,0.2,0,kmeans_profile,diagnostic_function_preserving,12,0.0,0.0,0.0,0.06612580548777142,"{""diversity"": 0.0, ""k_used"": 1, ""status"": ""disabled_low_diversity""}"
control,threshold_survival,0.2,0,kmeans_profile,diagnostic_function_preserving,16,0.0,0.0,0.0,0.06612580548777142,"{""diversity"": 0.0, ""k_used"": 1, ""status"": ""disabled_low_diversity""}"
control,threshold_survival,0.2,0,kmeans_profile,diagnostic_function_preserving,24,0.0,0.0,0.0,0.06612580548777142,"{""diversity"": 0.0, ""k_used"": 1, ""status"": ""disabled_low_diversity""}"
control,threshold_survival,0.2,0,kmeans_profile,diagnostic_function_preserving,32,0.0,0.0,0.0,0.06612580548777142,"{""diversity"": 0.0, ""k_used"": 1, ""status"": ""disabled_low_diversity""}"
control,threshold_survival,0.2,0,kmeans_profile,diagnostic_function_preserving,48,0.0,0.0,0.0,0.06612580548777142,"{""diversity"": 0.0, ""k_used"": 1, ""status"": ""disabled_low_diversity""}"
control,threshold_survival,0.2,0,kmeans_profile,diagnostic_function_preserving,64,0.0,0.0,0.0,0.06612580548777142,"{""diversity"": 0.0, ""k_used"": 1, ""status"": ""disabled_low_diversity""}"
control,threshold_survival,0.2,0,kmeans_profile,diagnostic_function_preserving,96,0.0,0.0,0.0,0.06612580548777142,"{""diversity"": 0.0, ""k_used"": 1, ""status"": ""disabled_low_diversity""}"
control,threshold_survival,0.2,0,kmeans_profile,diagnostic_function_preserving,128,0.0,0.0,0.0,0.06612580548777142,"{""diversity"": 0.0, ""k_used"": 1, ""status"": ""disabled_low_diversity""}"
control,threshold_survival,0.2,1,balanced_random_group,primary,1,0.0,0.0,0.0,0.06152450542262866,"{""status"": ""ok""}"
control,threshold_survival,0.2,1,balanced_random_group,primary,2,0.006152450542262867,0.0,0.0,0.06152450542262866,"{""status"": ""ok""}"
control,threshold_survival,0.2,1,balanced_random_group,primary,3,0.009751403397028185,0.0,0.0,0.06152450542262866,"{""status"": ""ok""}"
control,threshold_survival,0.2,1,balanced_random_group,primary,4,0.012304901084525734,0.0,0.0,0.06152450542262866,"{""status"": ""ok""}"
control,threshold_survival,0.2,1,balanced_random_group,primary,6,0.015903853939291054,0.0,0.0,0.06152450542262866,"{""status"": ""ok""}"
control,threshold_survival,0.2,1,balanced_random_group,primary,8,0.018457351626788597,0.0,0.0,0.06152450542262866,"{""status"": ""ok""}"
control,threshold_survival,0.2,1,balanced_random_group,primary,12,0.022056304481553917,0.0,0.0,0.06152450542262866,"{""status"": ""ok""}"
control,threshold_survival,0.2,1,balanced_random_group,primary,16,0.024609802169051467,0.0,0.0,0.06152450542262866,"{""status"": ""ok""}"
control,threshold_survival,0.2,1,balanced_random_group,primary,24,0.02820875502381678,0.0,0.0,0.06152450542262866,"{""status"": ""ok""}"
control,threshold_survival,0.2,1,balanced_random_group,primary,32,0.03076225271131433,0.0,0.0,0.06152450542262866,"{""status"": ""ok""}"
control,threshold_survival,0.2,1,balanced_random_group,primary,48,0.03436120556607965,0.0,0.0,0.06152450542262866,"{""status"": ""ok""}"
control,threshold_survival,0.2,1,balanced_random_group,primary,64,0.036914703253577194,0.0,0.0,0.06152450542262866,"{""status"": ""ok""}"
control,threshold_survival,0.2,1,balanced_random_group,primary,96,0.04051365610834252,0.0,0.0,0.06152450542262866,"{""status"": ""ok""}"
control,threshold_survival,0.2,1,balanced_random_group,primary,128,0.04306715379584006,0.0,0.0,0.06152450542262866,"{""status"": ""ok""}"
control,threshold_survival,0.2,1,affinity_rank_group,primary,1,0.0,0.0,0.0,0.06152450542262866,"{""status"": ""ok""}"
control,threshold_survival,0.2,1,affinity_rank_group,primary,2,0.006152450542262867,0.0,0.0,0.06152450542262866,"{""status"": ""ok""}"
control,threshold_survival,0.2,1,affinity_rank_group,primary,3,0.009751403397028185,0.0,0.0,0.06152450542262866,"{""status"": ""ok""}"
control,threshold_survival,0.2,1,affinity_rank_group,primary,4,0.012304901084525734,0.0,0.0,0.06152450542262866,"{""status"": ""ok""}"
control,threshold_survival,0.2,1,affinity_rank_group,primary,6,0.015903853939291054,0.0,0.0,0.06152450542262866,"{""status"": ""ok""}"
control,threshold_survival,0.2,1,affinity_rank_group,primary,8,0.018457351626788597,0.0,0.0,0.06152450542262866,"{""status"": ""ok""}"
control,threshold_survival,0.2,1,affinity_rank_group,primary,12,0.022056304481553917,0.0,0.0,0.06152450542262866,"{""status"": ""ok""}"
control,threshold_survival,0.2,1,affinity_rank_group,primary,16,0.024609802169051467,0.0,0.0,0.06152450542262866,"{""status"": ""ok""}"
control,threshold_survival,0.2,1,affinity_rank_group,primary,24,0.02820875502381678,0.0,0.0,0.06152450542262866,"{""status"": ""ok""}"
control,threshold_survival,0.2,1,affinity_rank_group,primary,32,0.03076225271131433,0.0,0.0,0.06152450542262866,"{""status"": ""ok""}"
control,threshold_survival,0.2,1,affinity_rank_group,primary,48,0.03436120556607965,0.0,0.0,0.06152450542262866,"{""status"": ""ok""}"
control,threshold_survival,0.2,1,affinity_rank_group,primary,64,0.036914703253577194,0.0,0.0,0.06152450542262866,"{""status"": ""ok""}"
control,threshold_survival,0.2,1,affinity_rank_group,primary,96,0.04051365610834252,0.0,0.0,0.06152450542262866,"{""status"": ""ok""}"
control,threshold_survival,0.2,1,affinity_rank_group,primary,128,0.04306715379584006,0.0,0.0,0.06152450542262866,"{""status"": ""ok""}"
control,threshold_survival,0.2,1,prefix_group,primary,1,0.012304901084525734,0.0,0.0,0.06152450542262866,"{""status"": ""ok""}"
control,threshold_survival,0.2,1,prefix_group,primary,2,0.012304901084525734,0.0,0.0,0.06152450542262866,"{""status"": ""ok""}"
control,threshold_survival,0.2,1,prefix_group,primary,3,0.012304901084525734,0.0,0.0,0.06152450542262866,"{""status"": ""ok""}"
control,threshold_survival,0.2,1,prefix_group,primary,4,0.012304901084525734,0.0,0.0,0.06152450542262866,"{""status"": ""ok""}"
control,threshold_survival,0.2,1,prefix_group,primary,6,0.024609802169051467,0.0,0.0,0.06152450542262866,"{""status"": ""ok""}"
control,threshold_survival,0.2,1,prefix_group,primary,8,0.024609802169051467,0.0,0.0,0.06152450542262866,"{""status"": ""ok""}"
control,threshold_survival,0.2,1,prefix_group,primary,12,0.024609802169051467,0.0,0.0,0.06152450542262866,"{""status"": ""ok""}"
control,threshold_survival,0.2,1,prefix_group,primary,16,0.024609802169051467,0.0,0.0,0.06152450542262866,"{""status"": ""ok""}"
control,threshold_survival,0.2,1,prefix_group,primary,24,0.036914703253577194,0.0,0.0,0.06152450542262866,"{""status"": ""ok""}"
control,threshold_survival,0.2,1,prefix_group,primary,32,0.036914703253577194,0.0,0.0,0.06152450542262866,"{""status"": ""ok""}"
control,threshold_survival,0.2,1,prefix_group,primary,48,0.036914703253577194,0.0,0.0,0.06152450542262866,"{""status"": ""ok""}"
control,threshold_survival,0.2,1,prefix_group,primary,64,0.036914703253577194,0.0,0.0,0.06152450542262866,"{""status"": ""ok""}"
control,threshold_survival,0.2,1,prefix_group,primary,96,0.049219604338102935,0.0,0.0,0.06152450542262866,"{""status"": ""ok""}"
control,threshold_survival,0.2,1,prefix_group,primary,128,0.049219604338102935,0.0,0.0,0.06152450542262866,"{""status"": ""ok""}"
control,threshold_survival,0.2,1,kmeans_profile,diagnostic_function_preserving,1,0.0,0.0,0.0,0.06152450542262866,"{""diversity"": 0.0, ""k_used"": 1, ""status"": ""disabled_low_diversity""}"
control,threshold_survival,0.2,1,kmeans_profile,diagnostic_function_preserving,2,0.0,0.0,0.0,0.06152450542262866,"{""diversity"": 0.0, ""k_used"": 1, ""status"": ""disabled_low_diversity""}"
control,threshold_survival,0.2,1,kmeans_profile,diagnostic_function_preserving,3,0.0,0.0,0.0,0.06152450542262866,"{""diversity"": 0.0, ""k_used"": 1, ""status"": ""disabled_low_diversity""}"
control,threshold_survival,0.2,1,kmeans_profile,diagnostic_function_preserving,4,0.0,0.0,0.0,0.06152450542262866,"{""diversity"": 0.0, ""k_used"": 1, ""status"": ""disabled_low_diversity""}"
control,threshold_survival,0.2,1,kmeans_profile,diagnostic_function_preserving,6,0.0,0.0,0.0,0.06152450542262866,"{""diversity"": 0.0, ""k_used"": 1, ""status"": ""disabled_low_diversity""}"
control,threshold_survival,0.2,1,kmeans_profile,diagnostic_function_preserving,8,0.0,0.0,0.0,0.06152450542262866,"{""diversity"": 0.0, ""k_used"": 1, ""status"": ""disabled_low_diversity""}"
control,threshold_survival,0.2,1,kmeans_profile,diagnostic_function_preserving,12,0.0,0.0,0.0,0.06152450542262866,"{""diversity"": 0.0, ""k_used"": 1, ""status"": ""disabled_low_diversity""}"
control,threshold_survival,0.2,1,kmeans_profile,diagnostic_function_preserving,16,0.0,0.0,0.0,0.06152450542262866,"{""diversity"": 0.0, ""k_used"": 1, ""status"": ""disabled_low_diversity""}"
control,threshold_survival,0.2,1,kmeans_profile,diagnostic_function_preserving,24,0.0,0.0,0.0,0.06152450542262866,"{""diversity"": 0.0, ""k_used"": 1, ""status"": ""disabled_low_diversity""}"
control,threshold_survival,0.2,1,kmeans_profile,diagnostic_function_preserving,32,0.0,0.0,0.0,0.06152450542262866,"{""diversity"": 0.0, ""k_used"": 1, ""status"": ""disabled_low_diversity""}"
control,threshold_survival,0.2,1,kmeans_profile,diagnostic_function_preserving,48,0.0,0.0,0.0,0.06152450542262866,"{""diversity"": 0.0, ""k_used"": 1, ""status"": ""disabled_low_diversity""}"
control,threshold_survival,0.2,1,kmeans_profile,diagnostic_function_preserving,64,0.0,0.0,0.0,0.06152450542262866,"{""diversity"": 0.0, ""k_used"": 1, ""status"": ""disabled_low_diversity""}"
control,threshold_survival,0.2,1,kmeans_profile,diagnostic_function_preserving,96,0.0,0.0,0.0,0.06152450542262866,"{""diversity"": 0.0, ""k_used"": 1, ""status"": ""disabled_low_diversity""}"
control,threshold_survival,0.2,1,kmeans_profile,diagnostic_function_preserving,128,0.0,0.0,0.0,0.06152450542262866,"{""diversity"": 0.0, ""k_used"": 1, ""status"": ""disabled_low_diversity""}"
control,threshold_survival,0.2,2,balanced_random_group,primary,1,0.0,0.0,0.0,0.0637750823994579,"{""status"": ""ok""}"
control,threshold_survival,0.2,2,balanced_random_group,primary,2,0.006377508239945789,0.0,0.0,0.0637750823994579,"{""status"": ""ok""}"
control,threshold_survival,0.2,2,balanced_random_group,primary,3,0.010108111408354256,0.0,0.0,0.0637750823994579,"{""status"": ""ok""}"
control,threshold_survival,0.2,2,balanced_random_group,primary,4,0.012755016479891579,0.0,0.0,0.0637750823994579,"{""status"": ""ok""}"
control,threshold_survival,0.2,2,balanced_random_group,primary,6,0.01648561964830005,0.0,0.0,0.0637750823994579,"{""status"": ""ok""}"
control,threshold_survival,0.2,2,balanced_random_group,primary,8,0.019132524719837368,0.0,0.0,0.0637750823994579,"{""status"": ""ok""}"
control,threshold_survival,0.2,2,balanced_random_group,primary,12,0.022863127888245835,0.0,0.0,0.0637750823994579,"{""status"": ""ok""}"
control,threshold_survival,0.2,2,balanced_random_group,primary,16,0.025510032959783158,0.0,0.0,0.0637750823994579,"{""status"": ""ok""}"
control,threshold_survival,0.2,2,balanced_random_group,primary,24,0.029240636128191624,0.0,0.0,0.0637750823994579,"{""status"": ""ok""}"
control,threshold_survival,0.2,2,balanced_random_group,primary,32,0.03188754119972895,0.0,0.0,0.0637750823994579,"{""status"": ""ok""}"
control,threshold_survival,0.2,2,balanced_random_group,primary,48,0.035618144368137414,0.0,0.0,0.0637750823994579,"{""status"": ""ok""}"
control,threshold_survival,0.2,2,balanced_random_group,primary,64,0.038265049439674736,0.0,0.0,0.0637750823994579,"{""status"": ""ok""}"
control,threshold_survival,0.2,2,balanced_random_group,primary,96,0.04199565260808321,0.0,0.0,0.0637750823994579,"{""status"": ""ok""}"
control,threshold_survival,0.2,2,balanced_random_group,primary,128,0.044642557679620526,0.0,0.0,0.0637750823994579,"{""status"": ""ok""}"
control,threshold_survival,0.2,2,affinity_rank_group,primary,1,0.0,0.0,0.0,0.0637750823994579,"{""status"": ""ok""}"
control,threshold_survival,0.2,2,affinity_rank_group,primary,2,0.006377508239945789,0.0,0.0,0.0637750823994579,"{""status"": ""ok""}"
control,threshold_survival,0.2,2,affinity_rank_group,primary,3,0.010108111408354256,0.0,0.0,0.0637750823994579,"{""status"": ""ok""}"
control,threshold_survival,0.2,2,affinity_rank_group,primary,4,0.012755016479891579,0.0,0.0,0.0637750823994579,"{""status"": ""ok""}"
control,threshold_survival,0.2,2,affinity_rank_group,primary,6,0.01648561964830005,0.0,0.0,0.0637750823994579,"{""status"": ""ok""}"
control,threshold_survival,0.2,2,affinity_rank_group,primary,8,0.019132524719837368,0.0,0.0,0.0637750823994579,"{""status"": ""ok""}"
control,threshold_survival,0.2,2,affinity_rank_group,primary,12,0.022863127888245835,0.0,0.0,0.0637750823994579,"{""status"": ""ok""}"
control,threshold_survival,0.2,2,affinity_rank_group,primary,16,0.025510032959783158,0.0,0.0,0.0637750823994579,"{""status"": ""ok""}"
control,threshold_survival,0.2,2,affinity_rank_group,primary,24,0.029240636128191624,0.0,0.0,0.0637750823994579,"{""status"": ""ok""}"
control,threshold_survival,0.2,2,affinity_rank_group,primary,32,0.03188754119972895,0.0,0.0,0.0637750823994579,"{""status"": ""ok""}"
control,threshold_survival,0.2,2,affinity_rank_group,primary,48,0.035618144368137414,0.0,0.0,0.0637750823994579,"{""status"": ""ok""}"
control,threshold_survival,0.2,2,affinity_rank_group,primary,64,0.038265049439674736,0.0,0.0,0.0637750823994579,"{""status"": ""ok""}"
control,threshold_survival,0.2,2,affinity_rank_group,primary,96,0.04199565260808321,0.0,0.0,0.0637750823994579,"{""status"": ""ok""}"
control,threshold_survival,0.2,2,affinity_rank_group,primary,128,0.044642557679620526,0.0,0.0,0.0637750823994579,"{""status"": ""ok""}"
control,threshold_survival,0.2,2,prefix_group,primary,1,0.012755016479891579,0.0,0.0,0.0637750823994579,"{""status"": ""ok""}"
control,threshold_survival,0.2,2,prefix_group,primary,2,0.012755016479891579,0.0,0.0,0.0637750823994579,"{""status"": ""ok""}"
control,threshold_survival,0.2,2,prefix_group,primary,3,0.012755016479891579,0.0,0.0,0.0637750823994579,"{""status"": ""ok""}"
control,threshold_survival,0.2,2,prefix_group,primary,4,0.012755016479891579,0.0,0.0,0.0637750823994579,"{""status"": ""ok""}"
control,threshold_survival,0.2,2,prefix_group,primary,6,0.025510032959783158,0.0,0.0,0.0637750823994579,"{""status"": ""ok""}"
control,threshold_survival,0.2,2,prefix_group,primary,8,0.025510032959783158,0.0,0.0,0.0637750823994579,"{""status"": ""ok""}"
control,threshold_survival,0.2,2,prefix_group,primary,12,0.025510032959783158,0.0,0.0,0.0637750823994579,"{""status"": ""ok""}"
control,threshold_survival,0.2,2,prefix_group,primary,16,0.025510032959783158,0.0,0.0,0.0637750823994579,"{""status"": ""ok""}"
control,threshold_survival,0.2,2,prefix_group,primary,24,0.038265049439674736,0.0,0.0,0.0637750823994579,"{""status"": ""ok""}"
control,threshold_survival,0.2,2,prefix_group,primary,32,0.038265049439674736,0.0,0.0,0.0637750823994579,"{""status"": ""ok""}"
control,threshold_survival,0.2,2,prefix_group,primary,48,0.038265049439674736,0.0,0.0,0.0637750823994579,"{""status"": ""ok""}"
control,threshold_survival,0.2,2,prefix_group,primary,64,0.038265049439674736,0.0,0.0,0.0637750823994579,"{""status"": ""ok""}"
control,threshold_survival,0.2,2,prefix_group,primary,96,0.051020065919566315,0.0,0.0,0.0637750823994579,"{""status"": ""ok""}"
control,threshold_survival,0.2,2,prefix_group,primary,128,0.051020065919566315,0.0,0.0,0.0637750823994579,"{""status"": ""ok""}"
control,threshold_survival,0.2,2,kmeans_profile,diagnostic_function_preserving,1,0.0,0.0,0.0,0.0637750823994579,"{""diversity"": 0.0, ""k_used"": 1, ""status"": ""disabled_low_diversity""}"
control,threshold_survival,0.2,2,kmeans_profile,diagnostic_function_preserving,2,0.0,0.0,0.0,0.0637750823994579,"{""diversity"": 0.0, ""k_used"": 1, ""status"": ""disabled_low_diversity""}"
control,threshold_survival,0.2,2,kmeans_profile,diagnostic_function_preserving,3,0.0,0.0,0.0,0.0637750823994579,"{""diversity"": 0.0, ""k_used"": 1, ""status"": ""disabled_low_diversity""}"
control,threshold_survival,0.2,2,kmeans_profile,diagnostic_function_preserving,4,0.0,0.0,0.0,0.0637750823994579,"{""diversity"": 0.0, ""k_used"": 1, ""status"": ""disabled_low_diversity""}"
control,threshold_survival,0.2,2,kmeans_profile,diagnostic_function_preserving,6,0.0,0.0,0.0,0.0637750823994579,"{""diversity"": 0.0, ""k_used"": 1, ""status"": ""disabled_low_diversity""}"
control,threshold_survival,0.2,2,kmeans_profile,diagnostic_function_preserving,8,0.0,0.0,0.0,0.0637750823994579,"{""diversity"": 0.0, ""k_used"": 1, ""status"": ""disabled_low_diversity""}"
control,threshold_survival,0.2,2,kmeans_profile,diagnostic_function_preserving,12,0.0,0.0,0.0,0.0637750823994579,"{""diversity"": 0.0, ""k_used"": 1, ""status"": ""disabled_low_diversity""}"
control,threshold_survival,0.2,2,kmeans_profile,diagnostic_function_preserving,16,0.0,0.0,0.0,0.0637750823994579,"{""diversity"": 0.0, ""k_used"": 1, ""status"": ""disabled_low_diversity""}"
control,threshold_survival,0.2,2,kmeans_profile,diagnostic_function_preserving,24,0.0,0.0,0.0,0.0637750823994579,"{""diversity"": 0.0, ""k_used"": 1, ""status"": ""disabled_low_diversity""}"
control,threshold_survival,0.2,2,kmeans_profile,diagnostic_function_preserving,32,0.0,0.0,0.0,0.0637750823994579,"{""diversity"": 0.0, ""k_used"": 1, ""status"": ""disabled_low_diversity""}"
control,threshold_survival,0.2,2,kmeans_profile,diagnostic_function_preserving,48,0.0,0.0,0.0,0.0637750823994579,"{""diversity"": 0.0, ""k_used"": 1, ""status"": ""disabled_low_diversity""}"
control,threshold_survival,0.2,2,kmeans_profile,diagnostic_function_preserving,64,0.0,0.0,0.0,0.0637750823994579,"{""diversity"": 0.0, ""k_used"": 1, ""status"": ""disabled_low_diversity""}"
control,threshold_survival,0.2,2,kmeans_profile,diagnostic_function_preserving,96,0.0,0.0,0.0,0.0637750823994579,"{""diversity"": 0.0, ""k_used"": 1, ""status"": ""disabled_low_diversity""}"
control,threshold_survival,0.2,2,kmeans_profile,diagnostic_function_preserving,128,0.0,0.0,0.0,0.0637750823994579,"{""diversity"": 0.0, ""k_used"": 1, ""status"": ""disabled_low_diversity""}"
control,threshold_survival,0.2,3,balanced_random_group,primary,1,0.0,0.0,0.0,0.06571066926366663,"{""status"": ""ok""}"
control,threshold_survival,0.2,3,balanced_random_group,primary,2,0.0065710669263666635,0.0,0.0,0.06571066926366663,"{""status"": ""ok""}"
control,threshold_survival,0.2,3,balanced_random_group,primary,3,0.010414894668020187,0.0,0.0,0.06571066926366663,"{""status"": ""ok""}"
control,threshold_survival,0.2,3,balanced_random_group,primary,4,0.013142133852733327,0.0,0.0,0.06571066926366663,"{""status"": ""ok""}"
control,threshold_survival,0.2,3,balanced_random_group,primary,6,0.01698596159438685,0.0,0.0,0.06571066926366663,"{""status"": ""ok""}"
control,threshold_survival,0.2,3,balanced_random_group,primary,8,0.01971320077909999,0.0,0.0,0.06571066926366663,"{""status"": ""ok""}"
control,threshold_survival,0.2,3,balanced_random_group,primary,12,0.023557028520753514,0.0,0.0,0.06571066926366663,"{""status"": ""ok""}"
control,threshold_survival,0.2,3,balanced_random_group,primary,16,0.026284267705466654,0.0,0.0,0.06571066926366663,"{""status"": ""ok""}"
control,threshold_survival,0.2,3,balanced_random_group,primary,24,0.030128095447120175,0.0,0.0,0.06571066926366663,"{""status"": ""ok""}"
control,threshold_survival,0.2,3,balanced_random_group,primary,32,0.032855334631833315,0.0,0.0,0.06571066926366663,"{""status"": ""ok""}"
control,threshold_survival,0.2,3,balanced_random_group,primary,48,0.03669916237348684,0.0,0.0,0.06571066926366663,"{""status"": ""ok""}"
control,threshold_survival,0.2,3,balanced_random_group,primary,64,0.03942640155819998,0.0,0.0,0.06571066926366663,"{""status"": ""ok""}"
control,threshold_survival,0.2,3,balanced_random_group,primary,96,0.0432702292998535,0.0,0.0,0.06571066926366663,"{""status"": ""ok""}"
control,threshold_survival,0.2,3,balanced_random_group,primary,128,0.045997468484566637,0.0,0.0,0.06571066926366663,"{""status"": ""ok""}"
control,threshold_survival,0.2,3,affinity_rank_group,primary,1,0.0,0.0,0.0,0.06571066926366663,"{""status"": ""ok""}"
control,threshold_survival,0.2,3,affinity_rank_group,primary,2,0.0065710669263666635,0.0,0.0,0.06571066926366663,"{""status"": ""ok""}"
control,threshold_survival,0.2,3,affinity_rank_group,primary,3,0.010414894668020187,0.0,0.0,0.06571066926366663,"{""status"": ""ok""}"
control,threshold_survival,0.2,3,affinity_rank_group,primary,4,0.013142133852733327,0.0,0.0,0.06571066926366663,"{""status"": ""ok""}"
control,threshold_survival,0.2,3,affinity_rank_group,primary,6,0.01698596159438685,0.0,0.0,0.06571066926366663,"{""status"": ""ok""}"
control,threshold_survival,0.2,3,affinity_rank_group,primary,8,0.01971320077909999,0.0,0.0,0.06571066926366663,"{""status"": ""ok""}"
control,threshold_survival,0.2,3,affinity_rank_group,primary,12,0.023557028520753514,0.0,0.0,0.06571066926366663,"{""status"": ""ok""}"
control,threshold_survival,0.2,3,affinity_rank_group,primary,16,0.026284267705466654,0.0,0.0,0.06571066926366663,"{""status"": ""ok""}"
control,threshold_survival,0.2,3,affinity_rank_group,primary,24,0.030128095447120175,0.0,0.0,0.06571066926366663,"{""status"": ""ok""}"
control,threshold_survival,0.2,3,affinity_rank_group,primary,32,0.032855334631833315,0.0,0.0,0.06571066926366663,"{""status"": ""ok""}"
control,threshold_survival,0.2,3,affinity_rank_group,primary,48,0.03669916237348684,0.0,0.0,0.06571066926366663,"{""status"": ""ok""}"
control,threshold_survival,0.2,3,affinity_rank_group,primary,64,0.03942640155819998,0.0,0.0,0.06571066926366663,"{""status"": ""ok""}"
control,threshold_survival,0.2,3,affinity_rank_group,primary,96,0.0432702292998535,0.0,0.0,0.06571066926366663,"{""status"": ""ok""}"
control,threshold_survival,0.2,3,affinity_rank_group,primary,128,0.045997468484566637,0.0,0.0,0.06571066926366663,"{""status"": ""ok""}"
control,threshold_survival,0.2,3,prefix_group,primary,1,0.013142133852733327,0.0,0.0,0.06571066926366663,"{""status"": ""ok""}"
control,threshold_survival,0.2,3,prefix_group,primary,2,0.013142133852733327,0.0,0.0,0.06571066926366663,"{""status"": ""ok""}"
control,threshold_survival,0.2,3,prefix_group,primary,3,0.013142133852733327,0.0,0.0,0.06571066926366663,"{""status"": ""ok""}"
control,threshold_survival,0.2,3,prefix_group,primary,4,0.013142133852733327,0.0,0.0,0.06571066926366663,"{""status"": ""ok""}"
control,threshold_survival,0.2,3,prefix_group,primary,6,0.026284267705466654,0.0,0.0,0.06571066926366663,"{""status"": ""ok""}"
control,threshold_survival,0.2,3,prefix_group,primary,8,0.026284267705466654,0.0,0.0,0.06571066926366663,"{""status"": ""ok""}"
control,threshold_survival,0.2,3,prefix_group,primary,12,0.026284267705466654,0.0,0.0,0.06571066926366663,"{""status"": ""ok""}"
control,threshold_survival,0.2,3,prefix_group,primary,16,0.026284267705466654,0.0,0.0,0.06571066926366663,"{""status"": ""ok""}"
control,threshold_survival,0.2,3,prefix_group,primary,24,0.03942640155819998,0.0,0.0,0.06571066926366663,"{""status"": ""ok""}"
control,threshold_survival,0.2,3,prefix_group,primary,32,0.03942640155819998,0.0,0.0,0.06571066926366663,"{""status"": ""ok""}"
control,threshold_survival,0.2,3,prefix_group,primary,48,0.03942640155819998,0.0,0.0,0.06571066926366663,"{""status"": ""ok""}"
control,threshold_survival,0.2,3,prefix_group,primary,64,0.03942640155819998,0.0,0.0,0.06571066926366663,"{""status"": ""ok""}"
control,threshold_survival,0.2,3,prefix_group,primary,96,0.05256853541093331,0.0,0.0,0.06571066926366663,"{""status"": ""ok""}"
control,threshold_survival,0.2,3,prefix_group,primary,128,0.05256853541093331,0.0,0.0,0.06571066926366663,"{""status"": ""ok""}"
control,threshold_survival,0.2,3,kmeans_profile,diagnostic_function_preserving,1,0.0,0.0,0.0,0.06571066926366663,"{""diversity"": 0.0, ""k_used"": 1, ""status"": ""disabled_low_diversity""}"
control,threshold_survival,0.2,3,kmeans_profile,diagnostic_function_preserving,2,0.0,0.0,0.0,0.06571066926366663,"{""diversity"": 0.0, ""k_used"": 1, ""status"": ""disabled_low_diversity""}"
control,threshold_survival,0.2,3,kmeans_profile,diagnostic_function_preserving,3,0.0,0.0,0.0,0.06571066926366663,"{""diversity"": 0.0, ""k_used"": 1, ""status"": ""disabled_low_diversity""}"
control,threshold_survival,0.2,3,kmeans_profile,diagnostic_function_preserving,4,0.0,0.0,0.0,0.06571066926366663,"{""diversity"": 0.0, ""k_used"": 1, ""status"": ""disabled_low_diversity""}"
control,threshold_survival,0.2,3,kmeans_profile,diagnostic_function_preserving,6,0.0,0.0,0.0,0.06571066926366663,"{""diversity"": 0.0, ""k_used"": 1, ""status"": ""disabled_low_diversity""}"
control,threshold_survival,0.2,3,kmeans_profile,diagnostic_function_preserving,8,0.0,0.0,0.0,0.06571066926366663,"{""diversity"": 0.0, ""k_used"": 1, ""status"": ""disabled_low_diversity""}"
control,threshold_survival,0.2,3,kmeans_profile,diagnostic_function_preserving,12,0.0,0.0,0.0,0.06571066926366663,"{""diversity"": 0.0, ""k_used"": 1, ""status"": ""disabled_low_diversity""}"
control,threshold_survival,0.2,3,kmeans_profile,diagnostic_function_preserving,16,0.0,0.0,0.0,0.06571066926366663,"{""diversity"": 0.0, ""k_used"": 1, ""status"": ""disabled_low_diversity""}"
control,threshold_survival,0.2,3,kmeans_profile,diagnostic_function_preserving,24,0.0,0.0,0.0,0.06571066926366663,"{""diversity"": 0.0, ""k_used"": 1, ""status"": ""disabled_low_diversity""}"
control,threshold_survival,0.2,3,kmeans_profile,diagnostic_function_preserving,32,0.0,0.0,0.0,0.06571066926366663,"{""diversity"": 0.0, ""k_used"": 1, ""status"": ""disabled_low_diversity""}"
control,threshold_survival,0.2,3,kmeans_profile,diagnostic_function_preserving,48,0.0,0.0,0.0,0.06571066926366663,"{""diversity"": 0.0, ""k_used"": 1, ""status"": ""disabled_low_diversity""}"
control,threshold_survival,0.2,3,kmeans_profile,diagnostic_function_preserving,64,0.0,0.0,0.0,0.06571066926366663,"{""diversity"": 0.0, ""k_used"": 1, ""status"": ""disabled_low_diversity""}"
control,threshold_survival,0.2,3,kmeans_profile,diagnostic_function_preserving,96,0.0,0.0,0.0,0.06571066926366663,"{""diversity"": 0.0, ""k_used"": 1, ""status"": ""disabled_low_diversity""}"
control,threshold_survival,0.2,3,kmeans_profile,diagnostic_function_preserving,128,0.0,0.0,0.0,0.06571066926366663,"{""diversity"": 0.0, ""k_used"": 1, ""status"": ""disabled_low_diversity""}"
control,threshold_survival,0.2,4,balanced_random_group,primary,1,0.0,0.0,0.0,0.06416324765868782,"{""status"": ""ok""}"
control,threshold_survival,0.2,4,balanced_random_group,primary,2,0.006416324765868783,0.0,0.0,0.06416324765868782,"{""status"": ""ok""}"
control,threshold_survival,0.2,4,balanced_random_group,primary,3,0.01016963414635047,0.0,0.0,0.06416324765868782,"{""status"": ""ok""}"
control,threshold_survival,0.2,4,balanced_random_group,primary,4,0.012832649531737565,0.0,0.0,0.06416324765868782,"{""status"": ""ok""}"
control,threshold_survival,0.2,4,balanced_random_group,primary,6,0.016585958912219253,0.0,0.0,0.06416324765868782,"{""status"": ""ok""}"
control,threshold_survival,0.2,4,balanced_random_group,primary,8,0.019248974297606344,0.0,0.0,0.06416324765868782,"{""status"": ""ok""}"
control,threshold_survival,0.2,4,balanced_random_group,primary,12,0.023002283678088035,0.0,0.0,0.06416324765868782,"{""status"": ""ok""}"
control,threshold_survival,0.2,4,balanced_random_group,primary,16,0.02566529906347513,0.0,0.0,0.06416324765868782,"{""status"": ""ok""}"
control,threshold_survival,0.2,4,balanced_random_group,primary,24,0.029418608443956815,0.0,0.0,0.06416324765868782,"{""status"": ""ok""}"
control,threshold_survival,0.2,4,balanced_random_group,primary,32,0.03208162382934391,0.0,0.0,0.06416324765868782,"{""status"": ""ok""}"
control,threshold_survival,0.2,4,balanced_random_group,primary,48,0.035834933209825594,0.0,0.0,0.06416324765868782,"{""status"": ""ok""}"
control,threshold_survival,0.2,4,balanced_random_group,primary,64,0.03849794859521269,0.0,0.0,0.06416324765868782,"{""status"": ""ok""}"
control,threshold_survival,0.2,4,balanced_random_group,primary,96,0.04225125797569438,0.0,0.0,0.06416324765868782,"{""status"": ""ok""}"
control,threshold_survival,0.2,4,balanced_random_group,primary,128,0.04491427336108147,0.0,0.0,0.06416324765868782,"{""status"": ""ok""}"
control,threshold_survival,0.2,4,affinity_rank_group,primary,1,0.0,0.0,0.0,0.06416324765868782,"{""status"": ""ok""}"
control,threshold_survival,0.2,4,affinity_rank_group,primary,2,0.006416324765868783,0.0,0.0,0.06416324765868782,"{""status"": ""ok""}"
control,threshold_survival,0.2,4,affinity_rank_group,primary,3,0.01016963414635047,0.0,0.0,0.06416324765868782,"{""status"": ""ok""}"
control,threshold_survival,0.2,4,affinity_rank_group,primary,4,0.012832649531737565,0.0,0.0,0.06416324765868782,"{""status"": ""ok""}"
control,threshold_survival,0.2,4,affinity_rank_group,primary,6,0.016585958912219253,0.0,0.0,0.06416324765868782,"{""status"": ""ok""}"
control,threshold_survival,0.2,4,affinity_rank_group,primary,8,0.019248974297606344,0.0,0.0,0.06416324765868782,"{""status"": ""ok""}"
control,threshold_survival,0.2,4,affinity_rank_group,primary,12,0.023002283678088035,0.0,0.0,0.06416324765868782,"{""status"": ""ok""}"
control,threshold_survival,0.2,4,affinity_rank_group,primary,16,0.02566529906347513,0.0,0.0,0.06416324765868782,"{""status"": ""ok""}"
control,threshold_survival,0.2,4,affinity_rank_group,primary,24,0.029418608443956815,0.0,0.0,0.06416324765868782,"{""status"": ""ok""}"
control,threshold_survival,0.2,4,affinity_rank_group,primary,32,0.03208162382934391,0.0,0.0,0.06416324765868782,"{""status"": ""ok""}"
control,threshold_survival,0.2,4,affinity_rank_group,primary,48,0.035834933209825594,0.0,0.0,0.06416324765868782,"{""status"": ""ok""}"
control,threshold_survival,0.2,4,affinity_rank_group,primary,64,0.03849794859521269,0.0,0.0,0.06416324765868782,"{""status"": ""ok""}"
control,threshold_survival,0.2,4,affinity_rank_group,primary,96,0.04225125797569438,0.0,0.0,0.06416324765868782,"{""status"": ""ok""}"
control,threshold_survival,0.2,4,affinity_rank_group,primary,128,0.04491427336108147,0.0,0.0,0.06416324765868782,"{""status"": ""ok""}"
control,threshold_survival,0.2,4,prefix_group,primary,1,0.012832649531737565,0.0,0.0,0.06416324765868782,"{""status"": ""ok""}"
control,threshold_survival,0.2,4,prefix_group,primary,2,0.012832649531737565,0.0,0.0,0.06416324765868782,"{""status"": ""ok""}"
control,threshold_survival,0.2,4,prefix_group,primary,3,0.012832649531737565,0.0,0.0,0.06416324765868782,"{""status"": ""ok""}"
control,threshold_survival,0.2,4,prefix_group,primary,4,0.012832649531737565,0.0,0.0,0.06416324765868782,"{""status"": ""ok""}"
control,threshold_survival,0.2,4,prefix_group,primary,6,0.02566529906347513,0.0,0.0,0.06416324765868782,"{""status"": ""ok""}"
control,threshold_survival,0.2,4,prefix_group,primary,8,0.02566529906347513,0.0,0.0,0.06416324765868782,"{""status"": ""ok""}"
control,threshold_survival,0.2,4,prefix_group,primary,12,0.02566529906347513,0.0,0.0,0.06416324765868782,"{""status"": ""ok""}"
control,threshold_survival,0.2,4,prefix_group,primary,16,0.02566529906347513,0.0,0.0,0.06416324765868782,"{""status"": ""ok""}"
control,threshold_survival,0.2,4,prefix_group,primary,24,0.03849794859521269,0.0,0.0,0.06416324765868782,"{""status"": ""ok""}"
control,threshold_survival,0.2,4,prefix_group,primary,32,0.03849794859521269,0.0,0.0,0.06416324765868782,"{""status"": ""ok""}"
control,threshold_survival,0.2,4,prefix_group,primary,48,0.03849794859521269,0.0,0.0,0.06416324765868782,"{""status"": ""ok""}"
control,threshold_survival,0.2,4,prefix_group,primary,64,0.03849794859521269,0.0,0.0,0.06416324765868782,"{""status"": ""ok""}"
control,threshold_survival,0.2,4,prefix_group,primary,96,0.05133059812695026,0.0,0.0,0.06416324765868782,"{""status"": ""ok""}"
control,threshold_survival,0.2,4,prefix_group,primary,128,0.05133059812695026,0.0,0.0,0.06416324765868782,"{""status"": ""ok""}"
control,threshold_survival,0.2,4,kmeans_profile,diagnostic_function_preserving,1,0.0,0.0,0.0,0.06416324765868782,"{""diversity"": 0.0, ""k_used"": 1, ""status"": ""disabled_low_diversity""}"
control,threshold_survival,0.2,4,kmeans_profile,diagnostic_function_preserving,2,0.0,0.0,0.0,0.06416324765868782,"{""diversity"": 0.0, ""k_used"": 1, ""status"": ""disabled_low_diversity""}"
control,threshold_survival,0.2,4,kmeans_profile,diagnostic_function_preserving,3,0.0,0.0,0.0,0.06416324765868782,"{""diversity"": 0.0, ""k_used"": 1, ""status"": ""disabled_low_diversity""}"
control,threshold_survival,0.2,4,kmeans_profile,diagnostic_function_preserving,4,0.0,0.0,0.0,0.06416324765868782,"{""diversity"": 0.0, ""k_used"": 1, ""status"": ""disabled_low_diversity""}"
control,threshold_survival,0.2,4,kmeans_profile,diagnostic_function_preserving,6,0.0,0.0,0.0,0.06416324765868782,"{""diversity"": 0.0, ""k_used"": 1, ""status"": ""disabled_low_diversity""}"
control,threshold_survival,0.2,4,kmeans_profile,diagnostic_function_preserving,8,0.0,0.0,0.0,0.06416324765868782,"{""diversity"": 0.0, ""k_used"": 1, ""status"": ""disabled_low_diversity""}"
control,threshold_survival,0.2,4,kmeans_profile,diagnostic_function_preserving,12,0.0,0.0,0.0,0.06416324765868782,"{""diversity"": 0.0, ""k_used"": 1, ""status"": ""disabled_low_diversity""}"
control,threshold_survival,0.2,4,kmeans_profile,diagnostic_function_preserving,16,0.0,0.0,0.0,0.06416324765868782,"{""diversity"": 0.0, ""k_used"": 1, ""status"": ""disabled_low_diversity""}"
control,threshold_survival,0.2,4,kmeans_profile,diagnostic_function_preserving,24,0.0,0.0,0.0,0.06416324765868782,"{""diversity"": 0.0, ""k_used"": 1, ""status"": ""disabled_low_diversity""}"
control,threshold_survival,0.2,4,kmeans_profile,diagnostic_function_preserving,32,0.0,0.0,0.0,0.06416324765868782,"{""diversity"": 0.0, ""k_used"": 1, ""status"": ""disabled_low_diversity""}"
control,threshold_survival,0.2,4,kmeans_profile,diagnostic_function_preserving,48,0.0,0.0,0.0,0.06416324765868782,"{""diversity"": 0.0, ""k_used"": 1, ""status"": ""disabled_low_diversity""}"
control,threshold_survival,0.2,4,kmeans_profile,diagnostic_function_preserving,64,0.0,0.0,0.0,0.06416324765868782,"{""diversity"": 0.0, ""k_used"": 1, ""status"": ""disabled_low_diversity""}"
control,threshold_survival,0.2,4,kmeans_profile,diagnostic_function_preserving,96,0.0,0.0,0.0,0.06416324765868782,"{""diversity"": 0.0, ""k_used"": 1, ""status"": ""disabled_low_diversity""}"
control,threshold_survival,0.2,4,kmeans_profile,diagnostic_function_preserving,128,0.0,0.0,0.0,0.06416324765868782,"{""diversity"": 0.0, ""k_used"": 1, ""status"": ""disabled_low_diversity""}"
control,threshold_survival,0.2,5,balanced_random_group,primary,1,0.0,0.0,0.0,0.06743950527561707,"{""status"": ""ok""}"
control,threshold_survival,0.2,5,balanced_random_group,primary,2,0.006743950527561707,0.0,0.0,0.06743950527561707,"{""status"": ""ok""}"
control,threshold_survival,0.2,5,balanced_random_group,primary,3,0.010688908692903962,0.0,0.0,0.06743950527561707,"{""status"": ""ok""}"
control,threshold_survival,0.2,5,balanced_random_group,primary,4,0.013487901055123415,0.0,0.0,0.06743950527561707,"{""status"": ""ok""}"
control,threshold_survival,0.2,5,balanced_random_group,primary,6,0.017432859220465672,0.0,0.0,0.06743950527561707,"{""status"": ""ok""}"
control,threshold_survival,0.2,5,balanced_random_group,primary,8,0.02023185158268512,0.0,0.0,0.06743950527561707,"{""status"": ""ok""}"
control,threshold_survival,0.2,5,balanced_random_group,primary,12,0.024176809748027377,0.0,0.0,0.06743950527561707,"{""status"": ""ok""}"
control,threshold_survival,0.2,5,balanced_random_group,primary,16,0.02697580211024683,0.0,0.0,0.06743950527561707,"{""status"": ""ok""}"
control,threshold_survival,0.2,5,balanced_random_group,primary,24,0.03092076027558908,0.0,0.0,0.06743950527561707,"{""status"": ""ok""}"
control,threshold_survival,0.2,5,balanced_random_group,primary,32,0.033719752637808534,0.0,0.0,0.06743950527561707,"{""status"": ""ok""}"
control,threshold_survival,0.2,5,balanced_random_group,primary,48,0.037664710803150786,0.0,0.0,0.06743950527561707,"{""status"": ""ok""}"
control,threshold_survival,0.2,5,balanced_random_group,primary,64,0.04046370316537024,0.0,0.0,0.06743950527561707,"{""status"": ""ok""}"
control,threshold_survival,0.2,5,balanced_random_group,primary,96,0.0444086613307125,0.0,0.0,0.06743950527561707,"{""status"": ""ok""}"
control,threshold_survival,0.2,5,balanced_random_group,primary,128,0.04720765369293194,0.0,0.0,0.06743950527561707,"{""status"": ""ok""}"
control,threshold_survival,0.2,5,affinity_rank_group,primary,1,0.0,0.0,0.0,0.06743950527561707,"{""status"": ""ok""}"
control,threshold_survival,0.2,5,affinity_rank_group,primary,2,0.006743950527561707,0.0,0.0,0.06743950527561707,"{""status"": ""ok""}"
control,threshold_survival,0.2,5,affinity_rank_group,primary,3,0.010688908692903962,0.0,0.0,0.06743950527561707,"{""status"": ""ok""}"
control,threshold_survival,0.2,5,affinity_rank_group,primary,4,0.013487901055123415,0.0,0.0,0.06743950527561707,"{""status"": ""ok""}"
control,threshold_survival,0.2,5,affinity_rank_group,primary,6,0.017432859220465672,0.0,0.0,0.06743950527561707,"{""status"": ""ok""}"
control,threshold_survival,0.2,5,affinity_rank_group,primary,8,0.02023185158268512,0.0,0.0,0.06743950527561707,"{""status"": ""ok""}"
control,threshold_survival,0.2,5,affinity_rank_group,primary,12,0.024176809748027377,0.0,0.0,0.06743950527561707,"{""status"": ""ok""}"
control,threshold_survival,0.2,5,affinity_rank_group,primary,16,0.02697580211024683,0.0,0.0,0.06743950527561707,"{""status"": ""ok""}"
control,threshold_survival,0.2,5,affinity_rank_group,primary,24,0.03092076027558908,0.0,0.0,0.06743950527561707,"{""status"": ""ok""}"
control,threshold_survival,0.2,5,affinity_rank_group,primary,32,0.033719752637808534,0.0,0.0,0.06743950527561707,"{""status"": ""ok""}"
control,threshold_survival,0.2,5,affinity_rank_group,primary,48,0.037664710803150786,0.0,0.0,0.06743950527561707,"{""status"": ""ok""}"
control,threshold_survival,0.2,5,affinity_rank_group,primary,64,0.04046370316537024,0.0,0.0,0.06743950527561707,"{""status"": ""ok""}"
control,threshold_survival,0.2,5,affinity_rank_group,primary,96,0.0444086613307125,0.0,0.0,0.06743950527561707,"{""status"": ""ok""}"
control,threshold_survival,0.2,5,affinity_rank_group,primary,128,0.04720765369293194,0.0,0.0,0.06743950527561707,"{""status"": ""ok""}"
control,threshold_survival,0.2,5,prefix_group,primary,1,0.013487901055123415,0.0,0.0,0.06743950527561707,"{""status"": ""ok""}"
control,threshold_survival,0.2,5,prefix_group,primary,2,0.013487901055123415,0.0,0.0,0.06743950527561707,"{""status"": ""ok""}"
control,threshold_survival,0.2,5,prefix_group,primary,3,0.013487901055123415,0.0,0.0,0.06743950527561707,"{""status"": ""ok""}"
control,threshold_survival,0.2,5,prefix_group,primary,4,0.013487901055123415,0.0,0.0,0.06743950527561707,"{""status"": ""ok""}"
control,threshold_survival,0.2,5,prefix_group,primary,6,0.02697580211024683,0.0,0.0,0.06743950527561707,"{""status"": ""ok""}"
control,threshold_survival,0.2,5,prefix_group,primary,8,0.02697580211024683,0.0,0.0,0.06743950527561707,"{""status"": ""ok""}"
control,threshold_survival,0.2,5,prefix_group,primary,12,0.02697580211024683,0.0,0.0,0.06743950527561707,"{""status"": ""ok""}"
control,threshold_survival,0.2,5,prefix_group,primary,16,0.02697580211024683,0.0,0.0,0.06743950527561707,"{""status"": ""ok""}"
control,threshold_survival,0.2,5,prefix_group,primary,24,0.04046370316537024,0.0,0.0,0.06743950527561707,"{""status"": ""ok""}"
control,threshold_survival,0.2,5,prefix_group,primary,32,0.04046370316537024,0.0,0.0,0.06743950527561707,"{""status"": ""ok""}"
control,threshold_survival,0.2,5,prefix_group,primary,48,0.04046370316537024,0.0,0.0,0.06743950527561707,"{""status"": ""ok""}"
control,threshold_survival,0.2,5,prefix_group,primary,64,0.04046370316537024,0.0,0.0,0.06743950527561707,"{""status"": ""ok""}"
control,threshold_survival,0.2,5,prefix_group,primary,96,0.05395160422049366,0.0,0.0,0.06743950527561707,"{""status"": ""ok""}"
control,threshold_survival,0.2,5,prefix_group,primary,128,0.05395160422049366,0.0,0.0,0.06743950527561707,"{""status"": ""ok""}"
control,threshold_survival,0.2,5,kmeans_profile,diagnostic_function_preserving,1,0.0,0.0,0.0,0.06743950527561707,"{""diversity"": 0.0, ""k_used"": 1, ""status"": ""disabled_low_diversity""}"
control,threshold_survival,0.2,5,kmeans_profile,diagnostic_function_preserving,2,0.0,0.0,0.0,0.06743950527561707,"{""diversity"": 0.0, ""k_used"": 1, ""status"": ""disabled_low_diversity""}"
control,threshold_survival,0.2,5,kmeans_profile,diagnostic_function_preserving,3,0.0,0.0,0.0,0.06743950527561707,"{""diversity"": 0.0, ""k_used"": 1, ""status"": ""disabled_low_diversity""}"
control,threshold_survival,0.2,5,kmeans_profile,diagnostic_function_preserving,4,0.0,0.0,0.0,0.06743950527561707,"{""diversity"": 0.0, ""k_used"": 1, ""status"": ""disabled_low_diversity""}"
control,threshold_survival,0.2,5,kmeans_profile,diagnostic_function_preserving,6,0.0,0.0,0.0,0.06743950527561707,"{""diversity"": 0.0, ""k_used"": 1, ""status"": ""disabled_low_diversity""}"
control,threshold_survival,0.2,5,kmeans_profile,diagnostic_function_preserving,8,0.0,0.0,0.0,0.06743950527561707,"{""diversity"": 0.0, ""k_used"": 1, ""status"": ""disabled_low_diversity""}"
control,threshold_survival,0.2,5,kmeans_profile,diagnostic_function_preserving,12,0.0,0.0,0.0,0.06743950527561707,"{""diversity"": 0.0, ""k_used"": 1, ""status"": ""disabled_low_diversity""}"
control,threshold_survival,0.2,5,kmeans_profile,diagnostic_function_preserving,16,0.0,0.0,0.0,0.06743950527561707,"{""diversity"": 0.0, ""k_used"": 1, ""status"": ""disabled_low_diversity""}"
control,threshold_survival,0.2,5,kmeans_profile,diagnostic_function_preserving,24,0.0,0.0,0.0,0.06743950527561707,"{""diversity"": 0.0, ""k_used"": 1, ""status"": ""disabled_low_diversity""}"
control,threshold_survival,0.2,5,kmeans_profile,diagnostic_function_preserving,32,0.0,0.0,0.0,0.06743950527561707,"{""diversity"": 0.0, ""k_used"": 1, ""status"": ""disabled_low_diversity""}"
control,threshold_survival,0.2,5,kmeans_profile,diagnostic_function_preserving,48,0.0,0.0,0.0,0.06743950527561707,"{""diversity"": 0.0, ""k_used"": 1, ""status"": ""disabled_low_diversity""}"
control,threshold_survival,0.2,5,kmeans_profile,diagnostic_function_preserving,64,0.0,0.0,0.0,0.06743950527561707,"{""diversity"": 0.0, ""k_used"": 1, ""status"": ""disabled_low_diversity""}"
control,threshold_survival,0.2,5,kmeans_profile,diagnostic_function_preserving,96,0.0,0.0,0.0,0.06743950527561707,"{""diversity"": 0.0, ""k_used"": 1, ""status"": ""disabled_low_diversity""}"
control,threshold_survival,0.2,5,kmeans_profile,diagnostic_function_preserving,128,0.0,0.0,0.0,0.06743950527561707,"{""diversity"": 0.0, ""k_used"": 1, ""status"": ""disabled_low_diversity""}"
control,threshold_survival,0.2,6,balanced_random_group,primary,1,0.0,0.0,0.0,0.06528731889792984,"{""status"": ""ok""}"
control,threshold_survival,0.2,6,balanced_random_group,primary,2,0.006528731889792984,0.0,0.0,0.06528731889792984,"{""status"": ""ok""}"
control,threshold_survival,0.2,6,balanced_random_group,primary,3,0.010347795222584246,0.0,0.0,0.06528731889792984,"{""status"": ""ok""}"
control,threshold_survival,0.2,6,balanced_random_group,primary,4,0.013057463779585969,0.0,0.0,0.06528731889792984,"{""status"": ""ok""}"
control,threshold_survival,0.2,6,balanced_random_group,primary,6,0.01687652711237723,0.0,0.0,0.06528731889792984,"{""status"": ""ok""}"
control,threshold_survival,0.2,6,balanced_random_group,primary,8,0.019586195669378952,0.0,0.0,0.06528731889792984,"{""status"": ""ok""}"
control,threshold_survival,0.2,6,balanced_random_group,primary,12,0.023405259002170213,0.0,0.0,0.06528731889792984,"{""status"": ""ok""}"
control,threshold_survival,0.2,6,balanced_random_group,primary,16,0.026114927559171938,0.0,0.0,0.06528731889792984,"{""status"": ""ok""}"
control,threshold_survival,0.2,6,balanced_random_group,primary,24,0.0299339908919632,0.0,0.0,0.06528731889792984,"{""status"": ""ok""}"
control,threshold_survival,0.2,6,balanced_random_group,primary,32,0.03264365944896492,0.0,0.0,0.06528731889792984,"{""status"": ""ok""}"
control,threshold_survival,0.2,6,balanced_random_group,primary,48,0.03646272278175618,0.0,0.0,0.06528731889792984,"{""status"": ""ok""}"
control,threshold_survival,0.2,6,balanced_random_group,primary,64,0.039172391338757905,0.0,0.0,0.06528731889792984,"{""status"": ""ok""}"
control,threshold_survival,0.2,6,balanced_random_group,primary,96,0.04299145467154917,0.0,0.0,0.06528731889792984,"{""status"": ""ok""}"
control,threshold_survival,0.2,6,balanced_random_group,primary,128,0.04570112322855088,0.0,0.0,0.06528731889792984,"{""status"": ""ok""}"
control,threshold_survival,0.2,6,affinity_rank_group,primary,1,0.0,0.0,0.0,0.06528731889792984,"{""status"": ""ok""}"
control,threshold_survival,0.2,6,affinity_rank_group,primary,2,0.006528731889792984,0.0,0.0,0.06528731889792984,"{""status"": ""ok""}"
control,threshold_survival,0.2,6,affinity_rank_group,primary,3,0.010347795222584246,0.0,0.0,0.06528731889792984,"{""status"": ""ok""}"
control,threshold_survival,0.2,6,affinity_rank_group,primary,4,0.013057463779585969,0.0,0.0,0.06528731889792984,"{""status"": ""ok""}"
control,threshold_survival,0.2,6,affinity_rank_group,primary,6,0.01687652711237723,0.0,0.0,0.06528731889792984,"{""status"": ""ok""}"
control,threshold_survival,0.2,6,affinity_rank_group,primary,8,0.019586195669378952,0.0,0.0,0.06528731889792984,"{""status"": ""ok""}"
control,threshold_survival,0.2,6,affinity_rank_group,primary,12,0.023405259002170213,0.0,0.0,0.06528731889792984,"{""status"": ""ok""}"
control,threshold_survival,0.2,6,affinity_rank_group,primary,16,0.026114927559171938,0.0,0.0,0.06528731889792984,"{""status"": ""ok""}"
control,threshold_survival,0.2,6,affinity_rank_group,primary,24,0.0299339908919632,0.0,0.0,0.06528731889792984,"{""status"": ""ok""}"
control,threshold_survival,0.2,6,affinity_rank_group,primary,32,0.03264365944896492,0.0,0.0,0.06528731889792984,"{""status"": ""ok""}"
control,threshold_survival,0.2,6,affinity_rank_group,primary,48,0.03646272278175618,0.0,0.0,0.06528731889792984,"{""status"": ""ok""}"
control,threshold_survival,0.2,6,affinity_rank_group,primary,64,0.039172391338757905,0.0,0.0,0.06528731889792984,"{""status"": ""ok""}"
control,threshold_survival,0.2,6,affinity_rank_group,primary,96,0.04299145467154917,0.0,0.0,0.06528731889792984,"{""status"": ""ok""}"
control,threshold_survival,0.2,6,affinity_rank_group,primary,128,0.04570112322855088,0.0,0.0,0.06528731889792984,"{""status"": ""ok""}"
control,threshold_survival,0.2,6,prefix_group,primary,1,0.013057463779585969,0.0,0.0,0.06528731889792984,"{""status"": ""ok""}"
control,threshold_survival,0.2,6,prefix_group,primary,2,0.013057463779585969,0.0,0.0,0.06528731889792984,"{""status"": ""ok""}"
control,threshold_survival,0.2,6,prefix_group,primary,3,0.013057463779585969,0.0,0.0,0.06528731889792984,"{""status"": ""ok""}"
control,threshold_survival,0.2,6,prefix_group,primary,4,0.013057463779585969,0.0,0.0,0.06528731889792984,"{""status"": ""ok""}"
control,threshold_survival,0.2,6,prefix_group,primary,6,0.026114927559171938,0.0,0.0,0.06528731889792984,"{""status"": ""ok""}"
control,threshold_survival,0.2,6,prefix_group,primary,8,0.026114927559171938,0.0,0.0,0.06528731889792984,"{""status"": ""ok""}"
control,threshold_survival,0.2,6,prefix_group,primary,12,0.026114927559171938,0.0,0.0,0.06528731889792984,"{""status"": ""ok""}"
control,threshold_survival,0.2,6,prefix_group,primary,16,0.026114927559171938,0.0,0.0,0.06528731889792984,"{""status"": ""ok""}"
control,threshold_survival,0.2,6,prefix_group,primary,24,0.039172391338757905,0.0,0.0,0.06528731889792984,"{""status"": ""ok""}"
control,threshold_survival,0.2,6,prefix_group,primary,32,0.039172391338757905,0.0,0.0,0.06528731889792984,"{""status"": ""ok""}"
control,threshold_survival,0.2,6,prefix_group,primary,48,0.039172391338757905,0.0,0.0,0.06528731889792984,"{""status"": ""ok""}"
control,threshold_survival,0.2,6,prefix_group,primary,64,0.039172391338757905,0.0,0.0,0.06528731889792984,"{""status"": ""ok""}"
control,threshold_survival,0.2,6,prefix_group,primary,96,0.052229855118343875,0.0,0.0,0.06528731889792984,"{""status"": ""ok""}"
control,threshold_survival,0.2,6,prefix_group,primary,128,0.052229855118343875,0.0,0.0,0.06528731889792984,"{""status"": ""ok""}"
control,threshold_survival,0.2,6,kmeans_profile,diagnostic_function_preserving,1,0.0,0.0,0.0,0.06528731889792984,"{""diversity"": 0.0, ""k_used"": 1, ""status"": ""disabled_low_diversity""}"
control,threshold_survival,0.2,6,kmeans_profile,diagnostic_function_preserving,2,0.0,0.0,0.0,0.06528731889792984,"{""diversity"": 0.0, ""k_used"": 1, ""status"": ""disabled_low_diversity""}"
control,threshold_survival,0.2,6,kmeans_profile,diagnostic_function_preserving,3,0.0,0.0,0.0,0.06528731889792984,"{""diversity"": 0.0, ""k_used"": 1, ""status"": ""disabled_low_diversity""}"
control,threshold_survival,0.2,6,kmeans_profile,diagnostic_function_preserving,4,0.0,0.0,0.0,0.06528731889792984,"{""diversity"": 0.0, ""k_used"": 1, ""status"": ""disabled_low_diversity""}"
control,threshold_survival,0.2,6,kmeans_profile,diagnostic_function_preserving,6,0.0,0.0,0.0,0.06528731889792984,"{""diversity"": 0.0, ""k_used"": 1, ""status"": ""disabled_low_diversity""}"
control,threshold_survival,0.2,6,kmeans_profile,diagnostic_function_preserving,8,0.0,0.0,0.0,0.06528731889792984,"{""diversity"": 0.0, ""k_used"": 1, ""status"": ""disabled_low_diversity""}"
control,threshold_survival,0.2,6,kmeans_profile,diagnostic_function_preserving,12,0.0,0.0,0.0,0.06528731889792984,"{""diversity"": 0.0, ""k_used"": 1, ""status"": ""disabled_low_diversity""}"
control,threshold_survival,0.2,6,kmeans_profile,diagnostic_function_preserving,16,0.0,0.0,0.0,0.06528731889792984,"{""diversity"": 0.0, ""k_used"": 1, ""status"": ""disabled_low_diversity""}"
control,threshold_survival,0.2,6,kmeans_profile,diagnostic_function_preserving,24,0.0,0.0,0.0,0.06528731889792984,"{""diversity"": 0.0, ""k_used"": 1, ""status"": ""disabled_low_diversity""}"
control,threshold_survival,0.2,6,kmeans_profile,diagnostic_function_preserving,32,0.0,0.0,0.0,0.06528731889792984,"{""diversity"": 0.0, ""k_used"": 1, ""status"": ""disabled_low_diversity""}"
control,threshold_survival,0.2,6,kmeans_profile,diagnostic_function_preserving,48,0.0,0.0,0.0,0.06528731889792984,"{""diversity"": 0.0, ""k_used"": 1, ""status"": ""disabled_low_diversity""}"
control,threshold_survival,0.2,6,kmeans_profile,diagnostic_function_preserving,64,0.0,0.0,0.0,0.06528731889792984,"{""diversity"": 0.0, ""k_used"": 1, ""status"": ""disabled_low_diversity""}"
control,threshold_survival,0.2,6,kmeans_profile,diagnostic_function_preserving,96,0.0,0.0,0.0,0.06528731889792984,"{""diversity"": 0.0, ""k_used"": 1, ""status"": ""disabled_low_diversity""}"
control,threshold_survival,0.2,6,kmeans_profile,diagnostic_function_preserving,128,0.0,0.0,0.0,0.06528731889792984,"{""diversity"": 0.0, ""k_used"": 1, ""status"": ""disabled_low_diversity""}"
control,threshold_survival,0.2,7,balanced_random_group,primary,1,0.0,0.0,0.0,0.06057583543899449,"{""status"": ""ok""}"
control,threshold_survival,0.2,7,balanced_random_group,primary,2,0.006057583543899449,0.0,0.0,0.06057583543899449,"{""status"": ""ok""}"
control,threshold_survival,0.2,7,balanced_random_group,primary,3,0.009601042762066192,0.0,0.0,0.06057583543899449,"{""status"": ""ok""}"
control,threshold_survival,0.2,7,balanced_random_group,primary,4,0.012115167087798898,0.0,0.0,0.06057583543899449,"{""status"": ""ok""}"
control,threshold_survival,0.2,7,balanced_random_group,primary,6,0.015658626305965644,0.0,0.0,0.06057583543899449,"{""status"": ""ok""}"
control,threshold_survival,0.2,7,balanced_random_group,primary,8,0.018172750631698344,0.0,0.0,0.06057583543899449,"{""status"": ""ok""}"
control,threshold_survival,0.2,7,balanced_random_group,primary,12,0.02171620984986509,0.0,0.0,0.06057583543899449,"{""status"": ""ok""}"
control,threshold_survival,0.2,7,balanced_random_group,primary,16,0.024230334175597796,0.0,0.0,0.06057583543899449,"{""status"": ""ok""}"
control,threshold_survival,0.2,7,balanced_random_group,primary,24,0.02777379339376454,0.0,0.0,0.06057583543899449,"{""status"": ""ok""}"
control,threshold_survival,0.2,7,balanced_random_group,primary,32,0.030287917719497244,0.0,0.0,0.06057583543899449,"{""status"": ""ok""}"
control,threshold_survival,0.2,7,balanced_random_group,primary,48,0.033831376937663984,0.0,0.0,0.06057583543899449,"{""status"": ""ok""}"
control,threshold_survival,0.2,7,balanced_random_group,primary,64,0.03634550126339669,0.0,0.0,0.06057583543899449,"{""status"": ""ok""}"
control,threshold_survival,0.2,7,balanced_random_group,primary,96,0.03988896048156344,0.0,0.0,0.06057583543899449,"{""status"": ""ok""}"
control,threshold_survival,0.2,7,balanced_random_group,primary,128,0.04240308480729614,0.0,0.0,0.06057583543899449,"{""status"": ""ok""}"
control,threshold_survival,0.2,7,affinity_rank_group,primary,1,0.0,0.0,0.0,0.06057583543899449,"{""status"": ""ok""}"
control,threshold_survival,0.2,7,affinity_rank_group,primary,2,0.006057583543899449,0.0,0.0,0.06057583543899449,"{""status"": ""ok""}"
control,threshold_survival,0.2,7,affinity_rank_group,primary,3,0.009601042762066192,0.0,0.0,0.06057583543899449,"{""status"": ""ok""}"
control,threshold_survival,0.2,7,affinity_rank_group,primary,4,0.012115167087798898,0.0,0.0,0.06057583543899449,"{""status"": ""ok""}"
control,threshold_survival,0.2,7,affinity_rank_group,primary,6,0.015658626305965644,0.0,0.0,0.06057583543899449,"{""status"": ""ok""}"
control,threshold_survival,0.2,7,affinity_rank_group,primary,8,0.018172750631698344,0.0,0.0,0.06057583543899449,"{""status"": ""ok""}"
control,threshold_survival,0.2,7,affinity_rank_group,primary,12,0.02171620984986509,0.0,0.0,0.06057583543899449,"{""status"": ""ok""}"
control,threshold_survival,0.2,7,affinity_rank_group,primary,16,0.024230334175597796,0.0,0.0,0.06057583543899449,"{""status"": ""ok""}"
control,threshold_survival,0.2,7,affinity_rank_group,primary,24,0.02777379339376454,0.0,0.0,0.06057583543899449,"{""status"": ""ok""}"
control,threshold_survival,0.2,7,affinity_rank_group,primary,32,0.030287917719497244,0.0,0.0,0.06057583543899449,"{""status"": ""ok""}"
control,threshold_survival,0.2,7,affinity_rank_group,primary,48,0.033831376937663984,0.0,0.0,0.06057583543899449,"{""status"": ""ok""}"
control,threshold_survival,0.2,7,affinity_rank_group,primary,64,0.03634550126339669,0.0,0.0,0.06057583543899449,"{""status"": ""ok""}"
control,threshold_survival,0.2,7,affinity_rank_group,primary,96,0.03988896048156344,0.0,0.0,0.06057583543899449,"{""status"": ""ok""}"
control,threshold_survival,0.2,7,affinity_rank_group,primary,128,0.04240308480729614,0.0,0.0,0.06057583543899449,"{""status"": ""ok""}"
control,threshold_survival,0.2,7,prefix_group,primary,1,0.012115167087798898,0.0,0.0,0.06057583543899449,"{""status"": ""ok""}"
control,threshold_survival,0.2,7,prefix_group,primary,2,0.012115167087798898,0.0,0.0,0.06057583543899449,"{""status"": ""ok""}"
control,threshold_survival,0.2,7,prefix_group,primary,3,0.012115167087798898,0.0,0.0,0.06057583543899449,"{""status"": ""ok""}"
control,threshold_survival,0.2,7,prefix_group,primary,4,0.012115167087798898,0.0,0.0,0.06057583543899449,"{""status"": ""ok""}"
control,threshold_survival,0.2,7,prefix_group,primary,6,0.024230334175597796,0.0,0.0,0.06057583543899449,"{""status"": ""ok""}"
control,threshold_survival,0.2,7,prefix_group,primary,8,0.024230334175597796,0.0,0.0,0.06057583543899449,"{""status"": ""ok""}"
control,threshold_survival,0.2,7,prefix_group,primary,12,0.024230334175597796,0.0,0.0,0.06057583543899449,"{""status"": ""ok""}"
control,threshold_survival,0.2,7,prefix_group,primary,16,0.024230334175597796,0.0,0.0,0.06057583543899449,"{""status"": ""ok""}"
control,threshold_survival,0.2,7,prefix_group,primary,24,0.03634550126339669,0.0,0.0,0.06057583543899449,"{""status"": ""ok""}"
control,threshold_survival,0.2,7,prefix_group,primary,32,0.03634550126339669,0.0,0.0,0.06057583543899449,"{""status"": ""ok""}"
control,threshold_survival,0.2,7,prefix_group,primary,48,0.03634550126339669,0.0,0.0,0.06057583543899449,"{""status"": ""ok""}"
control,threshold_survival,0.2,7,prefix_group,primary,64,0.03634550126339669,0.0,0.0,0.06057583543899449,"{""status"": ""ok""}"
control,threshold_survival,0.2,7,prefix_group,primary,96,0.04846066835119559,0.0,0.0,0.06057583543899449,"{""status"": ""ok""}"
control,threshold_survival,0.2,7,prefix_group,primary,128,0.04846066835119559,0.0,0.0,0.06057583543899449,"{""status"": ""ok""}"
control,threshold_survival,0.2,7,kmeans_profile,diagnostic_function_preserving,1,0.0,0.0,0.0,0.06057583543899449,"{""diversity"": 0.0, ""k_used"": 1, ""status"": ""disabled_low_diversity""}"
control,threshold_survival,0.2,7,kmeans_profile,diagnostic_function_preserving,2,0.0,0.0,0.0,0.06057583543899449,"{""diversity"": 0.0, ""k_used"": 1, ""status"": ""disabled_low_diversity""}"
control,threshold_survival,0.2,7,kmeans_profile,diagnostic_function_preserving,3,0.0,0.0,0.0,0.06057583543899449,"{""diversity"": 0.0, ""k_used"": 1, ""status"": ""disabled_low_diversity""}"
control,threshold_survival,0.2,7,kmeans_profile,diagnostic_function_preserving,4,0.0,0.0,0.0,0.06057583543899449,"{""diversity"": 0.0, ""k_used"": 1, ""status"": ""disabled_low_diversity""}"
control,threshold_survival,0.2,7,kmeans_profile,diagnostic_function_preserving,6,0.0,0.0,0.0,0.06057583543899449,"{""diversity"": 0.0, ""k_used"": 1, ""status"": ""disabled_low_diversity""}"
control,threshold_survival,0.2,7,kmeans_profile,diagnostic_function_preserving,8,0.0,0.0,0.0,0.06057583543899449,"{""diversity"": 0.0, ""k_used"": 1, ""status"": ""disabled_low_diversity""}"
control,threshold_survival,0.2,7,kmeans_profile,diagnostic_function_preserving,12,0.0,0.0,0.0,0.06057583543899449,"{""diversity"": 0.0, ""k_used"": 1, ""status"": ""disabled_low_diversity""}"
control,threshold_survival,0.2,7,kmeans_profile,diagnostic_function_preserving,16,0.0,0.0,0.0,0.06057583543899449,"{""diversity"": 0.0, ""k_used"": 1, ""status"": ""disabled_low_diversity""}"
control,threshold_survival,0.2,7,kmeans_profile,diagnostic_function_preserving,24,0.0,0.0,0.0,0.06057583543899449,"{""diversity"": 0.0, ""k_used"": 1, ""status"": ""disabled_low_diversity""}"
control,threshold_survival,0.2,7,kmeans_profile,diagnostic_function_preserving,32,0.0,0.0,0.0,0.06057583543899449,"{""diversity"": 0.0, ""k_used"": 1, ""status"": ""disabled_low_diversity""}"
control,threshold_survival,0.2,7,kmeans_profile,diagnostic_function_preserving,48,0.0,0.0,0.0,0.06057583543899449,"{""diversity"": 0.0, ""k_used"": 1, ""status"": ""disabled_low_diversity""}"
control,threshold_survival,0.2,7,kmeans_profile,diagnostic_function_preserving,64,0.0,0.0,0.0,0.06057583543899449,"{""diversity"": 0.0, ""k_used"": 1, ""status"": ""disabled_low_diversity""}"
control,threshold_survival,0.2,7,kmeans_profile,diagnostic_function_preserving,96,0.0,0.0,0.0,0.06057583543899449,"{""diversity"": 0.0, ""k_used"": 1, ""status"": ""disabled_low_diversity""}"
control,threshold_survival,0.2,7,kmeans_profile,diagnostic_function_preserving,128,0.0,0.0,0.0,0.06057583543899449,"{""diversity"": 0.0, ""k_used"": 1, ""status"": ""disabled_low_diversity""}"
control,threshold_survival,0.2,8,balanced_random_group,primary,1,0.0,0.0,0.0,0.06701998804932793,"{""status"": ""ok""}"
control,threshold_survival,0.2,8,balanced_random_group,primary,2,0.006701998804932794,0.0,0.0,0.06701998804932793,"{""status"": ""ok""}"
control,threshold_survival,0.2,8,balanced_random_group,primary,3,0.01062241678569648,0.0,0.0,0.06701998804932793,"{""status"": ""ok""}"
control,threshold_survival,0.2,8,balanced_random_group,primary,4,0.013403997609865588,0.0,0.0,0.06701998804932793,"{""status"": ""ok""}"
control,threshold_survival,0.2,8,balanced_random_group,primary,6,0.017324415590629274,0.0,0.0,0.06701998804932793,"{""status"": ""ok""}"
control,threshold_survival,0.2,8,balanced_random_group,primary,8,0.02010599641479838,0.0,0.0,0.06701998804932793,"{""status"": ""ok""}"
control,threshold_survival,0.2,8,balanced_random_group,primary,12,0.024026414395562065,0.0,0.0,0.06701998804932793,"{""status"": ""ok""}"
control,threshold_survival,0.2,8,balanced_random_group,primary,16,0.026807995219731175,0.0,0.0,0.06701998804932793,"{""status"": ""ok""}"
control,threshold_survival,0.2,8,balanced_random_group,primary,24,0.030728413200494856,0.0,0.0,0.06701998804932793,"{""status"": ""ok""}"
control,threshold_survival,0.2,8,balanced_random_group,primary,32,0.03350999402466397,0.0,0.0,0.06701998804932793,"{""status"": ""ok""}"
control,threshold_survival,0.2,8,balanced_random_group,primary,48,0.03743041200542765,0.0,0.0,0.06701998804932793,"{""status"": ""ok""}"
control,threshold_survival,0.2,8,balanced_random_group,primary,64,0.04021199282959676,0.0,0.0,0.06701998804932793,"{""status"": ""ok""}"
control,threshold_survival,0.2,8,balanced_random_group,primary,96,0.04413241081036045,0.0,0.0,0.06701998804932793,"{""status"": ""ok""}"
control,threshold_survival,0.2,8,balanced_random_group,primary,128,0.04691399163452955,0.0,0.0,0.06701998804932793,"{""status"": ""ok""}"
control,threshold_survival,0.2,8,affinity_rank_group,primary,1,0.0,0.0,0.0,0.06701998804932793,"{""status"": ""ok""}"
control,threshold_survival,0.2,8,affinity_rank_group,primary,2,0.006701998804932794,0.0,0.0,0.06701998804932793,"{""status"": ""ok""}"
control,threshold_survival,0.2,8,affinity_rank_group,primary,3,0.01062241678569648,0.0,0.0,0.06701998804932793,"{""status"": ""ok""}"
control,threshold_survival,0.2,8,affinity_rank_group,primary,4,0.013403997609865588,0.0,0.0,0.06701998804932793,"{""status"": ""ok""}"
control,threshold_survival,0.2,8,affinity_rank_group,primary,6,0.017324415590629274,0.0,0.0,0.06701998804932793,"{""status"": ""ok""}"
control,threshold_survival,0.2,8,affinity_rank_group,primary,8,0.02010599641479838,0.0,0.0,0.06701998804932793,"{""status"": ""ok""}"
control,threshold_survival,0.2,8,affinity_rank_group,primary,12,0.024026414395562065,0.0,0.0,0.06701998804932793,"{""status"": ""ok""}"
control,threshold_survival,0.2,8,affinity_rank_group,primary,16,0.026807995219731175,0.0,0.0,0.06701998804932793,"{""status"": ""ok""}"
control,threshold_survival,0.2,8,affinity_rank_group,primary,24,0.030728413200494856,0.0,0.0,0.06701998804932793,"{""status"": ""ok""}"
control,threshold_survival,0.2,8,affinity_rank_group,primary,32,0.03350999402466397,0.0,0.0,0.06701998804932793,"{""status"": ""ok""}"
control,threshold_survival,0.2,8,affinity_rank_group,primary,48,0.03743041200542765,0.0,0.0,0.06701998804932793,"{""status"": ""ok""}"
control,threshold_survival,0.2,8,affinity_rank_group,primary,64,0.04021199282959676,0.0,0.0,0.06701998804932793,"{""status"": ""ok""}"
control,threshold_survival,0.2,8,affinity_rank_group,primary,96,0.04413241081036045,0.0,0.0,0.06701998804932793,"{""status"": ""ok""}"
control,threshold_survival,0.2,8,affinity_rank_group,primary,128,0.04691399163452955,0.0,0.0,0.06701998804932793,"{""status"": ""ok""}"
control,threshold_survival,0.2,8,prefix_group,primary,1,0.013403997609865588,0.0,0.0,0.06701998804932793,"{""status"": ""ok""}"
control,threshold_survival,0.2,8,prefix_group,primary,2,0.013403997609865588,0.0,0.0,0.06701998804932793,"{""status"": ""ok""}"
control,threshold_survival,0.2,8,prefix_group,primary,3,0.013403997609865588,0.0,0.0,0.06701998804932793,"{""status"": ""ok""}"
control,threshold_survival,0.2,8,prefix_group,primary,4,0.013403997609865588,0.0,0.0,0.06701998804932793,"{""status"": ""ok""}"
control,threshold_survival,0.2,8,prefix_group,primary,6,0.026807995219731175,0.0,0.0,0.06701998804932793,"{""status"": ""ok""}"
control,threshold_survival,0.2,8,prefix_group,primary,8,0.026807995219731175,0.0,0.0,0.06701998804932793,"{""status"": ""ok""}"
control,threshold_survival,0.2,8,prefix_group,primary,12,0.026807995219731175,0.0,0.0,0.06701998804932793,"{""status"": ""ok""}"
control,threshold_survival,0.2,8,prefix_group,primary,16,0.026807995219731175,0.0,0.0,0.06701998804932793,"{""status"": ""ok""}"
control,threshold_survival,0.2,8,prefix_group,primary,24,0.04021199282959676,0.0,0.0,0.06701998804932793,"{""status"": ""ok""}"
control,threshold_survival,0.2,8,prefix_group,primary,32,0.04021199282959676,0.0,0.0,0.06701998804932793,"{""status"": ""ok""}"
control,threshold_survival,0.2,8,prefix_group,primary,48,0.04021199282959676,0.0,0.0,0.06701998804932793,"{""status"": ""ok""}"
control,threshold_survival,0.2,8,prefix_group,primary,64,0.04021199282959676,0.0,0.0,0.06701998804932793,"{""status"": ""ok""}"
control,threshold_survival,0.2,8,prefix_group,primary,96,0.05361599043946235,0.0,0.0,0.06701998804932793,"{""status"": ""ok""}"
control,threshold_survival,0.2,8,prefix_group,primary,128,0.05361599043946235,0.0,0.0,0.06701998804932793,"{""status"": ""ok""}"
control,threshold_survival,0.2,8,kmeans_profile,diagnostic_function_preserving,1,0.0,0.0,0.0,0.06701998804932793,"{""diversity"": 0.0, ""k_used"": 1, ""status"": ""disabled_low_diversity""}"
control,threshold_survival,0.2,8,kmeans_profile,diagnostic_function_preserving,2,0.0,0.0,0.0,0.06701998804932793,"{""diversity"": 0.0, ""k_used"": 1, ""status"": ""disabled_low_diversity""}"
control,threshold_survival,0.2,8,kmeans_profile,diagnostic_function_preserving,3,0.0,0.0,0.0,0.06701998804932793,"{""diversity"": 0.0, ""k_used"": 1, ""status"": ""disabled_low_diversity""}"
control,threshold_survival,0.2,8,kmeans_profile,diagnostic_function_preserving,4,0.0,0.0,0.0,0.06701998804932793,"{""diversity"": 0.0, ""k_used"": 1, ""status"": ""disabled_low_diversity""}"
control,threshold_survival,0.2,8,kmeans_profile,diagnostic_function_preserving,6,0.0,0.0,0.0,0.06701998804932793,"{""diversity"": 0.0, ""k_used"": 1, ""status"": ""disabled_low_diversity""}"
control,threshold_survival,0.2,8,kmeans_profile,diagnostic_function_preserving,8,0.0,0.0,0.0,0.06701998804932793,"{""diversity"": 0.0, ""k_used"": 1, ""status"": ""disabled_low_diversity""}"
control,threshold_survival,0.2,8,kmeans_profile,diagnostic_function_preserving,12,0.0,0.0,0.0,0.06701998804932793,"{""diversity"": 0.0, ""k_used"": 1, ""status"": ""disabled_low_diversity""}"
control,threshold_survival,0.2,8,kmeans_profile,diagnostic_function_preserving,16,0.0,0.0,0.0,0.06701998804932793,"{""diversity"": 0.0, ""k_used"": 1, ""status"": ""disabled_low_diversity""}"
control,threshold_survival,0.2,8,kmeans_profile,diagnostic_function_preserving,24,0.0,0.0,0.0,0.06701998804932793,"{""diversity"": 0.0, ""k_used"": 1, ""status"": ""disabled_low_diversity""}"
control,threshold_survival,0.2,8,kmeans_profile,diagnostic_function_preserving,32,0.0,0.0,0.0,0.06701998804932793,"{""diversity"": 0.0, ""k_used"": 1, ""status"": ""disabled_low_diversity""}"
control,threshold_survival,0.2,8,kmeans_profile,diagnostic_function_preserving,48,0.0,0.0,0.0,0.06701998804932793,"{""diversity"": 0.0, ""k_used"": 1, ""status"": ""disabled_low_diversity""}"
control,threshold_survival,0.2,8,kmeans_profile,diagnostic_function_preserving,64,0.0,0.0,0.0,0.06701998804932793,"{""diversity"": 0.0, ""k_used"": 1, ""status"": ""disabled_low_diversity""}"
control,threshold_survival,0.2,8,kmeans_profile,diagnostic_function_preserving,96,0.0,0.0,0.0,0.06701998804932793,"{""diversity"": 0.0, ""k_used"": 1, ""status"": ""disabled_low_diversity""}"
control,threshold_survival,0.2,8,kmeans_profile,diagnostic_function_preserving,128,0.0,0.0,0.0,0.06701998804932793,"{""diversity"": 0.0, ""k_used"": 1, ""status"": ""disabled_low_diversity""}"
control,threshold_survival,0.2,9,balanced_random_group,primary,1,0.0,0.0,0.0,0.06499888427844404,"{""status"": ""ok""}"
control,threshold_survival,0.2,9,balanced_random_group,primary,2,0.0064998884278444045,0.0,0.0,0.06499888427844404,"{""status"": ""ok""}"
control,threshold_survival,0.2,9,balanced_random_group,primary,3,0.01030207941700477,0.0,0.0,0.06499888427844404,"{""status"": ""ok""}"
control,threshold_survival,0.2,9,balanced_random_group,primary,4,0.012999776855688809,0.0,0.0,0.06499888427844404,"{""status"": ""ok""}"
control,threshold_survival,0.2,9,balanced_random_group,primary,6,0.016801967844849174,0.0,0.0,0.06499888427844404,"{""status"": ""ok""}"
control,threshold_survival,0.2,9,balanced_random_group,primary,8,0.01949966528353321,0.0,0.0,0.06499888427844404,"{""status"": ""ok""}"
control,threshold_survival,0.2,9,balanced_random_group,primary,12,0.02330185627269358,0.0,0.0,0.06499888427844404,"{""status"": ""ok""}"
control,threshold_survival,0.2,9,balanced_random_group,primary,16,0.025999553711377618,0.0,0.0,0.06499888427844404,"{""status"": ""ok""}"
control,threshold_survival,0.2,9,balanced_random_group,primary,24,0.02980174470053798,0.0,0.0,0.06499888427844404,"{""status"": ""ok""}"
control,threshold_survival,0.2,9,balanced_random_group,primary,32,0.03249944213922202,0.0,0.0,0.06499888427844404,"{""status"": ""ok""}"
control,threshold_survival,0.2,9,balanced_random_group,primary,48,0.03630163312838238,0.0,0.0,0.06499888427844404,"{""status"": ""ok""}"
control,threshold_survival,0.2,9,balanced_random_group,primary,64,0.03899933056706642,0.0,0.0,0.06499888427844404,"{""status"": ""ok""}"
control,threshold_survival,0.2,9,balanced_random_group,primary,96,0.04280152155622679,0.0,0.0,0.06499888427844404,"{""status"": ""ok""}"
control,threshold_survival,0.2,9,balanced_random_group,primary,128,0.04549921899491082,0.0,0.0,0.06499888427844404,"{""status"": ""ok""}"
control,threshold_survival,0.2,9,affinity_rank_group,primary,1,0.0,0.0,0.0,0.06499888427844404,"{""status"": ""ok""}"
control,threshold_survival,0.2,9,affinity_rank_group,primary,2,0.0064998884278444045,0.0,0.0,0.06499888427844404,"{""status"": ""ok""}"
control,threshold_survival,0.2,9,affinity_rank_group,primary,3,0.01030207941700477,0.0,0.0,0.06499888427844404,"{""status"": ""ok""}"
control,threshold_survival,0.2,9,affinity_rank_group,primary,4,0.012999776855688809,0.0,0.0,0.06499888427844404,"{""status"": ""ok""}"
control,threshold_survival,0.2,9,affinity_rank_group,primary,6,0.016801967844849174,0.0,0.0,0.06499888427844404,"{""status"": ""ok""}"
control,threshold_survival,0.2,9,affinity_rank_group,primary,8,0.01949966528353321,0.0,0.0,0.06499888427844404,"{""status"": ""ok""}"
control,threshold_survival,0.2,9,affinity_rank_group,primary,12,0.02330185627269358,0.0,0.0,0.06499888427844404,"{""status"": ""ok""}"
control,threshold_survival,0.2,9,affinity_rank_group,primary,16,0.025999553711377618,0.0,0.0,0.06499888427844404,"{""status"": ""ok""}"
control,threshold_survival,0.2,9,affinity_rank_group,primary,24,0.02980174470053798,0.0,0.0,0.06499888427844404,"{""status"": ""ok""}"
control,threshold_survival,0.2,9,affinity_rank_group,primary,32,0.03249944213922202,0.0,0.0,0.06499888427844404,"{""status"": ""ok""}"
control,threshold_survival,0.2,9,affinity_rank_group,primary,48,0.03630163312838238,0.0,0.0,0.06499888427844404,"{""status"": ""ok""}"
control,threshold_survival,0.2,9,affinity_rank_group,primary,64,0.03899933056706642,0.0,0.0,0.06499888427844404,"{""status"": ""ok""}"
control,threshold_survival,0.2,9,affinity_rank_group,primary,96,0.04280152155622679,0.0,0.0,0.06499888427844404,"{""status"": ""ok""}"
control,threshold_survival,0.2,9,affinity_rank_group,primary,128,0.04549921899491082,0.0,0.0,0.06499888427844404,"{""status"": ""ok""}"
control,threshold_survival,0.2,9,prefix_group,primary,1,0.012999776855688809,0.0,0.0,0.06499888427844404,"{""status"": ""ok""}"
control,threshold_survival,0.2,9,prefix_group,primary,2,0.012999776855688809,0.0,0.0,0.06499888427844404,"{""status"": ""ok""}"
control,threshold_survival,0.2,9,prefix_group,primary,3,0.012999776855688809,0.0,0.0,0.06499888427844404,"{""status"": ""ok""}"
control,threshold_survival,0.2,9,prefix_group,primary,4,0.012999776855688809,0.0,0.0,0.06499888427844404,"{""status"": ""ok""}"
control,threshold_survival,0.2,9,prefix_group,primary,6,0.025999553711377618,0.0,0.0,0.06499888427844404,"{""status"": ""ok""}"
control,threshold_survival,0.2,9,prefix_group,primary,8,0.025999553711377618,0.0,0.0,0.06499888427844404,"{""status"": ""ok""}"
control,threshold_survival,0.2,9,prefix_group,primary,12,0.025999553711377618,0.0,0.0,0.06499888427844404,"{""status"": ""ok""}"
control,threshold_survival,0.2,9,prefix_group,primary,16,0.025999553711377618,0.0,0.0,0.06499888427844404,"{""status"": ""ok""}"
control,threshold_survival,0.2,9,prefix_group,primary,24,0.03899933056706642,0.0,0.0,0.06499888427844404,"{""status"": ""ok""}"
control,threshold_survival,0.2,9,prefix_group,primary,32,0.03899933056706642,0.0,0.0,0.06499888427844404,"{""status"": ""ok""}"
control,threshold_survival,0.2,9,prefix_group,primary,48,0.03899933056706642,0.0,0.0,0.06499888427844404,"{""status"": ""ok""}"
control,threshold_survival,0.2,9,prefix_group,primary,64,0.03899933056706642,0.0,0.0,0.06499888427844404,"{""status"": ""ok""}"
control,threshold_survival,0.2,9,prefix_group,primary,96,0.051999107422755236,0.0,0.0,0.06499888427844404,"{""status"": ""ok""}"
control,threshold_survival,0.2,9,prefix_group,primary,128,0.051999107422755236,0.0,0.0,0.06499888427844404,"{""status"": ""ok""}"
control,threshold_survival,0.2,9,kmeans_profile,diagnostic_function_preserving,1,0.0,0.0,0.0,0.06499888427844404,"{""diversity"": 0.0, ""k_used"": 1, ""status"": ""disabled_low_diversity""}"
control,threshold_survival,0.2,9,kmeans_profile,diagnostic_function_preserving,2,0.0,0.0,0.0,0.06499888427844404,"{""diversity"": 0.0, ""k_used"": 1, ""status"": ""disabled_low_diversity""}"
control,threshold_survival,0.2,9,kmeans_profile,diagnostic_function_preserving,3,0.0,0.0,0.0,0.06499888427844404,"{""diversity"": 0.0, ""k_used"": 1, ""status"": ""disabled_low_diversity""}"
control,threshold_survival,0.2,9,kmeans_profile,diagnostic_function_preserving,4,0.0,0.0,0.0,0.06499888427844404,"{""diversity"": 0.0, ""k_used"": 1, ""status"": ""disabled_low_diversity""}"
control,threshold_survival,0.2,9,kmeans_profile,diagnostic_function_preserving,6,0.0,0.0,0.0,0.06499888427844404,"{""diversity"": 0.0, ""k_used"": 1, ""status"": ""disabled_low_diversity""}"
control,threshold_survival,0.2,9,kmeans_profile,diagnostic_function_preserving,8,0.0,0.0,0.0,0.06499888427844404,"{""diversity"": 0.0, ""k_used"": 1, ""status"": ""disabled_low_diversity""}"
control,threshold_survival,0.2,9,kmeans_profile,diagnostic_function_preserving,12,0.0,0.0,0.0,0.06499888427844404,"{""diversity"": 0.0, ""k_used"": 1, ""status"": ""disabled_low_diversity""}"
control,threshold_survival,0.2,9,kmeans_profile,diagnostic_function_preserving,16,0.0,0.0,0.0,0.06499888427844404,"{""diversity"": 0.0, ""k_used"": 1, ""status"": ""disabled_low_diversity""}"
control,threshold_survival,0.2,9,kmeans_profile,diagnostic_function_preserving,24,0.0,0.0,0.0,0.06499888427844404,"{""diversity"": 0.0, ""k_used"": 1, ""status"": ""disabled_low_diversity""}"
control,threshold_survival,0.2,9,kmeans_profile,diagnostic_function_preserving,32,0.0,0.0,0.0,0.06499888427844404,"{""diversity"": 0.0, ""k_used"": 1, ""status"": ""disabled_low_diversity""}"
control,threshold_survival,0.2,9,kmeans_profile,diagnostic_function_preserving,48,0.0,0.0,0.0,0.06499888427844404,"{""diversity"": 0.0, ""k_used"": 1, ""status"": ""disabled_low_diversity""}"
control,threshold_survival,0.2,9,kmeans_profile,diagnostic_function_preserving,64,0.0,0.0,0.0,0.06499888427844404,"{""diversity"": 0.0, ""k_used"": 1, ""status"": ""disabled_low_diversity""}"
control,threshold_survival,0.2,9,kmeans_profile,diagnostic_function_preserving,96,0.0,0.0,0.0,0.06499888427844404,"{""diversity"": 0.0, ""k_used"": 1, ""status"": ""disabled_low_diversity""}"
control,threshold_survival,0.2,9,kmeans_profile,diagnostic_function_preserving,128,0.0,0.0,0.0,0.06499888427844404,"{""diversity"": 0.0, ""k_used"": 1, ""status"": ""disabled_low_diversity""}"
control,threshold_survival,0.2,10,balanced_random_group,primary,1,0.0,0.0,0.0,0.06405725499656903,"{""status"": ""ok""}"
control,threshold_survival,0.2,10,balanced_random_group,primary,2,0.006405725499656904,0.0,0.0,0.06405725499656903,"{""status"": ""ok""}"
control,threshold_survival,0.2,10,balanced_random_group,primary,3,0.01015283470686948,0.0,0.0,0.06405725499656903,"{""status"": ""ok""}"
control,threshold_survival,0.2,10,balanced_random_group,primary,4,0.012811450999313807,0.0,0.0,0.06405725499656903,"{""status"": ""ok""}"
control,threshold_survival,0.2,10,balanced_random_group,primary,6,0.016558560206526386,0.0,0.0,0.06405725499656903,"{""status"": ""ok""}"
control,threshold_survival,0.2,10,balanced_random_group,primary,8,0.019217176498970708,0.0,0.0,0.06405725499656903,"{""status"": ""ok""}"
control,threshold_survival,0.2,10,balanced_random_group,primary,12,0.022964285706183286,0.0,0.0,0.06405725499656903,"{""status"": ""ok""}"
control,threshold_survival,0.2,10,balanced_random_group,primary,16,0.025622901998627615,0.0,0.0,0.06405725499656903,"{""status"": ""ok""}"
control,threshold_survival,0.2,10,balanced_random_group,primary,24,0.02937001120584019,0.0,0.0,0.06405725499656903,"{""status"": ""ok""}"
control,threshold_survival,0.2,10,balanced_random_group,primary,32,0.032028627498284515,0.0,0.0,0.06405725499656903,"{""status"": ""ok""}"
control,threshold_survival,0.2,10,balanced_random_group,primary,48,0.035775736705497094,0.0,0.0,0.06405725499656903,"{""status"": ""ok""}"
control,threshold_survival,0.2,10,balanced_random_group,primary,64,0.038434352997941415,0.0,0.0,0.06405725499656903,"{""status"": ""ok""}"
control,threshold_survival,0.2,10,balanced_random_group,primary,96,0.042181462205154,0.0,0.0,0.06405725499656903,"{""status"": ""ok""}"
control,threshold_survival,0.2,10,balanced_random_group,primary,128,0.044840078497598315,0.0,0.0,0.06405725499656903,"{""status"": ""ok""}"
control,threshold_survival,0.2,10,affinity_rank_group,primary,1,0.0,0.0,0.0,0.06405725499656903,"{""status"": ""ok""}"
control,threshold_survival,0.2,10,affinity_rank_group,primary,2,0.006405725499656904,0.0,0.0,0.06405725499656903,"{""status"": ""ok""}"
control,threshold_survival,0.2,10,affinity_rank_group,primary,3,0.01015283470686948,0.0,0.0,0.06405725499656903,"{""status"": ""ok""}"
control,threshold_survival,0.2,10,affinity_rank_group,primary,4,0.012811450999313807,0.0,0.0,0.06405725499656903,"{""status"": ""ok""}"
control,threshold_survival,0.2,10,affinity_rank_group,primary,6,0.016558560206526386,0.0,0.0,0.06405725499656903,"{""status"": ""ok""}"
control,threshold_survival,0.2,10,affinity_rank_group,primary,8,0.019217176498970708,0.0,0.0,0.06405725499656903,"{""status"": ""ok""}"
control,threshold_survival,0.2,10,affinity_rank_group,primary,12,0.022964285706183286,0.0,0.0,0.06405725499656903,"{""status"": ""ok""}"
control,threshold_survival,0.2,10,affinity_rank_group,primary,16,0.025622901998627615,0.0,0.0,0.06405725499656903,"{""status"": ""ok""}"
control,threshold_survival,0.2,10,affinity_rank_group,primary,24,0.02937001120584019,0.0,0.0,0.06405725499656903,"{""status"": ""ok""}"
control,threshold_survival,0.2,10,affinity_rank_group,primary,32,0.032028627498284515,0.0,0.0,0.06405725499656903,"{""status"": ""ok""}"
control,threshold_survival,0.2,10,affinity_rank_group,primary,48,0.035775736705497094,0.0,0.0,0.06405725499656903,"{""status"": ""ok""}"
control,threshold_survival,0.2,10,affinity_rank_group,primary,64,0.038434352997941415,0.0,0.0,0.06405725499656903,"{""status"": ""ok""}"
control,threshold_survival,0.2,10,affinity_rank_group,primary,96,0.042181462205154,0.0,0.0,0.06405725499656903,"{""status"": ""ok""}"
control,threshold_survival,0.2,10,affinity_rank_group,primary,128,0.044840078497598315,0.0,0.0,0.06405725499656903,"{""status"": ""ok""}"
control,threshold_survival,0.2,10,prefix_group,primary,1,0.012811450999313807,0.0,0.0,0.06405725499656903,"{""status"": ""ok""}"
control,threshold_survival,0.2,10,prefix_group,primary,2,0.012811450999313807,0.0,0.0,0.06405725499656903,"{""status"": ""ok""}"
control,threshold_survival,0.2,10,prefix_group,primary,3,0.012811450999313807,0.0,0.0,0.06405725499656903,"{""status"": ""ok""}"
control,threshold_survival,0.2,10,prefix_group,primary,4,0.012811450999313807,0.0,0.0,0.06405725499656903,"{""status"": ""ok""}"
control,threshold_survival,0.2,10,prefix_group,primary,6,0.025622901998627615,0.0,0.0,0.06405725499656903,"{""status"": ""ok""}"
control,threshold_survival,0.2,10,prefix_group,primary,8,0.025622901998627615,0.0,0.0,0.06405725499656903,"{""status"": ""ok""}"
control,threshold_survival,0.2,10,prefix_group,primary,12,0.025622901998627615,0.0,0.0,0.06405725499656903,"{""status"": ""ok""}"
control,threshold_survival,0.2,10,prefix_group,primary,16,0.025622901998627615,0.0,0.0,0.06405725499656903,"{""status"": ""ok""}"
control,threshold_survival,0.2,10,prefix_group,primary,24,0.038434352997941415,0.0,0.0,0.06405725499656903,"{""status"": ""ok""}"
control,threshold_survival,0.2,10,prefix_group,primary,32,0.038434352997941415,0.0,0.0,0.06405725499656903,"{""status"": ""ok""}"
control,threshold_survival,0.2,10,prefix_group,primary,48,0.038434352997941415,0.0,0.0,0.06405725499656903,"{""status"": ""ok""}"
control,threshold_survival,0.2,10,prefix_group,primary,64,0.038434352997941415,0.0,0.0,0.06405725499656903,"{""status"": ""ok""}"
control,threshold_survival,0.2,10,prefix_group,primary,96,0.05124580399725523,0.0,0.0,0.06405725499656903,"{""status"": ""ok""}"
control,threshold_survival,0.2,10,prefix_group,primary,128,0.05124580399725523,0.0,0.0,0.06405725499656903,"{""status"": ""ok""}"
control,threshold_survival,0.2,10,kmeans_profile,diagnostic_function_preserving,1,0.0,0.0,0.0,0.06405725499656903,"{""diversity"": 0.0, ""k_used"": 1, ""status"": ""disabled_low_diversity""}"
control,threshold_survival,0.2,10,kmeans_profile,diagnostic_function_preserving,2,0.0,0.0,0.0,0.06405725499656903,"{""diversity"": 0.0, ""k_used"": 1, ""status"": ""disabled_low_diversity""}"
control,threshold_survival,0.2,10,kmeans_profile,diagnostic_function_preserving,3,0.0,0.0,0.0,0.06405725499656903,"{""diversity"": 0.0, ""k_used"": 1, ""status"": ""disabled_low_diversity""}"
control,threshold_survival,0.2,10,kmeans_profile,diagnostic_function_preserving,4,0.0,0.0,0.0,0.06405725499656903,"{""diversity"": 0.0, ""k_used"": 1, ""status"": ""disabled_low_diversity""}"
control,threshold_survival,0.2,10,kmeans_profile,diagnostic_function_preserving,6,0.0,0.0,0.0,0.06405725499656903,"{""diversity"": 0.0, ""k_used"": 1, ""status"": ""disabled_low_diversity""}"
control,threshold_survival,0.2,10,kmeans_profile,diagnostic_function_preserving,8,0.0,0.0,0.0,0.06405725499656903,"{""diversity"": 0.0, ""k_used"": 1, ""status"": ""disabled_low_diversity""}"
control,threshold_survival,0.2,10,kmeans_profile,diagnostic_function_preserving,12,0.0,0.0,0.0,0.06405725499656903,"{""diversity"": 0.0, ""k_used"": 1, ""status"": ""disabled_low_diversity""}"
control,threshold_survival,0.2,10,kmeans_profile,diagnostic_function_preserving,16,0.0,0.0,0.0,0.06405725499656903,"{""diversity"": 0.0, ""k_used"": 1, ""status"": ""disabled_low_diversity""}"
control,threshold_survival,0.2,10,kmeans_profile,diagnostic_function_preserving,24,0.0,0.0,0.0,0.06405725499656903,"{""diversity"": 0.0, ""k_used"": 1, ""status"": ""disabled_low_diversity""}"
control,threshold_survival,0.2,10,kmeans_profile,diagnostic_function_preserving,32,0.0,0.0,0.0,0.06405725499656903,"{""diversity"": 0.0, ""k_used"": 1, ""status"": ""disabled_low_diversity""}"
control,threshold_survival,0.2,10,kmeans_profile,diagnostic_function_preserving,48,0.0,0.0,0.0,0.06405725499656903,"{""diversity"": 0.0, ""k_used"": 1, ""status"": ""disabled_low_diversity""}"
control,threshold_survival,0.2,10,kmeans_profile,diagnostic_function_preserving,64,0.0,0.0,0.0,0.06405725499656903,"{""diversity"": 0.0, ""k_used"": 1, ""status"": ""disabled_low_diversity""}"
control,threshold_survival,0.2,10,kmeans_profile,diagnostic_function_preserving,96,0.0,0.0,0.0,0.06405725499656903,"{""diversity"": 0.0, ""k_used"": 1, ""status"": ""disabled_low_diversity""}"
control,threshold_survival,0.2,10,kmeans_profile,diagnostic_function_preserving,128,0.0,0.0,0.0,0.06405725499656903,"{""diversity"": 0.0, ""k_used"": 1, ""status"": ""disabled_low_diversity""}"
control,threshold_survival,0.2,11,balanced_random_group,primary,1,0.0,0.0,0.0,0.06693236297190278,"{""status"": ""ok""}"
control,threshold_survival,0.2,11,balanced_random_group,primary,2,0.006693236297190278,0.0,0.0,0.06693236297190278,"{""status"": ""ok""}"
control,threshold_survival,0.2,11,balanced_random_group,primary,3,0.010608528539512312,0.0,0.0,0.06693236297190278,"{""status"": ""ok""}"
control,threshold_survival,0.2,11,balanced_random_group,primary,4,0.013386472594380555,0.0,0.0,0.06693236297190278,"{""status"": ""ok""}"
control,threshold_survival,0.2,11,balanced_random_group,primary,6,0.017301764836702593,0.0,0.0,0.06693236297190278,"{""status"": ""ok""}"
control,threshold_survival,0.2,11,balanced_random_group,primary,8,0.020079708891570833,0.0,0.0,0.06693236297190278,"{""status"": ""ok""}"
control,threshold_survival,0.2,11,balanced_random_group,primary,12,0.023995001133892867,0.0,0.0,0.06693236297190278,"{""status"": ""ok""}"
control,threshold_survival,0.2,11,balanced_random_group,primary,16,0.02677294518876111,0.0,0.0,0.06693236297190278,"{""status"": ""ok""}"
control,threshold_survival,0.2,11,balanced_random_group,primary,24,0.030688237431083145,0.0,0.0,0.06693236297190278,"{""status"": ""ok""}"
control,threshold_survival,0.2,11,balanced_random_group,primary,32,0.03346618148595139,0.0,0.0,0.06693236297190278,"{""status"": ""ok""}"
control,threshold_survival,0.2,11,balanced_random_group,primary,48,0.03738147372827342,0.0,0.0,0.06693236297190278,"{""status"": ""ok""}"
control,threshold_survival,0.2,11,balanced_random_group,primary,64,0.040159417783141665,0.0,0.0,0.06693236297190278,"{""status"": ""ok""}"
control,threshold_survival,0.2,11,balanced_random_group,primary,96,0.044074710025463704,0.0,0.0,0.06693236297190278,"{""status"": ""ok""}"
control,threshold_survival,0.2,11,balanced_random_group,primary,128,0.04685265408033194,0.0,0.0,0.06693236297190278,"{""status"": ""ok""}"
control,threshold_survival,0.2,11,affinity_rank_group,primary,1,0.0,0.0,0.0,0.06693236297190278,"{""status"": ""ok""}"
control,threshold_survival,0.2,11,affinity_rank_group,primary,2,0.006693236297190278,0.0,0.0,0.06693236297190278,"{""status"": ""ok""}"
control,threshold_survival,0.2,11,affinity_rank_group,primary,3,0.010608528539512312,0.0,0.0,0.06693236297190278,"{""status"": ""ok""}"
control,threshold_survival,0.2,11,affinity_rank_group,primary,4,0.013386472594380555,0.0,0.0,0.06693236297190278,"{""status"": ""ok""}"
control,threshold_survival,0.2,11,affinity_rank_group,primary,6,0.017301764836702593,0.0,0.0,0.06693236297190278,"{""status"": ""ok""}"
control,threshold_survival,0.2,11,affinity_rank_group,primary,8,0.020079708891570833,0.0,0.0,0.06693236297190278,"{""status"": ""ok""}"
control,threshold_survival,0.2,11,affinity_rank_group,primary,12,0.023995001133892867,0.0,0.0,0.06693236297190278,"{""status"": ""ok""}"
control,threshold_survival,0.2,11,affinity_rank_group,primary,16,0.02677294518876111,0.0,0.0,0.06693236297190278,"{""status"": ""ok""}"
control,threshold_survival,0.2,11,affinity_rank_group,primary,24,0.030688237431083145,0.0,0.0,0.06693236297190278,"{""status"": ""ok""}"
control,threshold_survival,0.2,11,affinity_rank_group,primary,32,0.03346618148595139,0.0,0.0,0.06693236297190278,"{""status"": ""ok""}"
control,threshold_survival,0.2,11,affinity_rank_group,primary,48,0.03738147372827342,0.0,0.0,0.06693236297190278,"{""status"": ""ok""}"
control,threshold_survival,0.2,11,affinity_rank_group,primary,64,0.040159417783141665,0.0,0.0,0.06693236297190278,"{""status"": ""ok""}"
control,threshold_survival,0.2,11,affinity_rank_group,primary,96,0.044074710025463704,0.0,0.0,0.06693236297190278,"{""status"": ""ok""}"
control,threshold_survival,0.2,11,affinity_rank_group,primary,128,0.04685265408033194,0.0,0.0,0.06693236297190278,"{""status"": ""ok""}"
control,threshold_survival,0.2,11,prefix_group,primary,1,0.013386472594380555,0.0,0.0,0.06693236297190278,"{""status"": ""ok""}"
control,threshold_survival,0.2,11,prefix_group,primary,2,0.013386472594380555,0.0,0.0,0.06693236297190278,"{""status"": ""ok""}"
control,threshold_survival,0.2,11,prefix_group,primary,3,0.013386472594380555,0.0,0.0,0.06693236297190278,"{""status"": ""ok""}"
control,threshold_survival,0.2,11,prefix_group,primary,4,0.013386472594380555,0.0,0.0,0.06693236297190278,"{""status"": ""ok""}"
control,threshold_survival,0.2,11,prefix_group,primary,6,0.02677294518876111,0.0,0.0,0.06693236297190278,"{""status"": ""ok""}"
control,threshold_survival,0.2,11,prefix_group,primary,8,0.02677294518876111,0.0,0.0,0.06693236297190278,"{""status"": ""ok""}"
control,threshold_survival,0.2,11,prefix_group,primary,12,0.02677294518876111,0.0,0.0,0.06693236297190278,"{""status"": ""ok""}"
control,threshold_survival,0.2,11,prefix_group,primary,16,0.02677294518876111,0.0,0.0,0.06693236297190278,"{""status"": ""ok""}"
control,threshold_survival,0.2,11,prefix_group,primary,24,0.040159417783141665,0.0,0.0,0.06693236297190278,"{""status"": ""ok""}"
control,threshold_survival,0.2,11,prefix_group,primary,32,0.040159417783141665,0.0,0.0,0.06693236297190278,"{""status"": ""ok""}"
control,threshold_survival,0.2,11,prefix_group,primary,48,0.040159417783141665,0.0,0.0,0.06693236297190278,"{""status"": ""ok""}"
control,threshold_survival,0.2,11,prefix_group,primary,64,0.040159417783141665,0.0,0.0,0.06693236297190278,"{""status"": ""ok""}"
control,threshold_survival,0.2,11,prefix_group,primary,96,0.05354589037752222,0.0,0.0,0.06693236297190278,"{""status"": ""ok""}"
control,threshold_survival,0.2,11,prefix_group,primary,128,0.05354589037752222,0.0,0.0,0.06693236297190278,"{""status"": ""ok""}"
control,threshold_survival,0.2,11,kmeans_profile,diagnostic_function_preserving,1,0.0,0.0,0.0,0.06693236297190278,"{""diversity"": 0.0, ""k_used"": 1, ""status"": ""disabled_low_diversity""}"
control,threshold_survival,0.2,11,kmeans_profile,diagnostic_function_preserving,2,0.0,0.0,0.0,0.06693236297190278,"{""diversity"": 0.0, ""k_used"": 1, ""status"": ""disabled_low_diversity""}"
control,threshold_survival,0.2,11,kmeans_profile,diagnostic_function_preserving,3,0.0,0.0,0.0,0.06693236297190278,"{""diversity"": 0.0, ""k_used"": 1, ""status"": ""disabled_low_diversity""}"
control,threshold_survival,0.2,11,kmeans_profile,diagnostic_function_preserving,4,0.0,0.0,0.0,0.06693236297190278,"{""diversity"": 0.0, ""k_used"": 1, ""status"": ""disabled_low_diversity""}"
control,threshold_survival,0.2,11,kmeans_profile,diagnostic_function_preserving,6,0.0,0.0,0.0,0.06693236297190278,"{""diversity"": 0.0, ""k_used"": 1, ""status"": ""disabled_low_diversity""}"
control,threshold_survival,0.2,11,kmeans_profile,diagnostic_function_preserving,8,0.0,0.0,0.0,0.06693236297190278,"{""diversity"": 0.0, ""k_used"": 1, ""status"": ""disabled_low_diversity""}"
control,threshold_survival,0.2,11,kmeans_profile,diagnostic_function_preserving,12,0.0,0.0,0.0,0.06693236297190278,"{""diversity"": 0.0, ""k_used"": 1, ""status"": ""disabled_low_diversity""}"
control,threshold_survival,0.2,11,kmeans_profile,diagnostic_function_preserving,16,0.0,0.0,0.0,0.06693236297190278,"{""diversity"": 0.0, ""k_used"": 1, ""status"": ""disabled_low_diversity""}"
control,threshold_survival,0.2,11,kmeans_profile,diagnostic_function_preserving,24,0.0,0.0,0.0,0.06693236297190278,"{""diversity"": 0.0, ""k_used"": 1, ""status"": ""disabled_low_diversity""}"
control,threshold_survival,0.2,11,kmeans_profile,diagnostic_function_preserving,32,0.0,0.0,0.0,0.06693236297190278,"{""diversity"": 0.0, ""k_used"": 1, ""status"": ""disabled_low_diversity""}"
control,threshold_survival,0.2,11,kmeans_profile,diagnostic_function_preserving,48,0.0,0.0,0.0,0.06693236297190278,"{""diversity"": 0.0, ""k_used"": 1, ""status"": ""disabled_low_diversity""}"
control,threshold_survival,0.2,11,kmeans_profile,diagnostic_function_preserving,64,0.0,0.0,0.0,0.06693236297190278,"{""diversity"": 0.0, ""k_used"": 1, ""status"": ""disabled_low_diversity""}"
control,threshold_survival,0.2,11,kmeans_profile,diagnostic_function_preserving,96,0.0,0.0,0.0,0.06693236297190278,"{""diversity"": 0.0, ""k_used"": 1, ""status"": ""disabled_low_diversity""}"
control,threshold_survival,0.2,11,kmeans_profile,diagnostic_function_preserving,128,0.0,0.0,0.0,0.06693236297190278,"{""diversity"": 0.0, ""k_used"": 1, ""status"": ""disabled_low_diversity""}"
control,threshold_survival,0.3,0,balanced_random_group,primary,1,0.0,0.0,0.0,0.0663698211571637,"{""status"": ""ok""}"
control,threshold_survival,0.3,0,balanced_random_group,primary,2,0.00663698211571637,0.0,0.0,0.0663698211571637,"{""status"": ""ok""}"
control,threshold_survival,0.3,0,balanced_random_group,primary,3,0.010519367771367406,0.0,0.0,0.0663698211571637,"{""status"": ""ok""}"
control,threshold_survival,0.3,0,balanced_random_group,primary,4,0.01327396423143274,0.0,0.0,0.0663698211571637,"{""status"": ""ok""}"
control,threshold_survival,0.3,0,balanced_random_group,primary,6,0.017156349887083776,0.0,0.0,0.0663698211571637,"{""status"": ""ok""}"
control,threshold_survival,0.3,0,balanced_random_group,primary,8,0.019910946347149107,0.0,0.0,0.0663698211571637,"{""status"": ""ok""}"
control,threshold_survival,0.3,0,balanced_random_group,primary,12,0.023793332002800146,0.0,0.0,0.0663698211571637,"{""status"": ""ok""}"
control,threshold_survival,0.3,0,balanced_random_group,primary,16,0.02654792846286548,0.0,0.0,0.0663698211571637,"{""status"": ""ok""}"
control,threshold_survival,0.3,0,balanced_random_group,primary,24,0.030430314118516513,0.0,0.0,0.0663698211571637,"{""status"": ""ok""}"
control,threshold_survival,0.3,0,balanced_random_group,primary,32,0.03318491057858185,0.0,0.0,0.0663698211571637,"{""status"": ""ok""}"
control,threshold_survival,0.3,0,balanced_random_group,primary,48,0.03706729623423288,0.0,0.0,0.0663698211571637,"{""status"": ""ok""}"
control,threshold_survival,0.3,0,balanced_random_group,primary,64,0.039821892694298214,0.0,0.0,0.0663698211571637,"{""status"": ""ok""}"
control,threshold_survival,0.3,0,balanced_random_group,primary,96,0.043704278349949256,0.0,0.0,0.0663698211571637,"{""status"": ""ok""}"
control,threshold_survival,0.3,0,balanced_random_group,primary,128,0.04645887481001458,0.0,0.0,0.0663698211571637,"{""status"": ""ok""}"
control,threshold_survival,0.3,0,affinity_rank_group,primary,1,0.0,0.0,0.0,0.0663698211571637,"{""status"": ""ok""}"
control,threshold_survival,0.3,0,affinity_rank_group,primary,2,0.00663698211571637,0.0,0.0,0.0663698211571637,"{""status"": ""ok""}"
control,threshold_survival,0.3,0,affinity_rank_group,primary,3,0.010519367771367406,0.0,0.0,0.0663698211571637,"{""status"": ""ok""}"
control,threshold_survival,0.3,0,affinity_rank_group,primary,4,0.01327396423143274,0.0,0.0,0.0663698211571637,"{""status"": ""ok""}"
control,threshold_survival,0.3,0,affinity_rank_group,primary,6,0.017156349887083776,0.0,0.0,0.0663698211571637,"{""status"": ""ok""}"
control,threshold_survival,0.3,0,affinity_rank_group,primary,8,0.019910946347149107,0.0,0.0,0.0663698211571637,"{""status"": ""ok""}"
control,threshold_survival,0.3,0,affinity_rank_group,primary,12,0.023793332002800146,0.0,0.0,0.0663698211571637,"{""status"": ""ok""}"
control,threshold_survival,0.3,0,affinity_rank_group,primary,16,0.02654792846286548,0.0,0.0,0.0663698211571637,"{""status"": ""ok""}"
control,threshold_survival,0.3,0,affinity_rank_group,primary,24,0.030430314118516513,0.0,0.0,0.0663698211571637,"{""status"": ""ok""}"
control,threshold_survival,0.3,0,affinity_rank_group,primary,32,0.03318491057858185,0.0,0.0,0.0663698211571637,"{""status"": ""ok""}"
control,threshold_survival,0.3,0,affinity_rank_group,primary,48,0.03706729623423288,0.0,0.0,0.0663698211571637,"{""status"": ""ok""}"
control,threshold_survival,0.3,0,affinity_rank_group,primary,64,0.039821892694298214,0.0,0.0,0.0663698211571637,"{""status"": ""ok""}"
control,threshold_survival,0.3,0,affinity_rank_group,primary,96,0.043704278349949256,0.0,0.0,0.0663698211571637,"{""status"": ""ok""}"
control,threshold_survival,0.3,0,affinity_rank_group,primary,128,0.04645887481001458,0.0,0.0,0.0663698211571637,"{""status"": ""ok""}"
control,threshold_survival,0.3,0,prefix_group,primary,1,0.01327396423143274,0.0,0.0,0.0663698211571637,"{""status"": ""ok""}"
control,threshold_survival,0.3,0,prefix_group,primary,2,0.01327396423143274,0.0,0.0,0.0663698211571637,"{""status"": ""ok""}"
control,threshold_survival,0.3,0,prefix_group,primary,3,0.01327396423143274,0.0,0.0,0.0663698211571637,"{""status"": ""ok""}"
control,threshold_survival,0.3,0,prefix_group,primary,4,0.01327396423143274,0.0,0.0,0.0663698211571637,"{""status"": ""ok""}"
control,threshold_survival,0.3,0,prefix_group,primary,6,0.02654792846286548,0.0,0.0,0.0663698211571637,"{""status"": ""ok""}"
control,threshold_survival,0.3,0,prefix_group,primary,8,0.02654792846286548,0.0,0.0,0.0663698211571637,"{""status"": ""ok""}"
control,threshold_survival,0.3,0,prefix_group,primary,12,0.02654792846286548,0.0,0.0,0.0663698211571637,"{""status"": ""ok""}"
control,threshold_survival,0.3,0,prefix_group,primary,16,0.02654792846286548,0.0,0.0,0.0663698211571637,"{""status"": ""ok""}"
control,threshold_survival,0.3,0,prefix_group,primary,24,0.039821892694298214,0.0,0.0,0.0663698211571637,"{""status"": ""ok""}"
control,threshold_survival,0.3,0,prefix_group,primary,32,0.039821892694298214,0.0,0.0,0.0663698211571637,"{""status"": ""ok""}"
control,threshold_survival,0.3,0,prefix_group,primary,48,0.039821892694298214,0.0,0.0,0.0663698211571637,"{""status"": ""ok""}"
control,threshold_survival,0.3,0,prefix_group,primary,64,0.039821892694298214,0.0,0.0,0.0663698211571637,"{""status"": ""ok""}"
control,threshold_survival,0.3,0,prefix_group,primary,96,0.05309585692573096,0.0,0.0,0.0663698211571637,"{""status"": ""ok""}"
control,threshold_survival,0.3,0,prefix_group,primary,128,0.05309585692573096,0.0,0.0,0.0663698211571637,"{""status"": ""ok""}"
control,threshold_survival,0.3,0,kmeans_profile,diagnostic_function_preserving,1,0.0,0.0,0.0,0.0663698211571637,"{""diversity"": 0.0, ""k_used"": 1, ""status"": ""disabled_low_diversity""}"
control,threshold_survival,0.3,0,kmeans_profile,diagnostic_function_preserving,2,0.0,0.0,0.0,0.0663698211571637,"{""diversity"": 0.0, ""k_used"": 1, ""status"": ""disabled_low_diversity""}"
control,threshold_survival,0.3,0,kmeans_profile,diagnostic_function_preserving,3,0.0,0.0,0.0,0.0663698211571637,"{""diversity"": 0.0, ""k_used"": 1, ""status"": ""disabled_low_diversity""}"
control,threshold_survival,0.3,0,kmeans_profile,diagnostic_function_preserving,4,0.0,0.0,0.0,0.0663698211571637,"{""diversity"": 0.0, ""k_used"": 1, ""status"": ""disabled_low_diversity""}"
control,threshold_survival,0.3,0,kmeans_profile,diagnostic_function_preserving,6,0.0,0.0,0.0,0.0663698211571637,"{""diversity"": 0.0, ""k_used"": 1, ""status"": ""disabled_low_diversity""}"
control,threshold_survival,0.3,0,kmeans_profile,diagnostic_function_preserving,8,0.0,0.0,0.0,0.0663698211571637,"{""diversity"": 0.0, ""k_used"": 1, ""status"": ""disabled_low_diversity""}"
control,threshold_survival,0.3,0,kmeans_profile,diagnostic_function_preserving,12,0.0,0.0,0.0,0.0663698211571637,"{""diversity"": 0.0, ""k_used"": 1, ""status"": ""disabled_low_diversity""}"
control,threshold_survival,0.3,0,kmeans_profile,diagnostic_function_preserving,16,0.0,0.0,0.0,0.0663698211571637,"{""diversity"": 0.0, ""k_used"": 1, ""status"": ""disabled_low_diversity""}"
control,threshold_survival,0.3,0,kmeans_profile,diagnostic_function_preserving,24,0.0,0.0,0.0,0.0663698211571637,"{""diversity"": 0.0, ""k_used"": 1, ""status"": ""disabled_low_diversity""}"
control,threshold_survival,0.3,0,kmeans_profile,diagnostic_function_preserving,32,0.0,0.0,0.0,0.0663698211571637,"{""diversity"": 0.0, ""k_used"": 1, ""status"": ""disabled_low_diversity""}"
control,threshold_survival,0.3,0,kmeans_profile,diagnostic_function_preserving,48,0.0,0.0,0.0,0.0663698211571637,"{""diversity"": 0.0, ""k_used"": 1, ""status"": ""disabled_low_diversity""}"
control,threshold_survival,0.3,0,kmeans_profile,diagnostic_function_preserving,64,0.0,0.0,0.0,0.0663698211571637,"{""diversity"": 0.0, ""k_used"": 1, ""status"": ""disabled_low_diversity""}"
control,threshold_survival,0.3,0,kmeans_profile,diagnostic_function_preserving,96,0.0,0.0,0.0,0.0663698211571637,"{""diversity"": 0.0, ""k_used"": 1, ""status"": ""disabled_low_diversity""}"
control,threshold_survival,0.3,0,kmeans_profile,diagnostic_function_preserving,128,0.0,0.0,0.0,0.0663698211571637,"{""diversity"": 0.0, ""k_used"": 1, ""status"": ""disabled_low_diversity""}"
control,threshold_survival,0.3,1,balanced_random_group,primary,1,0.0,0.0,0.0,0.06821803347362015,"{""status"": ""ok""}"
control,threshold_survival,0.3,1,balanced_random_group,primary,2,0.0068218033473620154,0.0,0.0,0.06821803347362015,"{""status"": ""ok""}"
control,threshold_survival,0.3,1,balanced_random_group,primary,3,0.010812302492862852,0.0,0.0,0.06821803347362015,"{""status"": ""ok""}"
control,threshold_survival,0.3,1,balanced_random_group,primary,4,0.013643606694724031,0.0,0.0,0.06821803347362015,"{""status"": ""ok""}"
control,threshold_survival,0.3,1,balanced_random_group,primary,6,0.01763410584022487,0.0,0.0,0.06821803347362015,"{""status"": ""ok""}"
control,threshold_survival,0.3,1,balanced_random_group,primary,8,0.020465410042086046,0.0,0.0,0.06821803347362015,"{""status"": ""ok""}"
control,threshold_survival,0.3,1,balanced_random_group,primary,12,0.024455909187586885,0.0,0.0,0.06821803347362015,"{""status"": ""ok""}"
control,threshold_survival,0.3,1,balanced_random_group,primary,16,0.027287213389448062,0.0,0.0,0.06821803347362015,"{""status"": ""ok""}"
control,threshold_survival,0.3,1,balanced_random_group,primary,24,0.0312777125349489,0.0,0.0,0.06821803347362015,"{""status"": ""ok""}"
control,threshold_survival,0.3,1,balanced_random_group,primary,32,0.03410901673681008,0.0,0.0,0.06821803347362015,"{""status"": ""ok""}"
control,threshold_survival,0.3,1,balanced_random_group,primary,48,0.03809951588231091,0.0,0.0,0.06821803347362015,"{""status"": ""ok""}"
control,threshold_survival,0.3,1,balanced_random_group,primary,64,0.04093082008417209,0.0,0.0,0.06821803347362015,"{""status"": ""ok""}"
control,threshold_survival,0.3,1,balanced_random_group,primary,96,0.044921319229672935,0.0,0.0,0.06821803347362015,"{""status"": ""ok""}"
control,threshold_survival,0.3,1,balanced_random_group,primary,128,0.04775262343153411,0.0,0.0,0.06821803347362015,"{""status"": ""ok""}"
control,threshold_survival,0.3,1,affinity_rank_group,primary,1,0.0,0.0,0.0,0.06821803347362015,"{""status"": ""ok""}"
control,threshold_survival,0.3,1,affinity_rank_group,primary,2,0.0068218033473620154,0.0,0.0,0.06821803347362015,"{""status"": ""ok""}"
control,threshold_survival,0.3,1,affinity_rank_group,primary,3,0.010812302492862852,0.0,0.0,0.06821803347362015,"{""status"": ""ok""}"
control,threshold_survival,0.3,1,affinity_rank_group,primary,4,0.013643606694724031,0.0,0.0,0.06821803347362015,"{""status"": ""ok""}"
control,threshold_survival,0.3,1,affinity_rank_group,primary,6,0.01763410584022487,0.0,0.0,0.06821803347362015,"{""status"": ""ok""}"
control,threshold_survival,0.3,1,affinity_rank_group,primary,8,0.020465410042086046,0.0,0.0,0.06821803347362015,"{""status"": ""ok""}"
control,threshold_survival,0.3,1,affinity_rank_group,primary,12,0.024455909187586885,0.0,0.0,0.06821803347362015,"{""status"": ""ok""}"
control,threshold_survival,0.3,1,affinity_rank_group,primary,16,0.027287213389448062,0.0,0.0,0.06821803347362015,"{""status"": ""ok""}"
control,threshold_survival,0.3,1,affinity_rank_group,primary,24,0.0312777125349489,0.0,0.0,0.06821803347362015,"{""status"": ""ok""}"
control,threshold_survival,0.3,1,affinity_rank_group,primary,32,0.03410901673681008,0.0,0.0,0.06821803347362015,"{""status"": ""ok""}"
control,threshold_survival,0.3,1,affinity_rank_group,primary,48,0.03809951588231091,0.0,0.0,0.06821803347362015,"{""status"": ""ok""}"
control,threshold_survival,0.3,1,affinity_rank_group,primary,64,0.04093082008417209,0.0,0.0,0.06821803347362015,"{""status"": ""ok""}"
control,threshold_survival,0.3,1,affinity_rank_group,primary,96,0.044921319229672935,0.0,0.0,0.06821803347362015,"{""status"": ""ok""}"
control,threshold_survival,0.3,1,affinity_rank_group,primary,128,0.04775262343153411,0.0,0.0,0.06821803347362015,"{""status"": ""ok""}"
control,threshold_survival,0.3,1,prefix_group,primary,1,0.013643606694724031,0.0,0.0,0.06821803347362015,"{""status"": ""ok""}"
control,threshold_survival,0.3,1,prefix_group,primary,2,0.013643606694724031,0.0,0.0,0.06821803347362015,"{""status"": ""ok""}"
control,threshold_survival,0.3,1,prefix_group,primary,3,0.013643606694724031,0.0,0.0,0.06821803347362015,"{""status"": ""ok""}"
control,threshold_survival,0.3,1,prefix_group,primary,4,0.013643606694724031,0.0,0.0,0.06821803347362015,"{""status"": ""ok""}"
control,threshold_survival,0.3,1,prefix_group,primary,6,0.027287213389448062,0.0,0.0,0.06821803347362015,"{""status"": ""ok""}"
control,threshold_survival,0.3,1,prefix_group,primary,8,0.027287213389448062,0.0,0.0,0.06821803347362015,"{""status"": ""ok""}"
control,threshold_survival,0.3,1,prefix_group,primary,12,0.027287213389448062,0.0,0.0,0.06821803347362015,"{""status"": ""ok""}"
control,threshold_survival,0.3,1,prefix_group,primary,16,0.027287213389448062,0.0,0.0,0.06821803347362015,"{""status"": ""ok""}"
control,threshold_survival,0.3,1,prefix_group,primary,24,0.04093082008417209,0.0,0.0,0.06821803347362015,"{""status"": ""ok""}"
control,threshold_survival,0.3,1,prefix_group,primary,32,0.04093082008417209,0.0,0.0,0.06821803347362015,"{""status"": ""ok""}"
control,threshold_survival,0.3,1,prefix_group,primary,48,0.04093082008417209,0.0,0.0,0.06821803347362015,"{""status"": ""ok""}"
control,threshold_survival,0.3,1,prefix_group,primary,64,0.04093082008417209,0.0,0.0,0.06821803347362015,"{""status"": ""ok""}"
control,threshold_survival,0.3,1,prefix_group,primary,96,0.054574426778896123,0.0,0.0,0.06821803347362015,"{""status"": ""ok""}"
control,threshold_survival,0.3,1,prefix_group,primary,128,0.054574426778896123,0.0,0.0,0.06821803347362015,"{""status"": ""ok""}"
control,threshold_survival,0.3,1,kmeans_profile,diagnostic_function_preserving,1,0.0,0.0,0.0,0.06821803347362015,"{""diversity"": 0.0, ""k_used"": 1, ""status"": ""disabled_low_diversity""}"
control,threshold_survival,0.3,1,kmeans_profile,diagnostic_function_preserving,2,0.0,0.0,0.0,0.06821803347362015,"{""diversity"": 0.0, ""k_used"": 1, ""status"": ""disabled_low_diversity""}"
control,threshold_survival,0.3,1,kmeans_profile,diagnostic_function_preserving,3,0.0,0.0,0.0,0.06821803347362015,"{""diversity"": 0.0, ""k_used"": 1, ""status"": ""disabled_low_diversity""}"
control,threshold_survival,0.3,1,kmeans_profile,diagnostic_function_preserving,4,0.0,0.0,0.0,0.06821803347362015,"{""diversity"": 0.0, ""k_used"": 1, ""status"": ""disabled_low_diversity""}"
control,threshold_survival,0.3,1,kmeans_profile,diagnostic_function_preserving,6,0.0,0.0,0.0,0.06821803347362015,"{""diversity"": 0.0, ""k_used"": 1, ""status"": ""disabled_low_diversity""}"
control,threshold_survival,0.3,1,kmeans_profile,diagnostic_function_preserving,8,0.0,0.0,0.0,0.06821803347362015,"{""diversity"": 0.0, ""k_used"": 1, ""status"": ""disabled_low_diversity""}"
control,threshold_survival,0.3,1,kmeans_profile,diagnostic_function_preserving,12,0.0,0.0,0.0,0.06821803347362015,"{""diversity"": 0.0, ""k_used"": 1, ""status"": ""disabled_low_diversity""}"
control,threshold_survival,0.3,1,kmeans_profile,diagnostic_function_preserving,16,0.0,0.0,0.0,0.06821803347362015,"{""diversity"": 0.0, ""k_used"": 1, ""status"": ""disabled_low_diversity""}"
control,threshold_survival,0.3,1,kmeans_profile,diagnostic_function_preserving,24,0.0,0.0,0.0,0.06821803347362015,"{""diversity"": 0.0, ""k_used"": 1, ""status"": ""disabled_low_diversity""}"
control,threshold_survival,0.3,1,kmeans_profile,diagnostic_function_preserving,32,0.0,0.0,0.0,0.06821803347362015,"{""diversity"": 0.0, ""k_used"": 1, ""status"": ""disabled_low_diversity""}"
control,threshold_survival,0.3,1,kmeans_profile,diagnostic_function_preserving,48,0.0,0.0,0.0,0.06821803347362015,"{""diversity"": 0.0, ""k_used"": 1, ""status"": ""disabled_low_diversity""}"
control,threshold_survival,0.3,1,kmeans_profile,diagnostic_function_preserving,64,0.0,0.0,0.0,0.06821803347362015,"{""diversity"": 0.0, ""k_used"": 1, ""status"": ""disabled_low_diversity""}"
control,threshold_survival,0.3,1,kmeans_profile,diagnostic_function_preserving,96,0.0,0.0,0.0,0.06821803347362015,"{""diversity"": 0.0, ""k_used"": 1, ""status"": ""disabled_low_diversity""}"
control,threshold_survival,0.3,1,kmeans_profile,diagnostic_function_preserving,128,0.0,0.0,0.0,0.06821803347362015,"{""diversity"": 0.0, ""k_used"": 1, ""status"": ""disabled_low_diversity""}"
control,threshold_survival,0.3,2,balanced_random_group,primary,1,0.0,0.0,0.0,0.06443822298039908,"{""status"": ""ok""}"
control,threshold_survival,0.3,2,balanced_random_group,primary,2,0.006443822298039909,0.0,0.0,0.06443822298039908,"{""status"": ""ok""}"
control,threshold_survival,0.3,2,balanced_random_group,primary,3,0.01021321670370408,0.0,0.0,0.06443822298039908,"{""status"": ""ok""}"
control,threshold_survival,0.3,2,balanced_random_group,primary,4,0.012887644596079818,0.0,0.0,0.06443822298039908,"{""status"": ""ok""}"
control,threshold_survival,0.3,2,balanced_random_group,primary,6,0.01665703900174399,0.0,0.0,0.06443822298039908,"{""status"": ""ok""}"
control,threshold_survival,0.3,2,balanced_random_group,primary,8,0.019331466894119725,0.0,0.0,0.06443822298039908,"{""status"": ""ok""}"
control,threshold_survival,0.3,2,balanced_random_group,primary,12,0.023100861299783896,0.0,0.0,0.06443822298039908,"{""status"": ""ok""}"
control,threshold_survival,0.3,2,balanced_random_group,primary,16,0.025775289192159635,0.0,0.0,0.06443822298039908,"{""status"": ""ok""}"
control,threshold_survival,0.3,2,balanced_random_group,primary,24,0.029544683597823803,0.0,0.0,0.06443822298039908,"{""status"": ""ok""}"
control,threshold_survival,0.3,2,balanced_random_group,primary,32,0.03221911149019954,0.0,0.0,0.06443822298039908,"{""status"": ""ok""}"
control,threshold_survival,0.3,2,balanced_random_group,primary,48,0.035988505895863714,0.0,0.0,0.06443822298039908,"{""status"": ""ok""}"
control,threshold_survival,0.3,2,balanced_random_group,primary,64,0.03866293378823945,0.0,0.0,0.06443822298039908,"{""status"": ""ok""}"
control,threshold_survival,0.3,2,balanced_random_group,primary,96,0.04243232819390363,0.0,0.0,0.06443822298039908,"{""status"": ""ok""}"
control,threshold_survival,0.3,2,balanced_random_group,primary,128,0.045106756086279357,0.0,0.0,0.06443822298039908,"{""status"": ""ok""}"
control,threshold_survival,0.3,2,affinity_rank_group,primary,1,0.0,0.0,0.0,0.06443822298039908,"{""status"": ""ok""}"
control,threshold_survival,0.3,2,affinity_rank_group,primary,2,0.006443822298039909,0.0,0.0,0.06443822298039908,"{""status"": ""ok""}"
control,threshold_survival,0.3,2,affinity_rank_group,primary,3,0.01021321670370408,0.0,0.0,0.06443822298039908,"{""status"": ""ok""}"
control,threshold_survival,0.3,2,affinity_rank_group,primary,4,0.012887644596079818,0.0,0.0,0.06443822298039908,"{""status"": ""ok""}"
control,threshold_survival,0.3,2,affinity_rank_group,primary,6,0.01665703900174399,0.0,0.0,0.06443822298039908,"{""status"": ""ok""}"
control,threshold_survival,0.3,2,affinity_rank_group,primary,8,0.019331466894119725,0.0,0.0,0.06443822298039908,"{""status"": ""ok""}"
control,threshold_survival,0.3,2,affinity_rank_group,primary,12,0.023100861299783896,0.0,0.0,0.06443822298039908,"{""status"": ""ok""}"
control,threshold_survival,0.3,2,affinity_rank_group,primary,16,0.025775289192159635,0.0,0.0,0.06443822298039908,"{""status"": ""ok""}"
control,threshold_survival,0.3,2,affinity_rank_group,primary,24,0.029544683597823803,0.0,0.0,0.06443822298039908,"{""status"": ""ok""}"
control,threshold_survival,0.3,2,affinity_rank_group,primary,32,0.03221911149019954,0.0,0.0,0.06443822298039908,"{""status"": ""ok""}"
control,threshold_survival,0.3,2,affinity_rank_group,primary,48,0.035988505895863714,0.0,0.0,0.06443822298039908,"{""status"": ""ok""}"
control,threshold_survival,0.3,2,affinity_rank_group,primary,64,0.03866293378823945,0.0,0.0,0.06443822298039908,"{""status"": ""ok""}"
control,threshold_survival,0.3,2,affinity_rank_group,primary,96,0.04243232819390363,0.0,0.0,0.06443822298039908,"{""status"": ""ok""}"
control,threshold_survival,0.3,2,affinity_rank_group,primary,128,0.045106756086279357,0.0,0.0,0.06443822298039908,"{""status"": ""ok""}"
control,threshold_survival,0.3,2,prefix_group,primary,1,0.012887644596079818,0.0,0.0,0.06443822298039908,"{""status"": ""ok""}"
control,threshold_survival,0.3,2,prefix_group,primary,2,0.012887644596079818,0.0,0.0,0.06443822298039908,"{""status"": ""ok""}"
control,threshold_survival,0.3,2,prefix_group,primary,3,0.012887644596079818,0.0,0.0,0.06443822298039908,"{""status"": ""ok""}"
control,threshold_survival,0.3,2,prefix_group,primary,4,0.012887644596079818,0.0,0.0,0.06443822298039908,"{""status"": ""ok""}"
control,threshold_survival,0.3,2,prefix_group,primary,6,0.025775289192159635,0.0,0.0,0.06443822298039908,"{""status"": ""ok""}"
control,threshold_survival,0.3,2,prefix_group,primary,8,0.025775289192159635,0.0,0.0,0.06443822298039908,"{""status"": ""ok""}"
control,threshold_survival,0.3,2,prefix_group,primary,12,0.025775289192159635,0.0,0.0,0.06443822298039908,"{""status"": ""ok""}"
control,threshold_survival,0.3,2,prefix_group,primary,16,0.025775289192159635,0.0,0.0,0.06443822298039908,"{""status"": ""ok""}"
control,threshold_survival,0.3,2,prefix_group,primary,24,0.03866293378823945,0.0,0.0,0.06443822298039908,"{""status"": ""ok""}"
control,threshold_survival,0.3,2,prefix_group,primary,32,0.03866293378823945,0.0,0.0,0.06443822298039908,"{""status"": ""ok""}"
control,threshold_survival,0.3,2,prefix_group,primary,48,0.03866293378823945,0.0,0.0,0.06443822298039908,"{""status"": ""ok""}"
control,threshold_survival,0.3,2,prefix_group,primary,64,0.03866293378823945,0.0,0.0,0.06443822298039908,"{""status"": ""ok""}"
control,threshold_survival,0.3,2,prefix_group,primary,96,0.05155057838431927,0.0,0.0,0.06443822298039908,"{""status"": ""ok""}"
control,threshold_survival,0.3,2,prefix_group,primary,128,0.05155057838431927,0.0,0.0,0.06443822298039908,"{""status"": ""ok""}"
control,threshold_survival,0.3,2,kmeans_profile,diagnostic_function_preserving,1,0.0,0.0,0.0,0.06443822298039908,"{""diversity"": 0.0, ""k_used"": 1, ""status"": ""disabled_low_diversity""}"
control,threshold_survival,0.3,2,kmeans_profile,diagnostic_function_preserving,2,0.0,0.0,0.0,0.06443822298039908,"{""diversity"": 0.0, ""k_used"": 1, ""status"": ""disabled_low_diversity""}"
control,threshold_survival,0.3,2,kmeans_profile,diagnostic_function_preserving,3,0.0,0.0,0.0,0.06443822298039908,"{""diversity"": 0.0, ""k_used"": 1, ""status"": ""disabled_low_diversity""}"
control,threshold_survival,0.3,2,kmeans_profile,diagnostic_function_preserving,4,0.0,0.0,0.0,0.06443822298039908,"{""diversity"": 0.0, ""k_used"": 1, ""status"": ""disabled_low_diversity""}"
control,threshold_survival,0.3,2,kmeans_profile,diagnostic_function_preserving,6,0.0,0.0,0.0,0.06443822298039908,"{""diversity"": 0.0, ""k_used"": 1, ""status"": ""disabled_low_diversity""}"
control,threshold_survival,0.3,2,kmeans_profile,diagnostic_function_preserving,8,0.0,0.0,0.0,0.06443822298039908,"{""diversity"": 0.0, ""k_used"": 1, ""status"": ""disabled_low_diversity""}"
control,threshold_survival,0.3,2,kmeans_profile,diagnostic_function_preserving,12,0.0,0.0,0.0,0.06443822298039908,"{""diversity"": 0.0, ""k_used"": 1, ""status"": ""disabled_low_diversity""}"
control,threshold_survival,0.3,2,kmeans_profile,diagnostic_function_preserving,16,0.0,0.0,0.0,0.06443822298039908,"{""diversity"": 0.0, ""k_used"": 1, ""status"": ""disabled_low_diversity""}"
control,threshold_survival,0.3,2,kmeans_profile,diagnostic_function_preserving,24,0.0,0.0,0.0,0.06443822298039908,"{""diversity"": 0.0, ""k_used"": 1, ""status"": ""disabled_low_diversity""}"
control,threshold_survival,0.3,2,kmeans_profile,diagnostic_function_preserving,32,0.0,0.0,0.0,0.06443822298039908,"{""diversity"": 0.0, ""k_used"": 1, ""status"": ""disabled_low_diversity""}"
control,threshold_survival,0.3,2,kmeans_profile,diagnostic_function_preserving,48,0.0,0.0,0.0,0.06443822298039908,"{""diversity"": 0.0, ""k_used"": 1, ""status"": ""disabled_low_diversity""}"
control,threshold_survival,0.3,2,kmeans_profile,diagnostic_function_preserving,64,0.0,0.0,0.0,0.06443822298039908,"{""diversity"": 0.0, ""k_used"": 1, ""status"": ""disabled_low_diversity""}"
control,threshold_survival,0.3,2,kmeans_profile,diagnostic_function_preserving,96,0.0,0.0,0.0,0.06443822298039908,"{""diversity"": 0.0, ""k_used"": 1, ""status"": ""disabled_low_diversity""}"
control,threshold_survival,0.3,2,kmeans_profile,diagnostic_function_preserving,128,0.0,0.0,0.0,0.06443822298039908,"{""diversity"": 0.0, ""k_used"": 1, ""status"": ""disabled_low_diversity""}"
control,threshold_survival,0.3,3,balanced_random_group,primary,1,0.0,0.0,0.0,0.06561195749679752,"{""status"": ""ok""}"
control,threshold_survival,0.3,3,balanced_random_group,primary,2,0.006561195749679752,0.0,0.0,0.06561195749679752,"{""status"": ""ok""}"
control,threshold_survival,0.3,3,balanced_random_group,primary,3,0.01039924922313344,0.0,0.0,0.06561195749679752,"{""status"": ""ok""}"
control,threshold_survival,0.3,3,balanced_random_group,primary,4,0.013122391499359504,0.0,0.0,0.06561195749679752,"{""status"": ""ok""}"
control,threshold_survival,0.3,3,balanced_random_group,primary,6,0.016960444972813193,0.0,0.0,0.06561195749679752,"{""status"": ""ok""}"
control,threshold_survival,0.3,3,balanced_random_group,primary,8,0.019683587249039253,0.0,0.0,0.06561195749679752,"{""status"": ""ok""}"
control,threshold_survival,0.3,3,balanced_random_group,primary,12,0.023521640722492944,0.0,0.0,0.06561195749679752,"{""status"": ""ok""}"
control,threshold_survival,0.3,3,balanced_random_group,primary,16,0.026244782998719008,0.0,0.0,0.06561195749679752,"{""status"": ""ok""}"
control,threshold_survival,0.3,3,balanced_random_group,primary,24,0.030082836472172695,0.0,0.0,0.06561195749679752,"{""status"": ""ok""}"
control,threshold_survival,0.3,3,balanced_random_group,primary,32,0.03280597874839876,0.0,0.0,0.06561195749679752,"{""status"": ""ok""}"
control,threshold_survival,0.3,3,balanced_random_group,primary,48,0.036644032221852446,0.0,0.0,0.06561195749679752,"{""status"": ""ok""}"
control,threshold_survival,0.3,3,balanced_random_group,primary,64,0.03936717449807851,0.0,0.0,0.06561195749679752,"{""status"": ""ok""}"
control,threshold_survival,0.3,3,balanced_random_group,primary,96,0.0432052279715322,0.0,0.0,0.06561195749679752,"{""status"": ""ok""}"
control,threshold_survival,0.3,3,balanced_random_group,primary,128,0.04592837024775826,0.0,0.0,0.06561195749679752,"{""status"": ""ok""}"
control,threshold_survival,0.3,3,affinity_rank_group,primary,1,0.0,0.0,0.0,0.06561195749679752,"{""status"": ""ok""}"
control,threshold_survival,0.3,3,affinity_rank_group,primary,2,0.006561195749679752,0.0,0.0,0.06561195749679752,"{""status"": ""ok""}"
control,threshold_survival,0.3,3,affinity_rank_group,primary,3,0.01039924922313344,0.0,0.0,0.06561195749679752,"{""status"": ""ok""}"
control,threshold_survival,0.3,3,affinity_rank_group,primary,4,0.013122391499359504,0.0,0.0,0.06561195749679752,"{""status"": ""ok""}"
control,threshold_survival,0.3,3,affinity_rank_group,primary,6,0.016960444972813193,0.0,0.0,0.06561195749679752,"{""status"": ""ok""}"
control,threshold_survival,0.3,3,affinity_rank_group,primary,8,0.019683587249039253,0.0,0.0,0.06561195749679752,"{""status"": ""ok""}"
control,threshold_survival,0.3,3,affinity_rank_group,primary,12,0.023521640722492944,0.0,0.0,0.06561195749679752,"{""status"": ""ok""}"
control,threshold_survival,0.3,3,affinity_rank_group,primary,16,0.026244782998719008,0.0,0.0,0.06561195749679752,"{""status"": ""ok""}"
control,threshold_survival,0.3,3,affinity_rank_group,primary,24,0.030082836472172695,0.0,0.0,0.06561195749679752,"{""status"": ""ok""}"
control,threshold_survival,0.3,3,affinity_rank_group,primary,32,0.03280597874839876,0.0,0.0,0.06561195749679752,"{""status"": ""ok""}"
control,threshold_survival,0.3,3,affinity_rank_group,primary,48,0.036644032221852446,0.0,0.0,0.06561195749679752,"{""status"": ""ok""}"
control,threshold_survival,0.3,3,affinity_rank_group,primary,64,0.03936717449807851,0.0,0.0,0.06561195749679752,"{""status"": ""ok""}"
control,threshold_survival,0.3,3,affinity_rank_group,primary,96,0.0432052279715322,0.0,0.0,0.06561195749679752,"{""status"": ""ok""}"
control,threshold_survival,0.3,3,affinity_rank_group,primary,128,0.04592837024775826,0.0,0.0,0.06561195749679752,"{""status"": ""ok""}"
control,threshold_survival,0.3,3,prefix_group,primary,1,0.013122391499359504,0.0,0.0,0.06561195749679752,"{""status"": ""ok""}"
control,threshold_survival,0.3,3,prefix_group,primary,2,0.013122391499359504,0.0,0.0,0.06561195749679752,"{""status"": ""ok""}"
control,threshold_survival,0.3,3,prefix_group,primary,3,0.013122391499359504,0.0,0.0,0.06561195749679752,"{""status"": ""ok""}"
control,threshold_survival,0.3,3,prefix_group,primary,4,0.013122391499359504,0.0,0.0,0.06561195749679752,"{""status"": ""ok""}"
control,threshold_survival,0.3,3,prefix_group,primary,6,0.026244782998719008,0.0,0.0,0.06561195749679752,"{""status"": ""ok""}"
control,threshold_survival,0.3,3,prefix_group,primary,8,0.026244782998719008,0.0,0.0,0.06561195749679752,"{""status"": ""ok""}"
control,threshold_survival,0.3,3,prefix_group,primary,12,0.026244782998719008,0.0,0.0,0.06561195749679752,"{""status"": ""ok""}"
control,threshold_survival,0.3,3,prefix_group,primary,16,0.026244782998719008,0.0,0.0,0.06561195749679752,"{""status"": ""ok""}"
control,threshold_survival,0.3,3,prefix_group,primary,24,0.03936717449807851,0.0,0.0,0.06561195749679752,"{""status"": ""ok""}"
control,threshold_survival,0.3,3,prefix_group,primary,32,0.03936717449807851,0.0,0.0,0.06561195749679752,"{""status"": ""ok""}"
control,threshold_survival,0.3,3,prefix_group,primary,48,0.03936717449807851,0.0,0.0,0.06561195749679752,"{""status"": ""ok""}"
control,threshold_survival,0.3,3,prefix_group,primary,64,0.03936717449807851,0.0,0.0,0.06561195749679752,"{""status"": ""ok""}"
control,threshold_survival,0.3,3,prefix_group,primary,96,0.052489565997438016,0.0,0.0,0.06561195749679752,"{""status"": ""ok""}"
control,threshold_survival,0.3,3,prefix_group,primary,128,0.052489565997438016,0.0,0.0,0.06561195749679752,"{""status"": ""ok""}"
control,threshold_survival,0.3,3,kmeans_profile,diagnostic_function_preserving,1,0.0,0.0,0.0,0.06561195749679752,"{""diversity"": 0.0, ""k_used"": 1, ""status"": ""disabled_low_diversity""}"
control,threshold_survival,0.3,3,kmeans_profile,diagnostic_function_preserving,2,0.0,0.0,0.0,0.06561195749679752,"{""diversity"": 0.0, ""k_used"": 1, ""status"": ""disabled_low_diversity""}"
control,threshold_survival,0.3,3,kmeans_profile,diagnostic_function_preserving,3,0.0,0.0,0.0,0.06561195749679752,"{""diversity"": 0.0, ""k_used"": 1, ""status"": ""disabled_low_diversity""}"
control,threshold_survival,0.3,3,kmeans_profile,diagnostic_function_preserving,4,0.0,0.0,0.0,0.06561195749679752,"{""diversity"": 0.0, ""k_used"": 1, ""status"": ""disabled_low_diversity""}"
control,threshold_survival,0.3,3,kmeans_profile,diagnostic_function_preserving,6,0.0,0.0,0.0,0.06561195749679752,"{""diversity"": 0.0, ""k_used"": 1, ""status"": ""disabled_low_diversity""}"
control,threshold_survival,0.3,3,kmeans_profile,diagnostic_function_preserving,8,0.0,0.0,0.0,0.06561195749679752,"{""diversity"": 0.0, ""k_used"": 1, ""status"": ""disabled_low_diversity""}"
control,threshold_survival,0.3,3,kmeans_profile,diagnostic_function_preserving,12,0.0,0.0,0.0,0.06561195749679752,"{""diversity"": 0.0, ""k_used"": 1, ""status"": ""disabled_low_diversity""}"
control,threshold_survival,0.3,3,kmeans_profile,diagnostic_function_preserving,16,0.0,0.0,0.0,0.06561195749679752,"{""diversity"": 0.0, ""k_used"": 1, ""status"": ""disabled_low_diversity""}"
control,threshold_survival,0.3,3,kmeans_profile,diagnostic_function_preserving,24,0.0,0.0,0.0,0.06561195749679752,"{""diversity"": 0.0, ""k_used"": 1, ""status"": ""disabled_low_diversity""}"
control,threshold_survival,0.3,3,kmeans_profile,diagnostic_function_preserving,32,0.0,0.0,0.0,0.06561195749679752,"{""diversity"": 0.0, ""k_used"": 1, ""status"": ""disabled_low_diversity""}"
control,threshold_survival,0.3,3,kmeans_profile,diagnostic_function_preserving,48,0.0,0.0,0.0,0.06561195749679752,"{""diversity"": 0.0, ""k_used"": 1, ""status"": ""disabled_low_diversity""}"
control,threshold_survival,0.3,3,kmeans_profile,diagnostic_function_preserving,64,0.0,0.0,0.0,0.06561195749679752,"{""diversity"": 0.0, ""k_used"": 1, ""status"": ""disabled_low_diversity""}"
control,threshold_survival,0.3,3,kmeans_profile,diagnostic_function_preserving,96,0.0,0.0,0.0,0.06561195749679752,"{""diversity"": 0.0, ""k_used"": 1, ""status"": ""disabled_low_diversity""}"
control,threshold_survival,0.3,3,kmeans_profile,diagnostic_function_preserving,128,0.0,0.0,0.0,0.06561195749679752,"{""diversity"": 0.0, ""k_used"": 1, ""status"": ""disabled_low_diversity""}"
control,threshold_survival,0.3,4,balanced_random_group,primary,1,0.0,0.0,0.0,0.0669643116601831,"{""status"": ""ok""}"
control,threshold_survival,0.3,4,balanced_random_group,primary,2,0.00669643116601831,0.0,0.0,0.0669643116601831,"{""status"": ""ok""}"
control,threshold_survival,0.3,4,balanced_random_group,primary,3,0.010613592286799468,0.0,0.0,0.0669643116601831,"{""status"": ""ok""}"
control,threshold_survival,0.3,4,balanced_random_group,primary,4,0.01339286233203662,0.0,0.0,0.0669643116601831,"{""status"": ""ok""}"
control,threshold_survival,0.3,4,balanced_random_group,primary,6,0.01731002345281778,0.0,0.0,0.0669643116601831,"{""status"": ""ok""}"
control,threshold_survival,0.3,4,balanced_random_group,primary,8,0.02008929349805493,0.0,0.0,0.0669643116601831,"{""status"": ""ok""}"
control,threshold_survival,0.3,4,balanced_random_group,primary,12,0.024006454618836087,0.0,0.0,0.0669643116601831,"{""status"": ""ok""}"
control,threshold_survival,0.3,4,balanced_random_group,primary,16,0.02678572466407324,0.0,0.0,0.0669643116601831,"{""status"": ""ok""}"
control,threshold_survival,0.3,4,balanced_random_group,primary,24,0.030702885784854396,0.0,0.0,0.0669643116601831,"{""status"": ""ok""}"
control,threshold_survival,0.3,4,balanced_random_group,primary,32,0.03348215583009155,0.0,0.0,0.0669643116601831,"{""status"": ""ok""}"
control,threshold_survival,0.3,4,balanced_random_group,primary,48,0.03739931695087271,0.0,0.0,0.0669643116601831,"{""status"": ""ok""}"
control,threshold_survival,0.3,4,balanced_random_group,primary,64,0.04017858699610986,0.0,0.0,0.0669643116601831,"{""status"": ""ok""}"
control,threshold_survival,0.3,4,balanced_random_group,primary,96,0.04409574811689102,0.0,0.0,0.0669643116601831,"{""status"": ""ok""}"
control,threshold_survival,0.3,4,balanced_random_group,primary,128,0.04687501816212817,0.0,0.0,0.0669643116601831,"{""status"": ""ok""}"
control,threshold_survival,0.3,4,affinity_rank_group,primary,1,0.0,0.0,0.0,0.0669643116601831,"{""status"": ""ok""}"
control,threshold_survival,0.3,4,affinity_rank_group,primary,2,0.00669643116601831,0.0,0.0,0.0669643116601831,"{""status"": ""ok""}"
control,threshold_survival,0.3,4,affinity_rank_group,primary,3,0.010613592286799468,0.0,0.0,0.0669643116601831,"{""status"": ""ok""}"
control,threshold_survival,0.3,4,affinity_rank_group,primary,4,0.01339286233203662,0.0,0.0,0.0669643116601831,"{""status"": ""ok""}"
control,threshold_survival,0.3,4,affinity_rank_group,primary,6,0.01731002345281778,0.0,0.0,0.0669643116601831,"{""status"": ""ok""}"
control,threshold_survival,0.3,4,affinity_rank_group,primary,8,0.02008929349805493,0.0,0.0,0.0669643116601831,"{""status"": ""ok""}"
control,threshold_survival,0.3,4,affinity_rank_group,primary,12,0.024006454618836087,0.0,0.0,0.0669643116601831,"{""status"": ""ok""}"
control,threshold_survival,0.3,4,affinity_rank_group,primary,16,0.02678572466407324,0.0,0.0,0.0669643116601831,"{""status"": ""ok""}"
control,threshold_survival,0.3,4,affinity_rank_group,primary,24,0.030702885784854396,0.0,0.0,0.0669643116601831,"{""status"": ""ok""}"
control,threshold_survival,0.3,4,affinity_rank_group,primary,32,0.03348215583009155,0.0,0.0,0.0669643116601831,"{""status"": ""ok""}"
control,threshold_survival,0.3,4,affinity_rank_group,primary,48,0.03739931695087271,0.0,0.0,0.0669643116601831,"{""status"": ""ok""}"
control,threshold_survival,0.3,4,affinity_rank_group,primary,64,0.04017858699610986,0.0,0.0,0.0669643116601831,"{""status"": ""ok""}"
control,threshold_survival,0.3,4,affinity_rank_group,primary,96,0.04409574811689102,0.0,0.0,0.0669643116601831,"{""status"": ""ok""}"
control,threshold_survival,0.3,4,affinity_rank_group,primary,128,0.04687501816212817,0.0,0.0,0.0669643116601831,"{""status"": ""ok""}"
control,threshold_survival,0.3,4,prefix_group,primary,1,0.01339286233203662,0.0,0.0,0.0669643116601831,"{""status"": ""ok""}"
control,threshold_survival,0.3,4,prefix_group,primary,2,0.01339286233203662,0.0,0.0,0.0669643116601831,"{""status"": ""ok""}"
control,threshold_survival,0.3,4,prefix_group,primary,3,0.01339286233203662,0.0,0.0,0.0669643116601831,"{""status"": ""ok""}"
control,threshold_survival,0.3,4,prefix_group,primary,4,0.01339286233203662,0.0,0.0,0.0669643116601831,"{""status"": ""ok""}"
control,threshold_survival,0.3,4,prefix_group,primary,6,0.02678572466407324,0.0,0.0,0.0669643116601831,"{""status"": ""ok""}"
control,threshold_survival,0.3,4,prefix_group,primary,8,0.02678572466407324,0.0,0.0,0.0669643116601831,"{""status"": ""ok""}"
control,threshold_survival,0.3,4,prefix_group,primary,12,0.02678572466407324,0.0,0.0,0.0669643116601831,"{""status"": ""ok""}"
control,threshold_survival,0.3,4,prefix_group,primary,16,0.02678572466407324,0.0,0.0,0.0669643116601831,"{""status"": ""ok""}"
control,threshold_survival,0.3,4,prefix_group,primary,24,0.04017858699610986,0.0,0.0,0.0669643116601831,"{""status"": ""ok""}"
control,threshold_survival,0.3,4,prefix_group,primary,32,0.04017858699610986,0.0,0.0,0.0669643116601831,"{""status"": ""ok""}"
control,threshold_survival,0.3,4,prefix_group,primary,48,0.04017858699610986,0.0,0.0,0.0669643116601831,"{""status"": ""ok""}"
control,threshold_survival,0.3,4,prefix_group,primary,64,0.04017858699610986,0.0,0.0,0.0669643116601831,"{""status"": ""ok""}"
control,threshold_survival,0.3,4,prefix_group,primary,96,0.05357144932814648,0.0,0.0,0.0669643116601831,"{""status"": ""ok""}"
control,threshold_survival,0.3,4,prefix_group,primary,128,0.05357144932814648,0.0,0.0,0.0669643116601831,"{""status"": ""ok""}"
control,threshold_survival,0.3,4,kmeans_profile,diagnostic_function_preserving,1,0.0,0.0,0.0,0.0669643116601831,"{""diversity"": 0.0, ""k_used"": 1, ""status"": ""disabled_low_diversity""}"
control,threshold_survival,0.3,4,kmeans_profile,diagnostic_function_preserving,2,0.0,0.0,0.0,0.0669643116601831,"{""diversity"": 0.0, ""k_used"": 1, ""status"": ""disabled_low_diversity""}"
control,threshold_survival,0.3,4,kmeans_profile,diagnostic_function_preserving,3,0.0,0.0,0.0,0.0669643116601831,"{""diversity"": 0.0, ""k_used"": 1, ""status"": ""disabled_low_diversity""}"
control,threshold_survival,0.3,4,kmeans_profile,diagnostic_function_preserving,4,0.0,0.0,0.0,0.0669643116601831,"{""diversity"": 0.0, ""k_used"": 1, ""status"": ""disabled_low_diversity""}"
control,threshold_survival,0.3,4,kmeans_profile,diagnostic_function_preserving,6,0.0,0.0,0.0,0.0669643116601831,"{""diversity"": 0.0, ""k_used"": 1, ""status"": ""disabled_low_diversity""}"
control,threshold_survival,0.3,4,kmeans_profile,diagnostic_function_preserving,8,0.0,0.0,0.0,0.0669643116601831,"{""diversity"": 0.0, ""k_used"": 1, ""status"": ""disabled_low_diversity""}"
control,threshold_survival,0.3,4,kmeans_profile,diagnostic_function_preserving,12,0.0,0.0,0.0,0.0669643116601831,"{""diversity"": 0.0, ""k_used"": 1, ""status"": ""disabled_low_diversity""}"
control,threshold_survival,0.3,4,kmeans_profile,diagnostic_function_preserving,16,0.0,0.0,0.0,0.0669643116601831,"{""diversity"": 0.0, ""k_used"": 1, ""status"": ""disabled_low_diversity""}"
control,threshold_survival,0.3,4,kmeans_profile,diagnostic_function_preserving,24,0.0,0.0,0.0,0.0669643116601831,"{""diversity"": 0.0, ""k_used"": 1, ""status"": ""disabled_low_diversity""}"
control,threshold_survival,0.3,4,kmeans_profile,diagnostic_function_preserving,32,0.0,0.0,0.0,0.0669643116601831,"{""diversity"": 0.0, ""k_used"": 1, ""status"": ""disabled_low_diversity""}"
control,threshold_survival,0.3,4,kmeans_profile,diagnostic_function_preserving,48,0.0,0.0,0.0,0.0669643116601831,"{""diversity"": 0.0, ""k_used"": 1, ""status"": ""disabled_low_diversity""}"
control,threshold_survival,0.3,4,kmeans_profile,diagnostic_function_preserving,64,0.0,0.0,0.0,0.0669643116601831,"{""diversity"": 0.0, ""k_used"": 1, ""status"": ""disabled_low_diversity""}"
control,threshold_survival,0.3,4,kmeans_profile,diagnostic_function_preserving,96,0.0,0.0,0.0,0.0669643116601831,"{""diversity"": 0.0, ""k_used"": 1, ""status"": ""disabled_low_diversity""}"
control,threshold_survival,0.3,4,kmeans_profile,diagnostic_function_preserving,128,0.0,0.0,0.0,0.0669643116601831,"{""diversity"": 0.0, ""k_used"": 1, ""status"": ""disabled_low_diversity""}"
control,threshold_survival,0.3,5,balanced_random_group,primary,1,0.0,0.0,0.0,0.06810507559424253,"{""status"": ""ok""}"
control,threshold_survival,0.3,5,balanced_random_group,primary,2,0.006810507559424254,0.0,0.0,0.06810507559424253,"{""status"": ""ok""}"
control,threshold_survival,0.3,5,balanced_random_group,primary,3,0.010794399092565401,0.0,0.0,0.06810507559424253,"{""status"": ""ok""}"
control,threshold_survival,0.3,5,balanced_random_group,primary,4,0.013621015118848508,0.0,0.0,0.06810507559424253,"{""status"": ""ok""}"
control,threshold_survival,0.3,5,balanced_random_group,primary,6,0.017604906651989657,0.0,0.0,0.06810507559424253,"{""status"": ""ok""}"
control,threshold_survival,0.3,5,balanced_random_group,primary,8,0.020431522678272758,0.0,0.0,0.06810507559424253,"{""status"": ""ok""}"
control,threshold_survival,0.3,5,balanced_random_group,primary,12,0.024415414211413907,0.0,0.0,0.06810507559424253,"{""status"": ""ok""}"
control,threshold_survival,0.3,5,balanced_random_group,primary,16,0.027242030237697015,0.0,0.0,0.06810507559424253,"{""status"": ""ok""}"
control,threshold_survival,0.3,5,balanced_random_group,primary,24,0.03122592177083816,0.0,0.0,0.06810507559424253,"{""status"": ""ok""}"
control,threshold_survival,0.3,5,balanced_random_group,primary,32,0.034052537797121266,0.0,0.0,0.06810507559424253,"{""status"": ""ok""}"
control,threshold_survival,0.3,5,balanced_random_group,primary,48,0.03803642933026241,0.0,0.0,0.06810507559424253,"{""status"": ""ok""}"
control,threshold_survival,0.3,5,balanced_random_group,primary,64,0.040863045356545516,0.0,0.0,0.06810507559424253,"{""status"": ""ok""}"
control,threshold_survival,0.3,5,balanced_random_group,primary,96,0.04484693688968667,0.0,0.0,0.06810507559424253,"{""status"": ""ok""}"
control,threshold_survival,0.3,5,balanced_random_group,primary,128,0.047673552915969766,0.0,0.0,0.06810507559424253,"{""status"": ""ok""}"
control,threshold_survival,0.3,5,affinity_rank_group,primary,1,0.0,0.0,0.0,0.06810507559424253,"{""status"": ""ok""}"
control,threshold_survival,0.3,5,affinity_rank_group,primary,2,0.006810507559424254,0.0,0.0,0.06810507559424253,"{""status"": ""ok""}"
control,threshold_survival,0.3,5,affinity_rank_group,primary,3,0.010794399092565401,0.0,0.0,0.06810507559424253,"{""status"": ""ok""}"
control,threshold_survival,0.3,5,affinity_rank_group,primary,4,0.013621015118848508,0.0,0.0,0.06810507559424253,"{""status"": ""ok""}"
control,threshold_survival,0.3,5,affinity_rank_group,primary,6,0.017604906651989657,0.0,0.0,0.06810507559424253,"{""status"": ""ok""}"
control,threshold_survival,0.3,5,affinity_rank_group,primary,8,0.020431522678272758,0.0,0.0,0.06810507559424253,"{""status"": ""ok""}"
control,threshold_survival,0.3,5,affinity_rank_group,primary,12,0.024415414211413907,0.0,0.0,0.06810507559424253,"{""status"": ""ok""}"
control,threshold_survival,0.3,5,affinity_rank_group,primary,16,0.027242030237697015,0.0,0.0,0.06810507559424253,"{""status"": ""ok""}"
control,threshold_survival,0.3,5,affinity_rank_group,primary,24,0.03122592177083816,0.0,0.0,0.06810507559424253,"{""status"": ""ok""}"
control,threshold_survival,0.3,5,affinity_rank_group,primary,32,0.034052537797121266,0.0,0.0,0.06810507559424253,"{""status"": ""ok""}"
control,threshold_survival,0.3,5,affinity_rank_group,primary,48,0.03803642933026241,0.0,0.0,0.06810507559424253,"{""status"": ""ok""}"
control,threshold_survival,0.3,5,affinity_rank_group,primary,64,0.040863045356545516,0.0,0.0,0.06810507559424253,"{""status"": ""ok""}"
control,threshold_survival,0.3,5,affinity_rank_group,primary,96,0.04484693688968667,0.0,0.0,0.06810507559424253,"{""status"": ""ok""}"
control,threshold_survival,0.3,5,affinity_rank_group,primary,128,0.047673552915969766,0.0,0.0,0.06810507559424253,"{""status"": ""ok""}"
control,threshold_survival,0.3,5,prefix_group,primary,1,0.013621015118848508,0.0,0.0,0.06810507559424253,"{""status"": ""ok""}"
control,threshold_survival,0.3,5,prefix_group,primary,2,0.013621015118848508,0.0,0.0,0.06810507559424253,"{""status"": ""ok""}"
control,threshold_survival,0.3,5,prefix_group,primary,3,0.013621015118848508,0.0,0.0,0.06810507559424253,"{""status"": ""ok""}"
control,threshold_survival,0.3,5,prefix_group,primary,4,0.013621015118848508,0.0,0.0,0.06810507559424253,"{""status"": ""ok""}"
control,threshold_survival,0.3,5,prefix_group,primary,6,0.027242030237697015,0.0,0.0,0.06810507559424253,"{""status"": ""ok""}"
control,threshold_survival,0.3,5,prefix_group,primary,8,0.027242030237697015,0.0,0.0,0.06810507559424253,"{""status"": ""ok""}"
control,threshold_survival,0.3,5,prefix_group,primary,12,0.027242030237697015,0.0,0.0,0.06810507559424253,"{""status"": ""ok""}"
control,threshold_survival,0.3,5,prefix_group,primary,16,0.027242030237697015,0.0,0.0,0.06810507559424253,"{""status"": ""ok""}"
control,threshold_survival,0.3,5,prefix_group,primary,24,0.040863045356545516,0.0,0.0,0.06810507559424253,"{""status"": ""ok""}"
control,threshold_survival,0.3,5,prefix_group,primary,32,0.040863045356545516,0.0,0.0,0.06810507559424253,"{""status"": ""ok""}"
control,threshold_survival,0.3,5,prefix_group,primary,48,0.040863045356545516,0.0,0.0,0.06810507559424253,"{""status"": ""ok""}"
control,threshold_survival,0.3,5,prefix_group,primary,64,0.040863045356545516,0.0,0.0,0.06810507559424253,"{""status"": ""ok""}"
control,threshold_survival,0.3,5,prefix_group,primary,96,0.05448406047539403,0.0,0.0,0.06810507559424253,"{""status"": ""ok""}"
control,threshold_survival,0.3,5,prefix_group,primary,128,0.05448406047539403,0.0,0.0,0.06810507559424253,"{""status"": ""ok""}"
control,threshold_survival,0.3,5,kmeans_profile,diagnostic_function_preserving,1,0.0,0.0,0.0,0.06810507559424253,"{""diversity"": 0.0, ""k_used"": 1, ""status"": ""disabled_low_diversity""}"
control,threshold_survival,0.3,5,kmeans_profile,diagnostic_function_preserving,2,0.0,0.0,0.0,0.06810507559424253,"{""diversity"": 0.0, ""k_used"": 1, ""status"": ""disabled_low_diversity""}"
control,threshold_survival,0.3,5,kmeans_profile,diagnostic_function_preserving,3,0.0,0.0,0.0,0.06810507559424253,"{""diversity"": 0.0, ""k_used"": 1, ""status"": ""disabled_low_diversity""}"
control,threshold_survival,0.3,5,kmeans_profile,diagnostic_function_preserving,4,0.0,0.0,0.0,0.06810507559424253,"{""diversity"": 0.0, ""k_used"": 1, ""status"": ""disabled_low_diversity""}"
control,threshold_survival,0.3,5,kmeans_profile,diagnostic_function_preserving,6,0.0,0.0,0.0,0.06810507559424253,"{""diversity"": 0.0, ""k_used"": 1, ""status"": ""disabled_low_diversity""}"
control,threshold_survival,0.3,5,kmeans_profile,diagnostic_function_preserving,8,0.0,0.0,0.0,0.06810507559424253,"{""diversity"": 0.0, ""k_used"": 1, ""status"": ""disabled_low_diversity""}"
control,threshold_survival,0.3,5,kmeans_profile,diagnostic_function_preserving,12,0.0,0.0,0.0,0.06810507559424253,"{""diversity"": 0.0, ""k_used"": 1, ""status"": ""disabled_low_diversity""}"
control,threshold_survival,0.3,5,kmeans_profile,diagnostic_function_preserving,16,0.0,0.0,0.0,0.06810507559424253,"{""diversity"": 0.0, ""k_used"": 1, ""status"": ""disabled_low_diversity""}"
control,threshold_survival,0.3,5,kmeans_profile,diagnostic_function_preserving,24,0.0,0.0,0.0,0.06810507559424253,"{""diversity"": 0.0, ""k_used"": 1, ""status"": ""disabled_low_diversity""}"
control,threshold_survival,0.3,5,kmeans_profile,diagnostic_function_preserving,32,0.0,0.0,0.0,0.06810507559424253,"{""diversity"": 0.0, ""k_used"": 1, ""status"": ""disabled_low_diversity""}"
control,threshold_survival,0.3,5,kmeans_profile,diagnostic_function_preserving,48,0.0,0.0,0.0,0.06810507559424253,"{""diversity"": 0.0, ""k_used"": 1, ""status"": ""disabled_low_diversity""}"
control,threshold_survival,0.3,5,kmeans_profile,diagnostic_function_preserving,64,0.0,0.0,0.0,0.06810507559424253,"{""diversity"": 0.0, ""k_used"": 1, ""status"": ""disabled_low_diversity""}"
control,threshold_survival,0.3,5,kmeans_profile,diagnostic_function_preserving,96,0.0,0.0,0.0,0.06810507559424253,"{""diversity"": 0.0, ""k_used"": 1, ""status"": ""disabled_low_diversity""}"
control,threshold_survival,0.3,5,kmeans_profile,diagnostic_function_preserving,128,0.0,0.0,0.0,0.06810507559424253,"{""diversity"": 0.0, ""k_used"": 1, ""status"": ""disabled_low_diversity""}"
control,threshold_survival,0.3,6,balanced_random_group,primary,1,0.0,0.0,0.0,0.06557871444271295,"{""status"": ""ok""}"
control,threshold_survival,0.3,6,balanced_random_group,primary,2,0.006557871444271295,0.0,0.0,0.06557871444271295,"{""status"": ""ok""}"
control,threshold_survival,0.3,6,balanced_random_group,primary,3,0.01039398032372009,0.0,0.0,0.06557871444271295,"{""status"": ""ok""}"
control,threshold_survival,0.3,6,balanced_random_group,primary,4,0.01311574288854259,0.0,0.0,0.06557871444271295,"{""status"": ""ok""}"
control,threshold_survival,0.3,6,balanced_random_group,primary,6,0.016951851767991386,0.0,0.0,0.06557871444271295,"{""status"": ""ok""}"
control,threshold_survival,0.3,6,balanced_random_group,primary,8,0.019673614332813883,0.0,0.0,0.06557871444271295,"{""status"": ""ok""}"
control,threshold_survival,0.3,6,balanced_random_group,primary,12,0.02350972321226268,0.0,0.0,0.06557871444271295,"{""status"": ""ok""}"
control,threshold_survival,0.3,6,balanced_random_group,primary,16,0.02623148577708518,0.0,0.0,0.06557871444271295,"{""status"": ""ok""}"
control,threshold_survival,0.3,6,balanced_random_group,primary,24,0.030067594656533973,0.0,0.0,0.06557871444271295,"{""status"": ""ok""}"
control,threshold_survival,0.3,6,balanced_random_group,primary,32,0.03278935722135647,0.0,0.0,0.06557871444271295,"{""status"": ""ok""}"
control,threshold_survival,0.3,6,balanced_random_group,primary,48,0.03662546610080527,0.0,0.0,0.06557871444271295,"{""status"": ""ok""}"
control,threshold_survival,0.3,6,balanced_random_group,primary,64,0.039347228665627766,0.0,0.0,0.06557871444271295,"{""status"": ""ok""}"
control,threshold_survival,0.3,6,balanced_random_group,primary,96,0.04318333754507657,0.0,0.0,0.06557871444271295,"{""status"": ""ok""}"
control,threshold_survival,0.3,6,balanced_random_group,primary,128,0.04590510010989906,0.0,0.0,0.06557871444271295,"{""status"": ""ok""}"
control,threshold_survival,0.3,6,affinity_rank_group,primary,1,0.0,0.0,0.0,0.06557871444271295,"{""status"": ""ok""}"
control,threshold_survival,0.3,6,affinity_rank_group,primary,2,0.006557871444271295,0.0,0.0,0.06557871444271295,"{""status"": ""ok""}"
control,threshold_survival,0.3,6,affinity_rank_group,primary,3,0.01039398032372009,0.0,0.0,0.06557871444271295,"{""status"": ""ok""}"
control,threshold_survival,0.3,6,affinity_rank_group,primary,4,0.01311574288854259,0.0,0.0,0.06557871444271295,"{""status"": ""ok""}"
control,threshold_survival,0.3,6,affinity_rank_group,primary,6,0.016951851767991386,0.0,0.0,0.06557871444271295,"{""status"": ""ok""}"
control,threshold_survival,0.3,6,affinity_rank_group,primary,8,0.019673614332813883,0.0,0.0,0.06557871444271295,"{""status"": ""ok""}"
control,threshold_survival,0.3,6,affinity_rank_group,primary,12,0.02350972321226268,0.0,0.0,0.06557871444271295,"{""status"": ""ok""}"
control,threshold_survival,0.3,6,affinity_rank_group,primary,16,0.02623148577708518,0.0,0.0,0.06557871444271295,"{""status"": ""ok""}"
control,threshold_survival,0.3,6,affinity_rank_group,primary,24,0.030067594656533973,0.0,0.0,0.06557871444271295,"{""status"": ""ok""}"
control,threshold_survival,0.3,6,affinity_rank_group,primary,32,0.03278935722135647,0.0,0.0,0.06557871444271295,"{""status"": ""ok""}"
control,threshold_survival,0.3,6,affinity_rank_group,primary,48,0.03662546610080527,0.0,0.0,0.06557871444271295,"{""status"": ""ok""}"
control,threshold_survival,0.3,6,affinity_rank_group,primary,64,0.039347228665627766,0.0,0.0,0.06557871444271295,"{""status"": ""ok""}"
control,threshold_survival,0.3,6,affinity_rank_group,primary,96,0.04318333754507657,0.0,0.0,0.06557871444271295,"{""status"": ""ok""}"
control,threshold_survival,0.3,6,affinity_rank_group,primary,128,0.04590510010989906,0.0,0.0,0.06557871444271295,"{""status"": ""ok""}"
control,threshold_survival,0.3,6,prefix_group,primary,1,0.01311574288854259,0.0,0.0,0.06557871444271295,"{""status"": ""ok""}"
control,threshold_survival,0.3,6,prefix_group,primary,2,0.01311574288854259,0.0,0.0,0.06557871444271295,"{""status"": ""ok""}"
control,threshold_survival,0.3,6,prefix_group,primary,3,0.01311574288854259,0.0,0.0,0.06557871444271295,"{""status"": ""ok""}"
control,threshold_survival,0.3,6,prefix_group,primary,4,0.01311574288854259,0.0,0.0,0.06557871444271295,"{""status"": ""ok""}"
control,threshold_survival,0.3,6,prefix_group,primary,6,0.02623148577708518,0.0,0.0,0.06557871444271295,"{""status"": ""ok""}"
control,threshold_survival,0.3,6,prefix_group,primary,8,0.02623148577708518,0.0,0.0,0.06557871444271295,"{""status"": ""ok""}"
control,threshold_survival,0.3,6,prefix_group,primary,12,0.02623148577708518,0.0,0.0,0.06557871444271295,"{""status"": ""ok""}"
control,threshold_survival,0.3,6,prefix_group,primary,16,0.02623148577708518,0.0,0.0,0.06557871444271295,"{""status"": ""ok""}"
control,threshold_survival,0.3,6,prefix_group,primary,24,0.039347228665627766,0.0,0.0,0.06557871444271295,"{""status"": ""ok""}"
control,threshold_survival,0.3,6,prefix_group,primary,32,0.039347228665627766,0.0,0.0,0.06557871444271295,"{""status"": ""ok""}"
control,threshold_survival,0.3,6,prefix_group,primary,48,0.039347228665627766,0.0,0.0,0.06557871444271295,"{""status"": ""ok""}"
control,threshold_survival,0.3,6,prefix_group,primary,64,0.039347228665627766,0.0,0.0,0.06557871444271295,"{""status"": ""ok""}"
control,threshold_survival,0.3,6,prefix_group,primary,96,0.05246297155417036,0.0,0.0,0.06557871444271295,"{""status"": ""ok""}"
control,threshold_survival,0.3,6,prefix_group,primary,128,0.05246297155417036,0.0,0.0,0.06557871444271295,"{""status"": ""ok""}"
control,threshold_survival,0.3,6,kmeans_profile,diagnostic_function_preserving,1,0.0,0.0,0.0,0.06557871444271295,"{""diversity"": 0.0, ""k_used"": 1, ""status"": ""disabled_low_diversity""}"
control,threshold_survival,0.3,6,kmeans_profile,diagnostic_function_preserving,2,0.0,0.0,0.0,0.06557871444271295,"{""diversity"": 0.0, ""k_used"": 1, ""status"": ""disabled_low_diversity""}"
control,threshold_survival,0.3,6,kmeans_profile,diagnostic_function_preserving,3,0.0,0.0,0.0,0.06557871444271295,"{""diversity"": 0.0, ""k_used"": 1, ""status"": ""disabled_low_diversity""}"
control,threshold_survival,0.3,6,kmeans_profile,diagnostic_function_preserving,4,0.0,0.0,0.0,0.06557871444271295,"{""diversity"": 0.0, ""k_used"": 1, ""status"": ""disabled_low_diversity""}"
control,threshold_survival,0.3,6,kmeans_profile,diagnostic_function_preserving,6,0.0,0.0,0.0,0.06557871444271295,"{""diversity"": 0.0, ""k_used"": 1, ""status"": ""disabled_low_diversity""}"
control,threshold_survival,0.3,6,kmeans_profile,diagnostic_function_preserving,8,0.0,0.0,0.0,0.06557871444271295,"{""diversity"": 0.0, ""k_used"": 1, ""status"": ""disabled_low_diversity""}"
control,threshold_survival,0.3,6,kmeans_profile,diagnostic_function_preserving,12,0.0,0.0,0.0,0.06557871444271295,"{""diversity"": 0.0, ""k_used"": 1, ""status"": ""disabled_low_diversity""}"
control,threshold_survival,0.3,6,kmeans_profile,diagnostic_function_preserving,16,0.0,0.0,0.0,0.06557871444271295,"{""diversity"": 0.0, ""k_used"": 1, ""status"": ""disabled_low_diversity""}"
control,threshold_survival,0.3,6,kmeans_profile,diagnostic_function_preserving,24,0.0,0.0,0.0,0.06557871444271295,"{""diversity"": 0.0, ""k_used"": 1, ""status"": ""disabled_low_diversity""}"
control,threshold_survival,0.3,6,kmeans_profile,diagnostic_function_preserving,32,0.0,0.0,0.0,0.06557871444271295,"{""diversity"": 0.0, ""k_used"": 1, ""status"": ""disabled_low_diversity""}"
control,threshold_survival,0.3,6,kmeans_profile,diagnostic_function_preserving,48,0.0,0.0,0.0,0.06557871444271295,"{""diversity"": 0.0, ""k_used"": 1, ""status"": ""disabled_low_diversity""}"
control,threshold_survival,0.3,6,kmeans_profile,diagnostic_function_preserving,64,0.0,0.0,0.0,0.06557871444271295,"{""diversity"": 0.0, ""k_used"": 1, ""status"": ""disabled_low_diversity""}"
control,threshold_survival,0.3,6,kmeans_profile,diagnostic_function_preserving,96,0.0,0.0,0.0,0.06557871444271295,"{""diversity"": 0.0, ""k_used"": 1, ""status"": ""disabled_low_diversity""}"
control,threshold_survival,0.3,6,kmeans_profile,diagnostic_function_preserving,128,0.0,0.0,0.0,0.06557871444271295,"{""diversity"": 0.0, ""k_used"": 1, ""status"": ""disabled_low_diversity""}"
control,threshold_survival,0.3,7,balanced_random_group,primary,1,0.0,0.0,0.0,0.06969123317870744,"{""status"": ""ok""}"
control,threshold_survival,0.3,7,balanced_random_group,primary,2,0.006969123317870744,0.0,0.0,0.06969123317870744,"{""status"": ""ok""}"
control,threshold_survival,0.3,7,balanced_random_group,primary,3,0.011045799121726534,0.0,0.0,0.06969123317870744,"{""status"": ""ok""}"
control,threshold_survival,0.3,7,balanced_random_group,primary,4,0.013938246635741489,0.0,0.0,0.06969123317870744,"{""status"": ""ok""}"
control,threshold_survival,0.3,7,balanced_random_group,primary,6,0.01801492243959728,0.0,0.0,0.06969123317870744,"{""status"": ""ok""}"
control,threshold_survival,0.3,7,balanced_random_group,primary,8,0.020907369953612233,0.0,0.0,0.06969123317870744,"{""status"": ""ok""}"
control,threshold_survival,0.3,7,balanced_random_group,primary,12,0.024984045757468022,0.0,0.0,0.06969123317870744,"{""status"": ""ok""}"
control,threshold_survival,0.3,7,balanced_random_group,primary,16,0.027876493271482977,0.0,0.0,0.06969123317870744,"{""status"": ""ok""}"
control,threshold_survival,0.3,7,balanced_random_group,primary,24,0.031953169075338766,0.0,0.0,0.06969123317870744,"{""status"": ""ok""}"
control,threshold_survival,0.3,7,balanced_random_group,primary,32,0.03484561658935372,0.0,0.0,0.06969123317870744,"{""status"": ""ok""}"
control,threshold_survival,0.3,7,balanced_random_group,primary,48,0.03892229239320951,0.0,0.0,0.06969123317870744,"{""status"": ""ok""}"
control,threshold_survival,0.3,7,balanced_random_group,primary,64,0.041814739907224466,0.0,0.0,0.06969123317870744,"{""status"": ""ok""}"
control,threshold_survival,0.3,7,balanced_random_group,primary,96,0.04589141571108026,0.0,0.0,0.06969123317870744,"{""status"": ""ok""}"
control,threshold_survival,0.3,7,balanced_random_group,primary,128,0.04878386322509521,0.0,0.0,0.06969123317870744,"{""status"": ""ok""}"
control,threshold_survival,0.3,7,affinity_rank_group,primary,1,0.0,0.0,0.0,0.06969123317870744,"{""status"": ""ok""}"
control,threshold_survival,0.3,7,affinity_rank_group,primary,2,0.006969123317870744,0.0,0.0,0.06969123317870744,"{""status"": ""ok""}"
control,threshold_survival,0.3,7,affinity_rank_group,primary,3,0.011045799121726534,0.0,0.0,0.06969123317870744,"{""status"": ""ok""}"
control,threshold_survival,0.3,7,affinity_rank_group,primary,4,0.013938246635741489,0.0,0.0,0.06969123317870744,"{""status"": ""ok""}"
control,threshold_survival,0.3,7,affinity_rank_group,primary,6,0.01801492243959728,0.0,0.0,0.06969123317870744,"{""status"": ""ok""}"
control,threshold_survival,0.3,7,affinity_rank_group,primary,8,0.020907369953612233,0.0,0.0,0.06969123317870744,"{""status"": ""ok""}"
control,threshold_survival,0.3,7,affinity_rank_group,primary,12,0.024984045757468022,0.0,0.0,0.06969123317870744,"{""status"": ""ok""}"
control,threshold_survival,0.3,7,affinity_rank_group,primary,16,0.027876493271482977,0.0,0.0,0.06969123317870744,"{""status"": ""ok""}"
control,threshold_survival,0.3,7,affinity_rank_group,primary,24,0.031953169075338766,0.0,0.0,0.06969123317870744,"{""status"": ""ok""}"
control,threshold_survival,0.3,7,affinity_rank_group,primary,32,0.03484561658935372,0.0,0.0,0.06969123317870744,"{""status"": ""ok""}"
control,threshold_survival,0.3,7,affinity_rank_group,primary,48,0.03892229239320951,0.0,0.0,0.06969123317870744,"{""status"": ""ok""}"
control,threshold_survival,0.3,7,affinity_rank_group,primary,64,0.041814739907224466,0.0,0.0,0.06969123317870744,"{""status"": ""ok""}"
control,threshold_survival,0.3,7,affinity_rank_group,primary,96,0.04589141571108026,0.0,0.0,0.06969123317870744,"{""status"": ""ok""}"
control,threshold_survival,0.3,7,affinity_rank_group,primary,128,0.04878386322509521,0.0,0.0,0.06969123317870744,"{""status"": ""ok""}"
control,threshold_survival,0.3,7,prefix_group,primary,1,0.013938246635741489,0.0,0.0,0.06969123317870744,"{""status"": ""ok""}"
control,threshold_survival,0.3,7,prefix_group,primary,2,0.013938246635741489,0.0,0.0,0.06969123317870744,"{""status"": ""ok""}"
control,threshold_survival,0.3,7,prefix_group,primary,3,0.013938246635741489,0.0,0.0,0.06969123317870744,"{""status"": ""ok""}"
control,threshold_survival,0.3,7,prefix_group,primary,4,0.013938246635741489,0.0,0.0,0.06969123317870744,"{""status"": ""ok""}"
control,threshold_survival,0.3,7,prefix_group,primary,6,0.027876493271482977,0.0,0.0,0.06969123317870744,"{""status"": ""ok""}"
control,threshold_survival,0.3,7,prefix_group,primary,8,0.027876493271482977,0.0,0.0,0.06969123317870744,"{""status"": ""ok""}"
control,threshold_survival,0.3,7,prefix_group,primary,12,0.027876493271482977,0.0,0.0,0.06969123317870744,"{""status"": ""ok""}"
control,threshold_survival,0.3,7,prefix_group,primary,16,0.027876493271482977,0.0,0.0,0.06969123317870744,"{""status"": ""ok""}"
control,threshold_survival,0.3,7,prefix_group,primary,24,0.041814739907224466,0.0,0.0,0.06969123317870744,"{""status"": ""ok""}"
control,threshold_survival,0.3,7,prefix_group,primary,32,0.041814739907224466,0.0,0.0,0.06969123317870744,"{""status"": ""ok""}"
control,threshold_survival,0.3,7,prefix_group,primary,48,0.041814739907224466,0.0,0.0,0.06969123317870744,"{""status"": ""ok""}"
control,threshold_survival,0.3,7,prefix_group,primary,64,0.041814739907224466,0.0,0.0,0.06969123317870744,"{""status"": ""ok""}"
control,threshold_survival,0.3,7,prefix_group,primary,96,0.055752986542965954,0.0,0.0,0.06969123317870744,"{""status"": ""ok""}"
control,threshold_survival,0.3,7,prefix_group,primary,128,0.055752986542965954,0.0,0.0,0.06969123317870744,"{""status"": ""ok""}"
control,threshold_survival,0.3,7,kmeans_profile,diagnostic_function_preserving,1,0.0,0.0,0.0,0.06969123317870744,"{""diversity"": 0.0, ""k_used"": 1, ""status"": ""disabled_low_diversity""}"
control,threshold_survival,0.3,7,kmeans_profile,diagnostic_function_preserving,2,0.0,0.0,0.0,0.06969123317870744,"{""diversity"": 0.0, ""k_used"": 1, ""status"": ""disabled_low_diversity""}"
control,threshold_survival,0.3,7,kmeans_profile,diagnostic_function_preserving,3,0.0,0.0,0.0,0.06969123317870744,"{""diversity"": 0.0, ""k_used"": 1, ""status"": ""disabled_low_diversity""}"
control,threshold_survival,0.3,7,kmeans_profile,diagnostic_function_preserving,4,0.0,0.0,0.0,0.06969123317870744,"{""diversity"": 0.0, ""k_used"": 1, ""status"": ""disabled_low_diversity""}"
control,threshold_survival,0.3,7,kmeans_profile,diagnostic_function_preserving,6,0.0,0.0,0.0,0.06969123317870744,"{""diversity"": 0.0, ""k_used"": 1, ""status"": ""disabled_low_diversity""}"
control,threshold_survival,0.3,7,kmeans_profile,diagnostic_function_preserving,8,0.0,0.0,0.0,0.06969123317870744,"{""diversity"": 0.0, ""k_used"": 1, ""status"": ""disabled_low_diversity""}"
control,threshold_survival,0.3,7,kmeans_profile,diagnostic_function_preserving,12,0.0,0.0,0.0,0.06969123317870744,"{""diversity"": 0.0, ""k_used"": 1, ""status"": ""disabled_low_diversity""}"
control,threshold_survival,0.3,7,kmeans_profile,diagnostic_function_preserving,16,0.0,0.0,0.0,0.06969123317870744,"{""diversity"": 0.0, ""k_used"": 1, ""status"": ""disabled_low_diversity""}"
control,threshold_survival,0.3,7,kmeans_profile,diagnostic_function_preserving,24,0.0,0.0,0.0,0.06969123317870744,"{""diversity"": 0.0, ""k_used"": 1, ""status"": ""disabled_low_diversity""}"
control,threshold_survival,0.3,7,kmeans_profile,diagnostic_function_preserving,32,0.0,0.0,0.0,0.06969123317870744,"{""diversity"": 0.0, ""k_used"": 1, ""status"": ""disabled_low_diversity""}"
control,threshold_survival,0.3,7,kmeans_profile,diagnostic_function_preserving,48,0.0,0.0,0.0,0.06969123317870744,"{""diversity"": 0.0, ""k_used"": 1, ""status"": ""disabled_low_diversity""}"
control,threshold_survival,0.3,7,kmeans_profile,diagnostic_function_preserving,64,0.0,0.0,0.0,0.06969123317870744,"{""diversity"": 0.0, ""k_used"": 1, ""status"": ""disabled_low_diversity""}"
control,threshold_survival,0.3,7,kmeans_profile,diagnostic_function_preserving,96,0.0,0.0,0.0,0.06969123317870744,"{""diversity"": 0.0, ""k_used"": 1, ""status"": ""disabled_low_diversity""}"
control,threshold_survival,0.3,7,kmeans_profile,diagnostic_function_preserving,128,0.0,0.0,0.0,0.06969123317870744,"{""diversity"": 0.0, ""k_used"": 1, ""status"": ""disabled_low_diversity""}"
control,threshold_survival,0.3,8,balanced_random_group,primary,1,0.0,0.0,0.0,0.06476777237551043,"{""status"": ""ok""}"
control,threshold_survival,0.3,8,balanced_random_group,primary,2,0.0064767772375510435,0.0,0.0,0.06476777237551043,"{""status"": ""ok""}"
control,threshold_survival,0.3,8,balanced_random_group,primary,3,0.010265449047042761,0.0,0.0,0.06476777237551043,"{""status"": ""ok""}"
control,threshold_survival,0.3,8,balanced_random_group,primary,4,0.012953554475102087,0.0,0.0,0.06476777237551043,"{""status"": ""ok""}"
control,threshold_survival,0.3,8,balanced_random_group,primary,6,0.016742226284593806,0.0,0.0,0.06476777237551043,"{""status"": ""ok""}"
control,threshold_survival,0.3,8,balanced_random_group,primary,8,0.01943033171265313,0.0,0.0,0.06476777237551043,"{""status"": ""ok""}"
control,threshold_survival,0.3,8,balanced_random_group,primary,12,0.023219003522144847,0.0,0.0,0.06476777237551043,"{""status"": ""ok""}"
control,threshold_survival,0.3,8,balanced_random_group,primary,16,0.025907108950204174,0.0,0.0,0.06476777237551043,"{""status"": ""ok""}"
control,threshold_survival,0.3,8,balanced_random_group,primary,24,0.02969578075969589,0.0,0.0,0.06476777237551043,"{""status"": ""ok""}"
control,threshold_survival,0.3,8,balanced_random_group,primary,32,0.032383886187755215,0.0,0.0,0.06476777237551043,"{""status"": ""ok""}"
control,threshold_survival,0.3,8,balanced_random_group,primary,48,0.03617255799724693,0.0,0.0,0.06476777237551043,"{""status"": ""ok""}"
control,threshold_survival,0.3,8,balanced_random_group,primary,64,0.03886066342530626,0.0,0.0,0.06476777237551043,"{""status"": ""ok""}"
control,threshold_survival,0.3,8,balanced_random_group,primary,96,0.04264933523479798,0.0,0.0,0.06476777237551043,"{""status"": ""ok""}"
control,threshold_survival,0.3,8,balanced_random_group,primary,128,0.045337440662857297,0.0,0.0,0.06476777237551043,"{""status"": ""ok""}"
control,threshold_survival,0.3,8,affinity_rank_group,primary,1,0.0,0.0,0.0,0.06476777237551043,"{""status"": ""ok""}"
control,threshold_survival,0.3,8,affinity_rank_group,primary,2,0.0064767772375510435,0.0,0.0,0.06476777237551043,"{""status"": ""ok""}"
control,threshold_survival,0.3,8,affinity_rank_group,primary,3,0.010265449047042761,0.0,0.0,0.06476777237551043,"{""status"": ""ok""}"
control,threshold_survival,0.3,8,affinity_rank_group,primary,4,0.012953554475102087,0.0,0.0,0.06476777237551043,"{""status"": ""ok""}"
control,threshold_survival,0.3,8,affinity_rank_group,primary,6,0.016742226284593806,0.0,0.0,0.06476777237551043,"{""status"": ""ok""}"
control,threshold_survival,0.3,8,affinity_rank_group,primary,8,0.01943033171265313,0.0,0.0,0.06476777237551043,"{""status"": ""ok""}"
control,threshold_survival,0.3,8,affinity_rank_group,primary,12,0.023219003522144847,0.0,0.0,0.06476777237551043,"{""status"": ""ok""}"
control,threshold_survival,0.3,8,affinity_rank_group,primary,16,0.025907108950204174,0.0,0.0,0.06476777237551043,"{""status"": ""ok""}"
control,threshold_survival,0.3,8,affinity_rank_group,primary,24,0.02969578075969589,0.0,0.0,0.06476777237551043,"{""status"": ""ok""}"
control,threshold_survival,0.3,8,affinity_rank_group,primary,32,0.032383886187755215,0.0,0.0,0.06476777237551043,"{""status"": ""ok""}"
control,threshold_survival,0.3,8,affinity_rank_group,primary,48,0.03617255799724693,0.0,0.0,0.06476777237551043,"{""status"": ""ok""}"
control,threshold_survival,0.3,8,affinity_rank_group,primary,64,0.03886066342530626,0.0,0.0,0.06476777237551043,"{""status"": ""ok""}"
control,threshold_survival,0.3,8,affinity_rank_group,primary,96,0.04264933523479798,0.0,0.0,0.06476777237551043,"{""status"": ""ok""}"
control,threshold_survival,0.3,8,affinity_rank_group,primary,128,0.045337440662857297,0.0,0.0,0.06476777237551043,"{""status"": ""ok""}"
control,threshold_survival,0.3,8,prefix_group,primary,1,0.012953554475102087,0.0,0.0,0.06476777237551043,"{""status"": ""ok""}"
control,threshold_survival,0.3,8,prefix_group,primary,2,0.012953554475102087,0.0,0.0,0.06476777237551043,"{""status"": ""ok""}"
control,threshold_survival,0.3,8,prefix_group,primary,3,0.012953554475102087,0.0,0.0,0.06476777237551043,"{""status"": ""ok""}"
control,threshold_survival,0.3,8,prefix_group,primary,4,0.012953554475102087,0.0,0.0,0.06476777237551043,"{""status"": ""ok""}"
control,threshold_survival,0.3,8,prefix_group,primary,6,0.025907108950204174,0.0,0.0,0.06476777237551043,"{""status"": ""ok""}"
control,threshold_survival,0.3,8,prefix_group,primary,8,0.025907108950204174,0.0,0.0,0.06476777237551043,"{""status"": ""ok""}"
control,threshold_survival,0.3,8,prefix_group,primary,12,0.025907108950204174,0.0,0.0,0.06476777237551043,"{""status"": ""ok""}"
control,threshold_survival,0.3,8,prefix_group,primary,16,0.025907108950204174,0.0,0.0,0.06476777237551043,"{""status"": ""ok""}"
control,threshold_survival,0.3,8,prefix_group,primary,24,0.03886066342530626,0.0,0.0,0.06476777237551043,"{""status"": ""ok""}"
control,threshold_survival,0.3,8,prefix_group,primary,32,0.03886066342530626,0.0,0.0,0.06476777237551043,"{""status"": ""ok""}"
control,threshold_survival,0.3,8,prefix_group,primary,48,0.03886066342530626,0.0,0.0,0.06476777237551043,"{""status"": ""ok""}"
control,threshold_survival,0.3,8,prefix_group,primary,64,0.03886066342530626,0.0,0.0,0.06476777237551043,"{""status"": ""ok""}"
control,threshold_survival,0.3,8,prefix_group,primary,96,0.05181421790040835,0.0,0.0,0.06476777237551043,"{""status"": ""ok""}"
control,threshold_survival,0.3,8,prefix_group,primary,128,0.05181421790040835,0.0,0.0,0.06476777237551043,"{""status"": ""ok""}"
control,threshold_survival,0.3,8,kmeans_profile,diagnostic_function_preserving,1,0.0,0.0,0.0,0.06476777237551043,"{""diversity"": 0.0, ""k_used"": 1, ""status"": ""disabled_low_diversity""}"
control,threshold_survival,0.3,8,kmeans_profile,diagnostic_function_preserving,2,0.0,0.0,0.0,0.06476777237551043,"{""diversity"": 0.0, ""k_used"": 1, ""status"": ""disabled_low_diversity""}"
control,threshold_survival,0.3,8,kmeans_profile,diagnostic_function_preserving,3,0.0,0.0,0.0,0.06476777237551043,"{""diversity"": 0.0, ""k_used"": 1, ""status"": ""disabled_low_diversity""}"
control,threshold_survival,0.3,8,kmeans_profile,diagnostic_function_preserving,4,0.0,0.0,0.0,0.06476777237551043,"{""diversity"": 0.0, ""k_used"": 1, ""status"": ""disabled_low_diversity""}"
control,threshold_survival,0.3,8,kmeans_profile,diagnostic_function_preserving,6,0.0,0.0,0.0,0.06476777237551043,"{""diversity"": 0.0, ""k_used"": 1, ""status"": ""disabled_low_diversity""}"
control,threshold_survival,0.3,8,kmeans_profile,diagnostic_function_preserving,8,0.0,0.0,0.0,0.06476777237551043,"{""diversity"": 0.0, ""k_used"": 1, ""status"": ""disabled_low_diversity""}"
control,threshold_survival,0.3,8,kmeans_profile,diagnostic_function_preserving,12,0.0,0.0,0.0,0.06476777237551043,"{""diversity"": 0.0, ""k_used"": 1, ""status"": ""disabled_low_diversity""}"
control,threshold_survival,0.3,8,kmeans_profile,diagnostic_function_preserving,16,0.0,0.0,0.0,0.06476777237551043,"{""diversity"": 0.0, ""k_used"": 1, ""status"": ""disabled_low_diversity""}"
control,threshold_survival,0.3,8,kmeans_profile,diagnostic_function_preserving,24,0.0,0.0,0.0,0.06476777237551043,"{""diversity"": 0.0, ""k_used"": 1, ""status"": ""disabled_low_diversity""}"
control,threshold_survival,0.3,8,kmeans_profile,diagnostic_function_preserving,32,0.0,0.0,0.0,0.06476777237551043,"{""diversity"": 0.0, ""k_used"": 1, ""status"": ""disabled_low_diversity""}"
control,threshold_survival,0.3,8,kmeans_profile,diagnostic_function_preserving,48,0.0,0.0,0.0,0.06476777237551043,"{""diversity"": 0.0, ""k_used"": 1, ""status"": ""disabled_low_diversity""}"
control,threshold_survival,0.3,8,kmeans_profile,diagnostic_function_preserving,64,0.0,0.0,0.0,0.06476777237551043,"{""diversity"": 0.0, ""k_used"": 1, ""status"": ""disabled_low_diversity""}"
control,threshold_survival,0.3,8,kmeans_profile,diagnostic_function_preserving,96,0.0,0.0,0.0,0.06476777237551043,"{""diversity"": 0.0, ""k_used"": 1, ""status"": ""disabled_low_diversity""}"
control,threshold_survival,0.3,8,kmeans_profile,diagnostic_function_preserving,128,0.0,0.0,0.0,0.06476777237551043,"{""diversity"": 0.0, ""k_used"": 1, ""status"": ""disabled_low_diversity""}"
control,threshold_survival,0.3,9,balanced_random_group,primary,1,0.0,0.0,0.0,0.06295821340500621,"{""status"": ""ok""}"
control,threshold_survival,0.3,9,balanced_random_group,primary,2,0.006295821340500621,0.0,0.0,0.06295821340500621,"{""status"": ""ok""}"
control,threshold_survival,0.3,9,balanced_random_group,primary,3,0.009978640735933485,0.0,0.0,0.06295821340500621,"{""status"": ""ok""}"
control,threshold_survival,0.3,9,balanced_random_group,primary,4,0.012591642681001242,0.0,0.0,0.06295821340500621,"{""status"": ""ok""}"
control,threshold_survival,0.3,9,balanced_random_group,primary,6,0.016274462076434106,0.0,0.0,0.06295821340500621,"{""status"": ""ok""}"
control,threshold_survival,0.3,9,balanced_random_group,primary,8,0.018887464021501862,0.0,0.0,0.06295821340500621,"{""status"": ""ok""}"
control,threshold_survival,0.3,9,balanced_random_group,primary,12,0.022570283416934726,0.0,0.0,0.06295821340500621,"{""status"": ""ok""}"
control,threshold_survival,0.3,9,balanced_random_group,primary,16,0.025183285362002483,0.0,0.0,0.06295821340500621,"{""status"": ""ok""}"
control,threshold_survival,0.3,9,balanced_random_group,primary,24,0.028866104757435347,0.0,0.0,0.06295821340500621,"{""status"": ""ok""}"
control,threshold_survival,0.3,9,balanced_random_group,primary,32,0.031479106702503104,0.0,0.0,0.06295821340500621,"{""status"": ""ok""}"
control,threshold_survival,0.3,9,balanced_random_group,primary,48,0.03516192609793597,0.0,0.0,0.06295821340500621,"{""status"": ""ok""}"
control,threshold_survival,0.3,9,balanced_random_group,primary,64,0.037774928043003725,0.0,0.0,0.06295821340500621,"{""status"": ""ok""}"
control,threshold_survival,0.3,9,balanced_random_group,primary,96,0.04145774743843659,0.0,0.0,0.06295821340500621,"{""status"": ""ok""}"
control,threshold_survival,0.3,9,balanced_random_group,primary,128,0.044070749383504346,0.0,0.0,0.06295821340500621,"{""status"": ""ok""}"
control,threshold_survival,0.3,9,affinity_rank_group,primary,1,0.0,0.0,0.0,0.06295821340500621,"{""status"": ""ok""}"
control,threshold_survival,0.3,9,affinity_rank_group,primary,2,0.006295821340500621,0.0,0.0,0.06295821340500621,"{""status"": ""ok""}"
control,threshold_survival,0.3,9,affinity_rank_group,primary,3,0.009978640735933485,0.0,0.0,0.06295821340500621,"{""status"": ""ok""}"
control,threshold_survival,0.3,9,affinity_rank_group,primary,4,0.012591642681001242,0.0,0.0,0.06295821340500621,"{""status"": ""ok""}"
control,threshold_survival,0.3,9,affinity_rank_group,primary,6,0.016274462076434106,0.0,0.0,0.06295821340500621,"{""status"": ""ok""}"
control,threshold_survival,0.3,9,affinity_rank_group,primary,8,0.018887464021501862,0.0,0.0,0.06295821340500621,"{""status"": ""ok""}"
control,threshold_survival,0.3,9,affinity_rank_group,primary,12,0.022570283416934726,0.0,0.0,0.06295821340500621,"{""status"": ""ok""}"
control,threshold_survival,0.3,9,affinity_rank_group,primary,16,0.025183285362002483,0.0,0.0,0.06295821340500621,"{""status"": ""ok""}"
control,threshold_survival,0.3,9,affinity_rank_group,primary,24,0.028866104757435347,0.0,0.0,0.06295821340500621,"{""status"": ""ok""}"
control,threshold_survival,0.3,9,affinity_rank_group,primary,32,0.031479106702503104,0.0,0.0,0.06295821340500621,"{""status"": ""ok""}"
control,threshold_survival,0.3,9,affinity_rank_group,primary,48,0.03516192609793597,0.0,0.0,0.06295821340500621,"{""status"": ""ok""}"
control,threshold_survival,0.3,9,affinity_rank_group,primary,64,0.037774928043003725,0.0,0.0,0.06295821340500621,"{""status"": ""ok""}"
control,threshold_survival,0.3,9,affinity_rank_group,primary,96,0.04145774743843659,0.0,0.0,0.06295821340500621,"{""status"": ""ok""}"
control,threshold_survival,0.3,9,affinity_rank_group,primary,128,0.044070749383504346,0.0,0.0,0.06295821340500621,"{""status"": ""ok""}"
control,threshold_survival,0.3,9,prefix_group,primary,1,0.012591642681001242,0.0,0.0,0.06295821340500621,"{""status"": ""ok""}"
control,threshold_survival,0.3,9,prefix_group,primary,2,0.012591642681001242,0.0,0.0,0.06295821340500621,"{""status"": ""ok""}"
control,threshold_survival,0.3,9,prefix_group,primary,3,0.012591642681001242,0.0,0.0,0.06295821340500621,"{""status"": ""ok""}"
control,threshold_survival,0.3,9,prefix_group,primary,4,0.012591642681001242,0.0,0.0,0.06295821340500621,"{""status"": ""ok""}"
control,threshold_survival,0.3,9,prefix_group,primary,6,0.025183285362002483,0.0,0.0,0.06295821340500621,"{""status"": ""ok""}"
control,threshold_survival,0.3,9,prefix_group,primary,8,0.025183285362002483,0.0,0.0,0.06295821340500621,"{""status"": ""ok""}"
control,threshold_survival,0.3,9,prefix_group,primary,12,0.025183285362002483,0.0,0.0,0.06295821340500621,"{""status"": ""ok""}"
control,threshold_survival,0.3,9,prefix_group,primary,16,0.025183285362002483,0.0,0.0,0.06295821340500621,"{""status"": ""ok""}"
control,threshold_survival,0.3,9,prefix_group,primary,24,0.037774928043003725,0.0,0.0,0.06295821340500621,"{""status"": ""ok""}"
control,threshold_survival,0.3,9,prefix_group,primary,32,0.037774928043003725,0.0,0.0,0.06295821340500621,"{""status"": ""ok""}"
control,threshold_survival,0.3,9,prefix_group,primary,48,0.037774928043003725,0.0,0.0,0.06295821340500621,"{""status"": ""ok""}"
control,threshold_survival,0.3,9,prefix_group,primary,64,0.037774928043003725,0.0,0.0,0.06295821340500621,"{""status"": ""ok""}"
control,threshold_survival,0.3,9,prefix_group,primary,96,0.050366570724004966,0.0,0.0,0.06295821340500621,"{""status"": ""ok""}"
control,threshold_survival,0.3,9,prefix_group,primary,128,0.050366570724004966,0.0,0.0,0.06295821340500621,"{""status"": ""ok""}"
control,threshold_survival,0.3,9,kmeans_profile,diagnostic_function_preserving,1,0.0,0.0,0.0,0.06295821340500621,"{""diversity"": 0.0, ""k_used"": 1, ""status"": ""disabled_low_diversity""}"
control,threshold_survival,0.3,9,kmeans_profile,diagnostic_function_preserving,2,0.0,0.0,0.0,0.06295821340500621,"{""diversity"": 0.0, ""k_used"": 1, ""status"": ""disabled_low_diversity""}"
control,threshold_survival,0.3,9,kmeans_profile,diagnostic_function_preserving,3,0.0,0.0,0.0,0.06295821340500621,"{""diversity"": 0.0, ""k_used"": 1, ""status"": ""disabled_low_diversity""}"
control,threshold_survival,0.3,9,kmeans_profile,diagnostic_function_preserving,4,0.0,0.0,0.0,0.06295821340500621,"{""diversity"": 0.0, ""k_used"": 1, ""status"": ""disabled_low_diversity""}"
control,threshold_survival,0.3,9,kmeans_profile,diagnostic_function_preserving,6,0.0,0.0,0.0,0.06295821340500621,"{""diversity"": 0.0, ""k_used"": 1, ""status"": ""disabled_low_diversity""}"
control,threshold_survival,0.3,9,kmeans_profile,diagnostic_function_preserving,8,0.0,0.0,0.0,0.06295821340500621,"{""diversity"": 0.0, ""k_used"": 1, ""status"": ""disabled_low_diversity""}"
control,threshold_survival,0.3,9,kmeans_profile,diagnostic_function_preserving,12,0.0,0.0,0.0,0.06295821340500621,"{""diversity"": 0.0, ""k_used"": 1, ""status"": ""disabled_low_diversity""}"
control,threshold_survival,0.3,9,kmeans_profile,diagnostic_function_preserving,16,0.0,0.0,0.0,0.06295821340500621,"{""diversity"": 0.0, ""k_used"": 1, ""status"": ""disabled_low_diversity""}"
control,threshold_survival,0.3,9,kmeans_profile,diagnostic_function_preserving,24,0.0,0.0,0.0,0.06295821340500621,"{""diversity"": 0.0, ""k_used"": 1, ""status"": ""disabled_low_diversity""}"
control,threshold_survival,0.3,9,kmeans_profile,diagnostic_function_preserving,32,0.0,0.0,0.0,0.06295821340500621,"{""diversity"": 0.0, ""k_used"": 1, ""status"": ""disabled_low_diversity""}"
control,threshold_survival,0.3,9,kmeans_profile,diagnostic_function_preserving,48,0.0,0.0,0.0,0.06295821340500621,"{""diversity"": 0.0, ""k_used"": 1, ""status"": ""disabled_low_diversity""}"
control,threshold_survival,0.3,9,kmeans_profile,diagnostic_function_preserving,64,0.0,0.0,0.0,0.06295821340500621,"{""diversity"": 0.0, ""k_used"": 1, ""status"": ""disabled_low_diversity""}"
control,threshold_survival,0.3,9,kmeans_profile,diagnostic_function_preserving,96,0.0,0.0,0.0,0.06295821340500621,"{""diversity"": 0.0, ""k_used"": 1, ""status"": ""disabled_low_diversity""}"
control,threshold_survival,0.3,9,kmeans_profile,diagnostic_function_preserving,128,0.0,0.0,0.0,0.06295821340500621,"{""diversity"": 0.0, ""k_used"": 1, ""status"": ""disabled_low_diversity""}"
control,threshold_survival,0.3,10,balanced_random_group,primary,1,0.0,0.0,0.0,0.06416185819385413,"{""status"": ""ok""}"
control,threshold_survival,0.3,10,balanced_random_group,primary,2,0.006416185819385413,0.0,0.0,0.06416185819385413,"{""status"": ""ok""}"
control,threshold_survival,0.3,10,balanced_random_group,primary,3,0.010169413921384722,0.0,0.0,0.06416185819385413,"{""status"": ""ok""}"
control,threshold_survival,0.3,10,balanced_random_group,primary,4,0.012832371638770827,0.0,0.0,0.06416185819385413,"{""status"": ""ok""}"
control,threshold_survival,0.3,10,balanced_random_group,primary,6,0.01658559974077014,0.0,0.0,0.06416185819385413,"{""status"": ""ok""}"
control,threshold_survival,0.3,10,balanced_random_group,primary,8,0.019248557458156238,0.0,0.0,0.06416185819385413,"{""status"": ""ok""}"
control,threshold_survival,0.3,10,balanced_random_group,primary,12,0.02300178556015555,0.0,0.0,0.06416185819385413,"{""status"": ""ok""}"
control,threshold_survival,0.3,10,balanced_random_group,primary,16,0.025664743277541653,0.0,0.0,0.06416185819385413,"{""status"": ""ok""}"
control,threshold_survival,0.3,10,balanced_random_group,primary,24,0.029417971379540962,0.0,0.0,0.06416185819385413,"{""status"": ""ok""}"
control,threshold_survival,0.3,10,balanced_random_group,primary,32,0.032080929096927065,0.0,0.0,0.06416185819385413,"{""status"": ""ok""}"
control,threshold_survival,0.3,10,balanced_random_group,primary,48,0.035834157198926374,0.0,0.0,0.06416185819385413,"{""status"": ""ok""}"
control,threshold_survival,0.3,10,balanced_random_group,primary,64,0.038497114916312476,0.0,0.0,0.06416185819385413,"{""status"": ""ok""}"
control,threshold_survival,0.3,10,balanced_random_group,primary,96,0.04225034301831179,0.0,0.0,0.06416185819385413,"{""status"": ""ok""}"
control,threshold_survival,0.3,10,balanced_random_group,primary,128,0.04491330073569789,0.0,0.0,0.06416185819385413,"{""status"": ""ok""}"
control,threshold_survival,0.3,10,affinity_rank_group,primary,1,0.0,0.0,0.0,0.06416185819385413,"{""status"": ""ok""}"
control,threshold_survival,0.3,10,affinity_rank_group,primary,2,0.006416185819385413,0.0,0.0,0.06416185819385413,"{""status"": ""ok""}"
control,threshold_survival,0.3,10,affinity_rank_group,primary,3,0.010169413921384722,0.0,0.0,0.06416185819385413,"{""status"": ""ok""}"
control,threshold_survival,0.3,10,affinity_rank_group,primary,4,0.012832371638770827,0.0,0.0,0.06416185819385413,"{""status"": ""ok""}"
control,threshold_survival,0.3,10,affinity_rank_group,primary,6,0.01658559974077014,0.0,0.0,0.06416185819385413,"{""status"": ""ok""}"
control,threshold_survival,0.3,10,affinity_rank_group,primary,8,0.019248557458156238,0.0,0.0,0.06416185819385413,"{""status"": ""ok""}"
control,threshold_survival,0.3,10,affinity_rank_group,primary,12,0.02300178556015555,0.0,0.0,0.06416185819385413,"{""status"": ""ok""}"
control,threshold_survival,0.3,10,affinity_rank_group,primary,16,0.025664743277541653,0.0,0.0,0.06416185819385413,"{""status"": ""ok""}"
control,threshold_survival,0.3,10,affinity_rank_group,primary,24,0.029417971379540962,0.0,0.0,0.06416185819385413,"{""status"": ""ok""}"
control,threshold_survival,0.3,10,affinity_rank_group,primary,32,0.032080929096927065,0.0,0.0,0.06416185819385413,"{""status"": ""ok""}"
control,threshold_survival,0.3,10,affinity_rank_group,primary,48,0.035834157198926374,0.0,0.0,0.06416185819385413,"{""status"": ""ok""}"
control,threshold_survival,0.3,10,affinity_rank_group,primary,64,0.038497114916312476,0.0,0.0,0.06416185819385413,"{""status"": ""ok""}"
control,threshold_survival,0.3,10,affinity_rank_group,primary,96,0.04225034301831179,0.0,0.0,0.06416185819385413,"{""status"": ""ok""}"
control,threshold_survival,0.3,10,affinity_rank_group,primary,128,0.04491330073569789,0.0,0.0,0.06416185819385413,"{""status"": ""ok""}"
control,threshold_survival,0.3,10,prefix_group,primary,1,0.012832371638770827,0.0,0.0,0.06416185819385413,"{""status"": ""ok""}"
control,threshold_survival,0.3,10,prefix_group,primary,2,0.012832371638770827,0.0,0.0,0.06416185819385413,"{""status"": ""ok""}"
control,threshold_survival,0.3,10,prefix_group,primary,3,0.012832371638770827,0.0,0.0,0.06416185819385413,"{""status"": ""ok""}"
control,threshold_survival,0.3,10,prefix_group,primary,4,0.012832371638770827,0.0,0.0,0.06416185819385413,"{""status"": ""ok""}"
control,threshold_survival,0.3,10,prefix_group,primary,6,0.025664743277541653,0.0,0.0,0.06416185819385413,"{""status"": ""ok""}"
control,threshold_survival,0.3,10,prefix_group,primary,8,0.025664743277541653,0.0,0.0,0.06416185819385413,"{""status"": ""ok""}"
control,threshold_survival,0.3,10,prefix_group,primary,12,0.025664743277541653,0.0,0.0,0.06416185819385413,"{""status"": ""ok""}"
control,threshold_survival,0.3,10,prefix_group,primary,16,0.025664743277541653,0.0,0.0,0.06416185819385413,"{""status"": ""ok""}"
control,threshold_survival,0.3,10,prefix_group,primary,24,0.038497114916312476,0.0,0.0,0.06416185819385413,"{""status"": ""ok""}"
control,threshold_survival,0.3,10,prefix_group,primary,32,0.038497114916312476,0.0,0.0,0.06416185819385413,"{""status"": ""ok""}"
control,threshold_survival,0.3,10,prefix_group,primary,48,0.038497114916312476,0.0,0.0,0.06416185819385413,"{""status"": ""ok""}"
control,threshold_survival,0.3,10,prefix_group,primary,64,0.038497114916312476,0.0,0.0,0.06416185819385413,"{""status"": ""ok""}"
control,threshold_survival,0.3,10,prefix_group,primary,96,0.051329486555083306,0.0,0.0,0.06416185819385413,"{""status"": ""ok""}"
control,threshold_survival,0.3,10,prefix_group,primary,128,0.051329486555083306,0.0,0.0,0.06416185819385413,"{""status"": ""ok""}"
control,threshold_survival,0.3,10,kmeans_profile,diagnostic_function_preserving,1,0.0,0.0,0.0,0.06416185819385413,"{""diversity"": 0.0, ""k_used"": 1, ""status"": ""disabled_low_diversity""}"
control,threshold_survival,0.3,10,kmeans_profile,diagnostic_function_preserving,2,0.0,0.0,0.0,0.06416185819385413,"{""diversity"": 0.0, ""k_used"": 1, ""status"": ""disabled_low_diversity""}"
control,threshold_survival,0.3,10,kmeans_profile,diagnostic_function_preserving,3,0.0,0.0,0.0,0.06416185819385413,"{""diversity"": 0.0, ""k_used"": 1, ""status"": ""disabled_low_diversity""}"
control,threshold_survival,0.3,10,kmeans_profile,diagnostic_function_preserving,4,0.0,0.0,0.0,0.06416185819385413,"{""diversity"": 0.0, ""k_used"": 1, ""status"": ""disabled_low_diversity""}"
control,threshold_survival,0.3,10,kmeans_profile,diagnostic_function_preserving,6,0.0,0.0,0.0,0.06416185819385413,"{""diversity"": 0.0, ""k_used"": 1, ""status"": ""disabled_low_diversity""}"
control,threshold_survival,0.3,10,kmeans_profile,diagnostic_function_preserving,8,0.0,0.0,0.0,0.06416185819385413,"{""diversity"": 0.0, ""k_used"": 1, ""status"": ""disabled_low_diversity""}"
control,threshold_survival,0.3,10,kmeans_profile,diagnostic_function_preserving,12,0.0,0.0,0.0,0.06416185819385413,"{""diversity"": 0.0, ""k_used"": 1, ""status"": ""disabled_low_diversity""}"
control,threshold_survival,0.3,10,kmeans_profile,diagnostic_function_preserving,16,0.0,0.0,0.0,0.06416185819385413,"{""diversity"": 0.0, ""k_used"": 1, ""status"": ""disabled_low_diversity""}"
control,threshold_survival,0.3,10,kmeans_profile,diagnostic_function_preserving,24,0.0,0.0,0.0,0.06416185819385413,"{""diversity"": 0.0, ""k_used"": 1, ""status"": ""disabled_low_diversity""}"
control,threshold_survival,0.3,10,kmeans_profile,diagnostic_function_preserving,32,0.0,0.0,0.0,0.06416185819385413,"{""diversity"": 0.0, ""k_used"": 1, ""status"": ""disabled_low_diversity""}"
control,threshold_survival,0.3,10,kmeans_profile,diagnostic_function_preserving,48,0.0,0.0,0.0,0.06416185819385413,"{""diversity"": 0.0, ""k_used"": 1, ""status"": ""disabled_low_diversity""}"
control,threshold_survival,0.3,10,kmeans_profile,diagnostic_function_preserving,64,0.0,0.0,0.0,0.06416185819385413,"{""diversity"": 0.0, ""k_used"": 1, ""status"": ""disabled_low_diversity""}"
control,threshold_survival,0.3,10,kmeans_profile,diagnostic_function_preserving,96,0.0,0.0,0.0,0.06416185819385413,"{""diversity"": 0.0, ""k_used"": 1, ""status"": ""disabled_low_diversity""}"
control,threshold_survival,0.3,10,kmeans_profile,diagnostic_function_preserving,128,0.0,0.0,0.0,0.06416185819385413,"{""diversity"": 0.0, ""k_used"": 1, ""status"": ""disabled_low_diversity""}"
control,threshold_survival,0.3,11,balanced_random_group,primary,1,0.0,0.0,0.0,0.06715253048656535,"{""status"": ""ok""}"
control,threshold_survival,0.3,11,balanced_random_group,primary,2,0.0067152530486565346,0.0,0.0,0.06715253048656535,"{""status"": ""ok""}"
control,threshold_survival,0.3,11,balanced_random_group,primary,3,0.010643424264974027,0.0,0.0,0.06715253048656535,"{""status"": ""ok""}"
control,threshold_survival,0.3,11,balanced_random_group,primary,4,0.013430506097313069,0.0,0.0,0.06715253048656535,"{""status"": ""ok""}"
control,threshold_survival,0.3,11,balanced_random_group,primary,6,0.017358677313630565,0.0,0.0,0.06715253048656535,"{""status"": ""ok""}"
control,threshold_survival,0.3,11,balanced_random_group,primary,8,0.020145759145969604,0.0,0.0,0.06715253048656535,"{""status"": ""ok""}"
control,threshold_survival,0.3,11,balanced_random_group,primary,12,0.024073930362287096,0.0,0.0,0.06715253048656535,"{""status"": ""ok""}"
control,threshold_survival,0.3,11,balanced_random_group,primary,16,0.026861012194626138,0.0,0.0,0.06715253048656535,"{""status"": ""ok""}"
control,threshold_survival,0.3,11,balanced_random_group,primary,24,0.03078918341094363,0.0,0.0,0.06715253048656535,"{""status"": ""ok""}"
control,threshold_survival,0.3,11,balanced_random_group,primary,32,0.03357626524328267,0.0,0.0,0.06715253048656535,"{""status"": ""ok""}"
control,threshold_survival,0.3,11,balanced_random_group,primary,48,0.037504436459600166,0.0,0.0,0.06715253048656535,"{""status"": ""ok""}"
control,threshold_survival,0.3,11,balanced_random_group,primary,64,0.04029151829193921,0.0,0.0,0.06715253048656535,"{""status"": ""ok""}"
control,threshold_survival,0.3,11,balanced_random_group,primary,96,0.04421968950825671,0.0,0.0,0.06715253048656535,"{""status"": ""ok""}"
control,threshold_survival,0.3,11,balanced_random_group,primary,128,0.04700677134059574,0.0,0.0,0.06715253048656535,"{""status"": ""ok""}"
control,threshold_survival,0.3,11,affinity_rank_group,primary,1,0.0,0.0,0.0,0.06715253048656535,"{""status"": ""ok""}"
control,threshold_survival,0.3,11,affinity_rank_group,primary,2,0.0067152530486565346,0.0,0.0,0.06715253048656535,"{""status"": ""ok""}"
control,threshold_survival,0.3,11,affinity_rank_group,primary,3,0.010643424264974027,0.0,0.0,0.06715253048656535,"{""status"": ""ok""}"
control,threshold_survival,0.3,11,affinity_rank_group,primary,4,0.013430506097313069,0.0,0.0,0.06715253048656535,"{""status"": ""ok""}"
control,threshold_survival,0.3,11,affinity_rank_group,primary,6,0.017358677313630565,0.0,0.0,0.06715253048656535,"{""status"": ""ok""}"
control,threshold_survival,0.3,11,affinity_rank_group,primary,8,0.020145759145969604,0.0,0.0,0.06715253048656535,"{""status"": ""ok""}"
control,threshold_survival,0.3,11,affinity_rank_group,primary,12,0.024073930362287096,0.0,0.0,0.06715253048656535,"{""status"": ""ok""}"
control,threshold_survival,0.3,11,affinity_rank_group,primary,16,0.026861012194626138,0.0,0.0,0.06715253048656535,"{""status"": ""ok""}"
control,threshold_survival,0.3,11,affinity_rank_group,primary,24,0.03078918341094363,0.0,0.0,0.06715253048656535,"{""status"": ""ok""}"
control,threshold_survival,0.3,11,affinity_rank_group,primary,32,0.03357626524328267,0.0,0.0,0.06715253048656535,"{""status"": ""ok""}"
control,threshold_survival,0.3,11,affinity_rank_group,primary,48,0.037504436459600166,0.0,0.0,0.06715253048656535,"{""status"": ""ok""}"
control,threshold_survival,0.3,11,affinity_rank_group,primary,64,0.04029151829193921,0.0,0.0,0.06715253048656535,"{""status"": ""ok""}"
control,threshold_survival,0.3,11,affinity_rank_group,primary,96,0.04421968950825671,0.0,0.0,0.06715253048656535,"{""status"": ""ok""}"
control,threshold_survival,0.3,11,affinity_rank_group,primary,128,0.04700677134059574,0.0,0.0,0.06715253048656535,"{""status"": ""ok""}"
control,threshold_survival,0.3,11,prefix_group,primary,1,0.013430506097313069,0.0,0.0,0.06715253048656535,"{""status"": ""ok""}"
control,threshold_survival,0.3,11,prefix_group,primary,2,0.013430506097313069,0.0,0.0,0.06715253048656535,"{""status"": ""ok""}"
control,threshold_survival,0.3,11,prefix_group,primary,3,0.013430506097313069,0.0,0.0,0.06715253048656535,"{""status"": ""ok""}"
control,threshold_survival,0.3,11,prefix_group,primary,4,0.013430506097313069,0.0,0.0,0.06715253048656535,"{""status"": ""ok""}"
control,threshold_survival,0.3,11,prefix_group,primary,6,0.026861012194626138,0.0,0.0,0.06715253048656535,"{""status"": ""ok""}"
control,threshold_survival,0.3,11,prefix_group,primary,8,0.026861012194626138,0.0,0.0,0.06715253048656535,"{""status"": ""ok""}"
control,threshold_survival,0.3,11,prefix_group,primary,12,0.026861012194626138,0.0,0.0,0.06715253048656535,"{""status"": ""ok""}"
control,threshold_survival,0.3,11,prefix_group,primary,16,0.026861012194626138,0.0,0.0,0.06715253048656535,"{""status"": ""ok""}"
control,threshold_survival,0.3,11,prefix_group,primary,24,0.04029151829193921,0.0,0.0,0.06715253048656535,"{""status"": ""ok""}"
control,threshold_survival,0.3,11,prefix_group,primary,32,0.04029151829193921,0.0,0.0,0.06715253048656535,"{""status"": ""ok""}"
control,threshold_survival,0.3,11,prefix_group,primary,48,0.04029151829193921,0.0,0.0,0.06715253048656535,"{""status"": ""ok""}"
control,threshold_survival,0.3,11,prefix_group,primary,64,0.04029151829193921,0.0,0.0,0.06715253048656535,"{""status"": ""ok""}"
control,threshold_survival,0.3,11,prefix_group,primary,96,0.053722024389252276,0.0,0.0,0.06715253048656535,"{""status"": ""ok""}"
control,threshold_survival,0.3,11,prefix_group,primary,128,0.053722024389252276,0.0,0.0,0.06715253048656535,"{""status"": ""ok""}"
control,threshold_survival,0.3,11,kmeans_profile,diagnostic_function_preserving,1,0.0,0.0,0.0,0.06715253048656535,"{""diversity"": 0.0, ""k_used"": 1, ""status"": ""disabled_low_diversity""}"
control,threshold_survival,0.3,11,kmeans_profile,diagnostic_function_preserving,2,0.0,0.0,0.0,0.06715253048656535,"{""diversity"": 0.0, ""k_used"": 1, ""status"": ""disabled_low_diversity""}"
control,threshold_survival,0.3,11,kmeans_profile,diagnostic_function_preserving,3,0.0,0.0,0.0,0.06715253048656535,"{""diversity"": 0.0, ""k_used"": 1, ""status"": ""disabled_low_diversity""}"
control,threshold_survival,0.3,11,kmeans_profile,diagnostic_function_preserving,4,0.0,0.0,0.0,0.06715253048656535,"{""diversity"": 0.0, ""k_used"": 1, ""status"": ""disabled_low_diversity""}"
control,threshold_survival,0.3,11,kmeans_profile,diagnostic_function_preserving,6,0.0,0.0,0.0,0.06715253048656535,"{""diversity"": 0.0, ""k_used"": 1, ""status"": ""disabled_low_diversity""}"
control,threshold_survival,0.3,11,kmeans_profile,diagnostic_function_preserving,8,0.0,0.0,0.0,0.06715253048656535,"{""diversity"": 0.0, ""k_used"": 1, ""status"": ""disabled_low_diversity""}"
control,threshold_survival,0.3,11,kmeans_profile,diagnostic_function_preserving,12,0.0,0.0,0.0,0.06715253048656535,"{""diversity"": 0.0, ""k_used"": 1, ""status"": ""disabled_low_diversity""}"
control,threshold_survival,0.3,11,kmeans_profile,diagnostic_function_preserving,16,0.0,0.0,0.0,0.06715253048656535,"{""diversity"": 0.0, ""k_used"": 1, ""status"": ""disabled_low_diversity""}"
control,threshold_survival,0.3,11,kmeans_profile,diagnostic_function_preserving,24,0.0,0.0,0.0,0.06715253048656535,"{""diversity"": 0.0, ""k_used"": 1, ""status"": ""disabled_low_diversity""}"
control,threshold_survival,0.3,11,kmeans_profile,diagnostic_function_preserving,32,0.0,0.0,0.0,0.06715253048656535,"{""diversity"": 0.0, ""k_used"": 1, ""status"": ""disabled_low_diversity""}"
control,threshold_survival,0.3,11,kmeans_profile,diagnostic_function_preserving,48,0.0,0.0,0.0,0.06715253048656535,"{""diversity"": 0.0, ""k_used"": 1, ""status"": ""disabled_low_diversity""}"
control,threshold_survival,0.3,11,kmeans_profile,diagnostic_function_preserving,64,0.0,0.0,0.0,0.06715253048656535,"{""diversity"": 0.0, ""k_used"": 1, ""status"": ""disabled_low_diversity""}"
control,threshold_survival,0.3,11,kmeans_profile,diagnostic_function_preserving,96,0.0,0.0,0.0,0.06715253048656535,"{""diversity"": 0.0, ""k_used"": 1, ""status"": ""disabled_low_diversity""}"
control,threshold_survival,0.3,11,kmeans_profile,diagnostic_function_preserving,128,0.0,0.0,0.0,0.06715253048656535,"{""diversity"": 0.0, ""k_used"": 1, ""status"": ""disabled_low_diversity""}"
control,threshold_survival,0.4,0,balanced_random_group,primary,1,0.0,0.0,0.0,0.06698876547544849,"{""status"": ""ok""}"
control,threshold_survival,0.4,0,balanced_random_group,primary,2,0.006698876547544849,0.0,0.0,0.06698876547544849,"{""status"": ""ok""}"
control,threshold_survival,0.4,0,balanced_random_group,primary,3,0.010617468124818988,0.0,0.0,0.06698876547544849,"{""status"": ""ok""}"
control,threshold_survival,0.4,0,balanced_random_group,primary,4,0.013397753095089698,0.0,0.0,0.06698876547544849,"{""status"": ""ok""}"
control,threshold_survival,0.4,0,balanced_random_group,primary,6,0.01731634467236384,0.0,0.0,0.06698876547544849,"{""status"": ""ok""}"
control,threshold_survival,0.4,0,balanced_random_group,primary,8,0.020096629642634548,0.0,0.0,0.06698876547544849,"{""status"": ""ok""}"
control,threshold_survival,0.4,0,balanced_random_group,primary,12,0.02401522121990869,0.0,0.0,0.06698876547544849,"{""status"": ""ok""}"
control,threshold_survival,0.4,0,balanced_random_group,primary,16,0.026795506190179397,0.0,0.0,0.06698876547544849,"{""status"": ""ok""}"
control,threshold_survival,0.4,0,balanced_random_group,primary,24,0.030714097767453534,0.0,0.0,0.06698876547544849,"{""status"": ""ok""}"
control,threshold_survival,0.4,0,balanced_random_group,primary,32,0.033494382737724246,0.0,0.0,0.06698876547544849,"{""status"": ""ok""}"
control,threshold_survival,0.4,0,balanced_random_group,primary,48,0.03741297431499838,0.0,0.0,0.06698876547544849,"{""status"": ""ok""}"
control,threshold_survival,0.4,0,balanced_random_group,primary,64,0.040193259285269095,0.0,0.0,0.06698876547544849,"{""status"": ""ok""}"
control,threshold_survival,0.4,0,balanced_random_group,primary,96,0.04411185086254324,0.0,0.0,0.06698876547544849,"{""status"": ""ok""}"
control,threshold_survival,0.4,0,balanced_random_group,primary,128,0.046892135832813944,0.0,0.0,0.06698876547544849,"{""status"": ""ok""}"
control,threshold_survival,0.4,0,affinity_rank_group,primary,1,0.0,0.0,0.0,0.06698876547544849,"{""status"": ""ok""}"
control,threshold_survival,0.4,0,affinity_rank_group,primary,2,0.006698876547544849,0.0,0.0,0.06698876547544849,"{""status"": ""ok""}"
control,threshold_survival,0.4,0,affinity_rank_group,primary,3,0.010617468124818988,0.0,0.0,0.06698876547544849,"{""status"": ""ok""}"
control,threshold_survival,0.4,0,affinity_rank_group,primary,4,0.013397753095089698,0.0,0.0,0.06698876547544849,"{""status"": ""ok""}"
control,threshold_survival,0.4,0,affinity_rank_group,primary,6,0.01731634467236384,0.0,0.0,0.06698876547544849,"{""status"": ""ok""}"
control,threshold_survival,0.4,0,affinity_rank_group,primary,8,0.020096629642634548,0.0,0.0,0.06698876547544849,"{""status"": ""ok""}"
control,threshold_survival,0.4,0,affinity_rank_group,primary,12,0.02401522121990869,0.0,0.0,0.06698876547544849,"{""status"": ""ok""}"
control,threshold_survival,0.4,0,affinity_rank_group,primary,16,0.026795506190179397,0.0,0.0,0.06698876547544849,"{""status"": ""ok""}"
control,threshold_survival,0.4,0,affinity_rank_group,primary,24,0.030714097767453534,0.0,0.0,0.06698876547544849,"{""status"": ""ok""}"
control,threshold_survival,0.4,0,affinity_rank_group,primary,32,0.033494382737724246,0.0,0.0,0.06698876547544849,"{""status"": ""ok""}"
control,threshold_survival,0.4,0,affinity_rank_group,primary,48,0.03741297431499838,0.0,0.0,0.06698876547544849,"{""status"": ""ok""}"
control,threshold_survival,0.4,0,affinity_rank_group,primary,64,0.040193259285269095,0.0,0.0,0.06698876547544849,"{""status"": ""ok""}"
control,threshold_survival,0.4,0,affinity_rank_group,primary,96,0.04411185086254324,0.0,0.0,0.06698876547544849,"{""status"": ""ok""}"
control,threshold_survival,0.4,0,affinity_rank_group,primary,128,0.046892135832813944,0.0,0.0,0.06698876547544849,"{""status"": ""ok""}"
control,threshold_survival,0.4,0,prefix_group,primary,1,0.013397753095089698,0.0,0.0,0.06698876547544849,"{""status"": ""ok""}"
control,threshold_survival,0.4,0,prefix_group,primary,2,0.013397753095089698,0.0,0.0,0.06698876547544849,"{""status"": ""ok""}"
control,threshold_survival,0.4,0,prefix_group,primary,3,0.013397753095089698,0.0,0.0,0.06698876547544849,"{""status"": ""ok""}"
control,threshold_survival,0.4,0,prefix_group,primary,4,0.013397753095089698,0.0,0.0,0.06698876547544849,"{""status"": ""ok""}"
control,threshold_survival,0.4,0,prefix_group,primary,6,0.026795506190179397,0.0,0.0,0.06698876547544849,"{""status"": ""ok""}"
control,threshold_survival,0.4,0,prefix_group,primary,8,0.026795506190179397,0.0,0.0,0.06698876547544849,"{""status"": ""ok""}"
control,threshold_survival,0.4,0,prefix_group,primary,12,0.026795506190179397,0.0,0.0,0.06698876547544849,"{""status"": ""ok""}"
control,threshold_survival,0.4,0,prefix_group,primary,16,0.026795506190179397,0.0,0.0,0.06698876547544849,"{""status"": ""ok""}"
control,threshold_survival,0.4,0,prefix_group,primary,24,0.040193259285269095,0.0,0.0,0.06698876547544849,"{""status"": ""ok""}"
control,threshold_survival,0.4,0,prefix_group,primary,32,0.040193259285269095,0.0,0.0,0.06698876547544849,"{""status"": ""ok""}"
control,threshold_survival,0.4,0,prefix_group,primary,48,0.040193259285269095,0.0,0.0,0.06698876547544849,"{""status"": ""ok""}"
control,threshold_survival,0.4,0,prefix_group,primary,64,0.040193259285269095,0.0,0.0,0.06698876547544849,"{""status"": ""ok""}"
control,threshold_survival,0.4,0,prefix_group,primary,96,0.05359101238035879,0.0,0.0,0.06698876547544849,"{""status"": ""ok""}"
control,threshold_survival,0.4,0,prefix_group,primary,128,0.05359101238035879,0.0,0.0,0.06698876547544849,"{""status"": ""ok""}"
control,threshold_survival,0.4,0,kmeans_profile,diagnostic_function_preserving,1,0.0,0.0,0.0,0.06698876547544849,"{""diversity"": 0.0, ""k_used"": 1, ""status"": ""disabled_low_diversity""}"
control,threshold_survival,0.4,0,kmeans_profile,diagnostic_function_preserving,2,0.0,0.0,0.0,0.06698876547544849,"{""diversity"": 0.0, ""k_used"": 1, ""status"": ""disabled_low_diversity""}"
control,threshold_survival,0.4,0,kmeans_profile,diagnostic_function_preserving,3,0.0,0.0,0.0,0.06698876547544849,"{""diversity"": 0.0, ""k_used"": 1, ""status"": ""disabled_low_diversity""}"
control,threshold_survival,0.4,0,kmeans_profile,diagnostic_function_preserving,4,0.0,0.0,0.0,0.06698876547544849,"{""diversity"": 0.0, ""k_used"": 1, ""status"": ""disabled_low_diversity""}"
control,threshold_survival,0.4,0,kmeans_profile,diagnostic_function_preserving,6,0.0,0.0,0.0,0.06698876547544849,"{""diversity"": 0.0, ""k_used"": 1, ""status"": ""disabled_low_diversity""}"
control,threshold_survival,0.4,0,kmeans_profile,diagnostic_function_preserving,8,0.0,0.0,0.0,0.06698876547544849,"{""diversity"": 0.0, ""k_used"": 1, ""status"": ""disabled_low_diversity""}"
control,threshold_survival,0.4,0,kmeans_profile,diagnostic_function_preserving,12,0.0,0.0,0.0,0.06698876547544849,"{""diversity"": 0.0, ""k_used"": 1, ""status"": ""disabled_low_diversity""}"
control,threshold_survival,0.4,0,kmeans_profile,diagnostic_function_preserving,16,0.0,0.0,0.0,0.06698876547544849,"{""diversity"": 0.0, ""k_used"": 1, ""status"": ""disabled_low_diversity""}"
control,threshold_survival,0.4,0,kmeans_profile,diagnostic_function_preserving,24,0.0,0.0,0.0,0.06698876547544849,"{""diversity"": 0.0, ""k_used"": 1, ""status"": ""disabled_low_diversity""}"
control,threshold_survival,0.4,0,kmeans_profile,diagnostic_function_preserving,32,0.0,0.0,0.0,0.06698876547544849,"{""diversity"": 0.0, ""k_used"": 1, ""status"": ""disabled_low_diversity""}"
control,threshold_survival,0.4,0,kmeans_profile,diagnostic_function_preserving,48,0.0,0.0,0.0,0.06698876547544849,"{""diversity"": 0.0, ""k_used"": 1, ""status"": ""disabled_low_diversity""}"
control,threshold_survival,0.4,0,kmeans_profile,diagnostic_function_preserving,64,0.0,0.0,0.0,0.06698876547544849,"{""diversity"": 0.0, ""k_used"": 1, ""status"": ""disabled_low_diversity""}"
control,threshold_survival,0.4,0,kmeans_profile,diagnostic_function_preserving,96,0.0,0.0,0.0,0.06698876547544849,"{""diversity"": 0.0, ""k_used"": 1, ""status"": ""disabled_low_diversity""}"
control,threshold_survival,0.4,0,kmeans_profile,diagnostic_function_preserving,128,0.0,0.0,0.0,0.06698876547544849,"{""diversity"": 0.0, ""k_used"": 1, ""status"": ""disabled_low_diversity""}"
control,threshold_survival,0.4,1,balanced_random_group,primary,1,0.0,0.0,0.0,0.06777362674495593,"{""status"": ""ok""}"
control,threshold_survival,0.4,1,balanced_random_group,primary,2,0.006777362674495593,0.0,0.0,0.06777362674495593,"{""status"": ""ok""}"
control,threshold_survival,0.4,1,balanced_random_group,primary,3,0.010741865692862758,0.0,0.0,0.06777362674495593,"{""status"": ""ok""}"
control,threshold_survival,0.4,1,balanced_random_group,primary,4,0.013554725348991187,0.0,0.0,0.06777362674495593,"{""status"": ""ok""}"
control,threshold_survival,0.4,1,balanced_random_group,primary,6,0.017519228367358353,0.0,0.0,0.06777362674495593,"{""status"": ""ok""}"
control,threshold_survival,0.4,1,balanced_random_group,primary,8,0.02033208802348678,0.0,0.0,0.06777362674495593,"{""status"": ""ok""}"
control,threshold_survival,0.4,1,balanced_random_group,primary,12,0.024296591041853943,0.0,0.0,0.06777362674495593,"{""status"": ""ok""}"
control,threshold_survival,0.4,1,balanced_random_group,primary,16,0.027109450697982374,0.0,0.0,0.06777362674495593,"{""status"": ""ok""}"
control,threshold_survival,0.4,1,balanced_random_group,primary,24,0.031073953716349537,0.0,0.0,0.06777362674495593,"{""status"": ""ok""}"
control,threshold_survival,0.4,1,balanced_random_group,primary,32,0.03388681337247797,0.0,0.0,0.06777362674495593,"{""status"": ""ok""}"
control,threshold_survival,0.4,1,balanced_random_group,primary,48,0.03785131639084513,0.0,0.0,0.06777362674495593,"{""status"": ""ok""}"
control,threshold_survival,0.4,1,balanced_random_group,primary,64,0.04066417604697356,0.0,0.0,0.06777362674495593,"{""status"": ""ok""}"
control,threshold_survival,0.4,1,balanced_random_group,primary,96,0.04462867906534073,0.0,0.0,0.06777362674495593,"{""status"": ""ok""}"
control,threshold_survival,0.4,1,balanced_random_group,primary,128,0.047441538721469154,0.0,0.0,0.06777362674495593,"{""status"": ""ok""}"
control,threshold_survival,0.4,1,affinity_rank_group,primary,1,0.0,0.0,0.0,0.06777362674495593,"{""status"": ""ok""}"
control,threshold_survival,0.4,1,affinity_rank_group,primary,2,0.006777362674495593,0.0,0.0,0.06777362674495593,"{""status"": ""ok""}"
control,threshold_survival,0.4,1,affinity_rank_group,primary,3,0.010741865692862758,0.0,0.0,0.06777362674495593,"{""status"": ""ok""}"
control,threshold_survival,0.4,1,affinity_rank_group,primary,4,0.013554725348991187,0.0,0.0,0.06777362674495593,"{""status"": ""ok""}"
control,threshold_survival,0.4,1,affinity_rank_group,primary,6,0.017519228367358353,0.0,0.0,0.06777362674495593,"{""status"": ""ok""}"
control,threshold_survival,0.4,1,affinity_rank_group,primary,8,0.02033208802348678,0.0,0.0,0.06777362674495593,"{""status"": ""ok""}"
control,threshold_survival,0.4,1,affinity_rank_group,primary,12,0.024296591041853943,0.0,0.0,0.06777362674495593,"{""status"": ""ok""}"
control,threshold_survival,0.4,1,affinity_rank_group,primary,16,0.027109450697982374,0.0,0.0,0.06777362674495593,"{""status"": ""ok""}"
control,threshold_survival,0.4,1,affinity_rank_group,primary,24,0.031073953716349537,0.0,0.0,0.06777362674495593,"{""status"": ""ok""}"
control,threshold_survival,0.4,1,affinity_rank_group,primary,32,0.03388681337247797,0.0,0.0,0.06777362674495593,"{""status"": ""ok""}"
control,threshold_survival,0.4,1,affinity_rank_group,primary,48,0.03785131639084513,0.0,0.0,0.06777362674495593,"{""status"": ""ok""}"
control,threshold_survival,0.4,1,affinity_rank_group,primary,64,0.04066417604697356,0.0,0.0,0.06777362674495593,"{""status"": ""ok""}"
control,threshold_survival,0.4,1,affinity_rank_group,primary,96,0.04462867906534073,0.0,0.0,0.06777362674495593,"{""status"": ""ok""}"
control,threshold_survival,0.4,1,affinity_rank_group,primary,128,0.047441538721469154,0.0,0.0,0.06777362674495593,"{""status"": ""ok""}"
control,threshold_survival,0.4,1,prefix_group,primary,1,0.013554725348991187,0.0,0.0,0.06777362674495593,"{""status"": ""ok""}"
control,threshold_survival,0.4,1,prefix_group,primary,2,0.013554725348991187,0.0,0.0,0.06777362674495593,"{""status"": ""ok""}"
control,threshold_survival,0.4,1,prefix_group,primary,3,0.013554725348991187,0.0,0.0,0.06777362674495593,"{""status"": ""ok""}"
control,threshold_survival,0.4,1,prefix_group,primary,4,0.013554725348991187,0.0,0.0,0.06777362674495593,"{""status"": ""ok""}"
control,threshold_survival,0.4,1,prefix_group,primary,6,0.027109450697982374,0.0,0.0,0.06777362674495593,"{""status"": ""ok""}"
control,threshold_survival,0.4,1,prefix_group,primary,8,0.027109450697982374,0.0,0.0,0.06777362674495593,"{""status"": ""ok""}"
control,threshold_survival,0.4,1,prefix_group,primary,12,0.027109450697982374,0.0,0.0,0.06777362674495593,"{""status"": ""ok""}"
control,threshold_survival,0.4,1,prefix_group,primary,16,0.027109450697982374,0.0,0.0,0.06777362674495593,"{""status"": ""ok""}"
control,threshold_survival,0.4,1,prefix_group,primary,24,0.04066417604697356,0.0,0.0,0.06777362674495593,"{""status"": ""ok""}"
control,threshold_survival,0.4,1,prefix_group,primary,32,0.04066417604697356,0.0,0.0,0.06777362674495593,"{""status"": ""ok""}"
control,threshold_survival,0.4,1,prefix_group,primary,48,0.04066417604697356,0.0,0.0,0.06777362674495593,"{""status"": ""ok""}"
control,threshold_survival,0.4,1,prefix_group,primary,64,0.04066417604697356,0.0,0.0,0.06777362674495593,"{""status"": ""ok""}"
control,threshold_survival,0.4,1,prefix_group,primary,96,0.05421890139596475,0.0,0.0,0.06777362674495593,"{""status"": ""ok""}"
control,threshold_survival,0.4,1,prefix_group,primary,128,0.05421890139596475,0.0,0.0,0.06777362674495593,"{""status"": ""ok""}"
control,threshold_survival,0.4,1,kmeans_profile,diagnostic_function_preserving,1,0.0,0.0,0.0,0.06777362674495593,"{""diversity"": 0.0, ""k_used"": 1, ""status"": ""disabled_low_diversity""}"
control,threshold_survival,0.4,1,kmeans_profile,diagnostic_function_preserving,2,0.0,0.0,0.0,0.06777362674495593,"{""diversity"": 0.0, ""k_used"": 1, ""status"": ""disabled_low_diversity""}"
control,threshold_survival,0.4,1,kmeans_profile,diagnostic_function_preserving,3,0.0,0.0,0.0,0.06777362674495593,"{""diversity"": 0.0, ""k_used"": 1, ""status"": ""disabled_low_diversity""}"
control,threshold_survival,0.4,1,kmeans_profile,diagnostic_function_preserving,4,0.0,0.0,0.0,0.06777362674495593,"{""diversity"": 0.0, ""k_used"": 1, ""status"": ""disabled_low_diversity""}"
control,threshold_survival,0.4,1,kmeans_profile,diagnostic_function_preserving,6,0.0,0.0,0.0,0.06777362674495593,"{""diversity"": 0.0, ""k_used"": 1, ""status"": ""disabled_low_diversity""}"
control,threshold_survival,0.4,1,kmeans_profile,diagnostic_function_preserving,8,0.0,0.0,0.0,0.06777362674495593,"{""diversity"": 0.0, ""k_used"": 1, ""status"": ""disabled_low_diversity""}"
control,threshold_survival,0.4,1,kmeans_profile,diagnostic_function_preserving,12,0.0,0.0,0.0,0.06777362674495593,"{""diversity"": 0.0, ""k_used"": 1, ""status"": ""disabled_low_diversity""}"
control,threshold_survival,0.4,1,kmeans_profile,diagnostic_function_preserving,16,0.0,0.0,0.0,0.06777362674495593,"{""diversity"": 0.0, ""k_used"": 1, ""status"": ""disabled_low_diversity""}"
control,threshold_survival,0.4,1,kmeans_profile,diagnostic_function_preserving,24,0.0,0.0,0.0,0.06777362674495593,"{""diversity"": 0.0, ""k_used"": 1, ""status"": ""disabled_low_diversity""}"
control,threshold_survival,0.4,1,kmeans_profile,diagnostic_function_preserving,32,0.0,0.0,0.0,0.06777362674495593,"{""diversity"": 0.0, ""k_used"": 1, ""status"": ""disabled_low_diversity""}"
control,threshold_survival,0.4,1,kmeans_profile,diagnostic_function_preserving,48,0.0,0.0,0.0,0.06777362674495593,"{""diversity"": 0.0, ""k_used"": 1, ""status"": ""disabled_low_diversity""}"
control,threshold_survival,0.4,1,kmeans_profile,diagnostic_function_preserving,64,0.0,0.0,0.0,0.06777362674495593,"{""diversity"": 0.0, ""k_used"": 1, ""status"": ""disabled_low_diversity""}"
control,threshold_survival,0.4,1,kmeans_profile,diagnostic_function_preserving,96,0.0,0.0,0.0,0.06777362674495593,"{""diversity"": 0.0, ""k_used"": 1, ""status"": ""disabled_low_diversity""}"
control,threshold_survival,0.4,1,kmeans_profile,diagnostic_function_preserving,128,0.0,0.0,0.0,0.06777362674495593,"{""diversity"": 0.0, ""k_used"": 1, ""status"": ""disabled_low_diversity""}"
control,threshold_survival,0.4,2,balanced_random_group,primary,1,0.0,0.0,0.0,0.06891046744727103,"{""status"": ""ok""}"
control,threshold_survival,0.4,2,balanced_random_group,primary,2,0.006891046744727103,0.0,0.0,0.06891046744727103,"{""status"": ""ok""}"
control,threshold_survival,0.4,2,balanced_random_group,primary,3,0.01092205068110905,0.0,0.0,0.06891046744727103,"{""status"": ""ok""}"
control,threshold_survival,0.4,2,balanced_random_group,primary,4,0.013782093489454207,0.0,0.0,0.06891046744727103,"{""status"": ""ok""}"
control,threshold_survival,0.4,2,balanced_random_group,primary,6,0.017813097425836154,0.0,0.0,0.06891046744727103,"{""status"": ""ok""}"
control,threshold_survival,0.4,2,balanced_random_group,primary,8,0.02067314023418131,0.0,0.0,0.06891046744727103,"{""status"": ""ok""}"
control,threshold_survival,0.4,2,balanced_random_group,primary,12,0.024704144170563255,0.0,0.0,0.06891046744727103,"{""status"": ""ok""}"
control,threshold_survival,0.4,2,balanced_random_group,primary,16,0.027564186978908414,0.0,0.0,0.06891046744727103,"{""status"": ""ok""}"
control,threshold_survival,0.4,2,balanced_random_group,primary,24,0.03159519091529036,0.0,0.0,0.06891046744727103,"{""status"": ""ok""}"
control,threshold_survival,0.4,2,balanced_random_group,primary,32,0.034455233723635514,0.0,0.0,0.06891046744727103,"{""status"": ""ok""}"
control,threshold_survival,0.4,2,balanced_random_group,primary,48,0.03848623766001746,0.0,0.0,0.06891046744727103,"{""status"": ""ok""}"
control,threshold_survival,0.4,2,balanced_random_group,primary,64,0.04134628046836262,0.0,0.0,0.06891046744727103,"{""status"": ""ok""}"
control,threshold_survival,0.4,2,balanced_random_group,primary,96,0.04537728440474457,0.0,0.0,0.06891046744727103,"{""status"": ""ok""}"
control,threshold_survival,0.4,2,balanced_random_group,primary,128,0.048237327213089716,0.0,0.0,0.06891046744727103,"{""status"": ""ok""}"
control,threshold_survival,0.4,2,affinity_rank_group,primary,1,0.0,0.0,0.0,0.06891046744727103,"{""status"": ""ok""}"
control,threshold_survival,0.4,2,affinity_rank_group,primary,2,0.006891046744727103,0.0,0.0,0.06891046744727103,"{""status"": ""ok""}"
control,threshold_survival,0.4,2,affinity_rank_group,primary,3,0.01092205068110905,0.0,0.0,0.06891046744727103,"{""status"": ""ok""}"
control,threshold_survival,0.4,2,affinity_rank_group,primary,4,0.013782093489454207,0.0,0.0,0.06891046744727103,"{""status"": ""ok""}"
control,threshold_survival,0.4,2,affinity_rank_group,primary,6,0.017813097425836154,0.0,0.0,0.06891046744727103,"{""status"": ""ok""}"
control,threshold_survival,0.4,2,affinity_rank_group,primary,8,0.02067314023418131,0.0,0.0,0.06891046744727103,"{""status"": ""ok""}"
control,threshold_survival,0.4,2,affinity_rank_group,primary,12,0.024704144170563255,0.0,0.0,0.06891046744727103,"{""status"": ""ok""}"
control,threshold_survival,0.4,2,affinity_rank_group,primary,16,0.027564186978908414,0.0,0.0,0.06891046744727103,"{""status"": ""ok""}"
control,threshold_survival,0.4,2,affinity_rank_group,primary,24,0.03159519091529036,0.0,0.0,0.06891046744727103,"{""status"": ""ok""}"
control,threshold_survival,0.4,2,affinity_rank_group,primary,32,0.034455233723635514,0.0,0.0,0.06891046744727103,"{""status"": ""ok""}"
control,threshold_survival,0.4,2,affinity_rank_group,primary,48,0.03848623766001746,0.0,0.0,0.06891046744727103,"{""status"": ""ok""}"
control,threshold_survival,0.4,2,affinity_rank_group,primary,64,0.04134628046836262,0.0,0.0,0.06891046744727103,"{""status"": ""ok""}"
control,threshold_survival,0.4,2,affinity_rank_group,primary,96,0.04537728440474457,0.0,0.0,0.06891046744727103,"{""status"": ""ok""}"
control,threshold_survival,0.4,2,affinity_rank_group,primary,128,0.048237327213089716,0.0,0.0,0.06891046744727103,"{""status"": ""ok""}"
control,threshold_survival,0.4,2,prefix_group,primary,1,0.013782093489454207,0.0,0.0,0.06891046744727103,"{""status"": ""ok""}"
control,threshold_survival,0.4,2,prefix_group,primary,2,0.013782093489454207,0.0,0.0,0.06891046744727103,"{""status"": ""ok""}"
control,threshold_survival,0.4,2,prefix_group,primary,3,0.013782093489454207,0.0,0.0,0.06891046744727103,"{""status"": ""ok""}"
control,threshold_survival,0.4,2,prefix_group,primary,4,0.013782093489454207,0.0,0.0,0.06891046744727103,"{""status"": ""ok""}"
control,threshold_survival,0.4,2,prefix_group,primary,6,0.027564186978908414,0.0,0.0,0.06891046744727103,"{""status"": ""ok""}"
control,threshold_survival,0.4,2,prefix_group,primary,8,0.027564186978908414,0.0,0.0,0.06891046744727103,"{""status"": ""ok""}"
control,threshold_survival,0.4,2,prefix_group,primary,12,0.027564186978908414,0.0,0.0,0.06891046744727103,"{""status"": ""ok""}"
control,threshold_survival,0.4,2,prefix_group,primary,16,0.027564186978908414,0.0,0.0,0.06891046744727103,"{""status"": ""ok""}"
control,threshold_survival,0.4,2,prefix_group,primary,24,0.04134628046836262,0.0,0.0,0.06891046744727103,"{""status"": ""ok""}"
control,threshold_survival,0.4,2,prefix_group,primary,32,0.04134628046836262,0.0,0.0,0.06891046744727103,"{""status"": ""ok""}"
control,threshold_survival,0.4,2,prefix_group,primary,48,0.04134628046836262,0.0,0.0,0.06891046744727103,"{""status"": ""ok""}"
control,threshold_survival,0.4,2,prefix_group,primary,64,0.04134628046836262,0.0,0.0,0.06891046744727103,"{""status"": ""ok""}"
control,threshold_survival,0.4,2,prefix_group,primary,96,0.05512837395781683,0.0,0.0,0.06891046744727103,"{""status"": ""ok""}"
control,threshold_survival,0.4,2,prefix_group,primary,128,0.05512837395781683,0.0,0.0,0.06891046744727103,"{""status"": ""ok""}"
control,threshold_survival,0.4,2,kmeans_profile,diagnostic_function_preserving,1,0.0,0.0,0.0,0.06891046744727103,"{""diversity"": 0.0, ""k_used"": 1, ""status"": ""disabled_low_diversity""}"
control,threshold_survival,0.4,2,kmeans_profile,diagnostic_function_preserving,2,0.0,0.0,0.0,0.06891046744727103,"{""diversity"": 0.0, ""k_used"": 1, ""status"": ""disabled_low_diversity""}"
control,threshold_survival,0.4,2,kmeans_profile,diagnostic_function_preserving,3,0.0,0.0,0.0,0.06891046744727103,"{""diversity"": 0.0, ""k_used"": 1, ""status"": ""disabled_low_diversity""}"
control,threshold_survival,0.4,2,kmeans_profile,diagnostic_function_preserving,4,0.0,0.0,0.0,0.06891046744727103,"{""diversity"": 0.0, ""k_used"": 1, ""status"": ""disabled_low_diversity""}"
control,threshold_survival,0.4,2,kmeans_profile,diagnostic_function_preserving,6,0.0,0.0,0.0,0.06891046744727103,"{""diversity"": 0.0, ""k_used"": 1, ""status"": ""disabled_low_diversity""}"
control,threshold_survival,0.4,2,kmeans_profile,diagnostic_function_preserving,8,0.0,0.0,0.0,0.06891046744727103,"{""diversity"": 0.0, ""k_used"": 1, ""status"": ""disabled_low_diversity""}"
control,threshold_survival,0.4,2,kmeans_profile,diagnostic_function_preserving,12,0.0,0.0,0.0,0.06891046744727103,"{""diversity"": 0.0, ""k_used"": 1, ""status"": ""disabled_low_diversity""}"
control,threshold_survival,0.4,2,kmeans_profile,diagnostic_function_preserving,16,0.0,0.0,0.0,0.06891046744727103,"{""diversity"": 0.0, ""k_used"": 1, ""status"": ""disabled_low_diversity""}"
control,threshold_survival,0.4,2,kmeans_profile,diagnostic_function_preserving,24,0.0,0.0,0.0,0.06891046744727103,"{""diversity"": 0.0, ""k_used"": 1, ""status"": ""disabled_low_diversity""}"
control,threshold_survival,0.4,2,kmeans_profile,diagnostic_function_preserving,32,0.0,0.0,0.0,0.06891046744727103,"{""diversity"": 0.0, ""k_used"": 1, ""status"": ""disabled_low_diversity""}"
control,threshold_survival,0.4,2,kmeans_profile,diagnostic_function_preserving,48,0.0,0.0,0.0,0.06891046744727103,"{""diversity"": 0.0, ""k_used"": 1, ""status"": ""disabled_low_diversity""}"
control,threshold_survival,0.4,2,kmeans_profile,diagnostic_function_preserving,64,0.0,0.0,0.0,0.06891046744727103,"{""diversity"": 0.0, ""k_used"": 1, ""status"": ""disabled_low_diversity""}"
control,threshold_survival,0.4,2,kmeans_profile,diagnostic_function_preserving,96,0.0,0.0,0.0,0.06891046744727103,"{""diversity"": 0.0, ""k_used"": 1, ""status"": ""disabled_low_diversity""}"
control,threshold_survival,0.4,2,kmeans_profile,diagnostic_function_preserving,128,0.0,0.0,0.0,0.06891046744727103,"{""diversity"": 0.0, ""k_used"": 1, ""status"": ""disabled_low_diversity""}"
control,threshold_survival,0.4,3,balanced_random_group,primary,1,0.0,0.0,0.0,0.0730488409756723,"{""status"": ""ok""}"
control,threshold_survival,0.4,3,balanced_random_group,primary,2,0.00730488409756723,0.0,0.0,0.0730488409756723,"{""status"": ""ok""}"
control,threshold_survival,0.4,3,balanced_random_group,primary,3,0.011577967366758361,0.0,0.0,0.0730488409756723,"{""status"": ""ok""}"
control,threshold_survival,0.4,3,balanced_random_group,primary,4,0.01460976819513446,0.0,0.0,0.0730488409756723,"{""status"": ""ok""}"
control,threshold_survival,0.4,3,balanced_random_group,primary,6,0.018882851464325594,0.0,0.0,0.0730488409756723,"{""status"": ""ok""}"
control,threshold_survival,0.4,3,balanced_random_group,primary,8,0.02191465229270169,0.0,0.0,0.0730488409756723,"{""status"": ""ok""}"
control,threshold_survival,0.4,3,balanced_random_group,primary,12,0.02618773556189282,0.0,0.0,0.0730488409756723,"{""status"": ""ok""}"
control,threshold_survival,0.4,3,balanced_random_group,primary,16,0.02921953639026892,0.0,0.0,0.0730488409756723,"{""status"": ""ok""}"
control,threshold_survival,0.4,3,balanced_random_group,primary,24,0.03349261965946005,0.0,0.0,0.0730488409756723,"{""status"": ""ok""}"
control,threshold_survival,0.4,3,balanced_random_group,primary,32,0.03652442048783615,0.0,0.0,0.0730488409756723,"{""status"": ""ok""}"
control,threshold_survival,0.4,3,balanced_random_group,primary,48,0.04079750375702728,0.0,0.0,0.0730488409756723,"{""status"": ""ok""}"
control,threshold_survival,0.4,3,balanced_random_group,primary,64,0.04382930458540338,0.0,0.0,0.0730488409756723,"{""status"": ""ok""}"
control,threshold_survival,0.4,3,balanced_random_group,primary,96,0.04810238785459452,0.0,0.0,0.0730488409756723,"{""status"": ""ok""}"
control,threshold_survival,0.4,3,balanced_random_group,primary,128,0.05113418868297061,0.0,0.0,0.0730488409756723,"{""status"": ""ok""}"
control,threshold_survival,0.4,3,affinity_rank_group,primary,1,0.0,0.0,0.0,0.0730488409756723,"{""status"": ""ok""}"
control,threshold_survival,0.4,3,affinity_rank_group,primary,2,0.00730488409756723,0.0,0.0,0.0730488409756723,"{""status"": ""ok""}"
control,threshold_survival,0.4,3,affinity_rank_group,primary,3,0.011577967366758361,0.0,0.0,0.0730488409756723,"{""status"": ""ok""}"
control,threshold_survival,0.4,3,affinity_rank_group,primary,4,0.01460976819513446,0.0,0.0,0.0730488409756723,"{""status"": ""ok""}"
control,threshold_survival,0.4,3,affinity_rank_group,primary,6,0.018882851464325594,0.0,0.0,0.0730488409756723,"{""status"": ""ok""}"
control,threshold_survival,0.4,3,affinity_rank_group,primary,8,0.02191465229270169,0.0,0.0,0.0730488409756723,"{""status"": ""ok""}"
control,threshold_survival,0.4,3,affinity_rank_group,primary,12,0.02618773556189282,0.0,0.0,0.0730488409756723,"{""status"": ""ok""}"
control,threshold_survival,0.4,3,affinity_rank_group,primary,16,0.02921953639026892,0.0,0.0,0.0730488409756723,"{""status"": ""ok""}"
control,threshold_survival,0.4,3,affinity_rank_group,primary,24,0.03349261965946005,0.0,0.0,0.0730488409756723,"{""status"": ""ok""}"
control,threshold_survival,0.4,3,affinity_rank_group,primary,32,0.03652442048783615,0.0,0.0,0.0730488409756723,"{""status"": ""ok""}"
control,threshold_survival,0.4,3,affinity_rank_group,primary,48,0.04079750375702728,0.0,0.0,0.0730488409756723,"{""status"": ""ok""}"
control,threshold_survival,0.4,3,affinity_rank_group,primary,64,0.04382930458540338,0.0,0.0,0.0730488409756723,"{""status"": ""ok""}"
control,threshold_survival,0.4,3,affinity_rank_group,primary,96,0.04810238785459452,0.0,0.0,0.0730488409756723,"{""status"": ""ok""}"
control,threshold_survival,0.4,3,affinity_rank_group,primary,128,0.05113418868297061,0.0,0.0,0.0730488409756723,"{""status"": ""ok""}"
control,threshold_survival,0.4,3,prefix_group,primary,1,0.01460976819513446,0.0,0.0,0.0730488409756723,"{""status"": ""ok""}"
control,threshold_survival,0.4,3,prefix_group,primary,2,0.01460976819513446,0.0,0.0,0.0730488409756723,"{""status"": ""ok""}"
control,threshold_survival,0.4,3,prefix_group,primary,3,0.01460976819513446,0.0,0.0,0.0730488409756723,"{""status"": ""ok""}"
control,threshold_survival,0.4,3,prefix_group,primary,4,0.01460976819513446,0.0,0.0,0.0730488409756723,"{""status"": ""ok""}"
control,threshold_survival,0.4,3,prefix_group,primary,6,0.02921953639026892,0.0,0.0,0.0730488409756723,"{""status"": ""ok""}"
control,threshold_survival,0.4,3,prefix_group,primary,8,0.02921953639026892,0.0,0.0,0.0730488409756723,"{""status"": ""ok""}"
control,threshold_survival,0.4,3,prefix_group,primary,12,0.02921953639026892,0.0,0.0,0.0730488409756723,"{""status"": ""ok""}"
control,threshold_survival,0.4,3,prefix_group,primary,16,0.02921953639026892,0.0,0.0,0.0730488409756723,"{""status"": ""ok""}"
control,threshold_survival,0.4,3,prefix_group,primary,24,0.04382930458540338,0.0,0.0,0.0730488409756723,"{""status"": ""ok""}"
control,threshold_survival,0.4,3,prefix_group,primary,32,0.04382930458540338,0.0,0.0,0.0730488409756723,"{""status"": ""ok""}"
control,threshold_survival,0.4,3,prefix_group,primary,48,0.04382930458540338,0.0,0.0,0.0730488409756723,"{""status"": ""ok""}"
control,threshold_survival,0.4,3,prefix_group,primary,64,0.04382930458540338,0.0,0.0,0.0730488409756723,"{""status"": ""ok""}"
control,threshold_survival,0.4,3,prefix_group,primary,96,0.05843907278053784,0.0,0.0,0.0730488409756723,"{""status"": ""ok""}"
control,threshold_survival,0.4,3,prefix_group,primary,128,0.05843907278053784,0.0,0.0,0.0730488409756723,"{""status"": ""ok""}"
control,threshold_survival,0.4,3,kmeans_profile,diagnostic_function_preserving,1,0.0,0.0,0.0,0.0730488409756723,"{""diversity"": 0.0, ""k_used"": 1, ""status"": ""disabled_low_diversity""}"
control,threshold_survival,0.4,3,kmeans_profile,diagnostic_function_preserving,2,0.0,0.0,0.0,0.0730488409756723,"{""diversity"": 0.0, ""k_used"": 1, ""status"": ""disabled_low_diversity""}"
control,threshold_survival,0.4,3,kmeans_profile,diagnostic_function_preserving,3,0.0,0.0,0.0,0.0730488409756723,"{""diversity"": 0.0, ""k_used"": 1, ""status"": ""disabled_low_diversity""}"
control,threshold_survival,0.4,3,kmeans_profile,diagnostic_function_preserving,4,0.0,0.0,0.0,0.0730488409756723,"{""diversity"": 0.0, ""k_used"": 1, ""status"": ""disabled_low_diversity""}"
control,threshold_survival,0.4,3,kmeans_profile,diagnostic_function_preserving,6,0.0,0.0,0.0,0.0730488409756723,"{""diversity"": 0.0, ""k_used"": 1, ""status"": ""disabled_low_diversity""}"
control,threshold_survival,0.4,3,kmeans_profile,diagnostic_function_preserving,8,0.0,0.0,0.0,0.0730488409756723,"{""diversity"": 0.0, ""k_used"": 1, ""status"": ""disabled_low_diversity""}"
control,threshold_survival,0.4,3,kmeans_profile,diagnostic_function_preserving,12,0.0,0.0,0.0,0.0730488409756723,"{""diversity"": 0.0, ""k_used"": 1, ""status"": ""disabled_low_diversity""}"
control,threshold_survival,0.4,3,kmeans_profile,diagnostic_function_preserving,16,0.0,0.0,0.0,0.0730488409756723,"{""diversity"": 0.0, ""k_used"": 1, ""status"": ""disabled_low_diversity""}"
control,threshold_survival,0.4,3,kmeans_profile,diagnostic_function_preserving,24,0.0,0.0,0.0,0.0730488409756723,"{""diversity"": 0.0, ""k_used"": 1, ""status"": ""disabled_low_diversity""}"
control,threshold_survival,0.4,3,kmeans_profile,diagnostic_function_preserving,32,0.0,0.0,0.0,0.0730488409756723,"{""diversity"": 0.0, ""k_used"": 1, ""status"": ""disabled_low_diversity""}"
control,threshold_survival,0.4,3,kmeans_profile,diagnostic_function_preserving,48,0.0,0.0,0.0,0.0730488409756723,"{""diversity"": 0.0, ""k_used"": 1, ""status"": ""disabled_low_diversity""}"
control,threshold_survival,0.4,3,kmeans_profile,diagnostic_function_preserving,64,0.0,0.0,0.0,0.0730488409756723,"{""diversity"": 0.0, ""k_used"": 1, ""status"": ""disabled_low_diversity""}"
control,threshold_survival,0.4,3,kmeans_profile,diagnostic_function_preserving,96,0.0,0.0,0.0,0.0730488409756723,"{""diversity"": 0.0, ""k_used"": 1, ""status"": ""disabled_low_diversity""}"
control,threshold_survival,0.4,3,kmeans_profile,diagnostic_function_preserving,128,0.0,0.0,0.0,0.0730488409756723,"{""diversity"": 0.0, ""k_used"": 1, ""status"": ""disabled_low_diversity""}"
control,threshold_survival,0.4,4,balanced_random_group,primary,1,0.0,0.0,0.0,0.06938486172163774,"{""status"": ""ok""}"
control,threshold_survival,0.4,4,balanced_random_group,primary,2,0.006938486172163774,0.0,0.0,0.06938486172163774,"{""status"": ""ok""}"
control,threshold_survival,0.4,4,balanced_random_group,primary,3,0.010997240394651856,0.0,0.0,0.06938486172163774,"{""status"": ""ok""}"
control,threshold_survival,0.4,4,balanced_random_group,primary,4,0.013876972344327549,0.0,0.0,0.06938486172163774,"{""status"": ""ok""}"
control,threshold_survival,0.4,4,balanced_random_group,primary,6,0.01793572656681563,0.0,0.0,0.06938486172163774,"{""status"": ""ok""}"
control,threshold_survival,0.4,4,balanced_random_group,primary,8,0.02081545851649132,0.0,0.0,0.06938486172163774,"{""status"": ""ok""}"
control,threshold_survival,0.4,4,balanced_random_group,primary,12,0.024874212738979405,0.0,0.0,0.06938486172163774,"{""status"": ""ok""}"
control,threshold_survival,0.4,4,balanced_random_group,primary,16,0.027753944688655097,0.0,0.0,0.06938486172163774,"{""status"": ""ok""}"
control,threshold_survival,0.4,4,balanced_random_group,primary,24,0.031812698911143175,0.0,0.0,0.06938486172163774,"{""status"": ""ok""}"
control,threshold_survival,0.4,4,balanced_random_group,primary,32,0.03469243086081887,0.0,0.0,0.06938486172163774,"{""status"": ""ok""}"
control,threshold_survival,0.4,4,balanced_random_group,primary,48,0.03875118508330695,0.0,0.0,0.06938486172163774,"{""status"": ""ok""}"
control,threshold_survival,0.4,4,balanced_random_group,primary,64,0.04163091703298264,0.0,0.0,0.06938486172163774,"{""status"": ""ok""}"
control,threshold_survival,0.4,4,balanced_random_group,primary,96,0.04568967125547073,0.0,0.0,0.06938486172163774,"{""status"": ""ok""}"
control,threshold_survival,0.4,4,balanced_random_group,primary,128,0.04856940320514642,0.0,0.0,0.06938486172163774,"{""status"": ""ok""}"
control,threshold_survival,0.4,4,affinity_rank_group,primary,1,0.0,0.0,0.0,0.06938486172163774,"{""status"": ""ok""}"
control,threshold_survival,0.4,4,affinity_rank_group,primary,2,0.006938486172163774,0.0,0.0,0.06938486172163774,"{""status"": ""ok""}"
control,threshold_survival,0.4,4,affinity_rank_group,primary,3,0.010997240394651856,0.0,0.0,0.06938486172163774,"{""status"": ""ok""}"
control,threshold_survival,0.4,4,affinity_rank_group,primary,4,0.013876972344327549,0.0,0.0,0.06938486172163774,"{""status"": ""ok""}"
control,threshold_survival,0.4,4,affinity_rank_group,primary,6,0.01793572656681563,0.0,0.0,0.06938486172163774,"{""status"": ""ok""}"
control,threshold_survival,0.4,4,affinity_rank_group,primary,8,0.02081545851649132,0.0,0.0,0.06938486172163774,"{""status"": ""ok""}"
control,threshold_survival,0.4,4,affinity_rank_group,primary,12,0.024874212738979405,0.0,0.0,0.06938486172163774,"{""status"": ""ok""}"
control,threshold_survival,0.4,4,affinity_rank_group,primary,16,0.027753944688655097,0.0,0.0,0.06938486172163774,"{""status"": ""ok""}"
control,threshold_survival,0.4,4,affinity_rank_group,primary,24,0.031812698911143175,0.0,0.0,0.06938486172163774,"{""status"": ""ok""}"
control,threshold_survival,0.4,4,affinity_rank_group,primary,32,0.03469243086081887,0.0,0.0,0.06938486172163774,"{""status"": ""ok""}"
control,threshold_survival,0.4,4,affinity_rank_group,primary,48,0.03875118508330695,0.0,0.0,0.06938486172163774,"{""status"": ""ok""}"
control,threshold_survival,0.4,4,affinity_rank_group,primary,64,0.04163091703298264,0.0,0.0,0.06938486172163774,"{""status"": ""ok""}"
control,threshold_survival,0.4,4,affinity_rank_group,primary,96,0.04568967125547073,0.0,0.0,0.06938486172163774,"{""status"": ""ok""}"
control,threshold_survival,0.4,4,affinity_rank_group,primary,128,0.04856940320514642,0.0,0.0,0.06938486172163774,"{""status"": ""ok""}"
control,threshold_survival,0.4,4,prefix_group,primary,1,0.013876972344327549,0.0,0.0,0.06938486172163774,"{""status"": ""ok""}"
control,threshold_survival,0.4,4,prefix_group,primary,2,0.013876972344327549,0.0,0.0,0.06938486172163774,"{""status"": ""ok""}"
control,threshold_survival,0.4,4,prefix_group,primary,3,0.013876972344327549,0.0,0.0,0.06938486172163774,"{""status"": ""ok""}"
control,threshold_survival,0.4,4,prefix_group,primary,4,0.013876972344327549,0.0,0.0,0.06938486172163774,"{""status"": ""ok""}"
control,threshold_survival,0.4,4,prefix_group,primary,6,0.027753944688655097,0.0,0.0,0.06938486172163774,"{""status"": ""ok""}"
control,threshold_survival,0.4,4,prefix_group,primary,8,0.027753944688655097,0.0,0.0,0.06938486172163774,"{""status"": ""ok""}"
control,threshold_survival,0.4,4,prefix_group,primary,12,0.027753944688655097,0.0,0.0,0.06938486172163774,"{""status"": ""ok""}"
control,threshold_survival,0.4,4,prefix_group,primary,16,0.027753944688655097,0.0,0.0,0.06938486172163774,"{""status"": ""ok""}"
control,threshold_survival,0.4,4,prefix_group,primary,24,0.04163091703298264,0.0,0.0,0.06938486172163774,"{""status"": ""ok""}"
control,threshold_survival,0.4,4,prefix_group,primary,32,0.04163091703298264,0.0,0.0,0.06938486172163774,"{""status"": ""ok""}"
control,threshold_survival,0.4,4,prefix_group,primary,48,0.04163091703298264,0.0,0.0,0.06938486172163774,"{""status"": ""ok""}"
control,threshold_survival,0.4,4,prefix_group,primary,64,0.04163091703298264,0.0,0.0,0.06938486172163774,"{""status"": ""ok""}"
control,threshold_survival,0.4,4,prefix_group,primary,96,0.055507889377310195,0.0,0.0,0.06938486172163774,"{""status"": ""ok""}"
control,threshold_survival,0.4,4,prefix_group,primary,128,0.055507889377310195,0.0,0.0,0.06938486172163774,"{""status"": ""ok""}"
control,threshold_survival,0.4,4,kmeans_profile,diagnostic_function_preserving,1,0.0,0.0,0.0,0.06938486172163774,"{""diversity"": 0.0, ""k_used"": 1, ""status"": ""disabled_low_diversity""}"
control,threshold_survival,0.4,4,kmeans_profile,diagnostic_function_preserving,2,0.0,0.0,0.0,0.06938486172163774,"{""diversity"": 0.0, ""k_used"": 1, ""status"": ""disabled_low_diversity""}"
control,threshold_survival,0.4,4,kmeans_profile,diagnostic_function_preserving,3,0.0,0.0,0.0,0.06938486172163774,"{""diversity"": 0.0, ""k_used"": 1, ""status"": ""disabled_low_diversity""}"
control,threshold_survival,0.4,4,kmeans_profile,diagnostic_function_preserving,4,0.0,0.0,0.0,0.06938486172163774,"{""diversity"": 0.0, ""k_used"": 1, ""status"": ""disabled_low_diversity""}"
control,threshold_survival,0.4,4,kmeans_profile,diagnostic_function_preserving,6,0.0,0.0,0.0,0.06938486172163774,"{""diversity"": 0.0, ""k_used"": 1, ""status"": ""disabled_low_diversity""}"
control,threshold_survival,0.4,4,kmeans_profile,diagnostic_function_preserving,8,0.0,0.0,0.0,0.06938486172163774,"{""diversity"": 0.0, ""k_used"": 1, ""status"": ""disabled_low_diversity""}"
control,threshold_survival,0.4,4,kmeans_profile,diagnostic_function_preserving,12,0.0,0.0,0.0,0.06938486172163774,"{""diversity"": 0.0, ""k_used"": 1, ""status"": ""disabled_low_diversity""}"
control,threshold_survival,0.4,4,kmeans_profile,diagnostic_function_preserving,16,0.0,0.0,0.0,0.06938486172163774,"{""diversity"": 0.0, ""k_used"": 1, ""status"": ""disabled_low_diversity""}"
control,threshold_survival,0.4,4,kmeans_profile,diagnostic_function_preserving,24,0.0,0.0,0.0,0.06938486172163774,"{""diversity"": 0.0, ""k_used"": 1, ""status"": ""disabled_low_diversity""}"
control,threshold_survival,0.4,4,kmeans_profile,diagnostic_function_preserving,32,0.0,0.0,0.0,0.06938486172163774,"{""diversity"": 0.0, ""k_used"": 1, ""status"": ""disabled_low_diversity""}"
control,threshold_survival,0.4,4,kmeans_profile,diagnostic_function_preserving,48,0.0,0.0,0.0,0.06938486172163774,"{""diversity"": 0.0, ""k_used"": 1, ""status"": ""disabled_low_diversity""}"
control,threshold_survival,0.4,4,kmeans_profile,diagnostic_function_preserving,64,0.0,0.0,0.0,0.06938486172163774,"{""diversity"": 0.0, ""k_used"": 1, ""status"": ""disabled_low_diversity""}"
control,threshold_survival,0.4,4,kmeans_profile,diagnostic_function_preserving,96,0.0,0.0,0.0,0.06938486172163774,"{""diversity"": 0.0, ""k_used"": 1, ""status"": ""disabled_low_diversity""}"
control,threshold_survival,0.4,4,kmeans_profile,diagnostic_function_preserving,128,0.0,0.0,0.0,0.06938486172163774,"{""diversity"": 0.0, ""k_used"": 1, ""status"": ""disabled_low_diversity""}"
control,threshold_survival,0.4,5,balanced_random_group,primary,1,0.0,0.0,0.0,0.06626589139696608,"{""status"": ""ok""}"
control,threshold_survival,0.4,5,balanced_random_group,primary,2,0.006626589139696608,0.0,0.0,0.06626589139696608,"{""status"": ""ok""}"
control,threshold_survival,0.4,5,balanced_random_group,primary,3,0.01050289529410519,0.0,0.0,0.06626589139696608,"{""status"": ""ok""}"
control,threshold_survival,0.4,5,balanced_random_group,primary,4,0.013253178279393216,0.0,0.0,0.06626589139696608,"{""status"": ""ok""}"
control,threshold_survival,0.4,5,balanced_random_group,primary,6,0.0171294844338018,0.0,0.0,0.06626589139696608,"{""status"": ""ok""}"
control,threshold_survival,0.4,5,balanced_random_group,primary,8,0.01987976741908982,0.0,0.0,0.06626589139696608,"{""status"": ""ok""}"
control,threshold_survival,0.4,5,balanced_random_group,primary,12,0.023756073573498404,0.0,0.0,0.06626589139696608,"{""status"": ""ok""}"
control,threshold_survival,0.4,5,balanced_random_group,primary,16,0.026506356558786432,0.0,0.0,0.06626589139696608,"{""status"": ""ok""}"
control,threshold_survival,0.4,5,balanced_random_group,primary,24,0.03038266271319501,0.0,0.0,0.06626589139696608,"{""status"": ""ok""}"
control,threshold_survival,0.4,5,balanced_random_group,primary,32,0.03313294569848304,0.0,0.0,0.06626589139696608,"{""status"": ""ok""}"
control,threshold_survival,0.4,5,balanced_random_group,primary,48,0.03700925185289162,0.0,0.0,0.06626589139696608,"{""status"": ""ok""}"
control,threshold_survival,0.4,5,balanced_random_group,primary,64,0.03975953483817964,0.0,0.0,0.06626589139696608,"{""status"": ""ok""}"
control,threshold_survival,0.4,5,balanced_random_group,primary,96,0.04363584099258823,0.0,0.0,0.06626589139696608,"{""status"": ""ok""}"
control,threshold_survival,0.4,5,balanced_random_group,primary,128,0.046386123977876254,0.0,0.0,0.06626589139696608,"{""status"": ""ok""}"
control,threshold_survival,0.4,5,affinity_rank_group,primary,1,0.0,0.0,0.0,0.06626589139696608,"{""status"": ""ok""}"
control,threshold_survival,0.4,5,affinity_rank_group,primary,2,0.006626589139696608,0.0,0.0,0.06626589139696608,"{""status"": ""ok""}"
control,threshold_survival,0.4,5,affinity_rank_group,primary,3,0.01050289529410519,0.0,0.0,0.06626589139696608,"{""status"": ""ok""}"
control,threshold_survival,0.4,5,affinity_rank_group,primary,4,0.013253178279393216,0.0,0.0,0.06626589139696608,"{""status"": ""ok""}"
control,threshold_survival,0.4,5,affinity_rank_group,primary,6,0.0171294844338018,0.0,0.0,0.06626589139696608,"{""status"": ""ok""}"
control,threshold_survival,0.4,5,affinity_rank_group,primary,8,0.01987976741908982,0.0,0.0,0.06626589139696608,"{""status"": ""ok""}"
control,threshold_survival,0.4,5,affinity_rank_group,primary,12,0.023756073573498404,0.0,0.0,0.06626589139696608,"{""status"": ""ok""}"
control,threshold_survival,0.4,5,affinity_rank_group,primary,16,0.026506356558786432,0.0,0.0,0.06626589139696608,"{""status"": ""ok""}"
control,threshold_survival,0.4,5,affinity_rank_group,primary,24,0.03038266271319501,0.0,0.0,0.06626589139696608,"{""status"": ""ok""}"
control,threshold_survival,0.4,5,affinity_rank_group,primary,32,0.03313294569848304,0.0,0.0,0.06626589139696608,"{""status"": ""ok""}"
control,threshold_survival,0.4,5,affinity_rank_group,primary,48,0.03700925185289162,0.0,0.0,0.06626589139696608,"{""status"": ""ok""}"
control,threshold_survival,0.4,5,affinity_rank_group,primary,64,0.03975953483817964,0.0,0.0,0.06626589139696608,"{""status"": ""ok""}"
control,threshold_survival,0.4,5,affinity_rank_group,primary,96,0.04363584099258823,0.0,0.0,0.06626589139696608,"{""status"": ""ok""}"
control,threshold_survival,0.4,5,affinity_rank_group,primary,128,0.046386123977876254,0.0,0.0,0.06626589139696608,"{""status"": ""ok""}"
control,threshold_survival,0.4,5,prefix_group,primary,1,0.013253178279393216,0.0,0.0,0.06626589139696608,"{""status"": ""ok""}"
control,threshold_survival,0.4,5,prefix_group,primary,2,0.013253178279393216,0.0,0.0,0.06626589139696608,"{""status"": ""ok""}"
control,threshold_survival,0.4,5,prefix_group,primary,3,0.013253178279393216,0.0,0.0,0.06626589139696608,"{""status"": ""ok""}"
control,threshold_survival,0.4,5,prefix_group,primary,4,0.013253178279393216,0.0,0.0,0.06626589139696608,"{""status"": ""ok""}"
control,threshold_survival,0.4,5,prefix_group,primary,6,0.026506356558786432,0.0,0.0,0.06626589139696608,"{""status"": ""ok""}"
control,threshold_survival,0.4,5,prefix_group,primary,8,0.026506356558786432,0.0,0.0,0.06626589139696608,"{""status"": ""ok""}"
control,threshold_survival,0.4,5,prefix_group,primary,12,0.026506356558786432,0.0,0.0,0.06626589139696608,"{""status"": ""ok""}"
control,threshold_survival,0.4,5,prefix_group,primary,16,0.026506356558786432,0.0,0.0,0.06626589139696608,"{""status"": ""ok""}"
control,threshold_survival,0.4,5,prefix_group,primary,24,0.03975953483817964,0.0,0.0,0.06626589139696608,"{""status"": ""ok""}"
control,threshold_survival,0.4,5,prefix_group,primary,32,0.03975953483817964,0.0,0.0,0.06626589139696608,"{""status"": ""ok""}"
control,threshold_survival,0.4,5,prefix_group,primary,48,0.03975953483817964,0.0,0.0,0.06626589139696608,"{""status"": ""ok""}"
control,threshold_survival,0.4,5,prefix_group,primary,64,0.03975953483817964,0.0,0.0,0.06626589139696608,"{""status"": ""ok""}"
control,threshold_survival,0.4,5,prefix_group,primary,96,0.053012713117572864,0.0,0.0,0.06626589139696608,"{""status"": ""ok""}"
control,threshold_survival,0.4,5,prefix_group,primary,128,0.053012713117572864,0.0,0.0,0.06626589139696608,"{""status"": ""ok""}"
control,threshold_survival,0.4,5,kmeans_profile,diagnostic_function_preserving,1,0.0,0.0,0.0,0.06626589139696608,"{""diversity"": 0.0, ""k_used"": 1, ""status"": ""disabled_low_diversity""}"
control,threshold_survival,0.4,5,kmeans_profile,diagnostic_function_preserving,2,0.0,0.0,0.0,0.06626589139696608,"{""diversity"": 0.0, ""k_used"": 1, ""status"": ""disabled_low_diversity""}"
control,threshold_survival,0.4,5,kmeans_profile,diagnostic_function_preserving,3,0.0,0.0,0.0,0.06626589139696608,"{""diversity"": 0.0, ""k_used"": 1, ""status"": ""disabled_low_diversity""}"
control,threshold_survival,0.4,5,kmeans_profile,diagnostic_function_preserving,4,0.0,0.0,0.0,0.06626589139696608,"{""diversity"": 0.0, ""k_used"": 1, ""status"": ""disabled_low_diversity""}"
control,threshold_survival,0.4,5,kmeans_profile,diagnostic_function_preserving,6,0.0,0.0,0.0,0.06626589139696608,"{""diversity"": 0.0, ""k_used"": 1, ""status"": ""disabled_low_diversity""}"
control,threshold_survival,0.4,5,kmeans_profile,diagnostic_function_preserving,8,0.0,0.0,0.0,0.06626589139696608,"{""diversity"": 0.0, ""k_used"": 1, ""status"": ""disabled_low_diversity""}"
control,threshold_survival,0.4,5,kmeans_profile,diagnostic_function_preserving,12,0.0,0.0,0.0,0.06626589139696608,"{""diversity"": 0.0, ""k_used"": 1, ""status"": ""disabled_low_diversity""}"
control,threshold_survival,0.4,5,kmeans_profile,diagnostic_function_preserving,16,0.0,0.0,0.0,0.06626589139696608,"{""diversity"": 0.0, ""k_used"": 1, ""status"": ""disabled_low_diversity""}"
control,threshold_survival,0.4,5,kmeans_profile,diagnostic_function_preserving,24,0.0,0.0,0.0,0.06626589139696608,"{""diversity"": 0.0, ""k_used"": 1, ""status"": ""disabled_low_diversity""}"
control,threshold_survival,0.4,5,kmeans_profile,diagnostic_function_preserving,32,0.0,0.0,0.0,0.06626589139696608,"{""diversity"": 0.0, ""k_used"": 1, ""status"": ""disabled_low_diversity""}"
control,threshold_survival,0.4,5,kmeans_profile,diagnostic_function_preserving,48,0.0,0.0,0.0,0.06626589139696608,"{""diversity"": 0.0, ""k_used"": 1, ""status"": ""disabled_low_diversity""}"
control,threshold_survival,0.4,5,kmeans_profile,diagnostic_function_preserving,64,0.0,0.0,0.0,0.06626589139696608,"{""diversity"": 0.0, ""k_used"": 1, ""status"": ""disabled_low_diversity""}"
control,threshold_survival,0.4,5,kmeans_profile,diagnostic_function_preserving,96,0.0,0.0,0.0,0.06626589139696608,"{""diversity"": 0.0, ""k_used"": 1, ""status"": ""disabled_low_diversity""}"
control,threshold_survival,0.4,5,kmeans_profile,diagnostic_function_preserving,128,0.0,0.0,0.0,0.06626589139696608,"{""diversity"": 0.0, ""k_used"": 1, ""status"": ""disabled_low_diversity""}"
control,threshold_survival,0.4,6,balanced_random_group,primary,1,0.0,0.0,0.0,0.07388746508165153,"{""status"": ""ok""}"
control,threshold_survival,0.4,6,balanced_random_group,primary,2,0.007388746508165154,0.0,0.0,0.07388746508165153,"{""status"": ""ok""}"
control,threshold_survival,0.4,6,balanced_random_group,primary,3,0.01171088614277615,0.0,0.0,0.07388746508165153,"{""status"": ""ok""}"
control,threshold_survival,0.4,6,balanced_random_group,primary,4,0.014777493016330308,0.0,0.0,0.07388746508165153,"{""status"": ""ok""}"
control,threshold_survival,0.4,6,balanced_random_group,primary,6,0.019099632650941306,0.0,0.0,0.07388746508165153,"{""status"": ""ok""}"
control,threshold_survival,0.4,6,balanced_random_group,primary,8,0.022166239524495458,0.0,0.0,0.07388746508165153,"{""status"": ""ok""}"
control,threshold_survival,0.4,6,balanced_random_group,primary,12,0.026488379159106457,0.0,0.0,0.07388746508165153,"{""status"": ""ok""}"
control,threshold_survival,0.4,6,balanced_random_group,primary,16,0.029554986032660616,0.0,0.0,0.07388746508165153,"{""status"": ""ok""}"
control,threshold_survival,0.4,6,balanced_random_group,primary,24,0.03387712566727161,0.0,0.0,0.07388746508165153,"{""status"": ""ok""}"
control,threshold_survival,0.4,6,balanced_random_group,primary,32,0.036943732540825766,0.0,0.0,0.07388746508165153,"{""status"": ""ok""}"
control,threshold_survival,0.4,6,balanced_random_group,primary,48,0.04126587217543676,0.0,0.0,0.07388746508165153,"{""status"": ""ok""}"
control,threshold_survival,0.4,6,balanced_random_group,primary,64,0.044332479048990917,0.0,0.0,0.07388746508165153,"{""status"": ""ok""}"
control,threshold_survival,0.4,6,balanced_random_group,primary,96,0.04865461868360192,0.0,0.0,0.07388746508165153,"{""status"": ""ok""}"
control,threshold_survival,0.4,6,balanced_random_group,primary,128,0.05172122555715607,0.0,0.0,0.07388746508165153,"{""status"": ""ok""}"
control,threshold_survival,0.4,6,affinity_rank_group,primary,1,0.0,0.0,0.0,0.07388746508165153,"{""status"": ""ok""}"
control,threshold_survival,0.4,6,affinity_rank_group,primary,2,0.007388746508165154,0.0,0.0,0.07388746508165153,"{""status"": ""ok""}"
control,threshold_survival,0.4,6,affinity_rank_group,primary,3,0.01171088614277615,0.0,0.0,0.07388746508165153,"{""status"": ""ok""}"
control,threshold_survival,0.4,6,affinity_rank_group,primary,4,0.014777493016330308,0.0,0.0,0.07388746508165153,"{""status"": ""ok""}"
control,threshold_survival,0.4,6,affinity_rank_group,primary,6,0.019099632650941306,0.0,0.0,0.07388746508165153,"{""status"": ""ok""}"
control,threshold_survival,0.4,6,affinity_rank_group,primary,8,0.022166239524495458,0.0,0.0,0.07388746508165153,"{""status"": ""ok""}"
control,threshold_survival,0.4,6,affinity_rank_group,primary,12,0.026488379159106457,0.0,0.0,0.07388746508165153,"{""status"": ""ok""}"
control,threshold_survival,0.4,6,affinity_rank_group,primary,16,0.029554986032660616,0.0,0.0,0.07388746508165153,"{""status"": ""ok""}"
control,threshold_survival,0.4,6,affinity_rank_group,primary,24,0.03387712566727161,0.0,0.0,0.07388746508165153,"{""status"": ""ok""}"
control,threshold_survival,0.4,6,affinity_rank_group,primary,32,0.036943732540825766,0.0,0.0,0.07388746508165153,"{""status"": ""ok""}"
control,threshold_survival,0.4,6,affinity_rank_group,primary,48,0.04126587217543676,0.0,0.0,0.07388746508165153,"{""status"": ""ok""}"
control,threshold_survival,0.4,6,affinity_rank_group,primary,64,0.044332479048990917,0.0,0.0,0.07388746508165153,"{""status"": ""ok""}"
control,threshold_survival,0.4,6,affinity_rank_group,primary,96,0.04865461868360192,0.0,0.0,0.07388746508165153,"{""status"": ""ok""}"
control,threshold_survival,0.4,6,affinity_rank_group,primary,128,0.05172122555715607,0.0,0.0,0.07388746508165153,"{""status"": ""ok""}"
control,threshold_survival,0.4,6,prefix_group,primary,1,0.014777493016330308,0.0,0.0,0.07388746508165153,"{""status"": ""ok""}"
control,threshold_survival,0.4,6,prefix_group,primary,2,0.014777493016330308,0.0,0.0,0.07388746508165153,"{""status"": ""ok""}"
control,threshold_survival,0.4,6,prefix_group,primary,3,0.014777493016330308,0.0,0.0,0.07388746508165153,"{""status"": ""ok""}"
control,threshold_survival,0.4,6,prefix_group,primary,4,0.014777493016330308,0.0,0.0,0.07388746508165153,"{""status"": ""ok""}"
control,threshold_survival,0.4,6,prefix_group,primary,6,0.029554986032660616,0.0,0.0,0.07388746508165153,"{""status"": ""ok""}"
control,threshold_survival,0.4,6,prefix_group,primary,8,0.029554986032660616,0.0,0.0,0.07388746508165153,"{""status"": ""ok""}"
control,threshold_survival,0.4,6,prefix_group,primary,12,0.029554986032660616,0.0,0.0,0.07388746508165153,"{""status"": ""ok""}"
control,threshold_survival,0.4,6,prefix_group,primary,16,0.029554986032660616,0.0,0.0,0.07388746508165153,"{""status"": ""ok""}"
control,threshold_survival,0.4,6,prefix_group,primary,24,0.044332479048990917,0.0,0.0,0.07388746508165153,"{""status"": ""ok""}"
control,threshold_survival,0.4,6,prefix_group,primary,32,0.044332479048990917,0.0,0.0,0.07388746508165153,"{""status"": ""ok""}"
control,threshold_survival,0.4,6,prefix_group,primary,48,0.044332479048990917,0.0,0.0,0.07388746508165153,"{""status"": ""ok""}"
control,threshold_survival,0.4,6,prefix_group,primary,64,0.044332479048990917,0.0,0.0,0.07388746508165153,"{""status"": ""ok""}"
control,threshold_survival,0.4,6,prefix_group,primary,96,0.05910997206532123,0.0,0.0,0.07388746508165153,"{""status"": ""ok""}"
control,threshold_survival,0.4,6,prefix_group,primary,128,0.05910997206532123,0.0,0.0,0.07388746508165153,"{""status"": ""ok""}"
control,threshold_survival,0.4,6,kmeans_profile,diagnostic_function_preserving,1,0.0,0.0,0.0,0.07388746508165153,"{""diversity"": 0.0, ""k_used"": 1, ""status"": ""disabled_low_diversity""}"
control,threshold_survival,0.4,6,kmeans_profile,diagnostic_function_preserving,2,0.0,0.0,0.0,0.07388746508165153,"{""diversity"": 0.0, ""k_used"": 1, ""status"": ""disabled_low_diversity""}"
control,threshold_survival,0.4,6,kmeans_profile,diagnostic_function_preserving,3,0.0,0.0,0.0,0.07388746508165153,"{""diversity"": 0.0, ""k_used"": 1, ""status"": ""disabled_low_diversity""}"
control,threshold_survival,0.4,6,kmeans_profile,diagnostic_function_preserving,4,0.0,0.0,0.0,0.07388746508165153,"{""diversity"": 0.0, ""k_used"": 1, ""status"": ""disabled_low_diversity""}"
control,threshold_survival,0.4,6,kmeans_profile,diagnostic_function_preserving,6,0.0,0.0,0.0,0.07388746508165153,"{""diversity"": 0.0, ""k_used"": 1, ""status"": ""disabled_low_diversity""}"
control,threshold_survival,0.4,6,kmeans_profile,diagnostic_function_preserving,8,0.0,0.0,0.0,0.07388746508165153,"{""diversity"": 0.0, ""k_used"": 1, ""status"": ""disabled_low_diversity""}"
control,threshold_survival,0.4,6,kmeans_profile,diagnostic_function_preserving,12,0.0,0.0,0.0,0.07388746508165153,"{""diversity"": 0.0, ""k_used"": 1, ""status"": ""disabled_low_diversity""}"
control,threshold_survival,0.4,6,kmeans_profile,diagnostic_function_preserving,16,0.0,0.0,0.0,0.07388746508165153,"{""diversity"": 0.0, ""k_used"": 1, ""status"": ""disabled_low_diversity""}"
control,threshold_survival,0.4,6,kmeans_profile,diagnostic_function_preserving,24,0.0,0.0,0.0,0.07388746508165153,"{""diversity"": 0.0, ""k_used"": 1, ""status"": ""disabled_low_diversity""}"
control,threshold_survival,0.4,6,kmeans_profile,diagnostic_function_preserving,32,0.0,0.0,0.0,0.07388746508165153,"{""diversity"": 0.0, ""k_used"": 1, ""status"": ""disabled_low_diversity""}"
control,threshold_survival,0.4,6,kmeans_profile,diagnostic_function_preserving,48,0.0,0.0,0.0,0.07388746508165153,"{""diversity"": 0.0, ""k_used"": 1, ""status"": ""disabled_low_diversity""}"
control,threshold_survival,0.4,6,kmeans_profile,diagnostic_function_preserving,64,0.0,0.0,0.0,0.07388746508165153,"{""diversity"": 0.0, ""k_used"": 1, ""status"": ""disabled_low_diversity""}"
control,threshold_survival,0.4,6,kmeans_profile,diagnostic_function_preserving,96,0.0,0.0,0.0,0.07388746508165153,"{""diversity"": 0.0, ""k_used"": 1, ""status"": ""disabled_low_diversity""}"
control,threshold_survival,0.4,6,kmeans_profile,diagnostic_function_preserving,128,0.0,0.0,0.0,0.07388746508165153,"{""diversity"": 0.0, ""k_used"": 1, ""status"": ""disabled_low_diversity""}"
control,threshold_survival,0.4,7,balanced_random_group,primary,1,0.0,0.0,0.0,0.070788382074092,"{""status"": ""ok""}"
control,threshold_survival,0.4,7,balanced_random_group,primary,2,0.0070788382074092,0.0,0.0,0.070788382074092,"{""status"": ""ok""}"
control,threshold_survival,0.4,7,balanced_random_group,primary,3,0.01121969310741575,0.0,0.0,0.070788382074092,"{""status"": ""ok""}"
control,threshold_survival,0.4,7,balanced_random_group,primary,4,0.0141576764148184,0.0,0.0,0.070788382074092,"{""status"": ""ok""}"
control,threshold_survival,0.4,7,balanced_random_group,primary,6,0.01829853131482495,0.0,0.0,0.070788382074092,"{""status"": ""ok""}"
control,threshold_survival,0.4,7,balanced_random_group,primary,8,0.021236514622227597,0.0,0.0,0.070788382074092,"{""status"": ""ok""}"
control,threshold_survival,0.4,7,balanced_random_group,primary,12,0.02537736952223415,0.0,0.0,0.070788382074092,"{""status"": ""ok""}"
control,threshold_survival,0.4,7,balanced_random_group,primary,16,0.0283153528296368,0.0,0.0,0.070788382074092,"{""status"": ""ok""}"
control,threshold_survival,0.4,7,balanced_random_group,primary,24,0.03245620772964335,0.0,0.0,0.070788382074092,"{""status"": ""ok""}"
control,threshold_survival,0.4,7,balanced_random_group,primary,32,0.035394191037046,0.0,0.0,0.070788382074092,"{""status"": ""ok""}"
control,threshold_survival,0.4,7,balanced_random_group,primary,48,0.039535045937052544,0.0,0.0,0.070788382074092,"{""status"": ""ok""}"
control,threshold_survival,0.4,7,balanced_random_group,primary,64,0.042473029244455195,0.0,0.0,0.070788382074092,"{""status"": ""ok""}"
control,threshold_survival,0.4,7,balanced_random_group,primary,96,0.04661388414446175,0.0,0.0,0.070788382074092,"{""status"": ""ok""}"
control,threshold_survival,0.4,7,balanced_random_group,primary,128,0.04955186745186439,0.0,0.0,0.070788382074092,"{""status"": ""ok""}"
control,threshold_survival,0.4,7,affinity_rank_group,primary,1,0.0,0.0,0.0,0.070788382074092,"{""status"": ""ok""}"
control,threshold_survival,0.4,7,affinity_rank_group,primary,2,0.0070788382074092,0.0,0.0,0.070788382074092,"{""status"": ""ok""}"
control,threshold_survival,0.4,7,affinity_rank_group,primary,3,0.01121969310741575,0.0,0.0,0.070788382074092,"{""status"": ""ok""}"
control,threshold_survival,0.4,7,affinity_rank_group,primary,4,0.0141576764148184,0.0,0.0,0.070788382074092,"{""status"": ""ok""}"
control,threshold_survival,0.4,7,affinity_rank_group,primary,6,0.01829853131482495,0.0,0.0,0.070788382074092,"{""status"": ""ok""}"
control,threshold_survival,0.4,7,affinity_rank_group,primary,8,0.021236514622227597,0.0,0.0,0.070788382074092,"{""status"": ""ok""}"
control,threshold_survival,0.4,7,affinity_rank_group,primary,12,0.02537736952223415,0.0,0.0,0.070788382074092,"{""status"": ""ok""}"
control,threshold_survival,0.4,7,affinity_rank_group,primary,16,0.0283153528296368,0.0,0.0,0.070788382074092,"{""status"": ""ok""}"
control,threshold_survival,0.4,7,affinity_rank_group,primary,24,0.03245620772964335,0.0,0.0,0.070788382074092,"{""status"": ""ok""}"
control,threshold_survival,0.4,7,affinity_rank_group,primary,32,0.035394191037046,0.0,0.0,0.070788382074092,"{""status"": ""ok""}"
control,threshold_survival,0.4,7,affinity_rank_group,primary,48,0.039535045937052544,0.0,0.0,0.070788382074092,"{""status"": ""ok""}"
control,threshold_survival,0.4,7,affinity_rank_group,primary,64,0.042473029244455195,0.0,0.0,0.070788382074092,"{""status"": ""ok""}"
control,threshold_survival,0.4,7,affinity_rank_group,primary,96,0.04661388414446175,0.0,0.0,0.070788382074092,"{""status"": ""ok""}"
control,threshold_survival,0.4,7,affinity_rank_group,primary,128,0.04955186745186439,0.0,0.0,0.070788382074092,"{""status"": ""ok""}"
control,threshold_survival,0.4,7,prefix_group,primary,1,0.0141576764148184,0.0,0.0,0.070788382074092,"{""status"": ""ok""}"
control,threshold_survival,0.4,7,prefix_group,primary,2,0.0141576764148184,0.0,0.0,0.070788382074092,"{""status"": ""ok""}"
control,threshold_survival,0.4,7,prefix_group,primary,3,0.0141576764148184,0.0,0.0,0.070788382074092,"{""status"": ""ok""}"
control,threshold_survival,0.4,7,prefix_group,primary,4,0.0141576764148184,0.0,0.0,0.070788382074092,"{""status"": ""ok""}"
control,threshold_survival,0.4,7,prefix_group,primary,6,0.0283153528296368,0.0,0.0,0.070788382074092,"{""status"": ""ok""}"
control,threshold_survival,0.4,7,prefix_group,primary,8,0.0283153528296368,0.0,0.0,0.070788382074092,"{""status"": ""ok""}"
control,threshold_survival,0.4,7,prefix_group,primary,12,0.0283153528296368,0.0,0.0,0.070788382074092,"{""status"": ""ok""}"
control,threshold_survival,0.4,7,prefix_group,primary,16,0.0283153528296368,0.0,0.0,0.070788382074092,"{""status"": ""ok""}"
control,threshold_survival,0.4,7,prefix_group,primary,24,0.042473029244455195,0.0,0.0,0.070788382074092,"{""status"": ""ok""}"
control,threshold_survival,0.4,7,prefix_group,primary,32,0.042473029244455195,0.0,0.0,0.070788382074092,"{""status"": ""ok""}"
control,threshold_survival,0.4,7,prefix_group,primary,48,0.042473029244455195,0.0,0.0,0.070788382074092,"{""status"": ""ok""}"
control,threshold_survival,0.4,7,prefix_group,primary,64,0.042473029244455195,0.0,0.0,0.070788382074092,"{""status"": ""ok""}"
control,threshold_survival,0.4,7,prefix_group,primary,96,0.0566307056592736,0.0,0.0,0.070788382074092,"{""status"": ""ok""}"
control,threshold_survival,0.4,7,prefix_group,primary,128,0.0566307056592736,0.0,0.0,0.070788382074092,"{""status"": ""ok""}"
control,threshold_survival,0.4,7,kmeans_profile,diagnostic_function_preserving,1,0.0,0.0,0.0,0.070788382074092,"{""diversity"": 0.0, ""k_used"": 1, ""status"": ""disabled_low_diversity""}"
control,threshold_survival,0.4,7,kmeans_profile,diagnostic_function_preserving,2,0.0,0.0,0.0,0.070788382074092,"{""diversity"": 0.0, ""k_used"": 1, ""status"": ""disabled_low_diversity""}"
control,threshold_survival,0.4,7,kmeans_profile,diagnostic_function_preserving,3,0.0,0.0,0.0,0.070788382074092,"{""diversity"": 0.0, ""k_used"": 1, ""status"": ""disabled_low_diversity""}"
control,threshold_survival,0.4,7,kmeans_profile,diagnostic_function_preserving,4,0.0,0.0,0.0,0.070788382074092,"{""diversity"": 0.0, ""k_used"": 1, ""status"": ""disabled_low_diversity""}"
control,threshold_survival,0.4,7,kmeans_profile,diagnostic_function_preserving,6,0.0,0.0,0.0,0.070788382074092,"{""diversity"": 0.0, ""k_used"": 1, ""status"": ""disabled_low_diversity""}"
control,threshold_survival,0.4,7,kmeans_profile,diagnostic_function_preserving,8,0.0,0.0,0.0,0.070788382074092,"{""diversity"": 0.0, ""k_used"": 1, ""status"": ""disabled_low_diversity""}"
control,threshold_survival,0.4,7,kmeans_profile,diagnostic_function_preserving,12,0.0,0.0,0.0,0.070788382074092,"{""diversity"": 0.0, ""k_used"": 1, ""status"": ""disabled_low_diversity""}"
control,threshold_survival,0.4,7,kmeans_profile,diagnostic_function_preserving,16,0.0,0.0,0.0,0.070788382074092,"{""diversity"": 0.0, ""k_used"": 1, ""status"": ""disabled_low_diversity""}"
control,threshold_survival,0.4,7,kmeans_profile,diagnostic_function_preserving,24,0.0,0.0,0.0,0.070788382074092,"{""diversity"": 0.0, ""k_used"": 1, ""status"": ""disabled_low_diversity""}"
control,threshold_survival,0.4,7,kmeans_profile,diagnostic_function_preserving,32,0.0,0.0,0.0,0.070788382074092,"{""diversity"": 0.0, ""k_used"": 1, ""status"": ""disabled_low_diversity""}"
control,threshold_survival,0.4,7,kmeans_profile,diagnostic_function_preserving,48,0.0,0.0,0.0,0.070788382074092,"{""diversity"": 0.0, ""k_used"": 1, ""status"": ""disabled_low_diversity""}"
control,threshold_survival,0.4,7,kmeans_profile,diagnostic_function_preserving,64,0.0,0.0,0.0,0.070788382074092,"{""diversity"": 0.0, ""k_used"": 1, ""status"": ""disabled_low_diversity""}"
control,threshold_survival,0.4,7,kmeans_profile,diagnostic_function_preserving,96,0.0,0.0,0.0,0.070788382074092,"{""diversity"": 0.0, ""k_used"": 1, ""status"": ""disabled_low_diversity""}"
control,threshold_survival,0.4,7,kmeans_profile,diagnostic_function_preserving,128,0.0,0.0,0.0,0.070788382074092,"{""diversity"": 0.0, ""k_used"": 1, ""status"": ""disabled_low_diversity""}"
control,threshold_survival,0.4,8,balanced_random_group,primary,1,0.0,0.0,0.0,0.07289494074800446,"{""status"": ""ok""}"
control,threshold_survival,0.4,8,balanced_random_group,primary,2,0.007289494074800446,0.0,0.0,0.07289494074800446,"{""status"": ""ok""}"
control,threshold_survival,0.4,8,balanced_random_group,primary,3,0.011553574757787764,0.0,0.0,0.07289494074800446,"{""status"": ""ok""}"
control,threshold_survival,0.4,8,balanced_random_group,primary,4,0.014578988149600892,0.0,0.0,0.07289494074800446,"{""status"": ""ok""}"
control,threshold_survival,0.4,8,balanced_random_group,primary,6,0.01884306883258821,0.0,0.0,0.07289494074800446,"{""status"": ""ok""}"
control,threshold_survival,0.4,8,balanced_random_group,primary,8,0.021868482224401336,0.0,0.0,0.07289494074800446,"{""status"": ""ok""}"
control,threshold_survival,0.4,8,balanced_random_group,primary,12,0.026132562907388655,0.0,0.0,0.07289494074800446,"{""status"": ""ok""}"
control,threshold_survival,0.4,8,balanced_random_group,primary,16,0.029157976299201784,0.0,0.0,0.07289494074800446,"{""status"": ""ok""}"
control,threshold_survival,0.4,8,balanced_random_group,primary,24,0.0334220569821891,0.0,0.0,0.07289494074800446,"{""status"": ""ok""}"
control,threshold_survival,0.4,8,balanced_random_group,primary,32,0.03644747037400223,0.0,0.0,0.07289494074800446,"{""status"": ""ok""}"
control,threshold_survival,0.4,8,balanced_random_group,primary,48,0.040711551056989544,0.0,0.0,0.07289494074800446,"{""status"": ""ok""}"
control,threshold_survival,0.4,8,balanced_random_group,primary,64,0.04373696444880267,0.0,0.0,0.07289494074800446,"{""status"": ""ok""}"
control,threshold_survival,0.4,8,balanced_random_group,primary,96,0.048001045131789995,0.0,0.0,0.07289494074800446,"{""status"": ""ok""}"
control,threshold_survival,0.4,8,balanced_random_group,primary,128,0.051026458523603116,0.0,0.0,0.07289494074800446,"{""status"": ""ok""}"
control,threshold_survival,0.4,8,affinity_rank_group,primary,1,0.0,0.0,0.0,0.07289494074800446,"{""status"": ""ok""}"
control,threshold_survival,0.4,8,affinity_rank_group,primary,2,0.007289494074800446,0.0,0.0,0.07289494074800446,"{""status"": ""ok""}"
control,threshold_survival,0.4,8,affinity_rank_group,primary,3,0.011553574757787764,0.0,0.0,0.07289494074800446,"{""status"": ""ok""}"
control,threshold_survival,0.4,8,affinity_rank_group,primary,4,0.014578988149600892,0.0,0.0,0.07289494074800446,"{""status"": ""ok""}"
control,threshold_survival,0.4,8,affinity_rank_group,primary,6,0.01884306883258821,0.0,0.0,0.07289494074800446,"{""status"": ""ok""}"
control,threshold_survival,0.4,8,affinity_rank_group,primary,8,0.021868482224401336,0.0,0.0,0.07289494074800446,"{""status"": ""ok""}"
control,threshold_survival,0.4,8,affinity_rank_group,primary,12,0.026132562907388655,0.0,0.0,0.07289494074800446,"{""status"": ""ok""}"
control,threshold_survival,0.4,8,affinity_rank_group,primary,16,0.029157976299201784,0.0,0.0,0.07289494074800446,"{""status"": ""ok""}"
control,threshold_survival,0.4,8,affinity_rank_group,primary,24,0.0334220569821891,0.0,0.0,0.07289494074800446,"{""status"": ""ok""}"
control,threshold_survival,0.4,8,affinity_rank_group,primary,32,0.03644747037400223,0.0,0.0,0.07289494074800446,"{""status"": ""ok""}"
control,threshold_survival,0.4,8,affinity_rank_group,primary,48,0.040711551056989544,0.0,0.0,0.07289494074800446,"{""status"": ""ok""}"
control,threshold_survival,0.4,8,affinity_rank_group,primary,64,0.04373696444880267,0.0,0.0,0.07289494074800446,"{""status"": ""ok""}"
control,threshold_survival,0.4,8,affinity_rank_group,primary,96,0.048001045131789995,0.0,0.0,0.07289494074800446,"{""status"": ""ok""}"
control,threshold_survival,0.4,8,affinity_rank_group,primary,128,0.051026458523603116,0.0,0.0,0.07289494074800446,"{""status"": ""ok""}"
control,threshold_survival,0.4,8,prefix_group,primary,1,0.014578988149600892,0.0,0.0,0.07289494074800446,"{""status"": ""ok""}"
control,threshold_survival,0.4,8,prefix_group,primary,2,0.014578988149600892,0.0,0.0,0.07289494074800446,"{""status"": ""ok""}"
control,threshold_survival,0.4,8,prefix_group,primary,3,0.014578988149600892,0.0,0.0,0.07289494074800446,"{""status"": ""ok""}"
control,threshold_survival,0.4,8,prefix_group,primary,4,0.014578988149600892,0.0,0.0,0.07289494074800446,"{""status"": ""ok""}"
control,threshold_survival,0.4,8,prefix_group,primary,6,0.029157976299201784,0.0,0.0,0.07289494074800446,"{""status"": ""ok""}"
control,threshold_survival,0.4,8,prefix_group,primary,8,0.029157976299201784,0.0,0.0,0.07289494074800446,"{""status"": ""ok""}"
control,threshold_survival,0.4,8,prefix_group,primary,12,0.029157976299201784,0.0,0.0,0.07289494074800446,"{""status"": ""ok""}"
control,threshold_survival,0.4,8,prefix_group,primary,16,0.029157976299201784,0.0,0.0,0.07289494074800446,"{""status"": ""ok""}"
control,threshold_survival,0.4,8,prefix_group,primary,24,0.04373696444880267,0.0,0.0,0.07289494074800446,"{""status"": ""ok""}"
control,threshold_survival,0.4,8,prefix_group,primary,32,0.04373696444880267,0.0,0.0,0.07289494074800446,"{""status"": ""ok""}"
control,threshold_survival,0.4,8,prefix_group,primary,48,0.04373696444880267,0.0,0.0,0.07289494074800446,"{""status"": ""ok""}"
control,threshold_survival,0.4,8,prefix_group,primary,64,0.04373696444880267,0.0,0.0,0.07289494074800446,"{""status"": ""ok""}"
control,threshold_survival,0.4,8,prefix_group,primary,96,0.05831595259840357,0.0,0.0,0.07289494074800446,"{""status"": ""ok""}"
control,threshold_survival,0.4,8,prefix_group,primary,128,0.05831595259840357,0.0,0.0,0.07289494074800446,"{""status"": ""ok""}"
control,threshold_survival,0.4,8,kmeans_profile,diagnostic_function_preserving,1,0.0,0.0,0.0,0.07289494074800446,"{""diversity"": 0.0, ""k_used"": 1, ""status"": ""disabled_low_diversity""}"
control,threshold_survival,0.4,8,kmeans_profile,diagnostic_function_preserving,2,0.0,0.0,0.0,0.07289494074800446,"{""diversity"": 0.0, ""k_used"": 1, ""status"": ""disabled_low_diversity""}"
control,threshold_survival,0.4,8,kmeans_profile,diagnostic_function_preserving,3,0.0,0.0,0.0,0.07289494074800446,"{""diversity"": 0.0, ""k_used"": 1, ""status"": ""disabled_low_diversity""}"
control,threshold_survival,0.4,8,kmeans_profile,diagnostic_function_preserving,4,0.0,0.0,0.0,0.07289494074800446,"{""diversity"": 0.0, ""k_used"": 1, ""status"": ""disabled_low_diversity""}"
control,threshold_survival,0.4,8,kmeans_profile,diagnostic_function_preserving,6,0.0,0.0,0.0,0.07289494074800446,"{""diversity"": 0.0, ""k_used"": 1, ""status"": ""disabled_low_diversity""}"
control,threshold_survival,0.4,8,kmeans_profile,diagnostic_function_preserving,8,0.0,0.0,0.0,0.07289494074800446,"{""diversity"": 0.0, ""k_used"": 1, ""status"": ""disabled_low_diversity""}"
control,threshold_survival,0.4,8,kmeans_profile,diagnostic_function_preserving,12,0.0,0.0,0.0,0.07289494074800446,"{""diversity"": 0.0, ""k_used"": 1, ""status"": ""disabled_low_diversity""}"
control,threshold_survival,0.4,8,kmeans_profile,diagnostic_function_preserving,16,0.0,0.0,0.0,0.07289494074800446,"{""diversity"": 0.0, ""k_used"": 1, ""status"": ""disabled_low_diversity""}"
control,threshold_survival,0.4,8,kmeans_profile,diagnostic_function_preserving,24,0.0,0.0,0.0,0.07289494074800446,"{""diversity"": 0.0, ""k_used"": 1, ""status"": ""disabled_low_diversity""}"
control,threshold_survival,0.4,8,kmeans_profile,diagnostic_function_preserving,32,0.0,0.0,0.0,0.07289494074800446,"{""diversity"": 0.0, ""k_used"": 1, ""status"": ""disabled_low_diversity""}"
control,threshold_survival,0.4,8,kmeans_profile,diagnostic_function_preserving,48,0.0,0.0,0.0,0.07289494074800446,"{""diversity"": 0.0, ""k_used"": 1, ""status"": ""disabled_low_diversity""}"
control,threshold_survival,0.4,8,kmeans_profile,diagnostic_function_preserving,64,0.0,0.0,0.0,0.07289494074800446,"{""diversity"": 0.0, ""k_used"": 1, ""status"": ""disabled_low_diversity""}"
control,threshold_survival,0.4,8,kmeans_profile,diagnostic_function_preserving,96,0.0,0.0,0.0,0.07289494074800446,"{""diversity"": 0.0, ""k_used"": 1, ""status"": ""disabled_low_diversity""}"
control,threshold_survival,0.4,8,kmeans_profile,diagnostic_function_preserving,128,0.0,0.0,0.0,0.07289494074800446,"{""diversity"": 0.0, ""k_used"": 1, ""status"": ""disabled_low_diversity""}"
control,threshold_survival,0.4,9,balanced_random_group,primary,1,0.0,0.0,0.0,0.0695448617734826,"{""status"": ""ok""}"
control,threshold_survival,0.4,9,balanced_random_group,primary,2,0.00695448617734826,0.0,0.0,0.0695448617734826,"{""status"": ""ok""}"
control,threshold_survival,0.4,9,balanced_random_group,primary,3,0.01102259980288061,0.0,0.0,0.0695448617734826,"{""status"": ""ok""}"
control,threshold_survival,0.4,9,balanced_random_group,primary,4,0.01390897235469652,0.0,0.0,0.0695448617734826,"{""status"": ""ok""}"
control,threshold_survival,0.4,9,balanced_random_group,primary,6,0.01797708598022887,0.0,0.0,0.0695448617734826,"{""status"": ""ok""}"
control,threshold_survival,0.4,9,balanced_random_group,primary,8,0.020863458532044778,0.0,0.0,0.0695448617734826,"{""status"": ""ok""}"
control,threshold_survival,0.4,9,balanced_random_group,primary,12,0.02493157215757713,0.0,0.0,0.0695448617734826,"{""status"": ""ok""}"
control,threshold_survival,0.4,9,balanced_random_group,primary,16,0.02781794470939304,0.0,0.0,0.0695448617734826,"{""status"": ""ok""}"
control,threshold_survival,0.4,9,balanced_random_group,primary,24,0.03188605833492539,0.0,0.0,0.0695448617734826,"{""status"": ""ok""}"
control,threshold_survival,0.4,9,balanced_random_group,primary,32,0.0347724308867413,0.0,0.0,0.0695448617734826,"{""status"": ""ok""}"
control,threshold_survival,0.4,9,balanced_random_group,primary,48,0.038840544512273645,0.0,0.0,0.0695448617734826,"{""status"": ""ok""}"
control,threshold_survival,0.4,9,balanced_random_group,primary,64,0.041726917064089555,0.0,0.0,0.0695448617734826,"{""status"": ""ok""}"
control,threshold_survival,0.4,9,balanced_random_group,primary,96,0.045795030689621916,0.0,0.0,0.0695448617734826,"{""status"": ""ok""}"
control,threshold_survival,0.4,9,balanced_random_group,primary,128,0.04868140324143781,0.0,0.0,0.0695448617734826,"{""status"": ""ok""}"
control,threshold_survival,0.4,9,affinity_rank_group,primary,1,0.0,0.0,0.0,0.0695448617734826,"{""status"": ""ok""}"
control,threshold_survival,0.4,9,affinity_rank_group,primary,2,0.00695448617734826,0.0,0.0,0.0695448617734826,"{""status"": ""ok""}"
control,threshold_survival,0.4,9,affinity_rank_group,primary,3,0.01102259980288061,0.0,0.0,0.0695448617734826,"{""status"": ""ok""}"
control,threshold_survival,0.4,9,affinity_rank_group,primary,4,0.01390897235469652,0.0,0.0,0.0695448617734826,"{""status"": ""ok""}"
control,threshold_survival,0.4,9,affinity_rank_group,primary,6,0.01797708598022887,0.0,0.0,0.0695448617734826,"{""status"": ""ok""}"
control,threshold_survival,0.4,9,affinity_rank_group,primary,8,0.020863458532044778,0.0,0.0,0.0695448617734826,"{""status"": ""ok""}"
control,threshold_survival,0.4,9,affinity_rank_group,primary,12,0.02493157215757713,0.0,0.0,0.0695448617734826,"{""status"": ""ok""}"
control,threshold_survival,0.4,9,affinity_rank_group,primary,16,0.02781794470939304,0.0,0.0,0.0695448617734826,"{""status"": ""ok""}"
control,threshold_survival,0.4,9,affinity_rank_group,primary,24,0.03188605833492539,0.0,0.0,0.0695448617734826,"{""status"": ""ok""}"
control,threshold_survival,0.4,9,affinity_rank_group,primary,32,0.0347724308867413,0.0,0.0,0.0695448617734826,"{""status"": ""ok""}"
control,threshold_survival,0.4,9,affinity_rank_group,primary,48,0.038840544512273645,0.0,0.0,0.0695448617734826,"{""status"": ""ok""}"
control,threshold_survival,0.4,9,affinity_rank_group,primary,64,0.041726917064089555,0.0,0.0,0.0695448617734826,"{""status"": ""ok""}"
control,threshold_survival,0.4,9,affinity_rank_group,primary,96,0.045795030689621916,0.0,0.0,0.0695448617734826,"{""status"": ""ok""}"
control,threshold_survival,0.4,9,affinity_rank_group,primary,128,0.04868140324143781,0.0,0.0,0.0695448617734826,"{""status"": ""ok""}"
control,threshold_survival,0.4,9,prefix_group,primary,1,0.01390897235469652,0.0,0.0,0.0695448617734826,"{""status"": ""ok""}"
control,threshold_survival,0.4,9,prefix_group,primary,2,0.01390897235469652,0.0,0.0,0.0695448617734826,"{""status"": ""ok""}"
control,threshold_survival,0.4,9,prefix_group,primary,3,0.01390897235469652,0.0,0.0,0.0695448617734826,"{""status"": ""ok""}"
control,threshold_survival,0.4,9,prefix_group,primary,4,0.01390897235469652,0.0,0.0,0.0695448617734826,"{""status"": ""ok""}"
control,threshold_survival,0.4,9,prefix_group,primary,6,0.02781794470939304,0.0,0.0,0.0695448617734826,"{""status"": ""ok""}"
control,threshold_survival,0.4,9,prefix_group,primary,8,0.02781794470939304,0.0,0.0,0.0695448617734826,"{""status"": ""ok""}"
control,threshold_survival,0.4,9,prefix_group,primary,12,0.02781794470939304,0.0,0.0,0.0695448617734826,"{""status"": ""ok""}"
control,threshold_survival,0.4,9,prefix_group,primary,16,0.02781794470939304,0.0,0.0,0.0695448617734826,"{""status"": ""ok""}"
control,threshold_survival,0.4,9,prefix_group,primary,24,0.041726917064089555,0.0,0.0,0.0695448617734826,"{""status"": ""ok""}"
control,threshold_survival,0.4,9,prefix_group,primary,32,0.041726917064089555,0.0,0.0,0.0695448617734826,"{""status"": ""ok""}"
control,threshold_survival,0.4,9,prefix_group,primary,48,0.041726917064089555,0.0,0.0,0.0695448617734826,"{""status"": ""ok""}"
control,threshold_survival,0.4,9,prefix_group,primary,64,0.041726917064089555,0.0,0.0,0.0695448617734826,"{""status"": ""ok""}"
control,threshold_survival,0.4,9,prefix_group,primary,96,0.05563588941878608,0.0,0.0,0.0695448617734826,"{""status"": ""ok""}"
control,threshold_survival,0.4,9,prefix_group,primary,128,0.05563588941878608,0.0,0.0,0.0695448617734826,"{""status"": ""ok""}"
control,threshold_survival,0.4,9,kmeans_profile,diagnostic_function_preserving,1,0.0,0.0,0.0,0.0695448617734826,"{""diversity"": 0.0, ""k_used"": 1, ""status"": ""disabled_low_diversity""}"
control,threshold_survival,0.4,9,kmeans_profile,diagnostic_function_preserving,2,0.0,0.0,0.0,0.0695448617734826,"{""diversity"": 0.0, ""k_used"": 1, ""status"": ""disabled_low_diversity""}"
control,threshold_survival,0.4,9,kmeans_profile,diagnostic_function_preserving,3,0.0,0.0,0.0,0.0695448617734826,"{""diversity"": 0.0, ""k_used"": 1, ""status"": ""disabled_low_diversity""}"
control,threshold_survival,0.4,9,kmeans_profile,diagnostic_function_preserving,4,0.0,0.0,0.0,0.0695448617734826,"{""diversity"": 0.0, ""k_used"": 1, ""status"": ""disabled_low_diversity""}"
control,threshold_survival,0.4,9,kmeans_profile,diagnostic_function_preserving,6,0.0,0.0,0.0,0.0695448617734826,"{""diversity"": 0.0, ""k_used"": 1, ""status"": ""disabled_low_diversity""}"
control,threshold_survival,0.4,9,kmeans_profile,diagnostic_function_preserving,8,0.0,0.0,0.0,0.0695448617734826,"{""diversity"": 0.0, ""k_used"": 1, ""status"": ""disabled_low_diversity""}"
control,threshold_survival,0.4,9,kmeans_profile,diagnostic_function_preserving,12,0.0,0.0,0.0,0.0695448617734826,"{""diversity"": 0.0, ""k_used"": 1, ""status"": ""disabled_low_diversity""}"
control,threshold_survival,0.4,9,kmeans_profile,diagnostic_function_preserving,16,0.0,0.0,0.0,0.0695448617734826,"{""diversity"": 0.0, ""k_used"": 1, ""status"": ""disabled_low_diversity""}"
control,threshold_survival,0.4,9,kmeans_profile,diagnostic_function_preserving,24,0.0,0.0,0.0,0.0695448617734826,"{""diversity"": 0.0, ""k_used"": 1, ""status"": ""disabled_low_diversity""}"
control,threshold_survival,0.4,9,kmeans_profile,diagnostic_function_preserving,32,0.0,0.0,0.0,0.0695448617734826,"{""diversity"": 0.0, ""k_used"": 1, ""status"": ""disabled_low_diversity""}"
control,threshold_survival,0.4,9,kmeans_profile,diagnostic_function_preserving,48,0.0,0.0,0.0,0.0695448617734826,"{""diversity"": 0.0, ""k_used"": 1, ""status"": ""disabled_low_diversity""}"
control,threshold_survival,0.4,9,kmeans_profile,diagnostic_function_preserving,64,0.0,0.0,0.0,0.0695448617734826,"{""diversity"": 0.0, ""k_used"": 1, ""status"": ""disabled_low_diversity""}"
control,threshold_survival,0.4,9,kmeans_profile,diagnostic_function_preserving,96,0.0,0.0,0.0,0.0695448617734826,"{""diversity"": 0.0, ""k_used"": 1, ""status"": ""disabled_low_diversity""}"
control,threshold_survival,0.4,9,kmeans_profile,diagnostic_function_preserving,128,0.0,0.0,0.0,0.0695448617734826,"{""diversity"": 0.0, ""k_used"": 1, ""status"": ""disabled_low_diversity""}"
control,threshold_survival,0.4,10,balanced_random_group,primary,1,0.0,0.0,0.0,0.06977381029245408,"{""status"": ""ok""}"
control,threshold_survival,0.4,10,balanced_random_group,primary,2,0.0069773810292454086,0.0,0.0,0.06977381029245408,"{""status"": ""ok""}"
control,threshold_survival,0.4,10,balanced_random_group,primary,3,0.011058887284597155,0.0,0.0,0.06977381029245408,"{""status"": ""ok""}"
control,threshold_survival,0.4,10,balanced_random_group,primary,4,0.013954762058490817,0.0,0.0,0.06977381029245408,"{""status"": ""ok""}"
control,threshold_survival,0.4,10,balanced_random_group,primary,6,0.018036268313842564,0.0,0.0,0.06977381029245408,"{""status"": ""ok""}"
control,threshold_survival,0.4,10,balanced_random_group,primary,8,0.020932143087736225,0.0,0.0,0.06977381029245408,"{""status"": ""ok""}"
control,threshold_survival,0.4,10,balanced_random_group,primary,12,0.02501364934308797,0.0,0.0,0.06977381029245408,"{""status"": ""ok""}"
control,threshold_survival,0.4,10,balanced_random_group,primary,16,0.027909524116981634,0.0,0.0,0.06977381029245408,"{""status"": ""ok""}"
control,threshold_survival,0.4,10,balanced_random_group,primary,24,0.031991030372333376,0.0,0.0,0.06977381029245408,"{""status"": ""ok""}"
control,threshold_survival,0.4,10,balanced_random_group,primary,32,0.03488690514622704,0.0,0.0,0.06977381029245408,"{""status"": ""ok""}"
control,threshold_survival,0.4,10,balanced_random_group,primary,48,0.038968411401578786,0.0,0.0,0.06977381029245408,"{""status"": ""ok""}"
control,threshold_survival,0.4,10,balanced_random_group,primary,64,0.04186428617547245,0.0,0.0,0.06977381029245408,"{""status"": ""ok""}"
control,threshold_survival,0.4,10,balanced_random_group,primary,96,0.0459457924308242,0.0,0.0,0.06977381029245408,"{""status"": ""ok""}"
control,threshold_survival,0.4,10,balanced_random_group,primary,128,0.04884166720471785,0.0,0.0,0.06977381029245408,"{""status"": ""ok""}"
control,threshold_survival,0.4,10,affinity_rank_group,primary,1,0.0,0.0,0.0,0.06977381029245408,"{""status"": ""ok""}"
control,threshold_survival,0.4,10,affinity_rank_group,primary,2,0.0069773810292454086,0.0,0.0,0.06977381029245408,"{""status"": ""ok""}"
control,threshold_survival,0.4,10,affinity_rank_group,primary,3,0.011058887284597155,0.0,0.0,0.06977381029245408,"{""status"": ""ok""}"
control,threshold_survival,0.4,10,affinity_rank_group,primary,4,0.013954762058490817,0.0,0.0,0.06977381029245408,"{""status"": ""ok""}"
control,threshold_survival,0.4,10,affinity_rank_group,primary,6,0.018036268313842564,0.0,0.0,0.06977381029245408,"{""status"": ""ok""}"
control,threshold_survival,0.4,10,affinity_rank_group,primary,8,0.020932143087736225,0.0,0.0,0.06977381029245408,"{""status"": ""ok""}"
control,threshold_survival,0.4,10,affinity_rank_group,primary,12,0.02501364934308797,0.0,0.0,0.06977381029245408,"{""status"": ""ok""}"
control,threshold_survival,0.4,10,affinity_rank_group,primary,16,0.027909524116981634,0.0,0.0,0.06977381029245408,"{""status"": ""ok""}"
control,threshold_survival,0.4,10,affinity_rank_group,primary,24,0.031991030372333376,0.0,0.0,0.06977381029245408,"{""status"": ""ok""}"
control,threshold_survival,0.4,10,affinity_rank_group,primary,32,0.03488690514622704,0.0,0.0,0.06977381029245408,"{""status"": ""ok""}"
control,threshold_survival,0.4,10,affinity_rank_group,primary,48,0.038968411401578786,0.0,0.0,0.06977381029245408,"{""status"": ""ok""}"
control,threshold_survival,0.4,10,affinity_rank_group,primary,64,0.04186428617547245,0.0,0.0,0.06977381029245408,"{""status"": ""ok""}"
control,threshold_survival,0.4,10,affinity_rank_group,primary,96,0.0459457924308242,0.0,0.0,0.06977381029245408,"{""status"": ""ok""}"
control,threshold_survival,0.4,10,affinity_rank_group,primary,128,0.04884166720471785,0.0,0.0,0.06977381029245408,"{""status"": ""ok""}"
control,threshold_survival,0.4,10,prefix_group,primary,1,0.013954762058490817,0.0,0.0,0.06977381029245408,"{""status"": ""ok""}"
control,threshold_survival,0.4,10,prefix_group,primary,2,0.013954762058490817,0.0,0.0,0.06977381029245408,"{""status"": ""ok""}"
control,threshold_survival,0.4,10,prefix_group,primary,3,0.013954762058490817,0.0,0.0,0.06977381029245408,"{""status"": ""ok""}"
control,threshold_survival,0.4,10,prefix_group,primary,4,0.013954762058490817,0.0,0.0,0.06977381029245408,"{""status"": ""ok""}"
control,threshold_survival,0.4,10,prefix_group,primary,6,0.027909524116981634,0.0,0.0,0.06977381029245408,"{""status"": ""ok""}"
control,threshold_survival,0.4,10,prefix_group,primary,8,0.027909524116981634,0.0,0.0,0.06977381029245408,"{""status"": ""ok""}"
control,threshold_survival,0.4,10,prefix_group,primary,12,0.027909524116981634,0.0,0.0,0.06977381029245408,"{""status"": ""ok""}"
control,threshold_survival,0.4,10,prefix_group,primary,16,0.027909524116981634,0.0,0.0,0.06977381029245408,"{""status"": ""ok""}"
control,threshold_survival,0.4,10,prefix_group,primary,24,0.04186428617547245,0.0,0.0,0.06977381029245408,"{""status"": ""ok""}"
control,threshold_survival,0.4,10,prefix_group,primary,32,0.04186428617547245,0.0,0.0,0.06977381029245408,"{""status"": ""ok""}"
control,threshold_survival,0.4,10,prefix_group,primary,48,0.04186428617547245,0.0,0.0,0.06977381029245408,"{""status"": ""ok""}"
control,threshold_survival,0.4,10,prefix_group,primary,64,0.04186428617547245,0.0,0.0,0.06977381029245408,"{""status"": ""ok""}"
control,threshold_survival,0.4,10,prefix_group,primary,96,0.05581904823396327,0.0,0.0,0.06977381029245408,"{""status"": ""ok""}"
control,threshold_survival,0.4,10,prefix_group,primary,128,0.05581904823396327,0.0,0.0,0.06977381029245408,"{""status"": ""ok""}"
control,threshold_survival,0.4,10,kmeans_profile,diagnostic_function_preserving,1,0.0,0.0,0.0,0.06977381029245408,"{""diversity"": 0.0, ""k_used"": 1, ""status"": ""disabled_low_diversity""}"
control,threshold_survival,0.4,10,kmeans_profile,diagnostic_function_preserving,2,0.0,0.0,0.0,0.06977381029245408,"{""diversity"": 0.0, ""k_used"": 1, ""status"": ""disabled_low_diversity""}"
control,threshold_survival,0.4,10,kmeans_profile,diagnostic_function_preserving,3,0.0,0.0,0.0,0.06977381029245408,"{""diversity"": 0.0, ""k_used"": 1, ""status"": ""disabled_low_diversity""}"
control,threshold_survival,0.4,10,kmeans_profile,diagnostic_function_preserving,4,0.0,0.0,0.0,0.06977381029245408,"{""diversity"": 0.0, ""k_used"": 1, ""status"": ""disabled_low_diversity""}"
control,threshold_survival,0.4,10,kmeans_profile,diagnostic_function_preserving,6,0.0,0.0,0.0,0.06977381029245408,"{""diversity"": 0.0, ""k_used"": 1, ""status"": ""disabled_low_diversity""}"
control,threshold_survival,0.4,10,kmeans_profile,diagnostic_function_preserving,8,0.0,0.0,0.0,0.06977381029245408,"{""diversity"": 0.0, ""k_used"": 1, ""status"": ""disabled_low_diversity""}"
control,threshold_survival,0.4,10,kmeans_profile,diagnostic_function_preserving,12,0.0,0.0,0.0,0.06977381029245408,"{""diversity"": 0.0, ""k_used"": 1, ""status"": ""disabled_low_diversity""}"
control,threshold_survival,0.4,10,kmeans_profile,diagnostic_function_preserving,16,0.0,0.0,0.0,0.06977381029245408,"{""diversity"": 0.0, ""k_used"": 1, ""status"": ""disabled_low_diversity""}"
control,threshold_survival,0.4,10,kmeans_profile,diagnostic_function_preserving,24,0.0,0.0,0.0,0.06977381029245408,"{""diversity"": 0.0, ""k_used"": 1, ""status"": ""disabled_low_diversity""}"
control,threshold_survival,0.4,10,kmeans_profile,diagnostic_function_preserving,32,0.0,0.0,0.0,0.06977381029245408,"{""diversity"": 0.0, ""k_used"": 1, ""status"": ""disabled_low_diversity""}"
control,threshold_survival,0.4,10,kmeans_profile,diagnostic_function_preserving,48,0.0,0.0,0.0,0.06977381029245408,"{""diversity"": 0.0, ""k_used"": 1, ""status"": ""disabled_low_diversity""}"
control,threshold_survival,0.4,10,kmeans_profile,diagnostic_function_preserving,64,0.0,0.0,0.0,0.06977381029245408,"{""diversity"": 0.0, ""k_used"": 1, ""status"": ""disabled_low_diversity""}"
control,threshold_survival,0.4,10,kmeans_profile,diagnostic_function_preserving,96,0.0,0.0,0.0,0.06977381029245408,"{""diversity"": 0.0, ""k_used"": 1, ""status"": ""disabled_low_diversity""}"
control,threshold_survival,0.4,10,kmeans_profile,diagnostic_function_preserving,128,0.0,0.0,0.0,0.06977381029245408,"{""diversity"": 0.0, ""k_used"": 1, ""status"": ""disabled_low_diversity""}"
control,threshold_survival,0.4,11,balanced_random_group,primary,1,0.0,0.0,0.0,0.06979844634886911,"{""status"": ""ok""}"
control,threshold_survival,0.4,11,balanced_random_group,primary,2,0.006979844634886912,0.0,0.0,0.06979844634886911,"{""status"": ""ok""}"
control,threshold_survival,0.4,11,balanced_random_group,primary,3,0.011062792007155504,0.0,0.0,0.06979844634886911,"{""status"": ""ok""}"
control,threshold_survival,0.4,11,balanced_random_group,primary,4,0.013959689269773824,0.0,0.0,0.06979844634886911,"{""status"": ""ok""}"
control,threshold_survival,0.4,11,balanced_random_group,primary,6,0.018042636642042417,0.0,0.0,0.06979844634886911,"{""status"": ""ok""}"
control,threshold_survival,0.4,11,balanced_random_group,primary,8,0.020939533904660735,0.0,0.0,0.06979844634886911,"{""status"": ""ok""}"
control,threshold_survival,0.4,11,balanced_random_group,primary,12,0.025022481276929326,0.0,0.0,0.06979844634886911,"{""status"": ""ok""}"
control,threshold_survival,0.4,11,balanced_random_group,primary,16,0.027919378539547648,0.0,0.0,0.06979844634886911,"{""status"": ""ok""}"
control,threshold_survival,0.4,11,balanced_random_group,primary,24,0.03200232591181624,0.0,0.0,0.06979844634886911,"{""status"": ""ok""}"
control,threshold_survival,0.4,11,balanced_random_group,primary,32,0.03489922317443456,0.0,0.0,0.06979844634886911,"{""status"": ""ok""}"
control,threshold_survival,0.4,11,balanced_random_group,primary,48,0.038982170546703145,0.0,0.0,0.06979844634886911,"{""status"": ""ok""}"
control,threshold_survival,0.4,11,balanced_random_group,primary,64,0.04187906780932147,0.0,0.0,0.06979844634886911,"{""status"": ""ok""}"
control,threshold_survival,0.4,11,balanced_random_group,primary,96,0.045962015181590064,0.0,0.0,0.06979844634886911,"{""status"": ""ok""}"
control,threshold_survival,0.4,11,balanced_random_group,primary,128,0.048858912444208376,0.0,0.0,0.06979844634886911,"{""status"": ""ok""}"
control,threshold_survival,0.4,11,affinity_rank_group,primary,1,0.0,0.0,0.0,0.06979844634886911,"{""status"": ""ok""}"
control,threshold_survival,0.4,11,affinity_rank_group,primary,2,0.006979844634886912,0.0,0.0,0.06979844634886911,"{""status"": ""ok""}"
control,threshold_survival,0.4,11,affinity_rank_group,primary,3,0.011062792007155504,0.0,0.0,0.06979844634886911,"{""status"": ""ok""}"
control,threshold_survival,0.4,11,affinity_rank_group,primary,4,0.013959689269773824,0.0,0.0,0.06979844634886911,"{""status"": ""ok""}"
control,threshold_survival,0.4,11,affinity_rank_group,primary,6,0.018042636642042417,0.0,0.0,0.06979844634886911,"{""status"": ""ok""}"
control,threshold_survival,0.4,11,affinity_rank_group,primary,8,0.020939533904660735,0.0,0.0,0.06979844634886911,"{""status"": ""ok""}"
control,threshold_survival,0.4,11,affinity_rank_group,primary,12,0.025022481276929326,0.0,0.0,0.06979844634886911,"{""status"": ""ok""}"
control,threshold_survival,0.4,11,affinity_rank_group,primary,16,0.027919378539547648,0.0,0.0,0.06979844634886911,"{""status"": ""ok""}"
control,threshold_survival,0.4,11,affinity_rank_group,primary,24,0.03200232591181624,0.0,0.0,0.06979844634886911,"{""status"": ""ok""}"
control,threshold_survival,0.4,11,affinity_rank_group,primary,32,0.03489922317443456,0.0,0.0,0.06979844634886911,"{""status"": ""ok""}"
control,threshold_survival,0.4,11,affinity_rank_group,primary,48,0.038982170546703145,0.0,0.0,0.06979844634886911,"{""status"": ""ok""}"
control,threshold_survival,0.4,11,affinity_rank_group,primary,64,0.04187906780932147,0.0,0.0,0.06979844634886911,"{""status"": ""ok""}"
control,threshold_survival,0.4,11,affinity_rank_group,primary,96,0.045962015181590064,0.0,0.0,0.06979844634886911,"{""status"": ""ok""}"
control,threshold_survival,0.4,11,affinity_rank_group,primary,128,0.048858912444208376,0.0,0.0,0.06979844634886911,"{""status"": ""ok""}"
control,threshold_survival,0.4,11,prefix_group,primary,1,0.013959689269773824,0.0,0.0,0.06979844634886911,"{""status"": ""ok""}"
control,threshold_survival,0.4,11,prefix_group,primary,2,0.013959689269773824,0.0,0.0,0.06979844634886911,"{""status"": ""ok""}"
control,threshold_survival,0.4,11,prefix_group,primary,3,0.013959689269773824,0.0,0.0,0.06979844634886911,"{""status"": ""ok""}"
control,threshold_survival,0.4,11,prefix_group,primary,4,0.013959689269773824,0.0,0.0,0.06979844634886911,"{""status"": ""ok""}"
control,threshold_survival,0.4,11,prefix_group,primary,6,0.027919378539547648,0.0,0.0,0.06979844634886911,"{""status"": ""ok""}"
control,threshold_survival,0.4,11,prefix_group,primary,8,0.027919378539547648,0.0,0.0,0.06979844634886911,"{""status"": ""ok""}"
control,threshold_survival,0.4,11,prefix_group,primary,12,0.027919378539547648,0.0,0.0,0.06979844634886911,"{""status"": ""ok""}"
control,threshold_survival,0.4,11,prefix_group,primary,16,0.027919378539547648,0.0,0.0,0.06979844634886911,"{""status"": ""ok""}"
control,threshold_survival,0.4,11,prefix_group,primary,24,0.04187906780932147,0.0,0.0,0.06979844634886911,"{""status"": ""ok""}"
control,threshold_survival,0.4,11,prefix_group,primary,32,0.04187906780932147,0.0,0.0,0.06979844634886911,"{""status"": ""ok""}"
control,threshold_survival,0.4,11,prefix_group,primary,48,0.04187906780932147,0.0,0.0,0.06979844634886911,"{""status"": ""ok""}"
control,threshold_survival,0.4,11,prefix_group,primary,64,0.04187906780932147,0.0,0.0,0.06979844634886911,"{""status"": ""ok""}"
control,threshold_survival,0.4,11,prefix_group,primary,96,0.055838757079095296,0.0,0.0,0.06979844634886911,"{""status"": ""ok""}"
control,threshold_survival,0.4,11,prefix_group,primary,128,0.055838757079095296,0.0,0.0,0.06979844634886911,"{""status"": ""ok""}"
control,threshold_survival,0.4,11,kmeans_profile,diagnostic_function_preserving,1,0.0,0.0,0.0,0.06979844634886911,"{""diversity"": 0.0, ""k_used"": 1, ""status"": ""disabled_low_diversity""}"
control,threshold_survival,0.4,11,kmeans_profile,diagnostic_function_preserving,2,0.0,0.0,0.0,0.06979844634886911,"{""diversity"": 0.0, ""k_used"": 1, ""status"": ""disabled_low_diversity""}"
control,threshold_survival,0.4,11,kmeans_profile,diagnostic_function_preserving,3,0.0,0.0,0.0,0.06979844634886911,"{""diversity"": 0.0, ""k_used"": 1, ""status"": ""disabled_low_diversity""}"
control,threshold_survival,0.4,11,kmeans_profile,diagnostic_function_preserving,4,0.0,0.0,0.0,0.06979844634886911,"{""diversity"": 0.0, ""k_used"": 1, ""status"": ""disabled_low_diversity""}"
control,threshold_survival,0.4,11,kmeans_profile,diagnostic_function_preserving,6,0.0,0.0,0.0,0.06979844634886911,"{""diversity"": 0.0, ""k_used"": 1, ""status"": ""disabled_low_diversity""}"
control,threshold_survival,0.4,11,kmeans_profile,diagnostic_function_preserving,8,0.0,0.0,0.0,0.06979844634886911,"{""diversity"": 0.0, ""k_used"": 1, ""status"": ""disabled_low_diversity""}"
control,threshold_survival,0.4,11,kmeans_profile,diagnostic_function_preserving,12,0.0,0.0,0.0,0.06979844634886911,"{""diversity"": 0.0, ""k_used"": 1, ""status"": ""disabled_low_diversity""}"
control,threshold_survival,0.4,11,kmeans_profile,diagnostic_function_preserving,16,0.0,0.0,0.0,0.06979844634886911,"{""diversity"": 0.0, ""k_used"": 1, ""status"": ""disabled_low_diversity""}"
control,threshold_survival,0.4,11,kmeans_profile,diagnostic_function_preserving,24,0.0,0.0,0.0,0.06979844634886911,"{""diversity"": 0.0, ""k_used"": 1, ""status"": ""disabled_low_diversity""}"
control,threshold_survival,0.4,11,kmeans_profile,diagnostic_function_preserving,32,0.0,0.0,0.0,0.06979844634886911,"{""diversity"": 0.0, ""k_used"": 1, ""status"": ""disabled_low_diversity""}"
control,threshold_survival,0.4,11,kmeans_profile,diagnostic_function_preserving,48,0.0,0.0,0.0,0.06979844634886911,"{""diversity"": 0.0, ""k_used"": 1, ""status"": ""disabled_low_diversity""}"
control,threshold_survival,0.4,11,kmeans_profile,diagnostic_function_preserving,64,0.0,0.0,0.0,0.06979844634886911,"{""diversity"": 0.0, ""k_used"": 1, ""status"": ""disabled_low_diversity""}"
control,threshold_survival,0.4,11,kmeans_profile,diagnostic_function_preserving,96,0.0,0.0,0.0,0.06979844634886911,"{""diversity"": 0.0, ""k_used"": 1, ""status"": ""disabled_low_diversity""}"
control,threshold_survival,0.4,11,kmeans_profile,diagnostic_function_preserving,128,0.0,0.0,0.0,0.06979844634886911,"{""diversity"": 0.0, ""k_used"": 1, ""status"": ""disabled_low_diversity""}"
control,threshold_survival,0.5,0,balanced_random_group,primary,1,0.0,0.0,0.0,0.07416453887403875,"{""status"": ""ok""}"
control,threshold_survival,0.5,0,balanced_random_group,primary,2,0.007416453887403875,0.0,0.0,0.07416453887403875,"{""status"": ""ok""}"
control,threshold_survival,0.5,0,balanced_random_group,primary,3,0.011754801299862784,0.0,0.0,0.07416453887403875,"{""status"": ""ok""}"
control,threshold_survival,0.5,0,balanced_random_group,primary,4,0.01483290777480775,0.0,0.0,0.07416453887403875,"{""status"": ""ok""}"
control,threshold_survival,0.5,0,balanced_random_group,primary,6,0.019171255187266662,0.0,0.0,0.07416453887403875,"{""status"": ""ok""}"
control,threshold_survival,0.5,0,balanced_random_group,primary,8,0.022249361662211625,0.0,0.0,0.07416453887403875,"{""status"": ""ok""}"
control,threshold_survival,0.5,0,balanced_random_group,primary,12,0.026587709074670535,0.0,0.0,0.07416453887403875,"{""status"": ""ok""}"
control,threshold_survival,0.5,0,balanced_random_group,primary,16,0.0296658155496155,0.0,0.0,0.07416453887403875,"{""status"": ""ok""}"
control,threshold_survival,0.5,0,balanced_random_group,primary,24,0.034004162962074404,0.0,0.0,0.07416453887403875,"{""status"": ""ok""}"
control,threshold_survival,0.5,0,balanced_random_group,primary,32,0.03708226943701937,0.0,0.0,0.07416453887403875,"{""status"": ""ok""}"
control,threshold_survival,0.5,0,balanced_random_group,primary,48,0.04142061684947828,0.0,0.0,0.07416453887403875,"{""status"": ""ok""}"
control,threshold_survival,0.5,0,balanced_random_group,primary,64,0.04449872332442325,0.0,0.0,0.07416453887403875,"{""status"": ""ok""}"
control,threshold_survival,0.5,0,balanced_random_group,primary,96,0.04883707073688216,0.0,0.0,0.07416453887403875,"{""status"": ""ok""}"
control,threshold_survival,0.5,0,balanced_random_group,primary,128,0.05191517721182712,0.0,0.0,0.07416453887403875,"{""status"": ""ok""}"
control,threshold_survival,0.5,0,affinity_rank_group,primary,1,0.0,0.0,0.0,0.07416453887403875,"{""status"": ""ok""}"
control,threshold_survival,0.5,0,affinity_rank_group,primary,2,0.007416453887403875,0.0,0.0,0.07416453887403875,"{""status"": ""ok""}"
control,threshold_survival,0.5,0,affinity_rank_group,primary,3,0.011754801299862784,0.0,0.0,0.07416453887403875,"{""status"": ""ok""}"
control,threshold_survival,0.5,0,affinity_rank_group,primary,4,0.01483290777480775,0.0,0.0,0.07416453887403875,"{""status"": ""ok""}"
control,threshold_survival,0.5,0,affinity_rank_group,primary,6,0.019171255187266662,0.0,0.0,0.07416453887403875,"{""status"": ""ok""}"
control,threshold_survival,0.5,0,affinity_rank_group,primary,8,0.022249361662211625,0.0,0.0,0.07416453887403875,"{""status"": ""ok""}"
control,threshold_survival,0.5,0,affinity_rank_group,primary,12,0.026587709074670535,0.0,0.0,0.07416453887403875,"{""status"": ""ok""}"
control,threshold_survival,0.5,0,affinity_rank_group,primary,16,0.0296658155496155,0.0,0.0,0.07416453887403875,"{""status"": ""ok""}"
control,threshold_survival,0.5,0,affinity_rank_group,primary,24,0.034004162962074404,0.0,0.0,0.07416453887403875,"{""status"": ""ok""}"
control,threshold_survival,0.5,0,affinity_rank_group,primary,32,0.03708226943701937,0.0,0.0,0.07416453887403875,"{""status"": ""ok""}"
control,threshold_survival,0.5,0,affinity_rank_group,primary,48,0.04142061684947828,0.0,0.0,0.07416453887403875,"{""status"": ""ok""}"
control,threshold_survival,0.5,0,affinity_rank_group,primary,64,0.04449872332442325,0.0,0.0,0.07416453887403875,"{""status"": ""ok""}"
control,threshold_survival,0.5,0,affinity_rank_group,primary,96,0.04883707073688216,0.0,0.0,0.07416453887403875,"{""status"": ""ok""}"
control,threshold_survival,0.5,0,affinity_rank_group,primary,128,0.05191517721182712,0.0,0.0,0.07416453887403875,"{""status"": ""ok""}"
control,threshold_survival,0.5,0,prefix_group,primary,1,0.01483290777480775,0.0,0.0,0.07416453887403875,"{""status"": ""ok""}"
control,threshold_survival,0.5,0,prefix_group,primary,2,0.01483290777480775,0.0,0.0,0.07416453887403875,"{""status"": ""ok""}"
control,threshold_survival,0.5,0,prefix_group,primary,3,0.01483290777480775,0.0,0.0,0.07416453887403875,"{""status"": ""ok""}"
control,threshold_survival,0.5,0,prefix_group,primary,4,0.01483290777480775,0.0,0.0,0.07416453887403875,"{""status"": ""ok""}"
control,threshold_survival,0.5,0,prefix_group,primary,6,0.0296658155496155,0.0,0.0,0.07416453887403875,"{""status"": ""ok""}"
control,threshold_survival,0.5,0,prefix_group,primary,8,0.0296658155496155,0.0,0.0,0.07416453887403875,"{""status"": ""ok""}"
control,threshold_survival,0.5,0,prefix_group,primary,12,0.0296658155496155,0.0,0.0,0.07416453887403875,"{""status"": ""ok""}"
control,threshold_survival,0.5,0,prefix_group,primary,16,0.0296658155496155,0.0,0.0,0.07416453887403875,"{""status"": ""ok""}"
control,threshold_survival,0.5,0,prefix_group,primary,24,0.04449872332442325,0.0,0.0,0.07416453887403875,"{""status"": ""ok""}"
control,threshold_survival,0.5,0,prefix_group,primary,32,0.04449872332442325,0.0,0.0,0.07416453887403875,"{""status"": ""ok""}"
control,threshold_survival,0.5,0,prefix_group,primary,48,0.04449872332442325,0.0,0.0,0.07416453887403875,"{""status"": ""ok""}"
control,threshold_survival,0.5,0,prefix_group,primary,64,0.04449872332442325,0.0,0.0,0.07416453887403875,"{""status"": ""ok""}"
control,threshold_survival,0.5,0,prefix_group,primary,96,0.059331631099231,0.0,0.0,0.07416453887403875,"{""status"": ""ok""}"
control,threshold_survival,0.5,0,prefix_group,primary,128,0.059331631099231,0.0,0.0,0.07416453887403875,"{""status"": ""ok""}"
control,threshold_survival,0.5,0,kmeans_profile,diagnostic_function_preserving,1,0.0,0.0,0.0,0.07416453887403875,"{""diversity"": 0.0, ""k_used"": 1, ""status"": ""disabled_low_diversity""}"
control,threshold_survival,0.5,0,kmeans_profile,diagnostic_function_preserving,2,0.0,0.0,0.0,0.07416453887403875,"{""diversity"": 0.0, ""k_used"": 1, ""status"": ""disabled_low_diversity""}"
control,threshold_survival,0.5,0,kmeans_profile,diagnostic_function_preserving,3,0.0,0.0,0.0,0.07416453887403875,"{""diversity"": 0.0, ""k_used"": 1, ""status"": ""disabled_low_diversity""}"
control,threshold_survival,0.5,0,kmeans_profile,diagnostic_function_preserving,4,0.0,0.0,0.0,0.07416453887403875,"{""diversity"": 0.0, ""k_used"": 1, ""status"": ""disabled_low_diversity""}"
control,threshold_survival,0.5,0,kmeans_profile,diagnostic_function_preserving,6,0.0,0.0,0.0,0.07416453887403875,"{""diversity"": 0.0, ""k_used"": 1, ""status"": ""disabled_low_diversity""}"
control,threshold_survival,0.5,0,kmeans_profile,diagnostic_function_preserving,8,0.0,0.0,0.0,0.07416453887403875,"{""diversity"": 0.0, ""k_used"": 1, ""status"": ""disabled_low_diversity""}"
control,threshold_survival,0.5,0,kmeans_profile,diagnostic_function_preserving,12,0.0,0.0,0.0,0.07416453887403875,"{""diversity"": 0.0, ""k_used"": 1, ""status"": ""disabled_low_diversity""}"
control,threshold_survival,0.5,0,kmeans_profile,diagnostic_function_preserving,16,0.0,0.0,0.0,0.07416453887403875,"{""diversity"": 0.0, ""k_used"": 1, ""status"": ""disabled_low_diversity""}"
control,threshold_survival,0.5,0,kmeans_profile,diagnostic_function_preserving,24,0.0,0.0,0.0,0.07416453887403875,"{""diversity"": 0.0, ""k_used"": 1, ""status"": ""disabled_low_diversity""}"
control,threshold_survival,0.5,0,kmeans_profile,diagnostic_function_preserving,32,0.0,0.0,0.0,0.07416453887403875,"{""diversity"": 0.0, ""k_used"": 1, ""status"": ""disabled_low_diversity""}"
control,threshold_survival,0.5,0,kmeans_profile,diagnostic_function_preserving,48,0.0,0.0,0.0,0.07416453887403875,"{""diversity"": 0.0, ""k_used"": 1, ""status"": ""disabled_low_diversity""}"
control,threshold_survival,0.5,0,kmeans_profile,diagnostic_function_preserving,64,0.0,0.0,0.0,0.07416453887403875,"{""diversity"": 0.0, ""k_used"": 1, ""status"": ""disabled_low_diversity""}"
control,threshold_survival,0.5,0,kmeans_profile,diagnostic_function_preserving,96,0.0,0.0,0.0,0.07416453887403875,"{""diversity"": 0.0, ""k_used"": 1, ""status"": ""disabled_low_diversity""}"
control,threshold_survival,0.5,0,kmeans_profile,diagnostic_function_preserving,128,0.0,0.0,0.0,0.07416453887403875,"{""diversity"": 0.0, ""k_used"": 1, ""status"": ""disabled_low_diversity""}"
control,threshold_survival,0.5,1,balanced_random_group,primary,1,0.0,0.0,0.0,0.07581807749421218,"{""status"": ""ok""}"
control,threshold_survival,0.5,1,balanced_random_group,primary,2,0.007581807749421219,0.0,0.0,0.07581807749421218,"{""status"": ""ok""}"
control,threshold_survival,0.5,1,balanced_random_group,primary,3,0.012016880970509694,0.0,0.0,0.07581807749421218,"{""status"": ""ok""}"
control,threshold_survival,0.5,1,balanced_random_group,primary,4,0.015163615498842438,0.0,0.0,0.07581807749421218,"{""status"": ""ok""}"
control,threshold_survival,0.5,1,balanced_random_group,primary,6,0.019598688719930913,0.0,0.0,0.07581807749421218,"{""status"": ""ok""}"
control,threshold_survival,0.5,1,balanced_random_group,primary,8,0.022745423248263653,0.0,0.0,0.07581807749421218,"{""status"": ""ok""}"
control,threshold_survival,0.5,1,balanced_random_group,primary,12,0.027180496469352132,0.0,0.0,0.07581807749421218,"{""status"": ""ok""}"
control,threshold_survival,0.5,1,balanced_random_group,primary,16,0.030327230997684876,0.0,0.0,0.07581807749421218,"{""status"": ""ok""}"
control,threshold_survival,0.5,1,balanced_random_group,primary,24,0.03476230421877335,0.0,0.0,0.07581807749421218,"{""status"": ""ok""}"
control,threshold_survival,0.5,1,balanced_random_group,primary,32,0.03790903874710609,0.0,0.0,0.07581807749421218,"{""status"": ""ok""}"
control,threshold_survival,0.5,1,balanced_random_group,primary,48,0.04234411196819456,0.0,0.0,0.07581807749421218,"{""status"": ""ok""}"
control,threshold_survival,0.5,1,balanced_random_group,primary,64,0.04549084649652731,0.0,0.0,0.07581807749421218,"{""status"": ""ok""}"
control,threshold_survival,0.5,1,balanced_random_group,primary,96,0.04992591971761579,0.0,0.0,0.07581807749421218,"{""status"": ""ok""}"
control,threshold_survival,0.5,1,balanced_random_group,primary,128,0.05307265424594852,0.0,0.0,0.07581807749421218,"{""status"": ""ok""}"
control,threshold_survival,0.5,1,affinity_rank_group,primary,1,0.0,0.0,0.0,0.07581807749421218,"{""status"": ""ok""}"
control,threshold_survival,0.5,1,affinity_rank_group,primary,2,0.007581807749421219,0.0,0.0,0.07581807749421218,"{""status"": ""ok""}"
control,threshold_survival,0.5,1,affinity_rank_group,primary,3,0.012016880970509694,0.0,0.0,0.07581807749421218,"{""status"": ""ok""}"
control,threshold_survival,0.5,1,affinity_rank_group,primary,4,0.015163615498842438,0.0,0.0,0.07581807749421218,"{""status"": ""ok""}"
control,threshold_survival,0.5,1,affinity_rank_group,primary,6,0.019598688719930913,0.0,0.0,0.07581807749421218,"{""status"": ""ok""}"
control,threshold_survival,0.5,1,affinity_rank_group,primary,8,0.022745423248263653,0.0,0.0,0.07581807749421218,"{""status"": ""ok""}"
control,threshold_survival,0.5,1,affinity_rank_group,primary,12,0.027180496469352132,0.0,0.0,0.07581807749421218,"{""status"": ""ok""}"
control,threshold_survival,0.5,1,affinity_rank_group,primary,16,0.030327230997684876,0.0,0.0,0.07581807749421218,"{""status"": ""ok""}"
control,threshold_survival,0.5,1,affinity_rank_group,primary,24,0.03476230421877335,0.0,0.0,0.07581807749421218,"{""status"": ""ok""}"
control,threshold_survival,0.5,1,affinity_rank_group,primary,32,0.03790903874710609,0.0,0.0,0.07581807749421218,"{""status"": ""ok""}"
control,threshold_survival,0.5,1,affinity_rank_group,primary,48,0.04234411196819456,0.0,0.0,0.07581807749421218,"{""status"": ""ok""}"
control,threshold_survival,0.5,1,affinity_rank_group,primary,64,0.04549084649652731,0.0,0.0,0.07581807749421218,"{""status"": ""ok""}"
control,threshold_survival,0.5,1,affinity_rank_group,primary,96,0.04992591971761579,0.0,0.0,0.07581807749421218,"{""status"": ""ok""}"
control,threshold_survival,0.5,1,affinity_rank_group,primary,128,0.05307265424594852,0.0,0.0,0.07581807749421218,"{""status"": ""ok""}"
control,threshold_survival,0.5,1,prefix_group,primary,1,0.015163615498842438,0.0,0.0,0.07581807749421218,"{""status"": ""ok""}"
control,threshold_survival,0.5,1,prefix_group,primary,2,0.015163615498842438,0.0,0.0,0.07581807749421218,"{""status"": ""ok""}"
control,threshold_survival,0.5,1,prefix_group,primary,3,0.015163615498842438,0.0,0.0,0.07581807749421218,"{""status"": ""ok""}"
control,threshold_survival,0.5,1,prefix_group,primary,4,0.015163615498842438,0.0,0.0,0.07581807749421218,"{""status"": ""ok""}"
control,threshold_survival,0.5,1,prefix_group,primary,6,0.030327230997684876,0.0,0.0,0.07581807749421218,"{""status"": ""ok""}"
control,threshold_survival,0.5,1,prefix_group,primary,8,0.030327230997684876,0.0,0.0,0.07581807749421218,"{""status"": ""ok""}"
control,threshold_survival,0.5,1,prefix_group,primary,12,0.030327230997684876,0.0,0.0,0.07581807749421218,"{""status"": ""ok""}"
control,threshold_survival,0.5,1,prefix_group,primary,16,0.030327230997684876,0.0,0.0,0.07581807749421218,"{""status"": ""ok""}"
control,threshold_survival,0.5,1,prefix_group,primary,24,0.04549084649652731,0.0,0.0,0.07581807749421218,"{""status"": ""ok""}"
control,threshold_survival,0.5,1,prefix_group,primary,32,0.04549084649652731,0.0,0.0,0.07581807749421218,"{""status"": ""ok""}"
control,threshold_survival,0.5,1,prefix_group,primary,48,0.04549084649652731,0.0,0.0,0.07581807749421218,"{""status"": ""ok""}"
control,threshold_survival,0.5,1,prefix_group,primary,64,0.04549084649652731,0.0,0.0,0.07581807749421218,"{""status"": ""ok""}"
control,threshold_survival,0.5,1,prefix_group,primary,96,0.06065446199536975,0.0,0.0,0.07581807749421218,"{""status"": ""ok""}"
control,threshold_survival,0.5,1,prefix_group,primary,128,0.06065446199536975,0.0,0.0,0.07581807749421218,"{""status"": ""ok""}"
control,threshold_survival,0.5,1,kmeans_profile,diagnostic_function_preserving,1,0.0,0.0,0.0,0.07581807749421218,"{""diversity"": 0.0, ""k_used"": 1, ""status"": ""disabled_low_diversity""}"
control,threshold_survival,0.5,1,kmeans_profile,diagnostic_function_preserving,2,0.0,0.0,0.0,0.07581807749421218,"{""diversity"": 0.0, ""k_used"": 1, ""status"": ""disabled_low_diversity""}"
control,threshold_survival,0.5,1,kmeans_profile,diagnostic_function_preserving,3,0.0,0.0,0.0,0.07581807749421218,"{""diversity"": 0.0, ""k_used"": 1, ""status"": ""disabled_low_diversity""}"
control,threshold_survival,0.5,1,kmeans_profile,diagnostic_function_preserving,4,0.0,0.0,0.0,0.07581807749421218,"{""diversity"": 0.0, ""k_used"": 1, ""status"": ""disabled_low_diversity""}"
control,threshold_survival,0.5,1,kmeans_profile,diagnostic_function_preserving,6,0.0,0.0,0.0,0.07581807749421218,"{""diversity"": 0.0, ""k_used"": 1, ""status"": ""disabled_low_diversity""}"
control,threshold_survival,0.5,1,kmeans_profile,diagnostic_function_preserving,8,0.0,0.0,0.0,0.07581807749421218,"{""diversity"": 0.0, ""k_used"": 1, ""status"": ""disabled_low_diversity""}"
control,threshold_survival,0.5,1,kmeans_profile,diagnostic_function_preserving,12,0.0,0.0,0.0,0.07581807749421218,"{""diversity"": 0.0, ""k_used"": 1, ""status"": ""disabled_low_diversity""}"
control,threshold_survival,0.5,1,kmeans_profile,diagnostic_function_preserving,16,0.0,0.0,0.0,0.07581807749421218,"{""diversity"": 0.0, ""k_used"": 1, ""status"": ""disabled_low_diversity""}"
control,threshold_survival,0.5,1,kmeans_profile,diagnostic_function_preserving,24,0.0,0.0,0.0,0.07581807749421218,"{""diversity"": 0.0, ""k_used"": 1, ""status"": ""disabled_low_diversity""}"
control,threshold_survival,0.5,1,kmeans_profile,diagnostic_function_preserving,32,0.0,0.0,0.0,0.07581807749421218,"{""diversity"": 0.0, ""k_used"": 1, ""status"": ""disabled_low_diversity""}"
control,threshold_survival,0.5,1,kmeans_profile,diagnostic_function_preserving,48,0.0,0.0,0.0,0.07581807749421218,"{""diversity"": 0.0, ""k_used"": 1, ""status"": ""disabled_low_diversity""}"
control,threshold_survival,0.5,1,kmeans_profile,diagnostic_function_preserving,64,0.0,0.0,0.0,0.07581807749421218,"{""diversity"": 0.0, ""k_used"": 1, ""status"": ""disabled_low_diversity""}"
control,threshold_survival,0.5,1,kmeans_profile,diagnostic_function_preserving,96,0.0,0.0,0.0,0.07581807749421218,"{""diversity"": 0.0, ""k_used"": 1, ""status"": ""disabled_low_diversity""}"
control,threshold_survival,0.5,1,kmeans_profile,diagnostic_function_preserving,128,0.0,0.0,0.0,0.07581807749421218,"{""diversity"": 0.0, ""k_used"": 1, ""status"": ""disabled_low_diversity""}"
control,threshold_survival,0.5,2,balanced_random_group,primary,1,0.0,0.0,0.0,0.07986194228204259,"{""status"": ""ok""}"
control,threshold_survival,0.5,2,balanced_random_group,primary,2,0.00798619422820426,0.0,0.0,0.07986194228204259,"{""status"": ""ok""}"
control,threshold_survival,0.5,2,balanced_random_group,primary,3,0.012657818375179484,0.0,0.0,0.07986194228204259,"{""status"": ""ok""}"
control,threshold_survival,0.5,2,balanced_random_group,primary,4,0.01597238845640852,0.0,0.0,0.07986194228204259,"{""status"": ""ok""}"
control,threshold_survival,0.5,2,balanced_random_group,primary,6,0.020644012603383746,0.0,0.0,0.07986194228204259,"{""status"": ""ok""}"
control,threshold_survival,0.5,2,balanced_random_group,primary,8,0.023958582684612775,0.0,0.0,0.07986194228204259,"{""status"": ""ok""}"
control,threshold_survival,0.5,2,balanced_random_group,primary,12,0.028630206831588,0.0,0.0,0.07986194228204259,"{""status"": ""ok""}"
control,threshold_survival,0.5,2,balanced_random_group,primary,16,0.03194477691281704,0.0,0.0,0.07986194228204259,"{""status"": ""ok""}"
control,threshold_survival,0.5,2,balanced_random_group,primary,24,0.03661640105979226,0.0,0.0,0.07986194228204259,"{""status"": ""ok""}"
control,threshold_survival,0.5,2,balanced_random_group,primary,32,0.039930971141021294,0.0,0.0,0.07986194228204259,"{""status"": ""ok""}"
control,threshold_survival,0.5,2,balanced_random_group,primary,48,0.04460259528799652,0.0,0.0,0.07986194228204259,"{""status"": ""ok""}"
control,threshold_survival,0.5,2,balanced_random_group,primary,64,0.04791716536922555,0.0,0.0,0.07986194228204259,"{""status"": ""ok""}"
control,threshold_survival,0.5,2,balanced_random_group,primary,96,0.05258878951620078,0.0,0.0,0.07986194228204259,"{""status"": ""ok""}"
control,threshold_survival,0.5,2,balanced_random_group,primary,128,0.05590335959742981,0.0,0.0,0.07986194228204259,"{""status"": ""ok""}"
control,threshold_survival,0.5,2,affinity_rank_group,primary,1,0.0,0.0,0.0,0.07986194228204259,"{""status"": ""ok""}"
control,threshold_survival,0.5,2,affinity_rank_group,primary,2,0.00798619422820426,0.0,0.0,0.07986194228204259,"{""status"": ""ok""}"
control,threshold_survival,0.5,2,affinity_rank_group,primary,3,0.012657818375179484,0.0,0.0,0.07986194228204259,"{""status"": ""ok""}"
control,threshold_survival,0.5,2,affinity_rank_group,primary,4,0.01597238845640852,0.0,0.0,0.07986194228204259,"{""status"": ""ok""}"
control,threshold_survival,0.5,2,affinity_rank_group,primary,6,0.020644012603383746,0.0,0.0,0.07986194228204259,"{""status"": ""ok""}"
control,threshold_survival,0.5,2,affinity_rank_group,primary,8,0.023958582684612775,0.0,0.0,0.07986194228204259,"{""status"": ""ok""}"
control,threshold_survival,0.5,2,affinity_rank_group,primary,12,0.028630206831588,0.0,0.0,0.07986194228204259,"{""status"": ""ok""}"
control,threshold_survival,0.5,2,affinity_rank_group,primary,16,0.03194477691281704,0.0,0.0,0.07986194228204259,"{""status"": ""ok""}"
control,threshold_survival,0.5,2,affinity_rank_group,primary,24,0.03661640105979226,0.0,0.0,0.07986194228204259,"{""status"": ""ok""}"
control,threshold_survival,0.5,2,affinity_rank_group,primary,32,0.039930971141021294,0.0,0.0,0.07986194228204259,"{""status"": ""ok""}"
control,threshold_survival,0.5,2,affinity_rank_group,primary,48,0.04460259528799652,0.0,0.0,0.07986194228204259,"{""status"": ""ok""}"
control,threshold_survival,0.5,2,affinity_rank_group,primary,64,0.04791716536922555,0.0,0.0,0.07986194228204259,"{""status"": ""ok""}"
control,threshold_survival,0.5,2,affinity_rank_group,primary,96,0.05258878951620078,0.0,0.0,0.07986194228204259,"{""status"": ""ok""}"
control,threshold_survival,0.5,2,affinity_rank_group,primary,128,0.05590335959742981,0.0,0.0,0.07986194228204259,"{""status"": ""ok""}"
control,threshold_survival,0.5,2,prefix_group,primary,1,0.01597238845640852,0.0,0.0,0.07986194228204259,"{""status"": ""ok""}"
control,threshold_survival,0.5,2,prefix_group,primary,2,0.01597238845640852,0.0,0.0,0.07986194228204259,"{""status"": ""ok""}"
control,threshold_survival,0.5,2,prefix_group,primary,3,0.01597238845640852,0.0,0.0,0.07986194228204259,"{""status"": ""ok""}"
control,threshold_survival,0.5,2,prefix_group,primary,4,0.01597238845640852,0.0,0.0,0.07986194228204259,"{""status"": ""ok""}"
control,threshold_survival,0.5,2,prefix_group,primary,6,0.03194477691281704,0.0,0.0,0.07986194228204259,"{""status"": ""ok""}"
control,threshold_survival,0.5,2,prefix_group,primary,8,0.03194477691281704,0.0,0.0,0.07986194228204259,"{""status"": ""ok""}"
control,threshold_survival,0.5,2,prefix_group,primary,12,0.03194477691281704,0.0,0.0,0.07986194228204259,"{""status"": ""ok""}"
control,threshold_survival,0.5,2,prefix_group,primary,16,0.03194477691281704,0.0,0.0,0.07986194228204259,"{""status"": ""ok""}"
control,threshold_survival,0.5,2,prefix_group,primary,24,0.04791716536922555,0.0,0.0,0.07986194228204259,"{""status"": ""ok""}"
control,threshold_survival,0.5,2,prefix_group,primary,32,0.04791716536922555,0.0,0.0,0.07986194228204259,"{""status"": ""ok""}"
control,threshold_survival,0.5,2,prefix_group,primary,48,0.04791716536922555,0.0,0.0,0.07986194228204259,"{""status"": ""ok""}"
control,threshold_survival,0.5,2,prefix_group,primary,64,0.04791716536922555,0.0,0.0,0.07986194228204259,"{""status"": ""ok""}"
control,threshold_survival,0.5,2,prefix_group,primary,96,0.06388955382563408,0.0,0.0,0.07986194228204259,"{""status"": ""ok""}"
control,threshold_survival,0.5,2,prefix_group,primary,128,0.06388955382563408,0.0,0.0,0.07986194228204259,"{""status"": ""ok""}"
control,threshold_survival,0.5,2,kmeans_profile,diagnostic_function_preserving,1,0.0,0.0,0.0,0.07986194228204259,"{""diversity"": 0.0, ""k_used"": 1, ""status"": ""disabled_low_diversity""}"
control,threshold_survival,0.5,2,kmeans_profile,diagnostic_function_preserving,2,0.0,0.0,0.0,0.07986194228204259,"{""diversity"": 0.0, ""k_used"": 1, ""status"": ""disabled_low_diversity""}"
control,threshold_survival,0.5,2,kmeans_profile,diagnostic_function_preserving,3,0.0,0.0,0.0,0.07986194228204259,"{""diversity"": 0.0, ""k_used"": 1, ""status"": ""disabled_low_diversity""}"
control,threshold_survival,0.5,2,kmeans_profile,diagnostic_function_preserving,4,0.0,0.0,0.0,0.07986194228204259,"{""diversity"": 0.0, ""k_used"": 1, ""status"": ""disabled_low_diversity""}"
control,threshold_survival,0.5,2,kmeans_profile,diagnostic_function_preserving,6,0.0,0.0,0.0,0.07986194228204259,"{""diversity"": 0.0, ""k_used"": 1, ""status"": ""disabled_low_diversity""}"
control,threshold_survival,0.5,2,kmeans_profile,diagnostic_function_preserving,8,0.0,0.0,0.0,0.07986194228204259,"{""diversity"": 0.0, ""k_used"": 1, ""status"": ""disabled_low_diversity""}"
control,threshold_survival,0.5,2,kmeans_profile,diagnostic_function_preserving,12,0.0,0.0,0.0,0.07986194228204259,"{""diversity"": 0.0, ""k_used"": 1, ""status"": ""disabled_low_diversity""}"
control,threshold_survival,0.5,2,kmeans_profile,diagnostic_function_preserving,16,0.0,0.0,0.0,0.07986194228204259,"{""diversity"": 0.0, ""k_used"": 1, ""status"": ""disabled_low_diversity""}"
control,threshold_survival,0.5,2,kmeans_profile,diagnostic_function_preserving,24,0.0,0.0,0.0,0.07986194228204259,"{""diversity"": 0.0, ""k_used"": 1, ""status"": ""disabled_low_diversity""}"
control,threshold_survival,0.5,2,kmeans_profile,diagnostic_function_preserving,32,0.0,0.0,0.0,0.07986194228204259,"{""diversity"": 0.0, ""k_used"": 1, ""status"": ""disabled_low_diversity""}"
control,threshold_survival,0.5,2,kmeans_profile,diagnostic_function_preserving,48,0.0,0.0,0.0,0.07986194228204259,"{""diversity"": 0.0, ""k_used"": 1, ""status"": ""disabled_low_diversity""}"
control,threshold_survival,0.5,2,kmeans_profile,diagnostic_function_preserving,64,0.0,0.0,0.0,0.07986194228204259,"{""diversity"": 0.0, ""k_used"": 1, ""status"": ""disabled_low_diversity""}"
control,threshold_survival,0.5,2,kmeans_profile,diagnostic_function_preserving,96,0.0,0.0,0.0,0.07986194228204259,"{""diversity"": 0.0, ""k_used"": 1, ""status"": ""disabled_low_diversity""}"
control,threshold_survival,0.5,2,kmeans_profile,diagnostic_function_preserving,128,0.0,0.0,0.0,0.07986194228204259,"{""diversity"": 0.0, ""k_used"": 1, ""status"": ""disabled_low_diversity""}"
control,threshold_survival,0.5,3,balanced_random_group,primary,1,0.0,0.0,0.0,0.07273367667997586,"{""status"": ""ok""}"
control,threshold_survival,0.5,3,balanced_random_group,primary,2,0.007273367667997587,0.0,0.0,0.07273367667997586,"{""status"": ""ok""}"
control,threshold_survival,0.5,3,balanced_random_group,primary,3,0.011528015007733858,0.0,0.0,0.07273367667997586,"{""status"": ""ok""}"
control,threshold_survival,0.5,3,balanced_random_group,primary,4,0.014546735335995174,0.0,0.0,0.07273367667997586,"{""status"": ""ok""}"
control,threshold_survival,0.5,3,balanced_random_group,primary,6,0.018801382675731445,0.0,0.0,0.07273367667997586,"{""status"": ""ok""}"
control,threshold_survival,0.5,3,balanced_random_group,primary,8,0.021820103003992758,0.0,0.0,0.07273367667997586,"{""status"": ""ok""}"
control,threshold_survival,0.5,3,balanced_random_group,primary,12,0.026074750343729032,0.0,0.0,0.07273367667997586,"{""status"": ""ok""}"
control,threshold_survival,0.5,3,balanced_random_group,primary,16,0.02909347067199035,0.0,0.0,0.07273367667997586,"{""status"": ""ok""}"
control,threshold_survival,0.5,3,balanced_random_group,primary,24,0.033348118011726616,0.0,0.0,0.07273367667997586,"{""status"": ""ok""}"
control,threshold_survival,0.5,3,balanced_random_group,primary,32,0.03636683833998793,0.0,0.0,0.07273367667997586,"{""status"": ""ok""}"
control,threshold_survival,0.5,3,balanced_random_group,primary,48,0.0406214856797242,0.0,0.0,0.07273367667997586,"{""status"": ""ok""}"
control,threshold_survival,0.5,3,balanced_random_group,primary,64,0.043640206007985516,0.0,0.0,0.07273367667997586,"{""status"": ""ok""}"
control,threshold_survival,0.5,3,balanced_random_group,primary,96,0.04789485334772179,0.0,0.0,0.07273367667997586,"{""status"": ""ok""}"
control,threshold_survival,0.5,3,balanced_random_group,primary,128,0.0509135736759831,0.0,0.0,0.07273367667997586,"{""status"": ""ok""}"
control,threshold_survival,0.5,3,affinity_rank_group,primary,1,0.0,0.0,0.0,0.07273367667997586,"{""status"": ""ok""}"
control,threshold_survival,0.5,3,affinity_rank_group,primary,2,0.007273367667997587,0.0,0.0,0.07273367667997586,"{""status"": ""ok""}"
control,threshold_survival,0.5,3,affinity_rank_group,primary,3,0.011528015007733858,0.0,0.0,0.07273367667997586,"{""status"": ""ok""}"
control,threshold_survival,0.5,3,affinity_rank_group,primary,4,0.014546735335995174,0.0,0.0,0.07273367667997586,"{""status"": ""ok""}"
control,threshold_survival,0.5,3,affinity_rank_group,primary,6,0.018801382675731445,0.0,0.0,0.07273367667997586,"{""status"": ""ok""}"
control,threshold_survival,0.5,3,affinity_rank_group,primary,8,0.021820103003992758,0.0,0.0,0.07273367667997586,"{""status"": ""ok""}"
control,threshold_survival,0.5,3,affinity_rank_group,primary,12,0.026074750343729032,0.0,0.0,0.07273367667997586,"{""status"": ""ok""}"
control,threshold_survival,0.5,3,affinity_rank_group,primary,16,0.02909347067199035,0.0,0.0,0.07273367667997586,"{""status"": ""ok""}"
control,threshold_survival,0.5,3,affinity_rank_group,primary,24,0.033348118011726616,0.0,0.0,0.07273367667997586,"{""status"": ""ok""}"
control,threshold_survival,0.5,3,affinity_rank_group,primary,32,0.03636683833998793,0.0,0.0,0.07273367667997586,"{""status"": ""ok""}"
control,threshold_survival,0.5,3,affinity_rank_group,primary,48,0.0406214856797242,0.0,0.0,0.07273367667997586,"{""status"": ""ok""}"
control,threshold_survival,0.5,3,affinity_rank_group,primary,64,0.043640206007985516,0.0,0.0,0.07273367667997586,"{""status"": ""ok""}"
control,threshold_survival,0.5,3,affinity_rank_group,primary,96,0.04789485334772179,0.0,0.0,0.07273367667997586,"{""status"": ""ok""}"
control,threshold_survival,0.5,3,affinity_rank_group,primary,128,0.0509135736759831,0.0,0.0,0.07273367667997586,"{""status"": ""ok""}"
control,threshold_survival,0.5,3,prefix_group,primary,1,0.014546735335995174,0.0,0.0,0.07273367667997586,"{""status"": ""ok""}"
control,threshold_survival,0.5,3,prefix_group,primary,2,0.014546735335995174,0.0,0.0,0.07273367667997586,"{""status"": ""ok""}"
control,threshold_survival,0.5,3,prefix_group,primary,3,0.014546735335995174,0.0,0.0,0.07273367667997586,"{""status"": ""ok""}"
control,threshold_survival,0.5,3,prefix_group,primary,4,0.014546735335995174,0.0,0.0,0.07273367667997586,"{""status"": ""ok""}"
control,threshold_survival,0.5,3,prefix_group,primary,6,0.02909347067199035,0.0,0.0,0.07273367667997586,"{""status"": ""ok""}"
control,threshold_survival,0.5,3,prefix_group,primary,8,0.02909347067199035,0.0,0.0,0.07273367667997586,"{""status"": ""ok""}"
control,threshold_survival,0.5,3,prefix_group,primary,12,0.02909347067199035,0.0,0.0,0.07273367667997586,"{""status"": ""ok""}"
control,threshold_survival,0.5,3,prefix_group,primary,16,0.02909347067199035,0.0,0.0,0.07273367667997586,"{""status"": ""ok""}"
control,threshold_survival,0.5,3,prefix_group,primary,24,0.043640206007985516,0.0,0.0,0.07273367667997586,"{""status"": ""ok""}"
control,threshold_survival,0.5,3,prefix_group,primary,32,0.043640206007985516,0.0,0.0,0.07273367667997586,"{""status"": ""ok""}"
control,threshold_survival,0.5,3,prefix_group,primary,48,0.043640206007985516,0.0,0.0,0.07273367667997586,"{""status"": ""ok""}"
control,threshold_survival,0.5,3,prefix_group,primary,64,0.043640206007985516,0.0,0.0,0.07273367667997586,"{""status"": ""ok""}"
control,threshold_survival,0.5,3,prefix_group,primary,96,0.0581869413439807,0.0,0.0,0.07273367667997586,"{""status"": ""ok""}"
control,threshold_survival,0.5,3,prefix_group,primary,128,0.0581869413439807,0.0,0.0,0.07273367667997586,"{""status"": ""ok""}"
control,threshold_survival,0.5,3,kmeans_profile,diagnostic_function_preserving,1,0.0,0.0,0.0,0.07273367667997586,"{""diversity"": 0.0, ""k_used"": 1, ""status"": ""disabled_low_diversity""}"
control,threshold_survival,0.5,3,kmeans_profile,diagnostic_function_preserving,2,0.0,0.0,0.0,0.07273367667997586,"{""diversity"": 0.0, ""k_used"": 1, ""status"": ""disabled_low_diversity""}"
control,threshold_survival,0.5,3,kmeans_profile,diagnostic_function_preserving,3,0.0,0.0,0.0,0.07273367667997586,"{""diversity"": 0.0, ""k_used"": 1, ""status"": ""disabled_low_diversity""}"
control,threshold_survival,0.5,3,kmeans_profile,diagnostic_function_preserving,4,0.0,0.0,0.0,0.07273367667997586,"{""diversity"": 0.0, ""k_used"": 1, ""status"": ""disabled_low_diversity""}"
control,threshold_survival,0.5,3,kmeans_profile,diagnostic_function_preserving,6,0.0,0.0,0.0,0.07273367667997586,"{""diversity"": 0.0, ""k_used"": 1, ""status"": ""disabled_low_diversity""}"
control,threshold_survival,0.5,3,kmeans_profile,diagnostic_function_preserving,8,0.0,0.0,0.0,0.07273367667997586,"{""diversity"": 0.0, ""k_used"": 1, ""status"": ""disabled_low_diversity""}"
control,threshold_survival,0.5,3,kmeans_profile,diagnostic_function_preserving,12,0.0,0.0,0.0,0.07273367667997586,"{""diversity"": 0.0, ""k_used"": 1, ""status"": ""disabled_low_diversity""}"
control,threshold_survival,0.5,3,kmeans_profile,diagnostic_function_preserving,16,0.0,0.0,0.0,0.07273367667997586,"{""diversity"": 0.0, ""k_used"": 1, ""status"": ""disabled_low_diversity""}"
control,threshold_survival,0.5,3,kmeans_profile,diagnostic_function_preserving,24,0.0,0.0,0.0,0.07273367667997586,"{""diversity"": 0.0, ""k_used"": 1, ""status"": ""disabled_low_diversity""}"
control,threshold_survival,0.5,3,kmeans_profile,diagnostic_function_preserving,32,0.0,0.0,0.0,0.07273367667997586,"{""diversity"": 0.0, ""k_used"": 1, ""status"": ""disabled_low_diversity""}"
control,threshold_survival,0.5,3,kmeans_profile,diagnostic_function_preserving,48,0.0,0.0,0.0,0.07273367667997586,"{""diversity"": 0.0, ""k_used"": 1, ""status"": ""disabled_low_diversity""}"
control,threshold_survival,0.5,3,kmeans_profile,diagnostic_function_preserving,64,0.0,0.0,0.0,0.07273367667997586,"{""diversity"": 0.0, ""k_used"": 1, ""status"": ""disabled_low_diversity""}"
control,threshold_survival,0.5,3,kmeans_profile,diagnostic_function_preserving,96,0.0,0.0,0.0,0.07273367667997586,"{""diversity"": 0.0, ""k_used"": 1, ""status"": ""disabled_low_diversity""}"
control,threshold_survival,0.5,3,kmeans_profile,diagnostic_function_preserving,128,0.0,0.0,0.0,0.07273367667997586,"{""diversity"": 0.0, ""k_used"": 1, ""status"": ""disabled_low_diversity""}"
control,threshold_survival,0.5,4,balanced_random_group,primary,1,0.0,0.0,0.0,0.07592938211729286,"{""status"": ""ok""}"
control,threshold_survival,0.5,4,balanced_random_group,primary,2,0.0075929382117292865,0.0,0.0,0.07592938211729286,"{""status"": ""ok""}"
control,threshold_survival,0.5,4,balanced_random_group,primary,3,0.01203452233588367,0.0,0.0,0.07592938211729286,"{""status"": ""ok""}"
control,threshold_survival,0.5,4,balanced_random_group,primary,4,0.015185876423458573,0.0,0.0,0.07592938211729286,"{""status"": ""ok""}"
control,threshold_survival,0.5,4,balanced_random_group,primary,6,0.01962746054761296,0.0,0.0,0.07592938211729286,"{""status"": ""ok""}"
control,threshold_survival,0.5,4,balanced_random_group,primary,8,0.02277881463518786,0.0,0.0,0.07592938211729286,"{""status"": ""ok""}"
control,threshold_survival,0.5,4,balanced_random_group,primary,12,0.027220398759342245,0.0,0.0,0.07592938211729286,"{""status"": ""ok""}"
control,threshold_survival,0.5,4,balanced_random_group,primary,16,0.030371752846917146,0.0,0.0,0.07592938211729286,"{""status"": ""ok""}"
control,threshold_survival,0.5,4,balanced_random_group,primary,24,0.03481333697107153,0.0,0.0,0.07592938211729286,"{""status"": ""ok""}"
control,threshold_survival,0.5,4,balanced_random_group,primary,32,0.03796469105864643,0.0,0.0,0.07592938211729286,"{""status"": ""ok""}"
control,threshold_survival,0.5,4,balanced_random_group,primary,48,0.04240627518280081,0.0,0.0,0.07592938211729286,"{""status"": ""ok""}"
control,threshold_survival,0.5,4,balanced_random_group,primary,64,0.04555762927037572,0.0,0.0,0.07592938211729286,"{""status"": ""ok""}"
control,threshold_survival,0.5,4,balanced_random_group,primary,96,0.049999213394530104,0.0,0.0,0.07592938211729286,"{""status"": ""ok""}"
control,threshold_survival,0.5,4,balanced_random_group,primary,128,0.053150567482105,0.0,0.0,0.07592938211729286,"{""status"": ""ok""}"
control,threshold_survival,0.5,4,affinity_rank_group,primary,1,0.0,0.0,0.0,0.07592938211729286,"{""status"": ""ok""}"
control,threshold_survival,0.5,4,affinity_rank_group,primary,2,0.0075929382117292865,0.0,0.0,0.07592938211729286,"{""status"": ""ok""}"
control,threshold_survival,0.5,4,affinity_rank_group,primary,3,0.01203452233588367,0.0,0.0,0.07592938211729286,"{""status"": ""ok""}"
control,threshold_survival,0.5,4,affinity_rank_group,primary,4,0.015185876423458573,0.0,0.0,0.07592938211729286,"{""status"": ""ok""}"
control,threshold_survival,0.5,4,affinity_rank_group,primary,6,0.01962746054761296,0.0,0.0,0.07592938211729286,"{""status"": ""ok""}"
control,threshold_survival,0.5,4,affinity_rank_group,primary,8,0.02277881463518786,0.0,0.0,0.07592938211729286,"{""status"": ""ok""}"
control,threshold_survival,0.5,4,affinity_rank_group,primary,12,0.027220398759342245,0.0,0.0,0.07592938211729286,"{""status"": ""ok""}"
control,threshold_survival,0.5,4,affinity_rank_group,primary,16,0.030371752846917146,0.0,0.0,0.07592938211729286,"{""status"": ""ok""}"
control,threshold_survival,0.5,4,affinity_rank_group,primary,24,0.03481333697107153,0.0,0.0,0.07592938211729286,"{""status"": ""ok""}"
control,threshold_survival,0.5,4,affinity_rank_group,primary,32,0.03796469105864643,0.0,0.0,0.07592938211729286,"{""status"": ""ok""}"
control,threshold_survival,0.5,4,affinity_rank_group,primary,48,0.04240627518280081,0.0,0.0,0.07592938211729286,"{""status"": ""ok""}"
control,threshold_survival,0.5,4,affinity_rank_group,primary,64,0.04555762927037572,0.0,0.0,0.07592938211729286,"{""status"": ""ok""}"
control,threshold_survival,0.5,4,affinity_rank_group,primary,96,0.049999213394530104,0.0,0.0,0.07592938211729286,"{""status"": ""ok""}"
control,threshold_survival,0.5,4,affinity_rank_group,primary,128,0.053150567482105,0.0,0.0,0.07592938211729286,"{""status"": ""ok""}"
control,threshold_survival,0.5,4,prefix_group,primary,1,0.015185876423458573,0.0,0.0,0.07592938211729286,"{""status"": ""ok""}"
control,threshold_survival,0.5,4,prefix_group,primary,2,0.015185876423458573,0.0,0.0,0.07592938211729286,"{""status"": ""ok""}"
control,threshold_survival,0.5,4,prefix_group,primary,3,0.015185876423458573,0.0,0.0,0.07592938211729286,"{""status"": ""ok""}"
control,threshold_survival,0.5,4,prefix_group,primary,4,0.015185876423458573,0.0,0.0,0.07592938211729286,"{""status"": ""ok""}"
control,threshold_survival,0.5,4,prefix_group,primary,6,0.030371752846917146,0.0,0.0,0.07592938211729286,"{""status"": ""ok""}"
control,threshold_survival,0.5,4,prefix_group,primary,8,0.030371752846917146,0.0,0.0,0.07592938211729286,"{""status"": ""ok""}"
control,threshold_survival,0.5,4,prefix_group,primary,12,0.030371752846917146,0.0,0.0,0.07592938211729286,"{""status"": ""ok""}"
control,threshold_survival,0.5,4,prefix_group,primary,16,0.030371752846917146,0.0,0.0,0.07592938211729286,"{""status"": ""ok""}"
control,threshold_survival,0.5,4,prefix_group,primary,24,0.04555762927037572,0.0,0.0,0.07592938211729286,"{""status"": ""ok""}"
control,threshold_survival,0.5,4,prefix_group,primary,32,0.04555762927037572,0.0,0.0,0.07592938211729286,"{""status"": ""ok""}"
control,threshold_survival,0.5,4,prefix_group,primary,48,0.04555762927037572,0.0,0.0,0.07592938211729286,"{""status"": ""ok""}"
control,threshold_survival,0.5,4,prefix_group,primary,64,0.04555762927037572,0.0,0.0,0.07592938211729286,"{""status"": ""ok""}"
control,threshold_survival,0.5,4,prefix_group,primary,96,0.06074350569383429,0.0,0.0,0.07592938211729286,"{""status"": ""ok""}"
control,threshold_survival,0.5,4,prefix_group,primary,128,0.06074350569383429,0.0,0.0,0.07592938211729286,"{""status"": ""ok""}"
control,threshold_survival,0.5,4,kmeans_profile,diagnostic_function_preserving,1,0.0,0.0,0.0,0.07592938211729286,"{""diversity"": 0.0, ""k_used"": 1, ""status"": ""disabled_low_diversity""}"
control,threshold_survival,0.5,4,kmeans_profile,diagnostic_function_preserving,2,0.0,0.0,0.0,0.07592938211729286,"{""diversity"": 0.0, ""k_used"": 1, ""status"": ""disabled_low_diversity""}"
control,threshold_survival,0.5,4,kmeans_profile,diagnostic_function_preserving,3,0.0,0.0,0.0,0.07592938211729286,"{""diversity"": 0.0, ""k_used"": 1, ""status"": ""disabled_low_diversity""}"
control,threshold_survival,0.5,4,kmeans_profile,diagnostic_function_preserving,4,0.0,0.0,0.0,0.07592938211729286,"{""diversity"": 0.0, ""k_used"": 1, ""status"": ""disabled_low_diversity""}"
control,threshold_survival,0.5,4,kmeans_profile,diagnostic_function_preserving,6,0.0,0.0,0.0,0.07592938211729286,"{""diversity"": 0.0, ""k_used"": 1, ""status"": ""disabled_low_diversity""}"
control,threshold_survival,0.5,4,kmeans_profile,diagnostic_function_preserving,8,0.0,0.0,0.0,0.07592938211729286,"{""diversity"": 0.0, ""k_used"": 1, ""status"": ""disabled_low_diversity""}"
control,threshold_survival,0.5,4,kmeans_profile,diagnostic_function_preserving,12,0.0,0.0,0.0,0.07592938211729286,"{""diversity"": 0.0, ""k_used"": 1, ""status"": ""disabled_low_diversity""}"
control,threshold_survival,0.5,4,kmeans_profile,diagnostic_function_preserving,16,0.0,0.0,0.0,0.07592938211729286,"{""diversity"": 0.0, ""k_used"": 1, ""status"": ""disabled_low_diversity""}"
control,threshold_survival,0.5,4,kmeans_profile,diagnostic_function_preserving,24,0.0,0.0,0.0,0.07592938211729286,"{""diversity"": 0.0, ""k_used"": 1, ""status"": ""disabled_low_diversity""}"
control,threshold_survival,0.5,4,kmeans_profile,diagnostic_function_preserving,32,0.0,0.0,0.0,0.07592938211729286,"{""diversity"": 0.0, ""k_used"": 1, ""status"": ""disabled_low_diversity""}"
control,threshold_survival,0.5,4,kmeans_profile,diagnostic_function_preserving,48,0.0,0.0,0.0,0.07592938211729286,"{""diversity"": 0.0, ""k_used"": 1, ""status"": ""disabled_low_diversity""}"
control,threshold_survival,0.5,4,kmeans_profile,diagnostic_function_preserving,64,0.0,0.0,0.0,0.07592938211729286,"{""diversity"": 0.0, ""k_used"": 1, ""status"": ""disabled_low_diversity""}"
control,threshold_survival,0.5,4,kmeans_profile,diagnostic_function_preserving,96,0.0,0.0,0.0,0.07592938211729286,"{""diversity"": 0.0, ""k_used"": 1, ""status"": ""disabled_low_diversity""}"
control,threshold_survival,0.5,4,kmeans_profile,diagnostic_function_preserving,128,0.0,0.0,0.0,0.07592938211729286,"{""diversity"": 0.0, ""k_used"": 1, ""status"": ""disabled_low_diversity""}"
control,threshold_survival,0.5,5,balanced_random_group,primary,1,0.0,0.0,0.0,0.07488955419875554,"{""status"": ""ok""}"
control,threshold_survival,0.5,5,balanced_random_group,primary,2,0.007488955419875554,0.0,0.0,0.07488955419875554,"{""status"": ""ok""}"
control,threshold_survival,0.5,5,balanced_random_group,primary,3,0.011869713510075212,0.0,0.0,0.07488955419875554,"{""status"": ""ok""}"
control,threshold_survival,0.5,5,balanced_random_group,primary,4,0.014977910839751108,0.0,0.0,0.07488955419875554,"{""status"": ""ok""}"
control,threshold_survival,0.5,5,balanced_random_group,primary,6,0.019358668929950768,0.0,0.0,0.07488955419875554,"{""status"": ""ok""}"
control,threshold_survival,0.5,5,balanced_random_group,primary,8,0.02246686625962666,0.0,0.0,0.07488955419875554,"{""status"": ""ok""}"
control,threshold_survival,0.5,5,balanced_random_group,primary,12,0.02684762434982632,0.0,0.0,0.07488955419875554,"{""status"": ""ok""}"
control,threshold_survival,0.5,5,balanced_random_group,primary,16,0.029955821679502215,0.0,0.0,0.07488955419875554,"{""status"": ""ok""}"
control,threshold_survival,0.5,5,balanced_random_group,primary,24,0.03433657976970187,0.0,0.0,0.07488955419875554,"{""status"": ""ok""}"
control,threshold_survival,0.5,5,balanced_random_group,primary,32,0.03744477709937777,0.0,0.0,0.07488955419875554,"{""status"": ""ok""}"
control,threshold_survival,0.5,5,balanced_random_group,primary,48,0.04182553518957743,0.0,0.0,0.07488955419875554,"{""status"": ""ok""}"
control,threshold_survival,0.5,5,balanced_random_group,primary,64,0.04493373251925332,0.0,0.0,0.07488955419875554,"{""status"": ""ok""}"
control,threshold_survival,0.5,5,balanced_random_group,primary,96,0.049314490609452984,0.0,0.0,0.07488955419875554,"{""status"": ""ok""}"
control,threshold_survival,0.5,5,balanced_random_group,primary,128,0.052422687939128874,0.0,0.0,0.07488955419875554,"{""status"": ""ok""}"
control,threshold_survival,0.5,5,affinity_rank_group,primary,1,0.0,0.0,0.0,0.07488955419875554,"{""status"": ""ok""}"
control,threshold_survival,0.5,5,affinity_rank_group,primary,2,0.007488955419875554,0.0,0.0,0.07488955419875554,"{""status"": ""ok""}"
control,threshold_survival,0.5,5,affinity_rank_group,primary,3,0.011869713510075212,0.0,0.0,0.07488955419875554,"{""status"": ""ok""}"
control,threshold_survival,0.5,5,affinity_rank_group,primary,4,0.014977910839751108,0.0,0.0,0.07488955419875554,"{""status"": ""ok""}"
control,threshold_survival,0.5,5,affinity_rank_group,primary,6,0.019358668929950768,0.0,0.0,0.07488955419875554,"{""status"": ""ok""}"
control,threshold_survival,0.5,5,affinity_rank_group,primary,8,0.02246686625962666,0.0,0.0,0.07488955419875554,"{""status"": ""ok""}"
control,threshold_survival,0.5,5,affinity_rank_group,primary,12,0.02684762434982632,0.0,0.0,0.07488955419875554,"{""status"": ""ok""}"
control,threshold_survival,0.5,5,affinity_rank_group,primary,16,0.029955821679502215,0.0,0.0,0.07488955419875554,"{""status"": ""ok""}"
control,threshold_survival,0.5,5,affinity_rank_group,primary,24,0.03433657976970187,0.0,0.0,0.07488955419875554,"{""status"": ""ok""}"
control,threshold_survival,0.5,5,affinity_rank_group,primary,32,0.03744477709937777,0.0,0.0,0.07488955419875554,"{""status"": ""ok""}"
control,threshold_survival,0.5,5,affinity_rank_group,primary,48,0.04182553518957743,0.0,0.0,0.07488955419875554,"{""status"": ""ok""}"
control,threshold_survival,0.5,5,affinity_rank_group,primary,64,0.04493373251925332,0.0,0.0,0.07488955419875554,"{""status"": ""ok""}"
control,threshold_survival,0.5,5,affinity_rank_group,primary,96,0.049314490609452984,0.0,0.0,0.07488955419875554,"{""status"": ""ok""}"
control,threshold_survival,0.5,5,affinity_rank_group,primary,128,0.052422687939128874,0.0,0.0,0.07488955419875554,"{""status"": ""ok""}"
control,threshold_survival,0.5,5,prefix_group,primary,1,0.014977910839751108,0.0,0.0,0.07488955419875554,"{""status"": ""ok""}"
control,threshold_survival,0.5,5,prefix_group,primary,2,0.014977910839751108,0.0,0.0,0.07488955419875554,"{""status"": ""ok""}"
control,threshold_survival,0.5,5,prefix_group,primary,3,0.014977910839751108,0.0,0.0,0.07488955419875554,"{""status"": ""ok""}"
control,threshold_survival,0.5,5,prefix_group,primary,4,0.014977910839751108,0.0,0.0,0.07488955419875554,"{""status"": ""ok""}"
control,threshold_survival,0.5,5,prefix_group,primary,6,0.029955821679502215,0.0,0.0,0.07488955419875554,"{""status"": ""ok""}"
control,threshold_survival,0.5,5,prefix_group,primary,8,0.029955821679502215,0.0,0.0,0.07488955419875554,"{""status"": ""ok""}"
control,threshold_survival,0.5,5,prefix_group,primary,12,0.029955821679502215,0.0,0.0,0.07488955419875554,"{""status"": ""ok""}"
control,threshold_survival,0.5,5,prefix_group,primary,16,0.029955821679502215,0.0,0.0,0.07488955419875554,"{""status"": ""ok""}"
control,threshold_survival,0.5,5,prefix_group,primary,24,0.04493373251925332,0.0,0.0,0.07488955419875554,"{""status"": ""ok""}"
control,threshold_survival,0.5,5,prefix_group,primary,32,0.04493373251925332,0.0,0.0,0.07488955419875554,"{""status"": ""ok""}"
control,threshold_survival,0.5,5,prefix_group,primary,48,0.04493373251925332,0.0,0.0,0.07488955419875554,"{""status"": ""ok""}"
control,threshold_survival,0.5,5,prefix_group,primary,64,0.04493373251925332,0.0,0.0,0.07488955419875554,"{""status"": ""ok""}"
control,threshold_survival,0.5,5,prefix_group,primary,96,0.05991164335900443,0.0,0.0,0.07488955419875554,"{""status"": ""ok""}"
control,threshold_survival,0.5,5,prefix_group,primary,128,0.05991164335900443,0.0,0.0,0.07488955419875554,"{""status"": ""ok""}"
control,threshold_survival,0.5,5,kmeans_profile,diagnostic_function_preserving,1,0.0,0.0,0.0,0.07488955419875554,"{""diversity"": 0.0, ""k_used"": 1, ""status"": ""disabled_low_diversity""}"
control,threshold_survival,0.5,5,kmeans_profile,diagnostic_function_preserving,2,0.0,0.0,0.0,0.07488955419875554,"{""diversity"": 0.0, ""k_used"": 1, ""status"": ""disabled_low_diversity""}"
control,threshold_survival,0.5,5,kmeans_profile,diagnostic_function_preserving,3,0.0,0.0,0.0,0.07488955419875554,"{""diversity"": 0.0, ""k_used"": 1, ""status"": ""disabled_low_diversity""}"
control,threshold_survival,0.5,5,kmeans_profile,diagnostic_function_preserving,4,0.0,0.0,0.0,0.07488955419875554,"{""diversity"": 0.0, ""k_used"": 1, ""status"": ""disabled_low_diversity""}"
control,threshold_survival,0.5,5,kmeans_profile,diagnostic_function_preserving,6,0.0,0.0,0.0,0.07488955419875554,"{""diversity"": 0.0, ""k_used"": 1, ""status"": ""disabled_low_diversity""}"
control,threshold_survival,0.5,5,kmeans_profile,diagnostic_function_preserving,8,0.0,0.0,0.0,0.07488955419875554,"{""diversity"": 0.0, ""k_used"": 1, ""status"": ""disabled_low_diversity""}"
control,threshold_survival,0.5,5,kmeans_profile,diagnostic_function_preserving,12,0.0,0.0,0.0,0.07488955419875554,"{""diversity"": 0.0, ""k_used"": 1, ""status"": ""disabled_low_diversity""}"
control,threshold_survival,0.5,5,kmeans_profile,diagnostic_function_preserving,16,0.0,0.0,0.0,0.07488955419875554,"{""diversity"": 0.0, ""k_used"": 1, ""status"": ""disabled_low_diversity""}"
control,threshold_survival,0.5,5,kmeans_profile,diagnostic_function_preserving,24,0.0,0.0,0.0,0.07488955419875554,"{""diversity"": 0.0, ""k_used"": 1, ""status"": ""disabled_low_diversity""}"
control,threshold_survival,0.5,5,kmeans_profile,diagnostic_function_preserving,32,0.0,0.0,0.0,0.07488955419875554,"{""diversity"": 0.0, ""k_used"": 1, ""status"": ""disabled_low_diversity""}"
control,threshold_survival,0.5,5,kmeans_profile,diagnostic_function_preserving,48,0.0,0.0,0.0,0.07488955419875554,"{""diversity"": 0.0, ""k_used"": 1, ""status"": ""disabled_low_diversity""}"
control,threshold_survival,0.5,5,kmeans_profile,diagnostic_function_preserving,64,0.0,0.0,0.0,0.07488955419875554,"{""diversity"": 0.0, ""k_used"": 1, ""status"": ""disabled_low_diversity""}"
control,threshold_survival,0.5,5,kmeans_profile,diagnostic_function_preserving,96,0.0,0.0,0.0,0.07488955419875554,"{""diversity"": 0.0, ""k_used"": 1, ""status"": ""disabled_low_diversity""}"
control,threshold_survival,0.5,5,kmeans_profile,diagnostic_function_preserving,128,0.0,0.0,0.0,0.07488955419875554,"{""diversity"": 0.0, ""k_used"": 1, ""status"": ""disabled_low_diversity""}"
control,threshold_survival,0.5,6,balanced_random_group,primary,1,0.0,0.0,0.0,0.07902960236979617,"{""status"": ""ok""}"
control,threshold_survival,0.5,6,balanced_random_group,primary,2,0.007902960236979617,0.0,0.0,0.07902960236979617,"{""status"": ""ok""}"
control,threshold_survival,0.5,6,balanced_random_group,primary,3,0.012525895620303073,0.0,0.0,0.07902960236979617,"{""status"": ""ok""}"
control,threshold_survival,0.5,6,balanced_random_group,primary,4,0.015805920473959234,0.0,0.0,0.07902960236979617,"{""status"": ""ok""}"
control,threshold_survival,0.5,6,balanced_random_group,primary,6,0.020428855857282692,0.0,0.0,0.07902960236979617,"{""status"": ""ok""}"
control,threshold_survival,0.5,6,balanced_random_group,primary,8,0.02370888071093885,0.0,0.0,0.07902960236979617,"{""status"": ""ok""}"
control,threshold_survival,0.5,6,balanced_random_group,primary,12,0.02833181609426231,0.0,0.0,0.07902960236979617,"{""status"": ""ok""}"
control,threshold_survival,0.5,6,balanced_random_group,primary,16,0.03161184094791847,0.0,0.0,0.07902960236979617,"{""status"": ""ok""}"
control,threshold_survival,0.5,6,balanced_random_group,primary,24,0.036234776331241926,0.0,0.0,0.07902960236979617,"{""status"": ""ok""}"
control,threshold_survival,0.5,6,balanced_random_group,primary,32,0.039514801184898085,0.0,0.0,0.07902960236979617,"{""status"": ""ok""}"
control,threshold_survival,0.5,6,balanced_random_group,primary,48,0.044137736568221536,0.0,0.0,0.07902960236979617,"{""status"": ""ok""}"
control,threshold_survival,0.5,6,balanced_random_group,primary,64,0.0474177614218777,0.0,0.0,0.07902960236979617,"{""status"": ""ok""}"
control,threshold_survival,0.5,6,balanced_random_group,primary,96,0.05204069680520116,0.0,0.0,0.07902960236979617,"{""status"": ""ok""}"
control,threshold_survival,0.5,6,balanced_random_group,primary,128,0.05532072165885731,0.0,0.0,0.07902960236979617,"{""status"": ""ok""}"
control,threshold_survival,0.5,6,affinity_rank_group,primary,1,0.0,0.0,0.0,0.07902960236979617,"{""status"": ""ok""}"
control,threshold_survival,0.5,6,affinity_rank_group,primary,2,0.007902960236979617,0.0,0.0,0.07902960236979617,"{""status"": ""ok""}"
control,threshold_survival,0.5,6,affinity_rank_group,primary,3,0.012525895620303073,0.0,0.0,0.07902960236979617,"{""status"": ""ok""}"
control,threshold_survival,0.5,6,affinity_rank_group,primary,4,0.015805920473959234,0.0,0.0,0.07902960236979617,"{""status"": ""ok""}"
control,threshold_survival,0.5,6,affinity_rank_group,primary,6,0.020428855857282692,0.0,0.0,0.07902960236979617,"{""status"": ""ok""}"
control,threshold_survival,0.5,6,affinity_rank_group,primary,8,0.02370888071093885,0.0,0.0,0.07902960236979617,"{""status"": ""ok""}"
control,threshold_survival,0.5,6,affinity_rank_group,primary,12,0.02833181609426231,0.0,0.0,0.07902960236979617,"{""status"": ""ok""}"
control,threshold_survival,0.5,6,affinity_rank_group,primary,16,0.03161184094791847,0.0,0.0,0.07902960236979617,"{""status"": ""ok""}"
control,threshold_survival,0.5,6,affinity_rank_group,primary,24,0.036234776331241926,0.0,0.0,0.07902960236979617,"{""status"": ""ok""}"
control,threshold_survival,0.5,6,affinity_rank_group,primary,32,0.039514801184898085,0.0,0.0,0.07902960236979617,"{""status"": ""ok""}"
control,threshold_survival,0.5,6,affinity_rank_group,primary,48,0.044137736568221536,0.0,0.0,0.07902960236979617,"{""status"": ""ok""}"
control,threshold_survival,0.5,6,affinity_rank_group,primary,64,0.0474177614218777,0.0,0.0,0.07902960236979617,"{""status"": ""ok""}"
control,threshold_survival,0.5,6,affinity_rank_group,primary,96,0.05204069680520116,0.0,0.0,0.07902960236979617,"{""status"": ""ok""}"
control,threshold_survival,0.5,6,affinity_rank_group,primary,128,0.05532072165885731,0.0,0.0,0.07902960236979617,"{""status"": ""ok""}"
control,threshold_survival,0.5,6,prefix_group,primary,1,0.015805920473959234,0.0,0.0,0.07902960236979617,"{""status"": ""ok""}"
control,threshold_survival,0.5,6,prefix_group,primary,2,0.015805920473959234,0.0,0.0,0.07902960236979617,"{""status"": ""ok""}"
control,threshold_survival,0.5,6,prefix_group,primary,3,0.015805920473959234,0.0,0.0,0.07902960236979617,"{""status"": ""ok""}"
control,threshold_survival,0.5,6,prefix_group,primary,4,0.015805920473959234,0.0,0.0,0.07902960236979617,"{""status"": ""ok""}"
control,threshold_survival,0.5,6,prefix_group,primary,6,0.03161184094791847,0.0,0.0,0.07902960236979617,"{""status"": ""ok""}"
control,threshold_survival,0.5,6,prefix_group,primary,8,0.03161184094791847,0.0,0.0,0.07902960236979617,"{""status"": ""ok""}"
control,threshold_survival,0.5,6,prefix_group,primary,12,0.03161184094791847,0.0,0.0,0.07902960236979617,"{""status"": ""ok""}"
control,threshold_survival,0.5,6,prefix_group,primary,16,0.03161184094791847,0.0,0.0,0.07902960236979617,"{""status"": ""ok""}"
control,threshold_survival,0.5,6,prefix_group,primary,24,0.0474177614218777,0.0,0.0,0.07902960236979617,"{""status"": ""ok""}"
control,threshold_survival,0.5,6,prefix_group,primary,32,0.0474177614218777,0.0,0.0,0.07902960236979617,"{""status"": ""ok""}"
control,threshold_survival,0.5,6,prefix_group,primary,48,0.0474177614218777,0.0,0.0,0.07902960236979617,"{""status"": ""ok""}"
control,threshold_survival,0.5,6,prefix_group,primary,64,0.0474177614218777,0.0,0.0,0.07902960236979617,"{""status"": ""ok""}"
control,threshold_survival,0.5,6,prefix_group,primary,96,0.06322368189583694,0.0,0.0,0.07902960236979617,"{""status"": ""ok""}"
control,threshold_survival,0.5,6,prefix_group,primary,128,0.06322368189583694,0.0,0.0,0.07902960236979617,"{""status"": ""ok""}"
control,threshold_survival,0.5,6,kmeans_profile,diagnostic_function_preserving,1,0.0,0.0,0.0,0.07902960236979617,"{""diversity"": 0.0, ""k_used"": 1, ""status"": ""disabled_low_diversity""}"
control,threshold_survival,0.5,6,kmeans_profile,diagnostic_function_preserving,2,0.0,0.0,0.0,0.07902960236979617,"{""diversity"": 0.0, ""k_used"": 1, ""status"": ""disabled_low_diversity""}"
control,threshold_survival,0.5,6,kmeans_profile,diagnostic_function_preserving,3,0.0,0.0,0.0,0.07902960236979617,"{""diversity"": 0.0, ""k_used"": 1, ""status"": ""disabled_low_diversity""}"
control,threshold_survival,0.5,6,kmeans_profile,diagnostic_function_preserving,4,0.0,0.0,0.0,0.07902960236979617,"{""diversity"": 0.0, ""k_used"": 1, ""status"": ""disabled_low_diversity""}"
control,threshold_survival,0.5,6,kmeans_profile,diagnostic_function_preserving,6,0.0,0.0,0.0,0.07902960236979617,"{""diversity"": 0.0, ""k_used"": 1, ""status"": ""disabled_low_diversity""}"
control,threshold_survival,0.5,6,kmeans_profile,diagnostic_function_preserving,8,0.0,0.0,0.0,0.07902960236979617,"{""diversity"": 0.0, ""k_used"": 1, ""status"": ""disabled_low_diversity""}"
control,threshold_survival,0.5,6,kmeans_profile,diagnostic_function_preserving,12,0.0,0.0,0.0,0.07902960236979617,"{""diversity"": 0.0, ""k_used"": 1, ""status"": ""disabled_low_diversity""}"
control,threshold_survival,0.5,6,kmeans_profile,diagnostic_function_preserving,16,0.0,0.0,0.0,0.07902960236979617,"{""diversity"": 0.0, ""k_used"": 1, ""status"": ""disabled_low_diversity""}"
control,threshold_survival,0.5,6,kmeans_profile,diagnostic_function_preserving,24,0.0,0.0,0.0,0.07902960236979617,"{""diversity"": 0.0, ""k_used"": 1, ""status"": ""disabled_low_diversity""}"
control,threshold_survival,0.5,6,kmeans_profile,diagnostic_function_preserving,32,0.0,0.0,0.0,0.07902960236979617,"{""diversity"": 0.0, ""k_used"": 1, ""status"": ""disabled_low_diversity""}"
control,threshold_survival,0.5,6,kmeans_profile,diagnostic_function_preserving,48,0.0,0.0,0.0,0.07902960236979617,"{""diversity"": 0.0, ""k_used"": 1, ""status"": ""disabled_low_diversity""}"
control,threshold_survival,0.5,6,kmeans_profile,diagnostic_function_preserving,64,0.0,0.0,0.0,0.07902960236979617,"{""diversity"": 0.0, ""k_used"": 1, ""status"": ""disabled_low_diversity""}"
control,threshold_survival,0.5,6,kmeans_profile,diagnostic_function_preserving,96,0.0,0.0,0.0,0.07902960236979617,"{""diversity"": 0.0, ""k_used"": 1, ""status"": ""disabled_low_diversity""}"
control,threshold_survival,0.5,6,kmeans_profile,diagnostic_function_preserving,128,0.0,0.0,0.0,0.07902960236979617,"{""diversity"": 0.0, ""k_used"": 1, ""status"": ""disabled_low_diversity""}"
control,threshold_survival,0.5,7,balanced_random_group,primary,1,0.0,0.0,0.0,0.07492819875857801,"{""status"": ""ok""}"
control,threshold_survival,0.5,7,balanced_random_group,primary,2,0.007492819875857801,0.0,0.0,0.07492819875857801,"{""status"": ""ok""}"
control,threshold_survival,0.5,7,balanced_random_group,primary,3,0.01187583852789276,0.0,0.0,0.07492819875857801,"{""status"": ""ok""}"
control,threshold_survival,0.5,7,balanced_random_group,primary,4,0.014985639751715601,0.0,0.0,0.07492819875857801,"{""status"": ""ok""}"
control,threshold_survival,0.5,7,balanced_random_group,primary,6,0.019368658403750565,0.0,0.0,0.07492819875857801,"{""status"": ""ok""}"
control,threshold_survival,0.5,7,balanced_random_group,primary,8,0.022478459627573402,0.0,0.0,0.07492819875857801,"{""status"": ""ok""}"
control,threshold_survival,0.5,7,balanced_random_group,primary,12,0.026861478279608362,0.0,0.0,0.07492819875857801,"{""status"": ""ok""}"
control,threshold_survival,0.5,7,balanced_random_group,primary,16,0.029971279503431203,0.0,0.0,0.07492819875857801,"{""status"": ""ok""}"
control,threshold_survival,0.5,7,balanced_random_group,primary,24,0.03435429815546616,0.0,0.0,0.07492819875857801,"{""status"": ""ok""}"
control,threshold_survival,0.5,7,balanced_random_group,primary,32,0.037464099379289004,0.0,0.0,0.07492819875857801,"{""status"": ""ok""}"
control,threshold_survival,0.5,7,balanced_random_group,primary,48,0.04184711803132396,0.0,0.0,0.07492819875857801,"{""status"": ""ok""}"
control,threshold_survival,0.5,7,balanced_random_group,primary,64,0.044956919255146804,0.0,0.0,0.07492819875857801,"{""status"": ""ok""}"
control,threshold_survival,0.5,7,balanced_random_group,primary,96,0.04933993790718177,0.0,0.0,0.07492819875857801,"{""status"": ""ok""}"
control,threshold_survival,0.5,7,balanced_random_group,primary,128,0.052449739131004605,0.0,0.0,0.07492819875857801,"{""status"": ""ok""}"
control,threshold_survival,0.5,7,affinity_rank_group,primary,1,0.0,0.0,0.0,0.07492819875857801,"{""status"": ""ok""}"
control,threshold_survival,0.5,7,affinity_rank_group,primary,2,0.007492819875857801,0.0,0.0,0.07492819875857801,"{""status"": ""ok""}"
control,threshold_survival,0.5,7,affinity_rank_group,primary,3,0.01187583852789276,0.0,0.0,0.07492819875857801,"{""status"": ""ok""}"
control,threshold_survival,0.5,7,affinity_rank_group,primary,4,0.014985639751715601,0.0,0.0,0.07492819875857801,"{""status"": ""ok""}"
control,threshold_survival,0.5,7,affinity_rank_group,primary,6,0.019368658403750565,0.0,0.0,0.07492819875857801,"{""status"": ""ok""}"
control,threshold_survival,0.5,7,affinity_rank_group,primary,8,0.022478459627573402,0.0,0.0,0.07492819875857801,"{""status"": ""ok""}"
control,threshold_survival,0.5,7,affinity_rank_group,primary,12,0.026861478279608362,0.0,0.0,0.07492819875857801,"{""status"": ""ok""}"
control,threshold_survival,0.5,7,affinity_rank_group,primary,16,0.029971279503431203,0.0,0.0,0.07492819875857801,"{""status"": ""ok""}"
control,threshold_survival,0.5,7,affinity_rank_group,primary,24,0.03435429815546616,0.0,0.0,0.07492819875857801,"{""status"": ""ok""}"
control,threshold_survival,0.5,7,affinity_rank_group,primary,32,0.037464099379289004,0.0,0.0,0.07492819875857801,"{""status"": ""ok""}"
control,threshold_survival,0.5,7,affinity_rank_group,primary,48,0.04184711803132396,0.0,0.0,0.07492819875857801,"{""status"": ""ok""}"
control,threshold_survival,0.5,7,affinity_rank_group,primary,64,0.044956919255146804,0.0,0.0,0.07492819875857801,"{""status"": ""ok""}"
control,threshold_survival,0.5,7,affinity_rank_group,primary,96,0.04933993790718177,0.0,0.0,0.07492819875857801,"{""status"": ""ok""}"
control,threshold_survival,0.5,7,affinity_rank_group,primary,128,0.052449739131004605,0.0,0.0,0.07492819875857801,"{""status"": ""ok""}"
control,threshold_survival,0.5,7,prefix_group,primary,1,0.014985639751715601,0.0,0.0,0.07492819875857801,"{""status"": ""ok""}"
control,threshold_survival,0.5,7,prefix_group,primary,2,0.014985639751715601,0.0,0.0,0.07492819875857801,"{""status"": ""ok""}"
control,threshold_survival,0.5,7,prefix_group,primary,3,0.014985639751715601,0.0,0.0,0.07492819875857801,"{""status"": ""ok""}"
control,threshold_survival,0.5,7,prefix_group,primary,4,0.014985639751715601,0.0,0.0,0.07492819875857801,"{""status"": ""ok""}"
control,threshold_survival,0.5,7,prefix_group,primary,6,0.029971279503431203,0.0,0.0,0.07492819875857801,"{""status"": ""ok""}"
control,threshold_survival,0.5,7,prefix_group,primary,8,0.029971279503431203,0.0,0.0,0.07492819875857801,"{""status"": ""ok""}"
control,threshold_survival,0.5,7,prefix_group,primary,12,0.029971279503431203,0.0,0.0,0.07492819875857801,"{""status"": ""ok""}"
control,threshold_survival,0.5,7,prefix_group,primary,16,0.029971279503431203,0.0,0.0,0.07492819875857801,"{""status"": ""ok""}"
control,threshold_survival,0.5,7,prefix_group,primary,24,0.044956919255146804,0.0,0.0,0.07492819875857801,"{""status"": ""ok""}"
control,threshold_survival,0.5,7,prefix_group,primary,32,0.044956919255146804,0.0,0.0,0.07492819875857801,"{""status"": ""ok""}"
control,threshold_survival,0.5,7,prefix_group,primary,48,0.044956919255146804,0.0,0.0,0.07492819875857801,"{""status"": ""ok""}"
control,threshold_survival,0.5,7,prefix_group,primary,64,0.044956919255146804,0.0,0.0,0.07492819875857801,"{""status"": ""ok""}"
control,threshold_survival,0.5,7,prefix_group,primary,96,0.059942559006862406,0.0,0.0,0.07492819875857801,"{""status"": ""ok""}"
control,threshold_survival,0.5,7,prefix_group,primary,128,0.059942559006862406,0.0,0.0,0.07492819875857801,"{""status"": ""ok""}"
control,threshold_survival,0.5,7,kmeans_profile,diagnostic_function_preserving,1,0.0,0.0,0.0,0.07492819875857801,"{""diversity"": 0.0, ""k_used"": 1, ""status"": ""disabled_low_diversity""}"
control,threshold_survival,0.5,7,kmeans_profile,diagnostic_function_preserving,2,0.0,0.0,0.0,0.07492819875857801,"{""diversity"": 0.0, ""k_used"": 1, ""status"": ""disabled_low_diversity""}"
control,threshold_survival,0.5,7,kmeans_profile,diagnostic_function_preserving,3,0.0,0.0,0.0,0.07492819875857801,"{""diversity"": 0.0, ""k_used"": 1, ""status"": ""disabled_low_diversity""}"
control,threshold_survival,0.5,7,kmeans_profile,diagnostic_function_preserving,4,0.0,0.0,0.0,0.07492819875857801,"{""diversity"": 0.0, ""k_used"": 1, ""status"": ""disabled_low_diversity""}"
control,threshold_survival,0.5,7,kmeans_profile,diagnostic_function_preserving,6,0.0,0.0,0.0,0.07492819875857801,"{""diversity"": 0.0, ""k_used"": 1, ""status"": ""disabled_low_diversity""}"
control,threshold_survival,0.5,7,kmeans_profile,diagnostic_function_preserving,8,0.0,0.0,0.0,0.07492819875857801,"{""diversity"": 0.0, ""k_used"": 1, ""status"": ""disabled_low_diversity""}"
control,threshold_survival,0.5,7,kmeans_profile,diagnostic_function_preserving,12,0.0,0.0,0.0,0.07492819875857801,"{""diversity"": 0.0, ""k_used"": 1, ""status"": ""disabled_low_diversity""}"
control,threshold_survival,0.5,7,kmeans_profile,diagnostic_function_preserving,16,0.0,0.0,0.0,0.07492819875857801,"{""diversity"": 0.0, ""k_used"": 1, ""status"": ""disabled_low_diversity""}"
control,threshold_survival,0.5,7,kmeans_profile,diagnostic_function_preserving,24,0.0,0.0,0.0,0.07492819875857801,"{""diversity"": 0.0, ""k_used"": 1, ""status"": ""disabled_low_diversity""}"
control,threshold_survival,0.5,7,kmeans_profile,diagnostic_function_preserving,32,0.0,0.0,0.0,0.07492819875857801,"{""diversity"": 0.0, ""k_used"": 1, ""status"": ""disabled_low_diversity""}"
control,threshold_survival,0.5,7,kmeans_profile,diagnostic_function_preserving,48,0.0,0.0,0.0,0.07492819875857801,"{""diversity"": 0.0, ""k_used"": 1, ""status"": ""disabled_low_diversity""}"
control,threshold_survival,0.5,7,kmeans_profile,diagnostic_function_preserving,64,0.0,0.0,0.0,0.07492819875857801,"{""diversity"": 0.0, ""k_used"": 1, ""status"": ""disabled_low_diversity""}"
control,threshold_survival,0.5,7,kmeans_profile,diagnostic_function_preserving,96,0.0,0.0,0.0,0.07492819875857801,"{""diversity"": 0.0, ""k_used"": 1, ""status"": ""disabled_low_diversity""}"
control,threshold_survival,0.5,7,kmeans_profile,diagnostic_function_preserving,128,0.0,0.0,0.0,0.07492819875857801,"{""diversity"": 0.0, ""k_used"": 1, ""status"": ""disabled_low_diversity""}"
control,threshold_survival,0.5,8,balanced_random_group,primary,1,0.0,0.0,0.0,0.07280207585628304,"{""status"": ""ok""}"
control,threshold_survival,0.5,8,balanced_random_group,primary,2,0.007280207585628304,0.0,0.0,0.07280207585628304,"{""status"": ""ok""}"
control,threshold_survival,0.5,8,balanced_random_group,primary,3,0.011538856020686565,0.0,0.0,0.07280207585628304,"{""status"": ""ok""}"
control,threshold_survival,0.5,8,balanced_random_group,primary,4,0.014560415171256608,0.0,0.0,0.07280207585628304,"{""status"": ""ok""}"
control,threshold_survival,0.5,8,balanced_random_group,primary,6,0.01881906360631487,0.0,0.0,0.07280207585628304,"{""status"": ""ok""}"
control,threshold_survival,0.5,8,balanced_random_group,primary,8,0.02184062275688491,0.0,0.0,0.07280207585628304,"{""status"": ""ok""}"
control,threshold_survival,0.5,8,balanced_random_group,primary,12,0.026099271191943173,0.0,0.0,0.07280207585628304,"{""status"": ""ok""}"
control,threshold_survival,0.5,8,balanced_random_group,primary,16,0.029120830342513216,0.0,0.0,0.07280207585628304,"{""status"": ""ok""}"
control,threshold_survival,0.5,8,balanced_random_group,primary,24,0.03337947877757148,0.0,0.0,0.07280207585628304,"{""status"": ""ok""}"
control,threshold_survival,0.5,8,balanced_random_group,primary,32,0.03640103792814152,0.0,0.0,0.07280207585628304,"{""status"": ""ok""}"
control,threshold_survival,0.5,8,balanced_random_group,primary,48,0.040659686363199776,0.0,0.0,0.07280207585628304,"{""status"": ""ok""}"
control,threshold_survival,0.5,8,balanced_random_group,primary,64,0.04368124551376982,0.0,0.0,0.07280207585628304,"{""status"": ""ok""}"
control,threshold_survival,0.5,8,balanced_random_group,primary,96,0.04793989394882809,0.0,0.0,0.07280207585628304,"{""status"": ""ok""}"
control,threshold_survival,0.5,8,balanced_random_group,primary,128,0.050961453099398125,0.0,0.0,0.07280207585628304,"{""status"": ""ok""}"
control,threshold_survival,0.5,8,affinity_rank_group,primary,1,0.0,0.0,0.0,0.07280207585628304,"{""status"": ""ok""}"
control,threshold_survival,0.5,8,affinity_rank_group,primary,2,0.007280207585628304,0.0,0.0,0.07280207585628304,"{""status"": ""ok""}"
control,threshold_survival,0.5,8,affinity_rank_group,primary,3,0.011538856020686565,0.0,0.0,0.07280207585628304,"{""status"": ""ok""}"
control,threshold_survival,0.5,8,affinity_rank_group,primary,4,0.014560415171256608,0.0,0.0,0.07280207585628304,"{""status"": ""ok""}"
control,threshold_survival,0.5,8,affinity_rank_group,primary,6,0.01881906360631487,0.0,0.0,0.07280207585628304,"{""status"": ""ok""}"
control,threshold_survival,0.5,8,affinity_rank_group,primary,8,0.02184062275688491,0.0,0.0,0.07280207585628304,"{""status"": ""ok""}"
control,threshold_survival,0.5,8,affinity_rank_group,primary,12,0.026099271191943173,0.0,0.0,0.07280207585628304,"{""status"": ""ok""}"
control,threshold_survival,0.5,8,affinity_rank_group,primary,16,0.029120830342513216,0.0,0.0,0.07280207585628304,"{""status"": ""ok""}"
control,threshold_survival,0.5,8,affinity_rank_group,primary,24,0.03337947877757148,0.0,0.0,0.07280207585628304,"{""status"": ""ok""}"
control,threshold_survival,0.5,8,affinity_rank_group,primary,32,0.03640103792814152,0.0,0.0,0.07280207585628304,"{""status"": ""ok""}"
control,threshold_survival,0.5,8,affinity_rank_group,primary,48,0.040659686363199776,0.0,0.0,0.07280207585628304,"{""status"": ""ok""}"
control,threshold_survival,0.5,8,affinity_rank_group,primary,64,0.04368124551376982,0.0,0.0,0.07280207585628304,"{""status"": ""ok""}"
control,threshold_survival,0.5,8,affinity_rank_group,primary,96,0.04793989394882809,0.0,0.0,0.07280207585628304,"{""status"": ""ok""}"
control,threshold_survival,0.5,8,affinity_rank_group,primary,128,0.050961453099398125,0.0,0.0,0.07280207585628304,"{""status"": ""ok""}"
control,threshold_survival,0.5,8,prefix_group,primary,1,0.014560415171256608,0.0,0.0,0.07280207585628304,"{""status"": ""ok""}"
control,threshold_survival,0.5,8,prefix_group,primary,2,0.014560415171256608,0.0,0.0,0.07280207585628304,"{""status"": ""ok""}"
control,threshold_survival,0.5,8,prefix_group,primary,3,0.014560415171256608,0.0,0.0,0.07280207585628304,"{""status"": ""ok""}"
control,threshold_survival,0.5,8,prefix_group,primary,4,0.014560415171256608,0.0,0.0,0.07280207585628304,"{""status"": ""ok""}"
control,threshold_survival,0.5,8,prefix_group,primary,6,0.029120830342513216,0.0,0.0,0.07280207585628304,"{""status"": ""ok""}"
control,threshold_survival,0.5,8,prefix_group,primary,8,0.029120830342513216,0.0,0.0,0.07280207585628304,"{""status"": ""ok""}"
control,threshold_survival,0.5,8,prefix_group,primary,12,0.029120830342513216,0.0,0.0,0.07280207585628304,"{""status"": ""ok""}"
control,threshold_survival,0.5,8,prefix_group,primary,16,0.029120830342513216,0.0,0.0,0.07280207585628304,"{""status"": ""ok""}"
control,threshold_survival,0.5,8,prefix_group,primary,24,0.04368124551376982,0.0,0.0,0.07280207585628304,"{""status"": ""ok""}"
control,threshold_survival,0.5,8,prefix_group,primary,32,0.04368124551376982,0.0,0.0,0.07280207585628304,"{""status"": ""ok""}"
control,threshold_survival,0.5,8,prefix_group,primary,48,0.04368124551376982,0.0,0.0,0.07280207585628304,"{""status"": ""ok""}"
control,threshold_survival,0.5,8,prefix_group,primary,64,0.04368124551376982,0.0,0.0,0.07280207585628304,"{""status"": ""ok""}"
control,threshold_survival,0.5,8,prefix_group,primary,96,0.05824166068502643,0.0,0.0,0.07280207585628304,"{""status"": ""ok""}"
control,threshold_survival,0.5,8,prefix_group,primary,128,0.05824166068502643,0.0,0.0,0.07280207585628304,"{""status"": ""ok""}"
control,threshold_survival,0.5,8,kmeans_profile,diagnostic_function_preserving,1,0.0,0.0,0.0,0.07280207585628304,"{""diversity"": 0.0, ""k_used"": 1, ""status"": ""disabled_low_diversity""}"
control,threshold_survival,0.5,8,kmeans_profile,diagnostic_function_preserving,2,0.0,0.0,0.0,0.07280207585628304,"{""diversity"": 0.0, ""k_used"": 1, ""status"": ""disabled_low_diversity""}"
control,threshold_survival,0.5,8,kmeans_profile,diagnostic_function_preserving,3,0.0,0.0,0.0,0.07280207585628304,"{""diversity"": 0.0, ""k_used"": 1, ""status"": ""disabled_low_diversity""}"
control,threshold_survival,0.5,8,kmeans_profile,diagnostic_function_preserving,4,0.0,0.0,0.0,0.07280207585628304,"{""diversity"": 0.0, ""k_used"": 1, ""status"": ""disabled_low_diversity""}"
control,threshold_survival,0.5,8,kmeans_profile,diagnostic_function_preserving,6,0.0,0.0,0.0,0.07280207585628304,"{""diversity"": 0.0, ""k_used"": 1, ""status"": ""disabled_low_diversity""}"
control,threshold_survival,0.5,8,kmeans_profile,diagnostic_function_preserving,8,0.0,0.0,0.0,0.07280207585628304,"{""diversity"": 0.0, ""k_used"": 1, ""status"": ""disabled_low_diversity""}"
control,threshold_survival,0.5,8,kmeans_profile,diagnostic_function_preserving,12,0.0,0.0,0.0,0.07280207585628304,"{""diversity"": 0.0, ""k_used"": 1, ""status"": ""disabled_low_diversity""}"
control,threshold_survival,0.5,8,kmeans_profile,diagnostic_function_preserving,16,0.0,0.0,0.0,0.07280207585628304,"{""diversity"": 0.0, ""k_used"": 1, ""status"": ""disabled_low_diversity""}"
control,threshold_survival,0.5,8,kmeans_profile,diagnostic_function_preserving,24,0.0,0.0,0.0,0.07280207585628304,"{""diversity"": 0.0, ""k_used"": 1, ""status"": ""disabled_low_diversity""}"
control,threshold_survival,0.5,8,kmeans_profile,diagnostic_function_preserving,32,0.0,0.0,0.0,0.07280207585628304,"{""diversity"": 0.0, ""k_used"": 1, ""status"": ""disabled_low_diversity""}"
control,threshold_survival,0.5,8,kmeans_profile,diagnostic_function_preserving,48,0.0,0.0,0.0,0.07280207585628304,"{""diversity"": 0.0, ""k_used"": 1, ""status"": ""disabled_low_diversity""}"
control,threshold_survival,0.5,8,kmeans_profile,diagnostic_function_preserving,64,0.0,0.0,0.0,0.07280207585628304,"{""diversity"": 0.0, ""k_used"": 1, ""status"": ""disabled_low_diversity""}"
control,threshold_survival,0.5,8,kmeans_profile,diagnostic_function_preserving,96,0.0,0.0,0.0,0.07280207585628304,"{""diversity"": 0.0, ""k_used"": 1, ""status"": ""disabled_low_diversity""}"
control,threshold_survival,0.5,8,kmeans_profile,diagnostic_function_preserving,128,0.0,0.0,0.0,0.07280207585628304,"{""diversity"": 0.0, ""k_used"": 1, ""status"": ""disabled_low_diversity""}"
control,threshold_survival,0.5,9,balanced_random_group,primary,1,0.0,0.0,0.0,0.07804864318824203,"{""status"": ""ok""}"
control,threshold_survival,0.5,9,balanced_random_group,primary,2,0.007804864318824204,0.0,0.0,0.07804864318824203,"{""status"": ""ok""}"
control,threshold_survival,0.5,9,balanced_random_group,primary,3,0.012370417268552932,0.0,0.0,0.07804864318824203,"{""status"": ""ok""}"
control,threshold_survival,0.5,9,balanced_random_group,primary,4,0.015609728637648408,0.0,0.0,0.07804864318824203,"{""status"": ""ok""}"
control,threshold_survival,0.5,9,balanced_random_group,primary,6,0.020175281587377136,0.0,0.0,0.07804864318824203,"{""status"": ""ok""}"
control,threshold_survival,0.5,9,balanced_random_group,primary,8,0.02341459295647261,0.0,0.0,0.07804864318824203,"{""status"": ""ok""}"
control,threshold_survival,0.5,9,balanced_random_group,primary,12,0.027980145906201338,0.0,0.0,0.07804864318824203,"{""status"": ""ok""}"
control,threshold_survival,0.5,9,balanced_random_group,primary,16,0.031219457275296816,0.0,0.0,0.07804864318824203,"{""status"": ""ok""}"
control,threshold_survival,0.5,9,balanced_random_group,primary,24,0.03578501022502554,0.0,0.0,0.07804864318824203,"{""status"": ""ok""}"
control,threshold_survival,0.5,9,balanced_random_group,primary,32,0.03902432159412102,0.0,0.0,0.07804864318824203,"{""status"": ""ok""}"
control,threshold_survival,0.5,9,balanced_random_group,primary,48,0.043589874543849744,0.0,0.0,0.07804864318824203,"{""status"": ""ok""}"
control,threshold_survival,0.5,9,balanced_random_group,primary,64,0.04682918591294522,0.0,0.0,0.07804864318824203,"{""status"": ""ok""}"
control,threshold_survival,0.5,9,balanced_random_group,primary,96,0.051394738862673955,0.0,0.0,0.07804864318824203,"{""status"": ""ok""}"
control,threshold_survival,0.5,9,balanced_random_group,primary,128,0.05463405023176942,0.0,0.0,0.07804864318824203,"{""status"": ""ok""}"
control,threshold_survival,0.5,9,affinity_rank_group,primary,1,0.0,0.0,0.0,0.07804864318824203,"{""status"": ""ok""}"
control,threshold_survival,0.5,9,affinity_rank_group,primary,2,0.007804864318824204,0.0,0.0,0.07804864318824203,"{""status"": ""ok""}"
control,threshold_survival,0.5,9,affinity_rank_group,primary,3,0.012370417268552932,0.0,0.0,0.07804864318824203,"{""status"": ""ok""}"
control,threshold_survival,0.5,9,affinity_rank_group,primary,4,0.015609728637648408,0.0,0.0,0.07804864318824203,"{""status"": ""ok""}"
control,threshold_survival,0.5,9,affinity_rank_group,primary,6,0.020175281587377136,0.0,0.0,0.07804864318824203,"{""status"": ""ok""}"
control,threshold_survival,0.5,9,affinity_rank_group,primary,8,0.02341459295647261,0.0,0.0,0.07804864318824203,"{""status"": ""ok""}"
control,threshold_survival,0.5,9,affinity_rank_group,primary,12,0.027980145906201338,0.0,0.0,0.07804864318824203,"{""status"": ""ok""}"
control,threshold_survival,0.5,9,affinity_rank_group,primary,16,0.031219457275296816,0.0,0.0,0.07804864318824203,"{""status"": ""ok""}"
control,threshold_survival,0.5,9,affinity_rank_group,primary,24,0.03578501022502554,0.0,0.0,0.07804864318824203,"{""status"": ""ok""}"
control,threshold_survival,0.5,9,affinity_rank_group,primary,32,0.03902432159412102,0.0,0.0,0.07804864318824203,"{""status"": ""ok""}"
control,threshold_survival,0.5,9,affinity_rank_group,primary,48,0.043589874543849744,0.0,0.0,0.07804864318824203,"{""status"": ""ok""}"
control,threshold_survival,0.5,9,affinity_rank_group,primary,64,0.04682918591294522,0.0,0.0,0.07804864318824203,"{""status"": ""ok""}"
control,threshold_survival,0.5,9,affinity_rank_group,primary,96,0.051394738862673955,0.0,0.0,0.07804864318824203,"{""status"": ""ok""}"
control,threshold_survival,0.5,9,affinity_rank_group,primary,128,0.05463405023176942,0.0,0.0,0.07804864318824203,"{""status"": ""ok""}"
control,threshold_survival,0.5,9,prefix_group,primary,1,0.015609728637648408,0.0,0.0,0.07804864318824203,"{""status"": ""ok""}"
control,threshold_survival,0.5,9,prefix_group,primary,2,0.015609728637648408,0.0,0.0,0.07804864318824203,"{""status"": ""ok""}"
control,threshold_survival,0.5,9,prefix_group,primary,3,0.015609728637648408,0.0,0.0,0.07804864318824203,"{""status"": ""ok""}"
control,threshold_survival,0.5,9,prefix_group,primary,4,0.015609728637648408,0.0,0.0,0.07804864318824203,"{""status"": ""ok""}"
control,threshold_survival,0.5,9,prefix_group,primary,6,0.031219457275296816,0.0,0.0,0.07804864318824203,"{""status"": ""ok""}"
control,threshold_survival,0.5,9,prefix_group,primary,8,0.031219457275296816,0.0,0.0,0.07804864318824203,"{""status"": ""ok""}"
control,threshold_survival,0.5,9,prefix_group,primary,12,0.031219457275296816,0.0,0.0,0.07804864318824203,"{""status"": ""ok""}"
control,threshold_survival,0.5,9,prefix_group,primary,16,0.031219457275296816,0.0,0.0,0.07804864318824203,"{""status"": ""ok""}"
control,threshold_survival,0.5,9,prefix_group,primary,24,0.04682918591294522,0.0,0.0,0.07804864318824203,"{""status"": ""ok""}"
control,threshold_survival,0.5,9,prefix_group,primary,32,0.04682918591294522,0.0,0.0,0.07804864318824203,"{""status"": ""ok""}"
control,threshold_survival,0.5,9,prefix_group,primary,48,0.04682918591294522,0.0,0.0,0.07804864318824203,"{""status"": ""ok""}"
control,threshold_survival,0.5,9,prefix_group,primary,64,0.04682918591294522,0.0,0.0,0.07804864318824203,"{""status"": ""ok""}"
control,threshold_survival,0.5,9,prefix_group,primary,96,0.06243891455059363,0.0,0.0,0.07804864318824203,"{""status"": ""ok""}"
control,threshold_survival,0.5,9,prefix_group,primary,128,0.06243891455059363,0.0,0.0,0.07804864318824203,"{""status"": ""ok""}"
control,threshold_survival,0.5,9,kmeans_profile,diagnostic_function_preserving,1,0.0,0.0,0.0,0.07804864318824203,"{""diversity"": 0.0, ""k_used"": 1, ""status"": ""disabled_low_diversity""}"
control,threshold_survival,0.5,9,kmeans_profile,diagnostic_function_preserving,2,0.0,0.0,0.0,0.07804864318824203,"{""diversity"": 0.0, ""k_used"": 1, ""status"": ""disabled_low_diversity""}"
control,threshold_survival,0.5,9,kmeans_profile,diagnostic_function_preserving,3,0.0,0.0,0.0,0.07804864318824203,"{""diversity"": 0.0, ""k_used"": 1, ""status"": ""disabled_low_diversity""}"
control,threshold_survival,0.5,9,kmeans_profile,diagnostic_function_preserving,4,0.0,0.0,0.0,0.07804864318824203,"{""diversity"": 0.0, ""k_used"": 1, ""status"": ""disabled_low_diversity""}"
control,threshold_survival,0.5,9,kmeans_profile,diagnostic_function_preserving,6,0.0,0.0,0.0,0.07804864318824203,"{""diversity"": 0.0, ""k_used"": 1, ""status"": ""disabled_low_diversity""}"
control,threshold_survival,0.5,9,kmeans_profile,diagnostic_function_preserving,8,0.0,0.0,0.0,0.07804864318824203,"{""diversity"": 0.0, ""k_used"": 1, ""status"": ""disabled_low_diversity""}"
control,threshold_survival,0.5,9,kmeans_profile,diagnostic_function_preserving,12,0.0,0.0,0.0,0.07804864318824203,"{""diversity"": 0.0, ""k_used"": 1, ""status"": ""disabled_low_diversity""}"
control,threshold_survival,0.5,9,kmeans_profile,diagnostic_function_preserving,16,0.0,0.0,0.0,0.07804864318824203,"{""diversity"": 0.0, ""k_used"": 1, ""status"": ""disabled_low_diversity""}"
control,threshold_survival,0.5,9,kmeans_profile,diagnostic_function_preserving,24,0.0,0.0,0.0,0.07804864318824203,"{""diversity"": 0.0, ""k_used"": 1, ""status"": ""disabled_low_diversity""}"
control,threshold_survival,0.5,9,kmeans_profile,diagnostic_function_preserving,32,0.0,0.0,0.0,0.07804864318824203,"{""diversity"": 0.0, ""k_used"": 1, ""status"": ""disabled_low_diversity""}"
control,threshold_survival,0.5,9,kmeans_profile,diagnostic_function_preserving,48,0.0,0.0,0.0,0.07804864318824203,"{""diversity"": 0.0, ""k_used"": 1, ""status"": ""disabled_low_diversity""}"
control,threshold_survival,0.5,9,kmeans_profile,diagnostic_function_preserving,64,0.0,0.0,0.0,0.07804864318824203,"{""diversity"": 0.0, ""k_used"": 1, ""status"": ""disabled_low_diversity""}"
control,threshold_survival,0.5,9,kmeans_profile,diagnostic_function_preserving,96,0.0,0.0,0.0,0.07804864318824203,"{""diversity"": 0.0, ""k_used"": 1, ""status"": ""disabled_low_diversity""}"
control,threshold_survival,0.5,9,kmeans_profile,diagnostic_function_preserving,128,0.0,0.0,0.0,0.07804864318824203,"{""diversity"": 0.0, ""k_used"": 1, ""status"": ""disabled_low_diversity""}"
control,threshold_survival,0.5,10,balanced_random_group,primary,1,0.0,0.0,0.0,0.07068711080785786,"{""status"": ""ok""}"
control,threshold_survival,0.5,10,balanced_random_group,primary,2,0.007068711080785786,0.0,0.0,0.07068711080785786,"{""status"": ""ok""}"
control,threshold_survival,0.5,10,balanced_random_group,primary,3,0.011203641991477584,0.0,0.0,0.07068711080785786,"{""status"": ""ok""}"
control,threshold_survival,0.5,10,balanced_random_group,primary,4,0.014137422161571572,0.0,0.0,0.07068711080785786,"{""status"": ""ok""}"
control,threshold_survival,0.5,10,balanced_random_group,primary,6,0.018272353072263374,0.0,0.0,0.07068711080785786,"{""status"": ""ok""}"
control,threshold_survival,0.5,10,balanced_random_group,primary,8,0.02120613324235736,0.0,0.0,0.07068711080785786,"{""status"": ""ok""}"
control,threshold_survival,0.5,10,balanced_random_group,primary,12,0.025341064153049157,0.0,0.0,0.07068711080785786,"{""status"": ""ok""}"
control,threshold_survival,0.5,10,balanced_random_group,primary,16,0.028274844323143145,0.0,0.0,0.07068711080785786,"{""status"": ""ok""}"
control,threshold_survival,0.5,10,balanced_random_group,primary,24,0.03240977523383494,0.0,0.0,0.07068711080785786,"{""status"": ""ok""}"
control,threshold_survival,0.5,10,balanced_random_group,primary,32,0.03534355540392893,0.0,0.0,0.07068711080785786,"{""status"": ""ok""}"
control,threshold_survival,0.5,10,balanced_random_group,primary,48,0.039478486314620725,0.0,0.0,0.07068711080785786,"{""status"": ""ok""}"
control,threshold_survival,0.5,10,balanced_random_group,primary,64,0.04241226648471472,0.0,0.0,0.07068711080785786,"{""status"": ""ok""}"
control,threshold_survival,0.5,10,balanced_random_group,primary,96,0.04654719739540652,0.0,0.0,0.07068711080785786,"{""status"": ""ok""}"
control,threshold_survival,0.5,10,balanced_random_group,primary,128,0.0494809775655005,0.0,0.0,0.07068711080785786,"{""status"": ""ok""}"
control,threshold_survival,0.5,10,affinity_rank_group,primary,1,0.0,0.0,0.0,0.07068711080785786,"{""status"": ""ok""}"
control,threshold_survival,0.5,10,affinity_rank_group,primary,2,0.007068711080785786,0.0,0.0,0.07068711080785786,"{""status"": ""ok""}"
control,threshold_survival,0.5,10,affinity_rank_group,primary,3,0.011203641991477584,0.0,0.0,0.07068711080785786,"{""status"": ""ok""}"
control,threshold_survival,0.5,10,affinity_rank_group,primary,4,0.014137422161571572,0.0,0.0,0.07068711080785786,"{""status"": ""ok""}"
control,threshold_survival,0.5,10,affinity_rank_group,primary,6,0.018272353072263374,0.0,0.0,0.07068711080785786,"{""status"": ""ok""}"
control,threshold_survival,0.5,10,affinity_rank_group,primary,8,0.02120613324235736,0.0,0.0,0.07068711080785786,"{""status"": ""ok""}"
control,threshold_survival,0.5,10,affinity_rank_group,primary,12,0.025341064153049157,0.0,0.0,0.07068711080785786,"{""status"": ""ok""}"
control,threshold_survival,0.5,10,affinity_rank_group,primary,16,0.028274844323143145,0.0,0.0,0.07068711080785786,"{""status"": ""ok""}"
control,threshold_survival,0.5,10,affinity_rank_group,primary,24,0.03240977523383494,0.0,0.0,0.07068711080785786,"{""status"": ""ok""}"
control,threshold_survival,0.5,10,affinity_rank_group,primary,32,0.03534355540392893,0.0,0.0,0.07068711080785786,"{""status"": ""ok""}"
control,threshold_survival,0.5,10,affinity_rank_group,primary,48,0.039478486314620725,0.0,0.0,0.07068711080785786,"{""status"": ""ok""}"
control,threshold_survival,0.5,10,affinity_rank_group,primary,64,0.04241226648471472,0.0,0.0,0.07068711080785786,"{""status"": ""ok""}"
control,threshold_survival,0.5,10,affinity_rank_group,primary,96,0.04654719739540652,0.0,0.0,0.07068711080785786,"{""status"": ""ok""}"
control,threshold_survival,0.5,10,affinity_rank_group,primary,128,0.0494809775655005,0.0,0.0,0.07068711080785786,"{""status"": ""ok""}"
control,threshold_survival,0.5,10,prefix_group,primary,1,0.014137422161571572,0.0,0.0,0.07068711080785786,"{""status"": ""ok""}"
control,threshold_survival,0.5,10,prefix_group,primary,2,0.014137422161571572,0.0,0.0,0.07068711080785786,"{""status"": ""ok""}"
control,threshold_survival,0.5,10,prefix_group,primary,3,0.014137422161571572,0.0,0.0,0.07068711080785786,"{""status"": ""ok""}"
control,threshold_survival,0.5,10,prefix_group,primary,4,0.014137422161571572,0.0,0.0,0.07068711080785786,"{""status"": ""ok""}"
control,threshold_survival,0.5,10,prefix_group,primary,6,0.028274844323143145,0.0,0.0,0.07068711080785786,"{""status"": ""ok""}"
control,threshold_survival,0.5,10,prefix_group,primary,8,0.028274844323143145,0.0,0.0,0.07068711080785786,"{""status"": ""ok""}"
control,threshold_survival,0.5,10,prefix_group,primary,12,0.028274844323143145,0.0,0.0,0.07068711080785786,"{""status"": ""ok""}"
control,threshold_survival,0.5,10,prefix_group,primary,16,0.028274844323143145,0.0,0.0,0.07068711080785786,"{""status"": ""ok""}"
control,threshold_survival,0.5,10,prefix_group,primary,24,0.04241226648471472,0.0,0.0,0.07068711080785786,"{""status"": ""ok""}"
control,threshold_survival,0.5,10,prefix_group,primary,32,0.04241226648471472,0.0,0.0,0.07068711080785786,"{""status"": ""ok""}"
control,threshold_survival,0.5,10,prefix_group,primary,48,0.04241226648471472,0.0,0.0,0.07068711080785786,"{""status"": ""ok""}"
control,threshold_survival,0.5,10,prefix_group,primary,64,0.04241226648471472,0.0,0.0,0.07068711080785786,"{""status"": ""ok""}"
control,threshold_survival,0.5,10,prefix_group,primary,96,0.05654968864628629,0.0,0.0,0.07068711080785786,"{""status"": ""ok""}"
control,threshold_survival,0.5,10,prefix_group,primary,128,0.05654968864628629,0.0,0.0,0.07068711080785786,"{""status"": ""ok""}"
control,threshold_survival,0.5,10,kmeans_profile,diagnostic_function_preserving,1,0.0,0.0,0.0,0.07068711080785786,"{""diversity"": 0.0, ""k_used"": 1, ""status"": ""disabled_low_diversity""}"
control,threshold_survival,0.5,10,kmeans_profile,diagnostic_function_preserving,2,0.0,0.0,0.0,0.07068711080785786,"{""diversity"": 0.0, ""k_used"": 1, ""status"": ""disabled_low_diversity""}"
control,threshold_survival,0.5,10,kmeans_profile,diagnostic_function_preserving,3,0.0,0.0,0.0,0.07068711080785786,"{""diversity"": 0.0, ""k_used"": 1, ""status"": ""disabled_low_diversity""}"
control,threshold_survival,0.5,10,kmeans_profile,diagnostic_function_preserving,4,0.0,0.0,0.0,0.07068711080785786,"{""diversity"": 0.0, ""k_used"": 1, ""status"": ""disabled_low_diversity""}"
control,threshold_survival,0.5,10,kmeans_profile,diagnostic_function_preserving,6,0.0,0.0,0.0,0.07068711080785786,"{""diversity"": 0.0, ""k_used"": 1, ""status"": ""disabled_low_diversity""}"
control,threshold_survival,0.5,10,kmeans_profile,diagnostic_function_preserving,8,0.0,0.0,0.0,0.07068711080785786,"{""diversity"": 0.0, ""k_used"": 1, ""status"": ""disabled_low_diversity""}"
control,threshold_survival,0.5,10,kmeans_profile,diagnostic_function_preserving,12,0.0,0.0,0.0,0.07068711080785786,"{""diversity"": 0.0, ""k_used"": 1, ""status"": ""disabled_low_diversity""}"
control,threshold_survival,0.5,10,kmeans_profile,diagnostic_function_preserving,16,0.0,0.0,0.0,0.07068711080785786,"{""diversity"": 0.0, ""k_used"": 1, ""status"": ""disabled_low_diversity""}"
control,threshold_survival,0.5,10,kmeans_profile,diagnostic_function_preserving,24,0.0,0.0,0.0,0.07068711080785786,"{""diversity"": 0.0, ""k_used"": 1, ""status"": ""disabled_low_diversity""}"
control,threshold_survival,0.5,10,kmeans_profile,diagnostic_function_preserving,32,0.0,0.0,0.0,0.07068711080785786,"{""diversity"": 0.0, ""k_used"": 1, ""status"": ""disabled_low_diversity""}"
control,threshold_survival,0.5,10,kmeans_profile,diagnostic_function_preserving,48,0.0,0.0,0.0,0.07068711080785786,"{""diversity"": 0.0, ""k_used"": 1, ""status"": ""disabled_low_diversity""}"
control,threshold_survival,0.5,10,kmeans_profile,diagnostic_function_preserving,64,0.0,0.0,0.0,0.07068711080785786,"{""diversity"": 0.0, ""k_used"": 1, ""status"": ""disabled_low_diversity""}"
control,threshold_survival,0.5,10,kmeans_profile,diagnostic_function_preserving,96,0.0,0.0,0.0,0.07068711080785786,"{""diversity"": 0.0, ""k_used"": 1, ""status"": ""disabled_low_diversity""}"
control,threshold_survival,0.5,10,kmeans_profile,diagnostic_function_preserving,128,0.0,0.0,0.0,0.07068711080785786,"{""diversity"": 0.0, ""k_used"": 1, ""status"": ""disabled_low_diversity""}"
control,threshold_survival,0.5,11,balanced_random_group,primary,1,0.0,0.0,0.0,0.07733392551174029,"{""status"": ""ok""}"
control,threshold_survival,0.5,11,balanced_random_group,primary,2,0.007733392551174029,0.0,0.0,0.07733392551174029,"{""status"": ""ok""}"
control,threshold_survival,0.5,11,balanced_random_group,primary,3,0.012257137196967149,0.0,0.0,0.07733392551174029,"{""status"": ""ok""}"
control,threshold_survival,0.5,11,balanced_random_group,primary,4,0.015466785102348057,0.0,0.0,0.07733392551174029,"{""status"": ""ok""}"
control,threshold_survival,0.5,11,balanced_random_group,primary,6,0.01999052974814118,0.0,0.0,0.07733392551174029,"{""status"": ""ok""}"
control,threshold_survival,0.5,11,balanced_random_group,primary,8,0.023200177653522086,0.0,0.0,0.07733392551174029,"{""status"": ""ok""}"
control,threshold_survival,0.5,11,balanced_random_group,primary,12,0.027723922299315206,0.0,0.0,0.07733392551174029,"{""status"": ""ok""}"
control,threshold_survival,0.5,11,balanced_random_group,primary,16,0.030933570204696115,0.0,0.0,0.07733392551174029,"{""status"": ""ok""}"
control,threshold_survival,0.5,11,balanced_random_group,primary,24,0.03545731485048923,0.0,0.0,0.07733392551174029,"{""status"": ""ok""}"
control,threshold_survival,0.5,11,balanced_random_group,primary,32,0.03866696275587014,0.0,0.0,0.07733392551174029,"{""status"": ""ok""}"
control,threshold_survival,0.5,11,balanced_random_group,primary,48,0.04319070740166326,0.0,0.0,0.07733392551174029,"{""status"": ""ok""}"
control,threshold_survival,0.5,11,balanced_random_group,primary,64,0.04640035530704417,0.0,0.0,0.07733392551174029,"{""status"": ""ok""}"
control,threshold_survival,0.5,11,balanced_random_group,primary,96,0.050924099952837296,0.0,0.0,0.07733392551174029,"{""status"": ""ok""}"
control,threshold_survival,0.5,11,balanced_random_group,primary,128,0.0541337478582182,0.0,0.0,0.07733392551174029,"{""status"": ""ok""}"
control,threshold_survival,0.5,11,affinity_rank_group,primary,1,0.0,0.0,0.0,0.07733392551174029,"{""status"": ""ok""}"
control,threshold_survival,0.5,11,affinity_rank_group,primary,2,0.007733392551174029,0.0,0.0,0.07733392551174029,"{""status"": ""ok""}"
control,threshold_survival,0.5,11,affinity_rank_group,primary,3,0.012257137196967149,0.0,0.0,0.07733392551174029,"{""status"": ""ok""}"
control,threshold_survival,0.5,11,affinity_rank_group,primary,4,0.015466785102348057,0.0,0.0,0.07733392551174029,"{""status"": ""ok""}"
control,threshold_survival,0.5,11,affinity_rank_group,primary,6,0.01999052974814118,0.0,0.0,0.07733392551174029,"{""status"": ""ok""}"
control,threshold_survival,0.5,11,affinity_rank_group,primary,8,0.023200177653522086,0.0,0.0,0.07733392551174029,"{""status"": ""ok""}"
control,threshold_survival,0.5,11,affinity_rank_group,primary,12,0.027723922299315206,0.0,0.0,0.07733392551174029,"{""status"": ""ok""}"
control,threshold_survival,0.5,11,affinity_rank_group,primary,16,0.030933570204696115,0.0,0.0,0.07733392551174029,"{""status"": ""ok""}"
control,threshold_survival,0.5,11,affinity_rank_group,primary,24,0.03545731485048923,0.0,0.0,0.07733392551174029,"{""status"": ""ok""}"
control,threshold_survival,0.5,11,affinity_rank_group,primary,32,0.03866696275587014,0.0,0.0,0.07733392551174029,"{""status"": ""ok""}"
control,threshold_survival,0.5,11,affinity_rank_group,primary,48,0.04319070740166326,0.0,0.0,0.07733392551174029,"{""status"": ""ok""}"
control,threshold_survival,0.5,11,affinity_rank_group,primary,64,0.04640035530704417,0.0,0.0,0.07733392551174029,"{""status"": ""ok""}"
control,threshold_survival,0.5,11,affinity_rank_group,primary,96,0.050924099952837296,0.0,0.0,0.07733392551174029,"{""status"": ""ok""}"
control,threshold_survival,0.5,11,affinity_rank_group,primary,128,0.0541337478582182,0.0,0.0,0.07733392551174029,"{""status"": ""ok""}"
control,threshold_survival,0.5,11,prefix_group,primary,1,0.015466785102348057,0.0,0.0,0.07733392551174029,"{""status"": ""ok""}"
control,threshold_survival,0.5,11,prefix_group,primary,2,0.015466785102348057,0.0,0.0,0.07733392551174029,"{""status"": ""ok""}"
control,threshold_survival,0.5,11,prefix_group,primary,3,0.015466785102348057,0.0,0.0,0.07733392551174029,"{""status"": ""ok""}"
control,threshold_survival,0.5,11,prefix_group,primary,4,0.015466785102348057,0.0,0.0,0.07733392551174029,"{""status"": ""ok""}"
control,threshold_survival,0.5,11,prefix_group,primary,6,0.030933570204696115,0.0,0.0,0.07733392551174029,"{""status"": ""ok""}"
control,threshold_survival,0.5,11,prefix_group,primary,8,0.030933570204696115,0.0,0.0,0.07733392551174029,"{""status"": ""ok""}"
control,threshold_survival,0.5,11,prefix_group,primary,12,0.030933570204696115,0.0,0.0,0.07733392551174029,"{""status"": ""ok""}"
control,threshold_survival,0.5,11,prefix_group,primary,16,0.030933570204696115,0.0,0.0,0.07733392551174029,"{""status"": ""ok""}"
control,threshold_survival,0.5,11,prefix_group,primary,24,0.04640035530704417,0.0,0.0,0.07733392551174029,"{""status"": ""ok""}"
control,threshold_survival,0.5,11,prefix_group,primary,32,0.04640035530704417,0.0,0.0,0.07733392551174029,"{""status"": ""ok""}"
control,threshold_survival,0.5,11,prefix_group,primary,48,0.04640035530704417,0.0,0.0,0.07733392551174029,"{""status"": ""ok""}"
control,threshold_survival,0.5,11,prefix_group,primary,64,0.04640035530704417,0.0,0.0,0.07733392551174029,"{""status"": ""ok""}"
control,threshold_survival,0.5,11,prefix_group,primary,96,0.06186714040939223,0.0,0.0,0.07733392551174029,"{""status"": ""ok""}"
control,threshold_survival,0.5,11,prefix_group,primary,128,0.06186714040939223,0.0,0.0,0.07733392551174029,"{""status"": ""ok""}"
control,threshold_survival,0.5,11,kmeans_profile,diagnostic_function_preserving,1,0.0,0.0,0.0,0.07733392551174029,"{""diversity"": 0.0, ""k_used"": 1, ""status"": ""disabled_low_diversity""}"
control,threshold_survival,0.5,11,kmeans_profile,diagnostic_function_preserving,2,0.0,0.0,0.0,0.07733392551174029,"{""diversity"": 0.0, ""k_used"": 1, ""status"": ""disabled_low_diversity""}"
control,threshold_survival,0.5,11,kmeans_profile,diagnostic_function_preserving,3,0.0,0.0,0.0,0.07733392551174029,"{""diversity"": 0.0, ""k_used"": 1, ""status"": ""disabled_low_diversity""}"
control,threshold_survival,0.5,11,kmeans_profile,diagnostic_function_preserving,4,0.0,0.0,0.0,0.07733392551174029,"{""diversity"": 0.0, ""k_used"": 1, ""status"": ""disabled_low_diversity""}"
control,threshold_survival,0.5,11,kmeans_profile,diagnostic_function_preserving,6,0.0,0.0,0.0,0.07733392551174029,"{""diversity"": 0.0, ""k_used"": 1, ""status"": ""disabled_low_diversity""}"
control,threshold_survival,0.5,11,kmeans_profile,diagnostic_function_preserving,8,0.0,0.0,0.0,0.07733392551174029,"{""diversity"": 0.0, ""k_used"": 1, ""status"": ""disabled_low_diversity""}"
control,threshold_survival,0.5,11,kmeans_profile,diagnostic_function_preserving,12,0.0,0.0,0.0,0.07733392551174029,"{""diversity"": 0.0, ""k_used"": 1, ""status"": ""disabled_low_diversity""}"
control,threshold_survival,0.5,11,kmeans_profile,diagnostic_function_preserving,16,0.0,0.0,0.0,0.07733392551174029,"{""diversity"": 0.0, ""k_used"": 1, ""status"": ""disabled_low_diversity""}"
control,threshold_survival,0.5,11,kmeans_profile,diagnostic_function_preserving,24,0.0,0.0,0.0,0.07733392551174029,"{""diversity"": 0.0, ""k_used"": 1, ""status"": ""disabled_low_diversity""}"
control,threshold_survival,0.5,11,kmeans_profile,diagnostic_function_preserving,32,0.0,0.0,0.0,0.07733392551174029,"{""diversity"": 0.0, ""k_used"": 1, ""status"": ""disabled_low_diversity""}"
control,threshold_survival,0.5,11,kmeans_profile,diagnostic_function_preserving,48,0.0,0.0,0.0,0.07733392551174029,"{""diversity"": 0.0, ""k_used"": 1, ""status"": ""disabled_low_diversity""}"
control,threshold_survival,0.5,11,kmeans_profile,diagnostic_function_preserving,64,0.0,0.0,0.0,0.07733392551174029,"{""diversity"": 0.0, ""k_used"": 1, ""status"": ""disabled_low_diversity""}"
control,threshold_survival,0.5,11,kmeans_profile,diagnostic_function_preserving,96,0.0,0.0,0.0,0.07733392551174029,"{""diversity"": 0.0, ""k_used"": 1, ""status"": ""disabled_low_diversity""}"
control,threshold_survival,0.5,11,kmeans_profile,diagnostic_function_preserving,128,0.0,0.0,0.0,0.07733392551174029,"{""diversity"": 0.0, ""k_used"": 1, ""status"": ""disabled_low_diversity""}"
control,threshold_survival,0.6,0,balanced_random_group,primary,1,0.0,0.0,0.0,0.08647261021288682,"{""status"": ""ok""}"
control,threshold_survival,0.6,0,balanced_random_group,primary,2,0.008647261021288682,0.0,0.0,0.08647261021288682,"{""status"": ""ok""}"
control,threshold_survival,0.6,0,balanced_random_group,primary,3,0.013705584452690288,0.0,0.0,0.08647261021288682,"{""status"": ""ok""}"
control,threshold_survival,0.6,0,balanced_random_group,primary,4,0.017294522042577365,0.0,0.0,0.08647261021288682,"{""status"": ""ok""}"
control,threshold_survival,0.6,0,balanced_random_group,primary,6,0.022352845473978974,0.0,0.0,0.08647261021288682,"{""status"": ""ok""}"
control,threshold_survival,0.6,0,balanced_random_group,primary,8,0.025941783063866047,0.0,0.0,0.08647261021288682,"{""status"": ""ok""}"
control,threshold_survival,0.6,0,balanced_random_group,primary,12,0.031000106495267653,0.0,0.0,0.08647261021288682,"{""status"": ""ok""}"
control,threshold_survival,0.6,0,balanced_random_group,primary,16,0.03458904408515473,0.0,0.0,0.08647261021288682,"{""status"": ""ok""}"
control,threshold_survival,0.6,0,balanced_random_group,primary,24,0.039647367516556335,0.0,0.0,0.08647261021288682,"{""status"": ""ok""}"
control,threshold_survival,0.6,0,balanced_random_group,primary,32,0.04323630510644341,0.0,0.0,0.08647261021288682,"{""status"": ""ok""}"
control,threshold_survival,0.6,0,balanced_random_group,primary,48,0.04829462853784501,0.0,0.0,0.08647261021288682,"{""status"": ""ok""}"
control,threshold_survival,0.6,0,balanced_random_group,primary,64,0.051883566127732095,0.0,0.0,0.08647261021288682,"{""status"": ""ok""}"
control,threshold_survival,0.6,0,balanced_random_group,primary,96,0.05694188955913371,0.0,0.0,0.08647261021288682,"{""status"": ""ok""}"
control,threshold_survival,0.6,0,balanced_random_group,primary,128,0.06053082714902077,0.0,0.0,0.08647261021288682,"{""status"": ""ok""}"
control,threshold_survival,0.6,0,affinity_rank_group,primary,1,0.0,0.0,0.0,0.08647261021288682,"{""status"": ""ok""}"
control,threshold_survival,0.6,0,affinity_rank_group,primary,2,0.008647261021288682,0.0,0.0,0.08647261021288682,"{""status"": ""ok""}"
control,threshold_survival,0.6,0,affinity_rank_group,primary,3,0.013705584452690288,0.0,0.0,0.08647261021288682,"{""status"": ""ok""}"
control,threshold_survival,0.6,0,affinity_rank_group,primary,4,0.017294522042577365,0.0,0.0,0.08647261021288682,"{""status"": ""ok""}"
control,threshold_survival,0.6,0,affinity_rank_group,primary,6,0.022352845473978974,0.0,0.0,0.08647261021288682,"{""status"": ""ok""}"
control,threshold_survival,0.6,0,affinity_rank_group,primary,8,0.025941783063866047,0.0,0.0,0.08647261021288682,"{""status"": ""ok""}"
control,threshold_survival,0.6,0,affinity_rank_group,primary,12,0.031000106495267653,0.0,0.0,0.08647261021288682,"{""status"": ""ok""}"
control,threshold_survival,0.6,0,affinity_rank_group,primary,16,0.03458904408515473,0.0,0.0,0.08647261021288682,"{""status"": ""ok""}"
control,threshold_survival,0.6,0,affinity_rank_group,primary,24,0.039647367516556335,0.0,0.0,0.08647261021288682,"{""status"": ""ok""}"
control,threshold_survival,0.6,0,affinity_rank_group,primary,32,0.04323630510644341,0.0,0.0,0.08647261021288682,"{""status"": ""ok""}"
control,threshold_survival,0.6,0,affinity_rank_group,primary,48,0.04829462853784501,0.0,0.0,0.08647261021288682,"{""status"": ""ok""}"
control,threshold_survival,0.6,0,affinity_rank_group,primary,64,0.051883566127732095,0.0,0.0,0.08647261021288682,"{""status"": ""ok""}"
control,threshold_survival,0.6,0,affinity_rank_group,primary,96,0.05694188955913371,0.0,0.0,0.08647261021288682,"{""status"": ""ok""}"
control,threshold_survival,0.6,0,affinity_rank_group,primary,128,0.06053082714902077,0.0,0.0,0.08647261021288682,"{""status"": ""ok""}"
control,threshold_survival,0.6,0,prefix_group,primary,1,0.017294522042577365,0.0,0.0,0.08647261021288682,"{""status"": ""ok""}"
control,threshold_survival,0.6,0,prefix_group,primary,2,0.017294522042577365,0.0,0.0,0.08647261021288682,"{""status"": ""ok""}"
control,threshold_survival,0.6,0,prefix_group,primary,3,0.017294522042577365,0.0,0.0,0.08647261021288682,"{""status"": ""ok""}"
control,threshold_survival,0.6,0,prefix_group,primary,4,0.017294522042577365,0.0,0.0,0.08647261021288682,"{""status"": ""ok""}"
control,threshold_survival,0.6,0,prefix_group,primary,6,0.03458904408515473,0.0,0.0,0.08647261021288682,"{""status"": ""ok""}"
control,threshold_survival,0.6,0,prefix_group,primary,8,0.03458904408515473,0.0,0.0,0.08647261021288682,"{""status"": ""ok""}"
control,threshold_survival,0.6,0,prefix_group,primary,12,0.03458904408515473,0.0,0.0,0.08647261021288682,"{""status"": ""ok""}"
control,threshold_survival,0.6,0,prefix_group,primary,16,0.03458904408515473,0.0,0.0,0.08647261021288682,"{""status"": ""ok""}"
control,threshold_survival,0.6,0,prefix_group,primary,24,0.051883566127732095,0.0,0.0,0.08647261021288682,"{""status"": ""ok""}"
control,threshold_survival,0.6,0,prefix_group,primary,32,0.051883566127732095,0.0,0.0,0.08647261021288682,"{""status"": ""ok""}"
control,threshold_survival,0.6,0,prefix_group,primary,48,0.051883566127732095,0.0,0.0,0.08647261021288682,"{""status"": ""ok""}"
control,threshold_survival,0.6,0,prefix_group,primary,64,0.051883566127732095,0.0,0.0,0.08647261021288682,"{""status"": ""ok""}"
control,threshold_survival,0.6,0,prefix_group,primary,96,0.06917808817030946,0.0,0.0,0.08647261021288682,"{""status"": ""ok""}"
control,threshold_survival,0.6,0,prefix_group,primary,128,0.06917808817030946,0.0,0.0,0.08647261021288682,"{""status"": ""ok""}"
control,threshold_survival,0.6,0,kmeans_profile,diagnostic_function_preserving,1,0.0,0.0,0.0,0.08647261021288682,"{""diversity"": 0.0, ""k_used"": 1, ""status"": ""disabled_low_diversity""}"
control,threshold_survival,0.6,0,kmeans_profile,diagnostic_function_preserving,2,0.0,0.0,0.0,0.08647261021288682,"{""diversity"": 0.0, ""k_used"": 1, ""status"": ""disabled_low_diversity""}"
control,threshold_survival,0.6,0,kmeans_profile,diagnostic_function_preserving,3,0.0,0.0,0.0,0.08647261021288682,"{""diversity"": 0.0, ""k_used"": 1, ""status"": ""disabled_low_diversity""}"
control,threshold_survival,0.6,0,kmeans_profile,diagnostic_function_preserving,4,0.0,0.0,0.0,0.08647261021288682,"{""diversity"": 0.0, ""k_used"": 1, ""status"": ""disabled_low_diversity""}"
control,threshold_survival,0.6,0,kmeans_profile,diagnostic_function_preserving,6,0.0,0.0,0.0,0.08647261021288682,"{""diversity"": 0.0, ""k_used"": 1, ""status"": ""disabled_low_diversity""}"
control,threshold_survival,0.6,0,kmeans_profile,diagnostic_function_preserving,8,0.0,0.0,0.0,0.08647261021288682,"{""diversity"": 0.0, ""k_used"": 1, ""status"": ""disabled_low_diversity""}"
control,threshold_survival,0.6,0,kmeans_profile,diagnostic_function_preserving,12,0.0,0.0,0.0,0.08647261021288682,"{""diversity"": 0.0, ""k_used"": 1, ""status"": ""disabled_low_diversity""}"
control,threshold_survival,0.6,0,kmeans_profile,diagnostic_function_preserving,16,0.0,0.0,0.0,0.08647261021288682,"{""diversity"": 0.0, ""k_used"": 1, ""status"": ""disabled_low_diversity""}"
control,threshold_survival,0.6,0,kmeans_profile,diagnostic_function_preserving,24,0.0,0.0,0.0,0.08647261021288682,"{""diversity"": 0.0, ""k_used"": 1, ""status"": ""disabled_low_diversity""}"
control,threshold_survival,0.6,0,kmeans_profile,diagnostic_function_preserving,32,0.0,0.0,0.0,0.08647261021288682,"{""diversity"": 0.0, ""k_used"": 1, ""status"": ""disabled_low_diversity""}"
control,threshold_survival,0.6,0,kmeans_profile,diagnostic_function_preserving,48,0.0,0.0,0.0,0.08647261021288682,"{""diversity"": 0.0, ""k_used"": 1, ""status"": ""disabled_low_diversity""}"
control,threshold_survival,0.6,0,kmeans_profile,diagnostic_function_preserving,64,0.0,0.0,0.0,0.08647261021288682,"{""diversity"": 0.0, ""k_used"": 1, ""status"": ""disabled_low_diversity""}"
control,threshold_survival,0.6,0,kmeans_profile,diagnostic_function_preserving,96,0.0,0.0,0.0,0.08647261021288682,"{""diversity"": 0.0, ""k_used"": 1, ""status"": ""disabled_low_diversity""}"
control,threshold_survival,0.6,0,kmeans_profile,diagnostic_function_preserving,128,0.0,0.0,0.0,0.08647261021288682,"{""diversity"": 0.0, ""k_used"": 1, ""status"": ""disabled_low_diversity""}"
control,threshold_survival,0.6,1,balanced_random_group,primary,1,0.0,0.0,0.0,0.07885939819691958,"{""status"": ""ok""}"
control,threshold_survival,0.6,1,balanced_random_group,primary,2,0.007885939819691958,0.0,0.0,0.07885939819691958,"{""status"": ""ok""}"
control,threshold_survival,0.6,1,balanced_random_group,primary,3,0.012498918897155507,0.0,0.0,0.07885939819691958,"{""status"": ""ok""}"
control,threshold_survival,0.6,1,balanced_random_group,primary,4,0.015771879639383916,0.0,0.0,0.07885939819691958,"{""status"": ""ok""}"
control,threshold_survival,0.6,1,balanced_random_group,primary,6,0.020384858716847466,0.0,0.0,0.07885939819691958,"{""status"": ""ok""}"
control,threshold_survival,0.6,1,balanced_random_group,primary,8,0.02365781945907587,0.0,0.0,0.07885939819691958,"{""status"": ""ok""}"
control,threshold_survival,0.6,1,balanced_random_group,primary,12,0.028270798536539424,0.0,0.0,0.07885939819691958,"{""status"": ""ok""}"
control,threshold_survival,0.6,1,balanced_random_group,primary,16,0.03154375927876783,0.0,0.0,0.07885939819691958,"{""status"": ""ok""}"
control,threshold_survival,0.6,1,balanced_random_group,primary,24,0.03615673835623138,0.0,0.0,0.07885939819691958,"{""status"": ""ok""}"
control,threshold_survival,0.6,1,balanced_random_group,primary,32,0.03942969909845979,0.0,0.0,0.07885939819691958,"{""status"": ""ok""}"
control,threshold_survival,0.6,1,balanced_random_group,primary,48,0.04404267817592333,0.0,0.0,0.07885939819691958,"{""status"": ""ok""}"
control,threshold_survival,0.6,1,balanced_random_group,primary,64,0.04731563891815174,0.0,0.0,0.07885939819691958,"{""status"": ""ok""}"
control,threshold_survival,0.6,1,balanced_random_group,primary,96,0.0519286179956153,0.0,0.0,0.07885939819691958,"{""status"": ""ok""}"
control,threshold_survival,0.6,1,balanced_random_group,primary,128,0.0552015787378437,0.0,0.0,0.07885939819691958,"{""status"": ""ok""}"
control,threshold_survival,0.6,1,affinity_rank_group,primary,1,0.0,0.0,0.0,0.07885939819691958,"{""status"": ""ok""}"
control,threshold_survival,0.6,1,affinity_rank_group,primary,2,0.007885939819691958,0.0,0.0,0.07885939819691958,"{""status"": ""ok""}"
control,threshold_survival,0.6,1,affinity_rank_group,primary,3,0.012498918897155507,0.0,0.0,0.07885939819691958,"{""status"": ""ok""}"
control,threshold_survival,0.6,1,affinity_rank_group,primary,4,0.015771879639383916,0.0,0.0,0.07885939819691958,"{""status"": ""ok""}"
control,threshold_survival,0.6,1,affinity_rank_group,primary,6,0.020384858716847466,0.0,0.0,0.07885939819691958,"{""status"": ""ok""}"
control,threshold_survival,0.6,1,affinity_rank_group,primary,8,0.02365781945907587,0.0,0.0,0.07885939819691958,"{""status"": ""ok""}"
control,threshold_survival,0.6,1,affinity_rank_group,primary,12,0.028270798536539424,0.0,0.0,0.07885939819691958,"{""status"": ""ok""}"
control,threshold_survival,0.6,1,affinity_rank_group,primary,16,0.03154375927876783,0.0,0.0,0.07885939819691958,"{""status"": ""ok""}"
control,threshold_survival,0.6,1,affinity_rank_group,primary,24,0.03615673835623138,0.0,0.0,0.07885939819691958,"{""status"": ""ok""}"
control,threshold_survival,0.6,1,affinity_rank_group,primary,32,0.03942969909845979,0.0,0.0,0.07885939819691958,"{""status"": ""ok""}"
control,threshold_survival,0.6,1,affinity_rank_group,primary,48,0.04404267817592333,0.0,0.0,0.07885939819691958,"{""status"": ""ok""}"
control,threshold_survival,0.6,1,affinity_rank_group,primary,64,0.04731563891815174,0.0,0.0,0.07885939819691958,"{""status"": ""ok""}"
control,threshold_survival,0.6,1,affinity_rank_group,primary,96,0.0519286179956153,0.0,0.0,0.07885939819691958,"{""status"": ""ok""}"
control,threshold_survival,0.6,1,affinity_rank_group,primary,128,0.0552015787378437,0.0,0.0,0.07885939819691958,"{""status"": ""ok""}"
control,threshold_survival,0.6,1,prefix_group,primary,1,0.015771879639383916,0.0,0.0,0.07885939819691958,"{""status"": ""ok""}"
control,threshold_survival,0.6,1,prefix_group,primary,2,0.015771879639383916,0.0,0.0,0.07885939819691958,"{""status"": ""ok""}"
control,threshold_survival,0.6,1,prefix_group,primary,3,0.015771879639383916,0.0,0.0,0.07885939819691958,"{""status"": ""ok""}"
control,threshold_survival,0.6,1,prefix_group,primary,4,0.015771879639383916,0.0,0.0,0.07885939819691958,"{""status"": ""ok""}"
control,threshold_survival,0.6,1,prefix_group,primary,6,0.03154375927876783,0.0,0.0,0.07885939819691958,"{""status"": ""ok""}"
control,threshold_survival,0.6,1,prefix_group,primary,8,0.03154375927876783,0.0,0.0,0.07885939819691958,"{""status"": ""ok""}"
control,threshold_survival,0.6,1,prefix_group,primary,12,0.03154375927876783,0.0,0.0,0.07885939819691958,"{""status"": ""ok""}"
control,threshold_survival,0.6,1,prefix_group,primary,16,0.03154375927876783,0.0,0.0,0.07885939819691958,"{""status"": ""ok""}"
control,threshold_survival,0.6,1,prefix_group,primary,24,0.04731563891815174,0.0,0.0,0.07885939819691958,"{""status"": ""ok""}"
control,threshold_survival,0.6,1,prefix_group,primary,32,0.04731563891815174,0.0,0.0,0.07885939819691958,"{""status"": ""ok""}"
control,threshold_survival,0.6,1,prefix_group,primary,48,0.04731563891815174,0.0,0.0,0.07885939819691958,"{""status"": ""ok""}"
control,threshold_survival,0.6,1,prefix_group,primary,64,0.04731563891815174,0.0,0.0,0.07885939819691958,"{""status"": ""ok""}"
control,threshold_survival,0.6,1,prefix_group,primary,96,0.06308751855753567,0.0,0.0,0.07885939819691958,"{""status"": ""ok""}"
control,threshold_survival,0.6,1,prefix_group,primary,128,0.06308751855753567,0.0,0.0,0.07885939819691958,"{""status"": ""ok""}"
control,threshold_survival,0.6,1,kmeans_profile,diagnostic_function_preserving,1,0.0,0.0,0.0,0.07885939819691958,"{""diversity"": 0.0, ""k_used"": 1, ""status"": ""disabled_low_diversity""}"
control,threshold_survival,0.6,1,kmeans_profile,diagnostic_function_preserving,2,0.0,0.0,0.0,0.07885939819691958,"{""diversity"": 0.0, ""k_used"": 1, ""status"": ""disabled_low_diversity""}"
control,threshold_survival,0.6,1,kmeans_profile,diagnostic_function_preserving,3,0.0,0.0,0.0,0.07885939819691958,"{""diversity"": 0.0, ""k_used"": 1, ""status"": ""disabled_low_diversity""}"
control,threshold_survival,0.6,1,kmeans_profile,diagnostic_function_preserving,4,0.0,0.0,0.0,0.07885939819691958,"{""diversity"": 0.0, ""k_used"": 1, ""status"": ""disabled_low_diversity""}"
control,threshold_survival,0.6,1,kmeans_profile,diagnostic_function_preserving,6,0.0,0.0,0.0,0.07885939819691958,"{""diversity"": 0.0, ""k_used"": 1, ""status"": ""disabled_low_diversity""}"
control,threshold_survival,0.6,1,kmeans_profile,diagnostic_function_preserving,8,0.0,0.0,0.0,0.07885939819691958,"{""diversity"": 0.0, ""k_used"": 1, ""status"": ""disabled_low_diversity""}"
control,threshold_survival,0.6,1,kmeans_profile,diagnostic_function_preserving,12,0.0,0.0,0.0,0.07885939819691958,"{""diversity"": 0.0, ""k_used"": 1, ""status"": ""disabled_low_diversity""}"
control,threshold_survival,0.6,1,kmeans_profile,diagnostic_function_preserving,16,0.0,0.0,0.0,0.07885939819691958,"{""diversity"": 0.0, ""k_used"": 1, ""status"": ""disabled_low_diversity""}"
control,threshold_survival,0.6,1,kmeans_profile,diagnostic_function_preserving,24,0.0,0.0,0.0,0.07885939819691958,"{""diversity"": 0.0, ""k_used"": 1, ""status"": ""disabled_low_diversity""}"
control,threshold_survival,0.6,1,kmeans_profile,diagnostic_function_preserving,32,0.0,0.0,0.0,0.07885939819691958,"{""diversity"": 0.0, ""k_used"": 1, ""status"": ""disabled_low_diversity""}"
control,threshold_survival,0.6,1,kmeans_profile,diagnostic_function_preserving,48,0.0,0.0,0.0,0.07885939819691958,"{""diversity"": 0.0, ""k_used"": 1, ""status"": ""disabled_low_diversity""}"
control,threshold_survival,0.6,1,kmeans_profile,diagnostic_function_preserving,64,0.0,0.0,0.0,0.07885939819691958,"{""diversity"": 0.0, ""k_used"": 1, ""status"": ""disabled_low_diversity""}"
control,threshold_survival,0.6,1,kmeans_profile,diagnostic_function_preserving,96,0.0,0.0,0.0,0.07885939819691958,"{""diversity"": 0.0, ""k_used"": 1, ""status"": ""disabled_low_diversity""}"
control,threshold_survival,0.6,1,kmeans_profile,diagnostic_function_preserving,128,0.0,0.0,0.0,0.07885939819691958,"{""diversity"": 0.0, ""k_used"": 1, ""status"": ""disabled_low_diversity""}"
control,threshold_survival,0.6,2,balanced_random_group,primary,1,0.0,0.0,0.0,0.08097600998967208,"{""status"": ""ok""}"
control,threshold_survival,0.6,2,balanced_random_group,primary,2,0.00809760099896721,0.0,0.0,0.08097600998967208,"{""status"": ""ok""}"
control,threshold_survival,0.6,2,balanced_random_group,primary,3,0.012834393929165197,0.0,0.0,0.08097600998967208,"{""status"": ""ok""}"
control,threshold_survival,0.6,2,balanced_random_group,primary,4,0.01619520199793442,0.0,0.0,0.08097600998967208,"{""status"": ""ok""}"
control,threshold_survival,0.6,2,balanced_random_group,primary,6,0.020931994928132407,0.0,0.0,0.08097600998967208,"{""status"": ""ok""}"
control,threshold_survival,0.6,2,balanced_random_group,primary,8,0.024292802996901623,0.0,0.0,0.08097600998967208,"{""status"": ""ok""}"
control,threshold_survival,0.6,2,balanced_random_group,primary,12,0.029029595927099614,0.0,0.0,0.08097600998967208,"{""status"": ""ok""}"
control,threshold_survival,0.6,2,balanced_random_group,primary,16,0.03239040399586884,0.0,0.0,0.08097600998967208,"{""status"": ""ok""}"
control,threshold_survival,0.6,2,balanced_random_group,primary,24,0.03712719692606682,0.0,0.0,0.08097600998967208,"{""status"": ""ok""}"
control,threshold_survival,0.6,2,balanced_random_group,primary,32,0.04048800499483604,0.0,0.0,0.08097600998967208,"{""status"": ""ok""}"
control,threshold_survival,0.6,2,balanced_random_group,primary,48,0.045224797925034026,0.0,0.0,0.08097600998967208,"{""status"": ""ok""}"
control,threshold_survival,0.6,2,balanced_random_group,primary,64,0.048585605993803245,0.0,0.0,0.08097600998967208,"{""status"": ""ok""}"
control,threshold_survival,0.6,2,balanced_random_group,primary,96,0.053322398924001244,0.0,0.0,0.08097600998967208,"{""status"": ""ok""}"
control,threshold_survival,0.6,2,balanced_random_group,primary,128,0.056683206992770456,0.0,0.0,0.08097600998967208,"{""status"": ""ok""}"
control,threshold_survival,0.6,2,affinity_rank_group,primary,1,0.0,0.0,0.0,0.08097600998967208,"{""status"": ""ok""}"
control,threshold_survival,0.6,2,affinity_rank_group,primary,2,0.00809760099896721,0.0,0.0,0.08097600998967208,"{""status"": ""ok""}"
control,threshold_survival,0.6,2,affinity_rank_group,primary,3,0.012834393929165197,0.0,0.0,0.08097600998967208,"{""status"": ""ok""}"
control,threshold_survival,0.6,2,affinity_rank_group,primary,4,0.01619520199793442,0.0,0.0,0.08097600998967208,"{""status"": ""ok""}"
control,threshold_survival,0.6,2,affinity_rank_group,primary,6,0.020931994928132407,0.0,0.0,0.08097600998967208,"{""status"": ""ok""}"
control,threshold_survival,0.6,2,affinity_rank_group,primary,8,0.024292802996901623,0.0,0.0,0.08097600998967208,"{""status"": ""ok""}"
control,threshold_survival,0.6,2,affinity_rank_group,primary,12,0.029029595927099614,0.0,0.0,0.08097600998967208,"{""status"": ""ok""}"
control,threshold_survival,0.6,2,affinity_rank_group,primary,16,0.03239040399586884,0.0,0.0,0.08097600998967208,"{""status"": ""ok""}"
control,threshold_survival,0.6,2,affinity_rank_group,primary,24,0.03712719692606682,0.0,0.0,0.08097600998967208,"{""status"": ""ok""}"
control,threshold_survival,0.6,2,affinity_rank_group,primary,32,0.04048800499483604,0.0,0.0,0.08097600998967208,"{""status"": ""ok""}"
control,threshold_survival,0.6,2,affinity_rank_group,primary,48,0.045224797925034026,0.0,0.0,0.08097600998967208,"{""status"": ""ok""}"
control,threshold_survival,0.6,2,affinity_rank_group,primary,64,0.048585605993803245,0.0,0.0,0.08097600998967208,"{""status"": ""ok""}"
control,threshold_survival,0.6,2,affinity_rank_group,primary,96,0.053322398924001244,0.0,0.0,0.08097600998967208,"{""status"": ""ok""}"
control,threshold_survival,0.6,2,affinity_rank_group,primary,128,0.056683206992770456,0.0,0.0,0.08097600998967208,"{""status"": ""ok""}"
control,threshold_survival,0.6,2,prefix_group,primary,1,0.01619520199793442,0.0,0.0,0.08097600998967208,"{""status"": ""ok""}"
control,threshold_survival,0.6,2,prefix_group,primary,2,0.01619520199793442,0.0,0.0,0.08097600998967208,"{""status"": ""ok""}"
control,threshold_survival,0.6,2,prefix_group,primary,3,0.01619520199793442,0.0,0.0,0.08097600998967208,"{""status"": ""ok""}"
control,threshold_survival,0.6,2,prefix_group,primary,4,0.01619520199793442,0.0,0.0,0.08097600998967208,"{""status"": ""ok""}"
control,threshold_survival,0.6,2,prefix_group,primary,6,0.03239040399586884,0.0,0.0,0.08097600998967208,"{""status"": ""ok""}"
control,threshold_survival,0.6,2,prefix_group,primary,8,0.03239040399586884,0.0,0.0,0.08097600998967208,"{""status"": ""ok""}"
control,threshold_survival,0.6,2,prefix_group,primary,12,0.03239040399586884,0.0,0.0,0.08097600998967208,"{""status"": ""ok""}"
control,threshold_survival,0.6,2,prefix_group,primary,16,0.03239040399586884,0.0,0.0,0.08097600998967208,"{""status"": ""ok""}"
control,threshold_survival,0.6,2,prefix_group,primary,24,0.048585605993803245,0.0,0.0,0.08097600998967208,"{""status"": ""ok""}"
control,threshold_survival,0.6,2,prefix_group,primary,32,0.048585605993803245,0.0,0.0,0.08097600998967208,"{""status"": ""ok""}"
control,threshold_survival,0.6,2,prefix_group,primary,48,0.048585605993803245,0.0,0.0,0.08097600998967208,"{""status"": ""ok""}"
control,threshold_survival,0.6,2,prefix_group,primary,64,0.048585605993803245,0.0,0.0,0.08097600998967208,"{""status"": ""ok""}"
control,threshold_survival,0.6,2,prefix_group,primary,96,0.06478080799173767,0.0,0.0,0.08097600998967208,"{""status"": ""ok""}"
control,threshold_survival,0.6,2,prefix_group,primary,128,0.06478080799173767,0.0,0.0,0.08097600998967208,"{""status"": ""ok""}"
control,threshold_survival,0.6,2,kmeans_profile,diagnostic_function_preserving,1,0.0,0.0,0.0,0.08097600998967208,"{""diversity"": 0.0, ""k_used"": 1, ""status"": ""disabled_low_diversity""}"
control,threshold_survival,0.6,2,kmeans_profile,diagnostic_function_preserving,2,0.0,0.0,0.0,0.08097600998967208,"{""diversity"": 0.0, ""k_used"": 1, ""status"": ""disabled_low_diversity""}"
control,threshold_survival,0.6,2,kmeans_profile,diagnostic_function_preserving,3,0.0,0.0,0.0,0.08097600998967208,"{""diversity"": 0.0, ""k_used"": 1, ""status"": ""disabled_low_diversity""}"
control,threshold_survival,0.6,2,kmeans_profile,diagnostic_function_preserving,4,0.0,0.0,0.0,0.08097600998967208,"{""diversity"": 0.0, ""k_used"": 1, ""status"": ""disabled_low_diversity""}"
control,threshold_survival,0.6,2,kmeans_profile,diagnostic_function_preserving,6,0.0,0.0,0.0,0.08097600998967208,"{""diversity"": 0.0, ""k_used"": 1, ""status"": ""disabled_low_diversity""}"
control,threshold_survival,0.6,2,kmeans_profile,diagnostic_function_preserving,8,0.0,0.0,0.0,0.08097600998967208,"{""diversity"": 0.0, ""k_used"": 1, ""status"": ""disabled_low_diversity""}"
control,threshold_survival,0.6,2,kmeans_profile,diagnostic_function_preserving,12,0.0,0.0,0.0,0.08097600998967208,"{""diversity"": 0.0, ""k_used"": 1, ""status"": ""disabled_low_diversity""}"
control,threshold_survival,0.6,2,kmeans_profile,diagnostic_function_preserving,16,0.0,0.0,0.0,0.08097600998967208,"{""diversity"": 0.0, ""k_used"": 1, ""status"": ""disabled_low_diversity""}"
control,threshold_survival,0.6,2,kmeans_profile,diagnostic_function_preserving,24,0.0,0.0,0.0,0.08097600998967208,"{""diversity"": 0.0, ""k_used"": 1, ""status"": ""disabled_low_diversity""}"
control,threshold_survival,0.6,2,kmeans_profile,diagnostic_function_preserving,32,0.0,0.0,0.0,0.08097600998967208,"{""diversity"": 0.0, ""k_used"": 1, ""status"": ""disabled_low_diversity""}"
control,threshold_survival,0.6,2,kmeans_profile,diagnostic_function_preserving,48,0.0,0.0,0.0,0.08097600998967208,"{""diversity"": 0.0, ""k_used"": 1, ""status"": ""disabled_low_diversity""}"
control,threshold_survival,0.6,2,kmeans_profile,diagnostic_function_preserving,64,0.0,0.0,0.0,0.08097600998967208,"{""diversity"": 0.0, ""k_used"": 1, ""status"": ""disabled_low_diversity""}"
control,threshold_survival,0.6,2,kmeans_profile,diagnostic_function_preserving,96,0.0,0.0,0.0,0.08097600998967208,"{""diversity"": 0.0, ""k_used"": 1, ""status"": ""disabled_low_diversity""}"
control,threshold_survival,0.6,2,kmeans_profile,diagnostic_function_preserving,128,0.0,0.0,0.0,0.08097600998967208,"{""diversity"": 0.0, ""k_used"": 1, ""status"": ""disabled_low_diversity""}"
control,threshold_survival,0.6,3,balanced_random_group,primary,1,0.0,0.0,0.0,0.08396491779411229,"{""status"": ""ok""}"
control,threshold_survival,0.6,3,balanced_random_group,primary,2,0.008396491779411229,0.0,0.0,0.08396491779411229,"{""status"": ""ok""}"
control,threshold_survival,0.6,3,balanced_random_group,primary,3,0.01330812460798025,0.0,0.0,0.08396491779411229,"{""status"": ""ok""}"
control,threshold_survival,0.6,3,balanced_random_group,primary,4,0.016792983558822458,0.0,0.0,0.08396491779411229,"{""status"": ""ok""}"
control,threshold_survival,0.6,3,balanced_random_group,primary,6,0.021704616387391483,0.0,0.0,0.08396491779411229,"{""status"": ""ok""}"
control,threshold_survival,0.6,3,balanced_random_group,primary,8,0.025189475338233687,0.0,0.0,0.08396491779411229,"{""status"": ""ok""}"
control,threshold_survival,0.6,3,balanced_random_group,primary,12,0.03010110816680271,0.0,0.0,0.08396491779411229,"{""status"": ""ok""}"
control,threshold_survival,0.6,3,balanced_random_group,primary,16,0.033585967117644916,0.0,0.0,0.08396491779411229,"{""status"": ""ok""}"
control,threshold_survival,0.6,3,balanced_random_group,primary,24,0.038497599946213934,0.0,0.0,0.08396491779411229,"{""status"": ""ok""}"
control,threshold_survival,0.6,3,balanced_random_group,primary,32,0.041982458897056145,0.0,0.0,0.08396491779411229,"{""status"": ""ok""}"
control,threshold_survival,0.6,3,balanced_random_group,primary,48,0.04689409172562516,0.0,0.0,0.08396491779411229,"{""status"": ""ok""}"
control,threshold_survival,0.6,3,balanced_random_group,primary,64,0.050378950676467374,0.0,0.0,0.08396491779411229,"{""status"": ""ok""}"
control,threshold_survival,0.6,3,balanced_random_group,primary,96,0.0552905835050364,0.0,0.0,0.08396491779411229,"{""status"": ""ok""}"
control,threshold_survival,0.6,3,balanced_random_group,primary,128,0.058775442455878596,0.0,0.0,0.08396491779411229,"{""status"": ""ok""}"
control,threshold_survival,0.6,3,affinity_rank_group,primary,1,0.0,0.0,0.0,0.08396491779411229,"{""status"": ""ok""}"
control,threshold_survival,0.6,3,affinity_rank_group,primary,2,0.008396491779411229,0.0,0.0,0.08396491779411229,"{""status"": ""ok""}"
control,threshold_survival,0.6,3,affinity_rank_group,primary,3,0.01330812460798025,0.0,0.0,0.08396491779411229,"{""status"": ""ok""}"
control,threshold_survival,0.6,3,affinity_rank_group,primary,4,0.016792983558822458,0.0,0.0,0.08396491779411229,"{""status"": ""ok""}"
control,threshold_survival,0.6,3,affinity_rank_group,primary,6,0.021704616387391483,0.0,0.0,0.08396491779411229,"{""status"": ""ok""}"
control,threshold_survival,0.6,3,affinity_rank_group,primary,8,0.025189475338233687,0.0,0.0,0.08396491779411229,"{""status"": ""ok""}"
control,threshold_survival,0.6,3,affinity_rank_group,primary,12,0.03010110816680271,0.0,0.0,0.08396491779411229,"{""status"": ""ok""}"
control,threshold_survival,0.6,3,affinity_rank_group,primary,16,0.033585967117644916,0.0,0.0,0.08396491779411229,"{""status"": ""ok""}"
control,threshold_survival,0.6,3,affinity_rank_group,primary,24,0.038497599946213934,0.0,0.0,0.08396491779411229,"{""status"": ""ok""}"
control,threshold_survival,0.6,3,affinity_rank_group,primary,32,0.041982458897056145,0.0,0.0,0.08396491779411229,"{""status"": ""ok""}"
control,threshold_survival,0.6,3,affinity_rank_group,primary,48,0.04689409172562516,0.0,0.0,0.08396491779411229,"{""status"": ""ok""}"
control,threshold_survival,0.6,3,affinity_rank_group,primary,64,0.050378950676467374,0.0,0.0,0.08396491779411229,"{""status"": ""ok""}"
control,threshold_survival,0.6,3,affinity_rank_group,primary,96,0.0552905835050364,0.0,0.0,0.08396491779411229,"{""status"": ""ok""}"
control,threshold_survival,0.6,3,affinity_rank_group,primary,128,0.058775442455878596,0.0,0.0,0.08396491779411229,"{""status"": ""ok""}"
control,threshold_survival,0.6,3,prefix_group,primary,1,0.016792983558822458,0.0,0.0,0.08396491779411229,"{""status"": ""ok""}"
control,threshold_survival,0.6,3,prefix_group,primary,2,0.016792983558822458,0.0,0.0,0.08396491779411229,"{""status"": ""ok""}"
control,threshold_survival,0.6,3,prefix_group,primary,3,0.016792983558822458,0.0,0.0,0.08396491779411229,"{""status"": ""ok""}"
control,threshold_survival,0.6,3,prefix_group,primary,4,0.016792983558822458,0.0,0.0,0.08396491779411229,"{""status"": ""ok""}"
control,threshold_survival,0.6,3,prefix_group,primary,6,0.033585967117644916,0.0,0.0,0.08396491779411229,"{""status"": ""ok""}"
control,threshold_survival,0.6,3,prefix_group,primary,8,0.033585967117644916,0.0,0.0,0.08396491779411229,"{""status"": ""ok""}"
control,threshold_survival,0.6,3,prefix_group,primary,12,0.033585967117644916,0.0,0.0,0.08396491779411229,"{""status"": ""ok""}"
control,threshold_survival,0.6,3,prefix_group,primary,16,0.033585967117644916,0.0,0.0,0.08396491779411229,"{""status"": ""ok""}"
control,threshold_survival,0.6,3,prefix_group,primary,24,0.050378950676467374,0.0,0.0,0.08396491779411229,"{""status"": ""ok""}"
control,threshold_survival,0.6,3,prefix_group,primary,32,0.050378950676467374,0.0,0.0,0.08396491779411229,"{""status"": ""ok""}"
control,threshold_survival,0.6,3,prefix_group,primary,48,0.050378950676467374,0.0,0.0,0.08396491779411229,"{""status"": ""ok""}"
control,threshold_survival,0.6,3,prefix_group,primary,64,0.050378950676467374,0.0,0.0,0.08396491779411229,"{""status"": ""ok""}"
control,threshold_survival,0.6,3,prefix_group,primary,96,0.06717193423528983,0.0,0.0,0.08396491779411229,"{""status"": ""ok""}"
control,threshold_survival,0.6,3,prefix_group,primary,128,0.06717193423528983,0.0,0.0,0.08396491779411229,"{""status"": ""ok""}"
control,threshold_survival,0.6,3,kmeans_profile,diagnostic_function_preserving,1,0.0,0.0,0.0,0.08396491779411229,"{""diversity"": 0.0, ""k_used"": 1, ""status"": ""disabled_low_diversity""}"
control,threshold_survival,0.6,3,kmeans_profile,diagnostic_function_preserving,2,0.0,0.0,0.0,0.08396491779411229,"{""diversity"": 0.0, ""k_used"": 1, ""status"": ""disabled_low_diversity""}"
control,threshold_survival,0.6,3,kmeans_profile,diagnostic_function_preserving,3,0.0,0.0,0.0,0.08396491779411229,"{""diversity"": 0.0, ""k_used"": 1, ""status"": ""disabled_low_diversity""}"
control,threshold_survival,0.6,3,kmeans_profile,diagnostic_function_preserving,4,0.0,0.0,0.0,0.08396491779411229,"{""diversity"": 0.0, ""k_used"": 1, ""status"": ""disabled_low_diversity""}"
control,threshold_survival,0.6,3,kmeans_profile,diagnostic_function_preserving,6,0.0,0.0,0.0,0.08396491779411229,"{""diversity"": 0.0, ""k_used"": 1, ""status"": ""disabled_low_diversity""}"
control,threshold_survival,0.6,3,kmeans_profile,diagnostic_function_preserving,8,0.0,0.0,0.0,0.08396491779411229,"{""diversity"": 0.0, ""k_used"": 1, ""status"": ""disabled_low_diversity""}"
control,threshold_survival,0.6,3,kmeans_profile,diagnostic_function_preserving,12,0.0,0.0,0.0,0.08396491779411229,"{""diversity"": 0.0, ""k_used"": 1, ""status"": ""disabled_low_diversity""}"
control,threshold_survival,0.6,3,kmeans_profile,diagnostic_function_preserving,16,0.0,0.0,0.0,0.08396491779411229,"{""diversity"": 0.0, ""k_used"": 1, ""status"": ""disabled_low_diversity""}"
control,threshold_survival,0.6,3,kmeans_profile,diagnostic_function_preserving,24,0.0,0.0,0.0,0.08396491779411229,"{""diversity"": 0.0, ""k_used"": 1, ""status"": ""disabled_low_diversity""}"
control,threshold_survival,0.6,3,kmeans_profile,diagnostic_function_preserving,32,0.0,0.0,0.0,0.08396491779411229,"{""diversity"": 0.0, ""k_used"": 1, ""status"": ""disabled_low_diversity""}"
control,threshold_survival,0.6,3,kmeans_profile,diagnostic_function_preserving,48,0.0,0.0,0.0,0.08396491779411229,"{""diversity"": 0.0, ""k_used"": 1, ""status"": ""disabled_low_diversity""}"
control,threshold_survival,0.6,3,kmeans_profile,diagnostic_function_preserving,64,0.0,0.0,0.0,0.08396491779411229,"{""diversity"": 0.0, ""k_used"": 1, ""status"": ""disabled_low_diversity""}"
control,threshold_survival,0.6,3,kmeans_profile,diagnostic_function_preserving,96,0.0,0.0,0.0,0.08396491779411229,"{""diversity"": 0.0, ""k_used"": 1, ""status"": ""disabled_low_diversity""}"
control,threshold_survival,0.6,3,kmeans_profile,diagnostic_function_preserving,128,0.0,0.0,0.0,0.08396491779411229,"{""diversity"": 0.0, ""k_used"": 1, ""status"": ""disabled_low_diversity""}"
control,threshold_survival,0.6,4,balanced_random_group,primary,1,0.0,0.0,0.0,0.07936279745217233,"{""status"": ""ok""}"
control,threshold_survival,0.6,4,balanced_random_group,primary,2,0.007936279745217233,0.0,0.0,0.07936279745217233,"{""status"": ""ok""}"
control,threshold_survival,0.6,4,balanced_random_group,primary,3,0.012578705791402163,0.0,0.0,0.07936279745217233,"{""status"": ""ok""}"
control,threshold_survival,0.6,4,balanced_random_group,primary,4,0.015872559490434465,0.0,0.0,0.07936279745217233,"{""status"": ""ok""}"
control,threshold_survival,0.6,4,balanced_random_group,primary,6,0.020514985536619398,0.0,0.0,0.07936279745217233,"{""status"": ""ok""}"
control,threshold_survival,0.6,4,balanced_random_group,primary,8,0.023808839235651698,0.0,0.0,0.07936279745217233,"{""status"": ""ok""}"
control,threshold_survival,0.6,4,balanced_random_group,primary,12,0.02845126528183663,0.0,0.0,0.07936279745217233,"{""status"": ""ok""}"
control,threshold_survival,0.6,4,balanced_random_group,primary,16,0.03174511898086893,0.0,0.0,0.07936279745217233,"{""status"": ""ok""}"
control,threshold_survival,0.6,4,balanced_random_group,primary,24,0.03638754502705386,0.0,0.0,0.07936279745217233,"{""status"": ""ok""}"
control,threshold_survival,0.6,4,balanced_random_group,primary,32,0.03968139872608616,0.0,0.0,0.07936279745217233,"{""status"": ""ok""}"
control,threshold_survival,0.6,4,balanced_random_group,primary,48,0.04432382477227109,0.0,0.0,0.07936279745217233,"{""status"": ""ok""}"
control,threshold_survival,0.6,4,balanced_random_group,primary,64,0.047617678471303396,0.0,0.0,0.07936279745217233,"{""status"": ""ok""}"
control,threshold_survival,0.6,4,balanced_random_group,primary,96,0.05226010451748833,0.0,0.0,0.07936279745217233,"{""status"": ""ok""}"
control,threshold_survival,0.6,4,balanced_random_group,primary,128,0.05555395821652062,0.0,0.0,0.07936279745217233,"{""status"": ""ok""}"
control,threshold_survival,0.6,4,affinity_rank_group,primary,1,0.0,0.0,0.0,0.07936279745217233,"{""status"": ""ok""}"
control,threshold_survival,0.6,4,affinity_rank_group,primary,2,0.007936279745217233,0.0,0.0,0.07936279745217233,"{""status"": ""ok""}"
control,threshold_survival,0.6,4,affinity_rank_group,primary,3,0.012578705791402163,0.0,0.0,0.07936279745217233,"{""status"": ""ok""}"
control,threshold_survival,0.6,4,affinity_rank_group,primary,4,0.015872559490434465,0.0,0.0,0.07936279745217233,"{""status"": ""ok""}"
control,threshold_survival,0.6,4,affinity_rank_group,primary,6,0.020514985536619398,0.0,0.0,0.07936279745217233,"{""status"": ""ok""}"
control,threshold_survival,0.6,4,affinity_rank_group,primary,8,0.023808839235651698,0.0,0.0,0.07936279745217233,"{""status"": ""ok""}"
control,threshold_survival,0.6,4,affinity_rank_group,primary,12,0.02845126528183663,0.0,0.0,0.07936279745217233,"{""status"": ""ok""}"
control,threshold_survival,0.6,4,affinity_rank_group,primary,16,0.03174511898086893,0.0,0.0,0.07936279745217233,"{""status"": ""ok""}"
control,threshold_survival,0.6,4,affinity_rank_group,primary,24,0.03638754502705386,0.0,0.0,0.07936279745217233,"{""status"": ""ok""}"
control,threshold_survival,0.6,4,affinity_rank_group,primary,32,0.03968139872608616,0.0,0.0,0.07936279745217233,"{""status"": ""ok""}"
control,threshold_survival,0.6,4,affinity_rank_group,primary,48,0.04432382477227109,0.0,0.0,0.07936279745217233,"{""status"": ""ok""}"
control,threshold_survival,0.6,4,affinity_rank_group,primary,64,0.047617678471303396,0.0,0.0,0.07936279745217233,"{""status"": ""ok""}"
control,threshold_survival,0.6,4,affinity_rank_group,primary,96,0.05226010451748833,0.0,0.0,0.07936279745217233,"{""status"": ""ok""}"
control,threshold_survival,0.6,4,affinity_rank_group,primary,128,0.05555395821652062,0.0,0.0,0.07936279745217233,"{""status"": ""ok""}"
control,threshold_survival,0.6,4,prefix_group,primary,1,0.015872559490434465,0.0,0.0,0.07936279745217233,"{""status"": ""ok""}"
control,threshold_survival,0.6,4,prefix_group,primary,2,0.015872559490434465,0.0,0.0,0.07936279745217233,"{""status"": ""ok""}"
control,threshold_survival,0.6,4,prefix_group,primary,3,0.015872559490434465,0.0,0.0,0.07936279745217233,"{""status"": ""ok""}"
control,threshold_survival,0.6,4,prefix_group,primary,4,0.015872559490434465,0.0,0.0,0.07936279745217233,"{""status"": ""ok""}"
control,threshold_survival,0.6,4,prefix_group,primary,6,0.03174511898086893,0.0,0.0,0.07936279745217233,"{""status"": ""ok""}"
control,threshold_survival,0.6,4,prefix_group,primary,8,0.03174511898086893,0.0,0.0,0.07936279745217233,"{""status"": ""ok""}"
control,threshold_survival,0.6,4,prefix_group,primary,12,0.03174511898086893,0.0,0.0,0.07936279745217233,"{""status"": ""ok""}"
control,threshold_survival,0.6,4,prefix_group,primary,16,0.03174511898086893,0.0,0.0,0.07936279745217233,"{""status"": ""ok""}"
control,threshold_survival,0.6,4,prefix_group,primary,24,0.047617678471303396,0.0,0.0,0.07936279745217233,"{""status"": ""ok""}"
control,threshold_survival,0.6,4,prefix_group,primary,32,0.047617678471303396,0.0,0.0,0.07936279745217233,"{""status"": ""ok""}"
control,threshold_survival,0.6,4,prefix_group,primary,48,0.047617678471303396,0.0,0.0,0.07936279745217233,"{""status"": ""ok""}"
control,threshold_survival,0.6,4,prefix_group,primary,64,0.047617678471303396,0.0,0.0,0.07936279745217233,"{""status"": ""ok""}"
control,threshold_survival,0.6,4,prefix_group,primary,96,0.06349023796173786,0.0,0.0,0.07936279745217233,"{""status"": ""ok""}"
control,threshold_survival,0.6,4,prefix_group,primary,128,0.06349023796173786,0.0,0.0,0.07936279745217233,"{""status"": ""ok""}"
control,threshold_survival,0.6,4,kmeans_profile,diagnostic_function_preserving,1,0.0,0.0,0.0,0.07936279745217233,"{""diversity"": 0.0, ""k_used"": 1, ""status"": ""disabled_low_diversity""}"
control,threshold_survival,0.6,4,kmeans_profile,diagnostic_function_preserving,2,0.0,0.0,0.0,0.07936279745217233,"{""diversity"": 0.0, ""k_used"": 1, ""status"": ""disabled_low_diversity""}"
control,threshold_survival,0.6,4,kmeans_profile,diagnostic_function_preserving,3,0.0,0.0,0.0,0.07936279745217233,"{""diversity"": 0.0, ""k_used"": 1, ""status"": ""disabled_low_diversity""}"
control,threshold_survival,0.6,4,kmeans_profile,diagnostic_function_preserving,4,0.0,0.0,0.0,0.07936279745217233,"{""diversity"": 0.0, ""k_used"": 1, ""status"": ""disabled_low_diversity""}"
control,threshold_survival,0.6,4,kmeans_profile,diagnostic_function_preserving,6,0.0,0.0,0.0,0.07936279745217233,"{""diversity"": 0.0, ""k_used"": 1, ""status"": ""disabled_low_diversity""}"
control,threshold_survival,0.6,4,kmeans_profile,diagnostic_function_preserving,8,0.0,0.0,0.0,0.07936279745217233,"{""diversity"": 0.0, ""k_used"": 1, ""status"": ""disabled_low_diversity""}"
control,threshold_survival,0.6,4,kmeans_profile,diagnostic_function_preserving,12,0.0,0.0,0.0,0.07936279745217233,"{""diversity"": 0.0, ""k_used"": 1, ""status"": ""disabled_low_diversity""}"
control,threshold_survival,0.6,4,kmeans_profile,diagnostic_function_preserving,16,0.0,0.0,0.0,0.07936279745217233,"{""diversity"": 0.0, ""k_used"": 1, ""status"": ""disabled_low_diversity""}"
control,threshold_survival,0.6,4,kmeans_profile,diagnostic_function_preserving,24,0.0,0.0,0.0,0.07936279745217233,"{""diversity"": 0.0, ""k_used"": 1, ""status"": ""disabled_low_diversity""}"
control,threshold_survival,0.6,4,kmeans_profile,diagnostic_function_preserving,32,0.0,0.0,0.0,0.07936279745217233,"{""diversity"": 0.0, ""k_used"": 1, ""status"": ""disabled_low_diversity""}"
control,threshold_survival,0.6,4,kmeans_profile,diagnostic_function_preserving,48,0.0,0.0,0.0,0.07936279745217233,"{""diversity"": 0.0, ""k_used"": 1, ""status"": ""disabled_low_diversity""}"
control,threshold_survival,0.6,4,kmeans_profile,diagnostic_function_preserving,64,0.0,0.0,0.0,0.07936279745217233,"{""diversity"": 0.0, ""k_used"": 1, ""status"": ""disabled_low_diversity""}"
control,threshold_survival,0.6,4,kmeans_profile,diagnostic_function_preserving,96,0.0,0.0,0.0,0.07936279745217233,"{""diversity"": 0.0, ""k_used"": 1, ""status"": ""disabled_low_diversity""}"
control,threshold_survival,0.6,4,kmeans_profile,diagnostic_function_preserving,128,0.0,0.0,0.0,0.07936279745217233,"{""diversity"": 0.0, ""k_used"": 1, ""status"": ""disabled_low_diversity""}"
control,threshold_survival,0.6,5,balanced_random_group,primary,1,0.0,0.0,0.0,0.08639210074161432,"{""status"": ""ok""}"
control,threshold_survival,0.6,5,balanced_random_group,primary,2,0.008639210074161434,0.0,0.0,0.08639210074161432,"{""status"": ""ok""}"
control,threshold_survival,0.6,5,balanced_random_group,primary,3,0.013692824003398307,0.0,0.0,0.08639210074161432,"{""status"": ""ok""}"
control,threshold_survival,0.6,5,balanced_random_group,primary,4,0.017278420148322867,0.0,0.0,0.08639210074161432,"{""status"": ""ok""}"
control,threshold_survival,0.6,5,balanced_random_group,primary,6,0.022332034077559744,0.0,0.0,0.08639210074161432,"{""status"": ""ok""}"
control,threshold_survival,0.6,5,balanced_random_group,primary,8,0.025917630222484295,0.0,0.0,0.08639210074161432,"{""status"": ""ok""}"
control,threshold_survival,0.6,5,balanced_random_group,primary,12,0.030971244151721172,0.0,0.0,0.08639210074161432,"{""status"": ""ok""}"
control,threshold_survival,0.6,5,balanced_random_group,primary,16,0.034556840296645734,0.0,0.0,0.08639210074161432,"{""status"": ""ok""}"
control,threshold_survival,0.6,5,balanced_random_group,primary,24,0.0396104542258826,0.0,0.0,0.08639210074161432,"{""status"": ""ok""}"
control,threshold_survival,0.6,5,balanced_random_group,primary,32,0.04319605037080716,0.0,0.0,0.08639210074161432,"{""status"": ""ok""}"
control,threshold_survival,0.6,5,balanced_random_group,primary,48,0.048249664300044036,0.0,0.0,0.08639210074161432,"{""status"": ""ok""}"
control,threshold_survival,0.6,5,balanced_random_group,primary,64,0.05183526044496859,0.0,0.0,0.08639210074161432,"{""status"": ""ok""}"
control,threshold_survival,0.6,5,balanced_random_group,primary,96,0.05688887437420547,0.0,0.0,0.08639210074161432,"{""status"": ""ok""}"
control,threshold_survival,0.6,5,balanced_random_group,primary,128,0.060474470519130026,0.0,0.0,0.08639210074161432,"{""status"": ""ok""}"
control,threshold_survival,0.6,5,affinity_rank_group,primary,1,0.0,0.0,0.0,0.08639210074161432,"{""status"": ""ok""}"
control,threshold_survival,0.6,5,affinity_rank_group,primary,2,0.008639210074161434,0.0,0.0,0.08639210074161432,"{""status"": ""ok""}"
control,threshold_survival,0.6,5,affinity_rank_group,primary,3,0.013692824003398307,0.0,0.0,0.08639210074161432,"{""status"": ""ok""}"
control,threshold_survival,0.6,5,affinity_rank_group,primary,4,0.017278420148322867,0.0,0.0,0.08639210074161432,"{""status"": ""ok""}"
control,threshold_survival,0.6,5,affinity_rank_group,primary,6,0.022332034077559744,0.0,0.0,0.08639210074161432,"{""status"": ""ok""}"
control,threshold_survival,0.6,5,affinity_rank_group,primary,8,0.025917630222484295,0.0,0.0,0.08639210074161432,"{""status"": ""ok""}"
control,threshold_survival,0.6,5,affinity_rank_group,primary,12,0.030971244151721172,0.0,0.0,0.08639210074161432,"{""status"": ""ok""}"
control,threshold_survival,0.6,5,affinity_rank_group,primary,16,0.034556840296645734,0.0,0.0,0.08639210074161432,"{""status"": ""ok""}"
control,threshold_survival,0.6,5,affinity_rank_group,primary,24,0.0396104542258826,0.0,0.0,0.08639210074161432,"{""status"": ""ok""}"
control,threshold_survival,0.6,5,affinity_rank_group,primary,32,0.04319605037080716,0.0,0.0,0.08639210074161432,"{""status"": ""ok""}"
control,threshold_survival,0.6,5,affinity_rank_group,primary,48,0.048249664300044036,0.0,0.0,0.08639210074161432,"{""status"": ""ok""}"
control,threshold_survival,0.6,5,affinity_rank_group,primary,64,0.05183526044496859,0.0,0.0,0.08639210074161432,"{""status"": ""ok""}"
control,threshold_survival,0.6,5,affinity_rank_group,primary,96,0.05688887437420547,0.0,0.0,0.08639210074161432,"{""status"": ""ok""}"
control,threshold_survival,0.6,5,affinity_rank_group,primary,128,0.060474470519130026,0.0,0.0,0.08639210074161432,"{""status"": ""ok""}"
control,threshold_survival,0.6,5,prefix_group,primary,1,0.017278420148322867,0.0,0.0,0.08639210074161432,"{""status"": ""ok""}"
control,threshold_survival,0.6,5,prefix_group,primary,2,0.017278420148322867,0.0,0.0,0.08639210074161432,"{""status"": ""ok""}"
control,threshold_survival,0.6,5,prefix_group,primary,3,0.017278420148322867,0.0,0.0,0.08639210074161432,"{""status"": ""ok""}"
control,threshold_survival,0.6,5,prefix_group,primary,4,0.017278420148322867,0.0,0.0,0.08639210074161432,"{""status"": ""ok""}"
control,threshold_survival,0.6,5,prefix_group,primary,6,0.034556840296645734,0.0,0.0,0.08639210074161432,"{""status"": ""ok""}"
control,threshold_survival,0.6,5,prefix_group,primary,8,0.034556840296645734,0.0,0.0,0.08639210074161432,"{""status"": ""ok""}"
control,threshold_survival,0.6,5,prefix_group,primary,12,0.034556840296645734,0.0,0.0,0.08639210074161432,"{""status"": ""ok""}"
control,threshold_survival,0.6,5,prefix_group,primary,16,0.034556840296645734,0.0,0.0,0.08639210074161432,"{""status"": ""ok""}"
control,threshold_survival,0.6,5,prefix_group,primary,24,0.05183526044496859,0.0,0.0,0.08639210074161432,"{""status"": ""ok""}"
control,threshold_survival,0.6,5,prefix_group,primary,32,0.05183526044496859,0.0,0.0,0.08639210074161432,"{""status"": ""ok""}"
control,threshold_survival,0.6,5,prefix_group,primary,48,0.05183526044496859,0.0,0.0,0.08639210074161432,"{""status"": ""ok""}"
control,threshold_survival,0.6,5,prefix_group,primary,64,0.05183526044496859,0.0,0.0,0.08639210074161432,"{""status"": ""ok""}"
control,threshold_survival,0.6,5,prefix_group,primary,96,0.06911368059329147,0.0,0.0,0.08639210074161432,"{""status"": ""ok""}"
control,threshold_survival,0.6,5,prefix_group,primary,128,0.06911368059329147,0.0,0.0,0.08639210074161432,"{""status"": ""ok""}"
control,threshold_survival,0.6,5,kmeans_profile,diagnostic_function_preserving,1,0.0,0.0,0.0,0.08639210074161432,"{""diversity"": 0.0, ""k_used"": 1, ""status"": ""disabled_low_diversity""}"
control,threshold_survival,0.6,5,kmeans_profile,diagnostic_function_preserving,2,0.0,0.0,0.0,0.08639210074161432,"{""diversity"": 0.0, ""k_used"": 1, ""status"": ""disabled_low_diversity""}"
control,threshold_survival,0.6,5,kmeans_profile,diagnostic_function_preserving,3,0.0,0.0,0.0,0.08639210074161432,"{""diversity"": 0.0, ""k_used"": 1, ""status"": ""disabled_low_diversity""}"
control,threshold_survival,0.6,5,kmeans_profile,diagnostic_function_preserving,4,0.0,0.0,0.0,0.08639210074161432,"{""diversity"": 0.0, ""k_used"": 1, ""status"": ""disabled_low_diversity""}"
control,threshold_survival,0.6,5,kmeans_profile,diagnostic_function_preserving,6,0.0,0.0,0.0,0.08639210074161432,"{""diversity"": 0.0, ""k_used"": 1, ""status"": ""disabled_low_diversity""}"
control,threshold_survival,0.6,5,kmeans_profile,diagnostic_function_preserving,8,0.0,0.0,0.0,0.08639210074161432,"{""diversity"": 0.0, ""k_used"": 1, ""status"": ""disabled_low_diversity""}"
control,threshold_survival,0.6,5,kmeans_profile,diagnostic_function_preserving,12,0.0,0.0,0.0,0.08639210074161432,"{""diversity"": 0.0, ""k_used"": 1, ""status"": ""disabled_low_diversity""}"
control,threshold_survival,0.6,5,kmeans_profile,diagnostic_function_preserving,16,0.0,0.0,0.0,0.08639210074161432,"{""diversity"": 0.0, ""k_used"": 1, ""status"": ""disabled_low_diversity""}"
control,threshold_survival,0.6,5,kmeans_profile,diagnostic_function_preserving,24,0.0,0.0,0.0,0.08639210074161432,"{""diversity"": 0.0, ""k_used"": 1, ""status"": ""disabled_low_diversity""}"
control,threshold_survival,0.6,5,kmeans_profile,diagnostic_function_preserving,32,0.0,0.0,0.0,0.08639210074161432,"{""diversity"": 0.0, ""k_used"": 1, ""status"": ""disabled_low_diversity""}"
control,threshold_survival,0.6,5,kmeans_profile,diagnostic_function_preserving,48,0.0,0.0,0.0,0.08639210074161432,"{""diversity"": 0.0, ""k_used"": 1, ""status"": ""disabled_low_diversity""}"
control,threshold_survival,0.6,5,kmeans_profile,diagnostic_function_preserving,64,0.0,0.0,0.0,0.08639210074161432,"{""diversity"": 0.0, ""k_used"": 1, ""status"": ""disabled_low_diversity""}"
control,threshold_survival,0.6,5,kmeans_profile,diagnostic_function_preserving,96,0.0,0.0,0.0,0.08639210074161432,"{""diversity"": 0.0, ""k_used"": 1, ""status"": ""disabled_low_diversity""}"
control,threshold_survival,0.6,5,kmeans_profile,diagnostic_function_preserving,128,0.0,0.0,0.0,0.08639210074161432,"{""diversity"": 0.0, ""k_used"": 1, ""status"": ""disabled_low_diversity""}"
control,threshold_survival,0.6,6,balanced_random_group,primary,1,0.0,0.0,0.0,0.08440159490339942,"{""status"": ""ok""}"
control,threshold_survival,0.6,6,balanced_random_group,primary,2,0.008440159490339943,0.0,0.0,0.08440159490339942,"{""status"": ""ok""}"
control,threshold_survival,0.6,6,balanced_random_group,primary,3,0.013377336292294591,0.0,0.0,0.08440159490339942,"{""status"": ""ok""}"
control,threshold_survival,0.6,6,balanced_random_group,primary,4,0.016880318980679886,0.0,0.0,0.08440159490339942,"{""status"": ""ok""}"
control,threshold_survival,0.6,6,balanced_random_group,primary,6,0.021817495782634536,0.0,0.0,0.08440159490339942,"{""status"": ""ok""}"
control,threshold_survival,0.6,6,balanced_random_group,primary,8,0.025320478471019824,0.0,0.0,0.08440159490339942,"{""status"": ""ok""}"
control,threshold_survival,0.6,6,balanced_random_group,primary,12,0.030257655272974478,0.0,0.0,0.08440159490339942,"{""status"": ""ok""}"
control,threshold_survival,0.6,6,balanced_random_group,primary,16,0.03376063796135977,0.0,0.0,0.08440159490339942,"{""status"": ""ok""}"
control,threshold_survival,0.6,6,balanced_random_group,primary,24,0.038697814763314416,0.0,0.0,0.08440159490339942,"{""status"": ""ok""}"
control,threshold_survival,0.6,6,balanced_random_group,primary,32,0.04220079745169971,0.0,0.0,0.08440159490339942,"{""status"": ""ok""}"
control,threshold_survival,0.6,6,balanced_random_group,primary,48,0.04713797425365436,0.0,0.0,0.08440159490339942,"{""status"": ""ok""}"
control,threshold_survival,0.6,6,balanced_random_group,primary,64,0.05064095694203965,0.0,0.0,0.08440159490339942,"{""status"": ""ok""}"
control,threshold_survival,0.6,6,balanced_random_group,primary,96,0.055578133743994305,0.0,0.0,0.08440159490339942,"{""status"": ""ok""}"
control,threshold_survival,0.6,6,balanced_random_group,primary,128,0.05908111643237959,0.0,0.0,0.08440159490339942,"{""status"": ""ok""}"
control,threshold_survival,0.6,6,affinity_rank_group,primary,1,0.0,0.0,0.0,0.08440159490339942,"{""status"": ""ok""}"
control,threshold_survival,0.6,6,affinity_rank_group,primary,2,0.008440159490339943,0.0,0.0,0.08440159490339942,"{""status"": ""ok""}"
control,threshold_survival,0.6,6,affinity_rank_group,primary,3,0.013377336292294591,0.0,0.0,0.08440159490339942,"{""status"": ""ok""}"
control,threshold_survival,0.6,6,affinity_rank_group,primary,4,0.016880318980679886,0.0,0.0,0.08440159490339942,"{""status"": ""ok""}"
control,threshold_survival,0.6,6,affinity_rank_group,primary,6,0.021817495782634536,0.0,0.0,0.08440159490339942,"{""status"": ""ok""}"
control,threshold_survival,0.6,6,affinity_rank_group,primary,8,0.025320478471019824,0.0,0.0,0.08440159490339942,"{""status"": ""ok""}"
control,threshold_survival,0.6,6,affinity_rank_group,primary,12,0.030257655272974478,0.0,0.0,0.08440159490339942,"{""status"": ""ok""}"
control,threshold_survival,0.6,6,affinity_rank_group,primary,16,0.03376063796135977,0.0,0.0,0.08440159490339942,"{""status"": ""ok""}"
control,threshold_survival,0.6,6,affinity_rank_group,primary,24,0.038697814763314416,0.0,0.0,0.08440159490339942,"{""status"": ""ok""}"
control,threshold_survival,0.6,6,affinity_rank_group,primary,32,0.04220079745169971,0.0,0.0,0.08440159490339942,"{""status"": ""ok""}"
control,threshold_survival,0.6,6,affinity_rank_group,primary,48,0.04713797425365436,0.0,0.0,0.08440159490339942,"{""status"": ""ok""}"
control,threshold_survival,0.6,6,affinity_rank_group,primary,64,0.05064095694203965,0.0,0.0,0.08440159490339942,"{""status"": ""ok""}"
control,threshold_survival,0.6,6,affinity_rank_group,primary,96,0.055578133743994305,0.0,0.0,0.08440159490339942,"{""status"": ""ok""}"
control,threshold_survival,0.6,6,affinity_rank_group,primary,128,0.05908111643237959,0.0,0.0,0.08440159490339942,"{""status"": ""ok""}"
control,threshold_survival,0.6,6,prefix_group,primary,1,0.016880318980679886,0.0,0.0,0.08440159490339942,"{""status"": ""ok""}"
control,threshold_survival,0.6,6,prefix_group,primary,2,0.016880318980679886,0.0,0.0,0.08440159490339942,"{""status"": ""ok""}"
control,threshold_survival,0.6,6,prefix_group,primary,3,0.016880318980679886,0.0,0.0,0.08440159490339942,"{""status"": ""ok""}"
control,threshold_survival,0.6,6,prefix_group,primary,4,0.016880318980679886,0.0,0.0,0.08440159490339942,"{""status"": ""ok""}"
control,threshold_survival,0.6,6,prefix_group,primary,6,0.03376063796135977,0.0,0.0,0.08440159490339942,"{""status"": ""ok""}"
control,threshold_survival,0.6,6,prefix_group,primary,8,0.03376063796135977,0.0,0.0,0.08440159490339942,"{""status"": ""ok""}"
control,threshold_survival,0.6,6,prefix_group,primary,12,0.03376063796135977,0.0,0.0,0.08440159490339942,"{""status"": ""ok""}"
control,threshold_survival,0.6,6,prefix_group,primary,16,0.03376063796135977,0.0,0.0,0.08440159490339942,"{""status"": ""ok""}"
control,threshold_survival,0.6,6,prefix_group,primary,24,0.05064095694203965,0.0,0.0,0.08440159490339942,"{""status"": ""ok""}"
control,threshold_survival,0.6,6,prefix_group,primary,32,0.05064095694203965,0.0,0.0,0.08440159490339942,"{""status"": ""ok""}"
control,threshold_survival,0.6,6,prefix_group,primary,48,0.05064095694203965,0.0,0.0,0.08440159490339942,"{""status"": ""ok""}"
control,threshold_survival,0.6,6,prefix_group,primary,64,0.05064095694203965,0.0,0.0,0.08440159490339942,"{""status"": ""ok""}"
control,threshold_survival,0.6,6,prefix_group,primary,96,0.06752127592271955,0.0,0.0,0.08440159490339942,"{""status"": ""ok""}"
control,threshold_survival,0.6,6,prefix_group,primary,128,0.06752127592271955,0.0,0.0,0.08440159490339942,"{""status"": ""ok""}"
control,threshold_survival,0.6,6,kmeans_profile,diagnostic_function_preserving,1,0.0,0.0,0.0,0.08440159490339942,"{""diversity"": 0.0, ""k_used"": 1, ""status"": ""disabled_low_diversity""}"
control,threshold_survival,0.6,6,kmeans_profile,diagnostic_function_preserving,2,0.0,0.0,0.0,0.08440159490339942,"{""diversity"": 0.0, ""k_used"": 1, ""status"": ""disabled_low_diversity""}"
control,threshold_survival,0.6,6,kmeans_profile,diagnostic_function_preserving,3,0.0,0.0,0.0,0.08440159490339942,"{""diversity"": 0.0, ""k_used"": 1, ""status"": ""disabled_low_diversity""}"
control,threshold_survival,0.6,6,kmeans_profile,diagnostic_function_preserving,4,0.0,0.0,0.0,0.08440159490339942,"{""diversity"": 0.0, ""k_used"": 1, ""status"": ""disabled_low_diversity""}"
control,threshold_survival,0.6,6,kmeans_profile,diagnostic_function_preserving,6,0.0,0.0,0.0,0.08440159490339942,"{""diversity"": 0.0, ""k_used"": 1, ""status"": ""disabled_low_diversity""}"
control,threshold_survival,0.6,6,kmeans_profile,diagnostic_function_preserving,8,0.0,0.0,0.0,0.08440159490339942,"{""diversity"": 0.0, ""k_used"": 1, ""status"": ""disabled_low_diversity""}"
control,threshold_survival,0.6,6,kmeans_profile,diagnostic_function_preserving,12,0.0,0.0,0.0,0.08440159490339942,"{""diversity"": 0.0, ""k_used"": 1, ""status"": ""disabled_low_diversity""}"
control,threshold_survival,0.6,6,kmeans_profile,diagnostic_function_preserving,16,0.0,0.0,0.0,0.08440159490339942,"{""diversity"": 0.0, ""k_used"": 1, ""status"": ""disabled_low_diversity""}"
control,threshold_survival,0.6,6,kmeans_profile,diagnostic_function_preserving,24,0.0,0.0,0.0,0.08440159490339942,"{""diversity"": 0.0, ""k_used"": 1, ""status"": ""disabled_low_diversity""}"
control,threshold_survival,0.6,6,kmeans_profile,diagnostic_function_preserving,32,0.0,0.0,0.0,0.08440159490339942,"{""diversity"": 0.0, ""k_used"": 1, ""status"": ""disabled_low_diversity""}"
control,threshold_survival,0.6,6,kmeans_profile,diagnostic_function_preserving,48,0.0,0.0,0.0,0.08440159490339942,"{""diversity"": 0.0, ""k_used"": 1, ""status"": ""disabled_low_diversity""}"
control,threshold_survival,0.6,6,kmeans_profile,diagnostic_function_preserving,64,0.0,0.0,0.0,0.08440159490339942,"{""diversity"": 0.0, ""k_used"": 1, ""status"": ""disabled_low_diversity""}"
control,threshold_survival,0.6,6,kmeans_profile,diagnostic_function_preserving,96,0.0,0.0,0.0,0.08440159490339942,"{""diversity"": 0.0, ""k_used"": 1, ""status"": ""disabled_low_diversity""}"
control,threshold_survival,0.6,6,kmeans_profile,diagnostic_function_preserving,128,0.0,0.0,0.0,0.08440159490339942,"{""diversity"": 0.0, ""k_used"": 1, ""status"": ""disabled_low_diversity""}"
control,threshold_survival,0.6,7,balanced_random_group,primary,1,0.0,0.0,0.0,0.08835916376559341,"{""status"": ""ok""}"
control,threshold_survival,0.6,7,balanced_random_group,primary,2,0.008835916376559342,0.0,0.0,0.08835916376559341,"{""status"": ""ok""}"
control,threshold_survival,0.6,7,balanced_random_group,primary,3,0.014004596116354509,0.0,0.0,0.08835916376559341,"{""status"": ""ok""}"
control,threshold_survival,0.6,7,balanced_random_group,primary,4,0.017671832753118684,0.0,0.0,0.08835916376559341,"{""status"": ""ok""}"
control,threshold_survival,0.6,7,balanced_random_group,primary,6,0.022840512492913852,0.0,0.0,0.08835916376559341,"{""status"": ""ok""}"
control,threshold_survival,0.6,7,balanced_random_group,primary,8,0.026507749129678022,0.0,0.0,0.08835916376559341,"{""status"": ""ok""}"
control,threshold_survival,0.6,7,balanced_random_group,primary,12,0.031676428869473194,0.0,0.0,0.08835916376559341,"{""status"": ""ok""}"
control,threshold_survival,0.6,7,balanced_random_group,primary,16,0.03534366550623737,0.0,0.0,0.08835916376559341,"{""status"": ""ok""}"
control,threshold_survival,0.6,7,balanced_random_group,primary,24,0.04051234524603253,0.0,0.0,0.08835916376559341,"{""status"": ""ok""}"
control,threshold_survival,0.6,7,balanced_random_group,primary,32,0.044179581882796706,0.0,0.0,0.08835916376559341,"{""status"": ""ok""}"
control,threshold_survival,0.6,7,balanced_random_group,primary,48,0.04934826162259187,0.0,0.0,0.08835916376559341,"{""status"": ""ok""}"
control,threshold_survival,0.6,7,balanced_random_group,primary,64,0.053015498259356045,0.0,0.0,0.08835916376559341,"{""status"": ""ok""}"
control,threshold_survival,0.6,7,balanced_random_group,primary,96,0.05818417799915122,0.0,0.0,0.08835916376559341,"{""status"": ""ok""}"
control,threshold_survival,0.6,7,balanced_random_group,primary,128,0.06185141463591538,0.0,0.0,0.08835916376559341,"{""status"": ""ok""}"
control,threshold_survival,0.6,7,affinity_rank_group,primary,1,0.0,0.0,0.0,0.08835916376559341,"{""status"": ""ok""}"
control,threshold_survival,0.6,7,affinity_rank_group,primary,2,0.008835916376559342,0.0,0.0,0.08835916376559341,"{""status"": ""ok""}"
control,threshold_survival,0.6,7,affinity_rank_group,primary,3,0.014004596116354509,0.0,0.0,0.08835916376559341,"{""status"": ""ok""}"
control,threshold_survival,0.6,7,affinity_rank_group,primary,4,0.017671832753118684,0.0,0.0,0.08835916376559341,"{""status"": ""ok""}"
control,threshold_survival,0.6,7,affinity_rank_group,primary,6,0.022840512492913852,0.0,0.0,0.08835916376559341,"{""status"": ""ok""}"
control,threshold_survival,0.6,7,affinity_rank_group,primary,8,0.026507749129678022,0.0,0.0,0.08835916376559341,"{""status"": ""ok""}"
control,threshold_survival,0.6,7,affinity_rank_group,primary,12,0.031676428869473194,0.0,0.0,0.08835916376559341,"{""status"": ""ok""}"
control,threshold_survival,0.6,7,affinity_rank_group,primary,16,0.03534366550623737,0.0,0.0,0.08835916376559341,"{""status"": ""ok""}"
control,threshold_survival,0.6,7,affinity_rank_group,primary,24,0.04051234524603253,0.0,0.0,0.08835916376559341,"{""status"": ""ok""}"
control,threshold_survival,0.6,7,affinity_rank_group,primary,32,0.044179581882796706,0.0,0.0,0.08835916376559341,"{""status"": ""ok""}"
control,threshold_survival,0.6,7,affinity_rank_group,primary,48,0.04934826162259187,0.0,0.0,0.08835916376559341,"{""status"": ""ok""}"
control,threshold_survival,0.6,7,affinity_rank_group,primary,64,0.053015498259356045,0.0,0.0,0.08835916376559341,"{""status"": ""ok""}"
control,threshold_survival,0.6,7,affinity_rank_group,primary,96,0.05818417799915122,0.0,0.0,0.08835916376559341,"{""status"": ""ok""}"
control,threshold_survival,0.6,7,affinity_rank_group,primary,128,0.06185141463591538,0.0,0.0,0.08835916376559341,"{""status"": ""ok""}"
control,threshold_survival,0.6,7,prefix_group,primary,1,0.017671832753118684,0.0,0.0,0.08835916376559341,"{""status"": ""ok""}"
control,threshold_survival,0.6,7,prefix_group,primary,2,0.017671832753118684,0.0,0.0,0.08835916376559341,"{""status"": ""ok""}"
control,threshold_survival,0.6,7,prefix_group,primary,3,0.017671832753118684,0.0,0.0,0.08835916376559341,"{""status"": ""ok""}"
control,threshold_survival,0.6,7,prefix_group,primary,4,0.017671832753118684,0.0,0.0,0.08835916376559341,"{""status"": ""ok""}"
control,threshold_survival,0.6,7,prefix_group,primary,6,0.03534366550623737,0.0,0.0,0.08835916376559341,"{""status"": ""ok""}"
control,threshold_survival,0.6,7,prefix_group,primary,8,0.03534366550623737,0.0,0.0,0.08835916376559341,"{""status"": ""ok""}"
control,threshold_survival,0.6,7,prefix_group,primary,12,0.03534366550623737,0.0,0.0,0.08835916376559341,"{""status"": ""ok""}"
control,threshold_survival,0.6,7,prefix_group,primary,16,0.03534366550623737,0.0,0.0,0.08835916376559341,"{""status"": ""ok""}"
control,threshold_survival,0.6,7,prefix_group,primary,24,0.053015498259356045,0.0,0.0,0.08835916376559341,"{""status"": ""ok""}"
control,threshold_survival,0.6,7,prefix_group,primary,32,0.053015498259356045,0.0,0.0,0.08835916376559341,"{""status"": ""ok""}"
control,threshold_survival,0.6,7,prefix_group,primary,48,0.053015498259356045,0.0,0.0,0.08835916376559341,"{""status"": ""ok""}"
control,threshold_survival,0.6,7,prefix_group,primary,64,0.053015498259356045,0.0,0.0,0.08835916376559341,"{""status"": ""ok""}"
control,threshold_survival,0.6,7,prefix_group,primary,96,0.07068733101247474,0.0,0.0,0.08835916376559341,"{""status"": ""ok""}"
control,threshold_survival,0.6,7,prefix_group,primary,128,0.07068733101247474,0.0,0.0,0.08835916376559341,"{""status"": ""ok""}"
control,threshold_survival,0.6,7,kmeans_profile,diagnostic_function_preserving,1,0.0,0.0,0.0,0.08835916376559341,"{""diversity"": 0.0, ""k_used"": 1, ""status"": ""disabled_low_diversity""}"
control,threshold_survival,0.6,7,kmeans_profile,diagnostic_function_preserving,2,0.0,0.0,0.0,0.08835916376559341,"{""diversity"": 0.0, ""k_used"": 1, ""status"": ""disabled_low_diversity""}"
control,threshold_survival,0.6,7,kmeans_profile,diagnostic_function_preserving,3,0.0,0.0,0.0,0.08835916376559341,"{""diversity"": 0.0, ""k_used"": 1, ""status"": ""disabled_low_diversity""}"
control,threshold_survival,0.6,7,kmeans_profile,diagnostic_function_preserving,4,0.0,0.0,0.0,0.08835916376559341,"{""diversity"": 0.0, ""k_used"": 1, ""status"": ""disabled_low_diversity""}"
control,threshold_survival,0.6,7,kmeans_profile,diagnostic_function_preserving,6,0.0,0.0,0.0,0.08835916376559341,"{""diversity"": 0.0, ""k_used"": 1, ""status"": ""disabled_low_diversity""}"
control,threshold_survival,0.6,7,kmeans_profile,diagnostic_function_preserving,8,0.0,0.0,0.0,0.08835916376559341,"{""diversity"": 0.0, ""k_used"": 1, ""status"": ""disabled_low_diversity""}"
control,threshold_survival,0.6,7,kmeans_profile,diagnostic_function_preserving,12,0.0,0.0,0.0,0.08835916376559341,"{""diversity"": 0.0, ""k_used"": 1, ""status"": ""disabled_low_diversity""}"
control,threshold_survival,0.6,7,kmeans_profile,diagnostic_function_preserving,16,0.0,0.0,0.0,0.08835916376559341,"{""diversity"": 0.0, ""k_used"": 1, ""status"": ""disabled_low_diversity""}"
control,threshold_survival,0.6,7,kmeans_profile,diagnostic_function_preserving,24,0.0,0.0,0.0,0.08835916376559341,"{""diversity"": 0.0, ""k_used"": 1, ""status"": ""disabled_low_diversity""}"
control,threshold_survival,0.6,7,kmeans_profile,diagnostic_function_preserving,32,0.0,0.0,0.0,0.08835916376559341,"{""diversity"": 0.0, ""k_used"": 1, ""status"": ""disabled_low_diversity""}"
control,threshold_survival,0.6,7,kmeans_profile,diagnostic_function_preserving,48,0.0,0.0,0.0,0.08835916376559341,"{""diversity"": 0.0, ""k_used"": 1, ""status"": ""disabled_low_diversity""}"
control,threshold_survival,0.6,7,kmeans_profile,diagnostic_function_preserving,64,0.0,0.0,0.0,0.08835916376559341,"{""diversity"": 0.0, ""k_used"": 1, ""status"": ""disabled_low_diversity""}"
control,threshold_survival,0.6,7,kmeans_profile,diagnostic_function_preserving,96,0.0,0.0,0.0,0.08835916376559341,"{""diversity"": 0.0, ""k_used"": 1, ""status"": ""disabled_low_diversity""}"
control,threshold_survival,0.6,7,kmeans_profile,diagnostic_function_preserving,128,0.0,0.0,0.0,0.08835916376559341,"{""diversity"": 0.0, ""k_used"": 1, ""status"": ""disabled_low_diversity""}"
control,threshold_survival,0.6,8,balanced_random_group,primary,1,0.0,0.0,0.0,0.07955059822875235,"{""status"": ""ok""}"
control,threshold_survival,0.6,8,balanced_random_group,primary,2,0.007955059822875235,0.0,0.0,0.07955059822875235,"{""status"": ""ok""}"
control,threshold_survival,0.6,8,balanced_random_group,primary,3,0.012608471510250728,0.0,0.0,0.07955059822875235,"{""status"": ""ok""}"
control,threshold_survival,0.6,8,balanced_random_group,primary,4,0.01591011964575047,0.0,0.0,0.07955059822875235,"{""status"": ""ok""}"
control,threshold_survival,0.6,8,balanced_random_group,primary,6,0.020563531333125967,0.0,0.0,0.07955059822875235,"{""status"": ""ok""}"
control,threshold_survival,0.6,8,balanced_random_group,primary,8,0.023865179468625704,0.0,0.0,0.07955059822875235,"{""status"": ""ok""}"
control,threshold_survival,0.6,8,balanced_random_group,primary,12,0.0285185911560012,0.0,0.0,0.07955059822875235,"{""status"": ""ok""}"
control,threshold_survival,0.6,8,balanced_random_group,primary,16,0.03182023929150094,0.0,0.0,0.07955059822875235,"{""status"": ""ok""}"
control,threshold_survival,0.6,8,balanced_random_group,primary,24,0.036473650978876435,0.0,0.0,0.07955059822875235,"{""status"": ""ok""}"
control,threshold_survival,0.6,8,balanced_random_group,primary,32,0.039775299114376175,0.0,0.0,0.07955059822875235,"{""status"": ""ok""}"
control,threshold_survival,0.6,8,balanced_random_group,primary,48,0.04442871080175167,0.0,0.0,0.07955059822875235,"{""status"": ""ok""}"
control,threshold_survival,0.6,8,balanced_random_group,primary,64,0.04773035893725141,0.0,0.0,0.07955059822875235,"{""status"": ""ok""}"
control,threshold_survival,0.6,8,balanced_random_group,primary,96,0.05238377062462691,0.0,0.0,0.07955059822875235,"{""status"": ""ok""}"
control,threshold_survival,0.6,8,balanced_random_group,primary,128,0.05568541876012664,0.0,0.0,0.07955059822875235,"{""status"": ""ok""}"
control,threshold_survival,0.6,8,affinity_rank_group,primary,1,0.0,0.0,0.0,0.07955059822875235,"{""status"": ""ok""}"
control,threshold_survival,0.6,8,affinity_rank_group,primary,2,0.007955059822875235,0.0,0.0,0.07955059822875235,"{""status"": ""ok""}"
control,threshold_survival,0.6,8,affinity_rank_group,primary,3,0.012608471510250728,0.0,0.0,0.07955059822875235,"{""status"": ""ok""}"
control,threshold_survival,0.6,8,affinity_rank_group,primary,4,0.01591011964575047,0.0,0.0,0.07955059822875235,"{""status"": ""ok""}"
control,threshold_survival,0.6,8,affinity_rank_group,primary,6,0.020563531333125967,0.0,0.0,0.07955059822875235,"{""status"": ""ok""}"
control,threshold_survival,0.6,8,affinity_rank_group,primary,8,0.023865179468625704,0.0,0.0,0.07955059822875235,"{""status"": ""ok""}"
control,threshold_survival,0.6,8,affinity_rank_group,primary,12,0.0285185911560012,0.0,0.0,0.07955059822875235,"{""status"": ""ok""}"
control,threshold_survival,0.6,8,affinity_rank_group,primary,16,0.03182023929150094,0.0,0.0,0.07955059822875235,"{""status"": ""ok""}"
control,threshold_survival,0.6,8,affinity_rank_group,primary,24,0.036473650978876435,0.0,0.0,0.07955059822875235,"{""status"": ""ok""}"
control,threshold_survival,0.6,8,affinity_rank_group,primary,32,0.039775299114376175,0.0,0.0,0.07955059822875235,"{""status"": ""ok""}"
control,threshold_survival,0.6,8,affinity_rank_group,primary,48,0.04442871080175167,0.0,0.0,0.07955059822875235,"{""status"": ""ok""}"
control,threshold_survival,0.6,8,affinity_rank_group,primary,64,0.04773035893725141,0.0,0.0,0.07955059822875235,"{""status"": ""ok""}"
control,threshold_survival,0.6,8,affinity_rank_group,primary,96,0.05238377062462691,0.0,0.0,0.07955059822875235,"{""status"": ""ok""}"
control,threshold_survival,0.6,8,affinity_rank_group,primary,128,0.05568541876012664,0.0,0.0,0.07955059822875235,"{""status"": ""ok""}"
control,threshold_survival,0.6,8,prefix_group,primary,1,0.01591011964575047,0.0,0.0,0.07955059822875235,"{""status"": ""ok""}"
control,threshold_survival,0.6,8,prefix_group,primary,2,0.01591011964575047,0.0,0.0,0.07955059822875235,"{""status"": ""ok""}"
control,threshold_survival,0.6,8,prefix_group,primary,3,0.01591011964575047,0.0,0.0,0.07955059822875235,"{""status"": ""ok""}"
control,threshold_survival,0.6,8,prefix_group,primary,4,0.01591011964575047,0.0,0.0,0.07955059822875235,"{""status"": ""ok""}"
control,threshold_survival,0.6,8,prefix_group,primary,6,0.03182023929150094,0.0,0.0,0.07955059822875235,"{""status"": ""ok""}"
control,threshold_survival,0.6,8,prefix_group,primary,8,0.03182023929150094,0.0,0.0,0.07955059822875235,"{""status"": ""ok""}"
control,threshold_survival,0.6,8,prefix_group,primary,12,0.03182023929150094,0.0,0.0,0.07955059822875235,"{""status"": ""ok""}"
control,threshold_survival,0.6,8,prefix_group,primary,16,0.03182023929150094,0.0,0.0,0.07955059822875235,"{""status"": ""ok""}"
control,threshold_survival,0.6,8,prefix_group,primary,24,0.04773035893725141,0.0,0.0,0.07955059822875235,"{""status"": ""ok""}"
control,threshold_survival,0.6,8,prefix_group,primary,32,0.04773035893725141,0.0,0.0,0.07955059822875235,"{""status"": ""ok""}"
control,threshold_survival,0.6,8,prefix_group,primary,48,0.04773035893725141,0.0,0.0,0.07955059822875235,"{""status"": ""ok""}"
control,threshold_survival,0.6,8,prefix_group,primary,64,0.04773035893725141,0.0,0.0,0.07955059822875235,"{""status"": ""ok""}"
control,threshold_survival,0.6,8,prefix_group,primary,96,0.06364047858300188,0.0,0.0,0.07955059822875235,"{""status"": ""ok""}"
control,threshold_survival,0.6,8,prefix_group,primary,128,0.06364047858300188,0.0,0.0,0.07955059822875235,"{""status"": ""ok""}"
control,threshold_survival,0.6,8,kmeans_profile,diagnostic_function_preserving,1,0.0,0.0,0.0,0.07955059822875235,"{""diversity"": 0.0, ""k_used"": 1, ""status"": ""disabled_low_diversity""}"
control,threshold_survival,0.6,8,kmeans_profile,diagnostic_function_preserving,2,0.0,0.0,0.0,0.07955059822875235,"{""diversity"": 0.0, ""k_used"": 1, ""status"": ""disabled_low_diversity""}"
control,threshold_survival,0.6,8,kmeans_profile,diagnostic_function_preserving,3,0.0,0.0,0.0,0.07955059822875235,"{""diversity"": 0.0, ""k_used"": 1, ""status"": ""disabled_low_diversity""}"
control,threshold_survival,0.6,8,kmeans_profile,diagnostic_function_preserving,4,0.0,0.0,0.0,0.07955059822875235,"{""diversity"": 0.0, ""k_used"": 1, ""status"": ""disabled_low_diversity""}"
control,threshold_survival,0.6,8,kmeans_profile,diagnostic_function_preserving,6,0.0,0.0,0.0,0.07955059822875235,"{""diversity"": 0.0, ""k_used"": 1, ""status"": ""disabled_low_diversity""}"
control,threshold_survival,0.6,8,kmeans_profile,diagnostic_function_preserving,8,0.0,0.0,0.0,0.07955059822875235,"{""diversity"": 0.0, ""k_used"": 1, ""status"": ""disabled_low_diversity""}"
control,threshold_survival,0.6,8,kmeans_profile,diagnostic_function_preserving,12,0.0,0.0,0.0,0.07955059822875235,"{""diversity"": 0.0, ""k_used"": 1, ""status"": ""disabled_low_diversity""}"
control,threshold_survival,0.6,8,kmeans_profile,diagnostic_function_preserving,16,0.0,0.0,0.0,0.07955059822875235,"{""diversity"": 0.0, ""k_used"": 1, ""status"": ""disabled_low_diversity""}"
control,threshold_survival,0.6,8,kmeans_profile,diagnostic_function_preserving,24,0.0,0.0,0.0,0.07955059822875235,"{""diversity"": 0.0, ""k_used"": 1, ""status"": ""disabled_low_diversity""}"
control,threshold_survival,0.6,8,kmeans_profile,diagnostic_function_preserving,32,0.0,0.0,0.0,0.07955059822875235,"{""diversity"": 0.0, ""k_used"": 1, ""status"": ""disabled_low_diversity""}"
control,threshold_survival,0.6,8,kmeans_profile,diagnostic_function_preserving,48,0.0,0.0,0.0,0.07955059822875235,"{""diversity"": 0.0, ""k_used"": 1, ""status"": ""disabled_low_diversity""}"
control,threshold_survival,0.6,8,kmeans_profile,diagnostic_function_preserving,64,0.0,0.0,0.0,0.07955059822875235,"{""diversity"": 0.0, ""k_used"": 1, ""status"": ""disabled_low_diversity""}"
control,threshold_survival,0.6,8,kmeans_profile,diagnostic_function_preserving,96,0.0,0.0,0.0,0.07955059822875235,"{""diversity"": 0.0, ""k_used"": 1, ""status"": ""disabled_low_diversity""}"
control,threshold_survival,0.6,8,kmeans_profile,diagnostic_function_preserving,128,0.0,0.0,0.0,0.07955059822875235,"{""diversity"": 0.0, ""k_used"": 1, ""status"": ""disabled_low_diversity""}"
control,threshold_survival,0.6,9,balanced_random_group,primary,1,0.0,0.0,0.0,0.08139624303979358,"{""status"": ""ok""}"
control,threshold_survival,0.6,9,balanced_random_group,primary,2,0.008139624303979359,0.0,0.0,0.08139624303979358,"{""status"": ""ok""}"
control,threshold_survival,0.6,9,balanced_random_group,primary,3,0.012900999291765821,0.0,0.0,0.08139624303979358,"{""status"": ""ok""}"
control,threshold_survival,0.6,9,balanced_random_group,primary,4,0.016279248607958718,0.0,0.0,0.08139624303979358,"{""status"": ""ok""}"
control,threshold_survival,0.6,9,balanced_random_group,primary,6,0.021040623595745184,0.0,0.0,0.08139624303979358,"{""status"": ""ok""}"
control,threshold_survival,0.6,9,balanced_random_group,primary,8,0.02441887291193807,0.0,0.0,0.08139624303979358,"{""status"": ""ok""}"
control,threshold_survival,0.6,9,balanced_random_group,primary,12,0.029180247899724537,0.0,0.0,0.08139624303979358,"{""status"": ""ok""}"
control,threshold_survival,0.6,9,balanced_random_group,primary,16,0.032558497215917435,0.0,0.0,0.08139624303979358,"{""status"": ""ok""}"
control,threshold_survival,0.6,9,balanced_random_group,primary,24,0.03731987220370389,0.0,0.0,0.08139624303979358,"{""status"": ""ok""}"
control,threshold_survival,0.6,9,balanced_random_group,primary,32,0.04069812151989679,0.0,0.0,0.08139624303979358,"{""status"": ""ok""}"
control,threshold_survival,0.6,9,balanced_random_group,primary,48,0.04545949650768325,0.0,0.0,0.08139624303979358,"{""status"": ""ok""}"
control,threshold_survival,0.6,9,balanced_random_group,primary,64,0.04883774582387614,0.0,0.0,0.08139624303979358,"{""status"": ""ok""}"
control,threshold_survival,0.6,9,balanced_random_group,primary,96,0.05359912081166261,0.0,0.0,0.08139624303979358,"{""status"": ""ok""}"
control,threshold_survival,0.6,9,balanced_random_group,primary,128,0.0569773701278555,0.0,0.0,0.08139624303979358,"{""status"": ""ok""}"
control,threshold_survival,0.6,9,affinity_rank_group,primary,1,0.0,0.0,0.0,0.08139624303979358,"{""status"": ""ok""}"
control,threshold_survival,0.6,9,affinity_rank_group,primary,2,0.008139624303979359,0.0,0.0,0.08139624303979358,"{""status"": ""ok""}"
control,threshold_survival,0.6,9,affinity_rank_group,primary,3,0.012900999291765821,0.0,0.0,0.08139624303979358,"{""status"": ""ok""}"
control,threshold_survival,0.6,9,affinity_rank_group,primary,4,0.016279248607958718,0.0,0.0,0.08139624303979358,"{""status"": ""ok""}"
control,threshold_survival,0.6,9,affinity_rank_group,primary,6,0.021040623595745184,0.0,0.0,0.08139624303979358,"{""status"": ""ok""}"
control,threshold_survival,0.6,9,affinity_rank_group,primary,8,0.02441887291193807,0.0,0.0,0.08139624303979358,"{""status"": ""ok""}"
control,threshold_survival,0.6,9,affinity_rank_group,primary,12,0.029180247899724537,0.0,0.0,0.08139624303979358,"{""status"": ""ok""}"
control,threshold_survival,0.6,9,affinity_rank_group,primary,16,0.032558497215917435,0.0,0.0,0.08139624303979358,"{""status"": ""ok""}"
control,threshold_survival,0.6,9,affinity_rank_group,primary,24,0.03731987220370389,0.0,0.0,0.08139624303979358,"{""status"": ""ok""}"
control,threshold_survival,0.6,9,affinity_rank_group,primary,32,0.04069812151989679,0.0,0.0,0.08139624303979358,"{""status"": ""ok""}"
control,threshold_survival,0.6,9,affinity_rank_group,primary,48,0.04545949650768325,0.0,0.0,0.08139624303979358,"{""status"": ""ok""}"
control,threshold_survival,0.6,9,affinity_rank_group,primary,64,0.04883774582387614,0.0,0.0,0.08139624303979358,"{""status"": ""ok""}"
control,threshold_survival,0.6,9,affinity_rank_group,primary,96,0.05359912081166261,0.0,0.0,0.08139624303979358,"{""status"": ""ok""}"
control,threshold_survival,0.6,9,affinity_rank_group,primary,128,0.0569773701278555,0.0,0.0,0.08139624303979358,"{""status"": ""ok""}"
control,threshold_survival,0.6,9,prefix_group,primary,1,0.016279248607958718,0.0,0.0,0.08139624303979358,"{""status"": ""ok""}"
control,threshold_survival,0.6,9,prefix_group,primary,2,0.016279248607958718,0.0,0.0,0.08139624303979358,"{""status"": ""ok""}"
control,threshold_survival,0.6,9,prefix_group,primary,3,0.016279248607958718,0.0,0.0,0.08139624303979358,"{""status"": ""ok""}"
control,threshold_survival,0.6,9,prefix_group,primary,4,0.016279248607958718,0.0,0.0,0.08139624303979358,"{""status"": ""ok""}"
control,threshold_survival,0.6,9,prefix_group,primary,6,0.032558497215917435,0.0,0.0,0.08139624303979358,"{""status"": ""ok""}"
control,threshold_survival,0.6,9,prefix_group,primary,8,0.032558497215917435,0.0,0.0,0.08139624303979358,"{""status"": ""ok""}"
control,threshold_survival,0.6,9,prefix_group,primary,12,0.032558497215917435,0.0,0.0,0.08139624303979358,"{""status"": ""ok""}"
control,threshold_survival,0.6,9,prefix_group,primary,16,0.032558497215917435,0.0,0.0,0.08139624303979358,"{""status"": ""ok""}"
control,threshold_survival,0.6,9,prefix_group,primary,24,0.04883774582387614,0.0,0.0,0.08139624303979358,"{""status"": ""ok""}"
control,threshold_survival,0.6,9,prefix_group,primary,32,0.04883774582387614,0.0,0.0,0.08139624303979358,"{""status"": ""ok""}"
control,threshold_survival,0.6,9,prefix_group,primary,48,0.04883774582387614,0.0,0.0,0.08139624303979358,"{""status"": ""ok""}"
control,threshold_survival,0.6,9,prefix_group,primary,64,0.04883774582387614,0.0,0.0,0.08139624303979358,"{""status"": ""ok""}"
control,threshold_survival,0.6,9,prefix_group,primary,96,0.06511699443183487,0.0,0.0,0.08139624303979358,"{""status"": ""ok""}"
control,threshold_survival,0.6,9,prefix_group,primary,128,0.06511699443183487,0.0,0.0,0.08139624303979358,"{""status"": ""ok""}"
control,threshold_survival,0.6,9,kmeans_profile,diagnostic_function_preserving,1,0.0,0.0,0.0,0.08139624303979358,"{""diversity"": 0.0, ""k_used"": 1, ""status"": ""disabled_low_diversity""}"
control,threshold_survival,0.6,9,kmeans_profile,diagnostic_function_preserving,2,0.0,0.0,0.0,0.08139624303979358,"{""diversity"": 0.0, ""k_used"": 1, ""status"": ""disabled_low_diversity""}"
control,threshold_survival,0.6,9,kmeans_profile,diagnostic_function_preserving,3,0.0,0.0,0.0,0.08139624303979358,"{""diversity"": 0.0, ""k_used"": 1, ""status"": ""disabled_low_diversity""}"
control,threshold_survival,0.6,9,kmeans_profile,diagnostic_function_preserving,4,0.0,0.0,0.0,0.08139624303979358,"{""diversity"": 0.0, ""k_used"": 1, ""status"": ""disabled_low_diversity""}"
control,threshold_survival,0.6,9,kmeans_profile,diagnostic_function_preserving,6,0.0,0.0,0.0,0.08139624303979358,"{""diversity"": 0.0, ""k_used"": 1, ""status"": ""disabled_low_diversity""}"
control,threshold_survival,0.6,9,kmeans_profile,diagnostic_function_preserving,8,0.0,0.0,0.0,0.08139624303979358,"{""diversity"": 0.0, ""k_used"": 1, ""status"": ""disabled_low_diversity""}"
control,threshold_survival,0.6,9,kmeans_profile,diagnostic_function_preserving,12,0.0,0.0,0.0,0.08139624303979358,"{""diversity"": 0.0, ""k_used"": 1, ""status"": ""disabled_low_diversity""}"
control,threshold_survival,0.6,9,kmeans_profile,diagnostic_function_preserving,16,0.0,0.0,0.0,0.08139624303979358,"{""diversity"": 0.0, ""k_used"": 1, ""status"": ""disabled_low_diversity""}"
control,threshold_survival,0.6,9,kmeans_profile,diagnostic_function_preserving,24,0.0,0.0,0.0,0.08139624303979358,"{""diversity"": 0.0, ""k_used"": 1, ""status"": ""disabled_low_diversity""}"
control,threshold_survival,0.6,9,kmeans_profile,diagnostic_function_preserving,32,0.0,0.0,0.0,0.08139624303979358,"{""diversity"": 0.0, ""k_used"": 1, ""status"": ""disabled_low_diversity""}"
control,threshold_survival,0.6,9,kmeans_profile,diagnostic_function_preserving,48,0.0,0.0,0.0,0.08139624303979358,"{""diversity"": 0.0, ""k_used"": 1, ""status"": ""disabled_low_diversity""}"
control,threshold_survival,0.6,9,kmeans_profile,diagnostic_function_preserving,64,0.0,0.0,0.0,0.08139624303979358,"{""diversity"": 0.0, ""k_used"": 1, ""status"": ""disabled_low_diversity""}"
control,threshold_survival,0.6,9,kmeans_profile,diagnostic_function_preserving,96,0.0,0.0,0.0,0.08139624303979358,"{""diversity"": 0.0, ""k_used"": 1, ""status"": ""disabled_low_diversity""}"
control,threshold_survival,0.6,9,kmeans_profile,diagnostic_function_preserving,128,0.0,0.0,0.0,0.08139624303979358,"{""diversity"": 0.0, ""k_used"": 1, ""status"": ""disabled_low_diversity""}"
control,threshold_survival,0.6,10,balanced_random_group,primary,1,0.0,0.0,0.0,0.08155426205925068,"{""status"": ""ok""}"
control,threshold_survival,0.6,10,balanced_random_group,primary,2,0.008155426205925067,0.0,0.0,0.08155426205925068,"{""status"": ""ok""}"
control,threshold_survival,0.6,10,balanced_random_group,primary,3,0.012926044713789844,0.0,0.0,0.08155426205925068,"{""status"": ""ok""}"
control,threshold_survival,0.6,10,balanced_random_group,primary,4,0.016310852411850135,0.0,0.0,0.08155426205925068,"{""status"": ""ok""}"
control,threshold_survival,0.6,10,balanced_random_group,primary,6,0.021081470919714913,0.0,0.0,0.08155426205925068,"{""status"": ""ok""}"
control,threshold_survival,0.6,10,balanced_random_group,primary,8,0.024466278617775204,0.0,0.0,0.08155426205925068,"{""status"": ""ok""}"
control,threshold_survival,0.6,10,balanced_random_group,primary,12,0.02923689712563998,0.0,0.0,0.08155426205925068,"{""status"": ""ok""}"
control,threshold_survival,0.6,10,balanced_random_group,primary,16,0.03262170482370027,0.0,0.0,0.08155426205925068,"{""status"": ""ok""}"
control,threshold_survival,0.6,10,balanced_random_group,primary,24,0.037392323331565044,0.0,0.0,0.08155426205925068,"{""status"": ""ok""}"
control,threshold_survival,0.6,10,balanced_random_group,primary,32,0.04077713102962534,0.0,0.0,0.08155426205925068,"{""status"": ""ok""}"
control,threshold_survival,0.6,10,balanced_random_group,primary,48,0.04554774953749011,0.0,0.0,0.08155426205925068,"{""status"": ""ok""}"
control,threshold_survival,0.6,10,balanced_random_group,primary,64,0.04893255723555041,0.0,0.0,0.08155426205925068,"{""status"": ""ok""}"
control,threshold_survival,0.6,10,balanced_random_group,primary,96,0.05370317574341519,0.0,0.0,0.08155426205925068,"{""status"": ""ok""}"
control,threshold_survival,0.6,10,balanced_random_group,primary,128,0.05708798344147547,0.0,0.0,0.08155426205925068,"{""status"": ""ok""}"
control,threshold_survival,0.6,10,affinity_rank_group,primary,1,0.0,0.0,0.0,0.08155426205925068,"{""status"": ""ok""}"
control,threshold_survival,0.6,10,affinity_rank_group,primary,2,0.008155426205925067,0.0,0.0,0.08155426205925068,"{""status"": ""ok""}"
control,threshold_survival,0.6,10,affinity_rank_group,primary,3,0.012926044713789844,0.0,0.0,0.08155426205925068,"{""status"": ""ok""}"
control,threshold_survival,0.6,10,affinity_rank_group,primary,4,0.016310852411850135,0.0,0.0,0.08155426205925068,"{""status"": ""ok""}"
control,threshold_survival,0.6,10,affinity_rank_group,primary,6,0.021081470919714913,0.0,0.0,0.08155426205925068,"{""status"": ""ok""}"
control,threshold_survival,0.6,10,affinity_rank_group,primary,8,0.024466278617775204,0.0,0.0,0.08155426205925068,"{""status"": ""ok""}"
control,threshold_survival,0.6,10,affinity_rank_group,primary,12,0.02923689712563998,0.0,0.0,0.08155426205925068,"{""status"": ""ok""}"
control,threshold_survival,0.6,10,affinity_rank_group,primary,16,0.03262170482370027,0.0,0.0,0.08155426205925068,"{""status"": ""ok""}"
control,threshold_survival,0.6,10,affinity_rank_group,primary,24,0.037392323331565044,0.0,0.0,0.08155426205925068,"{""status"": ""ok""}"
control,threshold_survival,0.6,10,affinity_rank_group,primary,32,0.04077713102962534,0.0,0.0,0.08155426205925068,"{""status"": ""ok""}"
control,threshold_survival,0.6,10,affinity_rank_group,primary,48,0.04554774953749011,0.0,0.0,0.08155426205925068,"{""status"": ""ok""}"
control,threshold_survival,0.6,10,affinity_rank_group,primary,64,0.04893255723555041,0.0,0.0,0.08155426205925068,"{""status"": ""ok""}"
control,threshold_survival,0.6,10,affinity_rank_group,primary,96,0.05370317574341519,0.0,0.0,0.08155426205925068,"{""status"": ""ok""}"
control,threshold_survival,0.6,10,affinity_rank_group,primary,128,0.05708798344147547,0.0,0.0,0.08155426205925068,"{""status"": ""ok""}"
control,threshold_survival,0.6,10,prefix_group,primary,1,0.016310852411850135,0.0,0.0,0.08155426205925068,"{""status"": ""ok""}"
control,threshold_survival,0.6,10,prefix_group,primary,2,0.016310852411850135,0.0,0.0,0.08155426205925068,"{""status"": ""ok""}"
control,threshold_survival,0.6,10,prefix_group,primary,3,0.016310852411850135,0.0,0.0,0.08155426205925068,"{""status"": ""ok""}"
control,threshold_survival,0.6,10,prefix_group,primary,4,0.016310852411850135,0.0,0.0,0.08155426205925068,"{""status"": ""ok""}"
control,threshold_survival,0.6,10,prefix_group,primary,6,0.03262170482370027,0.0,0.0,0.08155426205925068,"{""status"": ""ok""}"
control,threshold_survival,0.6,10,prefix_group,primary,8,0.03262170482370027,0.0,0.0,0.08155426205925068,"{""status"": ""ok""}"
control,threshold_survival,0.6,10,prefix_group,primary,12,0.03262170482370027,0.0,0.0,0.08155426205925068,"{""status"": ""ok""}"
control,threshold_survival,0.6,10,prefix_group,primary,16,0.03262170482370027,0.0,0.0,0.08155426205925068,"{""status"": ""ok""}"
control,threshold_survival,0.6,10,prefix_group,primary,24,0.04893255723555041,0.0,0.0,0.08155426205925068,"{""status"": ""ok""}"
control,threshold_survival,0.6,10,prefix_group,primary,32,0.04893255723555041,0.0,0.0,0.08155426205925068,"{""status"": ""ok""}"
control,threshold_survival,0.6,10,prefix_group,primary,48,0.04893255723555041,0.0,0.0,0.08155426205925068,"{""status"": ""ok""}"
control,threshold_survival,0.6,10,prefix_group,primary,64,0.04893255723555041,0.0,0.0,0.08155426205925068,"{""status"": ""ok""}"
control,threshold_survival,0.6,10,prefix_group,primary,96,0.06524340964740054,0.0,0.0,0.08155426205925068,"{""status"": ""ok""}"
control,threshold_survival,0.6,10,prefix_group,primary,128,0.06524340964740054,0.0,0.0,0.08155426205925068,"{""status"": ""ok""}"
control,threshold_survival,0.6,10,kmeans_profile,diagnostic_function_preserving,1,0.0,0.0,0.0,0.08155426205925068,"{""diversity"": 0.0, ""k_used"": 1, ""status"": ""disabled_low_diversity""}"
control,threshold_survival,0.6,10,kmeans_profile,diagnostic_function_preserving,2,0.0,0.0,0.0,0.08155426205925068,"{""diversity"": 0.0, ""k_used"": 1, ""status"": ""disabled_low_diversity""}"
control,threshold_survival,0.6,10,kmeans_profile,diagnostic_function_preserving,3,0.0,0.0,0.0,0.08155426205925068,"{""diversity"": 0.0, ""k_used"": 1, ""status"": ""disabled_low_diversity""}"
control,threshold_survival,0.6,10,kmeans_profile,diagnostic_function_preserving,4,0.0,0.0,0.0,0.08155426205925068,"{""diversity"": 0.0, ""k_used"": 1, ""status"": ""disabled_low_diversity""}"
control,threshold_survival,0.6,10,kmeans_profile,diagnostic_function_preserving,6,0.0,0.0,0.0,0.08155426205925068,"{""diversity"": 0.0, ""k_used"": 1, ""status"": ""disabled_low_diversity""}"
control,threshold_survival,0.6,10,kmeans_profile,diagnostic_function_preserving,8,0.0,0.0,0.0,0.08155426205925068,"{""diversity"": 0.0, ""k_used"": 1, ""status"": ""disabled_low_diversity""}"
control,threshold_survival,0.6,10,kmeans_profile,diagnostic_function_preserving,12,0.0,0.0,0.0,0.08155426205925068,"{""diversity"": 0.0, ""k_used"": 1, ""status"": ""disabled_low_diversity""}"
control,threshold_survival,0.6,10,kmeans_profile,diagnostic_function_preserving,16,0.0,0.0,0.0,0.08155426205925068,"{""diversity"": 0.0, ""k_used"": 1, ""status"": ""disabled_low_diversity""}"
control,threshold_survival,0.6,10,kmeans_profile,diagnostic_function_preserving,24,0.0,0.0,0.0,0.08155426205925068,"{""diversity"": 0.0, ""k_used"": 1, ""status"": ""disabled_low_diversity""}"
control,threshold_survival,0.6,10,kmeans_profile,diagnostic_function_preserving,32,0.0,0.0,0.0,0.08155426205925068,"{""diversity"": 0.0, ""k_used"": 1, ""status"": ""disabled_low_diversity""}"
control,threshold_survival,0.6,10,kmeans_profile,diagnostic_function_preserving,48,0.0,0.0,0.0,0.08155426205925068,"{""diversity"": 0.0, ""k_used"": 1, ""status"": ""disabled_low_diversity""}"
control,threshold_survival,0.6,10,kmeans_profile,diagnostic_function_preserving,64,0.0,0.0,0.0,0.08155426205925068,"{""diversity"": 0.0, ""k_used"": 1, ""status"": ""disabled_low_diversity""}"
control,threshold_survival,0.6,10,kmeans_profile,diagnostic_function_preserving,96,0.0,0.0,0.0,0.08155426205925068,"{""diversity"": 0.0, ""k_used"": 1, ""status"": ""disabled_low_diversity""}"
control,threshold_survival,0.6,10,kmeans_profile,diagnostic_function_preserving,128,0.0,0.0,0.0,0.08155426205925068,"{""diversity"": 0.0, ""k_used"": 1, ""status"": ""disabled_low_diversity""}"
control,threshold_survival,0.6,11,balanced_random_group,primary,1,0.0,0.0,0.0,0.08334277115230464,"{""status"": ""ok""}"
control,threshold_survival,0.6,11,balanced_random_group,primary,2,0.008334277115230463,0.0,0.0,0.08334277115230464,"{""status"": ""ok""}"
control,threshold_survival,0.6,11,balanced_random_group,primary,3,0.013209516698258778,0.0,0.0,0.08334277115230464,"{""status"": ""ok""}"
control,threshold_survival,0.6,11,balanced_random_group,primary,4,0.016668554230460927,0.0,0.0,0.08334277115230464,"{""status"": ""ok""}"
control,threshold_survival,0.6,11,balanced_random_group,primary,6,0.021543793813489243,0.0,0.0,0.08334277115230464,"{""status"": ""ok""}"
control,threshold_survival,0.6,11,balanced_random_group,primary,8,0.025002831345691392,0.0,0.0,0.08334277115230464,"{""status"": ""ok""}"
control,threshold_survival,0.6,11,balanced_random_group,primary,12,0.029878070928719705,0.0,0.0,0.08334277115230464,"{""status"": ""ok""}"
control,threshold_survival,0.6,11,balanced_random_group,primary,16,0.033337108460921853,0.0,0.0,0.08334277115230464,"{""status"": ""ok""}"
control,threshold_survival,0.6,11,balanced_random_group,primary,24,0.03821234804395017,0.0,0.0,0.08334277115230464,"{""status"": ""ok""}"
control,threshold_survival,0.6,11,balanced_random_group,primary,32,0.04167138557615232,0.0,0.0,0.08334277115230464,"{""status"": ""ok""}"
control,threshold_survival,0.6,11,balanced_random_group,primary,48,0.04654662515918063,0.0,0.0,0.08334277115230464,"{""status"": ""ok""}"
control,threshold_survival,0.6,11,balanced_random_group,primary,64,0.050005662691382784,0.0,0.0,0.08334277115230464,"{""status"": ""ok""}"
control,threshold_survival,0.6,11,balanced_random_group,primary,96,0.0548809022744111,0.0,0.0,0.08334277115230464,"{""status"": ""ok""}"
control,threshold_survival,0.6,11,balanced_random_group,primary,128,0.05833993980661324,0.0,0.0,0.08334277115230464,"{""status"": ""ok""}"
control,threshold_survival,0.6,11,affinity_rank_group,primary,1,0.0,0.0,0.0,0.08334277115230464,"{""status"": ""ok""}"
control,threshold_survival,0.6,11,affinity_rank_group,primary,2,0.008334277115230463,0.0,0.0,0.08334277115230464,"{""status"": ""ok""}"
control,threshold_survival,0.6,11,affinity_rank_group,primary,3,0.013209516698258778,0.0,0.0,0.08334277115230464,"{""status"": ""ok""}"
control,threshold_survival,0.6,11,affinity_rank_group,primary,4,0.016668554230460927,0.0,0.0,0.08334277115230464,"{""status"": ""ok""}"
control,threshold_survival,0.6,11,affinity_rank_group,primary,6,0.021543793813489243,0.0,0.0,0.08334277115230464,"{""status"": ""ok""}"
control,threshold_survival,0.6,11,affinity_rank_group,primary,8,0.025002831345691392,0.0,0.0,0.08334277115230464,"{""status"": ""ok""}"
control,threshold_survival,0.6,11,affinity_rank_group,primary,12,0.029878070928719705,0.0,0.0,0.08334277115230464,"{""status"": ""ok""}"
control,threshold_survival,0.6,11,affinity_rank_group,primary,16,0.033337108460921853,0.0,0.0,0.08334277115230464,"{""status"": ""ok""}"
control,threshold_survival,0.6,11,affinity_rank_group,primary,24,0.03821234804395017,0.0,0.0,0.08334277115230464,"{""status"": ""ok""}"
control,threshold_survival,0.6,11,affinity_rank_group,primary,32,0.04167138557615232,0.0,0.0,0.08334277115230464,"{""status"": ""ok""}"
control,threshold_survival,0.6,11,affinity_rank_group,primary,48,0.04654662515918063,0.0,0.0,0.08334277115230464,"{""status"": ""ok""}"
control,threshold_survival,0.6,11,affinity_rank_group,primary,64,0.050005662691382784,0.0,0.0,0.08334277115230464,"{""status"": ""ok""}"
control,threshold_survival,0.6,11,affinity_rank_group,primary,96,0.0548809022744111,0.0,0.0,0.08334277115230464,"{""status"": ""ok""}"
control,threshold_survival,0.6,11,affinity_rank_group,primary,128,0.05833993980661324,0.0,0.0,0.08334277115230464,"{""status"": ""ok""}"
control,threshold_survival,0.6,11,prefix_group,primary,1,0.016668554230460927,0.0,0.0,0.08334277115230464,"{""status"": ""ok""}"
control,threshold_survival,0.6,11,prefix_group,primary,2,0.016668554230460927,0.0,0.0,0.08334277115230464,"{""status"": ""ok""}"
control,threshold_survival,0.6,11,prefix_group,primary,3,0.016668554230460927,0.0,0.0,0.08334277115230464,"{""status"": ""ok""}"
control,threshold_survival,0.6,11,prefix_group,primary,4,0.016668554230460927,0.0,0.0,0.08334277115230464,"{""status"": ""ok""}"
control,threshold_survival,0.6,11,prefix_group,primary,6,0.033337108460921853,0.0,0.0,0.08334277115230464,"{""status"": ""ok""}"
control,threshold_survival,0.6,11,prefix_group,primary,8,0.033337108460921853,0.0,0.0,0.08334277115230464,"{""status"": ""ok""}"
control,threshold_survival,0.6,11,prefix_group,primary,12,0.033337108460921853,0.0,0.0,0.08334277115230464,"{""status"": ""ok""}"
control,threshold_survival,0.6,11,prefix_group,primary,16,0.033337108460921853,0.0,0.0,0.08334277115230464,"{""status"": ""ok""}"
control,threshold_survival,0.6,11,prefix_group,primary,24,0.050005662691382784,0.0,0.0,0.08334277115230464,"{""status"": ""ok""}"
control,threshold_survival,0.6,11,prefix_group,primary,32,0.050005662691382784,0.0,0.0,0.08334277115230464,"{""status"": ""ok""}"
control,threshold_survival,0.6,11,prefix_group,primary,48,0.050005662691382784,0.0,0.0,0.08334277115230464,"{""status"": ""ok""}"
control,threshold_survival,0.6,11,prefix_group,primary,64,0.050005662691382784,0.0,0.0,0.08334277115230464,"{""status"": ""ok""}"
control,threshold_survival,0.6,11,prefix_group,primary,96,0.06667421692184371,0.0,0.0,0.08334277115230464,"{""status"": ""ok""}"
control,threshold_survival,0.6,11,prefix_group,primary,128,0.06667421692184371,0.0,0.0,0.08334277115230464,"{""status"": ""ok""}"
control,threshold_survival,0.6,11,kmeans_profile,diagnostic_function_preserving,1,0.0,0.0,0.0,0.08334277115230464,"{""diversity"": 0.0, ""k_used"": 1, ""status"": ""disabled_low_diversity""}"
control,threshold_survival,0.6,11,kmeans_profile,diagnostic_function_preserving,2,0.0,0.0,0.0,0.08334277115230464,"{""diversity"": 0.0, ""k_used"": 1, ""status"": ""disabled_low_diversity""}"
control,threshold_survival,0.6,11,kmeans_profile,diagnostic_function_preserving,3,0.0,0.0,0.0,0.08334277115230464,"{""diversity"": 0.0, ""k_used"": 1, ""status"": ""disabled_low_diversity""}"
control,threshold_survival,0.6,11,kmeans_profile,diagnostic_function_preserving,4,0.0,0.0,0.0,0.08334277115230464,"{""diversity"": 0.0, ""k_used"": 1, ""status"": ""disabled_low_diversity""}"
control,threshold_survival,0.6,11,kmeans_profile,diagnostic_function_preserving,6,0.0,0.0,0.0,0.08334277115230464,"{""diversity"": 0.0, ""k_used"": 1, ""status"": ""disabled_low_diversity""}"
control,threshold_survival,0.6,11,kmeans_profile,diagnostic_function_preserving,8,0.0,0.0,0.0,0.08334277115230464,"{""diversity"": 0.0, ""k_used"": 1, ""status"": ""disabled_low_diversity""}"
control,threshold_survival,0.6,11,kmeans_profile,diagnostic_function_preserving,12,0.0,0.0,0.0,0.08334277115230464,"{""diversity"": 0.0, ""k_used"": 1, ""status"": ""disabled_low_diversity""}"
control,threshold_survival,0.6,11,kmeans_profile,diagnostic_function_preserving,16,0.0,0.0,0.0,0.08334277115230464,"{""diversity"": 0.0, ""k_used"": 1, ""status"": ""disabled_low_diversity""}"
control,threshold_survival,0.6,11,kmeans_profile,diagnostic_function_preserving,24,0.0,0.0,0.0,0.08334277115230464,"{""diversity"": 0.0, ""k_used"": 1, ""status"": ""disabled_low_diversity""}"
control,threshold_survival,0.6,11,kmeans_profile,diagnostic_function_preserving,32,0.0,0.0,0.0,0.08334277115230464,"{""diversity"": 0.0, ""k_used"": 1, ""status"": ""disabled_low_diversity""}"
control,threshold_survival,0.6,11,kmeans_profile,diagnostic_function_preserving,48,0.0,0.0,0.0,0.08334277115230464,"{""diversity"": 0.0, ""k_used"": 1, ""status"": ""disabled_low_diversity""}"
control,threshold_survival,0.6,11,kmeans_profile,diagnostic_function_preserving,64,0.0,0.0,0.0,0.08334277115230464,"{""diversity"": 0.0, ""k_used"": 1, ""status"": ""disabled_low_diversity""}"
control,threshold_survival,0.6,11,kmeans_profile,diagnostic_function_preserving,96,0.0,0.0,0.0,0.08334277115230464,"{""diversity"": 0.0, ""k_used"": 1, ""status"": ""disabled_low_diversity""}"
control,threshold_survival,0.6,11,kmeans_profile,diagnostic_function_preserving,128,0.0,0.0,0.0,0.08334277115230464,"{""diversity"": 0.0, ""k_used"": 1, ""status"": ""disabled_low_diversity""}"
control,threshold_survival,0.7,0,balanced_random_group,primary,1,0.0,0.0,0.0,0.10114263483880871,"{""status"": ""ok""}"
control,threshold_survival,0.7,0,balanced_random_group,primary,2,0.010114263483880871,0.0,0.0,0.10114263483880871,"{""status"": ""ok""}"
control,threshold_survival,0.7,0,balanced_random_group,primary,3,0.016030728344364496,0.0,0.0,0.10114263483880871,"{""status"": ""ok""}"
control,threshold_survival,0.7,0,balanced_random_group,primary,4,0.020228526967761742,0.0,0.0,0.10114263483880871,"{""status"": ""ok""}"
control,threshold_survival,0.7,0,balanced_random_group,primary,6,0.02614499182824537,0.0,0.0,0.10114263483880871,"{""status"": ""ok""}"
control,threshold_survival,0.7,0,balanced_random_group,primary,8,0.030342790451642614,0.0,0.0,0.10114263483880871,"{""status"": ""ok""}"
control,threshold_survival,0.7,0,balanced_random_group,primary,12,0.03625925531212624,0.0,0.0,0.10114263483880871,"{""status"": ""ok""}"
control,threshold_survival,0.7,0,balanced_random_group,primary,16,0.040457053935523485,0.0,0.0,0.10114263483880871,"{""status"": ""ok""}"
control,threshold_survival,0.7,0,balanced_random_group,primary,24,0.04637351879600711,0.0,0.0,0.10114263483880871,"{""status"": ""ok""}"
control,threshold_survival,0.7,0,balanced_random_group,primary,32,0.050571317419404356,0.0,0.0,0.10114263483880871,"{""status"": ""ok""}"
control,threshold_survival,0.7,0,balanced_random_group,primary,48,0.05648778227988798,0.0,0.0,0.10114263483880871,"{""status"": ""ok""}"
control,threshold_survival,0.7,0,balanced_random_group,primary,64,0.06068558090328523,0.0,0.0,0.10114263483880871,"{""status"": ""ok""}"
control,threshold_survival,0.7,0,balanced_random_group,primary,96,0.06660204576376885,0.0,0.0,0.10114263483880871,"{""status"": ""ok""}"
control,threshold_survival,0.7,0,balanced_random_group,primary,128,0.07079984438716609,0.0,0.0,0.10114263483880871,"{""status"": ""ok""}"
control,threshold_survival,0.7,0,affinity_rank_group,primary,1,0.0,0.0,0.0,0.10114263483880871,"{""status"": ""ok""}"
control,threshold_survival,0.7,0,affinity_rank_group,primary,2,0.010114263483880871,0.0,0.0,0.10114263483880871,"{""status"": ""ok""}"
control,threshold_survival,0.7,0,affinity_rank_group,primary,3,0.016030728344364496,0.0,0.0,0.10114263483880871,"{""status"": ""ok""}"
control,threshold_survival,0.7,0,affinity_rank_group,primary,4,0.020228526967761742,0.0,0.0,0.10114263483880871,"{""status"": ""ok""}"
control,threshold_survival,0.7,0,affinity_rank_group,primary,6,0.02614499182824537,0.0,0.0,0.10114263483880871,"{""status"": ""ok""}"
control,threshold_survival,0.7,0,affinity_rank_group,primary,8,0.030342790451642614,0.0,0.0,0.10114263483880871,"{""status"": ""ok""}"
control,threshold_survival,0.7,0,affinity_rank_group,primary,12,0.03625925531212624,0.0,0.0,0.10114263483880871,"{""status"": ""ok""}"
control,threshold_survival,0.7,0,affinity_rank_group,primary,16,0.040457053935523485,0.0,0.0,0.10114263483880871,"{""status"": ""ok""}"
control,threshold_survival,0.7,0,affinity_rank_group,primary,24,0.04637351879600711,0.0,0.0,0.10114263483880871,"{""status"": ""ok""}"
control,threshold_survival,0.7,0,affinity_rank_group,primary,32,0.050571317419404356,0.0,0.0,0.10114263483880871,"{""status"": ""ok""}"
control,threshold_survival,0.7,0,affinity_rank_group,primary,48,0.05648778227988798,0.0,0.0,0.10114263483880871,"{""status"": ""ok""}"
control,threshold_survival,0.7,0,affinity_rank_group,primary,64,0.06068558090328523,0.0,0.0,0.10114263483880871,"{""status"": ""ok""}"
control,threshold_survival,0.7,0,affinity_rank_group,primary,96,0.06660204576376885,0.0,0.0,0.10114263483880871,"{""status"": ""ok""}"
control,threshold_survival,0.7,0,affinity_rank_group,primary,128,0.07079984438716609,0.0,0.0,0.10114263483880871,"{""status"": ""ok""}"
control,threshold_survival,0.7,0,prefix_group,primary,1,0.020228526967761742,0.0,0.0,0.10114263483880871,"{""status"": ""ok""}"
control,threshold_survival,0.7,0,prefix_group,primary,2,0.020228526967761742,0.0,0.0,0.10114263483880871,"{""status"": ""ok""}"
control,threshold_survival,0.7,0,prefix_group,primary,3,0.020228526967761742,0.0,0.0,0.10114263483880871,"{""status"": ""ok""}"
control,threshold_survival,0.7,0,prefix_group,primary,4,0.020228526967761742,0.0,0.0,0.10114263483880871,"{""status"": ""ok""}"
control,threshold_survival,0.7,0,prefix_group,primary,6,0.040457053935523485,0.0,0.0,0.10114263483880871,"{""status"": ""ok""}"
control,threshold_survival,0.7,0,prefix_group,primary,8,0.040457053935523485,0.0,0.0,0.10114263483880871,"{""status"": ""ok""}"
control,threshold_survival,0.7,0,prefix_group,primary,12,0.040457053935523485,0.0,0.0,0.10114263483880871,"{""status"": ""ok""}"
control,threshold_survival,0.7,0,prefix_group,primary,16,0.040457053935523485,0.0,0.0,0.10114263483880871,"{""status"": ""ok""}"
control,threshold_survival,0.7,0,prefix_group,primary,24,0.06068558090328523,0.0,0.0,0.10114263483880871,"{""status"": ""ok""}"
control,threshold_survival,0.7,0,prefix_group,primary,32,0.06068558090328523,0.0,0.0,0.10114263483880871,"{""status"": ""ok""}"
control,threshold_survival,0.7,0,prefix_group,primary,48,0.06068558090328523,0.0,0.0,0.10114263483880871,"{""status"": ""ok""}"
control,threshold_survival,0.7,0,prefix_group,primary,64,0.06068558090328523,0.0,0.0,0.10114263483880871,"{""status"": ""ok""}"
control,threshold_survival,0.7,0,prefix_group,primary,96,0.08091410787104697,0.0,0.0,0.10114263483880871,"{""status"": ""ok""}"
control,threshold_survival,0.7,0,prefix_group,primary,128,0.08091410787104697,0.0,0.0,0.10114263483880871,"{""status"": ""ok""}"
control,threshold_survival,0.7,0,kmeans_profile,diagnostic_function_preserving,1,0.0,0.0,0.0,0.10114263483880871,"{""diversity"": 0.0, ""k_used"": 1, ""status"": ""disabled_low_diversity""}"
control,threshold_survival,0.7,0,kmeans_profile,diagnostic_function_preserving,2,0.0,0.0,0.0,0.10114263483880871,"{""diversity"": 0.0, ""k_used"": 1, ""status"": ""disabled_low_diversity""}"
control,threshold_survival,0.7,0,kmeans_profile,diagnostic_function_preserving,3,0.0,0.0,0.0,0.10114263483880871,"{""diversity"": 0.0, ""k_used"": 1, ""status"": ""disabled_low_diversity""}"
control,threshold_survival,0.7,0,kmeans_profile,diagnostic_function_preserving,4,0.0,0.0,0.0,0.10114263483880871,"{""diversity"": 0.0, ""k_used"": 1, ""status"": ""disabled_low_diversity""}"
control,threshold_survival,0.7,0,kmeans_profile,diagnostic_function_preserving,6,0.0,0.0,0.0,0.10114263483880871,"{""diversity"": 0.0, ""k_used"": 1, ""status"": ""disabled_low_diversity""}"
control,threshold_survival,0.7,0,kmeans_profile,diagnostic_function_preserving,8,0.0,0.0,0.0,0.10114263483880871,"{""diversity"": 0.0, ""k_used"": 1, ""status"": ""disabled_low_diversity""}"
control,threshold_survival,0.7,0,kmeans_profile,diagnostic_function_preserving,12,0.0,0.0,0.0,0.10114263483880871,"{""diversity"": 0.0, ""k_used"": 1, ""status"": ""disabled_low_diversity""}"
control,threshold_survival,0.7,0,kmeans_profile,diagnostic_function_preserving,16,0.0,0.0,0.0,0.10114263483880871,"{""diversity"": 0.0, ""k_used"": 1, ""status"": ""disabled_low_diversity""}"
control,threshold_survival,0.7,0,kmeans_profile,diagnostic_function_preserving,24,0.0,0.0,0.0,0.10114263483880871,"{""diversity"": 0.0, ""k_used"": 1, ""status"": ""disabled_low_diversity""}"
control,threshold_survival,0.7,0,kmeans_profile,diagnostic_function_preserving,32,0.0,0.0,0.0,0.10114263483880871,"{""diversity"": 0.0, ""k_used"": 1, ""status"": ""disabled_low_diversity""}"
control,threshold_survival,0.7,0,kmeans_profile,diagnostic_function_preserving,48,0.0,0.0,0.0,0.10114263483880871,"{""diversity"": 0.0, ""k_used"": 1, ""status"": ""disabled_low_diversity""}"
control,threshold_survival,0.7,0,kmeans_profile,diagnostic_function_preserving,64,0.0,0.0,0.0,0.10114263483880871,"{""diversity"": 0.0, ""k_used"": 1, ""status"": ""disabled_low_diversity""}"
control,threshold_survival,0.7,0,kmeans_profile,diagnostic_function_preserving,96,0.0,0.0,0.0,0.10114263483880871,"{""diversity"": 0.0, ""k_used"": 1, ""status"": ""disabled_low_diversity""}"
control,threshold_survival,0.7,0,kmeans_profile,diagnostic_function_preserving,128,0.0,0.0,0.0,0.10114263483880871,"{""diversity"": 0.0, ""k_used"": 1, ""status"": ""disabled_low_diversity""}"
control,threshold_survival,0.7,1,balanced_random_group,primary,1,0.0,0.0,0.0,0.0960864891500614,"{""status"": ""ok""}"
control,threshold_survival,0.7,1,balanced_random_group,primary,2,0.009608648915006141,0.0,0.0,0.0960864891500614,"{""status"": ""ok""}"
control,threshold_survival,0.7,1,balanced_random_group,primary,3,0.015229348212879754,0.0,0.0,0.0960864891500614,"{""status"": ""ok""}"
control,threshold_survival,0.7,1,balanced_random_group,primary,4,0.019217297830012282,0.0,0.0,0.0960864891500614,"{""status"": ""ok""}"
control,threshold_survival,0.7,1,balanced_random_group,primary,6,0.024837997127885897,0.0,0.0,0.0960864891500614,"{""status"": ""ok""}"
control,threshold_survival,0.7,1,balanced_random_group,primary,8,0.02882594674501842,0.0,0.0,0.0960864891500614,"{""status"": ""ok""}"
control,threshold_survival,0.7,1,balanced_random_group,primary,12,0.034446646042892035,0.0,0.0,0.0960864891500614,"{""status"": ""ok""}"
control,threshold_survival,0.7,1,balanced_random_group,primary,16,0.038434595660024565,0.0,0.0,0.0960864891500614,"{""status"": ""ok""}"
control,threshold_survival,0.7,1,balanced_random_group,primary,24,0.04405529495789817,0.0,0.0,0.0960864891500614,"{""status"": ""ok""}"
control,threshold_survival,0.7,1,balanced_random_group,primary,32,0.0480432445750307,0.0,0.0,0.0960864891500614,"{""status"": ""ok""}"
control,threshold_survival,0.7,1,balanced_random_group,primary,48,0.05366394387290431,0.0,0.0,0.0960864891500614,"{""status"": ""ok""}"
control,threshold_survival,0.7,1,balanced_random_group,primary,64,0.05765189349003684,0.0,0.0,0.0960864891500614,"{""status"": ""ok""}"
control,threshold_survival,0.7,1,balanced_random_group,primary,96,0.06327259278791046,0.0,0.0,0.0960864891500614,"{""status"": ""ok""}"
control,threshold_survival,0.7,1,balanced_random_group,primary,128,0.06726054240504298,0.0,0.0,0.0960864891500614,"{""status"": ""ok""}"
control,threshold_survival,0.7,1,affinity_rank_group,primary,1,0.0,0.0,0.0,0.0960864891500614,"{""status"": ""ok""}"
control,threshold_survival,0.7,1,affinity_rank_group,primary,2,0.009608648915006141,0.0,0.0,0.0960864891500614,"{""status"": ""ok""}"
control,threshold_survival,0.7,1,affinity_rank_group,primary,3,0.015229348212879754,0.0,0.0,0.0960864891500614,"{""status"": ""ok""}"
control,threshold_survival,0.7,1,affinity_rank_group,primary,4,0.019217297830012282,0.0,0.0,0.0960864891500614,"{""status"": ""ok""}"
control,threshold_survival,0.7,1,affinity_rank_group,primary,6,0.024837997127885897,0.0,0.0,0.0960864891500614,"{""status"": ""ok""}"
control,threshold_survival,0.7,1,affinity_rank_group,primary,8,0.02882594674501842,0.0,0.0,0.0960864891500614,"{""status"": ""ok""}"
control,threshold_survival,0.7,1,affinity_rank_group,primary,12,0.034446646042892035,0.0,0.0,0.0960864891500614,"{""status"": ""ok""}"
control,threshold_survival,0.7,1,affinity_rank_group,primary,16,0.038434595660024565,0.0,0.0,0.0960864891500614,"{""status"": ""ok""}"
control,threshold_survival,0.7,1,affinity_rank_group,primary,24,0.04405529495789817,0.0,0.0,0.0960864891500614,"{""status"": ""ok""}"
control,threshold_survival,0.7,1,affinity_rank_group,primary,32,0.0480432445750307,0.0,0.0,0.0960864891500614,"{""status"": ""ok""}"
control,threshold_survival,0.7,1,affinity_rank_group,primary,48,0.05366394387290431,0.0,0.0,0.0960864891500614,"{""status"": ""ok""}"
control,threshold_survival,0.7,1,affinity_rank_group,primary,64,0.05765189349003684,0.0,0.0,0.0960864891500614,"{""status"": ""ok""}"
control,threshold_survival,0.7,1,affinity_rank_group,primary,96,0.06327259278791046,0.0,0.0,0.0960864891500614,"{""status"": ""ok""}"
control,threshold_survival,0.7,1,affinity_rank_group,primary,128,0.06726054240504298,0.0,0.0,0.0960864891500614,"{""status"": ""ok""}"
control,threshold_survival,0.7,1,prefix_group,primary,1,0.019217297830012282,0.0,0.0,0.0960864891500614,"{""status"": ""ok""}"
control,threshold_survival,0.7,1,prefix_group,primary,2,0.019217297830012282,0.0,0.0,0.0960864891500614,"{""status"": ""ok""}"
control,threshold_survival,0.7,1,prefix_group,primary,3,0.019217297830012282,0.0,0.0,0.0960864891500614,"{""status"": ""ok""}"
control,threshold_survival,0.7,1,prefix_group,primary,4,0.019217297830012282,0.0,0.0,0.0960864891500614,"{""status"": ""ok""}"
control,threshold_survival,0.7,1,prefix_group,primary,6,0.038434595660024565,0.0,0.0,0.0960864891500614,"{""status"": ""ok""}"
control,threshold_survival,0.7,1,prefix_group,primary,8,0.038434595660024565,0.0,0.0,0.0960864891500614,"{""status"": ""ok""}"
control,threshold_survival,0.7,1,prefix_group,primary,12,0.038434595660024565,0.0,0.0,0.0960864891500614,"{""status"": ""ok""}"
control,threshold_survival,0.7,1,prefix_group,primary,16,0.038434595660024565,0.0,0.0,0.0960864891500614,"{""status"": ""ok""}"
control,threshold_survival,0.7,1,prefix_group,primary,24,0.05765189349003684,0.0,0.0,0.0960864891500614,"{""status"": ""ok""}"
control,threshold_survival,0.7,1,prefix_group,primary,32,0.05765189349003684,0.0,0.0,0.0960864891500614,"{""status"": ""ok""}"
control,threshold_survival,0.7,1,prefix_group,primary,48,0.05765189349003684,0.0,0.0,0.0960864891500614,"{""status"": ""ok""}"
control,threshold_survival,0.7,1,prefix_group,primary,64,0.05765189349003684,0.0,0.0,0.0960864891500614,"{""status"": ""ok""}"
control,threshold_survival,0.7,1,prefix_group,primary,96,0.07686919132004913,0.0,0.0,0.0960864891500614,"{""status"": ""ok""}"
control,threshold_survival,0.7,1,prefix_group,primary,128,0.07686919132004913,0.0,0.0,0.0960864891500614,"{""status"": ""ok""}"
control,threshold_survival,0.7,1,kmeans_profile,diagnostic_function_preserving,1,0.0,0.0,0.0,0.0960864891500614,"{""diversity"": 0.0, ""k_used"": 1, ""status"": ""disabled_low_diversity""}"
control,threshold_survival,0.7,1,kmeans_profile,diagnostic_function_preserving,2,0.0,0.0,0.0,0.0960864891500614,"{""diversity"": 0.0, ""k_used"": 1, ""status"": ""disabled_low_diversity""}"
control,threshold_survival,0.7,1,kmeans_profile,diagnostic_function_preserving,3,0.0,0.0,0.0,0.0960864891500614,"{""diversity"": 0.0, ""k_used"": 1, ""status"": ""disabled_low_diversity""}"
control,threshold_survival,0.7,1,kmeans_profile,diagnostic_function_preserving,4,0.0,0.0,0.0,0.0960864891500614,"{""diversity"": 0.0, ""k_used"": 1, ""status"": ""disabled_low_diversity""}"
control,threshold_survival,0.7,1,kmeans_profile,diagnostic_function_preserving,6,0.0,0.0,0.0,0.0960864891500614,"{""diversity"": 0.0, ""k_used"": 1, ""status"": ""disabled_low_diversity""}"
control,threshold_survival,0.7,1,kmeans_profile,diagnostic_function_preserving,8,0.0,0.0,0.0,0.0960864891500614,"{""diversity"": 0.0, ""k_used"": 1, ""status"": ""disabled_low_diversity""}"
control,threshold_survival,0.7,1,kmeans_profile,diagnostic_function_preserving,12,0.0,0.0,0.0,0.0960864891500614,"{""diversity"": 0.0, ""k_used"": 1, ""status"": ""disabled_low_diversity""}"
control,threshold_survival,0.7,1,kmeans_profile,diagnostic_function_preserving,16,0.0,0.0,0.0,0.0960864891500614,"{""diversity"": 0.0, ""k_used"": 1, ""status"": ""disabled_low_diversity""}"
control,threshold_survival,0.7,1,kmeans_profile,diagnostic_function_preserving,24,0.0,0.0,0.0,0.0960864891500614,"{""diversity"": 0.0, ""k_used"": 1, ""status"": ""disabled_low_diversity""}"
control,threshold_survival,0.7,1,kmeans_profile,diagnostic_function_preserving,32,0.0,0.0,0.0,0.0960864891500614,"{""diversity"": 0.0, ""k_used"": 1, ""status"": ""disabled_low_diversity""}"
control,threshold_survival,0.7,1,kmeans_profile,diagnostic_function_preserving,48,0.0,0.0,0.0,0.0960864891500614,"{""diversity"": 0.0, ""k_used"": 1, ""status"": ""disabled_low_diversity""}"
control,threshold_survival,0.7,1,kmeans_profile,diagnostic_function_preserving,64,0.0,0.0,0.0,0.0960864891500614,"{""diversity"": 0.0, ""k_used"": 1, ""status"": ""disabled_low_diversity""}"
control,threshold_survival,0.7,1,kmeans_profile,diagnostic_function_preserving,96,0.0,0.0,0.0,0.0960864891500614,"{""diversity"": 0.0, ""k_used"": 1, ""status"": ""disabled_low_diversity""}"
control,threshold_survival,0.7,1,kmeans_profile,diagnostic_function_preserving,128,0.0,0.0,0.0,0.0960864891500614,"{""diversity"": 0.0, ""k_used"": 1, ""status"": ""disabled_low_diversity""}"
control,threshold_survival,0.7,2,balanced_random_group,primary,1,0.0,0.0,0.0,0.09799924116332065,"{""status"": ""ok""}"
control,threshold_survival,0.7,2,balanced_random_group,primary,2,0.009799924116332065,0.0,0.0,0.09799924116332065,"{""status"": ""ok""}"
control,threshold_survival,0.7,2,balanced_random_group,primary,3,0.015532512234299235,0.0,0.0,0.09799924116332065,"{""status"": ""ok""}"
control,threshold_survival,0.7,2,balanced_random_group,primary,4,0.01959984823266413,0.0,0.0,0.09799924116332065,"{""status"": ""ok""}"
control,threshold_survival,0.7,2,balanced_random_group,primary,6,0.0253324363506313,0.0,0.0,0.09799924116332065,"{""status"": ""ok""}"
control,threshold_survival,0.7,2,balanced_random_group,primary,8,0.029399772348996194,0.0,0.0,0.09799924116332065,"{""status"": ""ok""}"
control,threshold_survival,0.7,2,balanced_random_group,primary,12,0.035132360466963365,0.0,0.0,0.09799924116332065,"{""status"": ""ok""}"
control,threshold_survival,0.7,2,balanced_random_group,primary,16,0.03919969646532826,0.0,0.0,0.09799924116332065,"{""status"": ""ok""}"
control,threshold_survival,0.7,2,balanced_random_group,primary,24,0.04493228458329543,0.0,0.0,0.09799924116332065,"{""status"": ""ok""}"
control,threshold_survival,0.7,2,balanced_random_group,primary,32,0.048999620581660325,0.0,0.0,0.09799924116332065,"{""status"": ""ok""}"
control,threshold_survival,0.7,2,balanced_random_group,primary,48,0.05473220869962749,0.0,0.0,0.09799924116332065,"{""status"": ""ok""}"
control,threshold_survival,0.7,2,balanced_random_group,primary,64,0.05879954469799239,0.0,0.0,0.09799924116332065,"{""status"": ""ok""}"
control,threshold_survival,0.7,2,balanced_random_group,primary,96,0.06453213281595957,0.0,0.0,0.09799924116332065,"{""status"": ""ok""}"
control,threshold_survival,0.7,2,balanced_random_group,primary,128,0.06859946881432445,0.0,0.0,0.09799924116332065,"{""status"": ""ok""}"
control,threshold_survival,0.7,2,affinity_rank_group,primary,1,0.0,0.0,0.0,0.09799924116332065,"{""status"": ""ok""}"
control,threshold_survival,0.7,2,affinity_rank_group,primary,2,0.009799924116332065,0.0,0.0,0.09799924116332065,"{""status"": ""ok""}"
control,threshold_survival,0.7,2,affinity_rank_group,primary,3,0.015532512234299235,0.0,0.0,0.09799924116332065,"{""status"": ""ok""}"
control,threshold_survival,0.7,2,affinity_rank_group,primary,4,0.01959984823266413,0.0,0.0,0.09799924116332065,"{""status"": ""ok""}"
control,threshold_survival,0.7,2,affinity_rank_group,primary,6,0.0253324363506313,0.0,0.0,0.09799924116332065,"{""status"": ""ok""}"
control,threshold_survival,0.7,2,affinity_rank_group,primary,8,0.029399772348996194,0.0,0.0,0.09799924116332065,"{""status"": ""ok""}"
control,threshold_survival,0.7,2,affinity_rank_group,primary,12,0.035132360466963365,0.0,0.0,0.09799924116332065,"{""status"": ""ok""}"
control,threshold_survival,0.7,2,affinity_rank_group,primary,16,0.03919969646532826,0.0,0.0,0.09799924116332065,"{""status"": ""ok""}"
control,threshold_survival,0.7,2,affinity_rank_group,primary,24,0.04493228458329543,0.0,0.0,0.09799924116332065,"{""status"": ""ok""}"
control,threshold_survival,0.7,2,affinity_rank_group,primary,32,0.048999620581660325,0.0,0.0,0.09799924116332065,"{""status"": ""ok""}"
control,threshold_survival,0.7,2,affinity_rank_group,primary,48,0.05473220869962749,0.0,0.0,0.09799924116332065,"{""status"": ""ok""}"
control,threshold_survival,0.7,2,affinity_rank_group,primary,64,0.05879954469799239,0.0,0.0,0.09799924116332065,"{""status"": ""ok""}"
control,threshold_survival,0.7,2,affinity_rank_group,primary,96,0.06453213281595957,0.0,0.0,0.09799924116332065,"{""status"": ""ok""}"
control,threshold_survival,0.7,2,affinity_rank_group,primary,128,0.06859946881432445,0.0,0.0,0.09799924116332065,"{""status"": ""ok""}"
control,threshold_survival,0.7,2,prefix_group,primary,1,0.01959984823266413,0.0,0.0,0.09799924116332065,"{""status"": ""ok""}"
control,threshold_survival,0.7,2,prefix_group,primary,2,0.01959984823266413,0.0,0.0,0.09799924116332065,"{""status"": ""ok""}"
control,threshold_survival,0.7,2,prefix_group,primary,3,0.01959984823266413,0.0,0.0,0.09799924116332065,"{""status"": ""ok""}"
control,threshold_survival,0.7,2,prefix_group,primary,4,0.01959984823266413,0.0,0.0,0.09799924116332065,"{""status"": ""ok""}"
control,threshold_survival,0.7,2,prefix_group,primary,6,0.03919969646532826,0.0,0.0,0.09799924116332065,"{""status"": ""ok""}"
control,threshold_survival,0.7,2,prefix_group,primary,8,0.03919969646532826,0.0,0.0,0.09799924116332065,"{""status"": ""ok""}"
control,threshold_survival,0.7,2,prefix_group,primary,12,0.03919969646532826,0.0,0.0,0.09799924116332065,"{""status"": ""ok""}"
control,threshold_survival,0.7,2,prefix_group,primary,16,0.03919969646532826,0.0,0.0,0.09799924116332065,"{""status"": ""ok""}"
control,threshold_survival,0.7,2,prefix_group,primary,24,0.05879954469799239,0.0,0.0,0.09799924116332065,"{""status"": ""ok""}"
control,threshold_survival,0.7,2,prefix_group,primary,32,0.05879954469799239,0.0,0.0,0.09799924116332065,"{""status"": ""ok""}"
control,threshold_survival,0.7,2,prefix_group,primary,48,0.05879954469799239,0.0,0.0,0.09799924116332065,"{""status"": ""ok""}"
control,threshold_survival,0.7,2,prefix_group,primary,64,0.05879954469799239,0.0,0.0,0.09799924116332065,"{""status"": ""ok""}"
control,threshold_survival,0.7,2,prefix_group,primary,96,0.07839939293065652,0.0,0.0,0.09799924116332065,"{""status"": ""ok""}"
control,threshold_survival,0.7,2,prefix_group,primary,128,0.07839939293065652,0.0,0.0,0.09799924116332065,"{""status"": ""ok""}"
control,threshold_survival,0.7,2,kmeans_profile,diagnostic_function_preserving,1,0.0,0.0,0.0,0.09799924116332065,"{""diversity"": 0.0, ""k_used"": 1, ""status"": ""disabled_low_diversity""}"
control,threshold_survival,0.7,2,kmeans_profile,diagnostic_function_preserving,2,0.0,0.0,0.0,0.09799924116332065,"{""diversity"": 0.0, ""k_used"": 1, ""status"": ""disabled_low_diversity""}"
control,threshold_survival,0.7,2,kmeans_profile,diagnostic_function_preserving,3,0.0,0.0,0.0,0.09799924116332065,"{""diversity"": 0.0, ""k_used"": 1, ""status"": ""disabled_low_diversity""}"
control,threshold_survival,0.7,2,kmeans_profile,diagnostic_function_preserving,4,0.0,0.0,0.0,0.09799924116332065,"{""diversity"": 0.0, ""k_used"": 1, ""status"": ""disabled_low_diversity""}"
control,threshold_survival,0.7,2,kmeans_profile,diagnostic_function_preserving,6,0.0,0.0,0.0,0.09799924116332065,"{""diversity"": 0.0, ""k_used"": 1, ""status"": ""disabled_low_diversity""}"
control,threshold_survival,0.7,2,kmeans_profile,diagnostic_function_preserving,8,0.0,0.0,0.0,0.09799924116332065,"{""diversity"": 0.0, ""k_used"": 1, ""status"": ""disabled_low_diversity""}"
control,threshold_survival,0.7,2,kmeans_profile,diagnostic_function_preserving,12,0.0,0.0,0.0,0.09799924116332065,"{""diversity"": 0.0, ""k_used"": 1, ""status"": ""disabled_low_diversity""}"
control,threshold_survival,0.7,2,kmeans_profile,diagnostic_function_preserving,16,0.0,0.0,0.0,0.09799924116332065,"{""diversity"": 0.0, ""k_used"": 1, ""status"": ""disabled_low_diversity""}"
control,threshold_survival,0.7,2,kmeans_profile,diagnostic_function_preserving,24,0.0,0.0,0.0,0.09799924116332065,"{""diversity"": 0.0, ""k_used"": 1, ""status"": ""disabled_low_diversity""}"
control,threshold_survival,0.7,2,kmeans_profile,diagnostic_function_preserving,32,0.0,0.0,0.0,0.09799924116332065,"{""diversity"": 0.0, ""k_used"": 1, ""status"": ""disabled_low_diversity""}"
control,threshold_survival,0.7,2,kmeans_profile,diagnostic_function_preserving,48,0.0,0.0,0.0,0.09799924116332065,"{""diversity"": 0.0, ""k_used"": 1, ""status"": ""disabled_low_diversity""}"
control,threshold_survival,0.7,2,kmeans_profile,diagnostic_function_preserving,64,0.0,0.0,0.0,0.09799924116332065,"{""diversity"": 0.0, ""k_used"": 1, ""status"": ""disabled_low_diversity""}"
control,threshold_survival,0.7,2,kmeans_profile,diagnostic_function_preserving,96,0.0,0.0,0.0,0.09799924116332065,"{""diversity"": 0.0, ""k_used"": 1, ""status"": ""disabled_low_diversity""}"
control,threshold_survival,0.7,2,kmeans_profile,diagnostic_function_preserving,128,0.0,0.0,0.0,0.09799924116332065,"{""diversity"": 0.0, ""k_used"": 1, ""status"": ""disabled_low_diversity""}"
control,threshold_survival,0.7,3,balanced_random_group,primary,1,0.0,0.0,0.0,0.09262506948661167,"{""status"": ""ok""}"
control,threshold_survival,0.7,3,balanced_random_group,primary,2,0.009262506948661167,0.0,0.0,0.09262506948661167,"{""status"": ""ok""}"
control,threshold_survival,0.7,3,balanced_random_group,primary,3,0.014680726176297088,0.0,0.0,0.09262506948661167,"{""status"": ""ok""}"
control,threshold_survival,0.7,3,balanced_random_group,primary,4,0.018525013897322334,0.0,0.0,0.09262506948661167,"{""status"": ""ok""}"
control,threshold_survival,0.7,3,balanced_random_group,primary,6,0.023943233124958257,0.0,0.0,0.09262506948661167,"{""status"": ""ok""}"
control,threshold_survival,0.7,3,balanced_random_group,primary,8,0.0277875208459835,0.0,0.0,0.09262506948661167,"{""status"": ""ok""}"
control,threshold_survival,0.7,3,balanced_random_group,primary,12,0.03320574007361942,0.0,0.0,0.09262506948661167,"{""status"": ""ok""}"
control,threshold_survival,0.7,3,balanced_random_group,primary,16,0.03705002779464467,0.0,0.0,0.09262506948661167,"{""status"": ""ok""}"
control,threshold_survival,0.7,3,balanced_random_group,primary,24,0.04246824702228059,0.0,0.0,0.09262506948661167,"{""status"": ""ok""}"
control,threshold_survival,0.7,3,balanced_random_group,primary,32,0.046312534743305836,0.0,0.0,0.09262506948661167,"{""status"": ""ok""}"
control,threshold_survival,0.7,3,balanced_random_group,primary,48,0.051730753970941755,0.0,0.0,0.09262506948661167,"{""status"": ""ok""}"
control,threshold_survival,0.7,3,balanced_random_group,primary,64,0.055575041691967,0.0,0.0,0.09262506948661167,"{""status"": ""ok""}"
control,threshold_survival,0.7,3,balanced_random_group,primary,96,0.06099326091960293,0.0,0.0,0.09262506948661167,"{""status"": ""ok""}"
control,threshold_survival,0.7,3,balanced_random_group,primary,128,0.06483754864062817,0.0,0.0,0.09262506948661167,"{""status"": ""ok""}"
control,threshold_survival,0.7,3,affinity_rank_group,primary,1,0.0,0.0,0.0,0.09262506948661167,"{""status"": ""ok""}"
control,threshold_survival,0.7,3,affinity_rank_group,primary,2,0.009262506948661167,0.0,0.0,0.09262506948661167,"{""status"": ""ok""}"
control,threshold_survival,0.7,3,affinity_rank_group,primary,3,0.014680726176297088,0.0,0.0,0.09262506948661167,"{""status"": ""ok""}"
control,threshold_survival,0.7,3,affinity_rank_group,primary,4,0.018525013897322334,0.0,0.0,0.09262506948661167,"{""status"": ""ok""}"
control,threshold_survival,0.7,3,affinity_rank_group,primary,6,0.023943233124958257,0.0,0.0,0.09262506948661167,"{""status"": ""ok""}"
control,threshold_survival,0.7,3,affinity_rank_group,primary,8,0.0277875208459835,0.0,0.0,0.09262506948661167,"{""status"": ""ok""}"
control,threshold_survival,0.7,3,affinity_rank_group,primary,12,0.03320574007361942,0.0,0.0,0.09262506948661167,"{""status"": ""ok""}"
control,threshold_survival,0.7,3,affinity_rank_group,primary,16,0.03705002779464467,0.0,0.0,0.09262506948661167,"{""status"": ""ok""}"
control,threshold_survival,0.7,3,affinity_rank_group,primary,24,0.04246824702228059,0.0,0.0,0.09262506948661167,"{""status"": ""ok""}"
control,threshold_survival,0.7,3,affinity_rank_group,primary,32,0.046312534743305836,0.0,0.0,0.09262506948661167,"{""status"": ""ok""}"
control,threshold_survival,0.7,3,affinity_rank_group,primary,48,0.051730753970941755,0.0,0.0,0.09262506948661167,"{""status"": ""ok""}"
control,threshold_survival,0.7,3,affinity_rank_group,primary,64,0.055575041691967,0.0,0.0,0.09262506948661167,"{""status"": ""ok""}"
control,threshold_survival,0.7,3,affinity_rank_group,primary,96,0.06099326091960293,0.0,0.0,0.09262506948661167,"{""status"": ""ok""}"
control,threshold_survival,0.7,3,affinity_rank_group,primary,128,0.06483754864062817,0.0,0.0,0.09262506948661167,"{""status"": ""ok""}"
control,threshold_survival,0.7,3,prefix_group,primary,1,0.018525013897322334,0.0,0.0,0.09262506948661167,"{""status"": ""ok""}"
control,threshold_survival,0.7,3,prefix_group,primary,2,0.018525013897322334,0.0,0.0,0.09262506948661167,"{""status"": ""ok""}"
control,threshold_survival,0.7,3,prefix_group,primary,3,0.018525013897322334,0.0,0.0,0.09262506948661167,"{""status"": ""ok""}"
control,threshold_survival,0.7,3,prefix_group,primary,4,0.018525013897322334,0.0,0.0,0.09262506948661167,"{""status"": ""ok""}"
control,threshold_survival,0.7,3,prefix_group,primary,6,0.03705002779464467,0.0,0.0,0.09262506948661167,"{""status"": ""ok""}"
control,threshold_survival,0.7,3,prefix_group,primary,8,0.03705002779464467,0.0,0.0,0.09262506948661167,"{""status"": ""ok""}"
control,threshold_survival,0.7,3,prefix_group,primary,12,0.03705002779464467,0.0,0.0,0.09262506948661167,"{""status"": ""ok""}"
control,threshold_survival,0.7,3,prefix_group,primary,16,0.03705002779464467,0.0,0.0,0.09262506948661167,"{""status"": ""ok""}"
control,threshold_survival,0.7,3,prefix_group,primary,24,0.055575041691967,0.0,0.0,0.09262506948661167,"{""status"": ""ok""}"
control,threshold_survival,0.7,3,prefix_group,primary,32,0.055575041691967,0.0,0.0,0.09262506948661167,"{""status"": ""ok""}"
control,threshold_survival,0.7,3,prefix_group,primary,48,0.055575041691967,0.0,0.0,0.09262506948661167,"{""status"": ""ok""}"
control,threshold_survival,0.7,3,prefix_group,primary,64,0.055575041691967,0.0,0.0,0.09262506948661167,"{""status"": ""ok""}"
control,threshold_survival,0.7,3,prefix_group,primary,96,0.07410005558928934,0.0,0.0,0.09262506948661167,"{""status"": ""ok""}"
control,threshold_survival,0.7,3,prefix_group,primary,128,0.07410005558928934,0.0,0.0,0.09262506948661167,"{""status"": ""ok""}"
control,threshold_survival,0.7,3,kmeans_profile,diagnostic_function_preserving,1,0.0,0.0,0.0,0.09262506948661167,"{""diversity"": 0.0, ""k_used"": 1, ""status"": ""disabled_low_diversity""}"
control,threshold_survival,0.7,3,kmeans_profile,diagnostic_function_preserving,2,0.0,0.0,0.0,0.09262506948661167,"{""diversity"": 0.0, ""k_used"": 1, ""status"": ""disabled_low_diversity""}"
control,threshold_survival,0.7,3,kmeans_profile,diagnostic_function_preserving,3,0.0,0.0,0.0,0.09262506948661167,"{""diversity"": 0.0, ""k_used"": 1, ""status"": ""disabled_low_diversity""}"
control,threshold_survival,0.7,3,kmeans_profile,diagnostic_function_preserving,4,0.0,0.0,0.0,0.09262506948661167,"{""diversity"": 0.0, ""k_used"": 1, ""status"": ""disabled_low_diversity""}"
control,threshold_survival,0.7,3,kmeans_profile,diagnostic_function_preserving,6,0.0,0.0,0.0,0.09262506948661167,"{""diversity"": 0.0, ""k_used"": 1, ""status"": ""disabled_low_diversity""}"
control,threshold_survival,0.7,3,kmeans_profile,diagnostic_function_preserving,8,0.0,0.0,0.0,0.09262506948661167,"{""diversity"": 0.0, ""k_used"": 1, ""status"": ""disabled_low_diversity""}"
control,threshold_survival,0.7,3,kmeans_profile,diagnostic_function_preserving,12,0.0,0.0,0.0,0.09262506948661167,"{""diversity"": 0.0, ""k_used"": 1, ""status"": ""disabled_low_diversity""}"
control,threshold_survival,0.7,3,kmeans_profile,diagnostic_function_preserving,16,0.0,0.0,0.0,0.09262506948661167,"{""diversity"": 0.0, ""k_used"": 1, ""status"": ""disabled_low_diversity""}"
control,threshold_survival,0.7,3,kmeans_profile,diagnostic_function_preserving,24,0.0,0.0,0.0,0.09262506948661167,"{""diversity"": 0.0, ""k_used"": 1, ""status"": ""disabled_low_diversity""}"
control,threshold_survival,0.7,3,kmeans_profile,diagnostic_function_preserving,32,0.0,0.0,0.0,0.09262506948661167,"{""diversity"": 0.0, ""k_used"": 1, ""status"": ""disabled_low_diversity""}"
control,threshold_survival,0.7,3,kmeans_profile,diagnostic_function_preserving,48,0.0,0.0,0.0,0.09262506948661167,"{""diversity"": 0.0, ""k_used"": 1, ""status"": ""disabled_low_diversity""}"
control,threshold_survival,0.7,3,kmeans_profile,diagnostic_function_preserving,64,0.0,0.0,0.0,0.09262506948661167,"{""diversity"": 0.0, ""k_used"": 1, ""status"": ""disabled_low_diversity""}"
control,threshold_survival,0.7,3,kmeans_profile,diagnostic_function_preserving,96,0.0,0.0,0.0,0.09262506948661167,"{""diversity"": 0.0, ""k_used"": 1, ""status"": ""disabled_low_diversity""}"
control,threshold_survival,0.7,3,kmeans_profile,diagnostic_function_preserving,128,0.0,0.0,0.0,0.09262506948661167,"{""diversity"": 0.0, ""k_used"": 1, ""status"": ""disabled_low_diversity""}"
control,threshold_survival,0.7,4,balanced_random_group,primary,1,0.0,0.0,0.0,0.10692402536184176,"{""status"": ""ok""}"
control,threshold_survival,0.7,4,balanced_random_group,primary,2,0.010692402536184177,0.0,0.0,0.10692402536184176,"{""status"": ""ok""}"
control,threshold_survival,0.7,4,balanced_random_group,primary,3,0.016947057062467703,0.0,0.0,0.10692402536184176,"{""status"": ""ok""}"
control,threshold_survival,0.7,4,balanced_random_group,primary,4,0.021384805072368354,0.0,0.0,0.10692402536184176,"{""status"": ""ok""}"
control,threshold_survival,0.7,4,balanced_random_group,primary,6,0.02763945959865188,0.0,0.0,0.10692402536184176,"{""status"": ""ok""}"
control,threshold_survival,0.7,4,balanced_random_group,primary,8,0.032077207608552524,0.0,0.0,0.10692402536184176,"{""status"": ""ok""}"
control,threshold_survival,0.7,4,balanced_random_group,primary,12,0.03833186213483605,0.0,0.0,0.10692402536184176,"{""status"": ""ok""}"
control,threshold_survival,0.7,4,balanced_random_group,primary,16,0.04276961014473671,0.0,0.0,0.10692402536184176,"{""status"": ""ok""}"
control,threshold_survival,0.7,4,balanced_random_group,primary,24,0.04902426467102023,0.0,0.0,0.10692402536184176,"{""status"": ""ok""}"
control,threshold_survival,0.7,4,balanced_random_group,primary,32,0.05346201268092088,0.0,0.0,0.10692402536184176,"{""status"": ""ok""}"
control,threshold_survival,0.7,4,balanced_random_group,primary,48,0.0597166672072044,0.0,0.0,0.10692402536184176,"{""status"": ""ok""}"
control,threshold_survival,0.7,4,balanced_random_group,primary,64,0.06415441521710505,0.0,0.0,0.10692402536184176,"{""status"": ""ok""}"
control,threshold_survival,0.7,4,balanced_random_group,primary,96,0.07040906974338859,0.0,0.0,0.10692402536184176,"{""status"": ""ok""}"
control,threshold_survival,0.7,4,balanced_random_group,primary,128,0.07484681775328922,0.0,0.0,0.10692402536184176,"{""status"": ""ok""}"
control,threshold_survival,0.7,4,affinity_rank_group,primary,1,0.0,0.0,0.0,0.10692402536184176,"{""status"": ""ok""}"
control,threshold_survival,0.7,4,affinity_rank_group,primary,2,0.010692402536184177,0.0,0.0,0.10692402536184176,"{""status"": ""ok""}"
control,threshold_survival,0.7,4,affinity_rank_group,primary,3,0.016947057062467703,0.0,0.0,0.10692402536184176,"{""status"": ""ok""}"
control,threshold_survival,0.7,4,affinity_rank_group,primary,4,0.021384805072368354,0.0,0.0,0.10692402536184176,"{""status"": ""ok""}"
control,threshold_survival,0.7,4,affinity_rank_group,primary,6,0.02763945959865188,0.0,0.0,0.10692402536184176,"{""status"": ""ok""}"
control,threshold_survival,0.7,4,affinity_rank_group,primary,8,0.032077207608552524,0.0,0.0,0.10692402536184176,"{""status"": ""ok""}"
control,threshold_survival,0.7,4,affinity_rank_group,primary,12,0.03833186213483605,0.0,0.0,0.10692402536184176,"{""status"": ""ok""}"
control,threshold_survival,0.7,4,affinity_rank_group,primary,16,0.04276961014473671,0.0,0.0,0.10692402536184176,"{""status"": ""ok""}"
control,threshold_survival,0.7,4,affinity_rank_group,primary,24,0.04902426467102023,0.0,0.0,0.10692402536184176,"{""status"": ""ok""}"
control,threshold_survival,0.7,4,affinity_rank_group,primary,32,0.05346201268092088,0.0,0.0,0.10692402536184176,"{""status"": ""ok""}"
control,threshold_survival,0.7,4,affinity_rank_group,primary,48,0.0597166672072044,0.0,0.0,0.10692402536184176,"{""status"": ""ok""}"
control,threshold_survival,0.7,4,affinity_rank_group,primary,64,0.06415441521710505,0.0,0.0,0.10692402536184176,"{""status"": ""ok""}"
control,threshold_survival,0.7,4,affinity_rank_group,primary,96,0.07040906974338859,0.0,0.0,0.10692402536184176,"{""status"": ""ok""}"
control,threshold_survival,0.7,4,affinity_rank_group,primary,128,0.07484681775328922,0.0,0.0,0.10692402536184176,"{""status"": ""ok""}"
control,threshold_survival,0.7,4,prefix_group,primary,1,0.021384805072368354,0.0,0.0,0.10692402536184176,"{""status"": ""ok""}"
control,threshold_survival,0.7,4,prefix_group,primary,2,0.021384805072368354,0.0,0.0,0.10692402536184176,"{""status"": ""ok""}"
control,threshold_survival,0.7,4,prefix_group,primary,3,0.021384805072368354,0.0,0.0,0.10692402536184176,"{""status"": ""ok""}"
control,threshold_survival,0.7,4,prefix_group,primary,4,0.021384805072368354,0.0,0.0,0.10692402536184176,"{""status"": ""ok""}"
control,threshold_survival,0.7,4,prefix_group,primary,6,0.04276961014473671,0.0,0.0,0.10692402536184176,"{""status"": ""ok""}"
control,threshold_survival,0.7,4,prefix_group,primary,8,0.04276961014473671,0.0,0.0,0.10692402536184176,"{""status"": ""ok""}"
control,threshold_survival,0.7,4,prefix_group,primary,12,0.04276961014473671,0.0,0.0,0.10692402536184176,"{""status"": ""ok""}"
control,threshold_survival,0.7,4,prefix_group,primary,16,0.04276961014473671,0.0,0.0,0.10692402536184176,"{""status"": ""ok""}"
control,threshold_survival,0.7,4,prefix_group,primary,24,0.06415441521710505,0.0,0.0,0.10692402536184176,"{""status"": ""ok""}"
control,threshold_survival,0.7,4,prefix_group,primary,32,0.06415441521710505,0.0,0.0,0.10692402536184176,"{""status"": ""ok""}"
control,threshold_survival,0.7,4,prefix_group,primary,48,0.06415441521710505,0.0,0.0,0.10692402536184176,"{""status"": ""ok""}"
control,threshold_survival,0.7,4,prefix_group,primary,64,0.06415441521710505,0.0,0.0,0.10692402536184176,"{""status"": ""ok""}"
control,threshold_survival,0.7,4,prefix_group,primary,96,0.08553922028947342,0.0,0.0,0.10692402536184176,"{""status"": ""ok""}"
control,threshold_survival,0.7,4,prefix_group,primary,128,0.08553922028947342,0.0,0.0,0.10692402536184176,"{""status"": ""ok""}"
control,threshold_survival,0.7,4,kmeans_profile,diagnostic_function_preserving,1,0.0,0.0,0.0,0.10692402536184176,"{""diversity"": 0.0, ""k_used"": 1, ""status"": ""disabled_low_diversity""}"
control,threshold_survival,0.7,4,kmeans_profile,diagnostic_function_preserving,2,0.0,0.0,0.0,0.10692402536184176,"{""diversity"": 0.0, ""k_used"": 1, ""status"": ""disabled_low_diversity""}"
control,threshold_survival,0.7,4,kmeans_profile,diagnostic_function_preserving,3,0.0,0.0,0.0,0.10692402536184176,"{""diversity"": 0.0, ""k_used"": 1, ""status"": ""disabled_low_diversity""}"
control,threshold_survival,0.7,4,kmeans_profile,diagnostic_function_preserving,4,0.0,0.0,0.0,0.10692402536184176,"{""diversity"": 0.0, ""k_used"": 1, ""status"": ""disabled_low_diversity""}"
control,threshold_survival,0.7,4,kmeans_profile,diagnostic_function_preserving,6,0.0,0.0,0.0,0.10692402536184176,"{""diversity"": 0.0, ""k_used"": 1, ""status"": ""disabled_low_diversity""}"
control,threshold_survival,0.7,4,kmeans_profile,diagnostic_function_preserving,8,0.0,0.0,0.0,0.10692402536184176,"{""diversity"": 0.0, ""k_used"": 1, ""status"": ""disabled_low_diversity""}"
control,threshold_survival,0.7,4,kmeans_profile,diagnostic_function_preserving,12,0.0,0.0,0.0,0.10692402536184176,"{""diversity"": 0.0, ""k_used"": 1, ""status"": ""disabled_low_diversity""}"
control,threshold_survival,0.7,4,kmeans_profile,diagnostic_function_preserving,16,0.0,0.0,0.0,0.10692402536184176,"{""diversity"": 0.0, ""k_used"": 1, ""status"": ""disabled_low_diversity""}"
control,threshold_survival,0.7,4,kmeans_profile,diagnostic_function_preserving,24,0.0,0.0,0.0,0.10692402536184176,"{""diversity"": 0.0, ""k_used"": 1, ""status"": ""disabled_low_diversity""}"
control,threshold_survival,0.7,4,kmeans_profile,diagnostic_function_preserving,32,0.0,0.0,0.0,0.10692402536184176,"{""diversity"": 0.0, ""k_used"": 1, ""status"": ""disabled_low_diversity""}"
control,threshold_survival,0.7,4,kmeans_profile,diagnostic_function_preserving,48,0.0,0.0,0.0,0.10692402536184176,"{""diversity"": 0.0, ""k_used"": 1, ""status"": ""disabled_low_diversity""}"
control,threshold_survival,0.7,4,kmeans_profile,diagnostic_function_preserving,64,0.0,0.0,0.0,0.10692402536184176,"{""diversity"": 0.0, ""k_used"": 1, ""status"": ""disabled_low_diversity""}"
control,threshold_survival,0.7,4,kmeans_profile,diagnostic_function_preserving,96,0.0,0.0,0.0,0.10692402536184176,"{""diversity"": 0.0, ""k_used"": 1, ""status"": ""disabled_low_diversity""}"
control,threshold_survival,0.7,4,kmeans_profile,diagnostic_function_preserving,128,0.0,0.0,0.0,0.10692402536184176,"{""diversity"": 0.0, ""k_used"": 1, ""status"": ""disabled_low_diversity""}"
control,threshold_survival,0.7,5,balanced_random_group,primary,1,0.0,0.0,0.0,0.09871771539222533,"{""status"": ""ok""}"
control,threshold_survival,0.7,5,balanced_random_group,primary,2,0.009871771539222534,0.0,0.0,0.09871771539222533,"{""status"": ""ok""}"
control,threshold_survival,0.7,5,balanced_random_group,primary,3,0.015646387705354082,0.0,0.0,0.09871771539222533,"{""status"": ""ok""}"
control,threshold_survival,0.7,5,balanced_random_group,primary,4,0.01974354307844507,0.0,0.0,0.09871771539222533,"{""status"": ""ok""}"
control,threshold_survival,0.7,5,balanced_random_group,primary,6,0.025518159244576618,0.0,0.0,0.09871771539222533,"{""status"": ""ok""}"
control,threshold_survival,0.7,5,balanced_random_group,primary,8,0.029615314617667598,0.0,0.0,0.09871771539222533,"{""status"": ""ok""}"
control,threshold_survival,0.7,5,balanced_random_group,primary,12,0.03538993078379915,0.0,0.0,0.09871771539222533,"{""status"": ""ok""}"
control,threshold_survival,0.7,5,balanced_random_group,primary,16,0.03948708615689014,0.0,0.0,0.09871771539222533,"{""status"": ""ok""}"
control,threshold_survival,0.7,5,balanced_random_group,primary,24,0.04526170232302168,0.0,0.0,0.09871771539222533,"{""status"": ""ok""}"
control,threshold_survival,0.7,5,balanced_random_group,primary,32,0.04935885769611267,0.0,0.0,0.09871771539222533,"{""status"": ""ok""}"
control,threshold_survival,0.7,5,balanced_random_group,primary,48,0.05513347386224421,0.0,0.0,0.09871771539222533,"{""status"": ""ok""}"
control,threshold_survival,0.7,5,balanced_random_group,primary,64,0.059230629235335196,0.0,0.0,0.09871771539222533,"{""status"": ""ok""}"
control,threshold_survival,0.7,5,balanced_random_group,primary,96,0.06500524540146675,0.0,0.0,0.09871771539222533,"{""status"": ""ok""}"
control,threshold_survival,0.7,5,balanced_random_group,primary,128,0.06910240077455773,0.0,0.0,0.09871771539222533,"{""status"": ""ok""}"
control,threshold_survival,0.7,5,affinity_rank_group,primary,1,0.0,0.0,0.0,0.09871771539222533,"{""status"": ""ok""}"
control,threshold_survival,0.7,5,affinity_rank_group,primary,2,0.009871771539222534,0.0,0.0,0.09871771539222533,"{""status"": ""ok""}"
control,threshold_survival,0.7,5,affinity_rank_group,primary,3,0.015646387705354082,0.0,0.0,0.09871771539222533,"{""status"": ""ok""}"
control,threshold_survival,0.7,5,affinity_rank_group,primary,4,0.01974354307844507,0.0,0.0,0.09871771539222533,"{""status"": ""ok""}"
control,threshold_survival,0.7,5,affinity_rank_group,primary,6,0.025518159244576618,0.0,0.0,0.09871771539222533,"{""status"": ""ok""}"
control,threshold_survival,0.7,5,affinity_rank_group,primary,8,0.029615314617667598,0.0,0.0,0.09871771539222533,"{""status"": ""ok""}"
control,threshold_survival,0.7,5,affinity_rank_group,primary,12,0.03538993078379915,0.0,0.0,0.09871771539222533,"{""status"": ""ok""}"
control,threshold_survival,0.7,5,affinity_rank_group,primary,16,0.03948708615689014,0.0,0.0,0.09871771539222533,"{""status"": ""ok""}"
control,threshold_survival,0.7,5,affinity_rank_group,primary,24,0.04526170232302168,0.0,0.0,0.09871771539222533,"{""status"": ""ok""}"
control,threshold_survival,0.7,5,affinity_rank_group,primary,32,0.04935885769611267,0.0,0.0,0.09871771539222533,"{""status"": ""ok""}"
control,threshold_survival,0.7,5,affinity_rank_group,primary,48,0.05513347386224421,0.0,0.0,0.09871771539222533,"{""status"": ""ok""}"
control,threshold_survival,0.7,5,affinity_rank_group,primary,64,0.059230629235335196,0.0,0.0,0.09871771539222533,"{""status"": ""ok""}"
control,threshold_survival,0.7,5,affinity_rank_group,primary,96,0.06500524540146675,0.0,0.0,0.09871771539222533,"{""status"": ""ok""}"
control,threshold_survival,0.7,5,affinity_rank_group,primary,128,0.06910240077455773,0.0,0.0,0.09871771539222533,"{""status"": ""ok""}"
control,threshold_survival,0.7,5,prefix_group,primary,1,0.01974354307844507,0.0,0.0,0.09871771539222533,"{""status"": ""ok""}"
control,threshold_survival,0.7,5,prefix_group,primary,2,0.01974354307844507,0.0,0.0,0.09871771539222533,"{""status"": ""ok""}"
control,threshold_survival,0.7,5,prefix_group,primary,3,0.01974354307844507,0.0,0.0,0.09871771539222533,"{""status"": ""ok""}"
control,threshold_survival,0.7,5,prefix_group,primary,4,0.01974354307844507,0.0,0.0,0.09871771539222533,"{""status"": ""ok""}"
control,threshold_survival,0.7,5,prefix_group,primary,6,0.03948708615689014,0.0,0.0,0.09871771539222533,"{""status"": ""ok""}"
control,threshold_survival,0.7,5,prefix_group,primary,8,0.03948708615689014,0.0,0.0,0.09871771539222533,"{""status"": ""ok""}"
control,threshold_survival,0.7,5,prefix_group,primary,12,0.03948708615689014,0.0,0.0,0.09871771539222533,"{""status"": ""ok""}"
control,threshold_survival,0.7,5,prefix_group,primary,16,0.03948708615689014,0.0,0.0,0.09871771539222533,"{""status"": ""ok""}"
control,threshold_survival,0.7,5,prefix_group,primary,24,0.059230629235335196,0.0,0.0,0.09871771539222533,"{""status"": ""ok""}"
control,threshold_survival,0.7,5,prefix_group,primary,32,0.059230629235335196,0.0,0.0,0.09871771539222533,"{""status"": ""ok""}"
control,threshold_survival,0.7,5,prefix_group,primary,48,0.059230629235335196,0.0,0.0,0.09871771539222533,"{""status"": ""ok""}"
control,threshold_survival,0.7,5,prefix_group,primary,64,0.059230629235335196,0.0,0.0,0.09871771539222533,"{""status"": ""ok""}"
control,threshold_survival,0.7,5,prefix_group,primary,96,0.07897417231378027,0.0,0.0,0.09871771539222533,"{""status"": ""ok""}"
control,threshold_survival,0.7,5,prefix_group,primary,128,0.07897417231378027,0.0,0.0,0.09871771539222533,"{""status"": ""ok""}"
control,threshold_survival,0.7,5,kmeans_profile,diagnostic_function_preserving,1,0.0,0.0,0.0,0.09871771539222533,"{""diversity"": 0.0, ""k_used"": 1, ""status"": ""disabled_low_diversity""}"
control,threshold_survival,0.7,5,kmeans_profile,diagnostic_function_preserving,2,0.0,0.0,0.0,0.09871771539222533,"{""diversity"": 0.0, ""k_used"": 1, ""status"": ""disabled_low_diversity""}"
control,threshold_survival,0.7,5,kmeans_profile,diagnostic_function_preserving,3,0.0,0.0,0.0,0.09871771539222533,"{""diversity"": 0.0, ""k_used"": 1, ""status"": ""disabled_low_diversity""}"
control,threshold_survival,0.7,5,kmeans_profile,diagnostic_function_preserving,4,0.0,0.0,0.0,0.09871771539222533,"{""diversity"": 0.0, ""k_used"": 1, ""status"": ""disabled_low_diversity""}"
control,threshold_survival,0.7,5,kmeans_profile,diagnostic_function_preserving,6,0.0,0.0,0.0,0.09871771539222533,"{""diversity"": 0.0, ""k_used"": 1, ""status"": ""disabled_low_diversity""}"
control,threshold_survival,0.7,5,kmeans_profile,diagnostic_function_preserving,8,0.0,0.0,0.0,0.09871771539222533,"{""diversity"": 0.0, ""k_used"": 1, ""status"": ""disabled_low_diversity""}"
control,threshold_survival,0.7,5,kmeans_profile,diagnostic_function_preserving,12,0.0,0.0,0.0,0.09871771539222533,"{""diversity"": 0.0, ""k_used"": 1, ""status"": ""disabled_low_diversity""}"
control,threshold_survival,0.7,5,kmeans_profile,diagnostic_function_preserving,16,0.0,0.0,0.0,0.09871771539222533,"{""diversity"": 0.0, ""k_used"": 1, ""status"": ""disabled_low_diversity""}"
control,threshold_survival,0.7,5,kmeans_profile,diagnostic_function_preserving,24,0.0,0.0,0.0,0.09871771539222533,"{""diversity"": 0.0, ""k_used"": 1, ""status"": ""disabled_low_diversity""}"
control,threshold_survival,0.7,5,kmeans_profile,diagnostic_function_preserving,32,0.0,0.0,0.0,0.09871771539222533,"{""diversity"": 0.0, ""k_used"": 1, ""status"": ""disabled_low_diversity""}"
control,threshold_survival,0.7,5,kmeans_profile,diagnostic_function_preserving,48,0.0,0.0,0.0,0.09871771539222533,"{""diversity"": 0.0, ""k_used"": 1, ""status"": ""disabled_low_diversity""}"
control,threshold_survival,0.7,5,kmeans_profile,diagnostic_function_preserving,64,0.0,0.0,0.0,0.09871771539222533,"{""diversity"": 0.0, ""k_used"": 1, ""status"": ""disabled_low_diversity""}"
control,threshold_survival,0.7,5,kmeans_profile,diagnostic_function_preserving,96,0.0,0.0,0.0,0.09871771539222533,"{""diversity"": 0.0, ""k_used"": 1, ""status"": ""disabled_low_diversity""}"
control,threshold_survival,0.7,5,kmeans_profile,diagnostic_function_preserving,128,0.0,0.0,0.0,0.09871771539222533,"{""diversity"": 0.0, ""k_used"": 1, ""status"": ""disabled_low_diversity""}"
control,threshold_survival,0.7,6,balanced_random_group,primary,1,0.0,0.0,0.0,0.09218500824327697,"{""status"": ""ok""}"
control,threshold_survival,0.7,6,balanced_random_group,primary,2,0.009218500824327697,0.0,0.0,0.09218500824327697,"{""status"": ""ok""}"
control,threshold_survival,0.7,6,balanced_random_group,primary,3,0.014610978119426464,0.0,0.0,0.09218500824327697,"{""status"": ""ok""}"
control,threshold_survival,0.7,6,balanced_random_group,primary,4,0.018437001648655395,0.0,0.0,0.09218500824327697,"{""status"": ""ok""}"
control,threshold_survival,0.7,6,balanced_random_group,primary,6,0.023829478943754163,0.0,0.0,0.09218500824327697,"{""status"": ""ok""}"
control,threshold_survival,0.7,6,balanced_random_group,primary,8,0.02765550247298309,0.0,0.0,0.09218500824327697,"{""status"": ""ok""}"
control,threshold_survival,0.7,6,balanced_random_group,primary,12,0.03304797976808186,0.0,0.0,0.09218500824327697,"{""status"": ""ok""}"
control,threshold_survival,0.7,6,balanced_random_group,primary,16,0.03687400329731079,0.0,0.0,0.09218500824327697,"{""status"": ""ok""}"
control,threshold_survival,0.7,6,balanced_random_group,primary,24,0.042266480592409554,0.0,0.0,0.09218500824327697,"{""status"": ""ok""}"
control,threshold_survival,0.7,6,balanced_random_group,primary,32,0.04609250412163848,0.0,0.0,0.09218500824327697,"{""status"": ""ok""}"
control,threshold_survival,0.7,6,balanced_random_group,primary,48,0.05148498141673725,0.0,0.0,0.09218500824327697,"{""status"": ""ok""}"
control,threshold_survival,0.7,6,balanced_random_group,primary,64,0.05531100494596618,0.0,0.0,0.09218500824327697,"{""status"": ""ok""}"
control,threshold_survival,0.7,6,balanced_random_group,primary,96,0.060703482241064956,0.0,0.0,0.09218500824327697,"{""status"": ""ok""}"
control,threshold_survival,0.7,6,balanced_random_group,primary,128,0.06452950577029387,0.0,0.0,0.09218500824327697,"{""status"": ""ok""}"
control,threshold_survival,0.7,6,affinity_rank_group,primary,1,0.0,0.0,0.0,0.09218500824327697,"{""status"": ""ok""}"
control,threshold_survival,0.7,6,affinity_rank_group,primary,2,0.009218500824327697,0.0,0.0,0.09218500824327697,"{""status"": ""ok""}"
control,threshold_survival,0.7,6,affinity_rank_group,primary,3,0.014610978119426464,0.0,0.0,0.09218500824327697,"{""status"": ""ok""}"
control,threshold_survival,0.7,6,affinity_rank_group,primary,4,0.018437001648655395,0.0,0.0,0.09218500824327697,"{""status"": ""ok""}"
control,threshold_survival,0.7,6,affinity_rank_group,primary,6,0.023829478943754163,0.0,0.0,0.09218500824327697,"{""status"": ""ok""}"
control,threshold_survival,0.7,6,affinity_rank_group,primary,8,0.02765550247298309,0.0,0.0,0.09218500824327697,"{""status"": ""ok""}"
control,threshold_survival,0.7,6,affinity_rank_group,primary,12,0.03304797976808186,0.0,0.0,0.09218500824327697,"{""status"": ""ok""}"
control,threshold_survival,0.7,6,affinity_rank_group,primary,16,0.03687400329731079,0.0,0.0,0.09218500824327697,"{""status"": ""ok""}"
control,threshold_survival,0.7,6,affinity_rank_group,primary,24,0.042266480592409554,0.0,0.0,0.09218500824327697,"{""status"": ""ok""}"
control,threshold_survival,0.7,6,affinity_rank_group,primary,32,0.04609250412163848,0.0,0.0,0.09218500824327697,"{""status"": ""ok""}"
control,threshold_survival,0.7,6,affinity_rank_group,primary,48,0.05148498141673725,0.0,0.0,0.09218500824327697,"{""status"": ""ok""}"
control,threshold_survival,0.7,6,affinity_rank_group,primary,64,0.05531100494596618,0.0,0.0,0.09218500824327697,"{""status"": ""ok""}"
control,threshold_survival,0.7,6,affinity_rank_group,primary,96,0.060703482241064956,0.0,0.0,0.09218500824327697,"{""status"": ""ok""}"
control,threshold_survival,0.7,6,affinity_rank_group,primary,128,0.06452950577029387,0.0,0.0,0.09218500824327697,"{""status"": ""ok""}"
control,threshold_survival,0.7,6,prefix_group,primary,1,0.018437001648655395,0.0,0.0,0.09218500824327697,"{""status"": ""ok""}"
control,threshold_survival,0.7,6,prefix_group,primary,2,0.018437001648655395,0.0,0.0,0.09218500824327697,"{""status"": ""ok""}"
control,threshold_survival,0.7,6,prefix_group,primary,3,0.018437001648655395,0.0,0.0,0.09218500824327697,"{""status"": ""ok""}"
control,threshold_survival,0.7,6,prefix_group,primary,4,0.018437001648655395,0.0,0.0,0.09218500824327697,"{""status"": ""ok""}"
control,threshold_survival,0.7,6,prefix_group,primary,6,0.03687400329731079,0.0,0.0,0.09218500824327697,"{""status"": ""ok""}"
control,threshold_survival,0.7,6,prefix_group,primary,8,0.03687400329731079,0.0,0.0,0.09218500824327697,"{""status"": ""ok""}"
control,threshold_survival,0.7,6,prefix_group,primary,12,0.03687400329731079,0.0,0.0,0.09218500824327697,"{""status"": ""ok""}"
control,threshold_survival,0.7,6,prefix_group,primary,16,0.03687400329731079,0.0,0.0,0.09218500824327697,"{""status"": ""ok""}"
control,threshold_survival,0.7,6,prefix_group,primary,24,0.05531100494596618,0.0,0.0,0.09218500824327697,"{""status"": ""ok""}"
control,threshold_survival,0.7,6,prefix_group,primary,32,0.05531100494596618,0.0,0.0,0.09218500824327697,"{""status"": ""ok""}"
control,threshold_survival,0.7,6,prefix_group,primary,48,0.05531100494596618,0.0,0.0,0.09218500824327697,"{""status"": ""ok""}"
control,threshold_survival,0.7,6,prefix_group,primary,64,0.05531100494596618,0.0,0.0,0.09218500824327697,"{""status"": ""ok""}"
control,threshold_survival,0.7,6,prefix_group,primary,96,0.07374800659462158,0.0,0.0,0.09218500824327697,"{""status"": ""ok""}"
control,threshold_survival,0.7,6,prefix_group,primary,128,0.07374800659462158,0.0,0.0,0.09218500824327697,"{""status"": ""ok""}"
control,threshold_survival,0.7,6,kmeans_profile,diagnostic_function_preserving,1,0.0,0.0,0.0,0.09218500824327697,"{""diversity"": 0.0, ""k_used"": 1, ""status"": ""disabled_low_diversity""}"
control,threshold_survival,0.7,6,kmeans_profile,diagnostic_function_preserving,2,0.0,0.0,0.0,0.09218500824327697,"{""diversity"": 0.0, ""k_used"": 1, ""status"": ""disabled_low_diversity""}"
control,threshold_survival,0.7,6,kmeans_profile,diagnostic_function_preserving,3,0.0,0.0,0.0,0.09218500824327697,"{""diversity"": 0.0, ""k_used"": 1, ""status"": ""disabled_low_diversity""}"
control,threshold_survival,0.7,6,kmeans_profile,diagnostic_function_preserving,4,0.0,0.0,0.0,0.09218500824327697,"{""diversity"": 0.0, ""k_used"": 1, ""status"": ""disabled_low_diversity""}"
control,threshold_survival,0.7,6,kmeans_profile,diagnostic_function_preserving,6,0.0,0.0,0.0,0.09218500824327697,"{""diversity"": 0.0, ""k_used"": 1, ""status"": ""disabled_low_diversity""}"
control,threshold_survival,0.7,6,kmeans_profile,diagnostic_function_preserving,8,0.0,0.0,0.0,0.09218500824327697,"{""diversity"": 0.0, ""k_used"": 1, ""status"": ""disabled_low_diversity""}"
control,threshold_survival,0.7,6,kmeans_profile,diagnostic_function_preserving,12,0.0,0.0,0.0,0.09218500824327697,"{""diversity"": 0.0, ""k_used"": 1, ""status"": ""disabled_low_diversity""}"
control,threshold_survival,0.7,6,kmeans_profile,diagnostic_function_preserving,16,0.0,0.0,0.0,0.09218500824327697,"{""diversity"": 0.0, ""k_used"": 1, ""status"": ""disabled_low_diversity""}"
control,threshold_survival,0.7,6,kmeans_profile,diagnostic_function_preserving,24,0.0,0.0,0.0,0.09218500824327697,"{""diversity"": 0.0, ""k_used"": 1, ""status"": ""disabled_low_diversity""}"
control,threshold_survival,0.7,6,kmeans_profile,diagnostic_function_preserving,32,0.0,0.0,0.0,0.09218500824327697,"{""diversity"": 0.0, ""k_used"": 1, ""status"": ""disabled_low_diversity""}"
control,threshold_survival,0.7,6,kmeans_profile,diagnostic_function_preserving,48,0.0,0.0,0.0,0.09218500824327697,"{""diversity"": 0.0, ""k_used"": 1, ""status"": ""disabled_low_diversity""}"
control,threshold_survival,0.7,6,kmeans_profile,diagnostic_function_preserving,64,0.0,0.0,0.0,0.09218500824327697,"{""diversity"": 0.0, ""k_used"": 1, ""status"": ""disabled_low_diversity""}"
control,threshold_survival,0.7,6,kmeans_profile,diagnostic_function_preserving,96,0.0,0.0,0.0,0.09218500824327697,"{""diversity"": 0.0, ""k_used"": 1, ""status"": ""disabled_low_diversity""}"
control,threshold_survival,0.7,6,kmeans_profile,diagnostic_function_preserving,128,0.0,0.0,0.0,0.09218500824327697,"{""diversity"": 0.0, ""k_used"": 1, ""status"": ""disabled_low_diversity""}"
control,threshold_survival,0.7,7,balanced_random_group,primary,1,0.0,0.0,0.0,0.09591169038615979,"{""status"": ""ok""}"
control,threshold_survival,0.7,7,balanced_random_group,primary,2,0.00959116903861598,0.0,0.0,0.09591169038615979,"{""status"": ""ok""}"
control,threshold_survival,0.7,7,balanced_random_group,primary,3,0.015201643264284108,0.0,0.0,0.09591169038615979,"{""status"": ""ok""}"
control,threshold_survival,0.7,7,balanced_random_group,primary,4,0.01918233807723196,0.0,0.0,0.09591169038615979,"{""status"": ""ok""}"
control,threshold_survival,0.7,7,balanced_random_group,primary,6,0.02479281230290009,0.0,0.0,0.09591169038615979,"{""status"": ""ok""}"
control,threshold_survival,0.7,7,balanced_random_group,primary,8,0.028773507115847936,0.0,0.0,0.09591169038615979,"{""status"": ""ok""}"
control,threshold_survival,0.7,7,balanced_random_group,primary,12,0.034383981341516066,0.0,0.0,0.09591169038615979,"{""status"": ""ok""}"
control,threshold_survival,0.7,7,balanced_random_group,primary,16,0.03836467615446392,0.0,0.0,0.09591169038615979,"{""status"": ""ok""}"
control,threshold_survival,0.7,7,balanced_random_group,primary,24,0.04397515038013204,0.0,0.0,0.09591169038615979,"{""status"": ""ok""}"
control,threshold_survival,0.7,7,balanced_random_group,primary,32,0.047955845193079896,0.0,0.0,0.09591169038615979,"{""status"": ""ok""}"
control,threshold_survival,0.7,7,balanced_random_group,primary,48,0.053566319418748023,0.0,0.0,0.09591169038615979,"{""status"": ""ok""}"
control,threshold_survival,0.7,7,balanced_random_group,primary,64,0.05754701423169587,0.0,0.0,0.09591169038615979,"{""status"": ""ok""}"
control,threshold_survival,0.7,7,balanced_random_group,primary,96,0.063157488457364,0.0,0.0,0.09591169038615979,"{""status"": ""ok""}"
control,threshold_survival,0.7,7,balanced_random_group,primary,128,0.06713818327031185,0.0,0.0,0.09591169038615979,"{""status"": ""ok""}"
control,threshold_survival,0.7,7,affinity_rank_group,primary,1,0.0,0.0,0.0,0.09591169038615979,"{""status"": ""ok""}"
control,threshold_survival,0.7,7,affinity_rank_group,primary,2,0.00959116903861598,0.0,0.0,0.09591169038615979,"{""status"": ""ok""}"
control,threshold_survival,0.7,7,affinity_rank_group,primary,3,0.015201643264284108,0.0,0.0,0.09591169038615979,"{""status"": ""ok""}"
control,threshold_survival,0.7,7,affinity_rank_group,primary,4,0.01918233807723196,0.0,0.0,0.09591169038615979,"{""status"": ""ok""}"
control,threshold_survival,0.7,7,affinity_rank_group,primary,6,0.02479281230290009,0.0,0.0,0.09591169038615979,"{""status"": ""ok""}"
control,threshold_survival,0.7,7,affinity_rank_group,primary,8,0.028773507115847936,0.0,0.0,0.09591169038615979,"{""status"": ""ok""}"
control,threshold_survival,0.7,7,affinity_rank_group,primary,12,0.034383981341516066,0.0,0.0,0.09591169038615979,"{""status"": ""ok""}"
control,threshold_survival,0.7,7,affinity_rank_group,primary,16,0.03836467615446392,0.0,0.0,0.09591169038615979,"{""status"": ""ok""}"
control,threshold_survival,0.7,7,affinity_rank_group,primary,24,0.04397515038013204,0.0,0.0,0.09591169038615979,"{""status"": ""ok""}"
control,threshold_survival,0.7,7,affinity_rank_group,primary,32,0.047955845193079896,0.0,0.0,0.09591169038615979,"{""status"": ""ok""}"
control,threshold_survival,0.7,7,affinity_rank_group,primary,48,0.053566319418748023,0.0,0.0,0.09591169038615979,"{""status"": ""ok""}"
control,threshold_survival,0.7,7,affinity_rank_group,primary,64,0.05754701423169587,0.0,0.0,0.09591169038615979,"{""status"": ""ok""}"
control,threshold_survival,0.7,7,affinity_rank_group,primary,96,0.063157488457364,0.0,0.0,0.09591169038615979,"{""status"": ""ok""}"
control,threshold_survival,0.7,7,affinity_rank_group,primary,128,0.06713818327031185,0.0,0.0,0.09591169038615979,"{""status"": ""ok""}"
control,threshold_survival,0.7,7,prefix_group,primary,1,0.01918233807723196,0.0,0.0,0.09591169038615979,"{""status"": ""ok""}"
control,threshold_survival,0.7,7,prefix_group,primary,2,0.01918233807723196,0.0,0.0,0.09591169038615979,"{""status"": ""ok""}"
control,threshold_survival,0.7,7,prefix_group,primary,3,0.01918233807723196,0.0,0.0,0.09591169038615979,"{""status"": ""ok""}"
control,threshold_survival,0.7,7,prefix_group,primary,4,0.01918233807723196,0.0,0.0,0.09591169038615979,"{""status"": ""ok""}"
control,threshold_survival,0.7,7,prefix_group,primary,6,0.03836467615446392,0.0,0.0,0.09591169038615979,"{""status"": ""ok""}"
control,threshold_survival,0.7,7,prefix_group,primary,8,0.03836467615446392,0.0,0.0,0.09591169038615979,"{""status"": ""ok""}"
control,threshold_survival,0.7,7,prefix_group,primary,12,0.03836467615446392,0.0,0.0,0.09591169038615979,"{""status"": ""ok""}"
control,threshold_survival,0.7,7,prefix_group,primary,16,0.03836467615446392,0.0,0.0,0.09591169038615979,"{""status"": ""ok""}"
control,threshold_survival,0.7,7,prefix_group,primary,24,0.05754701423169587,0.0,0.0,0.09591169038615979,"{""status"": ""ok""}"
control,threshold_survival,0.7,7,prefix_group,primary,32,0.05754701423169587,0.0,0.0,0.09591169038615979,"{""status"": ""ok""}"
control,threshold_survival,0.7,7,prefix_group,primary,48,0.05754701423169587,0.0,0.0,0.09591169038615979,"{""status"": ""ok""}"
control,threshold_survival,0.7,7,prefix_group,primary,64,0.05754701423169587,0.0,0.0,0.09591169038615979,"{""status"": ""ok""}"
control,threshold_survival,0.7,7,prefix_group,primary,96,0.07672935230892784,0.0,0.0,0.09591169038615979,"{""status"": ""ok""}"
control,threshold_survival,0.7,7,prefix_group,primary,128,0.07672935230892784,0.0,0.0,0.09591169038615979,"{""status"": ""ok""}"
control,threshold_survival,0.7,7,kmeans_profile,diagnostic_function_preserving,1,0.0,0.0,0.0,0.09591169038615979,"{""diversity"": 0.0, ""k_used"": 1, ""status"": ""disabled_low_diversity""}"
control,threshold_survival,0.7,7,kmeans_profile,diagnostic_function_preserving,2,0.0,0.0,0.0,0.09591169038615979,"{""diversity"": 0.0, ""k_used"": 1, ""status"": ""disabled_low_diversity""}"
control,threshold_survival,0.7,7,kmeans_profile,diagnostic_function_preserving,3,0.0,0.0,0.0,0.09591169038615979,"{""diversity"": 0.0, ""k_used"": 1, ""status"": ""disabled_low_diversity""}"
control,threshold_survival,0.7,7,kmeans_profile,diagnostic_function_preserving,4,0.0,0.0,0.0,0.09591169038615979,"{""diversity"": 0.0, ""k_used"": 1, ""status"": ""disabled_low_diversity""}"
control,threshold_survival,0.7,7,kmeans_profile,diagnostic_function_preserving,6,0.0,0.0,0.0,0.09591169038615979,"{""diversity"": 0.0, ""k_used"": 1, ""status"": ""disabled_low_diversity""}"
control,threshold_survival,0.7,7,kmeans_profile,diagnostic_function_preserving,8,0.0,0.0,0.0,0.09591169038615979,"{""diversity"": 0.0, ""k_used"": 1, ""status"": ""disabled_low_diversity""}"
control,threshold_survival,0.7,7,kmeans_profile,diagnostic_function_preserving,12,0.0,0.0,0.0,0.09591169038615979,"{""diversity"": 0.0, ""k_used"": 1, ""status"": ""disabled_low_diversity""}"
control,threshold_survival,0.7,7,kmeans_profile,diagnostic_function_preserving,16,0.0,0.0,0.0,0.09591169038615979,"{""diversity"": 0.0, ""k_used"": 1, ""status"": ""disabled_low_diversity""}"
control,threshold_survival,0.7,7,kmeans_profile,diagnostic_function_preserving,24,0.0,0.0,0.0,0.09591169038615979,"{""diversity"": 0.0, ""k_used"": 1, ""status"": ""disabled_low_diversity""}"
control,threshold_survival,0.7,7,kmeans_profile,diagnostic_function_preserving,32,0.0,0.0,0.0,0.09591169038615979,"{""diversity"": 0.0, ""k_used"": 1, ""status"": ""disabled_low_diversity""}"
control,threshold_survival,0.7,7,kmeans_profile,diagnostic_function_preserving,48,0.0,0.0,0.0,0.09591169038615979,"{""diversity"": 0.0, ""k_used"": 1, ""status"": ""disabled_low_diversity""}"
control,threshold_survival,0.7,7,kmeans_profile,diagnostic_function_preserving,64,0.0,0.0,0.0,0.09591169038615979,"{""diversity"": 0.0, ""k_used"": 1, ""status"": ""disabled_low_diversity""}"
control,threshold_survival,0.7,7,kmeans_profile,diagnostic_function_preserving,96,0.0,0.0,0.0,0.09591169038615979,"{""diversity"": 0.0, ""k_used"": 1, ""status"": ""disabled_low_diversity""}"
control,threshold_survival,0.7,7,kmeans_profile,diagnostic_function_preserving,128,0.0,0.0,0.0,0.09591169038615979,"{""diversity"": 0.0, ""k_used"": 1, ""status"": ""disabled_low_diversity""}"
control,threshold_survival,0.7,8,balanced_random_group,primary,1,0.0,0.0,0.0,0.10605757067834162,"{""status"": ""ok""}"
control,threshold_survival,0.7,8,balanced_random_group,primary,2,0.010605757067834162,0.0,0.0,0.10605757067834162,"{""status"": ""ok""}"
control,threshold_survival,0.7,8,balanced_random_group,primary,3,0.01680972724427551,0.0,0.0,0.10605757067834162,"{""status"": ""ok""}"
control,threshold_survival,0.7,8,balanced_random_group,primary,4,0.021211514135668325,0.0,0.0,0.10605757067834162,"{""status"": ""ok""}"
control,threshold_survival,0.7,8,balanced_random_group,primary,6,0.027415484312109675,0.0,0.0,0.10605757067834162,"{""status"": ""ok""}"
control,threshold_survival,0.7,8,balanced_random_group,primary,8,0.03181727120350249,0.0,0.0,0.10605757067834162,"{""status"": ""ok""}"
control,threshold_survival,0.7,8,balanced_random_group,primary,12,0.03802124137994384,0.0,0.0,0.10605757067834162,"{""status"": ""ok""}"
control,threshold_survival,0.7,8,balanced_random_group,primary,16,0.04242302827133665,0.0,0.0,0.10605757067834162,"{""status"": ""ok""}"
control,threshold_survival,0.7,8,balanced_random_group,primary,24,0.04862699844777799,0.0,0.0,0.10605757067834162,"{""status"": ""ok""}"
control,threshold_survival,0.7,8,balanced_random_group,primary,32,0.05302878533917081,0.0,0.0,0.10605757067834162,"{""status"": ""ok""}"
control,threshold_survival,0.7,8,balanced_random_group,primary,48,0.059232755515612155,0.0,0.0,0.10605757067834162,"{""status"": ""ok""}"
control,threshold_survival,0.7,8,balanced_random_group,primary,64,0.06363454240700497,0.0,0.0,0.10605757067834162,"{""status"": ""ok""}"
control,threshold_survival,0.7,8,balanced_random_group,primary,96,0.06983851258344632,0.0,0.0,0.10605757067834162,"{""status"": ""ok""}"
control,threshold_survival,0.7,8,balanced_random_group,primary,128,0.07424029947483914,0.0,0.0,0.10605757067834162,"{""status"": ""ok""}"
control,threshold_survival,0.7,8,affinity_rank_group,primary,1,0.0,0.0,0.0,0.10605757067834162,"{""status"": ""ok""}"
control,threshold_survival,0.7,8,affinity_rank_group,primary,2,0.010605757067834162,0.0,0.0,0.10605757067834162,"{""status"": ""ok""}"
control,threshold_survival,0.7,8,affinity_rank_group,primary,3,0.01680972724427551,0.0,0.0,0.10605757067834162,"{""status"": ""ok""}"
control,threshold_survival,0.7,8,affinity_rank_group,primary,4,0.021211514135668325,0.0,0.0,0.10605757067834162,"{""status"": ""ok""}"
control,threshold_survival,0.7,8,affinity_rank_group,primary,6,0.027415484312109675,0.0,0.0,0.10605757067834162,"{""status"": ""ok""}"
control,threshold_survival,0.7,8,affinity_rank_group,primary,8,0.03181727120350249,0.0,0.0,0.10605757067834162,"{""status"": ""ok""}"
control,threshold_survival,0.7,8,affinity_rank_group,primary,12,0.03802124137994384,0.0,0.0,0.10605757067834162,"{""status"": ""ok""}"
control,threshold_survival,0.7,8,affinity_rank_group,primary,16,0.04242302827133665,0.0,0.0,0.10605757067834162,"{""status"": ""ok""}"
control,threshold_survival,0.7,8,affinity_rank_group,primary,24,0.04862699844777799,0.0,0.0,0.10605757067834162,"{""status"": ""ok""}"
control,threshold_survival,0.7,8,affinity_rank_group,primary,32,0.05302878533917081,0.0,0.0,0.10605757067834162,"{""status"": ""ok""}"
control,threshold_survival,0.7,8,affinity_rank_group,primary,48,0.059232755515612155,0.0,0.0,0.10605757067834162,"{""status"": ""ok""}"
control,threshold_survival,0.7,8,affinity_rank_group,primary,64,0.06363454240700497,0.0,0.0,0.10605757067834162,"{""status"": ""ok""}"
control,threshold_survival,0.7,8,affinity_rank_group,primary,96,0.06983851258344632,0.0,0.0,0.10605757067834162,"{""status"": ""ok""}"
control,threshold_survival,0.7,8,affinity_rank_group,primary,128,0.07424029947483914,0.0,0.0,0.10605757067834162,"{""status"": ""ok""}"
control,threshold_survival,0.7,8,prefix_group,primary,1,0.021211514135668325,0.0,0.0,0.10605757067834162,"{""status"": ""ok""}"
control,threshold_survival,0.7,8,prefix_group,primary,2,0.021211514135668325,0.0,0.0,0.10605757067834162,"{""status"": ""ok""}"
control,threshold_survival,0.7,8,prefix_group,primary,3,0.021211514135668325,0.0,0.0,0.10605757067834162,"{""status"": ""ok""}"
control,threshold_survival,0.7,8,prefix_group,primary,4,0.021211514135668325,0.0,0.0,0.10605757067834162,"{""status"": ""ok""}"
control,threshold_survival,0.7,8,prefix_group,primary,6,0.04242302827133665,0.0,0.0,0.10605757067834162,"{""status"": ""ok""}"
control,threshold_survival,0.7,8,prefix_group,primary,8,0.04242302827133665,0.0,0.0,0.10605757067834162,"{""status"": ""ok""}"
control,threshold_survival,0.7,8,prefix_group,primary,12,0.04242302827133665,0.0,0.0,0.10605757067834162,"{""status"": ""ok""}"
control,threshold_survival,0.7,8,prefix_group,primary,16,0.04242302827133665,0.0,0.0,0.10605757067834162,"{""status"": ""ok""}"
control,threshold_survival,0.7,8,prefix_group,primary,24,0.06363454240700497,0.0,0.0,0.10605757067834162,"{""status"": ""ok""}"
control,threshold_survival,0.7,8,prefix_group,primary,32,0.06363454240700497,0.0,0.0,0.10605757067834162,"{""status"": ""ok""}"
control,threshold_survival,0.7,8,prefix_group,primary,48,0.06363454240700497,0.0,0.0,0.10605757067834162,"{""status"": ""ok""}"
control,threshold_survival,0.7,8,prefix_group,primary,64,0.06363454240700497,0.0,0.0,0.10605757067834162,"{""status"": ""ok""}"
control,threshold_survival,0.7,8,prefix_group,primary,96,0.0848460565426733,0.0,0.0,0.10605757067834162,"{""status"": ""ok""}"
control,threshold_survival,0.7,8,prefix_group,primary,128,0.0848460565426733,0.0,0.0,0.10605757067834162,"{""status"": ""ok""}"
control,threshold_survival,0.7,8,kmeans_profile,diagnostic_function_preserving,1,0.0,0.0,0.0,0.10605757067834162,"{""diversity"": 0.0, ""k_used"": 1, ""status"": ""disabled_low_diversity""}"
control,threshold_survival,0.7,8,kmeans_profile,diagnostic_function_preserving,2,0.0,0.0,0.0,0.10605757067834162,"{""diversity"": 0.0, ""k_used"": 1, ""status"": ""disabled_low_diversity""}"
control,threshold_survival,0.7,8,kmeans_profile,diagnostic_function_preserving,3,0.0,0.0,0.0,0.10605757067834162,"{""diversity"": 0.0, ""k_used"": 1, ""status"": ""disabled_low_diversity""}"
control,threshold_survival,0.7,8,kmeans_profile,diagnostic_function_preserving,4,0.0,0.0,0.0,0.10605757067834162,"{""diversity"": 0.0, ""k_used"": 1, ""status"": ""disabled_low_diversity""}"
control,threshold_survival,0.7,8,kmeans_profile,diagnostic_function_preserving,6,0.0,0.0,0.0,0.10605757067834162,"{""diversity"": 0.0, ""k_used"": 1, ""status"": ""disabled_low_diversity""}"
control,threshold_survival,0.7,8,kmeans_profile,diagnostic_function_preserving,8,0.0,0.0,0.0,0.10605757067834162,"{""diversity"": 0.0, ""k_used"": 1, ""status"": ""disabled_low_diversity""}"
control,threshold_survival,0.7,8,kmeans_profile,diagnostic_function_preserving,12,0.0,0.0,0.0,0.10605757067834162,"{""diversity"": 0.0, ""k_used"": 1, ""status"": ""disabled_low_diversity""}"
control,threshold_survival,0.7,8,kmeans_profile,diagnostic_function_preserving,16,0.0,0.0,0.0,0.10605757067834162,"{""diversity"": 0.0, ""k_used"": 1, ""status"": ""disabled_low_diversity""}"
control,threshold_survival,0.7,8,kmeans_profile,diagnostic_function_preserving,24,0.0,0.0,0.0,0.10605757067834162,"{""diversity"": 0.0, ""k_used"": 1, ""status"": ""disabled_low_diversity""}"
control,threshold_survival,0.7,8,kmeans_profile,diagnostic_function_preserving,32,0.0,0.0,0.0,0.10605757067834162,"{""diversity"": 0.0, ""k_used"": 1, ""status"": ""disabled_low_diversity""}"
control,threshold_survival,0.7,8,kmeans_profile,diagnostic_function_preserving,48,0.0,0.0,0.0,0.10605757067834162,"{""diversity"": 0.0, ""k_used"": 1, ""status"": ""disabled_low_diversity""}"
control,threshold_survival,0.7,8,kmeans_profile,diagnostic_function_preserving,64,0.0,0.0,0.0,0.10605757067834162,"{""diversity"": 0.0, ""k_used"": 1, ""status"": ""disabled_low_diversity""}"
control,threshold_survival,0.7,8,kmeans_profile,diagnostic_function_preserving,96,0.0,0.0,0.0,0.10605757067834162,"{""diversity"": 0.0, ""k_used"": 1, ""status"": ""disabled_low_diversity""}"
control,threshold_survival,0.7,8,kmeans_profile,diagnostic_function_preserving,128,0.0,0.0,0.0,0.10605757067834162,"{""diversity"": 0.0, ""k_used"": 1, ""status"": ""disabled_low_diversity""}"
control,threshold_survival,0.7,9,balanced_random_group,primary,1,0.0,0.0,0.0,0.09070106141590568,"{""status"": ""ok""}"
control,threshold_survival,0.7,9,balanced_random_group,primary,2,0.009070106141590569,0.0,0.0,0.09070106141590568,"{""status"": ""ok""}"
control,threshold_survival,0.7,9,balanced_random_group,primary,3,0.014375778111981702,0.0,0.0,0.09070106141590568,"{""status"": ""ok""}"
control,threshold_survival,0.7,9,balanced_random_group,primary,4,0.018140212283181138,0.0,0.0,0.09070106141590568,"{""status"": ""ok""}"
control,threshold_survival,0.7,9,balanced_random_group,primary,6,0.023445884253572274,0.0,0.0,0.09070106141590568,"{""status"": ""ok""}"
control,threshold_survival,0.7,9,balanced_random_group,primary,8,0.027210318424771705,0.0,0.0,0.09070106141590568,"{""status"": ""ok""}"
control,threshold_survival,0.7,9,balanced_random_group,primary,12,0.03251599039516284,0.0,0.0,0.09070106141590568,"{""status"": ""ok""}"
control,threshold_survival,0.7,9,balanced_random_group,primary,16,0.036280424566362275,0.0,0.0,0.09070106141590568,"{""status"": ""ok""}"
control,threshold_survival,0.7,9,balanced_random_group,primary,24,0.04158609653675341,0.0,0.0,0.09070106141590568,"{""status"": ""ok""}"
control,threshold_survival,0.7,9,balanced_random_group,primary,32,0.04535053070795284,0.0,0.0,0.09070106141590568,"{""status"": ""ok""}"
control,threshold_survival,0.7,9,balanced_random_group,primary,48,0.050656202678343976,0.0,0.0,0.09070106141590568,"{""status"": ""ok""}"
control,threshold_survival,0.7,9,balanced_random_group,primary,64,0.05442063684954341,0.0,0.0,0.09070106141590568,"{""status"": ""ok""}"
control,threshold_survival,0.7,9,balanced_random_group,primary,96,0.05972630881993455,0.0,0.0,0.09070106141590568,"{""status"": ""ok""}"
control,threshold_survival,0.7,9,balanced_random_group,primary,128,0.06349074299113397,0.0,0.0,0.09070106141590568,"{""status"": ""ok""}"
control,threshold_survival,0.7,9,affinity_rank_group,primary,1,0.0,0.0,0.0,0.09070106141590568,"{""status"": ""ok""}"
control,threshold_survival,0.7,9,affinity_rank_group,primary,2,0.009070106141590569,0.0,0.0,0.09070106141590568,"{""status"": ""ok""}"
control,threshold_survival,0.7,9,affinity_rank_group,primary,3,0.014375778111981702,0.0,0.0,0.09070106141590568,"{""status"": ""ok""}"
control,threshold_survival,0.7,9,affinity_rank_group,primary,4,0.018140212283181138,0.0,0.0,0.09070106141590568,"{""status"": ""ok""}"
control,threshold_survival,0.7,9,affinity_rank_group,primary,6,0.023445884253572274,0.0,0.0,0.09070106141590568,"{""status"": ""ok""}"
control,threshold_survival,0.7,9,affinity_rank_group,primary,8,0.027210318424771705,0.0,0.0,0.09070106141590568,"{""status"": ""ok""}"
control,threshold_survival,0.7,9,affinity_rank_group,primary,12,0.03251599039516284,0.0,0.0,0.09070106141590568,"{""status"": ""ok""}"
control,threshold_survival,0.7,9,affinity_rank_group,primary,16,0.036280424566362275,0.0,0.0,0.09070106141590568,"{""status"": ""ok""}"
control,threshold_survival,0.7,9,affinity_rank_group,primary,24,0.04158609653675341,0.0,0.0,0.09070106141590568,"{""status"": ""ok""}"
control,threshold_survival,0.7,9,affinity_rank_group,primary,32,0.04535053070795284,0.0,0.0,0.09070106141590568,"{""status"": ""ok""}"
control,threshold_survival,0.7,9,affinity_rank_group,primary,48,0.050656202678343976,0.0,0.0,0.09070106141590568,"{""status"": ""ok""}"
control,threshold_survival,0.7,9,affinity_rank_group,primary,64,0.05442063684954341,0.0,0.0,0.09070106141590568,"{""status"": ""ok""}"
control,threshold_survival,0.7,9,affinity_rank_group,primary,96,0.05972630881993455,0.0,0.0,0.09070106141590568,"{""status"": ""ok""}"
control,threshold_survival,0.7,9,affinity_rank_group,primary,128,0.06349074299113397,0.0,0.0,0.09070106141590568,"{""status"": ""ok""}"
control,threshold_survival,0.7,9,prefix_group,primary,1,0.018140212283181138,0.0,0.0,0.09070106141590568,"{""status"": ""ok""}"
control,threshold_survival,0.7,9,prefix_group,primary,2,0.018140212283181138,0.0,0.0,0.09070106141590568,"{""status"": ""ok""}"
control,threshold_survival,0.7,9,prefix_group,primary,3,0.018140212283181138,0.0,0.0,0.09070106141590568,"{""status"": ""ok""}"
control,threshold_survival,0.7,9,prefix_group,primary,4,0.018140212283181138,0.0,0.0,0.09070106141590568,"{""status"": ""ok""}"
control,threshold_survival,0.7,9,prefix_group,primary,6,0.036280424566362275,0.0,0.0,0.09070106141590568,"{""status"": ""ok""}"
control,threshold_survival,0.7,9,prefix_group,primary,8,0.036280424566362275,0.0,0.0,0.09070106141590568,"{""status"": ""ok""}"
control,threshold_survival,0.7,9,prefix_group,primary,12,0.036280424566362275,0.0,0.0,0.09070106141590568,"{""status"": ""ok""}"
control,threshold_survival,0.7,9,prefix_group,primary,16,0.036280424566362275,0.0,0.0,0.09070106141590568,"{""status"": ""ok""}"
control,threshold_survival,0.7,9,prefix_group,primary,24,0.05442063684954341,0.0,0.0,0.09070106141590568,"{""status"": ""ok""}"
control,threshold_survival,0.7,9,prefix_group,primary,32,0.05442063684954341,0.0,0.0,0.09070106141590568,"{""status"": ""ok""}"
control,threshold_survival,0.7,9,prefix_group,primary,48,0.05442063684954341,0.0,0.0,0.09070106141590568,"{""status"": ""ok""}"
control,threshold_survival,0.7,9,prefix_group,primary,64,0.05442063684954341,0.0,0.0,0.09070106141590568,"{""status"": ""ok""}"
control,threshold_survival,0.7,9,prefix_group,primary,96,0.07256084913272455,0.0,0.0,0.09070106141590568,"{""status"": ""ok""}"
control,threshold_survival,0.7,9,prefix_group,primary,128,0.07256084913272455,0.0,0.0,0.09070106141590568,"{""status"": ""ok""}"
control,threshold_survival,0.7,9,kmeans_profile,diagnostic_function_preserving,1,0.0,0.0,0.0,0.09070106141590568,"{""diversity"": 0.0, ""k_used"": 1, ""status"": ""disabled_low_diversity""}"
control,threshold_survival,0.7,9,kmeans_profile,diagnostic_function_preserving,2,0.0,0.0,0.0,0.09070106141590568,"{""diversity"": 0.0, ""k_used"": 1, ""status"": ""disabled_low_diversity""}"
control,threshold_survival,0.7,9,kmeans_profile,diagnostic_function_preserving,3,0.0,0.0,0.0,0.09070106141590568,"{""diversity"": 0.0, ""k_used"": 1, ""status"": ""disabled_low_diversity""}"
control,threshold_survival,0.7,9,kmeans_profile,diagnostic_function_preserving,4,0.0,0.0,0.0,0.09070106141590568,"{""diversity"": 0.0, ""k_used"": 1, ""status"": ""disabled_low_diversity""}"
control,threshold_survival,0.7,9,kmeans_profile,diagnostic_function_preserving,6,0.0,0.0,0.0,0.09070106141590568,"{""diversity"": 0.0, ""k_used"": 1, ""status"": ""disabled_low_diversity""}"
control,threshold_survival,0.7,9,kmeans_profile,diagnostic_function_preserving,8,0.0,0.0,0.0,0.09070106141590568,"{""diversity"": 0.0, ""k_used"": 1, ""status"": ""disabled_low_diversity""}"
control,threshold_survival,0.7,9,kmeans_profile,diagnostic_function_preserving,12,0.0,0.0,0.0,0.09070106141590568,"{""diversity"": 0.0, ""k_used"": 1, ""status"": ""disabled_low_diversity""}"
control,threshold_survival,0.7,9,kmeans_profile,diagnostic_function_preserving,16,0.0,0.0,0.0,0.09070106141590568,"{""diversity"": 0.0, ""k_used"": 1, ""status"": ""disabled_low_diversity""}"
control,threshold_survival,0.7,9,kmeans_profile,diagnostic_function_preserving,24,0.0,0.0,0.0,0.09070106141590568,"{""diversity"": 0.0, ""k_used"": 1, ""status"": ""disabled_low_diversity""}"
control,threshold_survival,0.7,9,kmeans_profile,diagnostic_function_preserving,32,0.0,0.0,0.0,0.09070106141590568,"{""diversity"": 0.0, ""k_used"": 1, ""status"": ""disabled_low_diversity""}"
control,threshold_survival,0.7,9,kmeans_profile,diagnostic_function_preserving,48,0.0,0.0,0.0,0.09070106141590568,"{""diversity"": 0.0, ""k_used"": 1, ""status"": ""disabled_low_diversity""}"
control,threshold_survival,0.7,9,kmeans_profile,diagnostic_function_preserving,64,0.0,0.0,0.0,0.09070106141590568,"{""diversity"": 0.0, ""k_used"": 1, ""status"": ""disabled_low_diversity""}"
control,threshold_survival,0.7,9,kmeans_profile,diagnostic_function_preserving,96,0.0,0.0,0.0,0.09070106141590568,"{""diversity"": 0.0, ""k_used"": 1, ""status"": ""disabled_low_diversity""}"
control,threshold_survival,0.7,9,kmeans_profile,diagnostic_function_preserving,128,0.0,0.0,0.0,0.09070106141590568,"{""diversity"": 0.0, ""k_used"": 1, ""status"": ""disabled_low_diversity""}"
control,threshold_survival,0.7,10,balanced_random_group,primary,1,0.0,0.0,0.0,0.0902851207436074,"{""status"": ""ok""}"
control,threshold_survival,0.7,10,balanced_random_group,primary,2,0.00902851207436074,0.0,0.0,0.0902851207436074,"{""status"": ""ok""}"
control,threshold_survival,0.7,10,balanced_random_group,primary,3,0.01430985307516995,0.0,0.0,0.0902851207436074,"{""status"": ""ok""}"
control,threshold_survival,0.7,10,balanced_random_group,primary,4,0.01805702414872148,0.0,0.0,0.0902851207436074,"{""status"": ""ok""}"
control,threshold_survival,0.7,10,balanced_random_group,primary,6,0.02333836514953069,0.0,0.0,0.0902851207436074,"{""status"": ""ok""}"
control,threshold_survival,0.7,10,balanced_random_group,primary,8,0.027085536223082216,0.0,0.0,0.0902851207436074,"{""status"": ""ok""}"
control,threshold_survival,0.7,10,balanced_random_group,primary,12,0.03236687722389143,0.0,0.0,0.0902851207436074,"{""status"": ""ok""}"
control,threshold_survival,0.7,10,balanced_random_group,primary,16,0.03611404829744296,0.0,0.0,0.0902851207436074,"{""status"": ""ok""}"
control,threshold_survival,0.7,10,balanced_random_group,primary,24,0.041395389298252164,0.0,0.0,0.0902851207436074,"{""status"": ""ok""}"
control,threshold_survival,0.7,10,balanced_random_group,primary,32,0.0451425603718037,0.0,0.0,0.0902851207436074,"{""status"": ""ok""}"
control,threshold_survival,0.7,10,balanced_random_group,primary,48,0.050423901372612906,0.0,0.0,0.0902851207436074,"{""status"": ""ok""}"
control,threshold_survival,0.7,10,balanced_random_group,primary,64,0.05417107244616443,0.0,0.0,0.0902851207436074,"{""status"": ""ok""}"
control,threshold_survival,0.7,10,balanced_random_group,primary,96,0.05945241344697365,0.0,0.0,0.0902851207436074,"{""status"": ""ok""}"
control,threshold_survival,0.7,10,balanced_random_group,primary,128,0.06319958452052517,0.0,0.0,0.0902851207436074,"{""status"": ""ok""}"
control,threshold_survival,0.7,10,affinity_rank_group,primary,1,0.0,0.0,0.0,0.0902851207436074,"{""status"": ""ok""}"
control,threshold_survival,0.7,10,affinity_rank_group,primary,2,0.00902851207436074,0.0,0.0,0.0902851207436074,"{""status"": ""ok""}"
control,threshold_survival,0.7,10,affinity_rank_group,primary,3,0.01430985307516995,0.0,0.0,0.0902851207436074,"{""status"": ""ok""}"
control,threshold_survival,0.7,10,affinity_rank_group,primary,4,0.01805702414872148,0.0,0.0,0.0902851207436074,"{""status"": ""ok""}"
control,threshold_survival,0.7,10,affinity_rank_group,primary,6,0.02333836514953069,0.0,0.0,0.0902851207436074,"{""status"": ""ok""}"
control,threshold_survival,0.7,10,affinity_rank_group,primary,8,0.027085536223082216,0.0,0.0,0.0902851207436074,"{""status"": ""ok""}"
control,threshold_survival,0.7,10,affinity_rank_group,primary,12,0.03236687722389143,0.0,0.0,0.0902851207436074,"{""status"": ""ok""}"
control,threshold_survival,0.7,10,affinity_rank_group,primary,16,0.03611404829744296,0.0,0.0,0.0902851207436074,"{""status"": ""ok""}"
control,threshold_survival,0.7,10,affinity_rank_group,primary,24,0.041395389298252164,0.0,0.0,0.0902851207436074,"{""status"": ""ok""}"
control,threshold_survival,0.7,10,affinity_rank_group,primary,32,0.0451425603718037,0.0,0.0,0.0902851207436074,"{""status"": ""ok""}"
control,threshold_survival,0.7,10,affinity_rank_group,primary,48,0.050423901372612906,0.0,0.0,0.0902851207436074,"{""status"": ""ok""}"
control,threshold_survival,0.7,10,affinity_rank_group,primary,64,0.05417107244616443,0.0,0.0,0.0902851207436074,"{""status"": ""ok""}"
control,threshold_survival,0.7,10,affinity_rank_group,primary,96,0.05945241344697365,0.0,0.0,0.0902851207436074,"{""status"": ""ok""}"
control,threshold_survival,0.7,10,affinity_rank_group,primary,128,0.06319958452052517,0.0,0.0,0.0902851207436074,"{""status"": ""ok""}"
control,threshold_survival,0.7,10,prefix_group,primary,1,0.01805702414872148,0.0,0.0,0.0902851207436074,"{""status"": ""ok""}"
control,threshold_survival,0.7,10,prefix_group,primary,2,0.01805702414872148,0.0,0.0,0.0902851207436074,"{""status"": ""ok""}"
control,threshold_survival,0.7,10,prefix_group,primary,3,0.01805702414872148,0.0,0.0,0.0902851207436074,"{""status"": ""ok""}"
control,threshold_survival,0.7,10,prefix_group,primary,4,0.01805702414872148,0.0,0.0,0.0902851207436074,"{""status"": ""ok""}"
control,threshold_survival,0.7,10,prefix_group,primary,6,0.03611404829744296,0.0,0.0,0.0902851207436074,"{""status"": ""ok""}"
control,threshold_survival,0.7,10,prefix_group,primary,8,0.03611404829744296,0.0,0.0,0.0902851207436074,"{""status"": ""ok""}"
control,threshold_survival,0.7,10,prefix_group,primary,12,0.03611404829744296,0.0,0.0,0.0902851207436074,"{""status"": ""ok""}"
control,threshold_survival,0.7,10,prefix_group,primary,16,0.03611404829744296,0.0,0.0,0.0902851207436074,"{""status"": ""ok""}"
control,threshold_survival,0.7,10,prefix_group,primary,24,0.05417107244616443,0.0,0.0,0.0902851207436074,"{""status"": ""ok""}"
control,threshold_survival,0.7,10,prefix_group,primary,32,0.05417107244616443,0.0,0.0,0.0902851207436074,"{""status"": ""ok""}"
control,threshold_survival,0.7,10,prefix_group,primary,48,0.05417107244616443,0.0,0.0,0.0902851207436074,"{""status"": ""ok""}"
control,threshold_survival,0.7,10,prefix_group,primary,64,0.05417107244616443,0.0,0.0,0.0902851207436074,"{""status"": ""ok""}"
control,threshold_survival,0.7,10,prefix_group,primary,96,0.07222809659488592,0.0,0.0,0.0902851207436074,"{""status"": ""ok""}"
control,threshold_survival,0.7,10,prefix_group,primary,128,0.07222809659488592,0.0,0.0,0.0902851207436074,"{""status"": ""ok""}"
control,threshold_survival,0.7,10,kmeans_profile,diagnostic_function_preserving,1,0.0,0.0,0.0,0.0902851207436074,"{""diversity"": 0.0, ""k_used"": 1, ""status"": ""disabled_low_diversity""}"
control,threshold_survival,0.7,10,kmeans_profile,diagnostic_function_preserving,2,0.0,0.0,0.0,0.0902851207436074,"{""diversity"": 0.0, ""k_used"": 1, ""status"": ""disabled_low_diversity""}"
control,threshold_survival,0.7,10,kmeans_profile,diagnostic_function_preserving,3,0.0,0.0,0.0,0.0902851207436074,"{""diversity"": 0.0, ""k_used"": 1, ""status"": ""disabled_low_diversity""}"
control,threshold_survival,0.7,10,kmeans_profile,diagnostic_function_preserving,4,0.0,0.0,0.0,0.0902851207436074,"{""diversity"": 0.0, ""k_used"": 1, ""status"": ""disabled_low_diversity""}"
control,threshold_survival,0.7,10,kmeans_profile,diagnostic_function_preserving,6,0.0,0.0,0.0,0.0902851207436074,"{""diversity"": 0.0, ""k_used"": 1, ""status"": ""disabled_low_diversity""}"
control,threshold_survival,0.7,10,kmeans_profile,diagnostic_function_preserving,8,0.0,0.0,0.0,0.0902851207436074,"{""diversity"": 0.0, ""k_used"": 1, ""status"": ""disabled_low_diversity""}"
control,threshold_survival,0.7,10,kmeans_profile,diagnostic_function_preserving,12,0.0,0.0,0.0,0.0902851207436074,"{""diversity"": 0.0, ""k_used"": 1, ""status"": ""disabled_low_diversity""}"
control,threshold_survival,0.7,10,kmeans_profile,diagnostic_function_preserving,16,0.0,0.0,0.0,0.0902851207436074,"{""diversity"": 0.0, ""k_used"": 1, ""status"": ""disabled_low_diversity""}"
control,threshold_survival,0.7,10,kmeans_profile,diagnostic_function_preserving,24,0.0,0.0,0.0,0.0902851207436074,"{""diversity"": 0.0, ""k_used"": 1, ""status"": ""disabled_low_diversity""}"
control,threshold_survival,0.7,10,kmeans_profile,diagnostic_function_preserving,32,0.0,0.0,0.0,0.0902851207436074,"{""diversity"": 0.0, ""k_used"": 1, ""status"": ""disabled_low_diversity""}"
control,threshold_survival,0.7,10,kmeans_profile,diagnostic_function_preserving,48,0.0,0.0,0.0,0.0902851207436074,"{""diversity"": 0.0, ""k_used"": 1, ""status"": ""disabled_low_diversity""}"
control,threshold_survival,0.7,10,kmeans_profile,diagnostic_function_preserving,64,0.0,0.0,0.0,0.0902851207436074,"{""diversity"": 0.0, ""k_used"": 1, ""status"": ""disabled_low_diversity""}"
control,threshold_survival,0.7,10,kmeans_profile,diagnostic_function_preserving,96,0.0,0.0,0.0,0.0902851207436074,"{""diversity"": 0.0, ""k_used"": 1, ""status"": ""disabled_low_diversity""}"
control,threshold_survival,0.7,10,kmeans_profile,diagnostic_function_preserving,128,0.0,0.0,0.0,0.0902851207436074,"{""diversity"": 0.0, ""k_used"": 1, ""status"": ""disabled_low_diversity""}"
control,threshold_survival,0.7,11,balanced_random_group,primary,1,0.0,0.0,0.0,0.10273882150751537,"{""status"": ""ok""}"
control,threshold_survival,0.7,11,balanced_random_group,primary,2,0.010273882150751538,0.0,0.0,0.10273882150751537,"{""status"": ""ok""}"
control,threshold_survival,0.7,11,balanced_random_group,primary,3,0.016283717945769605,0.0,0.0,0.10273882150751537,"{""status"": ""ok""}"
control,threshold_survival,0.7,11,balanced_random_group,primary,4,0.020547764301503076,0.0,0.0,0.10273882150751537,"{""status"": ""ok""}"
control,threshold_survival,0.7,11,balanced_random_group,primary,6,0.026557600096521146,0.0,0.0,0.10273882150751537,"{""status"": ""ok""}"
control,threshold_survival,0.7,11,balanced_random_group,primary,8,0.03082164645225461,0.0,0.0,0.10273882150751537,"{""status"": ""ok""}"
control,threshold_survival,0.7,11,balanced_random_group,primary,12,0.03683148224727268,0.0,0.0,0.10273882150751537,"{""status"": ""ok""}"
control,threshold_survival,0.7,11,balanced_random_group,primary,16,0.04109552860300615,0.0,0.0,0.10273882150751537,"{""status"": ""ok""}"
control,threshold_survival,0.7,11,balanced_random_group,primary,24,0.047105364398024215,0.0,0.0,0.10273882150751537,"{""status"": ""ok""}"
control,threshold_survival,0.7,11,balanced_random_group,primary,32,0.051369410753757686,0.0,0.0,0.10273882150751537,"{""status"": ""ok""}"
control,threshold_survival,0.7,11,balanced_random_group,primary,48,0.05737924654877575,0.0,0.0,0.10273882150751537,"{""status"": ""ok""}"
control,threshold_survival,0.7,11,balanced_random_group,primary,64,0.06164329290450922,0.0,0.0,0.10273882150751537,"{""status"": ""ok""}"
control,threshold_survival,0.7,11,balanced_random_group,primary,96,0.06765312869952729,0.0,0.0,0.10273882150751537,"{""status"": ""ok""}"
control,threshold_survival,0.7,11,balanced_random_group,primary,128,0.07191717505526075,0.0,0.0,0.10273882150751537,"{""status"": ""ok""}"
control,threshold_survival,0.7,11,affinity_rank_group,primary,1,0.0,0.0,0.0,0.10273882150751537,"{""status"": ""ok""}"
control,threshold_survival,0.7,11,affinity_rank_group,primary,2,0.010273882150751538,0.0,0.0,0.10273882150751537,"{""status"": ""ok""}"
control,threshold_survival,0.7,11,affinity_rank_group,primary,3,0.016283717945769605,0.0,0.0,0.10273882150751537,"{""status"": ""ok""}"
control,threshold_survival,0.7,11,affinity_rank_group,primary,4,0.020547764301503076,0.0,0.0,0.10273882150751537,"{""status"": ""ok""}"
control,threshold_survival,0.7,11,affinity_rank_group,primary,6,0.026557600096521146,0.0,0.0,0.10273882150751537,"{""status"": ""ok""}"
control,threshold_survival,0.7,11,affinity_rank_group,primary,8,0.03082164645225461,0.0,0.0,0.10273882150751537,"{""status"": ""ok""}"
control,threshold_survival,0.7,11,affinity_rank_group,primary,12,0.03683148224727268,0.0,0.0,0.10273882150751537,"{""status"": ""ok""}"
control,threshold_survival,0.7,11,affinity_rank_group,primary,16,0.04109552860300615,0.0,0.0,0.10273882150751537,"{""status"": ""ok""}"
control,threshold_survival,0.7,11,affinity_rank_group,primary,24,0.047105364398024215,0.0,0.0,0.10273882150751537,"{""status"": ""ok""}"
control,threshold_survival,0.7,11,affinity_rank_group,primary,32,0.051369410753757686,0.0,0.0,0.10273882150751537,"{""status"": ""ok""}"
control,threshold_survival,0.7,11,affinity_rank_group,primary,48,0.05737924654877575,0.0,0.0,0.10273882150751537,"{""status"": ""ok""}"
control,threshold_survival,0.7,11,affinity_rank_group,primary,64,0.06164329290450922,0.0,0.0,0.10273882150751537,"{""status"": ""ok""}"
control,threshold_survival,0.7,11,affinity_rank_group,primary,96,0.06765312869952729,0.0,0.0,0.10273882150751537,"{""status"": ""ok""}"
control,threshold_survival,0.7,11,affinity_rank_group,primary,128,0.07191717505526075,0.0,0.0,0.10273882150751537,"{""status"": ""ok""}"
control,threshold_survival,0.7,11,prefix_group,primary,1,0.020547764301503076,0.0,0.0,0.10273882150751537,"{""status"": ""ok""}"
control,threshold_survival,0.7,11,prefix_group,primary,2,0.020547764301503076,0.0,0.0,0.10273882150751537,"{""status"": ""ok""}"
control,threshold_survival,0.7,11,prefix_group,primary,3,0.020547764301503076,0.0,0.0,0.10273882150751537,"{""status"": ""ok""}"
control,threshold_survival,0.7,11,prefix_group,primary,4,0.020547764301503076,0.0,0.0,0.10273882150751537,"{""status"": ""ok""}"
control,threshold_survival,0.7,11,prefix_group,primary,6,0.04109552860300615,0.0,0.0,0.10273882150751537,"{""status"": ""ok""}"
control,threshold_survival,0.7,11,prefix_group,primary,8,0.04109552860300615,0.0,0.0,0.10273882150751537,"{""status"": ""ok""}"
control,threshold_survival,0.7,11,prefix_group,primary,12,0.04109552860300615,0.0,0.0,0.10273882150751537,"{""status"": ""ok""}"
control,threshold_survival,0.7,11,prefix_group,primary,16,0.04109552860300615,0.0,0.0,0.10273882150751537,"{""status"": ""ok""}"
control,threshold_survival,0.7,11,prefix_group,primary,24,0.06164329290450922,0.0,0.0,0.10273882150751537,"{""status"": ""ok""}"
control,threshold_survival,0.7,11,prefix_group,primary,32,0.06164329290450922,0.0,0.0,0.10273882150751537,"{""status"": ""ok""}"
control,threshold_survival,0.7,11,prefix_group,primary,48,0.06164329290450922,0.0,0.0,0.10273882150751537,"{""status"": ""ok""}"
control,threshold_survival,0.7,11,prefix_group,primary,64,0.06164329290450922,0.0,0.0,0.10273882150751537,"{""status"": ""ok""}"
control,threshold_survival,0.7,11,prefix_group,primary,96,0.0821910572060123,0.0,0.0,0.10273882150751537,"{""status"": ""ok""}"
control,threshold_survival,0.7,11,prefix_group,primary,128,0.0821910572060123,0.0,0.0,0.10273882150751537,"{""status"": ""ok""}"
control,threshold_survival,0.7,11,kmeans_profile,diagnostic_function_preserving,1,0.0,0.0,0.0,0.10273882150751537,"{""diversity"": 0.0, ""k_used"": 1, ""status"": ""disabled_low_diversity""}"
control,threshold_survival,0.7,11,kmeans_profile,diagnostic_function_preserving,2,0.0,0.0,0.0,0.10273882150751537,"{""diversity"": 0.0, ""k_used"": 1, ""status"": ""disabled_low_diversity""}"
control,threshold_survival,0.7,11,kmeans_profile,diagnostic_function_preserving,3,0.0,0.0,0.0,0.10273882150751537,"{""diversity"": 0.0, ""k_used"": 1, ""status"": ""disabled_low_diversity""}"
control,threshold_survival,0.7,11,kmeans_profile,diagnostic_function_preserving,4,0.0,0.0,0.0,0.10273882150751537,"{""diversity"": 0.0, ""k_used"": 1, ""status"": ""disabled_low_diversity""}"
control,threshold_survival,0.7,11,kmeans_profile,diagnostic_function_preserving,6,0.0,0.0,0.0,0.10273882150751537,"{""diversity"": 0.0, ""k_used"": 1, ""status"": ""disabled_low_diversity""}"
control,threshold_survival,0.7,11,kmeans_profile,diagnostic_function_preserving,8,0.0,0.0,0.0,0.10273882150751537,"{""diversity"": 0.0, ""k_used"": 1, ""status"": ""disabled_low_diversity""}"
control,threshold_survival,0.7,11,kmeans_profile,diagnostic_function_preserving,12,0.0,0.0,0.0,0.10273882150751537,"{""diversity"": 0.0, ""k_used"": 1, ""status"": ""disabled_low_diversity""}"
control,threshold_survival,0.7,11,kmeans_profile,diagnostic_function_preserving,16,0.0,0.0,0.0,0.10273882150751537,"{""diversity"": 0.0, ""k_used"": 1, ""status"": ""disabled_low_diversity""}"
control,threshold_survival,0.7,11,kmeans_profile,diagnostic_function_preserving,24,0.0,0.0,0.0,0.10273882150751537,"{""diversity"": 0.0, ""k_used"": 1, ""status"": ""disabled_low_diversity""}"
control,threshold_survival,0.7,11,kmeans_profile,diagnostic_function_preserving,32,0.0,0.0,0.0,0.10273882150751537,"{""diversity"": 0.0, ""k_used"": 1, ""status"": ""disabled_low_diversity""}"
control,threshold_survival,0.7,11,kmeans_profile,diagnostic_function_preserving,48,0.0,0.0,0.0,0.10273882150751537,"{""diversity"": 0.0, ""k_used"": 1, ""status"": ""disabled_low_diversity""}"
control,threshold_survival,0.7,11,kmeans_profile,diagnostic_function_preserving,64,0.0,0.0,0.0,0.10273882150751537,"{""diversity"": 0.0, ""k_used"": 1, ""status"": ""disabled_low_diversity""}"
control,threshold_survival,0.7,11,kmeans_profile,diagnostic_function_preserving,96,0.0,0.0,0.0,0.10273882150751537,"{""diversity"": 0.0, ""k_used"": 1, ""status"": ""disabled_low_diversity""}"
control,threshold_survival,0.7,11,kmeans_profile,diagnostic_function_preserving,128,0.0,0.0,0.0,0.10273882150751537,"{""diversity"": 0.0, ""k_used"": 1, ""status"": ""disabled_low_diversity""}"
control,threshold_survival,0.8,0,balanced_random_group,primary,1,0.0,0.0,0.0,0.11968252442946675,"{""status"": ""ok""}"
control,threshold_survival,0.8,0,balanced_random_group,primary,2,0.011968252442946676,0.0,0.0,0.11968252442946675,"{""status"": ""ok""}"
control,threshold_survival,0.8,0,balanced_random_group,primary,3,0.018969231321234847,0.0,0.0,0.11968252442946675,"{""status"": ""ok""}"
control,threshold_survival,0.8,0,balanced_random_group,primary,4,0.023936504885893353,0.0,0.0,0.11968252442946675,"{""status"": ""ok""}"
control,threshold_survival,0.8,0,balanced_random_group,primary,6,0.030937483764181525,0.0,0.0,0.11968252442946675,"{""status"": ""ok""}"
control,threshold_survival,0.8,0,balanced_random_group,primary,8,0.03590475732884003,0.0,0.0,0.11968252442946675,"{""status"": ""ok""}"
control,threshold_survival,0.8,0,balanced_random_group,primary,12,0.042905736207128196,0.0,0.0,0.11968252442946675,"{""status"": ""ok""}"
control,threshold_survival,0.8,0,balanced_random_group,primary,16,0.047873009771786705,0.0,0.0,0.11968252442946675,"{""status"": ""ok""}"
control,threshold_survival,0.8,0,balanced_random_group,primary,24,0.05487398865007487,0.0,0.0,0.11968252442946675,"{""status"": ""ok""}"
control,threshold_survival,0.8,0,balanced_random_group,primary,32,0.059841262214733376,0.0,0.0,0.11968252442946675,"{""status"": ""ok""}"
control,threshold_survival,0.8,0,balanced_random_group,primary,48,0.06684224109302155,0.0,0.0,0.11968252442946675,"{""status"": ""ok""}"
control,threshold_survival,0.8,0,balanced_random_group,primary,64,0.07180951465768005,0.0,0.0,0.11968252442946675,"{""status"": ""ok""}"
control,threshold_survival,0.8,0,balanced_random_group,primary,96,0.07881049353596822,0.0,0.0,0.11968252442946675,"{""status"": ""ok""}"
control,threshold_survival,0.8,0,balanced_random_group,primary,128,0.08377776710062672,0.0,0.0,0.11968252442946675,"{""status"": ""ok""}"
control,threshold_survival,0.8,0,affinity_rank_group,primary,1,0.0,0.0,0.0,0.11968252442946675,"{""status"": ""ok""}"
control,threshold_survival,0.8,0,affinity_rank_group,primary,2,0.011968252442946676,0.0,0.0,0.11968252442946675,"{""status"": ""ok""}"
control,threshold_survival,0.8,0,affinity_rank_group,primary,3,0.018969231321234847,0.0,0.0,0.11968252442946675,"{""status"": ""ok""}"
control,threshold_survival,0.8,0,affinity_rank_group,primary,4,0.023936504885893353,0.0,0.0,0.11968252442946675,"{""status"": ""ok""}"
control,threshold_survival,0.8,0,affinity_rank_group,primary,6,0.030937483764181525,0.0,0.0,0.11968252442946675,"{""status"": ""ok""}"
control,threshold_survival,0.8,0,affinity_rank_group,primary,8,0.03590475732884003,0.0,0.0,0.11968252442946675,"{""status"": ""ok""}"
control,threshold_survival,0.8,0,affinity_rank_group,primary,12,0.042905736207128196,0.0,0.0,0.11968252442946675,"{""status"": ""ok""}"
control,threshold_survival,0.8,0,affinity_rank_group,primary,16,0.047873009771786705,0.0,0.0,0.11968252442946675,"{""status"": ""ok""}"
control,threshold_survival,0.8,0,affinity_rank_group,primary,24,0.05487398865007487,0.0,0.0,0.11968252442946675,"{""status"": ""ok""}"
control,threshold_survival,0.8,0,affinity_rank_group,primary,32,0.059841262214733376,0.0,0.0,0.11968252442946675,"{""status"": ""ok""}"
control,threshold_survival,0.8,0,affinity_rank_group,primary,48,0.06684224109302155,0.0,0.0,0.11968252442946675,"{""status"": ""ok""}"
control,threshold_survival,0.8,0,affinity_rank_group,primary,64,0.07180951465768005,0.0,0.0,0.11968252442946675,"{""status"": ""ok""}"
control,threshold_survival,0.8,0,affinity_rank_group,primary,96,0.07881049353596822,0.0,0.0,0.11968252442946675,"{""status"": ""ok""}"
control,threshold_survival,0.8,0,affinity_rank_group,primary,128,0.08377776710062672,0.0,0.0,0.11968252442946675,"{""status"": ""ok""}"
control,threshold_survival,0.8,0,prefix_group,primary,1,0.023936504885893353,0.0,0.0,0.11968252442946675,"{""status"": ""ok""}"
control,threshold_survival,0.8,0,prefix_group,primary,2,0.023936504885893353,0.0,0.0,0.11968252442946675,"{""status"": ""ok""}"
control,threshold_survival,0.8,0,prefix_group,primary,3,0.023936504885893353,0.0,0.0,0.11968252442946675,"{""status"": ""ok""}"
control,threshold_survival,0.8,0,prefix_group,primary,4,0.023936504885893353,0.0,0.0,0.11968252442946675,"{""status"": ""ok""}"
control,threshold_survival,0.8,0,prefix_group,primary,6,0.047873009771786705,0.0,0.0,0.11968252442946675,"{""status"": ""ok""}"
control,threshold_survival,0.8,0,prefix_group,primary,8,0.047873009771786705,0.0,0.0,0.11968252442946675,"{""status"": ""ok""}"
control,threshold_survival,0.8,0,prefix_group,primary,12,0.047873009771786705,0.0,0.0,0.11968252442946675,"{""status"": ""ok""}"
control,threshold_survival,0.8,0,prefix_group,primary,16,0.047873009771786705,0.0,0.0,0.11968252442946675,"{""status"": ""ok""}"
control,threshold_survival,0.8,0,prefix_group,primary,24,0.07180951465768005,0.0,0.0,0.11968252442946675,"{""status"": ""ok""}"
control,threshold_survival,0.8,0,prefix_group,primary,32,0.07180951465768005,0.0,0.0,0.11968252442946675,"{""status"": ""ok""}"
control,threshold_survival,0.8,0,prefix_group,primary,48,0.07180951465768005,0.0,0.0,0.11968252442946675,"{""status"": ""ok""}"
control,threshold_survival,0.8,0,prefix_group,primary,64,0.07180951465768005,0.0,0.0,0.11968252442946675,"{""status"": ""ok""}"
control,threshold_survival,0.8,0,prefix_group,primary,96,0.09574601954357341,0.0,0.0,0.11968252442946675,"{""status"": ""ok""}"
control,threshold_survival,0.8,0,prefix_group,primary,128,0.09574601954357341,0.0,0.0,0.11968252442946675,"{""status"": ""ok""}"
control,threshold_survival,0.8,0,kmeans_profile,diagnostic_function_preserving,1,0.0,0.0,0.0,0.11968252442946675,"{""diversity"": 0.0, ""k_used"": 1, ""status"": ""disabled_low_diversity""}"
control,threshold_survival,0.8,0,kmeans_profile,diagnostic_function_preserving,2,0.0,0.0,0.0,0.11968252442946675,"{""diversity"": 0.0, ""k_used"": 1, ""status"": ""disabled_low_diversity""}"
control,threshold_survival,0.8,0,kmeans_profile,diagnostic_function_preserving,3,0.0,0.0,0.0,0.11968252442946675,"{""diversity"": 0.0, ""k_used"": 1, ""status"": ""disabled_low_diversity""}"
control,threshold_survival,0.8,0,kmeans_profile,diagnostic_function_preserving,4,0.0,0.0,0.0,0.11968252442946675,"{""diversity"": 0.0, ""k_used"": 1, ""status"": ""disabled_low_diversity""}"
control,threshold_survival,0.8,0,kmeans_profile,diagnostic_function_preserving,6,0.0,0.0,0.0,0.11968252442946675,"{""diversity"": 0.0, ""k_used"": 1, ""status"": ""disabled_low_diversity""}"
control,threshold_survival,0.8,0,kmeans_profile,diagnostic_function_preserving,8,0.0,0.0,0.0,0.11968252442946675,"{""diversity"": 0.0, ""k_used"": 1, ""status"": ""disabled_low_diversity""}"
control,threshold_survival,0.8,0,kmeans_profile,diagnostic_function_preserving,12,0.0,0.0,0.0,0.11968252442946675,"{""diversity"": 0.0, ""k_used"": 1, ""status"": ""disabled_low_diversity""}"
control,threshold_survival,0.8,0,kmeans_profile,diagnostic_function_preserving,16,0.0,0.0,0.0,0.11968252442946675,"{""diversity"": 0.0, ""k_used"": 1, ""status"": ""disabled_low_diversity""}"
control,threshold_survival,0.8,0,kmeans_profile,diagnostic_function_preserving,24,0.0,0.0,0.0,0.11968252442946675,"{""diversity"": 0.0, ""k_used"": 1, ""status"": ""disabled_low_diversity""}"
control,threshold_survival,0.8,0,kmeans_profile,diagnostic_function_preserving,32,0.0,0.0,0.0,0.11968252442946675,"{""diversity"": 0.0, ""k_used"": 1, ""status"": ""disabled_low_diversity""}"
control,threshold_survival,0.8,0,kmeans_profile,diagnostic_function_preserving,48,0.0,0.0,0.0,0.11968252442946675,"{""diversity"": 0.0, ""k_used"": 1, ""status"": ""disabled_low_diversity""}"
control,threshold_survival,0.8,0,kmeans_profile,diagnostic_function_preserving,64,0.0,0.0,0.0,0.11968252442946675,"{""diversity"": 0.0, ""k_used"": 1, ""status"": ""disabled_low_diversity""}"
control,threshold_survival,0.8,0,kmeans_profile,diagnostic_function_preserving,96,0.0,0.0,0.0,0.11968252442946675,"{""diversity"": 0.0, ""k_used"": 1, ""status"": ""disabled_low_diversity""}"
control,threshold_survival,0.8,0,kmeans_profile,diagnostic_function_preserving,128,0.0,0.0,0.0,0.11968252442946675,"{""diversity"": 0.0, ""k_used"": 1, ""status"": ""disabled_low_diversity""}"
control,threshold_survival,0.8,1,balanced_random_group,primary,1,0.0,0.0,0.0,0.11675274389428315,"{""status"": ""ok""}"
control,threshold_survival,0.8,1,balanced_random_group,primary,2,0.011675274389428315,0.0,0.0,0.11675274389428315,"{""status"": ""ok""}"
control,threshold_survival,0.8,1,balanced_random_group,primary,3,0.01850487209287397,0.0,0.0,0.11675274389428315,"{""status"": ""ok""}"
control,threshold_survival,0.8,1,balanced_random_group,primary,4,0.02335054877885663,0.0,0.0,0.11675274389428315,"{""status"": ""ok""}"
control,threshold_survival,0.8,1,balanced_random_group,primary,6,0.03018014648230229,0.0,0.0,0.11675274389428315,"{""status"": ""ok""}"
control,threshold_survival,0.8,1,balanced_random_group,primary,8,0.035025823168284946,0.0,0.0,0.11675274389428315,"{""status"": ""ok""}"
control,threshold_survival,0.8,1,balanced_random_group,primary,12,0.0418554208717306,0.0,0.0,0.11675274389428315,"{""status"": ""ok""}"
control,threshold_survival,0.8,1,balanced_random_group,primary,16,0.04670109755771326,0.0,0.0,0.11675274389428315,"{""status"": ""ok""}"
control,threshold_survival,0.8,1,balanced_random_group,primary,24,0.05353069526115892,0.0,0.0,0.11675274389428315,"{""status"": ""ok""}"
control,threshold_survival,0.8,1,balanced_random_group,primary,32,0.05837637194714158,0.0,0.0,0.11675274389428315,"{""status"": ""ok""}"
control,threshold_survival,0.8,1,balanced_random_group,primary,48,0.06520596965058723,0.0,0.0,0.11675274389428315,"{""status"": ""ok""}"
control,threshold_survival,0.8,1,balanced_random_group,primary,64,0.07005164633656989,0.0,0.0,0.11675274389428315,"{""status"": ""ok""}"
control,threshold_survival,0.8,1,balanced_random_group,primary,96,0.07688124404001555,0.0,0.0,0.11675274389428315,"{""status"": ""ok""}"
control,threshold_survival,0.8,1,balanced_random_group,primary,128,0.0817269207259982,0.0,0.0,0.11675274389428315,"{""status"": ""ok""}"
control,threshold_survival,0.8,1,affinity_rank_group,primary,1,0.0,0.0,0.0,0.11675274389428315,"{""status"": ""ok""}"
control,threshold_survival,0.8,1,affinity_rank_group,primary,2,0.011675274389428315,0.0,0.0,0.11675274389428315,"{""status"": ""ok""}"
control,threshold_survival,0.8,1,affinity_rank_group,primary,3,0.01850487209287397,0.0,0.0,0.11675274389428315,"{""status"": ""ok""}"
control,threshold_survival,0.8,1,affinity_rank_group,primary,4,0.02335054877885663,0.0,0.0,0.11675274389428315,"{""status"": ""ok""}"
control,threshold_survival,0.8,1,affinity_rank_group,primary,6,0.03018014648230229,0.0,0.0,0.11675274389428315,"{""status"": ""ok""}"
control,threshold_survival,0.8,1,affinity_rank_group,primary,8,0.035025823168284946,0.0,0.0,0.11675274389428315,"{""status"": ""ok""}"
control,threshold_survival,0.8,1,affinity_rank_group,primary,12,0.0418554208717306,0.0,0.0,0.11675274389428315,"{""status"": ""ok""}"
control,threshold_survival,0.8,1,affinity_rank_group,primary,16,0.04670109755771326,0.0,0.0,0.11675274389428315,"{""status"": ""ok""}"
control,threshold_survival,0.8,1,affinity_rank_group,primary,24,0.05353069526115892,0.0,0.0,0.11675274389428315,"{""status"": ""ok""}"
control,threshold_survival,0.8,1,affinity_rank_group,primary,32,0.05837637194714158,0.0,0.0,0.11675274389428315,"{""status"": ""ok""}"
control,threshold_survival,0.8,1,affinity_rank_group,primary,48,0.06520596965058723,0.0,0.0,0.11675274389428315,"{""status"": ""ok""}"
control,threshold_survival,0.8,1,affinity_rank_group,primary,64,0.07005164633656989,0.0,0.0,0.11675274389428315,"{""status"": ""ok""}"
control,threshold_survival,0.8,1,affinity_rank_group,primary,96,0.07688124404001555,0.0,0.0,0.11675274389428315,"{""status"": ""ok""}"
control,threshold_survival,0.8,1,affinity_rank_group,primary,128,0.0817269207259982,0.0,0.0,0.11675274389428315,"{""status"": ""ok""}"
control,threshold_survival,0.8,1,prefix_group,primary,1,0.02335054877885663,0.0,0.0,0.11675274389428315,"{""status"": ""ok""}"
control,threshold_survival,0.8,1,prefix_group,primary,2,0.02335054877885663,0.0,0.0,0.11675274389428315,"{""status"": ""ok""}"
control,threshold_survival,0.8,1,prefix_group,primary,3,0.02335054877885663,0.0,0.0,0.11675274389428315,"{""status"": ""ok""}"
control,threshold_survival,0.8,1,prefix_group,primary,4,0.02335054877885663,0.0,0.0,0.11675274389428315,"{""status"": ""ok""}"
control,threshold_survival,0.8,1,prefix_group,primary,6,0.04670109755771326,0.0,0.0,0.11675274389428315,"{""status"": ""ok""}"
control,threshold_survival,0.8,1,prefix_group,primary,8,0.04670109755771326,0.0,0.0,0.11675274389428315,"{""status"": ""ok""}"
control,threshold_survival,0.8,1,prefix_group,primary,12,0.04670109755771326,0.0,0.0,0.11675274389428315,"{""status"": ""ok""}"
control,threshold_survival,0.8,1,prefix_group,primary,16,0.04670109755771326,0.0,0.0,0.11675274389428315,"{""status"": ""ok""}"
control,threshold_survival,0.8,1,prefix_group,primary,24,0.07005164633656989,0.0,0.0,0.11675274389428315,"{""status"": ""ok""}"
control,threshold_survival,0.8,1,prefix_group,primary,32,0.07005164633656989,0.0,0.0,0.11675274389428315,"{""status"": ""ok""}"
control,threshold_survival,0.8,1,prefix_group,primary,48,0.07005164633656989,0.0,0.0,0.11675274389428315,"{""status"": ""ok""}"
control,threshold_survival,0.8,1,prefix_group,primary,64,0.07005164633656989,0.0,0.0,0.11675274389428315,"{""status"": ""ok""}"
control,threshold_survival,0.8,1,prefix_group,primary,96,0.09340219511542652,0.0,0.0,0.11675274389428315,"{""status"": ""ok""}"
control,threshold_survival,0.8,1,prefix_group,primary,128,0.09340219511542652,0.0,0.0,0.11675274389428315,"{""status"": ""ok""}"
control,threshold_survival,0.8,1,kmeans_profile,diagnostic_function_preserving,1,0.0,0.0,0.0,0.11675274389428315,"{""diversity"": 0.0, ""k_used"": 1, ""status"": ""disabled_low_diversity""}"
control,threshold_survival,0.8,1,kmeans_profile,diagnostic_function_preserving,2,0.0,0.0,0.0,0.11675274389428315,"{""diversity"": 0.0, ""k_used"": 1, ""status"": ""disabled_low_diversity""}"
control,threshold_survival,0.8,1,kmeans_profile,diagnostic_function_preserving,3,0.0,0.0,0.0,0.11675274389428315,"{""diversity"": 0.0, ""k_used"": 1, ""status"": ""disabled_low_diversity""}"
control,threshold_survival,0.8,1,kmeans_profile,diagnostic_function_preserving,4,0.0,0.0,0.0,0.11675274389428315,"{""diversity"": 0.0, ""k_used"": 1, ""status"": ""disabled_low_diversity""}"
control,threshold_survival,0.8,1,kmeans_profile,diagnostic_function_preserving,6,0.0,0.0,0.0,0.11675274389428315,"{""diversity"": 0.0, ""k_used"": 1, ""status"": ""disabled_low_diversity""}"
control,threshold_survival,0.8,1,kmeans_profile,diagnostic_function_preserving,8,0.0,0.0,0.0,0.11675274389428315,"{""diversity"": 0.0, ""k_used"": 1, ""status"": ""disabled_low_diversity""}"
control,threshold_survival,0.8,1,kmeans_profile,diagnostic_function_preserving,12,0.0,0.0,0.0,0.11675274389428315,"{""diversity"": 0.0, ""k_used"": 1, ""status"": ""disabled_low_diversity""}"
control,threshold_survival,0.8,1,kmeans_profile,diagnostic_function_preserving,16,0.0,0.0,0.0,0.11675274389428315,"{""diversity"": 0.0, ""k_used"": 1, ""status"": ""disabled_low_diversity""}"
control,threshold_survival,0.8,1,kmeans_profile,diagnostic_function_preserving,24,0.0,0.0,0.0,0.11675274389428315,"{""diversity"": 0.0, ""k_used"": 1, ""status"": ""disabled_low_diversity""}"
control,threshold_survival,0.8,1,kmeans_profile,diagnostic_function_preserving,32,0.0,0.0,0.0,0.11675274389428315,"{""diversity"": 0.0, ""k_used"": 1, ""status"": ""disabled_low_diversity""}"
control,threshold_survival,0.8,1,kmeans_profile,diagnostic_function_preserving,48,0.0,0.0,0.0,0.11675274389428315,"{""diversity"": 0.0, ""k_used"": 1, ""status"": ""disabled_low_diversity""}"
control,threshold_survival,0.8,1,kmeans_profile,diagnostic_function_preserving,64,0.0,0.0,0.0,0.11675274389428315,"{""diversity"": 0.0, ""k_used"": 1, ""status"": ""disabled_low_diversity""}"
control,threshold_survival,0.8,1,kmeans_profile,diagnostic_function_preserving,96,0.0,0.0,0.0,0.11675274389428315,"{""diversity"": 0.0, ""k_used"": 1, ""status"": ""disabled_low_diversity""}"
control,threshold_survival,0.8,1,kmeans_profile,diagnostic_function_preserving,128,0.0,0.0,0.0,0.11675274389428315,"{""diversity"": 0.0, ""k_used"": 1, ""status"": ""disabled_low_diversity""}"
control,threshold_survival,0.8,2,balanced_random_group,primary,1,0.0,0.0,0.0,0.12630108273205218,"{""status"": ""ok""}"
control,threshold_survival,0.8,2,balanced_random_group,primary,2,0.012630108273205218,0.0,0.0,0.12630108273205218,"{""status"": ""ok""}"
control,threshold_survival,0.8,2,balanced_random_group,primary,3,0.020018247993078303,0.0,0.0,0.12630108273205218,"{""status"": ""ok""}"
control,threshold_survival,0.8,2,balanced_random_group,primary,4,0.025260216546410436,0.0,0.0,0.12630108273205218,"{""status"": ""ok""}"
control,threshold_survival,0.8,2,balanced_random_group,primary,6,0.032648356266283526,0.0,0.0,0.12630108273205218,"{""status"": ""ok""}"
control,threshold_survival,0.8,2,balanced_random_group,primary,8,0.03789032481961565,0.0,0.0,0.12630108273205218,"{""status"": ""ok""}"
control,threshold_survival,0.8,2,balanced_random_group,primary,12,0.04527846453948874,0.0,0.0,0.12630108273205218,"{""status"": ""ok""}"
control,threshold_survival,0.8,2,balanced_random_group,primary,16,0.05052043309282087,0.0,0.0,0.12630108273205218,"{""status"": ""ok""}"
control,threshold_survival,0.8,2,balanced_random_group,primary,24,0.05790857281269395,0.0,0.0,0.12630108273205218,"{""status"": ""ok""}"
control,threshold_survival,0.8,2,balanced_random_group,primary,32,0.06315054136602609,0.0,0.0,0.12630108273205218,"{""status"": ""ok""}"
control,threshold_survival,0.8,2,balanced_random_group,primary,48,0.07053868108589917,0.0,0.0,0.12630108273205218,"{""status"": ""ok""}"
control,threshold_survival,0.8,2,balanced_random_group,primary,64,0.0757806496392313,0.0,0.0,0.12630108273205218,"{""status"": ""ok""}"
control,threshold_survival,0.8,2,balanced_random_group,primary,96,0.08316878935910439,0.0,0.0,0.12630108273205218,"{""status"": ""ok""}"
control,threshold_survival,0.8,2,balanced_random_group,primary,128,0.08841075791243652,0.0,0.0,0.12630108273205218,"{""status"": ""ok""}"
control,threshold_survival,0.8,2,affinity_rank_group,primary,1,0.0,0.0,0.0,0.12630108273205218,"{""status"": ""ok""}"
control,threshold_survival,0.8,2,affinity_rank_group,primary,2,0.012630108273205218,0.0,0.0,0.12630108273205218,"{""status"": ""ok""}"
control,threshold_survival,0.8,2,affinity_rank_group,primary,3,0.020018247993078303,0.0,0.0,0.12630108273205218,"{""status"": ""ok""}"
control,threshold_survival,0.8,2,affinity_rank_group,primary,4,0.025260216546410436,0.0,0.0,0.12630108273205218,"{""status"": ""ok""}"
control,threshold_survival,0.8,2,affinity_rank_group,primary,6,0.032648356266283526,0.0,0.0,0.12630108273205218,"{""status"": ""ok""}"
control,threshold_survival,0.8,2,affinity_rank_group,primary,8,0.03789032481961565,0.0,0.0,0.12630108273205218,"{""status"": ""ok""}"
control,threshold_survival,0.8,2,affinity_rank_group,primary,12,0.04527846453948874,0.0,0.0,0.12630108273205218,"{""status"": ""ok""}"
control,threshold_survival,0.8,2,affinity_rank_group,primary,16,0.05052043309282087,0.0,0.0,0.12630108273205218,"{""status"": ""ok""}"
control,threshold_survival,0.8,2,affinity_rank_group,primary,24,0.05790857281269395,0.0,0.0,0.12630108273205218,"{""status"": ""ok""}"
control,threshold_survival,0.8,2,affinity_rank_group,primary,32,0.06315054136602609,0.0,0.0,0.12630108273205218,"{""status"": ""ok""}"
control,threshold_survival,0.8,2,affinity_rank_group,primary,48,0.07053868108589917,0.0,0.0,0.12630108273205218,"{""status"": ""ok""}"
control,threshold_survival,0.8,2,affinity_rank_group,primary,64,0.0757806496392313,0.0,0.0,0.12630108273205218,"{""status"": ""ok""}"
control,threshold_survival,0.8,2,affinity_rank_group,primary,96,0.08316878935910439,0.0,0.0,0.12630108273205218,"{""status"": ""ok""}"
control,threshold_survival,0.8,2,affinity_rank_group,primary,128,0.08841075791243652,0.0,0.0,0.12630108273205218,"{""status"": ""ok""}"
control,threshold_survival,0.8,2,prefix_group,primary,1,0.025260216546410436,0.0,0.0,0.12630108273205218,"{""status"": ""ok""}"
control,threshold_survival,0.8,2,prefix_group,primary,2,0.025260216546410436,0.0,0.0,0.12630108273205218,"{""status"": ""ok""}"
control,threshold_survival,0.8,2,prefix_group,primary,3,0.025260216546410436,0.0,0.0,0.12630108273205218,"{""status"": ""ok""}"
control,threshold_survival,0.8,2,prefix_group,primary,4,0.025260216546410436,0.0,0.0,0.12630108273205218,"{""status"": ""ok""}"
control,threshold_survival,0.8,2,prefix_group,primary,6,0.05052043309282087,0.0,0.0,0.12630108273205218,"{""status"": ""ok""}"
control,threshold_survival,0.8,2,prefix_group,primary,8,0.05052043309282087,0.0,0.0,0.12630108273205218,"{""status"": ""ok""}"
control,threshold_survival,0.8,2,prefix_group,primary,12,0.05052043309282087,0.0,0.0,0.12630108273205218,"{""status"": ""ok""}"
control,threshold_survival,0.8,2,prefix_group,primary,16,0.05052043309282087,0.0,0.0,0.12630108273205218,"{""status"": ""ok""}"
control,threshold_survival,0.8,2,prefix_group,primary,24,0.0757806496392313,0.0,0.0,0.12630108273205218,"{""status"": ""ok""}"
control,threshold_survival,0.8,2,prefix_group,primary,32,0.0757806496392313,0.0,0.0,0.12630108273205218,"{""status"": ""ok""}"
control,threshold_survival,0.8,2,prefix_group,primary,48,0.0757806496392313,0.0,0.0,0.12630108273205218,"{""status"": ""ok""}"
control,threshold_survival,0.8,2,prefix_group,primary,64,0.0757806496392313,0.0,0.0,0.12630108273205218,"{""status"": ""ok""}"
control,threshold_survival,0.8,2,prefix_group,primary,96,0.10104086618564175,0.0,0.0,0.12630108273205218,"{""status"": ""ok""}"
control,threshold_survival,0.8,2,prefix_group,primary,128,0.10104086618564175,0.0,0.0,0.12630108273205218,"{""status"": ""ok""}"
control,threshold_survival,0.8,2,kmeans_profile,diagnostic_function_preserving,1,0.0,0.0,0.0,0.12630108273205218,"{""diversity"": 0.0, ""k_used"": 1, ""status"": ""disabled_low_diversity""}"
control,threshold_survival,0.8,2,kmeans_profile,diagnostic_function_preserving,2,0.0,0.0,0.0,0.12630108273205218,"{""diversity"": 0.0, ""k_used"": 1, ""status"": ""disabled_low_diversity""}"
control,threshold_survival,0.8,2,kmeans_profile,diagnostic_function_preserving,3,0.0,0.0,0.0,0.12630108273205218,"{""diversity"": 0.0, ""k_used"": 1, ""status"": ""disabled_low_diversity""}"
control,threshold_survival,0.8,2,kmeans_profile,diagnostic_function_preserving,4,0.0,0.0,0.0,0.12630108273205218,"{""diversity"": 0.0, ""k_used"": 1, ""status"": ""disabled_low_diversity""}"
control,threshold_survival,0.8,2,kmeans_profile,diagnostic_function_preserving,6,0.0,0.0,0.0,0.12630108273205218,"{""diversity"": 0.0, ""k_used"": 1, ""status"": ""disabled_low_diversity""}"
control,threshold_survival,0.8,2,kmeans_profile,diagnostic_function_preserving,8,0.0,0.0,0.0,0.12630108273205218,"{""diversity"": 0.0, ""k_used"": 1, ""status"": ""disabled_low_diversity""}"
control,threshold_survival,0.8,2,kmeans_profile,diagnostic_function_preserving,12,0.0,0.0,0.0,0.12630108273205218,"{""diversity"": 0.0, ""k_used"": 1, ""status"": ""disabled_low_diversity""}"
control,threshold_survival,0.8,2,kmeans_profile,diagnostic_function_preserving,16,0.0,0.0,0.0,0.12630108273205218,"{""diversity"": 0.0, ""k_used"": 1, ""status"": ""disabled_low_diversity""}"
control,threshold_survival,0.8,2,kmeans_profile,diagnostic_function_preserving,24,0.0,0.0,0.0,0.12630108273205218,"{""diversity"": 0.0, ""k_used"": 1, ""status"": ""disabled_low_diversity""}"
control,threshold_survival,0.8,2,kmeans_profile,diagnostic_function_preserving,32,0.0,0.0,0.0,0.12630108273205218,"{""diversity"": 0.0, ""k_used"": 1, ""status"": ""disabled_low_diversity""}"
control,threshold_survival,0.8,2,kmeans_profile,diagnostic_function_preserving,48,0.0,0.0,0.0,0.12630108273205218,"{""diversity"": 0.0, ""k_used"": 1, ""status"": ""disabled_low_diversity""}"
control,threshold_survival,0.8,2,kmeans_profile,diagnostic_function_preserving,64,0.0,0.0,0.0,0.12630108273205218,"{""diversity"": 0.0, ""k_used"": 1, ""status"": ""disabled_low_diversity""}"
control,threshold_survival,0.8,2,kmeans_profile,diagnostic_function_preserving,96,0.0,0.0,0.0,0.12630108273205218,"{""diversity"": 0.0, ""k_used"": 1, ""status"": ""disabled_low_diversity""}"
control,threshold_survival,0.8,2,kmeans_profile,diagnostic_function_preserving,128,0.0,0.0,0.0,0.12630108273205218,"{""diversity"": 0.0, ""k_used"": 1, ""status"": ""disabled_low_diversity""}"
control,threshold_survival,0.8,3,balanced_random_group,primary,1,0.0,0.0,0.0,0.14207036658786779,"{""status"": ""ok""}"
control,threshold_survival,0.8,3,balanced_random_group,primary,2,0.01420703665878678,0.0,0.0,0.14207036658786779,"{""status"": ""ok""}"
control,threshold_survival,0.8,3,balanced_random_group,primary,3,0.02251762035054783,0.0,0.0,0.14207036658786779,"{""status"": ""ok""}"
control,threshold_survival,0.8,3,balanced_random_group,primary,4,0.02841407331757356,0.0,0.0,0.14207036658786779,"{""status"": ""ok""}"
control,threshold_survival,0.8,3,balanced_random_group,primary,6,0.03672465700933461,0.0,0.0,0.14207036658786779,"{""status"": ""ok""}"
control,threshold_survival,0.8,3,balanced_random_group,primary,8,0.04262110997636034,0.0,0.0,0.14207036658786779,"{""status"": ""ok""}"
control,threshold_survival,0.8,3,balanced_random_group,primary,12,0.050931693668121385,0.0,0.0,0.14207036658786779,"{""status"": ""ok""}"
control,threshold_survival,0.8,3,balanced_random_group,primary,16,0.05682814663514712,0.0,0.0,0.14207036658786779,"{""status"": ""ok""}"
control,threshold_survival,0.8,3,balanced_random_group,primary,24,0.06513873032690816,0.0,0.0,0.14207036658786779,"{""status"": ""ok""}"
control,threshold_survival,0.8,3,balanced_random_group,primary,32,0.07103518329393389,0.0,0.0,0.14207036658786779,"{""status"": ""ok""}"
control,threshold_survival,0.8,3,balanced_random_group,primary,48,0.07934576698569494,0.0,0.0,0.14207036658786779,"{""status"": ""ok""}"
control,threshold_survival,0.8,3,balanced_random_group,primary,64,0.08524221995272067,0.0,0.0,0.14207036658786779,"{""status"": ""ok""}"
control,threshold_survival,0.8,3,balanced_random_group,primary,96,0.09355280364448174,0.0,0.0,0.14207036658786779,"{""status"": ""ok""}"
control,threshold_survival,0.8,3,balanced_random_group,primary,128,0.09944925661150744,0.0,0.0,0.14207036658786779,"{""status"": ""ok""}"
control,threshold_survival,0.8,3,affinity_rank_group,primary,1,0.0,0.0,0.0,0.14207036658786779,"{""status"": ""ok""}"
control,threshold_survival,0.8,3,affinity_rank_group,primary,2,0.01420703665878678,0.0,0.0,0.14207036658786779,"{""status"": ""ok""}"
control,threshold_survival,0.8,3,affinity_rank_group,primary,3,0.02251762035054783,0.0,0.0,0.14207036658786779,"{""status"": ""ok""}"
control,threshold_survival,0.8,3,affinity_rank_group,primary,4,0.02841407331757356,0.0,0.0,0.14207036658786779,"{""status"": ""ok""}"
control,threshold_survival,0.8,3,affinity_rank_group,primary,6,0.03672465700933461,0.0,0.0,0.14207036658786779,"{""status"": ""ok""}"
control,threshold_survival,0.8,3,affinity_rank_group,primary,8,0.04262110997636034,0.0,0.0,0.14207036658786779,"{""status"": ""ok""}"
control,threshold_survival,0.8,3,affinity_rank_group,primary,12,0.050931693668121385,0.0,0.0,0.14207036658786779,"{""status"": ""ok""}"
control,threshold_survival,0.8,3,affinity_rank_group,primary,16,0.05682814663514712,0.0,0.0,0.14207036658786779,"{""status"": ""ok""}"
control,threshold_survival,0.8,3,affinity_rank_group,primary,24,0.06513873032690816,0.0,0.0,0.14207036658786779,"{""status"": ""ok""}"
control,threshold_survival,0.8,3,affinity_rank_group,primary,32,0.07103518329393389,0.0,0.0,0.14207036658786779,"{""status"": ""ok""}"
control,threshold_survival,0.8,3,affinity_rank_group,primary,48,0.07934576698569494,0.0,0.0,0.14207036658786779,"{""status"": ""ok""}"
control,threshold_survival,0.8,3,affinity_rank_group,primary,64,0.08524221995272067,0.0,0.0,0.14207036658786779,"{""status"": ""ok""}"
control,threshold_survival,0.8,3,affinity_rank_group,primary,96,0.09355280364448174,0.0,0.0,0.14207036658786779,"{""status"": ""ok""}"
control,threshold_survival,0.8,3,affinity_rank_group,primary,128,0.09944925661150744,0.0,0.0,0.14207036658786779,"{""status"": ""ok""}"
control,threshold_survival,0.8,3,prefix_group,primary,1,0.02841407331757356,0.0,0.0,0.14207036658786779,"{""status"": ""ok""}"
control,threshold_survival,0.8,3,prefix_group,primary,2,0.02841407331757356,0.0,0.0,0.14207036658786779,"{""status"": ""ok""}"
control,threshold_survival,0.8,3,prefix_group,primary,3,0.02841407331757356,0.0,0.0,0.14207036658786779,"{""status"": ""ok""}"
control,threshold_survival,0.8,3,prefix_group,primary,4,0.02841407331757356,0.0,0.0,0.14207036658786779,"{""status"": ""ok""}"
control,threshold_survival,0.8,3,prefix_group,primary,6,0.05682814663514712,0.0,0.0,0.14207036658786779,"{""status"": ""ok""}"
control,threshold_survival,0.8,3,prefix_group,primary,8,0.05682814663514712,0.0,0.0,0.14207036658786779,"{""status"": ""ok""}"
control,threshold_survival,0.8,3,prefix_group,primary,12,0.05682814663514712,0.0,0.0,0.14207036658786779,"{""status"": ""ok""}"
control,threshold_survival,0.8,3,prefix_group,primary,16,0.05682814663514712,0.0,0.0,0.14207036658786779,"{""status"": ""ok""}"
control,threshold_survival,0.8,3,prefix_group,primary,24,0.08524221995272067,0.0,0.0,0.14207036658786779,"{""status"": ""ok""}"
control,threshold_survival,0.8,3,prefix_group,primary,32,0.08524221995272067,0.0,0.0,0.14207036658786779,"{""status"": ""ok""}"
control,threshold_survival,0.8,3,prefix_group,primary,48,0.08524221995272067,0.0,0.0,0.14207036658786779,"{""status"": ""ok""}"
control,threshold_survival,0.8,3,prefix_group,primary,64,0.08524221995272067,0.0,0.0,0.14207036658786779,"{""status"": ""ok""}"
control,threshold_survival,0.8,3,prefix_group,primary,96,0.11365629327029424,0.0,0.0,0.14207036658786779,"{""status"": ""ok""}"
control,threshold_survival,0.8,3,prefix_group,primary,128,0.11365629327029424,0.0,0.0,0.14207036658786779,"{""status"": ""ok""}"
control,threshold_survival,0.8,3,kmeans_profile,diagnostic_function_preserving,1,0.0,0.0,0.0,0.14207036658786779,"{""diversity"": 0.0, ""k_used"": 1, ""status"": ""disabled_low_diversity""}"
control,threshold_survival,0.8,3,kmeans_profile,diagnostic_function_preserving,2,0.0,0.0,0.0,0.14207036658786779,"{""diversity"": 0.0, ""k_used"": 1, ""status"": ""disabled_low_diversity""}"
control,threshold_survival,0.8,3,kmeans_profile,diagnostic_function_preserving,3,0.0,0.0,0.0,0.14207036658786779,"{""diversity"": 0.0, ""k_used"": 1, ""status"": ""disabled_low_diversity""}"
control,threshold_survival,0.8,3,kmeans_profile,diagnostic_function_preserving,4,0.0,0.0,0.0,0.14207036658786779,"{""diversity"": 0.0, ""k_used"": 1, ""status"": ""disabled_low_diversity""}"
control,threshold_survival,0.8,3,kmeans_profile,diagnostic_function_preserving,6,0.0,0.0,0.0,0.14207036658786779,"{""diversity"": 0.0, ""k_used"": 1, ""status"": ""disabled_low_diversity""}"
control,threshold_survival,0.8,3,kmeans_profile,diagnostic_function_preserving,8,0.0,0.0,0.0,0.14207036658786779,"{""diversity"": 0.0, ""k_used"": 1, ""status"": ""disabled_low_diversity""}"
control,threshold_survival,0.8,3,kmeans_profile,diagnostic_function_preserving,12,0.0,0.0,0.0,0.14207036658786779,"{""diversity"": 0.0, ""k_used"": 1, ""status"": ""disabled_low_diversity""}"
control,threshold_survival,0.8,3,kmeans_profile,diagnostic_function_preserving,16,0.0,0.0,0.0,0.14207036658786779,"{""diversity"": 0.0, ""k_used"": 1, ""status"": ""disabled_low_diversity""}"
control,threshold_survival,0.8,3,kmeans_profile,diagnostic_function_preserving,24,0.0,0.0,0.0,0.14207036658786779,"{""diversity"": 0.0, ""k_used"": 1, ""status"": ""disabled_low_diversity""}"
control,threshold_survival,0.8,3,kmeans_profile,diagnostic_function_preserving,32,0.0,0.0,0.0,0.14207036658786779,"{""diversity"": 0.0, ""k_used"": 1, ""status"": ""disabled_low_diversity""}"
control,threshold_survival,0.8,3,kmeans_profile,diagnostic_function_preserving,48,0.0,0.0,0.0,0.14207036658786779,"{""diversity"": 0.0, ""k_used"": 1, ""status"": ""disabled_low_diversity""}"
control,threshold_survival,0.8,3,kmeans_profile,diagnostic_function_preserving,64,0.0,0.0,0.0,0.14207036658786779,"{""diversity"": 0.0, ""k_used"": 1, ""status"": ""disabled_low_diversity""}"
control,threshold_survival,0.8,3,kmeans_profile,diagnostic_function_preserving,96,0.0,0.0,0.0,0.14207036658786779,"{""diversity"": 0.0, ""k_used"": 1, ""status"": ""disabled_low_diversity""}"
control,threshold_survival,0.8,3,kmeans_profile,diagnostic_function_preserving,128,0.0,0.0,0.0,0.14207036658786779,"{""diversity"": 0.0, ""k_used"": 1, ""status"": ""disabled_low_diversity""}"
control,threshold_survival,0.8,4,balanced_random_group,primary,1,0.0,0.0,0.0,0.1394689200428253,"{""status"": ""ok""}"
control,threshold_survival,0.8,4,balanced_random_group,primary,2,0.01394689200428253,0.0,0.0,0.1394689200428253,"{""status"": ""ok""}"
control,threshold_survival,0.8,4,balanced_random_group,primary,3,0.022105300828395534,0.0,0.0,0.1394689200428253,"{""status"": ""ok""}"
control,threshold_survival,0.8,4,balanced_random_group,primary,4,0.02789378400856506,0.0,0.0,0.1394689200428253,"{""status"": ""ok""}"
control,threshold_survival,0.8,4,balanced_random_group,primary,6,0.03605219283267807,0.0,0.0,0.1394689200428253,"{""status"": ""ok""}"
control,threshold_survival,0.8,4,balanced_random_group,primary,8,0.041840676012847584,0.0,0.0,0.1394689200428253,"{""status"": ""ok""}"
control,threshold_survival,0.8,4,balanced_random_group,primary,12,0.04999908483696059,0.0,0.0,0.1394689200428253,"{""status"": ""ok""}"
control,threshold_survival,0.8,4,balanced_random_group,primary,16,0.05578756801713012,0.0,0.0,0.1394689200428253,"{""status"": ""ok""}"
control,threshold_survival,0.8,4,balanced_random_group,primary,24,0.06394597684124312,0.0,0.0,0.1394689200428253,"{""status"": ""ok""}"
control,threshold_survival,0.8,4,balanced_random_group,primary,32,0.06973446002141265,0.0,0.0,0.1394689200428253,"{""status"": ""ok""}"
control,threshold_survival,0.8,4,balanced_random_group,primary,48,0.07789286884552564,0.0,0.0,0.1394689200428253,"{""status"": ""ok""}"
control,threshold_survival,0.8,4,balanced_random_group,primary,64,0.08368135202569517,0.0,0.0,0.1394689200428253,"{""status"": ""ok""}"
control,threshold_survival,0.8,4,balanced_random_group,primary,96,0.09183976084980819,0.0,0.0,0.1394689200428253,"{""status"": ""ok""}"
control,threshold_survival,0.8,4,balanced_random_group,primary,128,0.0976282440299777,0.0,0.0,0.1394689200428253,"{""status"": ""ok""}"
control,threshold_survival,0.8,4,affinity_rank_group,primary,1,0.0,0.0,0.0,0.1394689200428253,"{""status"": ""ok""}"
control,threshold_survival,0.8,4,affinity_rank_group,primary,2,0.01394689200428253,0.0,0.0,0.1394689200428253,"{""status"": ""ok""}"
control,threshold_survival,0.8,4,affinity_rank_group,primary,3,0.022105300828395534,0.0,0.0,0.1394689200428253,"{""status"": ""ok""}"
control,threshold_survival,0.8,4,affinity_rank_group,primary,4,0.02789378400856506,0.0,0.0,0.1394689200428253,"{""status"": ""ok""}"
control,threshold_survival,0.8,4,affinity_rank_group,primary,6,0.03605219283267807,0.0,0.0,0.1394689200428253,"{""status"": ""ok""}"
control,threshold_survival,0.8,4,affinity_rank_group,primary,8,0.041840676012847584,0.0,0.0,0.1394689200428253,"{""status"": ""ok""}"
control,threshold_survival,0.8,4,affinity_rank_group,primary,12,0.04999908483696059,0.0,0.0,0.1394689200428253,"{""status"": ""ok""}"
control,threshold_survival,0.8,4,affinity_rank_group,primary,16,0.05578756801713012,0.0,0.0,0.1394689200428253,"{""status"": ""ok""}"
control,threshold_survival,0.8,4,affinity_rank_group,primary,24,0.06394597684124312,0.0,0.0,0.1394689200428253,"{""status"": ""ok""}"
control,threshold_survival,0.8,4,affinity_rank_group,primary,32,0.06973446002141265,0.0,0.0,0.1394689200428253,"{""status"": ""ok""}"
control,threshold_survival,0.8,4,affinity_rank_group,primary,48,0.07789286884552564,0.0,0.0,0.1394689200428253,"{""status"": ""ok""}"
control,threshold_survival,0.8,4,affinity_rank_group,primary,64,0.08368135202569517,0.0,0.0,0.1394689200428253,"{""status"": ""ok""}"
control,threshold_survival,0.8,4,affinity_rank_group,primary,96,0.09183976084980819,0.0,0.0,0.1394689200428253,"{""status"": ""ok""}"
control,threshold_survival,0.8,4,affinity_rank_group,primary,128,0.0976282440299777,0.0,0.0,0.1394689200428253,"{""status"": ""ok""}"
control,threshold_survival,0.8,4,prefix_group,primary,1,0.02789378400856506,0.0,0.0,0.1394689200428253,"{""status"": ""ok""}"
control,threshold_survival,0.8,4,prefix_group,primary,2,0.02789378400856506,0.0,0.0,0.1394689200428253,"{""status"": ""ok""}"
control,threshold_survival,0.8,4,prefix_group,primary,3,0.02789378400856506,0.0,0.0,0.1394689200428253,"{""status"": ""ok""}"
control,threshold_survival,0.8,4,prefix_group,primary,4,0.02789378400856506,0.0,0.0,0.1394689200428253,"{""status"": ""ok""}"
control,threshold_survival,0.8,4,prefix_group,primary,6,0.05578756801713012,0.0,0.0,0.1394689200428253,"{""status"": ""ok""}"
control,threshold_survival,0.8,4,prefix_group,primary,8,0.05578756801713012,0.0,0.0,0.1394689200428253,"{""status"": ""ok""}"
control,threshold_survival,0.8,4,prefix_group,primary,12,0.05578756801713012,0.0,0.0,0.1394689200428253,"{""status"": ""ok""}"
control,threshold_survival,0.8,4,prefix_group,primary,16,0.05578756801713012,0.0,0.0,0.1394689200428253,"{""status"": ""ok""}"
control,threshold_survival,0.8,4,prefix_group,primary,24,0.08368135202569517,0.0,0.0,0.1394689200428253,"{""status"": ""ok""}"
control,threshold_survival,0.8,4,prefix_group,primary,32,0.08368135202569517,0.0,0.0,0.1394689200428253,"{""status"": ""ok""}"
control,threshold_survival,0.8,4,prefix_group,primary,48,0.08368135202569517,0.0,0.0,0.1394689200428253,"{""status"": ""ok""}"
control,threshold_survival,0.8,4,prefix_group,primary,64,0.08368135202569517,0.0,0.0,0.1394689200428253,"{""status"": ""ok""}"
control,threshold_survival,0.8,4,prefix_group,primary,96,0.11157513603426024,0.0,0.0,0.1394689200428253,"{""status"": ""ok""}"
control,threshold_survival,0.8,4,prefix_group,primary,128,0.11157513603426024,0.0,0.0,0.1394689200428253,"{""status"": ""ok""}"
control,threshold_survival,0.8,4,kmeans_profile,diagnostic_function_preserving,1,0.0,0.0,0.0,0.1394689200428253,"{""diversity"": 0.0, ""k_used"": 1, ""status"": ""disabled_low_diversity""}"
control,threshold_survival,0.8,4,kmeans_profile,diagnostic_function_preserving,2,0.0,0.0,0.0,0.1394689200428253,"{""diversity"": 0.0, ""k_used"": 1, ""status"": ""disabled_low_diversity""}"
control,threshold_survival,0.8,4,kmeans_profile,diagnostic_function_preserving,3,0.0,0.0,0.0,0.1394689200428253,"{""diversity"": 0.0, ""k_used"": 1, ""status"": ""disabled_low_diversity""}"
control,threshold_survival,0.8,4,kmeans_profile,diagnostic_function_preserving,4,0.0,0.0,0.0,0.1394689200428253,"{""diversity"": 0.0, ""k_used"": 1, ""status"": ""disabled_low_diversity""}"
control,threshold_survival,0.8,4,kmeans_profile,diagnostic_function_preserving,6,0.0,0.0,0.0,0.1394689200428253,"{""diversity"": 0.0, ""k_used"": 1, ""status"": ""disabled_low_diversity""}"
control,threshold_survival,0.8,4,kmeans_profile,diagnostic_function_preserving,8,0.0,0.0,0.0,0.1394689200428253,"{""diversity"": 0.0, ""k_used"": 1, ""status"": ""disabled_low_diversity""}"
control,threshold_survival,0.8,4,kmeans_profile,diagnostic_function_preserving,12,0.0,0.0,0.0,0.1394689200428253,"{""diversity"": 0.0, ""k_used"": 1, ""status"": ""disabled_low_diversity""}"
control,threshold_survival,0.8,4,kmeans_profile,diagnostic_function_preserving,16,0.0,0.0,0.0,0.1394689200428253,"{""diversity"": 0.0, ""k_used"": 1, ""status"": ""disabled_low_diversity""}"
control,threshold_survival,0.8,4,kmeans_profile,diagnostic_function_preserving,24,0.0,0.0,0.0,0.1394689200428253,"{""diversity"": 0.0, ""k_used"": 1, ""status"": ""disabled_low_diversity""}"
control,threshold_survival,0.8,4,kmeans_profile,diagnostic_function_preserving,32,0.0,0.0,0.0,0.1394689200428253,"{""diversity"": 0.0, ""k_used"": 1, ""status"": ""disabled_low_diversity""}"
control,threshold_survival,0.8,4,kmeans_profile,diagnostic_function_preserving,48,0.0,0.0,0.0,0.1394689200428253,"{""diversity"": 0.0, ""k_used"": 1, ""status"": ""disabled_low_diversity""}"
control,threshold_survival,0.8,4,kmeans_profile,diagnostic_function_preserving,64,0.0,0.0,0.0,0.1394689200428253,"{""diversity"": 0.0, ""k_used"": 1, ""status"": ""disabled_low_diversity""}"
control,threshold_survival,0.8,4,kmeans_profile,diagnostic_function_preserving,96,0.0,0.0,0.0,0.1394689200428253,"{""diversity"": 0.0, ""k_used"": 1, ""status"": ""disabled_low_diversity""}"
control,threshold_survival,0.8,4,kmeans_profile,diagnostic_function_preserving,128,0.0,0.0,0.0,0.1394689200428253,"{""diversity"": 0.0, ""k_used"": 1, ""status"": ""disabled_low_diversity""}"
control,threshold_survival,0.8,5,balanced_random_group,primary,1,0.0,0.0,0.0,0.12317944315098148,"{""status"": ""ok""}"
control,threshold_survival,0.8,5,balanced_random_group,primary,2,0.012317944315098148,0.0,0.0,0.12317944315098148,"{""status"": ""ok""}"
control,threshold_survival,0.8,5,balanced_random_group,primary,3,0.019523479825401906,0.0,0.0,0.12317944315098148,"{""status"": ""ok""}"
control,threshold_survival,0.8,5,balanced_random_group,primary,4,0.024635888630196296,0.0,0.0,0.12317944315098148,"{""status"": ""ok""}"
control,threshold_survival,0.8,5,balanced_random_group,primary,6,0.031841424140500056,0.0,0.0,0.12317944315098148,"{""status"": ""ok""}"
control,threshold_survival,0.8,5,balanced_random_group,primary,8,0.03695383294529444,0.0,0.0,0.12317944315098148,"{""status"": ""ok""}"
control,threshold_survival,0.8,5,balanced_random_group,primary,12,0.0441593684555982,0.0,0.0,0.12317944315098148,"{""status"": ""ok""}"
control,threshold_survival,0.8,5,balanced_random_group,primary,16,0.04927177726039259,0.0,0.0,0.12317944315098148,"{""status"": ""ok""}"
control,threshold_survival,0.8,5,balanced_random_group,primary,24,0.05647731277069635,0.0,0.0,0.12317944315098148,"{""status"": ""ok""}"
control,threshold_survival,0.8,5,balanced_random_group,primary,32,0.06158972157549074,0.0,0.0,0.12317944315098148,"{""status"": ""ok""}"
control,threshold_survival,0.8,5,balanced_random_group,primary,48,0.0687952570857945,0.0,0.0,0.12317944315098148,"{""status"": ""ok""}"
control,threshold_survival,0.8,5,balanced_random_group,primary,64,0.07390766589058888,0.0,0.0,0.12317944315098148,"{""status"": ""ok""}"
control,threshold_survival,0.8,5,balanced_random_group,primary,96,0.08111320140089265,0.0,0.0,0.12317944315098148,"{""status"": ""ok""}"
control,threshold_survival,0.8,5,balanced_random_group,primary,128,0.08622561020568703,0.0,0.0,0.12317944315098148,"{""status"": ""ok""}"
control,threshold_survival,0.8,5,affinity_rank_group,primary,1,0.0,0.0,0.0,0.12317944315098148,"{""status"": ""ok""}"
control,threshold_survival,0.8,5,affinity_rank_group,primary,2,0.012317944315098148,0.0,0.0,0.12317944315098148,"{""status"": ""ok""}"
control,threshold_survival,0.8,5,affinity_rank_group,primary,3,0.019523479825401906,0.0,0.0,0.12317944315098148,"{""status"": ""ok""}"
control,threshold_survival,0.8,5,affinity_rank_group,primary,4,0.024635888630196296,0.0,0.0,0.12317944315098148,"{""status"": ""ok""}"
control,threshold_survival,0.8,5,affinity_rank_group,primary,6,0.031841424140500056,0.0,0.0,0.12317944315098148,"{""status"": ""ok""}"
control,threshold_survival,0.8,5,affinity_rank_group,primary,8,0.03695383294529444,0.0,0.0,0.12317944315098148,"{""status"": ""ok""}"
control,threshold_survival,0.8,5,affinity_rank_group,primary,12,0.0441593684555982,0.0,0.0,0.12317944315098148,"{""status"": ""ok""}"
control,threshold_survival,0.8,5,affinity_rank_group,primary,16,0.04927177726039259,0.0,0.0,0.12317944315098148,"{""status"": ""ok""}"
control,threshold_survival,0.8,5,affinity_rank_group,primary,24,0.05647731277069635,0.0,0.0,0.12317944315098148,"{""status"": ""ok""}"
control,threshold_survival,0.8,5,affinity_rank_group,primary,32,0.06158972157549074,0.0,0.0,0.12317944315098148,"{""status"": ""ok""}"
control,threshold_survival,0.8,5,affinity_rank_group,primary,48,0.0687952570857945,0.0,0.0,0.12317944315098148,"{""status"": ""ok""}"
control,threshold_survival,0.8,5,affinity_rank_group,primary,64,0.07390766589058888,0.0,0.0,0.12317944315098148,"{""status"": ""ok""}"
control,threshold_survival,0.8,5,affinity_rank_group,primary,96,0.08111320140089265,0.0,0.0,0.12317944315098148,"{""status"": ""ok""}"
control,threshold_survival,0.8,5,affinity_rank_group,primary,128,0.08622561020568703,0.0,0.0,0.12317944315098148,"{""status"": ""ok""}"
control,threshold_survival,0.8,5,prefix_group,primary,1,0.024635888630196296,0.0,0.0,0.12317944315098148,"{""status"": ""ok""}"
control,threshold_survival,0.8,5,prefix_group,primary,2,0.024635888630196296,0.0,0.0,0.12317944315098148,"{""status"": ""ok""}"
control,threshold_survival,0.8,5,prefix_group,primary,3,0.024635888630196296,0.0,0.0,0.12317944315098148,"{""status"": ""ok""}"
control,threshold_survival,0.8,5,prefix_group,primary,4,0.024635888630196296,0.0,0.0,0.12317944315098148,"{""status"": ""ok""}"
control,threshold_survival,0.8,5,prefix_group,primary,6,0.04927177726039259,0.0,0.0,0.12317944315098148,"{""status"": ""ok""}"
control,threshold_survival,0.8,5,prefix_group,primary,8,0.04927177726039259,0.0,0.0,0.12317944315098148,"{""status"": ""ok""}"
control,threshold_survival,0.8,5,prefix_group,primary,12,0.04927177726039259,0.0,0.0,0.12317944315098148,"{""status"": ""ok""}"
control,threshold_survival,0.8,5,prefix_group,primary,16,0.04927177726039259,0.0,0.0,0.12317944315098148,"{""status"": ""ok""}"
control,threshold_survival,0.8,5,prefix_group,primary,24,0.07390766589058888,0.0,0.0,0.12317944315098148,"{""status"": ""ok""}"
control,threshold_survival,0.8,5,prefix_group,primary,32,0.07390766589058888,0.0,0.0,0.12317944315098148,"{""status"": ""ok""}"
control,threshold_survival,0.8,5,prefix_group,primary,48,0.07390766589058888,0.0,0.0,0.12317944315098148,"{""status"": ""ok""}"
control,threshold_survival,0.8,5,prefix_group,primary,64,0.07390766589058888,0.0,0.0,0.12317944315098148,"{""status"": ""ok""}"
control,threshold_survival,0.8,5,prefix_group,primary,96,0.09854355452078518,0.0,0.0,0.12317944315098148,"{""status"": ""ok""}"
control,threshold_survival,0.8,5,prefix_group,primary,128,0.09854355452078518,0.0,0.0,0.12317944315098148,"{""status"": ""ok""}"
control,threshold_survival,0.8,5,kmeans_profile,diagnostic_function_preserving,1,0.0,0.0,0.0,0.12317944315098148,"{""diversity"": 0.0, ""k_used"": 1, ""status"": ""disabled_low_diversity""}"
control,threshold_survival,0.8,5,kmeans_profile,diagnostic_function_preserving,2,0.0,0.0,0.0,0.12317944315098148,"{""diversity"": 0.0, ""k_used"": 1, ""status"": ""disabled_low_diversity""}"
control,threshold_survival,0.8,5,kmeans_profile,diagnostic_function_preserving,3,0.0,0.0,0.0,0.12317944315098148,"{""diversity"": 0.0, ""k_used"": 1, ""status"": ""disabled_low_diversity""}"
control,threshold_survival,0.8,5,kmeans_profile,diagnostic_function_preserving,4,0.0,0.0,0.0,0.12317944315098148,"{""diversity"": 0.0, ""k_used"": 1, ""status"": ""disabled_low_diversity""}"
control,threshold_survival,0.8,5,kmeans_profile,diagnostic_function_preserving,6,0.0,0.0,0.0,0.12317944315098148,"{""diversity"": 0.0, ""k_used"": 1, ""status"": ""disabled_low_diversity""}"
control,threshold_survival,0.8,5,kmeans_profile,diagnostic_function_preserving,8,0.0,0.0,0.0,0.12317944315098148,"{""diversity"": 0.0, ""k_used"": 1, ""status"": ""disabled_low_diversity""}"
control,threshold_survival,0.8,5,kmeans_profile,diagnostic_function_preserving,12,0.0,0.0,0.0,0.12317944315098148,"{""diversity"": 0.0, ""k_used"": 1, ""status"": ""disabled_low_diversity""}"
control,threshold_survival,0.8,5,kmeans_profile,diagnostic_function_preserving,16,0.0,0.0,0.0,0.12317944315098148,"{""diversity"": 0.0, ""k_used"": 1, ""status"": ""disabled_low_diversity""}"
control,threshold_survival,0.8,5,kmeans_profile,diagnostic_function_preserving,24,0.0,0.0,0.0,0.12317944315098148,"{""diversity"": 0.0, ""k_used"": 1, ""status"": ""disabled_low_diversity""}"
control,threshold_survival,0.8,5,kmeans_profile,diagnostic_function_preserving,32,0.0,0.0,0.0,0.12317944315098148,"{""diversity"": 0.0, ""k_used"": 1, ""status"": ""disabled_low_diversity""}"
control,threshold_survival,0.8,5,kmeans_profile,diagnostic_function_preserving,48,0.0,0.0,0.0,0.12317944315098148,"{""diversity"": 0.0, ""k_used"": 1, ""status"": ""disabled_low_diversity""}"
control,threshold_survival,0.8,5,kmeans_profile,diagnostic_function_preserving,64,0.0,0.0,0.0,0.12317944315098148,"{""diversity"": 0.0, ""k_used"": 1, ""status"": ""disabled_low_diversity""}"
control,threshold_survival,0.8,5,kmeans_profile,diagnostic_function_preserving,96,0.0,0.0,0.0,0.12317944315098148,"{""diversity"": 0.0, ""k_used"": 1, ""status"": ""disabled_low_diversity""}"
control,threshold_survival,0.8,5,kmeans_profile,diagnostic_function_preserving,128,0.0,0.0,0.0,0.12317944315098148,"{""diversity"": 0.0, ""k_used"": 1, ""status"": ""disabled_low_diversity""}"
control,threshold_survival,0.8,6,balanced_random_group,primary,1,0.0,0.0,0.0,0.132343854900049,"{""status"": ""ok""}"
control,threshold_survival,0.8,6,balanced_random_group,primary,2,0.013234385490004899,0.0,0.0,0.132343854900049,"{""status"": ""ok""}"
control,threshold_survival,0.8,6,balanced_random_group,primary,3,0.020976004721745947,0.0,0.0,0.132343854900049,"{""status"": ""ok""}"
control,threshold_survival,0.8,6,balanced_random_group,primary,4,0.026468770980009798,0.0,0.0,0.132343854900049,"{""status"": ""ok""}"
control,threshold_survival,0.8,6,balanced_random_group,primary,6,0.034210390211750846,0.0,0.0,0.132343854900049,"{""status"": ""ok""}"
control,threshold_survival,0.8,6,balanced_random_group,primary,8,0.0397031564700147,0.0,0.0,0.132343854900049,"{""status"": ""ok""}"
control,threshold_survival,0.8,6,balanced_random_group,primary,12,0.047444775701755745,0.0,0.0,0.132343854900049,"{""status"": ""ok""}"
control,threshold_survival,0.8,6,balanced_random_group,primary,16,0.052937541960019596,0.0,0.0,0.132343854900049,"{""status"": ""ok""}"
control,threshold_survival,0.8,6,balanced_random_group,primary,24,0.060679161191760644,0.0,0.0,0.132343854900049,"{""status"": ""ok""}"
control,threshold_survival,0.8,6,balanced_random_group,primary,32,0.0661719274500245,0.0,0.0,0.132343854900049,"{""status"": ""ok""}"
control,threshold_survival,0.8,6,balanced_random_group,primary,48,0.07391354668176554,0.0,0.0,0.132343854900049,"{""status"": ""ok""}"
control,threshold_survival,0.8,6,balanced_random_group,primary,64,0.0794063129400294,0.0,0.0,0.132343854900049,"{""status"": ""ok""}"
control,threshold_survival,0.8,6,balanced_random_group,primary,96,0.08714793217177044,0.0,0.0,0.132343854900049,"{""status"": ""ok""}"
control,threshold_survival,0.8,6,balanced_random_group,primary,128,0.0926406984300343,0.0,0.0,0.132343854900049,"{""status"": ""ok""}"
control,threshold_survival,0.8,6,affinity_rank_group,primary,1,0.0,0.0,0.0,0.132343854900049,"{""status"": ""ok""}"
control,threshold_survival,0.8,6,affinity_rank_group,primary,2,0.013234385490004899,0.0,0.0,0.132343854900049,"{""status"": ""ok""}"
control,threshold_survival,0.8,6,affinity_rank_group,primary,3,0.020976004721745947,0.0,0.0,0.132343854900049,"{""status"": ""ok""}"
control,threshold_survival,0.8,6,affinity_rank_group,primary,4,0.026468770980009798,0.0,0.0,0.132343854900049,"{""status"": ""ok""}"
control,threshold_survival,0.8,6,affinity_rank_group,primary,6,0.034210390211750846,0.0,0.0,0.132343854900049,"{""status"": ""ok""}"
control,threshold_survival,0.8,6,affinity_rank_group,primary,8,0.0397031564700147,0.0,0.0,0.132343854900049,"{""status"": ""ok""}"
control,threshold_survival,0.8,6,affinity_rank_group,primary,12,0.047444775701755745,0.0,0.0,0.132343854900049,"{""status"": ""ok""}"
control,threshold_survival,0.8,6,affinity_rank_group,primary,16,0.052937541960019596,0.0,0.0,0.132343854900049,"{""status"": ""ok""}"
control,threshold_survival,0.8,6,affinity_rank_group,primary,24,0.060679161191760644,0.0,0.0,0.132343854900049,"{""status"": ""ok""}"
control,threshold_survival,0.8,6,affinity_rank_group,primary,32,0.0661719274500245,0.0,0.0,0.132343854900049,"{""status"": ""ok""}"
control,threshold_survival,0.8,6,affinity_rank_group,primary,48,0.07391354668176554,0.0,0.0,0.132343854900049,"{""status"": ""ok""}"
control,threshold_survival,0.8,6,affinity_rank_group,primary,64,0.0794063129400294,0.0,0.0,0.132343854900049,"{""status"": ""ok""}"
control,threshold_survival,0.8,6,affinity_rank_group,primary,96,0.08714793217177044,0.0,0.0,0.132343854900049,"{""status"": ""ok""}"
control,threshold_survival,0.8,6,affinity_rank_group,primary,128,0.0926406984300343,0.0,0.0,0.132343854900049,"{""status"": ""ok""}"
control,threshold_survival,0.8,6,prefix_group,primary,1,0.026468770980009798,0.0,0.0,0.132343854900049,"{""status"": ""ok""}"
control,threshold_survival,0.8,6,prefix_group,primary,2,0.026468770980009798,0.0,0.0,0.132343854900049,"{""status"": ""ok""}"
control,threshold_survival,0.8,6,prefix_group,primary,3,0.026468770980009798,0.0,0.0,0.132343854900049,"{""status"": ""ok""}"
control,threshold_survival,0.8,6,prefix_group,primary,4,0.026468770980009798,0.0,0.0,0.132343854900049,"{""status"": ""ok""}"
control,threshold_survival,0.8,6,prefix_group,primary,6,0.052937541960019596,0.0,0.0,0.132343854900049,"{""status"": ""ok""}"
control,threshold_survival,0.8,6,prefix_group,primary,8,0.052937541960019596,0.0,0.0,0.132343854900049,"{""status"": ""ok""}"
control,threshold_survival,0.8,6,prefix_group,primary,12,0.052937541960019596,0.0,0.0,0.132343854900049,"{""status"": ""ok""}"
control,threshold_survival,0.8,6,prefix_group,primary,16,0.052937541960019596,0.0,0.0,0.132343854900049,"{""status"": ""ok""}"
control,threshold_survival,0.8,6,prefix_group,primary,24,0.0794063129400294,0.0,0.0,0.132343854900049,"{""status"": ""ok""}"
control,threshold_survival,0.8,6,prefix_group,primary,32,0.0794063129400294,0.0,0.0,0.132343854900049,"{""status"": ""ok""}"
control,threshold_survival,0.8,6,prefix_group,primary,48,0.0794063129400294,0.0,0.0,0.132343854900049,"{""status"": ""ok""}"
control,threshold_survival,0.8,6,prefix_group,primary,64,0.0794063129400294,0.0,0.0,0.132343854900049,"{""status"": ""ok""}"
control,threshold_survival,0.8,6,prefix_group,primary,96,0.10587508392003919,0.0,0.0,0.132343854900049,"{""status"": ""ok""}"
control,threshold_survival,0.8,6,prefix_group,primary,128,0.10587508392003919,0.0,0.0,0.132343854900049,"{""status"": ""ok""}"
control,threshold_survival,0.8,6,kmeans_profile,diagnostic_function_preserving,1,0.0,0.0,0.0,0.132343854900049,"{""diversity"": 0.0, ""k_used"": 1, ""status"": ""disabled_low_diversity""}"
control,threshold_survival,0.8,6,kmeans_profile,diagnostic_function_preserving,2,0.0,0.0,0.0,0.132343854900049,"{""diversity"": 0.0, ""k_used"": 1, ""status"": ""disabled_low_diversity""}"
control,threshold_survival,0.8,6,kmeans_profile,diagnostic_function_preserving,3,0.0,0.0,0.0,0.132343854900049,"{""diversity"": 0.0, ""k_used"": 1, ""status"": ""disabled_low_diversity""}"
control,threshold_survival,0.8,6,kmeans_profile,diagnostic_function_preserving,4,0.0,0.0,0.0,0.132343854900049,"{""diversity"": 0.0, ""k_used"": 1, ""status"": ""disabled_low_diversity""}"
control,threshold_survival,0.8,6,kmeans_profile,diagnostic_function_preserving,6,0.0,0.0,0.0,0.132343854900049,"{""diversity"": 0.0, ""k_used"": 1, ""status"": ""disabled_low_diversity""}"
control,threshold_survival,0.8,6,kmeans_profile,diagnostic_function_preserving,8,0.0,0.0,0.0,0.132343854900049,"{""diversity"": 0.0, ""k_used"": 1, ""status"": ""disabled_low_diversity""}"
control,threshold_survival,0.8,6,kmeans_profile,diagnostic_function_preserving,12,0.0,0.0,0.0,0.132343854900049,"{""diversity"": 0.0, ""k_used"": 1, ""status"": ""disabled_low_diversity""}"
control,threshold_survival,0.8,6,kmeans_profile,diagnostic_function_preserving,16,0.0,0.0,0.0,0.132343854900049,"{""diversity"": 0.0, ""k_used"": 1, ""status"": ""disabled_low_diversity""}"
control,threshold_survival,0.8,6,kmeans_profile,diagnostic_function_preserving,24,0.0,0.0,0.0,0.132343854900049,"{""diversity"": 0.0, ""k_used"": 1, ""status"": ""disabled_low_diversity""}"
control,threshold_survival,0.8,6,kmeans_profile,diagnostic_function_preserving,32,0.0,0.0,0.0,0.132343854900049,"{""diversity"": 0.0, ""k_used"": 1, ""status"": ""disabled_low_diversity""}"
control,threshold_survival,0.8,6,kmeans_profile,diagnostic_function_preserving,48,0.0,0.0,0.0,0.132343854900049,"{""diversity"": 0.0, ""k_used"": 1, ""status"": ""disabled_low_diversity""}"
control,threshold_survival,0.8,6,kmeans_profile,diagnostic_function_preserving,64,0.0,0.0,0.0,0.132343854900049,"{""diversity"": 0.0, ""k_used"": 1, ""status"": ""disabled_low_diversity""}"
control,threshold_survival,0.8,6,kmeans_profile,diagnostic_function_preserving,96,0.0,0.0,0.0,0.132343854900049,"{""diversity"": 0.0, ""k_used"": 1, ""status"": ""disabled_low_diversity""}"
control,threshold_survival,0.8,6,kmeans_profile,diagnostic_function_preserving,128,0.0,0.0,0.0,0.132343854900049,"{""diversity"": 0.0, ""k_used"": 1, ""status"": ""disabled_low_diversity""}"
control,threshold_survival,0.8,7,balanced_random_group,primary,1,0.0,0.0,0.0,0.13767754759476808,"{""status"": ""ok""}"
control,threshold_survival,0.8,7,balanced_random_group,primary,2,0.013767754759476808,0.0,0.0,0.13767754759476808,"{""status"": ""ok""}"
control,threshold_survival,0.8,7,balanced_random_group,primary,3,0.02182137501289596,0.0,0.0,0.13767754759476808,"{""status"": ""ok""}"
control,threshold_survival,0.8,7,balanced_random_group,primary,4,0.027535509518953616,0.0,0.0,0.13767754759476808,"{""status"": ""ok""}"
control,threshold_survival,0.8,7,balanced_random_group,primary,6,0.035589129772372774,0.0,0.0,0.13767754759476808,"{""status"": ""ok""}"
control,threshold_survival,0.8,7,balanced_random_group,primary,8,0.041303264278430424,0.0,0.0,0.13767754759476808,"{""status"": ""ok""}"
control,threshold_survival,0.8,7,balanced_random_group,primary,12,0.049356884531849575,0.0,0.0,0.13767754759476808,"{""status"": ""ok""}"
control,threshold_survival,0.8,7,balanced_random_group,primary,16,0.05507101903790723,0.0,0.0,0.13767754759476808,"{""status"": ""ok""}"
control,threshold_survival,0.8,7,balanced_random_group,primary,24,0.06312463929132638,0.0,0.0,0.13767754759476808,"{""status"": ""ok""}"
control,threshold_survival,0.8,7,balanced_random_group,primary,32,0.06883877379738404,0.0,0.0,0.13767754759476808,"{""status"": ""ok""}"
control,threshold_survival,0.8,7,balanced_random_group,primary,48,0.07689239405080318,0.0,0.0,0.13767754759476808,"{""status"": ""ok""}"
control,threshold_survival,0.8,7,balanced_random_group,primary,64,0.08260652855686085,0.0,0.0,0.13767754759476808,"{""status"": ""ok""}"
control,threshold_survival,0.8,7,balanced_random_group,primary,96,0.09066014881028,0.0,0.0,0.13767754759476808,"{""status"": ""ok""}"
control,threshold_survival,0.8,7,balanced_random_group,primary,128,0.09637428331633766,0.0,0.0,0.13767754759476808,"{""status"": ""ok""}"
control,threshold_survival,0.8,7,affinity_rank_group,primary,1,0.0,0.0,0.0,0.13767754759476808,"{""status"": ""ok""}"
control,threshold_survival,0.8,7,affinity_rank_group,primary,2,0.013767754759476808,0.0,0.0,0.13767754759476808,"{""status"": ""ok""}"
control,threshold_survival,0.8,7,affinity_rank_group,primary,3,0.02182137501289596,0.0,0.0,0.13767754759476808,"{""status"": ""ok""}"
control,threshold_survival,0.8,7,affinity_rank_group,primary,4,0.027535509518953616,0.0,0.0,0.13767754759476808,"{""status"": ""ok""}"
control,threshold_survival,0.8,7,affinity_rank_group,primary,6,0.035589129772372774,0.0,0.0,0.13767754759476808,"{""status"": ""ok""}"
control,threshold_survival,0.8,7,affinity_rank_group,primary,8,0.041303264278430424,0.0,0.0,0.13767754759476808,"{""status"": ""ok""}"
control,threshold_survival,0.8,7,affinity_rank_group,primary,12,0.049356884531849575,0.0,0.0,0.13767754759476808,"{""status"": ""ok""}"
control,threshold_survival,0.8,7,affinity_rank_group,primary,16,0.05507101903790723,0.0,0.0,0.13767754759476808,"{""status"": ""ok""}"
control,threshold_survival,0.8,7,affinity_rank_group,primary,24,0.06312463929132638,0.0,0.0,0.13767754759476808,"{""status"": ""ok""}"
control,threshold_survival,0.8,7,affinity_rank_group,primary,32,0.06883877379738404,0.0,0.0,0.13767754759476808,"{""status"": ""ok""}"
control,threshold_survival,0.8,7,affinity_rank_group,primary,48,0.07689239405080318,0.0,0.0,0.13767754759476808,"{""status"": ""ok""}"
control,threshold_survival,0.8,7,affinity_rank_group,primary,64,0.08260652855686085,0.0,0.0,0.13767754759476808,"{""status"": ""ok""}"
control,threshold_survival,0.8,7,affinity_rank_group,primary,96,0.09066014881028,0.0,0.0,0.13767754759476808,"{""status"": ""ok""}"
control,threshold_survival,0.8,7,affinity_rank_group,primary,128,0.09637428331633766,0.0,0.0,0.13767754759476808,"{""status"": ""ok""}"
control,threshold_survival,0.8,7,prefix_group,primary,1,0.027535509518953616,0.0,0.0,0.13767754759476808,"{""status"": ""ok""}"
control,threshold_survival,0.8,7,prefix_group,primary,2,0.027535509518953616,0.0,0.0,0.13767754759476808,"{""status"": ""ok""}"
control,threshold_survival,0.8,7,prefix_group,primary,3,0.027535509518953616,0.0,0.0,0.13767754759476808,"{""status"": ""ok""}"
control,threshold_survival,0.8,7,prefix_group,primary,4,0.027535509518953616,0.0,0.0,0.13767754759476808,"{""status"": ""ok""}"
control,threshold_survival,0.8,7,prefix_group,primary,6,0.05507101903790723,0.0,0.0,0.13767754759476808,"{""status"": ""ok""}"
control,threshold_survival,0.8,7,prefix_group,primary,8,0.05507101903790723,0.0,0.0,0.13767754759476808,"{""status"": ""ok""}"
control,threshold_survival,0.8,7,prefix_group,primary,12,0.05507101903790723,0.0,0.0,0.13767754759476808,"{""status"": ""ok""}"
control,threshold_survival,0.8,7,prefix_group,primary,16,0.05507101903790723,0.0,0.0,0.13767754759476808,"{""status"": ""ok""}"
control,threshold_survival,0.8,7,prefix_group,primary,24,0.08260652855686085,0.0,0.0,0.13767754759476808,"{""status"": ""ok""}"
control,threshold_survival,0.8,7,prefix_group,primary,32,0.08260652855686085,0.0,0.0,0.13767754759476808,"{""status"": ""ok""}"
control,threshold_survival,0.8,7,prefix_group,primary,48,0.08260652855686085,0.0,0.0,0.13767754759476808,"{""status"": ""ok""}"
control,threshold_survival,0.8,7,prefix_group,primary,64,0.08260652855686085,0.0,0.0,0.13767754759476808,"{""status"": ""ok""}"
control,threshold_survival,0.8,7,prefix_group,primary,96,0.11014203807581446,0.0,0.0,0.13767754759476808,"{""status"": ""ok""}"
control,threshold_survival,0.8,7,prefix_group,primary,128,0.11014203807581446,0.0,0.0,0.13767754759476808,"{""status"": ""ok""}"
control,threshold_survival,0.8,7,kmeans_profile,diagnostic_function_preserving,1,0.0,0.0,0.0,0.13767754759476808,"{""diversity"": 0.0, ""k_used"": 1, ""status"": ""disabled_low_diversity""}"
control,threshold_survival,0.8,7,kmeans_profile,diagnostic_function_preserving,2,0.0,0.0,0.0,0.13767754759476808,"{""diversity"": 0.0, ""k_used"": 1, ""status"": ""disabled_low_diversity""}"
control,threshold_survival,0.8,7,kmeans_profile,diagnostic_function_preserving,3,0.0,0.0,0.0,0.13767754759476808,"{""diversity"": 0.0, ""k_used"": 1, ""status"": ""disabled_low_diversity""}"
control,threshold_survival,0.8,7,kmeans_profile,diagnostic_function_preserving,4,0.0,0.0,0.0,0.13767754759476808,"{""diversity"": 0.0, ""k_used"": 1, ""status"": ""disabled_low_diversity""}"
control,threshold_survival,0.8,7,kmeans_profile,diagnostic_function_preserving,6,0.0,0.0,0.0,0.13767754759476808,"{""diversity"": 0.0, ""k_used"": 1, ""status"": ""disabled_low_diversity""}"
control,threshold_survival,0.8,7,kmeans_profile,diagnostic_function_preserving,8,0.0,0.0,0.0,0.13767754759476808,"{""diversity"": 0.0, ""k_used"": 1, ""status"": ""disabled_low_diversity""}"
control,threshold_survival,0.8,7,kmeans_profile,diagnostic_function_preserving,12,0.0,0.0,0.0,0.13767754759476808,"{""diversity"": 0.0, ""k_used"": 1, ""status"": ""disabled_low_diversity""}"
control,threshold_survival,0.8,7,kmeans_profile,diagnostic_function_preserving,16,0.0,0.0,0.0,0.13767754759476808,"{""diversity"": 0.0, ""k_used"": 1, ""status"": ""disabled_low_diversity""}"
control,threshold_survival,0.8,7,kmeans_profile,diagnostic_function_preserving,24,0.0,0.0,0.0,0.13767754759476808,"{""diversity"": 0.0, ""k_used"": 1, ""status"": ""disabled_low_diversity""}"
control,threshold_survival,0.8,7,kmeans_profile,diagnostic_function_preserving,32,0.0,0.0,0.0,0.13767754759476808,"{""diversity"": 0.0, ""k_used"": 1, ""status"": ""disabled_low_diversity""}"
control,threshold_survival,0.8,7,kmeans_profile,diagnostic_function_preserving,48,0.0,0.0,0.0,0.13767754759476808,"{""diversity"": 0.0, ""k_used"": 1, ""status"": ""disabled_low_diversity""}"
control,threshold_survival,0.8,7,kmeans_profile,diagnostic_function_preserving,64,0.0,0.0,0.0,0.13767754759476808,"{""diversity"": 0.0, ""k_used"": 1, ""status"": ""disabled_low_diversity""}"
control,threshold_survival,0.8,7,kmeans_profile,diagnostic_function_preserving,96,0.0,0.0,0.0,0.13767754759476808,"{""diversity"": 0.0, ""k_used"": 1, ""status"": ""disabled_low_diversity""}"
control,threshold_survival,0.8,7,kmeans_profile,diagnostic_function_preserving,128,0.0,0.0,0.0,0.13767754759476808,"{""diversity"": 0.0, ""k_used"": 1, ""status"": ""disabled_low_diversity""}"
control,threshold_survival,0.8,8,balanced_random_group,primary,1,0.0,0.0,0.0,0.13291786044062126,"{""status"": ""ok""}"
control,threshold_survival,0.8,8,balanced_random_group,primary,2,0.013291786044062127,0.0,0.0,0.13291786044062126,"{""status"": ""ok""}"
control,threshold_survival,0.8,8,balanced_random_group,primary,3,0.021066982447447268,0.0,0.0,0.13291786044062126,"{""status"": ""ok""}"
control,threshold_survival,0.8,8,balanced_random_group,primary,4,0.026583572088124254,0.0,0.0,0.13291786044062126,"{""status"": ""ok""}"
control,threshold_survival,0.8,8,balanced_random_group,primary,6,0.0343587684915094,0.0,0.0,0.13291786044062126,"{""status"": ""ok""}"
control,threshold_survival,0.8,8,balanced_random_group,primary,8,0.03987535813218638,0.0,0.0,0.13291786044062126,"{""status"": ""ok""}"
control,threshold_survival,0.8,8,balanced_random_group,primary,12,0.04765055453557152,0.0,0.0,0.13291786044062126,"{""status"": ""ok""}"
control,threshold_survival,0.8,8,balanced_random_group,primary,16,0.05316714417624851,0.0,0.0,0.13291786044062126,"{""status"": ""ok""}"
control,threshold_survival,0.8,8,balanced_random_group,primary,24,0.060942340579633644,0.0,0.0,0.13291786044062126,"{""status"": ""ok""}"
control,threshold_survival,0.8,8,balanced_random_group,primary,32,0.06645893022031063,0.0,0.0,0.13291786044062126,"{""status"": ""ok""}"
control,threshold_survival,0.8,8,balanced_random_group,primary,48,0.07423412662369577,0.0,0.0,0.13291786044062126,"{""status"": ""ok""}"
control,threshold_survival,0.8,8,balanced_random_group,primary,64,0.07975071626437276,0.0,0.0,0.13291786044062126,"{""status"": ""ok""}"
control,threshold_survival,0.8,8,balanced_random_group,primary,96,0.0875259126677579,0.0,0.0,0.13291786044062126,"{""status"": ""ok""}"
control,threshold_survival,0.8,8,balanced_random_group,primary,128,0.09304250230843487,0.0,0.0,0.13291786044062126,"{""status"": ""ok""}"
control,threshold_survival,0.8,8,affinity_rank_group,primary,1,0.0,0.0,0.0,0.13291786044062126,"{""status"": ""ok""}"
control,threshold_survival,0.8,8,affinity_rank_group,primary,2,0.013291786044062127,0.0,0.0,0.13291786044062126,"{""status"": ""ok""}"
control,threshold_survival,0.8,8,affinity_rank_group,primary,3,0.021066982447447268,0.0,0.0,0.13291786044062126,"{""status"": ""ok""}"
control,threshold_survival,0.8,8,affinity_rank_group,primary,4,0.026583572088124254,0.0,0.0,0.13291786044062126,"{""status"": ""ok""}"
control,threshold_survival,0.8,8,affinity_rank_group,primary,6,0.0343587684915094,0.0,0.0,0.13291786044062126,"{""status"": ""ok""}"
control,threshold_survival,0.8,8,affinity_rank_group,primary,8,0.03987535813218638,0.0,0.0,0.13291786044062126,"{""status"": ""ok""}"
control,threshold_survival,0.8,8,affinity_rank_group,primary,12,0.04765055453557152,0.0,0.0,0.13291786044062126,"{""status"": ""ok""}"
control,threshold_survival,0.8,8,affinity_rank_group,primary,16,0.05316714417624851,0.0,0.0,0.13291786044062126,"{""status"": ""ok""}"
control,threshold_survival,0.8,8,affinity_rank_group,primary,24,0.060942340579633644,0.0,0.0,0.13291786044062126,"{""status"": ""ok""}"
control,threshold_survival,0.8,8,affinity_rank_group,primary,32,0.06645893022031063,0.0,0.0,0.13291786044062126,"{""status"": ""ok""}"
control,threshold_survival,0.8,8,affinity_rank_group,primary,48,0.07423412662369577,0.0,0.0,0.13291786044062126,"{""status"": ""ok""}"
control,threshold_survival,0.8,8,affinity_rank_group,primary,64,0.07975071626437276,0.0,0.0,0.13291786044062126,"{""status"": ""ok""}"
control,threshold_survival,0.8,8,affinity_rank_group,primary,96,0.0875259126677579,0.0,0.0,0.13291786044062126,"{""status"": ""ok""}"
control,threshold_survival,0.8,8,affinity_rank_group,primary,128,0.09304250230843487,0.0,0.0,0.13291786044062126,"{""status"": ""ok""}"
control,threshold_survival,0.8,8,prefix_group,primary,1,0.026583572088124254,0.0,0.0,0.13291786044062126,"{""status"": ""ok""}"
control,threshold_survival,0.8,8,prefix_group,primary,2,0.026583572088124254,0.0,0.0,0.13291786044062126,"{""status"": ""ok""}"
control,threshold_survival,0.8,8,prefix_group,primary,3,0.026583572088124254,0.0,0.0,0.13291786044062126,"{""status"": ""ok""}"
control,threshold_survival,0.8,8,prefix_group,primary,4,0.026583572088124254,0.0,0.0,0.13291786044062126,"{""status"": ""ok""}"
control,threshold_survival,0.8,8,prefix_group,primary,6,0.05316714417624851,0.0,0.0,0.13291786044062126,"{""status"": ""ok""}"
control,threshold_survival,0.8,8,prefix_group,primary,8,0.05316714417624851,0.0,0.0,0.13291786044062126,"{""status"": ""ok""}"
control,threshold_survival,0.8,8,prefix_group,primary,12,0.05316714417624851,0.0,0.0,0.13291786044062126,"{""status"": ""ok""}"
control,threshold_survival,0.8,8,prefix_group,primary,16,0.05316714417624851,0.0,0.0,0.13291786044062126,"{""status"": ""ok""}"
control,threshold_survival,0.8,8,prefix_group,primary,24,0.07975071626437276,0.0,0.0,0.13291786044062126,"{""status"": ""ok""}"
control,threshold_survival,0.8,8,prefix_group,primary,32,0.07975071626437276,0.0,0.0,0.13291786044062126,"{""status"": ""ok""}"
control,threshold_survival,0.8,8,prefix_group,primary,48,0.07975071626437276,0.0,0.0,0.13291786044062126,"{""status"": ""ok""}"
control,threshold_survival,0.8,8,prefix_group,primary,64,0.07975071626437276,0.0,0.0,0.13291786044062126,"{""status"": ""ok""}"
control,threshold_survival,0.8,8,prefix_group,primary,96,0.10633428835249702,0.0,0.0,0.13291786044062126,"{""status"": ""ok""}"
control,threshold_survival,0.8,8,prefix_group,primary,128,0.10633428835249702,0.0,0.0,0.13291786044062126,"{""status"": ""ok""}"
control,threshold_survival,0.8,8,kmeans_profile,diagnostic_function_preserving,1,0.0,0.0,0.0,0.13291786044062126,"{""diversity"": 0.0, ""k_used"": 1, ""status"": ""disabled_low_diversity""}"
control,threshold_survival,0.8,8,kmeans_profile,diagnostic_function_preserving,2,0.0,0.0,0.0,0.13291786044062126,"{""diversity"": 0.0, ""k_used"": 1, ""status"": ""disabled_low_diversity""}"
control,threshold_survival,0.8,8,kmeans_profile,diagnostic_function_preserving,3,0.0,0.0,0.0,0.13291786044062126,"{""diversity"": 0.0, ""k_used"": 1, ""status"": ""disabled_low_diversity""}"
control,threshold_survival,0.8,8,kmeans_profile,diagnostic_function_preserving,4,0.0,0.0,0.0,0.13291786044062126,"{""diversity"": 0.0, ""k_used"": 1, ""status"": ""disabled_low_diversity""}"
control,threshold_survival,0.8,8,kmeans_profile,diagnostic_function_preserving,6,0.0,0.0,0.0,0.13291786044062126,"{""diversity"": 0.0, ""k_used"": 1, ""status"": ""disabled_low_diversity""}"
control,threshold_survival,0.8,8,kmeans_profile,diagnostic_function_preserving,8,0.0,0.0,0.0,0.13291786044062126,"{""diversity"": 0.0, ""k_used"": 1, ""status"": ""disabled_low_diversity""}"
control,threshold_survival,0.8,8,kmeans_profile,diagnostic_function_preserving,12,0.0,0.0,0.0,0.13291786044062126,"{""diversity"": 0.0, ""k_used"": 1, ""status"": ""disabled_low_diversity""}"
control,threshold_survival,0.8,8,kmeans_profile,diagnostic_function_preserving,16,0.0,0.0,0.0,0.13291786044062126,"{""diversity"": 0.0, ""k_used"": 1, ""status"": ""disabled_low_diversity""}"
control,threshold_survival,0.8,8,kmeans_profile,diagnostic_function_preserving,24,0.0,0.0,0.0,0.13291786044062126,"{""diversity"": 0.0, ""k_used"": 1, ""status"": ""disabled_low_diversity""}"
control,threshold_survival,0.8,8,kmeans_profile,diagnostic_function_preserving,32,0.0,0.0,0.0,0.13291786044062126,"{""diversity"": 0.0, ""k_used"": 1, ""status"": ""disabled_low_diversity""}"
control,threshold_survival,0.8,8,kmeans_profile,diagnostic_function_preserving,48,0.0,0.0,0.0,0.13291786044062126,"{""diversity"": 0.0, ""k_used"": 1, ""status"": ""disabled_low_diversity""}"
control,threshold_survival,0.8,8,kmeans_profile,diagnostic_function_preserving,64,0.0,0.0,0.0,0.13291786044062126,"{""diversity"": 0.0, ""k_used"": 1, ""status"": ""disabled_low_diversity""}"
control,threshold_survival,0.8,8,kmeans_profile,diagnostic_function_preserving,96,0.0,0.0,0.0,0.13291786044062126,"{""diversity"": 0.0, ""k_used"": 1, ""status"": ""disabled_low_diversity""}"
control,threshold_survival,0.8,8,kmeans_profile,diagnostic_function_preserving,128,0.0,0.0,0.0,0.13291786044062126,"{""diversity"": 0.0, ""k_used"": 1, ""status"": ""disabled_low_diversity""}"
control,threshold_survival,0.8,9,balanced_random_group,primary,1,0.0,0.0,0.0,0.12550464791393146,"{""status"": ""ok""}"
control,threshold_survival,0.8,9,balanced_random_group,primary,2,0.012550464791393146,0.0,0.0,0.12550464791393146,"{""status"": ""ok""}"
control,threshold_survival,0.8,9,balanced_random_group,primary,3,0.0198920160609793,0.0,0.0,0.12550464791393146,"{""status"": ""ok""}"
control,threshold_survival,0.8,9,balanced_random_group,primary,4,0.025100929582786292,0.0,0.0,0.12550464791393146,"{""status"": ""ok""}"
control,threshold_survival,0.8,9,balanced_random_group,primary,6,0.03244248085237245,0.0,0.0,0.12550464791393146,"{""status"": ""ok""}"
control,threshold_survival,0.8,9,balanced_random_group,primary,8,0.037651394374179435,0.0,0.0,0.12550464791393146,"{""status"": ""ok""}"
control,threshold_survival,0.8,9,balanced_random_group,primary,12,0.044992945643765596,0.0,0.0,0.12550464791393146,"{""status"": ""ok""}"
control,threshold_survival,0.8,9,balanced_random_group,primary,16,0.050201859165572585,0.0,0.0,0.12550464791393146,"{""status"": ""ok""}"
control,threshold_survival,0.8,9,balanced_random_group,primary,24,0.05754341043515874,0.0,0.0,0.12550464791393146,"{""status"": ""ok""}"
control,threshold_survival,0.8,9,balanced_random_group,primary,32,0.06275232395696573,0.0,0.0,0.12550464791393146,"{""status"": ""ok""}"
control,threshold_survival,0.8,9,balanced_random_group,primary,48,0.07009387522655187,0.0,0.0,0.12550464791393146,"{""status"": ""ok""}"
control,threshold_survival,0.8,9,balanced_random_group,primary,64,0.07530278874835887,0.0,0.0,0.12550464791393146,"{""status"": ""ok""}"
control,threshold_survival,0.8,9,balanced_random_group,primary,96,0.08264434001794503,0.0,0.0,0.12550464791393146,"{""status"": ""ok""}"
control,threshold_survival,0.8,9,balanced_random_group,primary,128,0.08785325353975201,0.0,0.0,0.12550464791393146,"{""status"": ""ok""}"
control,threshold_survival,0.8,9,affinity_rank_group,primary,1,0.0,0.0,0.0,0.12550464791393146,"{""status"": ""ok""}"
control,threshold_survival,0.8,9,affinity_rank_group,primary,2,0.012550464791393146,0.0,0.0,0.12550464791393146,"{""status"": ""ok""}"
control,threshold_survival,0.8,9,affinity_rank_group,primary,3,0.0198920160609793,0.0,0.0,0.12550464791393146,"{""status"": ""ok""}"
control,threshold_survival,0.8,9,affinity_rank_group,primary,4,0.025100929582786292,0.0,0.0,0.12550464791393146,"{""status"": ""ok""}"
control,threshold_survival,0.8,9,affinity_rank_group,primary,6,0.03244248085237245,0.0,0.0,0.12550464791393146,"{""status"": ""ok""}"
control,threshold_survival,0.8,9,affinity_rank_group,primary,8,0.037651394374179435,0.0,0.0,0.12550464791393146,"{""status"": ""ok""}"
control,threshold_survival,0.8,9,affinity_rank_group,primary,12,0.044992945643765596,0.0,0.0,0.12550464791393146,"{""status"": ""ok""}"
control,threshold_survival,0.8,9,affinity_rank_group,primary,16,0.050201859165572585,0.0,0.0,0.12550464791393146,"{""status"": ""ok""}"
control,threshold_survival,0.8,9,affinity_rank_group,primary,24,0.05754341043515874,0.0,0.0,0.12550464791393146,"{""status"": ""ok""}"
control,threshold_survival,0.8,9,affinity_rank_group,primary,32,0.06275232395696573,0.0,0.0,0.12550464791393146,"{""status"": ""ok""}"
control,threshold_survival,0.8,9,affinity_rank_group,primary,48,0.07009387522655187,0.0,0.0,0.12550464791393146,"{""status"": ""ok""}"
control,threshold_survival,0.8,9,affinity_rank_group,primary,64,0.07530278874835887,0.0,0.0,0.12550464791393146,"{""status"": ""ok""}"
control,threshold_survival,0.8,9,affinity_rank_group,primary,96,0.08264434001794503,0.0,0.0,0.12550464791393146,"{""status"": ""ok""}"
control,threshold_survival,0.8,9,affinity_rank_group,primary,128,0.08785325353975201,0.0,0.0,0.12550464791393146,"{""status"": ""ok""}"
control,threshold_survival,0.8,9,prefix_group,primary,1,0.025100929582786292,0.0,0.0,0.12550464791393146,"{""status"": ""ok""}"
control,threshold_survival,0.8,9,prefix_group,primary,2,0.025100929582786292,0.0,0.0,0.12550464791393146,"{""status"": ""ok""}"
control,threshold_survival,0.8,9,prefix_group,primary,3,0.025100929582786292,0.0,0.0,0.12550464791393146,"{""status"": ""ok""}"
control,threshold_survival,0.8,9,prefix_group,primary,4,0.025100929582786292,0.0,0.0,0.12550464791393146,"{""status"": ""ok""}"
control,threshold_survival,0.8,9,prefix_group,primary,6,0.050201859165572585,0.0,0.0,0.12550464791393146,"{""status"": ""ok""}"
control,threshold_survival,0.8,9,prefix_group,primary,8,0.050201859165572585,0.0,0.0,0.12550464791393146,"{""status"": ""ok""}"
control,threshold_survival,0.8,9,prefix_group,primary,12,0.050201859165572585,0.0,0.0,0.12550464791393146,"{""status"": ""ok""}"
control,threshold_survival,0.8,9,prefix_group,primary,16,0.050201859165572585,0.0,0.0,0.12550464791393146,"{""status"": ""ok""}"
control,threshold_survival,0.8,9,prefix_group,primary,24,0.07530278874835887,0.0,0.0,0.12550464791393146,"{""status"": ""ok""}"
control,threshold_survival,0.8,9,prefix_group,primary,32,0.07530278874835887,0.0,0.0,0.12550464791393146,"{""status"": ""ok""}"
control,threshold_survival,0.8,9,prefix_group,primary,48,0.07530278874835887,0.0,0.0,0.12550464791393146,"{""status"": ""ok""}"
control,threshold_survival,0.8,9,prefix_group,primary,64,0.07530278874835887,0.0,0.0,0.12550464791393146,"{""status"": ""ok""}"
control,threshold_survival,0.8,9,prefix_group,primary,96,0.10040371833114517,0.0,0.0,0.12550464791393146,"{""status"": ""ok""}"
control,threshold_survival,0.8,9,prefix_group,primary,128,0.10040371833114517,0.0,0.0,0.12550464791393146,"{""status"": ""ok""}"
control,threshold_survival,0.8,9,kmeans_profile,diagnostic_function_preserving,1,0.0,0.0,0.0,0.12550464791393146,"{""diversity"": 0.0, ""k_used"": 1, ""status"": ""disabled_low_diversity""}"
control,threshold_survival,0.8,9,kmeans_profile,diagnostic_function_preserving,2,0.0,0.0,0.0,0.12550464791393146,"{""diversity"": 0.0, ""k_used"": 1, ""status"": ""disabled_low_diversity""}"
control,threshold_survival,0.8,9,kmeans_profile,diagnostic_function_preserving,3,0.0,0.0,0.0,0.12550464791393146,"{""diversity"": 0.0, ""k_used"": 1, ""status"": ""disabled_low_diversity""}"
control,threshold_survival,0.8,9,kmeans_profile,diagnostic_function_preserving,4,0.0,0.0,0.0,0.12550464791393146,"{""diversity"": 0.0, ""k_used"": 1, ""status"": ""disabled_low_diversity""}"
control,threshold_survival,0.8,9,kmeans_profile,diagnostic_function_preserving,6,0.0,0.0,0.0,0.12550464791393146,"{""diversity"": 0.0, ""k_used"": 1, ""status"": ""disabled_low_diversity""}"
control,threshold_survival,0.8,9,kmeans_profile,diagnostic_function_preserving,8,0.0,0.0,0.0,0.12550464791393146,"{""diversity"": 0.0, ""k_used"": 1, ""status"": ""disabled_low_diversity""}"
control,threshold_survival,0.8,9,kmeans_profile,diagnostic_function_preserving,12,0.0,0.0,0.0,0.12550464791393146,"{""diversity"": 0.0, ""k_used"": 1, ""status"": ""disabled_low_diversity""}"
control,threshold_survival,0.8,9,kmeans_profile,diagnostic_function_preserving,16,0.0,0.0,0.0,0.12550464791393146,"{""diversity"": 0.0, ""k_used"": 1, ""status"": ""disabled_low_diversity""}"
control,threshold_survival,0.8,9,kmeans_profile,diagnostic_function_preserving,24,0.0,0.0,0.0,0.12550464791393146,"{""diversity"": 0.0, ""k_used"": 1, ""status"": ""disabled_low_diversity""}"
control,threshold_survival,0.8,9,kmeans_profile,diagnostic_function_preserving,32,0.0,0.0,0.0,0.12550464791393146,"{""diversity"": 0.0, ""k_used"": 1, ""status"": ""disabled_low_diversity""}"
control,threshold_survival,0.8,9,kmeans_profile,diagnostic_function_preserving,48,0.0,0.0,0.0,0.12550464791393146,"{""diversity"": 0.0, ""k_used"": 1, ""status"": ""disabled_low_diversity""}"
control,threshold_survival,0.8,9,kmeans_profile,diagnostic_function_preserving,64,0.0,0.0,0.0,0.12550464791393146,"{""diversity"": 0.0, ""k_used"": 1, ""status"": ""disabled_low_diversity""}"
control,threshold_survival,0.8,9,kmeans_profile,diagnostic_function_preserving,96,0.0,0.0,0.0,0.12550464791393146,"{""diversity"": 0.0, ""k_used"": 1, ""status"": ""disabled_low_diversity""}"
control,threshold_survival,0.8,9,kmeans_profile,diagnostic_function_preserving,128,0.0,0.0,0.0,0.12550464791393146,"{""diversity"": 0.0, ""k_used"": 1, ""status"": ""disabled_low_diversity""}"
control,threshold_survival,0.8,10,balanced_random_group,primary,1,0.0,0.0,0.0,0.12931053188689512,"{""status"": ""ok""}"
control,threshold_survival,0.8,10,balanced_random_group,primary,2,0.012931053188689513,0.0,0.0,0.12931053188689512,"{""status"": ""ok""}"
control,threshold_survival,0.8,10,balanced_random_group,primary,3,0.020495234398903606,0.0,0.0,0.12931053188689512,"{""status"": ""ok""}"
control,threshold_survival,0.8,10,balanced_random_group,primary,4,0.025862106377379027,0.0,0.0,0.12931053188689512,"{""status"": ""ok""}"
control,threshold_survival,0.8,10,balanced_random_group,primary,6,0.033426287587593126,0.0,0.0,0.12931053188689512,"{""status"": ""ok""}"
control,threshold_survival,0.8,10,balanced_random_group,primary,8,0.03879315956606853,0.0,0.0,0.12931053188689512,"{""status"": ""ok""}"
control,threshold_survival,0.8,10,balanced_random_group,primary,12,0.04635734077628263,0.0,0.0,0.12931053188689512,"{""status"": ""ok""}"
control,threshold_survival,0.8,10,balanced_random_group,primary,16,0.05172421275475805,0.0,0.0,0.12931053188689512,"{""status"": ""ok""}"
control,threshold_survival,0.8,10,balanced_random_group,primary,24,0.05928839396497214,0.0,0.0,0.12931053188689512,"{""status"": ""ok""}"
control,threshold_survival,0.8,10,balanced_random_group,primary,32,0.06465526594344756,0.0,0.0,0.12931053188689512,"{""status"": ""ok""}"
control,threshold_survival,0.8,10,balanced_random_group,primary,48,0.07221944715366165,0.0,0.0,0.12931053188689512,"{""status"": ""ok""}"
control,threshold_survival,0.8,10,balanced_random_group,primary,64,0.07758631913213707,0.0,0.0,0.12931053188689512,"{""status"": ""ok""}"
control,threshold_survival,0.8,10,balanced_random_group,primary,96,0.08515050034235118,0.0,0.0,0.12931053188689512,"{""status"": ""ok""}"
control,threshold_survival,0.8,10,balanced_random_group,primary,128,0.09051737232082657,0.0,0.0,0.12931053188689512,"{""status"": ""ok""}"
control,threshold_survival,0.8,10,affinity_rank_group,primary,1,0.0,0.0,0.0,0.12931053188689512,"{""status"": ""ok""}"
control,threshold_survival,0.8,10,affinity_rank_group,primary,2,0.012931053188689513,0.0,0.0,0.12931053188689512,"{""status"": ""ok""}"
control,threshold_survival,0.8,10,affinity_rank_group,primary,3,0.020495234398903606,0.0,0.0,0.12931053188689512,"{""status"": ""ok""}"
control,threshold_survival,0.8,10,affinity_rank_group,primary,4,0.025862106377379027,0.0,0.0,0.12931053188689512,"{""status"": ""ok""}"
control,threshold_survival,0.8,10,affinity_rank_group,primary,6,0.033426287587593126,0.0,0.0,0.12931053188689512,"{""status"": ""ok""}"
control,threshold_survival,0.8,10,affinity_rank_group,primary,8,0.03879315956606853,0.0,0.0,0.12931053188689512,"{""status"": ""ok""}"
control,threshold_survival,0.8,10,affinity_rank_group,primary,12,0.04635734077628263,0.0,0.0,0.12931053188689512,"{""status"": ""ok""}"
control,threshold_survival,0.8,10,affinity_rank_group,primary,16,0.05172421275475805,0.0,0.0,0.12931053188689512,"{""status"": ""ok""}"
control,threshold_survival,0.8,10,affinity_rank_group,primary,24,0.05928839396497214,0.0,0.0,0.12931053188689512,"{""status"": ""ok""}"
control,threshold_survival,0.8,10,affinity_rank_group,primary,32,0.06465526594344756,0.0,0.0,0.12931053188689512,"{""status"": ""ok""}"
control,threshold_survival,0.8,10,affinity_rank_group,primary,48,0.07221944715366165,0.0,0.0,0.12931053188689512,"{""status"": ""ok""}"
control,threshold_survival,0.8,10,affinity_rank_group,primary,64,0.07758631913213707,0.0,0.0,0.12931053188689512,"{""status"": ""ok""}"
control,threshold_survival,0.8,10,affinity_rank_group,primary,96,0.08515050034235118,0.0,0.0,0.12931053188689512,"{""status"": ""ok""}"
control,threshold_survival,0.8,10,affinity_rank_group,primary,128,0.09051737232082657,0.0,0.0,0.12931053188689512,"{""status"": ""ok""}"
control,threshold_survival,0.8,10,prefix_group,primary,1,0.025862106377379027,0.0,0.0,0.12931053188689512,"{""status"": ""ok""}"
control,threshold_survival,0.8,10,prefix_group,primary,2,0.025862106377379027,0.0,0.0,0.12931053188689512,"{""status"": ""ok""}"
control,threshold_survival,0.8,10,prefix_group,primary,3,0.025862106377379027,0.0,0.0,0.12931053188689512,"{""status"": ""ok""}"
control,threshold_survival,0.8,10,prefix_group,primary,4,0.025862106377379027,0.0,0.0,0.12931053188689512,"{""status"": ""ok""}"
control,threshold_survival,0.8,10,prefix_group,primary,6,0.05172421275475805,0.0,0.0,0.12931053188689512,"{""status"": ""ok""}"
control,threshold_survival,0.8,10,prefix_group,primary,8,0.05172421275475805,0.0,0.0,0.12931053188689512,"{""status"": ""ok""}"
control,threshold_survival,0.8,10,prefix_group,primary,12,0.05172421275475805,0.0,0.0,0.12931053188689512,"{""status"": ""ok""}"
control,threshold_survival,0.8,10,prefix_group,primary,16,0.05172421275475805,0.0,0.0,0.12931053188689512,"{""status"": ""ok""}"
control,threshold_survival,0.8,10,prefix_group,primary,24,0.07758631913213707,0.0,0.0,0.12931053188689512,"{""status"": ""ok""}"
control,threshold_survival,0.8,10,prefix_group,primary,32,0.07758631913213707,0.0,0.0,0.12931053188689512,"{""status"": ""ok""}"
control,threshold_survival,0.8,10,prefix_group,primary,48,0.07758631913213707,0.0,0.0,0.12931053188689512,"{""status"": ""ok""}"
control,threshold_survival,0.8,10,prefix_group,primary,64,0.07758631913213707,0.0,0.0,0.12931053188689512,"{""status"": ""ok""}"
control,threshold_survival,0.8,10,prefix_group,primary,96,0.1034484255095161,0.0,0.0,0.12931053188689512,"{""status"": ""ok""}"
control,threshold_survival,0.8,10,prefix_group,primary,128,0.1034484255095161,0.0,0.0,0.12931053188689512,"{""status"": ""ok""}"
control,threshold_survival,0.8,10,kmeans_profile,diagnostic_function_preserving,1,0.0,0.0,0.0,0.12931053188689512,"{""diversity"": 0.0, ""k_used"": 1, ""status"": ""disabled_low_diversity""}"
control,threshold_survival,0.8,10,kmeans_profile,diagnostic_function_preserving,2,0.0,0.0,0.0,0.12931053188689512,"{""diversity"": 0.0, ""k_used"": 1, ""status"": ""disabled_low_diversity""}"
control,threshold_survival,0.8,10,kmeans_profile,diagnostic_function_preserving,3,0.0,0.0,0.0,0.12931053188689512,"{""diversity"": 0.0, ""k_used"": 1, ""status"": ""disabled_low_diversity""}"
control,threshold_survival,0.8,10,kmeans_profile,diagnostic_function_preserving,4,0.0,0.0,0.0,0.12931053188689512,"{""diversity"": 0.0, ""k_used"": 1, ""status"": ""disabled_low_diversity""}"
control,threshold_survival,0.8,10,kmeans_profile,diagnostic_function_preserving,6,0.0,0.0,0.0,0.12931053188689512,"{""diversity"": 0.0, ""k_used"": 1, ""status"": ""disabled_low_diversity""}"
control,threshold_survival,0.8,10,kmeans_profile,diagnostic_function_preserving,8,0.0,0.0,0.0,0.12931053188689512,"{""diversity"": 0.0, ""k_used"": 1, ""status"": ""disabled_low_diversity""}"
control,threshold_survival,0.8,10,kmeans_profile,diagnostic_function_preserving,12,0.0,0.0,0.0,0.12931053188689512,"{""diversity"": 0.0, ""k_used"": 1, ""status"": ""disabled_low_diversity""}"
control,threshold_survival,0.8,10,kmeans_profile,diagnostic_function_preserving,16,0.0,0.0,0.0,0.12931053188689512,"{""diversity"": 0.0, ""k_used"": 1, ""status"": ""disabled_low_diversity""}"
control,threshold_survival,0.8,10,kmeans_profile,diagnostic_function_preserving,24,0.0,0.0,0.0,0.12931053188689512,"{""diversity"": 0.0, ""k_used"": 1, ""status"": ""disabled_low_diversity""}"
control,threshold_survival,0.8,10,kmeans_profile,diagnostic_function_preserving,32,0.0,0.0,0.0,0.12931053188689512,"{""diversity"": 0.0, ""k_used"": 1, ""status"": ""disabled_low_diversity""}"
control,threshold_survival,0.8,10,kmeans_profile,diagnostic_function_preserving,48,0.0,0.0,0.0,0.12931053188689512,"{""diversity"": 0.0, ""k_used"": 1, ""status"": ""disabled_low_diversity""}"
control,threshold_survival,0.8,10,kmeans_profile,diagnostic_function_preserving,64,0.0,0.0,0.0,0.12931053188689512,"{""diversity"": 0.0, ""k_used"": 1, ""status"": ""disabled_low_diversity""}"
control,threshold_survival,0.8,10,kmeans_profile,diagnostic_function_preserving,96,0.0,0.0,0.0,0.12931053188689512,"{""diversity"": 0.0, ""k_used"": 1, ""status"": ""disabled_low_diversity""}"
control,threshold_survival,0.8,10,kmeans_profile,diagnostic_function_preserving,128,0.0,0.0,0.0,0.12931053188689512,"{""diversity"": 0.0, ""k_used"": 1, ""status"": ""disabled_low_diversity""}"
control,threshold_survival,0.8,11,balanced_random_group,primary,1,0.0,0.0,0.0,0.12424941491602387,"{""status"": ""ok""}"
control,threshold_survival,0.8,11,balanced_random_group,primary,2,0.012424941491602387,0.0,0.0,0.12424941491602387,"{""status"": ""ok""}"
control,threshold_survival,0.8,11,balanced_random_group,primary,3,0.019693066337844168,0.0,0.0,0.12424941491602387,"{""status"": ""ok""}"
control,threshold_survival,0.8,11,balanced_random_group,primary,4,0.024849882983204775,0.0,0.0,0.12424941491602387,"{""status"": ""ok""}"
control,threshold_survival,0.8,11,balanced_random_group,primary,6,0.03211800782944656,0.0,0.0,0.12424941491602387,"{""status"": ""ok""}"
control,threshold_survival,0.8,11,balanced_random_group,primary,8,0.03727482447480716,0.0,0.0,0.12424941491602387,"{""status"": ""ok""}"
control,threshold_survival,0.8,11,balanced_random_group,primary,12,0.04454294932104894,0.0,0.0,0.12424941491602387,"{""status"": ""ok""}"
control,threshold_survival,0.8,11,balanced_random_group,primary,16,0.04969976596640955,0.0,0.0,0.12424941491602387,"{""status"": ""ok""}"
control,threshold_survival,0.8,11,balanced_random_group,primary,24,0.05696789081265133,0.0,0.0,0.12424941491602387,"{""status"": ""ok""}"
control,threshold_survival,0.8,11,balanced_random_group,primary,32,0.062124707458011935,0.0,0.0,0.12424941491602387,"{""status"": ""ok""}"
control,threshold_survival,0.8,11,balanced_random_group,primary,48,0.06939283230425371,0.0,0.0,0.12424941491602387,"{""status"": ""ok""}"
control,threshold_survival,0.8,11,balanced_random_group,primary,64,0.07454964894961431,0.0,0.0,0.12424941491602387,"{""status"": ""ok""}"
control,threshold_survival,0.8,11,balanced_random_group,primary,96,0.08181777379585611,0.0,0.0,0.12424941491602387,"{""status"": ""ok""}"
control,threshold_survival,0.8,11,balanced_random_group,primary,128,0.0869745904412167,0.0,0.0,0.12424941491602387,"{""status"": ""ok""}"
control,threshold_survival,0.8,11,affinity_rank_group,primary,1,0.0,0.0,0.0,0.12424941491602387,"{""status"": ""ok""}"
control,threshold_survival,0.8,11,affinity_rank_group,primary,2,0.012424941491602387,0.0,0.0,0.12424941491602387,"{""status"": ""ok""}"
control,threshold_survival,0.8,11,affinity_rank_group,primary,3,0.019693066337844168,0.0,0.0,0.12424941491602387,"{""status"": ""ok""}"
control,threshold_survival,0.8,11,affinity_rank_group,primary,4,0.024849882983204775,0.0,0.0,0.12424941491602387,"{""status"": ""ok""}"
control,threshold_survival,0.8,11,affinity_rank_group,primary,6,0.03211800782944656,0.0,0.0,0.12424941491602387,"{""status"": ""ok""}"
control,threshold_survival,0.8,11,affinity_rank_group,primary,8,0.03727482447480716,0.0,0.0,0.12424941491602387,"{""status"": ""ok""}"
control,threshold_survival,0.8,11,affinity_rank_group,primary,12,0.04454294932104894,0.0,0.0,0.12424941491602387,"{""status"": ""ok""}"
control,threshold_survival,0.8,11,affinity_rank_group,primary,16,0.04969976596640955,0.0,0.0,0.12424941491602387,"{""status"": ""ok""}"
control,threshold_survival,0.8,11,affinity_rank_group,primary,24,0.05696789081265133,0.0,0.0,0.12424941491602387,"{""status"": ""ok""}"
control,threshold_survival,0.8,11,affinity_rank_group,primary,32,0.062124707458011935,0.0,0.0,0.12424941491602387,"{""status"": ""ok""}"
control,threshold_survival,0.8,11,affinity_rank_group,primary,48,0.06939283230425371,0.0,0.0,0.12424941491602387,"{""status"": ""ok""}"
control,threshold_survival,0.8,11,affinity_rank_group,primary,64,0.07454964894961431,0.0,0.0,0.12424941491602387,"{""status"": ""ok""}"
control,threshold_survival,0.8,11,affinity_rank_group,primary,96,0.08181777379585611,0.0,0.0,0.12424941491602387,"{""status"": ""ok""}"
control,threshold_survival,0.8,11,affinity_rank_group,primary,128,0.0869745904412167,0.0,0.0,0.12424941491602387,"{""status"": ""ok""}"
control,threshold_survival,0.8,11,prefix_group,primary,1,0.024849882983204775,0.0,0.0,0.12424941491602387,"{""status"": ""ok""}"
control,threshold_survival,0.8,11,prefix_group,primary,2,0.024849882983204775,0.0,0.0,0.12424941491602387,"{""status"": ""ok""}"
control,threshold_survival,0.8,11,prefix_group,primary,3,0.024849882983204775,0.0,0.0,0.12424941491602387,"{""status"": ""ok""}"
control,threshold_survival,0.8,11,prefix_group,primary,4,0.024849882983204775,0.0,0.0,0.12424941491602387,"{""status"": ""ok""}"
control,threshold_survival,0.8,11,prefix_group,primary,6,0.04969976596640955,0.0,0.0,0.12424941491602387,"{""status"": ""ok""}"
control,threshold_survival,0.8,11,prefix_group,primary,8,0.04969976596640955,0.0,0.0,0.12424941491602387,"{""status"": ""ok""}"
control,threshold_survival,0.8,11,prefix_group,primary,12,0.04969976596640955,0.0,0.0,0.12424941491602387,"{""status"": ""ok""}"
control,threshold_survival,0.8,11,prefix_group,primary,16,0.04969976596640955,0.0,0.0,0.12424941491602387,"{""status"": ""ok""}"
control,threshold_survival,0.8,11,prefix_group,primary,24,0.07454964894961431,0.0,0.0,0.12424941491602387,"{""status"": ""ok""}"
control,threshold_survival,0.8,11,prefix_group,primary,32,0.07454964894961431,0.0,0.0,0.12424941491602387,"{""status"": ""ok""}"
control,threshold_survival,0.8,11,prefix_group,primary,48,0.07454964894961431,0.0,0.0,0.12424941491602387,"{""status"": ""ok""}"
control,threshold_survival,0.8,11,prefix_group,primary,64,0.07454964894961431,0.0,0.0,0.12424941491602387,"{""status"": ""ok""}"
control,threshold_survival,0.8,11,prefix_group,primary,96,0.0993995319328191,0.0,0.0,0.12424941491602387,"{""status"": ""ok""}"
control,threshold_survival,0.8,11,prefix_group,primary,128,0.0993995319328191,0.0,0.0,0.12424941491602387,"{""status"": ""ok""}"
control,threshold_survival,0.8,11,kmeans_profile,diagnostic_function_preserving,1,0.0,0.0,0.0,0.12424941491602387,"{""diversity"": 0.0, ""k_used"": 1, ""status"": ""disabled_low_diversity""}"
control,threshold_survival,0.8,11,kmeans_profile,diagnostic_function_preserving,2,0.0,0.0,0.0,0.12424941491602387,"{""diversity"": 0.0, ""k_used"": 1, ""status"": ""disabled_low_diversity""}"
control,threshold_survival,0.8,11,kmeans_profile,diagnostic_function_preserving,3,0.0,0.0,0.0,0.12424941491602387,"{""diversity"": 0.0, ""k_used"": 1, ""status"": ""disabled_low_diversity""}"
control,threshold_survival,0.8,11,kmeans_profile,diagnostic_function_preserving,4,0.0,0.0,0.0,0.12424941491602387,"{""diversity"": 0.0, ""k_used"": 1, ""status"": ""disabled_low_diversity""}"
control,threshold_survival,0.8,11,kmeans_profile,diagnostic_function_preserving,6,0.0,0.0,0.0,0.12424941491602387,"{""diversity"": 0.0, ""k_used"": 1, ""status"": ""disabled_low_diversity""}"
control,threshold_survival,0.8,11,kmeans_profile,diagnostic_function_preserving,8,0.0,0.0,0.0,0.12424941491602387,"{""diversity"": 0.0, ""k_used"": 1, ""status"": ""disabled_low_diversity""}"
control,threshold_survival,0.8,11,kmeans_profile,diagnostic_function_preserving,12,0.0,0.0,0.0,0.12424941491602387,"{""diversity"": 0.0, ""k_used"": 1, ""status"": ""disabled_low_diversity""}"
control,threshold_survival,0.8,11,kmeans_profile,diagnostic_function_preserving,16,0.0,0.0,0.0,0.12424941491602387,"{""diversity"": 0.0, ""k_used"": 1, ""status"": ""disabled_low_diversity""}"
control,threshold_survival,0.8,11,kmeans_profile,diagnostic_function_preserving,24,0.0,0.0,0.0,0.12424941491602387,"{""diversity"": 0.0, ""k_used"": 1, ""status"": ""disabled_low_diversity""}"
control,threshold_survival,0.8,11,kmeans_profile,diagnostic_function_preserving,32,0.0,0.0,0.0,0.12424941491602387,"{""diversity"": 0.0, ""k_used"": 1, ""status"": ""disabled_low_diversity""}"
control,threshold_survival,0.8,11,kmeans_profile,diagnostic_function_preserving,48,0.0,0.0,0.0,0.12424941491602387,"{""diversity"": 0.0, ""k_used"": 1, ""status"": ""disabled_low_diversity""}"
control,threshold_survival,0.8,11,kmeans_profile,diagnostic_function_preserving,64,0.0,0.0,0.0,0.12424941491602387,"{""diversity"": 0.0, ""k_used"": 1, ""status"": ""disabled_low_diversity""}"
control,threshold_survival,0.8,11,kmeans_profile,diagnostic_function_preserving,96,0.0,0.0,0.0,0.12424941491602387,"{""diversity"": 0.0, ""k_used"": 1, ""status"": ""disabled_low_diversity""}"
control,threshold_survival,0.8,11,kmeans_profile,diagnostic_function_preserving,128,0.0,0.0,0.0,0.12424941491602387,"{""diversity"": 0.0, ""k_used"": 1, ""status"": ""disabled_low_diversity""}"
control,threshold_survival,0.9,0,balanced_random_group,primary,1,0.0,0.0,0.0,0.17362243154518614,"{""status"": ""ok""}"
control,threshold_survival,0.9,0,balanced_random_group,primary,2,0.017362243154518616,0.0,0.0,0.17362243154518614,"{""status"": ""ok""}"
control,threshold_survival,0.9,0,balanced_random_group,primary,3,0.027518504328314593,0.0,0.0,0.17362243154518614,"{""status"": ""ok""}"
control,threshold_survival,0.9,0,balanced_random_group,primary,4,0.03472448630903723,0.0,0.0,0.17362243154518614,"{""status"": ""ok""}"
control,threshold_survival,0.9,0,balanced_random_group,primary,6,0.044880747482833216,0.0,0.0,0.17362243154518614,"{""status"": ""ok""}"
control,threshold_survival,0.9,0,balanced_random_group,primary,8,0.05208672946355584,0.0,0.0,0.17362243154518614,"{""status"": ""ok""}"
control,threshold_survival,0.9,0,balanced_random_group,primary,12,0.06224299063735182,0.0,0.0,0.17362243154518614,"{""status"": ""ok""}"
control,threshold_survival,0.9,0,balanced_random_group,primary,16,0.06944897261807446,0.0,0.0,0.17362243154518614,"{""status"": ""ok""}"
control,threshold_survival,0.9,0,balanced_random_group,primary,24,0.07960523379187043,0.0,0.0,0.17362243154518614,"{""status"": ""ok""}"
control,threshold_survival,0.9,0,balanced_random_group,primary,32,0.08681121577259307,0.0,0.0,0.17362243154518614,"{""status"": ""ok""}"
control,threshold_survival,0.9,0,balanced_random_group,primary,48,0.09696747694638905,0.0,0.0,0.17362243154518614,"{""status"": ""ok""}"
control,threshold_survival,0.9,0,balanced_random_group,primary,64,0.10417345892711168,0.0,0.0,0.17362243154518614,"{""status"": ""ok""}"
control,threshold_survival,0.9,0,balanced_random_group,primary,96,0.11432972010090767,0.0,0.0,0.17362243154518614,"{""status"": ""ok""}"
control,threshold_survival,0.9,0,balanced_random_group,primary,128,0.1215357020816303,0.0,0.0,0.17362243154518614,"{""status"": ""ok""}"
control,threshold_survival,0.9,0,affinity_rank_group,primary,1,0.0,0.0,0.0,0.17362243154518614,"{""status"": ""ok""}"
control,threshold_survival,0.9,0,affinity_rank_group,primary,2,0.017362243154518616,0.0,0.0,0.17362243154518614,"{""status"": ""ok""}"
control,threshold_survival,0.9,0,affinity_rank_group,primary,3,0.027518504328314593,0.0,0.0,0.17362243154518614,"{""status"": ""ok""}"
control,threshold_survival,0.9,0,affinity_rank_group,primary,4,0.03472448630903723,0.0,0.0,0.17362243154518614,"{""status"": ""ok""}"
control,threshold_survival,0.9,0,affinity_rank_group,primary,6,0.044880747482833216,0.0,0.0,0.17362243154518614,"{""status"": ""ok""}"
control,threshold_survival,0.9,0,affinity_rank_group,primary,8,0.05208672946355584,0.0,0.0,0.17362243154518614,"{""status"": ""ok""}"
control,threshold_survival,0.9,0,affinity_rank_group,primary,12,0.06224299063735182,0.0,0.0,0.17362243154518614,"{""status"": ""ok""}"
control,threshold_survival,0.9,0,affinity_rank_group,primary,16,0.06944897261807446,0.0,0.0,0.17362243154518614,"{""status"": ""ok""}"
control,threshold_survival,0.9,0,affinity_rank_group,primary,24,0.07960523379187043,0.0,0.0,0.17362243154518614,"{""status"": ""ok""}"
control,threshold_survival,0.9,0,affinity_rank_group,primary,32,0.08681121577259307,0.0,0.0,0.17362243154518614,"{""status"": ""ok""}"
control,threshold_survival,0.9,0,affinity_rank_group,primary,48,0.09696747694638905,0.0,0.0,0.17362243154518614,"{""status"": ""ok""}"
control,threshold_survival,0.9,0,affinity_rank_group,primary,64,0.10417345892711168,0.0,0.0,0.17362243154518614,"{""status"": ""ok""}"
control,threshold_survival,0.9,0,affinity_rank_group,primary,96,0.11432972010090767,0.0,0.0,0.17362243154518614,"{""status"": ""ok""}"
control,threshold_survival,0.9,0,affinity_rank_group,primary,128,0.1215357020816303,0.0,0.0,0.17362243154518614,"{""status"": ""ok""}"
control,threshold_survival,0.9,0,prefix_group,primary,1,0.03472448630903723,0.0,0.0,0.17362243154518614,"{""status"": ""ok""}"
control,threshold_survival,0.9,0,prefix_group,primary,2,0.03472448630903723,0.0,0.0,0.17362243154518614,"{""status"": ""ok""}"
control,threshold_survival,0.9,0,prefix_group,primary,3,0.03472448630903723,0.0,0.0,0.17362243154518614,"{""status"": ""ok""}"
control,threshold_survival,0.9,0,prefix_group,primary,4,0.03472448630903723,0.0,0.0,0.17362243154518614,"{""status"": ""ok""}"
control,threshold_survival,0.9,0,prefix_group,primary,6,0.06944897261807446,0.0,0.0,0.17362243154518614,"{""status"": ""ok""}"
control,threshold_survival,0.9,0,prefix_group,primary,8,0.06944897261807446,0.0,0.0,0.17362243154518614,"{""status"": ""ok""}"
control,threshold_survival,0.9,0,prefix_group,primary,12,0.06944897261807446,0.0,0.0,0.17362243154518614,"{""status"": ""ok""}"
control,threshold_survival,0.9,0,prefix_group,primary,16,0.06944897261807446,0.0,0.0,0.17362243154518614,"{""status"": ""ok""}"
control,threshold_survival,0.9,0,prefix_group,primary,24,0.10417345892711168,0.0,0.0,0.17362243154518614,"{""status"": ""ok""}"
control,threshold_survival,0.9,0,prefix_group,primary,32,0.10417345892711168,0.0,0.0,0.17362243154518614,"{""status"": ""ok""}"
control,threshold_survival,0.9,0,prefix_group,primary,48,0.10417345892711168,0.0,0.0,0.17362243154518614,"{""status"": ""ok""}"
control,threshold_survival,0.9,0,prefix_group,primary,64,0.10417345892711168,0.0,0.0,0.17362243154518614,"{""status"": ""ok""}"
control,threshold_survival,0.9,0,prefix_group,primary,96,0.13889794523614893,0.0,0.0,0.17362243154518614,"{""status"": ""ok""}"
control,threshold_survival,0.9,0,prefix_group,primary,128,0.13889794523614893,0.0,0.0,0.17362243154518614,"{""status"": ""ok""}"
control,threshold_survival,0.9,0,kmeans_profile,diagnostic_function_preserving,1,0.0,0.0,0.0,0.17362243154518614,"{""diversity"": 0.0, ""k_used"": 1, ""status"": ""disabled_low_diversity""}"
control,threshold_survival,0.9,0,kmeans_profile,diagnostic_function_preserving,2,0.0,0.0,0.0,0.17362243154518614,"{""diversity"": 0.0, ""k_used"": 1, ""status"": ""disabled_low_diversity""}"
control,threshold_survival,0.9,0,kmeans_profile,diagnostic_function_preserving,3,0.0,0.0,0.0,0.17362243154518614,"{""diversity"": 0.0, ""k_used"": 1, ""status"": ""disabled_low_diversity""}"
control,threshold_survival,0.9,0,kmeans_profile,diagnostic_function_preserving,4,0.0,0.0,0.0,0.17362243154518614,"{""diversity"": 0.0, ""k_used"": 1, ""status"": ""disabled_low_diversity""}"
control,threshold_survival,0.9,0,kmeans_profile,diagnostic_function_preserving,6,0.0,0.0,0.0,0.17362243154518614,"{""diversity"": 0.0, ""k_used"": 1, ""status"": ""disabled_low_diversity""}"
control,threshold_survival,0.9,0,kmeans_profile,diagnostic_function_preserving,8,0.0,0.0,0.0,0.17362243154518614,"{""diversity"": 0.0, ""k_used"": 1, ""status"": ""disabled_low_diversity""}"
control,threshold_survival,0.9,0,kmeans_profile,diagnostic_function_preserving,12,0.0,0.0,0.0,0.17362243154518614,"{""diversity"": 0.0, ""k_used"": 1, ""status"": ""disabled_low_diversity""}"
control,threshold_survival,0.9,0,kmeans_profile,diagnostic_function_preserving,16,0.0,0.0,0.0,0.17362243154518614,"{""diversity"": 0.0, ""k_used"": 1, ""status"": ""disabled_low_diversity""}"
control,threshold_survival,0.9,0,kmeans_profile,diagnostic_function_preserving,24,0.0,0.0,0.0,0.17362243154518614,"{""diversity"": 0.0, ""k_used"": 1, ""status"": ""disabled_low_diversity""}"
control,threshold_survival,0.9,0,kmeans_profile,diagnostic_function_preserving,32,0.0,0.0,0.0,0.17362243154518614,"{""diversity"": 0.0, ""k_used"": 1, ""status"": ""disabled_low_diversity""}"
control,threshold_survival,0.9,0,kmeans_profile,diagnostic_function_preserving,48,0.0,0.0,0.0,0.17362243154518614,"{""diversity"": 0.0, ""k_used"": 1, ""status"": ""disabled_low_diversity""}"
control,threshold_survival,0.9,0,kmeans_profile,diagnostic_function_preserving,64,0.0,0.0,0.0,0.17362243154518614,"{""diversity"": 0.0, ""k_used"": 1, ""status"": ""disabled_low_diversity""}"
control,threshold_survival,0.9,0,kmeans_profile,diagnostic_function_preserving,96,0.0,0.0,0.0,0.17362243154518614,"{""diversity"": 0.0, ""k_used"": 1, ""status"": ""disabled_low_diversity""}"
control,threshold_survival,0.9,0,kmeans_profile,diagnostic_function_preserving,128,0.0,0.0,0.0,0.17362243154518614,"{""diversity"": 0.0, ""k_used"": 1, ""status"": ""disabled_low_diversity""}"
control,threshold_survival,0.9,1,balanced_random_group,primary,1,0.0,0.0,0.0,0.22200955096841102,"{""status"": ""ok""}"
control,threshold_survival,0.9,1,balanced_random_group,primary,2,0.022200955096841102,0.0,0.0,0.22200955096841102,"{""status"": ""ok""}"
control,threshold_survival,0.9,1,balanced_random_group,primary,3,0.035187681308687366,0.0,0.0,0.22200955096841102,"{""status"": ""ok""}"
control,threshold_survival,0.9,1,balanced_random_group,primary,4,0.044401910193682205,0.0,0.0,0.22200955096841102,"{""status"": ""ok""}"
control,threshold_survival,0.9,1,balanced_random_group,primary,6,0.05738863640552847,0.0,0.0,0.22200955096841102,"{""status"": ""ok""}"
control,threshold_survival,0.9,1,balanced_random_group,primary,8,0.0666028652905233,0.0,0.0,0.22200955096841102,"{""status"": ""ok""}"
control,threshold_survival,0.9,1,balanced_random_group,primary,12,0.07958959150236958,0.0,0.0,0.22200955096841102,"{""status"": ""ok""}"
control,threshold_survival,0.9,1,balanced_random_group,primary,16,0.08880382038736441,0.0,0.0,0.22200955096841102,"{""status"": ""ok""}"
control,threshold_survival,0.9,1,balanced_random_group,primary,24,0.10179054659921066,0.0,0.0,0.22200955096841102,"{""status"": ""ok""}"
control,threshold_survival,0.9,1,balanced_random_group,primary,32,0.11100477548420551,0.0,0.0,0.22200955096841102,"{""status"": ""ok""}"
control,threshold_survival,0.9,1,balanced_random_group,primary,48,0.12399150169605176,0.0,0.0,0.22200955096841102,"{""status"": ""ok""}"
control,threshold_survival,0.9,1,balanced_random_group,primary,64,0.1332057305810466,0.0,0.0,0.22200955096841102,"{""status"": ""ok""}"
control,threshold_survival,0.9,1,balanced_random_group,primary,96,0.1461924567928929,0.0,0.0,0.22200955096841102,"{""status"": ""ok""}"
control,threshold_survival,0.9,1,balanced_random_group,primary,128,0.1554066856778877,0.0,0.0,0.22200955096841102,"{""status"": ""ok""}"
control,threshold_survival,0.9,1,affinity_rank_group,primary,1,0.0,0.0,0.0,0.22200955096841102,"{""status"": ""ok""}"
control,threshold_survival,0.9,1,affinity_rank_group,primary,2,0.022200955096841102,0.0,0.0,0.22200955096841102,"{""status"": ""ok""}"
control,threshold_survival,0.9,1,affinity_rank_group,primary,3,0.035187681308687366,0.0,0.0,0.22200955096841102,"{""status"": ""ok""}"
control,threshold_survival,0.9,1,affinity_rank_group,primary,4,0.044401910193682205,0.0,0.0,0.22200955096841102,"{""status"": ""ok""}"
control,threshold_survival,0.9,1,affinity_rank_group,primary,6,0.05738863640552847,0.0,0.0,0.22200955096841102,"{""status"": ""ok""}"
control,threshold_survival,0.9,1,affinity_rank_group,primary,8,0.0666028652905233,0.0,0.0,0.22200955096841102,"{""status"": ""ok""}"
control,threshold_survival,0.9,1,affinity_rank_group,primary,12,0.07958959150236958,0.0,0.0,0.22200955096841102,"{""status"": ""ok""}"
control,threshold_survival,0.9,1,affinity_rank_group,primary,16,0.08880382038736441,0.0,0.0,0.22200955096841102,"{""status"": ""ok""}"
control,threshold_survival,0.9,1,affinity_rank_group,primary,24,0.10179054659921066,0.0,0.0,0.22200955096841102,"{""status"": ""ok""}"
control,threshold_survival,0.9,1,affinity_rank_group,primary,32,0.11100477548420551,0.0,0.0,0.22200955096841102,"{""status"": ""ok""}"
control,threshold_survival,0.9,1,affinity_rank_group,primary,48,0.12399150169605176,0.0,0.0,0.22200955096841102,"{""status"": ""ok""}"
control,threshold_survival,0.9,1,affinity_rank_group,primary,64,0.1332057305810466,0.0,0.0,0.22200955096841102,"{""status"": ""ok""}"
control,threshold_survival,0.9,1,affinity_rank_group,primary,96,0.1461924567928929,0.0,0.0,0.22200955096841102,"{""status"": ""ok""}"
control,threshold_survival,0.9,1,affinity_rank_group,primary,128,0.1554066856778877,0.0,0.0,0.22200955096841102,"{""status"": ""ok""}"
control,threshold_survival,0.9,1,prefix_group,primary,1,0.044401910193682205,0.0,0.0,0.22200955096841102,"{""status"": ""ok""}"
control,threshold_survival,0.9,1,prefix_group,primary,2,0.044401910193682205,0.0,0.0,0.22200955096841102,"{""status"": ""ok""}"
control,threshold_survival,0.9,1,prefix_group,primary,3,0.044401910193682205,0.0,0.0,0.22200955096841102,"{""status"": ""ok""}"
control,threshold_survival,0.9,1,prefix_group,primary,4,0.044401910193682205,0.0,0.0,0.22200955096841102,"{""status"": ""ok""}"
control,threshold_survival,0.9,1,prefix_group,primary,6,0.08880382038736441,0.0,0.0,0.22200955096841102,"{""status"": ""ok""}"
control,threshold_survival,0.9,1,prefix_group,primary,8,0.08880382038736441,0.0,0.0,0.22200955096841102,"{""status"": ""ok""}"
control,threshold_survival,0.9,1,prefix_group,primary,12,0.08880382038736441,0.0,0.0,0.22200955096841102,"{""status"": ""ok""}"
control,threshold_survival,0.9,1,prefix_group,primary,16,0.08880382038736441,0.0,0.0,0.22200955096841102,"{""status"": ""ok""}"
control,threshold_survival,0.9,1,prefix_group,primary,24,0.1332057305810466,0.0,0.0,0.22200955096841102,"{""status"": ""ok""}"
control,threshold_survival,0.9,1,prefix_group,primary,32,0.1332057305810466,0.0,0.0,0.22200955096841102,"{""status"": ""ok""}"
control,threshold_survival,0.9,1,prefix_group,primary,48,0.1332057305810466,0.0,0.0,0.22200955096841102,"{""status"": ""ok""}"
control,threshold_survival,0.9,1,prefix_group,primary,64,0.1332057305810466,0.0,0.0,0.22200955096841102,"{""status"": ""ok""}"
control,threshold_survival,0.9,1,prefix_group,primary,96,0.17760764077472882,0.0,0.0,0.22200955096841102,"{""status"": ""ok""}"
control,threshold_survival,0.9,1,prefix_group,primary,128,0.17760764077472882,0.0,0.0,0.22200955096841102,"{""status"": ""ok""}"
control,threshold_survival,0.9,1,kmeans_profile,diagnostic_function_preserving,1,0.0,0.0,0.0,0.22200955096841102,"{""diversity"": 0.0, ""k_used"": 1, ""status"": ""disabled_low_diversity""}"
control,threshold_survival,0.9,1,kmeans_profile,diagnostic_function_preserving,2,0.0,0.0,0.0,0.22200955096841102,"{""diversity"": 0.0, ""k_used"": 1, ""status"": ""disabled_low_diversity""}"
control,threshold_survival,0.9,1,kmeans_profile,diagnostic_function_preserving,3,0.0,0.0,0.0,0.22200955096841102,"{""diversity"": 0.0, ""k_used"": 1, ""status"": ""disabled_low_diversity""}"
control,threshold_survival,0.9,1,kmeans_profile,diagnostic_function_preserving,4,0.0,0.0,0.0,0.22200955096841102,"{""diversity"": 0.0, ""k_used"": 1, ""status"": ""disabled_low_diversity""}"
control,threshold_survival,0.9,1,kmeans_profile,diagnostic_function_preserving,6,0.0,0.0,0.0,0.22200955096841102,"{""diversity"": 0.0, ""k_used"": 1, ""status"": ""disabled_low_diversity""}"
control,threshold_survival,0.9,1,kmeans_profile,diagnostic_function_preserving,8,0.0,0.0,0.0,0.22200955096841102,"{""diversity"": 0.0, ""k_used"": 1, ""status"": ""disabled_low_diversity""}"
control,threshold_survival,0.9,1,kmeans_profile,diagnostic_function_preserving,12,0.0,0.0,0.0,0.22200955096841102,"{""diversity"": 0.0, ""k_used"": 1, ""status"": ""disabled_low_diversity""}"
control,threshold_survival,0.9,1,kmeans_profile,diagnostic_function_preserving,16,0.0,0.0,0.0,0.22200955096841102,"{""diversity"": 0.0, ""k_used"": 1, ""status"": ""disabled_low_diversity""}"
control,threshold_survival,0.9,1,kmeans_profile,diagnostic_function_preserving,24,0.0,0.0,0.0,0.22200955096841102,"{""diversity"": 0.0, ""k_used"": 1, ""status"": ""disabled_low_diversity""}"
control,threshold_survival,0.9,1,kmeans_profile,diagnostic_function_preserving,32,0.0,0.0,0.0,0.22200955096841102,"{""diversity"": 0.0, ""k_used"": 1, ""status"": ""disabled_low_diversity""}"
control,threshold_survival,0.9,1,kmeans_profile,diagnostic_function_preserving,48,0.0,0.0,0.0,0.22200955096841102,"{""diversity"": 0.0, ""k_used"": 1, ""status"": ""disabled_low_diversity""}"
control,threshold_survival,0.9,1,kmeans_profile,diagnostic_function_preserving,64,0.0,0.0,0.0,0.22200955096841102,"{""diversity"": 0.0, ""k_used"": 1, ""status"": ""disabled_low_diversity""}"
control,threshold_survival,0.9,1,kmeans_profile,diagnostic_function_preserving,96,0.0,0.0,0.0,0.22200955096841102,"{""diversity"": 0.0, ""k_used"": 1, ""status"": ""disabled_low_diversity""}"
control,threshold_survival,0.9,1,kmeans_profile,diagnostic_function_preserving,128,0.0,0.0,0.0,0.22200955096841102,"{""diversity"": 0.0, ""k_used"": 1, ""status"": ""disabled_low_diversity""}"
control,threshold_survival,0.9,2,balanced_random_group,primary,1,0.0,0.0,0.0,0.20823429640403418,"{""status"": ""ok""}"
control,threshold_survival,0.9,2,balanced_random_group,primary,2,0.02082342964040342,0.0,0.0,0.20823429640403418,"{""status"": ""ok""}"
control,threshold_survival,0.9,2,balanced_random_group,primary,3,0.033004355116444846,0.0,0.0,0.20823429640403418,"{""status"": ""ok""}"
control,threshold_survival,0.9,2,balanced_random_group,primary,4,0.04164685928080684,0.0,0.0,0.20823429640403418,"{""status"": ""ok""}"
control,threshold_survival,0.9,2,balanced_random_group,primary,6,0.05382778475684827,0.0,0.0,0.20823429640403418,"{""status"": ""ok""}"
control,threshold_survival,0.9,2,balanced_random_group,primary,8,0.06247028892121025,0.0,0.0,0.20823429640403418,"{""status"": ""ok""}"
control,threshold_survival,0.9,2,balanced_random_group,primary,12,0.07465121439725168,0.0,0.0,0.20823429640403418,"{""status"": ""ok""}"
control,threshold_survival,0.9,2,balanced_random_group,primary,16,0.08329371856161367,0.0,0.0,0.20823429640403418,"{""status"": ""ok""}"
control,threshold_survival,0.9,2,balanced_random_group,primary,24,0.0954746440376551,0.0,0.0,0.20823429640403418,"{""status"": ""ok""}"
control,threshold_survival,0.9,2,balanced_random_group,primary,32,0.10411714820201709,0.0,0.0,0.20823429640403418,"{""status"": ""ok""}"
control,threshold_survival,0.9,2,balanced_random_group,primary,48,0.11629807367805851,0.0,0.0,0.20823429640403418,"{""status"": ""ok""}"
control,threshold_survival,0.9,2,balanced_random_group,primary,64,0.1249405778424205,0.0,0.0,0.20823429640403418,"{""status"": ""ok""}"
control,threshold_survival,0.9,2,balanced_random_group,primary,96,0.13712150331846196,0.0,0.0,0.20823429640403418,"{""status"": ""ok""}"
control,threshold_survival,0.9,2,balanced_random_group,primary,128,0.14576400748282392,0.0,0.0,0.20823429640403418,"{""status"": ""ok""}"
control,threshold_survival,0.9,2,affinity_rank_group,primary,1,0.0,0.0,0.0,0.20823429640403418,"{""status"": ""ok""}"
control,threshold_survival,0.9,2,affinity_rank_group,primary,2,0.02082342964040342,0.0,0.0,0.20823429640403418,"{""status"": ""ok""}"
control,threshold_survival,0.9,2,affinity_rank_group,primary,3,0.033004355116444846,0.0,0.0,0.20823429640403418,"{""status"": ""ok""}"
control,threshold_survival,0.9,2,affinity_rank_group,primary,4,0.04164685928080684,0.0,0.0,0.20823429640403418,"{""status"": ""ok""}"
control,threshold_survival,0.9,2,affinity_rank_group,primary,6,0.05382778475684827,0.0,0.0,0.20823429640403418,"{""status"": ""ok""}"
control,threshold_survival,0.9,2,affinity_rank_group,primary,8,0.06247028892121025,0.0,0.0,0.20823429640403418,"{""status"": ""ok""}"
control,threshold_survival,0.9,2,affinity_rank_group,primary,12,0.07465121439725168,0.0,0.0,0.20823429640403418,"{""status"": ""ok""}"
control,threshold_survival,0.9,2,affinity_rank_group,primary,16,0.08329371856161367,0.0,0.0,0.20823429640403418,"{""status"": ""ok""}"
control,threshold_survival,0.9,2,affinity_rank_group,primary,24,0.0954746440376551,0.0,0.0,0.20823429640403418,"{""status"": ""ok""}"
control,threshold_survival,0.9,2,affinity_rank_group,primary,32,0.10411714820201709,0.0,0.0,0.20823429640403418,"{""status"": ""ok""}"
control,threshold_survival,0.9,2,affinity_rank_group,primary,48,0.11629807367805851,0.0,0.0,0.20823429640403418,"{""status"": ""ok""}"
control,threshold_survival,0.9,2,affinity_rank_group,primary,64,0.1249405778424205,0.0,0.0,0.20823429640403418,"{""status"": ""ok""}"
control,threshold_survival,0.9,2,affinity_rank_group,primary,96,0.13712150331846196,0.0,0.0,0.20823429640403418,"{""status"": ""ok""}"
control,threshold_survival,0.9,2,affinity_rank_group,primary,128,0.14576400748282392,0.0,0.0,0.20823429640403418,"{""status"": ""ok""}"
control,threshold_survival,0.9,2,prefix_group,primary,1,0.04164685928080684,0.0,0.0,0.20823429640403418,"{""status"": ""ok""}"
control,threshold_survival,0.9,2,prefix_group,primary,2,0.04164685928080684,0.0,0.0,0.20823429640403418,"{""status"": ""ok""}"
control,threshold_survival,0.9,2,prefix_group,primary,3,0.04164685928080684,0.0,0.0,0.20823429640403418,"{""status"": ""ok""}"
control,threshold_survival,0.9,2,prefix_group,primary,4,0.04164685928080684,0.0,0.0,0.20823429640403418,"{""status"": ""ok""}"
control,threshold_survival,0.9,2,prefix_group,primary,6,0.08329371856161367,0.0,0.0,0.20823429640403418,"{""status"": ""ok""}"
control,threshold_survival,0.9,2,prefix_group,primary,8,0.08329371856161367,0.0,0.0,0.20823429640403418,"{""status"": ""ok""}"
control,threshold_survival,0.9,2,prefix_group,primary,12,0.08329371856161367,0.0,0.0,0.20823429640403418,"{""status"": ""ok""}"
control,threshold_survival,0.9,2,prefix_group,primary,16,0.08329371856161367,0.0,0.0,0.20823429640403418,"{""status"": ""ok""}"
control,threshold_survival,0.9,2,prefix_group,primary,24,0.1249405778424205,0.0,0.0,0.20823429640403418,"{""status"": ""ok""}"
control,threshold_survival,0.9,2,prefix_group,primary,32,0.1249405778424205,0.0,0.0,0.20823429640403418,"{""status"": ""ok""}"
control,threshold_survival,0.9,2,prefix_group,primary,48,0.1249405778424205,0.0,0.0,0.20823429640403418,"{""status"": ""ok""}"
control,threshold_survival,0.9,2,prefix_group,primary,64,0.1249405778424205,0.0,0.0,0.20823429640403418,"{""status"": ""ok""}"
control,threshold_survival,0.9,2,prefix_group,primary,96,0.16658743712322735,0.0,0.0,0.20823429640403418,"{""status"": ""ok""}"
control,threshold_survival,0.9,2,prefix_group,primary,128,0.16658743712322735,0.0,0.0,0.20823429640403418,"{""status"": ""ok""}"
control,threshold_survival,0.9,2,kmeans_profile,diagnostic_function_preserving,1,0.0,0.0,0.0,0.20823429640403418,"{""diversity"": 0.0, ""k_used"": 1, ""status"": ""disabled_low_diversity""}"
control,threshold_survival,0.9,2,kmeans_profile,diagnostic_function_preserving,2,0.0,0.0,0.0,0.20823429640403418,"{""diversity"": 0.0, ""k_used"": 1, ""status"": ""disabled_low_diversity""}"
control,threshold_survival,0.9,2,kmeans_profile,diagnostic_function_preserving,3,0.0,0.0,0.0,0.20823429640403418,"{""diversity"": 0.0, ""k_used"": 1, ""status"": ""disabled_low_diversity""}"
control,threshold_survival,0.9,2,kmeans_profile,diagnostic_function_preserving,4,0.0,0.0,0.0,0.20823429640403418,"{""diversity"": 0.0, ""k_used"": 1, ""status"": ""disabled_low_diversity""}"
control,threshold_survival,0.9,2,kmeans_profile,diagnostic_function_preserving,6,0.0,0.0,0.0,0.20823429640403418,"{""diversity"": 0.0, ""k_used"": 1, ""status"": ""disabled_low_diversity""}"
control,threshold_survival,0.9,2,kmeans_profile,diagnostic_function_preserving,8,0.0,0.0,0.0,0.20823429640403418,"{""diversity"": 0.0, ""k_used"": 1, ""status"": ""disabled_low_diversity""}"
control,threshold_survival,0.9,2,kmeans_profile,diagnostic_function_preserving,12,0.0,0.0,0.0,0.20823429640403418,"{""diversity"": 0.0, ""k_used"": 1, ""status"": ""disabled_low_diversity""}"
control,threshold_survival,0.9,2,kmeans_profile,diagnostic_function_preserving,16,0.0,0.0,0.0,0.20823429640403418,"{""diversity"": 0.0, ""k_used"": 1, ""status"": ""disabled_low_diversity""}"
control,threshold_survival,0.9,2,kmeans_profile,diagnostic_function_preserving,24,0.0,0.0,0.0,0.20823429640403418,"{""diversity"": 0.0, ""k_used"": 1, ""status"": ""disabled_low_diversity""}"
control,threshold_survival,0.9,2,kmeans_profile,diagnostic_function_preserving,32,0.0,0.0,0.0,0.20823429640403418,"{""diversity"": 0.0, ""k_used"": 1, ""status"": ""disabled_low_diversity""}"
control,threshold_survival,0.9,2,kmeans_profile,diagnostic_function_preserving,48,0.0,0.0,0.0,0.20823429640403418,"{""diversity"": 0.0, ""k_used"": 1, ""status"": ""disabled_low_diversity""}"
control,threshold_survival,0.9,2,kmeans_profile,diagnostic_function_preserving,64,0.0,0.0,0.0,0.20823429640403418,"{""diversity"": 0.0, ""k_used"": 1, ""status"": ""disabled_low_diversity""}"
control,threshold_survival,0.9,2,kmeans_profile,diagnostic_function_preserving,96,0.0,0.0,0.0,0.20823429640403418,"{""diversity"": 0.0, ""k_used"": 1, ""status"": ""disabled_low_diversity""}"
control,threshold_survival,0.9,2,kmeans_profile,diagnostic_function_preserving,128,0.0,0.0,0.0,0.20823429640403418,"{""diversity"": 0.0, ""k_used"": 1, ""status"": ""disabled_low_diversity""}"
control,threshold_survival,0.9,3,balanced_random_group,primary,1,0.0,0.0,0.0,0.1994834326468901,"{""status"": ""ok""}"
control,threshold_survival,0.9,3,balanced_random_group,primary,2,0.019948343264689014,0.0,0.0,0.1994834326468901,"{""status"": ""ok""}"
control,threshold_survival,0.9,3,balanced_random_group,primary,3,0.03161737602604552,0.0,0.0,0.1994834326468901,"{""status"": ""ok""}"
control,threshold_survival,0.9,3,balanced_random_group,primary,4,0.03989668652937803,0.0,0.0,0.1994834326468901,"{""status"": ""ok""}"
control,threshold_survival,0.9,3,balanced_random_group,primary,6,0.051565719290734544,0.0,0.0,0.1994834326468901,"{""status"": ""ok""}"
control,threshold_survival,0.9,3,balanced_random_group,primary,8,0.05984502979406703,0.0,0.0,0.1994834326468901,"{""status"": ""ok""}"
control,threshold_survival,0.9,3,balanced_random_group,primary,12,0.07151406255542354,0.0,0.0,0.1994834326468901,"{""status"": ""ok""}"
control,threshold_survival,0.9,3,balanced_random_group,primary,16,0.07979337305875606,0.0,0.0,0.1994834326468901,"{""status"": ""ok""}"
control,threshold_survival,0.9,3,balanced_random_group,primary,24,0.09146240582011256,0.0,0.0,0.1994834326468901,"{""status"": ""ok""}"
control,threshold_survival,0.9,3,balanced_random_group,primary,32,0.09974171632344506,0.0,0.0,0.1994834326468901,"{""status"": ""ok""}"
control,threshold_survival,0.9,3,balanced_random_group,primary,48,0.11141074908480156,0.0,0.0,0.1994834326468901,"{""status"": ""ok""}"
control,threshold_survival,0.9,3,balanced_random_group,primary,64,0.11969005958813406,0.0,0.0,0.1994834326468901,"{""status"": ""ok""}"
control,threshold_survival,0.9,3,balanced_random_group,primary,96,0.13135909234949059,0.0,0.0,0.1994834326468901,"{""status"": ""ok""}"
control,threshold_survival,0.9,3,balanced_random_group,primary,128,0.13963840285282306,0.0,0.0,0.1994834326468901,"{""status"": ""ok""}"
control,threshold_survival,0.9,3,affinity_rank_group,primary,1,0.0,0.0,0.0,0.1994834326468901,"{""status"": ""ok""}"
control,threshold_survival,0.9,3,affinity_rank_group,primary,2,0.019948343264689014,0.0,0.0,0.1994834326468901,"{""status"": ""ok""}"
control,threshold_survival,0.9,3,affinity_rank_group,primary,3,0.03161737602604552,0.0,0.0,0.1994834326468901,"{""status"": ""ok""}"
control,threshold_survival,0.9,3,affinity_rank_group,primary,4,0.03989668652937803,0.0,0.0,0.1994834326468901,"{""status"": ""ok""}"
control,threshold_survival,0.9,3,affinity_rank_group,primary,6,0.051565719290734544,0.0,0.0,0.1994834326468901,"{""status"": ""ok""}"
control,threshold_survival,0.9,3,affinity_rank_group,primary,8,0.05984502979406703,0.0,0.0,0.1994834326468901,"{""status"": ""ok""}"
control,threshold_survival,0.9,3,affinity_rank_group,primary,12,0.07151406255542354,0.0,0.0,0.1994834326468901,"{""status"": ""ok""}"
control,threshold_survival,0.9,3,affinity_rank_group,primary,16,0.07979337305875606,0.0,0.0,0.1994834326468901,"{""status"": ""ok""}"
control,threshold_survival,0.9,3,affinity_rank_group,primary,24,0.09146240582011256,0.0,0.0,0.1994834326468901,"{""status"": ""ok""}"
control,threshold_survival,0.9,3,affinity_rank_group,primary,32,0.09974171632344506,0.0,0.0,0.1994834326468901,"{""status"": ""ok""}"
control,threshold_survival,0.9,3,affinity_rank_group,primary,48,0.11141074908480156,0.0,0.0,0.1994834326468901,"{""status"": ""ok""}"
control,threshold_survival,0.9,3,affinity_rank_group,primary,64,0.11969005958813406,0.0,0.0,0.1994834326468901,"{""status"": ""ok""}"
control,threshold_survival,0.9,3,affinity_rank_group,primary,96,0.13135909234949059,0.0,0.0,0.1994834326468901,"{""status"": ""ok""}"
control,threshold_survival,0.9,3,affinity_rank_group,primary,128,0.13963840285282306,0.0,0.0,0.1994834326468901,"{""status"": ""ok""}"
control,threshold_survival,0.9,3,prefix_group,primary,1,0.03989668652937803,0.0,0.0,0.1994834326468901,"{""status"": ""ok""}"
control,threshold_survival,0.9,3,prefix_group,primary,2,0.03989668652937803,0.0,0.0,0.1994834326468901,"{""status"": ""ok""}"
control,threshold_survival,0.9,3,prefix_group,primary,3,0.03989668652937803,0.0,0.0,0.1994834326468901,"{""status"": ""ok""}"
control,threshold_survival,0.9,3,prefix_group,primary,4,0.03989668652937803,0.0,0.0,0.1994834326468901,"{""status"": ""ok""}"
control,threshold_survival,0.9,3,prefix_group,primary,6,0.07979337305875606,0.0,0.0,0.1994834326468901,"{""status"": ""ok""}"
control,threshold_survival,0.9,3,prefix_group,primary,8,0.07979337305875606,0.0,0.0,0.1994834326468901,"{""status"": ""ok""}"
control,threshold_survival,0.9,3,prefix_group,primary,12,0.07979337305875606,0.0,0.0,0.1994834326468901,"{""status"": ""ok""}"
control,threshold_survival,0.9,3,prefix_group,primary,16,0.07979337305875606,0.0,0.0,0.1994834326468901,"{""status"": ""ok""}"
control,threshold_survival,0.9,3,prefix_group,primary,24,0.11969005958813406,0.0,0.0,0.1994834326468901,"{""status"": ""ok""}"
control,threshold_survival,0.9,3,prefix_group,primary,32,0.11969005958813406,0.0,0.0,0.1994834326468901,"{""status"": ""ok""}"
control,threshold_survival,0.9,3,prefix_group,primary,48,0.11969005958813406,0.0,0.0,0.1994834326468901,"{""status"": ""ok""}"
control,threshold_survival,0.9,3,prefix_group,primary,64,0.11969005958813406,0.0,0.0,0.1994834326468901,"{""status"": ""ok""}"
control,threshold_survival,0.9,3,prefix_group,primary,96,0.1595867461175121,0.0,0.0,0.1994834326468901,"{""status"": ""ok""}"
control,threshold_survival,0.9,3,prefix_group,primary,128,0.1595867461175121,0.0,0.0,0.1994834326468901,"{""status"": ""ok""}"
control,threshold_survival,0.9,3,kmeans_profile,diagnostic_function_preserving,1,0.0,0.0,0.0,0.1994834326468901,"{""diversity"": 0.0, ""k_used"": 1, ""status"": ""disabled_low_diversity""}"
control,threshold_survival,0.9,3,kmeans_profile,diagnostic_function_preserving,2,0.0,0.0,0.0,0.1994834326468901,"{""diversity"": 0.0, ""k_used"": 1, ""status"": ""disabled_low_diversity""}"
control,threshold_survival,0.9,3,kmeans_profile,diagnostic_function_preserving,3,0.0,0.0,0.0,0.1994834326468901,"{""diversity"": 0.0, ""k_used"": 1, ""status"": ""disabled_low_diversity""}"
control,threshold_survival,0.9,3,kmeans_profile,diagnostic_function_preserving,4,0.0,0.0,0.0,0.1994834326468901,"{""diversity"": 0.0, ""k_used"": 1, ""status"": ""disabled_low_diversity""}"
control,threshold_survival,0.9,3,kmeans_profile,diagnostic_function_preserving,6,0.0,0.0,0.0,0.1994834326468901,"{""diversity"": 0.0, ""k_used"": 1, ""status"": ""disabled_low_diversity""}"
control,threshold_survival,0.9,3,kmeans_profile,diagnostic_function_preserving,8,0.0,0.0,0.0,0.1994834326468901,"{""diversity"": 0.0, ""k_used"": 1, ""status"": ""disabled_low_diversity""}"
control,threshold_survival,0.9,3,kmeans_profile,diagnostic_function_preserving,12,0.0,0.0,0.0,0.1994834326468901,"{""diversity"": 0.0, ""k_used"": 1, ""status"": ""disabled_low_diversity""}"
control,threshold_survival,0.9,3,kmeans_profile,diagnostic_function_preserving,16,0.0,0.0,0.0,0.1994834326468901,"{""diversity"": 0.0, ""k_used"": 1, ""status"": ""disabled_low_diversity""}"
control,threshold_survival,0.9,3,kmeans_profile,diagnostic_function_preserving,24,0.0,0.0,0.0,0.1994834326468901,"{""diversity"": 0.0, ""k_used"": 1, ""status"": ""disabled_low_diversity""}"
control,threshold_survival,0.9,3,kmeans_profile,diagnostic_function_preserving,32,0.0,0.0,0.0,0.1994834326468901,"{""diversity"": 0.0, ""k_used"": 1, ""status"": ""disabled_low_diversity""}"
control,threshold_survival,0.9,3,kmeans_profile,diagnostic_function_preserving,48,0.0,0.0,0.0,0.1994834326468901,"{""diversity"": 0.0, ""k_used"": 1, ""status"": ""disabled_low_diversity""}"
control,threshold_survival,0.9,3,kmeans_profile,diagnostic_function_preserving,64,0.0,0.0,0.0,0.1994834326468901,"{""diversity"": 0.0, ""k_used"": 1, ""status"": ""disabled_low_diversity""}"
control,threshold_survival,0.9,3,kmeans_profile,diagnostic_function_preserving,96,0.0,0.0,0.0,0.1994834326468901,"{""diversity"": 0.0, ""k_used"": 1, ""status"": ""disabled_low_diversity""}"
control,threshold_survival,0.9,3,kmeans_profile,diagnostic_function_preserving,128,0.0,0.0,0.0,0.1994834326468901,"{""diversity"": 0.0, ""k_used"": 1, ""status"": ""disabled_low_diversity""}"
control,threshold_survival,0.9,4,balanced_random_group,primary,1,0.0,0.0,0.0,0.21107520912654174,"{""status"": ""ok""}"
control,threshold_survival,0.9,4,balanced_random_group,primary,2,0.021107520912654176,0.0,0.0,0.21107520912654174,"{""status"": ""ok""}"
control,threshold_survival,0.9,4,balanced_random_group,primary,3,0.03345462912974446,0.0,0.0,0.21107520912654174,"{""status"": ""ok""}"
control,threshold_survival,0.9,4,balanced_random_group,primary,4,0.04221504182530835,0.0,0.0,0.21107520912654174,"{""status"": ""ok""}"
control,threshold_survival,0.9,4,balanced_random_group,primary,6,0.05456215004239864,0.0,0.0,0.21107520912654174,"{""status"": ""ok""}"
control,threshold_survival,0.9,4,balanced_random_group,primary,8,0.06332256273796252,0.0,0.0,0.21107520912654174,"{""status"": ""ok""}"
control,threshold_survival,0.9,4,balanced_random_group,primary,12,0.07566967095505281,0.0,0.0,0.21107520912654174,"{""status"": ""ok""}"
control,threshold_survival,0.9,4,balanced_random_group,primary,16,0.0844300836506167,0.0,0.0,0.21107520912654174,"{""status"": ""ok""}"
control,threshold_survival,0.9,4,balanced_random_group,primary,24,0.09677719186770697,0.0,0.0,0.21107520912654174,"{""status"": ""ok""}"
control,threshold_survival,0.9,4,balanced_random_group,primary,32,0.10553760456327087,0.0,0.0,0.21107520912654174,"{""status"": ""ok""}"
control,threshold_survival,0.9,4,balanced_random_group,primary,48,0.11788471278036114,0.0,0.0,0.21107520912654174,"{""status"": ""ok""}"
control,threshold_survival,0.9,4,balanced_random_group,primary,64,0.12664512547592505,0.0,0.0,0.21107520912654174,"{""status"": ""ok""}"
control,threshold_survival,0.9,4,balanced_random_group,primary,96,0.13899223369301533,0.0,0.0,0.21107520912654174,"{""status"": ""ok""}"
control,threshold_survival,0.9,4,balanced_random_group,primary,128,0.1477526463885792,0.0,0.0,0.21107520912654174,"{""status"": ""ok""}"
control,threshold_survival,0.9,4,affinity_rank_group,primary,1,0.0,0.0,0.0,0.21107520912654174,"{""status"": ""ok""}"
control,threshold_survival,0.9,4,affinity_rank_group,primary,2,0.021107520912654176,0.0,0.0,0.21107520912654174,"{""status"": ""ok""}"
control,threshold_survival,0.9,4,affinity_rank_group,primary,3,0.03345462912974446,0.0,0.0,0.21107520912654174,"{""status"": ""ok""}"
control,threshold_survival,0.9,4,affinity_rank_group,primary,4,0.04221504182530835,0.0,0.0,0.21107520912654174,"{""status"": ""ok""}"
control,threshold_survival,0.9,4,affinity_rank_group,primary,6,0.05456215004239864,0.0,0.0,0.21107520912654174,"{""status"": ""ok""}"
control,threshold_survival,0.9,4,affinity_rank_group,primary,8,0.06332256273796252,0.0,0.0,0.21107520912654174,"{""status"": ""ok""}"
control,threshold_survival,0.9,4,affinity_rank_group,primary,12,0.07566967095505281,0.0,0.0,0.21107520912654174,"{""status"": ""ok""}"
control,threshold_survival,0.9,4,affinity_rank_group,primary,16,0.0844300836506167,0.0,0.0,0.21107520912654174,"{""status"": ""ok""}"
control,threshold_survival,0.9,4,affinity_rank_group,primary,24,0.09677719186770697,0.0,0.0,0.21107520912654174,"{""status"": ""ok""}"
control,threshold_survival,0.9,4,affinity_rank_group,primary,32,0.10553760456327087,0.0,0.0,0.21107520912654174,"{""status"": ""ok""}"
control,threshold_survival,0.9,4,affinity_rank_group,primary,48,0.11788471278036114,0.0,0.0,0.21107520912654174,"{""status"": ""ok""}"
control,threshold_survival,0.9,4,affinity_rank_group,primary,64,0.12664512547592505,0.0,0.0,0.21107520912654174,"{""status"": ""ok""}"
control,threshold_survival,0.9,4,affinity_rank_group,primary,96,0.13899223369301533,0.0,0.0,0.21107520912654174,"{""status"": ""ok""}"
control,threshold_survival,0.9,4,affinity_rank_group,primary,128,0.1477526463885792,0.0,0.0,0.21107520912654174,"{""status"": ""ok""}"
control,threshold_survival,0.9,4,prefix_group,primary,1,0.04221504182530835,0.0,0.0,0.21107520912654174,"{""status"": ""ok""}"
control,threshold_survival,0.9,4,prefix_group,primary,2,0.04221504182530835,0.0,0.0,0.21107520912654174,"{""status"": ""ok""}"
control,threshold_survival,0.9,4,prefix_group,primary,3,0.04221504182530835,0.0,0.0,0.21107520912654174,"{""status"": ""ok""}"
control,threshold_survival,0.9,4,prefix_group,primary,4,0.04221504182530835,0.0,0.0,0.21107520912654174,"{""status"": ""ok""}"
control,threshold_survival,0.9,4,prefix_group,primary,6,0.0844300836506167,0.0,0.0,0.21107520912654174,"{""status"": ""ok""}"
control,threshold_survival,0.9,4,prefix_group,primary,8,0.0844300836506167,0.0,0.0,0.21107520912654174,"{""status"": ""ok""}"
control,threshold_survival,0.9,4,prefix_group,primary,12,0.0844300836506167,0.0,0.0,0.21107520912654174,"{""status"": ""ok""}"
control,threshold_survival,0.9,4,prefix_group,primary,16,0.0844300836506167,0.0,0.0,0.21107520912654174,"{""status"": ""ok""}"
control,threshold_survival,0.9,4,prefix_group,primary,24,0.12664512547592505,0.0,0.0,0.21107520912654174,"{""status"": ""ok""}"
control,threshold_survival,0.9,4,prefix_group,primary,32,0.12664512547592505,0.0,0.0,0.21107520912654174,"{""status"": ""ok""}"
control,threshold_survival,0.9,4,prefix_group,primary,48,0.12664512547592505,0.0,0.0,0.21107520912654174,"{""status"": ""ok""}"
control,threshold_survival,0.9,4,prefix_group,primary,64,0.12664512547592505,0.0,0.0,0.21107520912654174,"{""status"": ""ok""}"
control,threshold_survival,0.9,4,prefix_group,primary,96,0.1688601673012334,0.0,0.0,0.21107520912654174,"{""status"": ""ok""}"
control,threshold_survival,0.9,4,prefix_group,primary,128,0.1688601673012334,0.0,0.0,0.21107520912654174,"{""status"": ""ok""}"
control,threshold_survival,0.9,4,kmeans_profile,diagnostic_function_preserving,1,0.0,0.0,0.0,0.21107520912654174,"{""diversity"": 0.0, ""k_used"": 1, ""status"": ""disabled_low_diversity""}"
control,threshold_survival,0.9,4,kmeans_profile,diagnostic_function_preserving,2,0.0,0.0,0.0,0.21107520912654174,"{""diversity"": 0.0, ""k_used"": 1, ""status"": ""disabled_low_diversity""}"
control,threshold_survival,0.9,4,kmeans_profile,diagnostic_function_preserving,3,0.0,0.0,0.0,0.21107520912654174,"{""diversity"": 0.0, ""k_used"": 1, ""status"": ""disabled_low_diversity""}"
control,threshold_survival,0.9,4,kmeans_profile,diagnostic_function_preserving,4,0.0,0.0,0.0,0.21107520912654174,"{""diversity"": 0.0, ""k_used"": 1, ""status"": ""disabled_low_diversity""}"
control,threshold_survival,0.9,4,kmeans_profile,diagnostic_function_preserving,6,0.0,0.0,0.0,0.21107520912654174,"{""diversity"": 0.0, ""k_used"": 1, ""status"": ""disabled_low_diversity""}"
control,threshold_survival,0.9,4,kmeans_profile,diagnostic_function_preserving,8,0.0,0.0,0.0,0.21107520912654174,"{""diversity"": 0.0, ""k_used"": 1, ""status"": ""disabled_low_diversity""}"
control,threshold_survival,0.9,4,kmeans_profile,diagnostic_function_preserving,12,0.0,0.0,0.0,0.21107520912654174,"{""diversity"": 0.0, ""k_used"": 1, ""status"": ""disabled_low_diversity""}"
control,threshold_survival,0.9,4,kmeans_profile,diagnostic_function_preserving,16,0.0,0.0,0.0,0.21107520912654174,"{""diversity"": 0.0, ""k_used"": 1, ""status"": ""disabled_low_diversity""}"
control,threshold_survival,0.9,4,kmeans_profile,diagnostic_function_preserving,24,0.0,0.0,0.0,0.21107520912654174,"{""diversity"": 0.0, ""k_used"": 1, ""status"": ""disabled_low_diversity""}"
control,threshold_survival,0.9,4,kmeans_profile,diagnostic_function_preserving,32,0.0,0.0,0.0,0.21107520912654174,"{""diversity"": 0.0, ""k_used"": 1, ""status"": ""disabled_low_diversity""}"
control,threshold_survival,0.9,4,kmeans_profile,diagnostic_function_preserving,48,0.0,0.0,0.0,0.21107520912654174,"{""diversity"": 0.0, ""k_used"": 1, ""status"": ""disabled_low_diversity""}"
control,threshold_survival,0.9,4,kmeans_profile,diagnostic_function_preserving,64,0.0,0.0,0.0,0.21107520912654174,"{""diversity"": 0.0, ""k_used"": 1, ""status"": ""disabled_low_diversity""}"
control,threshold_survival,0.9,4,kmeans_profile,diagnostic_function_preserving,96,0.0,0.0,0.0,0.21107520912654174,"{""diversity"": 0.0, ""k_used"": 1, ""status"": ""disabled_low_diversity""}"
control,threshold_survival,0.9,4,kmeans_profile,diagnostic_function_preserving,128,0.0,0.0,0.0,0.21107520912654174,"{""diversity"": 0.0, ""k_used"": 1, ""status"": ""disabled_low_diversity""}"
control,threshold_survival,0.9,5,balanced_random_group,primary,1,0.0,0.0,0.0,0.19301176622226648,"{""status"": ""ok""}"
control,threshold_survival,0.9,5,balanced_random_group,primary,2,0.01930117662222665,0.0,0.0,0.19301176622226648,"{""status"": ""ok""}"
control,threshold_survival,0.9,5,balanced_random_group,primary,3,0.030591641166025065,0.0,0.0,0.19301176622226648,"{""status"": ""ok""}"
control,threshold_survival,0.9,5,balanced_random_group,primary,4,0.0386023532444533,0.0,0.0,0.19301176622226648,"{""status"": ""ok""}"
control,threshold_survival,0.9,5,balanced_random_group,primary,6,0.04989281778825172,0.0,0.0,0.19301176622226648,"{""status"": ""ok""}"
control,threshold_survival,0.9,5,balanced_random_group,primary,8,0.057903529866679945,0.0,0.0,0.19301176622226648,"{""status"": ""ok""}"
control,threshold_survival,0.9,5,balanced_random_group,primary,12,0.06919399441047837,0.0,0.0,0.19301176622226648,"{""status"": ""ok""}"
control,threshold_survival,0.9,5,balanced_random_group,primary,16,0.0772047064889066,0.0,0.0,0.19301176622226648,"{""status"": ""ok""}"
control,threshold_survival,0.9,5,balanced_random_group,primary,24,0.088495171032705,0.0,0.0,0.19301176622226648,"{""status"": ""ok""}"
control,threshold_survival,0.9,5,balanced_random_group,primary,32,0.09650588311113324,0.0,0.0,0.19301176622226648,"{""status"": ""ok""}"
control,threshold_survival,0.9,5,balanced_random_group,primary,48,0.10779634765493165,0.0,0.0,0.19301176622226648,"{""status"": ""ok""}"
control,threshold_survival,0.9,5,balanced_random_group,primary,64,0.11580705973335989,0.0,0.0,0.19301176622226648,"{""status"": ""ok""}"
control,threshold_survival,0.9,5,balanced_random_group,primary,96,0.1270975242771583,0.0,0.0,0.19301176622226648,"{""status"": ""ok""}"
control,threshold_survival,0.9,5,balanced_random_group,primary,128,0.13510823635558653,0.0,0.0,0.19301176622226648,"{""status"": ""ok""}"
control,threshold_survival,0.9,5,affinity_rank_group,primary,1,0.0,0.0,0.0,0.19301176622226648,"{""status"": ""ok""}"
control,threshold_survival,0.9,5,affinity_rank_group,primary,2,0.01930117662222665,0.0,0.0,0.19301176622226648,"{""status"": ""ok""}"
control,threshold_survival,0.9,5,affinity_rank_group,primary,3,0.030591641166025065,0.0,0.0,0.19301176622226648,"{""status"": ""ok""}"
control,threshold_survival,0.9,5,affinity_rank_group,primary,4,0.0386023532444533,0.0,0.0,0.19301176622226648,"{""status"": ""ok""}"
control,threshold_survival,0.9,5,affinity_rank_group,primary,6,0.04989281778825172,0.0,0.0,0.19301176622226648,"{""status"": ""ok""}"
control,threshold_survival,0.9,5,affinity_rank_group,primary,8,0.057903529866679945,0.0,0.0,0.19301176622226648,"{""status"": ""ok""}"
control,threshold_survival,0.9,5,affinity_rank_group,primary,12,0.06919399441047837,0.0,0.0,0.19301176622226648,"{""status"": ""ok""}"
control,threshold_survival,0.9,5,affinity_rank_group,primary,16,0.0772047064889066,0.0,0.0,0.19301176622226648,"{""status"": ""ok""}"
control,threshold_survival,0.9,5,affinity_rank_group,primary,24,0.088495171032705,0.0,0.0,0.19301176622226648,"{""status"": ""ok""}"
control,threshold_survival,0.9,5,affinity_rank_group,primary,32,0.09650588311113324,0.0,0.0,0.19301176622226648,"{""status"": ""ok""}"
control,threshold_survival,0.9,5,affinity_rank_group,primary,48,0.10779634765493165,0.0,0.0,0.19301176622226648,"{""status"": ""ok""}"
control,threshold_survival,0.9,5,affinity_rank_group,primary,64,0.11580705973335989,0.0,0.0,0.19301176622226648,"{""status"": ""ok""}"
control,threshold_survival,0.9,5,affinity_rank_group,primary,96,0.1270975242771583,0.0,0.0,0.19301176622226648,"{""status"": ""ok""}"
control,threshold_survival,0.9,5,affinity_rank_group,primary,128,0.13510823635558653,0.0,0.0,0.19301176622226648,"{""status"": ""ok""}"
control,threshold_survival,0.9,5,prefix_group,primary,1,0.0386023532444533,0.0,0.0,0.19301176622226648,"{""status"": ""ok""}"
control,threshold_survival,0.9,5,prefix_group,primary,2,0.0386023532444533,0.0,0.0,0.19301176622226648,"{""status"": ""ok""}"
control,threshold_survival,0.9,5,prefix_group,primary,3,0.0386023532444533,0.0,0.0,0.19301176622226648,"{""status"": ""ok""}"
control,threshold_survival,0.9,5,prefix_group,primary,4,0.0386023532444533,0.0,0.0,0.19301176622226648,"{""status"": ""ok""}"
control,threshold_survival,0.9,5,prefix_group,primary,6,0.0772047064889066,0.0,0.0,0.19301176622226648,"{""status"": ""ok""}"
control,threshold_survival,0.9,5,prefix_group,primary,8,0.0772047064889066,0.0,0.0,0.19301176622226648,"{""status"": ""ok""}"
control,threshold_survival,0.9,5,prefix_group,primary,12,0.0772047064889066,0.0,0.0,0.19301176622226648,"{""status"": ""ok""}"
control,threshold_survival,0.9,5,prefix_group,primary,16,0.0772047064889066,0.0,0.0,0.19301176622226648,"{""status"": ""ok""}"
control,threshold_survival,0.9,5,prefix_group,primary,24,0.11580705973335989,0.0,0.0,0.19301176622226648,"{""status"": ""ok""}"
control,threshold_survival,0.9,5,prefix_group,primary,32,0.11580705973335989,0.0,0.0,0.19301176622226648,"{""status"": ""ok""}"
control,threshold_survival,0.9,5,prefix_group,primary,48,0.11580705973335989,0.0,0.0,0.19301176622226648,"{""status"": ""ok""}"
control,threshold_survival,0.9,5,prefix_group,primary,64,0.11580705973335989,0.0,0.0,0.19301176622226648,"{""status"": ""ok""}"
control,threshold_survival,0.9,5,prefix_group,primary,96,0.1544094129778132,0.0,0.0,0.19301176622226648,"{""status"": ""ok""}"
control,threshold_survival,0.9,5,prefix_group,primary,128,0.1544094129778132,0.0,0.0,0.19301176622226648,"{""status"": ""ok""}"
control,threshold_survival,0.9,5,kmeans_profile,diagnostic_function_preserving,1,0.0,0.0,0.0,0.19301176622226648,"{""diversity"": 0.0, ""k_used"": 1, ""status"": ""disabled_low_diversity""}"
control,threshold_survival,0.9,5,kmeans_profile,diagnostic_function_preserving,2,0.0,0.0,0.0,0.19301176622226648,"{""diversity"": 0.0, ""k_used"": 1, ""status"": ""disabled_low_diversity""}"
control,threshold_survival,0.9,5,kmeans_profile,diagnostic_function_preserving,3,0.0,0.0,0.0,0.19301176622226648,"{""diversity"": 0.0, ""k_used"": 1, ""status"": ""disabled_low_diversity""}"
control,threshold_survival,0.9,5,kmeans_profile,diagnostic_function_preserving,4,0.0,0.0,0.0,0.19301176622226648,"{""diversity"": 0.0, ""k_used"": 1, ""status"": ""disabled_low_diversity""}"
control,threshold_survival,0.9,5,kmeans_profile,diagnostic_function_preserving,6,0.0,0.0,0.0,0.19301176622226648,"{""diversity"": 0.0, ""k_used"": 1, ""status"": ""disabled_low_diversity""}"
control,threshold_survival,0.9,5,kmeans_profile,diagnostic_function_preserving,8,0.0,0.0,0.0,0.19301176622226648,"{""diversity"": 0.0, ""k_used"": 1, ""status"": ""disabled_low_diversity""}"
control,threshold_survival,0.9,5,kmeans_profile,diagnostic_function_preserving,12,0.0,0.0,0.0,0.19301176622226648,"{""diversity"": 0.0, ""k_used"": 1, ""status"": ""disabled_low_diversity""}"
control,threshold_survival,0.9,5,kmeans_profile,diagnostic_function_preserving,16,0.0,0.0,0.0,0.19301176622226648,"{""diversity"": 0.0, ""k_used"": 1, ""status"": ""disabled_low_diversity""}"
control,threshold_survival,0.9,5,kmeans_profile,diagnostic_function_preserving,24,0.0,0.0,0.0,0.19301176622226648,"{""diversity"": 0.0, ""k_used"": 1, ""status"": ""disabled_low_diversity""}"
control,threshold_survival,0.9,5,kmeans_profile,diagnostic_function_preserving,32,0.0,0.0,0.0,0.19301176622226648,"{""diversity"": 0.0, ""k_used"": 1, ""status"": ""disabled_low_diversity""}"
control,threshold_survival,0.9,5,kmeans_profile,diagnostic_function_preserving,48,0.0,0.0,0.0,0.19301176622226648,"{""diversity"": 0.0, ""k_used"": 1, ""status"": ""disabled_low_diversity""}"
control,threshold_survival,0.9,5,kmeans_profile,diagnostic_function_preserving,64,0.0,0.0,0.0,0.19301176622226648,"{""diversity"": 0.0, ""k_used"": 1, ""status"": ""disabled_low_diversity""}"
control,threshold_survival,0.9,5,kmeans_profile,diagnostic_function_preserving,96,0.0,0.0,0.0,0.19301176622226648,"{""diversity"": 0.0, ""k_used"": 1, ""status"": ""disabled_low_diversity""}"
control,threshold_survival,0.9,5,kmeans_profile,diagnostic_function_preserving,128,0.0,0.0,0.0,0.19301176622226648,"{""diversity"": 0.0, ""k_used"": 1, ""status"": ""disabled_low_diversity""}"
control,threshold_survival,0.9,6,balanced_random_group,primary,1,0.0,0.0,0.0,0.23351078571688588,"{""status"": ""ok""}"
control,threshold_survival,0.9,6,balanced_random_group,primary,2,0.02335107857168859,0.0,0.0,0.23351078571688588,"{""status"": ""ok""}"
control,threshold_survival,0.9,6,balanced_random_group,primary,3,0.037010583887519745,0.0,0.0,0.23351078571688588,"{""status"": ""ok""}"
control,threshold_survival,0.9,6,balanced_random_group,primary,4,0.04670215714337718,0.0,0.0,0.23351078571688588,"{""status"": ""ok""}"
control,threshold_survival,0.9,6,balanced_random_group,primary,6,0.06036166245920834,0.0,0.0,0.23351078571688588,"{""status"": ""ok""}"
control,threshold_survival,0.9,6,balanced_random_group,primary,8,0.07005323571506576,0.0,0.0,0.23351078571688588,"{""status"": ""ok""}"
control,threshold_survival,0.9,6,balanced_random_group,primary,12,0.08371274103089692,0.0,0.0,0.23351078571688588,"{""status"": ""ok""}"
control,threshold_survival,0.9,6,balanced_random_group,primary,16,0.09340431428675436,0.0,0.0,0.23351078571688588,"{""status"": ""ok""}"
control,threshold_survival,0.9,6,balanced_random_group,primary,24,0.1070638196025855,0.0,0.0,0.23351078571688588,"{""status"": ""ok""}"
control,threshold_survival,0.9,6,balanced_random_group,primary,32,0.11675539285844294,0.0,0.0,0.23351078571688588,"{""status"": ""ok""}"
control,threshold_survival,0.9,6,balanced_random_group,primary,48,0.1304148981742741,0.0,0.0,0.23351078571688588,"{""status"": ""ok""}"
control,threshold_survival,0.9,6,balanced_random_group,primary,64,0.14010647143013152,0.0,0.0,0.23351078571688588,"{""status"": ""ok""}"
control,threshold_survival,0.9,6,balanced_random_group,primary,96,0.1537659767459627,0.0,0.0,0.23351078571688588,"{""status"": ""ok""}"
control,threshold_survival,0.9,6,balanced_random_group,primary,128,0.1634575500018201,0.0,0.0,0.23351078571688588,"{""status"": ""ok""}"
control,threshold_survival,0.9,6,affinity_rank_group,primary,1,0.0,0.0,0.0,0.23351078571688588,"{""status"": ""ok""}"
control,threshold_survival,0.9,6,affinity_rank_group,primary,2,0.02335107857168859,0.0,0.0,0.23351078571688588,"{""status"": ""ok""}"
control,threshold_survival,0.9,6,affinity_rank_group,primary,3,0.037010583887519745,0.0,0.0,0.23351078571688588,"{""status"": ""ok""}"
control,threshold_survival,0.9,6,affinity_rank_group,primary,4,0.04670215714337718,0.0,0.0,0.23351078571688588,"{""status"": ""ok""}"
control,threshold_survival,0.9,6,affinity_rank_group,primary,6,0.06036166245920834,0.0,0.0,0.23351078571688588,"{""status"": ""ok""}"
control,threshold_survival,0.9,6,affinity_rank_group,primary,8,0.07005323571506576,0.0,0.0,0.23351078571688588,"{""status"": ""ok""}"
control,threshold_survival,0.9,6,affinity_rank_group,primary,12,0.08371274103089692,0.0,0.0,0.23351078571688588,"{""status"": ""ok""}"
control,threshold_survival,0.9,6,affinity_rank_group,primary,16,0.09340431428675436,0.0,0.0,0.23351078571688588,"{""status"": ""ok""}"
control,threshold_survival,0.9,6,affinity_rank_group,primary,24,0.1070638196025855,0.0,0.0,0.23351078571688588,"{""status"": ""ok""}"
control,threshold_survival,0.9,6,affinity_rank_group,primary,32,0.11675539285844294,0.0,0.0,0.23351078571688588,"{""status"": ""ok""}"
control,threshold_survival,0.9,6,affinity_rank_group,primary,48,0.1304148981742741,0.0,0.0,0.23351078571688588,"{""status"": ""ok""}"
control,threshold_survival,0.9,6,affinity_rank_group,primary,64,0.14010647143013152,0.0,0.0,0.23351078571688588,"{""status"": ""ok""}"
control,threshold_survival,0.9,6,affinity_rank_group,primary,96,0.1537659767459627,0.0,0.0,0.23351078571688588,"{""status"": ""ok""}"
control,threshold_survival,0.9,6,affinity_rank_group,primary,128,0.1634575500018201,0.0,0.0,0.23351078571688588,"{""status"": ""ok""}"
control,threshold_survival,0.9,6,prefix_group,primary,1,0.04670215714337718,0.0,0.0,0.23351078571688588,"{""status"": ""ok""}"
control,threshold_survival,0.9,6,prefix_group,primary,2,0.04670215714337718,0.0,0.0,0.23351078571688588,"{""status"": ""ok""}"
control,threshold_survival,0.9,6,prefix_group,primary,3,0.04670215714337718,0.0,0.0,0.23351078571688588,"{""status"": ""ok""}"
control,threshold_survival,0.9,6,prefix_group,primary,4,0.04670215714337718,0.0,0.0,0.23351078571688588,"{""status"": ""ok""}"
control,threshold_survival,0.9,6,prefix_group,primary,6,0.09340431428675436,0.0,0.0,0.23351078571688588,"{""status"": ""ok""}"
control,threshold_survival,0.9,6,prefix_group,primary,8,0.09340431428675436,0.0,0.0,0.23351078571688588,"{""status"": ""ok""}"
control,threshold_survival,0.9,6,prefix_group,primary,12,0.09340431428675436,0.0,0.0,0.23351078571688588,"{""status"": ""ok""}"
control,threshold_survival,0.9,6,prefix_group,primary,16,0.09340431428675436,0.0,0.0,0.23351078571688588,"{""status"": ""ok""}"
control,threshold_survival,0.9,6,prefix_group,primary,24,0.14010647143013152,0.0,0.0,0.23351078571688588,"{""status"": ""ok""}"
control,threshold_survival,0.9,6,prefix_group,primary,32,0.14010647143013152,0.0,0.0,0.23351078571688588,"{""status"": ""ok""}"
control,threshold_survival,0.9,6,prefix_group,primary,48,0.14010647143013152,0.0,0.0,0.23351078571688588,"{""status"": ""ok""}"
control,threshold_survival,0.9,6,prefix_group,primary,64,0.14010647143013152,0.0,0.0,0.23351078571688588,"{""status"": ""ok""}"
control,threshold_survival,0.9,6,prefix_group,primary,96,0.18680862857350872,0.0,0.0,0.23351078571688588,"{""status"": ""ok""}"
control,threshold_survival,0.9,6,prefix_group,primary,128,0.18680862857350872,0.0,0.0,0.23351078571688588,"{""status"": ""ok""}"
control,threshold_survival,0.9,6,kmeans_profile,diagnostic_function_preserving,1,0.0,0.0,0.0,0.23351078571688588,"{""diversity"": 0.0, ""k_used"": 1, ""status"": ""disabled_low_diversity""}"
control,threshold_survival,0.9,6,kmeans_profile,diagnostic_function_preserving,2,0.0,0.0,0.0,0.23351078571688588,"{""diversity"": 0.0, ""k_used"": 1, ""status"": ""disabled_low_diversity""}"
control,threshold_survival,0.9,6,kmeans_profile,diagnostic_function_preserving,3,0.0,0.0,0.0,0.23351078571688588,"{""diversity"": 0.0, ""k_used"": 1, ""status"": ""disabled_low_diversity""}"
control,threshold_survival,0.9,6,kmeans_profile,diagnostic_function_preserving,4,0.0,0.0,0.0,0.23351078571688588,"{""diversity"": 0.0, ""k_used"": 1, ""status"": ""disabled_low_diversity""}"
control,threshold_survival,0.9,6,kmeans_profile,diagnostic_function_preserving,6,0.0,0.0,0.0,0.23351078571688588,"{""diversity"": 0.0, ""k_used"": 1, ""status"": ""disabled_low_diversity""}"
control,threshold_survival,0.9,6,kmeans_profile,diagnostic_function_preserving,8,0.0,0.0,0.0,0.23351078571688588,"{""diversity"": 0.0, ""k_used"": 1, ""status"": ""disabled_low_diversity""}"
control,threshold_survival,0.9,6,kmeans_profile,diagnostic_function_preserving,12,0.0,0.0,0.0,0.23351078571688588,"{""diversity"": 0.0, ""k_used"": 1, ""status"": ""disabled_low_diversity""}"
control,threshold_survival,0.9,6,kmeans_profile,diagnostic_function_preserving,16,0.0,0.0,0.0,0.23351078571688588,"{""diversity"": 0.0, ""k_used"": 1, ""status"": ""disabled_low_diversity""}"
control,threshold_survival,0.9,6,kmeans_profile,diagnostic_function_preserving,24,0.0,0.0,0.0,0.23351078571688588,"{""diversity"": 0.0, ""k_used"": 1, ""status"": ""disabled_low_diversity""}"
control,threshold_survival,0.9,6,kmeans_profile,diagnostic_function_preserving,32,0.0,0.0,0.0,0.23351078571688588,"{""diversity"": 0.0, ""k_used"": 1, ""status"": ""disabled_low_diversity""}"
control,threshold_survival,0.9,6,kmeans_profile,diagnostic_function_preserving,48,0.0,0.0,0.0,0.23351078571688588,"{""diversity"": 0.0, ""k_used"": 1, ""status"": ""disabled_low_diversity""}"
control,threshold_survival,0.9,6,kmeans_profile,diagnostic_function_preserving,64,0.0,0.0,0.0,0.23351078571688588,"{""diversity"": 0.0, ""k_used"": 1, ""status"": ""disabled_low_diversity""}"
control,threshold_survival,0.9,6,kmeans_profile,diagnostic_function_preserving,96,0.0,0.0,0.0,0.23351078571688588,"{""diversity"": 0.0, ""k_used"": 1, ""status"": ""disabled_low_diversity""}"
control,threshold_survival,0.9,6,kmeans_profile,diagnostic_function_preserving,128,0.0,0.0,0.0,0.23351078571688588,"{""diversity"": 0.0, ""k_used"": 1, ""status"": ""disabled_low_diversity""}"
control,threshold_survival,0.9,7,balanced_random_group,primary,1,0.0,0.0,0.0,0.23118640661850112,"{""status"": ""ok""}"
control,threshold_survival,0.9,7,balanced_random_group,primary,2,0.023118640661850112,0.0,0.0,0.23118640661850112,"{""status"": ""ok""}"
control,threshold_survival,0.9,7,balanced_random_group,primary,3,0.03664217851667975,0.0,0.0,0.23118640661850112,"{""status"": ""ok""}"
control,threshold_survival,0.9,7,balanced_random_group,primary,4,0.046237281323700224,0.0,0.0,0.23118640661850112,"{""status"": ""ok""}"
control,threshold_survival,0.9,7,balanced_random_group,primary,6,0.05976081917852987,0.0,0.0,0.23118640661850112,"{""status"": ""ok""}"
control,threshold_survival,0.9,7,balanced_random_group,primary,8,0.06935592198555034,0.0,0.0,0.23118640661850112,"{""status"": ""ok""}"
control,threshold_survival,0.9,7,balanced_random_group,primary,12,0.08287945984037998,0.0,0.0,0.23118640661850112,"{""status"": ""ok""}"
control,threshold_survival,0.9,7,balanced_random_group,primary,16,0.09247456264740045,0.0,0.0,0.23118640661850112,"{""status"": ""ok""}"
control,threshold_survival,0.9,7,balanced_random_group,primary,24,0.10599810050223009,0.0,0.0,0.23118640661850112,"{""status"": ""ok""}"
control,threshold_survival,0.9,7,balanced_random_group,primary,32,0.11559320330925056,0.0,0.0,0.23118640661850112,"{""status"": ""ok""}"
control,threshold_survival,0.9,7,balanced_random_group,primary,48,0.1291167411640802,0.0,0.0,0.23118640661850112,"{""status"": ""ok""}"
control,threshold_survival,0.9,7,balanced_random_group,primary,64,0.13871184397110067,0.0,0.0,0.23118640661850112,"{""status"": ""ok""}"
control,threshold_survival,0.9,7,balanced_random_group,primary,96,0.15223538182593033,0.0,0.0,0.23118640661850112,"{""status"": ""ok""}"
control,threshold_survival,0.9,7,balanced_random_group,primary,128,0.16183048463295077,0.0,0.0,0.23118640661850112,"{""status"": ""ok""}"
control,threshold_survival,0.9,7,affinity_rank_group,primary,1,0.0,0.0,0.0,0.23118640661850112,"{""status"": ""ok""}"
control,threshold_survival,0.9,7,affinity_rank_group,primary,2,0.023118640661850112,0.0,0.0,0.23118640661850112,"{""status"": ""ok""}"
control,threshold_survival,0.9,7,affinity_rank_group,primary,3,0.03664217851667975,0.0,0.0,0.23118640661850112,"{""status"": ""ok""}"
control,threshold_survival,0.9,7,affinity_rank_group,primary,4,0.046237281323700224,0.0,0.0,0.23118640661850112,"{""status"": ""ok""}"
control,threshold_survival,0.9,7,affinity_rank_group,primary,6,0.05976081917852987,0.0,0.0,0.23118640661850112,"{""status"": ""ok""}"
control,threshold_survival,0.9,7,affinity_rank_group,primary,8,0.06935592198555034,0.0,0.0,0.23118640661850112,"{""status"": ""ok""}"
control,threshold_survival,0.9,7,affinity_rank_group,primary,12,0.08287945984037998,0.0,0.0,0.23118640661850112,"{""status"": ""ok""}"
control,threshold_survival,0.9,7,affinity_rank_group,primary,16,0.09247456264740045,0.0,0.0,0.23118640661850112,"{""status"": ""ok""}"
control,threshold_survival,0.9,7,affinity_rank_group,primary,24,0.10599810050223009,0.0,0.0,0.23118640661850112,"{""status"": ""ok""}"
control,threshold_survival,0.9,7,affinity_rank_group,primary,32,0.11559320330925056,0.0,0.0,0.23118640661850112,"{""status"": ""ok""}"
control,threshold_survival,0.9,7,affinity_rank_group,primary,48,0.1291167411640802,0.0,0.0,0.23118640661850112,"{""status"": ""ok""}"
control,threshold_survival,0.9,7,affinity_rank_group,primary,64,0.13871184397110067,0.0,0.0,0.23118640661850112,"{""status"": ""ok""}"
control,threshold_survival,0.9,7,affinity_rank_group,primary,96,0.15223538182593033,0.0,0.0,0.23118640661850112,"{""status"": ""ok""}"
control,threshold_survival,0.9,7,affinity_rank_group,primary,128,0.16183048463295077,0.0,0.0,0.23118640661850112,"{""status"": ""ok""}"
control,threshold_survival,0.9,7,prefix_group,primary,1,0.046237281323700224,0.0,0.0,0.23118640661850112,"{""status"": ""ok""}"
control,threshold_survival,0.9,7,prefix_group,primary,2,0.046237281323700224,0.0,0.0,0.23118640661850112,"{""status"": ""ok""}"
control,threshold_survival,0.9,7,prefix_group,primary,3,0.046237281323700224,0.0,0.0,0.23118640661850112,"{""status"": ""ok""}"
control,threshold_survival,0.9,7,prefix_group,primary,4,0.046237281323700224,0.0,0.0,0.23118640661850112,"{""status"": ""ok""}"
control,threshold_survival,0.9,7,prefix_group,primary,6,0.09247456264740045,0.0,0.0,0.23118640661850112,"{""status"": ""ok""}"
control,threshold_survival,0.9,7,prefix_group,primary,8,0.09247456264740045,0.0,0.0,0.23118640661850112,"{""status"": ""ok""}"
control,threshold_survival,0.9,7,prefix_group,primary,12,0.09247456264740045,0.0,0.0,0.23118640661850112,"{""status"": ""ok""}"
control,threshold_survival,0.9,7,prefix_group,primary,16,0.09247456264740045,0.0,0.0,0.23118640661850112,"{""status"": ""ok""}"
control,threshold_survival,0.9,7,prefix_group,primary,24,0.13871184397110067,0.0,0.0,0.23118640661850112,"{""status"": ""ok""}"
control,threshold_survival,0.9,7,prefix_group,primary,32,0.13871184397110067,0.0,0.0,0.23118640661850112,"{""status"": ""ok""}"
control,threshold_survival,0.9,7,prefix_group,primary,48,0.13871184397110067,0.0,0.0,0.23118640661850112,"{""status"": ""ok""}"
control,threshold_survival,0.9,7,prefix_group,primary,64,0.13871184397110067,0.0,0.0,0.23118640661850112,"{""status"": ""ok""}"
control,threshold_survival,0.9,7,prefix_group,primary,96,0.1849491252948009,0.0,0.0,0.23118640661850112,"{""status"": ""ok""}"
control,threshold_survival,0.9,7,prefix_group,primary,128,0.1849491252948009,0.0,0.0,0.23118640661850112,"{""status"": ""ok""}"
control,threshold_survival,0.9,7,kmeans_profile,diagnostic_function_preserving,1,0.0,0.0,0.0,0.23118640661850112,"{""diversity"": 0.0, ""k_used"": 1, ""status"": ""disabled_low_diversity""}"
control,threshold_survival,0.9,7,kmeans_profile,diagnostic_function_preserving,2,0.0,0.0,0.0,0.23118640661850112,"{""diversity"": 0.0, ""k_used"": 1, ""status"": ""disabled_low_diversity""}"
control,threshold_survival,0.9,7,kmeans_profile,diagnostic_function_preserving,3,0.0,0.0,0.0,0.23118640661850112,"{""diversity"": 0.0, ""k_used"": 1, ""status"": ""disabled_low_diversity""}"
control,threshold_survival,0.9,7,kmeans_profile,diagnostic_function_preserving,4,0.0,0.0,0.0,0.23118640661850112,"{""diversity"": 0.0, ""k_used"": 1, ""status"": ""disabled_low_diversity""}"
control,threshold_survival,0.9,7,kmeans_profile,diagnostic_function_preserving,6,0.0,0.0,0.0,0.23118640661850112,"{""diversity"": 0.0, ""k_used"": 1, ""status"": ""disabled_low_diversity""}"
control,threshold_survival,0.9,7,kmeans_profile,diagnostic_function_preserving,8,0.0,0.0,0.0,0.23118640661850112,"{""diversity"": 0.0, ""k_used"": 1, ""status"": ""disabled_low_diversity""}"
control,threshold_survival,0.9,7,kmeans_profile,diagnostic_function_preserving,12,0.0,0.0,0.0,0.23118640661850112,"{""diversity"": 0.0, ""k_used"": 1, ""status"": ""disabled_low_diversity""}"
control,threshold_survival,0.9,7,kmeans_profile,diagnostic_function_preserving,16,0.0,0.0,0.0,0.23118640661850112,"{""diversity"": 0.0, ""k_used"": 1, ""status"": ""disabled_low_diversity""}"
control,threshold_survival,0.9,7,kmeans_profile,diagnostic_function_preserving,24,0.0,0.0,0.0,0.23118640661850112,"{""diversity"": 0.0, ""k_used"": 1, ""status"": ""disabled_low_diversity""}"
control,threshold_survival,0.9,7,kmeans_profile,diagnostic_function_preserving,32,0.0,0.0,0.0,0.23118640661850112,"{""diversity"": 0.0, ""k_used"": 1, ""status"": ""disabled_low_diversity""}"
control,threshold_survival,0.9,7,kmeans_profile,diagnostic_function_preserving,48,0.0,0.0,0.0,0.23118640661850112,"{""diversity"": 0.0, ""k_used"": 1, ""status"": ""disabled_low_diversity""}"
control,threshold_survival,0.9,7,kmeans_profile,diagnostic_function_preserving,64,0.0,0.0,0.0,0.23118640661850112,"{""diversity"": 0.0, ""k_used"": 1, ""status"": ""disabled_low_diversity""}"
control,threshold_survival,0.9,7,kmeans_profile,diagnostic_function_preserving,96,0.0,0.0,0.0,0.23118640661850112,"{""diversity"": 0.0, ""k_used"": 1, ""status"": ""disabled_low_diversity""}"
control,threshold_survival,0.9,7,kmeans_profile,diagnostic_function_preserving,128,0.0,0.0,0.0,0.23118640661850112,"{""diversity"": 0.0, ""k_used"": 1, ""status"": ""disabled_low_diversity""}"
control,threshold_survival,0.9,8,balanced_random_group,primary,1,0.0,0.0,0.0,0.21584129846688682,"{""status"": ""ok""}"
control,threshold_survival,0.9,8,balanced_random_group,primary,2,0.021584129846688685,0.0,0.0,0.21584129846688682,"{""status"": ""ok""}"
control,threshold_survival,0.9,8,balanced_random_group,primary,3,0.034210036417697834,0.0,0.0,0.21584129846688682,"{""status"": ""ok""}"
control,threshold_survival,0.9,8,balanced_random_group,primary,4,0.04316825969337737,0.0,0.0,0.21584129846688682,"{""status"": ""ok""}"
control,threshold_survival,0.9,8,balanced_random_group,primary,6,0.055794166264386526,0.0,0.0,0.21584129846688682,"{""status"": ""ok""}"
control,threshold_survival,0.9,8,balanced_random_group,primary,8,0.06475238954006604,0.0,0.0,0.21584129846688682,"{""status"": ""ok""}"
control,threshold_survival,0.9,8,balanced_random_group,primary,12,0.0773782961110752,0.0,0.0,0.21584129846688682,"{""status"": ""ok""}"
control,threshold_survival,0.9,8,balanced_random_group,primary,16,0.08633651938675474,0.0,0.0,0.21584129846688682,"{""status"": ""ok""}"
control,threshold_survival,0.9,8,balanced_random_group,primary,24,0.09896242595776387,0.0,0.0,0.21584129846688682,"{""status"": ""ok""}"
control,threshold_survival,0.9,8,balanced_random_group,primary,32,0.10792064923344341,0.0,0.0,0.21584129846688682,"{""status"": ""ok""}"
control,threshold_survival,0.9,8,balanced_random_group,primary,48,0.12054655580445256,0.0,0.0,0.21584129846688682,"{""status"": ""ok""}"
control,threshold_survival,0.9,8,balanced_random_group,primary,64,0.12950477908013208,0.0,0.0,0.21584129846688682,"{""status"": ""ok""}"
control,threshold_survival,0.9,8,balanced_random_group,primary,96,0.14213068565114126,0.0,0.0,0.21584129846688682,"{""status"": ""ok""}"
control,threshold_survival,0.9,8,balanced_random_group,primary,128,0.15108890892682075,0.0,0.0,0.21584129846688682,"{""status"": ""ok""}"
control,threshold_survival,0.9,8,affinity_rank_group,primary,1,0.0,0.0,0.0,0.21584129846688682,"{""status"": ""ok""}"
control,threshold_survival,0.9,8,affinity_rank_group,primary,2,0.021584129846688685,0.0,0.0,0.21584129846688682,"{""status"": ""ok""}"
control,threshold_survival,0.9,8,affinity_rank_group,primary,3,0.034210036417697834,0.0,0.0,0.21584129846688682,"{""status"": ""ok""}"
control,threshold_survival,0.9,8,affinity_rank_group,primary,4,0.04316825969337737,0.0,0.0,0.21584129846688682,"{""status"": ""ok""}"
control,threshold_survival,0.9,8,affinity_rank_group,primary,6,0.055794166264386526,0.0,0.0,0.21584129846688682,"{""status"": ""ok""}"
control,threshold_survival,0.9,8,affinity_rank_group,primary,8,0.06475238954006604,0.0,0.0,0.21584129846688682,"{""status"": ""ok""}"
control,threshold_survival,0.9,8,affinity_rank_group,primary,12,0.0773782961110752,0.0,0.0,0.21584129846688682,"{""status"": ""ok""}"
control,threshold_survival,0.9,8,affinity_rank_group,primary,16,0.08633651938675474,0.0,0.0,0.21584129846688682,"{""status"": ""ok""}"
control,threshold_survival,0.9,8,affinity_rank_group,primary,24,0.09896242595776387,0.0,0.0,0.21584129846688682,"{""status"": ""ok""}"
control,threshold_survival,0.9,8,affinity_rank_group,primary,32,0.10792064923344341,0.0,0.0,0.21584129846688682,"{""status"": ""ok""}"
control,threshold_survival,0.9,8,affinity_rank_group,primary,48,0.12054655580445256,0.0,0.0,0.21584129846688682,"{""status"": ""ok""}"
control,threshold_survival,0.9,8,affinity_rank_group,primary,64,0.12950477908013208,0.0,0.0,0.21584129846688682,"{""status"": ""ok""}"
control,threshold_survival,0.9,8,affinity_rank_group,primary,96,0.14213068565114126,0.0,0.0,0.21584129846688682,"{""status"": ""ok""}"
control,threshold_survival,0.9,8,affinity_rank_group,primary,128,0.15108890892682075,0.0,0.0,0.21584129846688682,"{""status"": ""ok""}"
control,threshold_survival,0.9,8,prefix_group,primary,1,0.04316825969337737,0.0,0.0,0.21584129846688682,"{""status"": ""ok""}"
control,threshold_survival,0.9,8,prefix_group,primary,2,0.04316825969337737,0.0,0.0,0.21584129846688682,"{""status"": ""ok""}"
control,threshold_survival,0.9,8,prefix_group,primary,3,0.04316825969337737,0.0,0.0,0.21584129846688682,"{""status"": ""ok""}"
control,threshold_survival,0.9,8,prefix_group,primary,4,0.04316825969337737,0.0,0.0,0.21584129846688682,"{""status"": ""ok""}"
control,threshold_survival,0.9,8,prefix_group,primary,6,0.08633651938675474,0.0,0.0,0.21584129846688682,"{""status"": ""ok""}"
control,threshold_survival,0.9,8,prefix_group,primary,8,0.08633651938675474,0.0,0.0,0.21584129846688682,"{""status"": ""ok""}"
control,threshold_survival,0.9,8,prefix_group,primary,12,0.08633651938675474,0.0,0.0,0.21584129846688682,"{""status"": ""ok""}"
control,threshold_survival,0.9,8,prefix_group,primary,16,0.08633651938675474,0.0,0.0,0.21584129846688682,"{""status"": ""ok""}"
control,threshold_survival,0.9,8,prefix_group,primary,24,0.12950477908013208,0.0,0.0,0.21584129846688682,"{""status"": ""ok""}"
control,threshold_survival,0.9,8,prefix_group,primary,32,0.12950477908013208,0.0,0.0,0.21584129846688682,"{""status"": ""ok""}"
control,threshold_survival,0.9,8,prefix_group,primary,48,0.12950477908013208,0.0,0.0,0.21584129846688682,"{""status"": ""ok""}"
control,threshold_survival,0.9,8,prefix_group,primary,64,0.12950477908013208,0.0,0.0,0.21584129846688682,"{""status"": ""ok""}"
control,threshold_survival,0.9,8,prefix_group,primary,96,0.17267303877350948,0.0,0.0,0.21584129846688682,"{""status"": ""ok""}"
control,threshold_survival,0.9,8,prefix_group,primary,128,0.17267303877350948,0.0,0.0,0.21584129846688682,"{""status"": ""ok""}"
control,threshold_survival,0.9,8,kmeans_profile,diagnostic_function_preserving,1,0.0,0.0,0.0,0.21584129846688682,"{""diversity"": 0.0, ""k_used"": 1, ""status"": ""disabled_low_diversity""}"
control,threshold_survival,0.9,8,kmeans_profile,diagnostic_function_preserving,2,0.0,0.0,0.0,0.21584129846688682,"{""diversity"": 0.0, ""k_used"": 1, ""status"": ""disabled_low_diversity""}"
control,threshold_survival,0.9,8,kmeans_profile,diagnostic_function_preserving,3,0.0,0.0,0.0,0.21584129846688682,"{""diversity"": 0.0, ""k_used"": 1, ""status"": ""disabled_low_diversity""}"
control,threshold_survival,0.9,8,kmeans_profile,diagnostic_function_preserving,4,0.0,0.0,0.0,0.21584129846688682,"{""diversity"": 0.0, ""k_used"": 1, ""status"": ""disabled_low_diversity""}"
control,threshold_survival,0.9,8,kmeans_profile,diagnostic_function_preserving,6,0.0,0.0,0.0,0.21584129846688682,"{""diversity"": 0.0, ""k_used"": 1, ""status"": ""disabled_low_diversity""}"
control,threshold_survival,0.9,8,kmeans_profile,diagnostic_function_preserving,8,0.0,0.0,0.0,0.21584129846688682,"{""diversity"": 0.0, ""k_used"": 1, ""status"": ""disabled_low_diversity""}"
control,threshold_survival,0.9,8,kmeans_profile,diagnostic_function_preserving,12,0.0,0.0,0.0,0.21584129846688682,"{""diversity"": 0.0, ""k_used"": 1, ""status"": ""disabled_low_diversity""}"
control,threshold_survival,0.9,8,kmeans_profile,diagnostic_function_preserving,16,0.0,0.0,0.0,0.21584129846688682,"{""diversity"": 0.0, ""k_used"": 1, ""status"": ""disabled_low_diversity""}"
control,threshold_survival,0.9,8,kmeans_profile,diagnostic_function_preserving,24,0.0,0.0,0.0,0.21584129846688682,"{""diversity"": 0.0, ""k_used"": 1, ""status"": ""disabled_low_diversity""}"
control,threshold_survival,0.9,8,kmeans_profile,diagnostic_function_preserving,32,0.0,0.0,0.0,0.21584129846688682,"{""diversity"": 0.0, ""k_used"": 1, ""status"": ""disabled_low_diversity""}"
control,threshold_survival,0.9,8,kmeans_profile,diagnostic_function_preserving,48,0.0,0.0,0.0,0.21584129846688682,"{""diversity"": 0.0, ""k_used"": 1, ""status"": ""disabled_low_diversity""}"
control,threshold_survival,0.9,8,kmeans_profile,diagnostic_function_preserving,64,0.0,0.0,0.0,0.21584129846688682,"{""diversity"": 0.0, ""k_used"": 1, ""status"": ""disabled_low_diversity""}"
control,threshold_survival,0.9,8,kmeans_profile,diagnostic_function_preserving,96,0.0,0.0,0.0,0.21584129846688682,"{""diversity"": 0.0, ""k_used"": 1, ""status"": ""disabled_low_diversity""}"
control,threshold_survival,0.9,8,kmeans_profile,diagnostic_function_preserving,128,0.0,0.0,0.0,0.21584129846688682,"{""diversity"": 0.0, ""k_used"": 1, ""status"": ""disabled_low_diversity""}"
control,threshold_survival,0.9,9,balanced_random_group,primary,1,0.0,0.0,0.0,0.2384700058082424,"{""status"": ""ok""}"
control,threshold_survival,0.9,9,balanced_random_group,primary,2,0.023847000580824243,0.0,0.0,0.2384700058082424,"{""status"": ""ok""}"
control,threshold_survival,0.9,9,balanced_random_group,primary,3,0.037796601675282045,0.0,0.0,0.2384700058082424,"{""status"": ""ok""}"
control,threshold_survival,0.9,9,balanced_random_group,primary,4,0.047694001161648486,0.0,0.0,0.2384700058082424,"{""status"": ""ok""}"
control,threshold_survival,0.9,9,balanced_random_group,primary,6,0.061643602256106295,0.0,0.0,0.2384700058082424,"{""status"": ""ok""}"
control,threshold_survival,0.9,9,balanced_random_group,primary,8,0.07154100174247272,0.0,0.0,0.2384700058082424,"{""status"": ""ok""}"
control,threshold_survival,0.9,9,balanced_random_group,primary,12,0.08549060283693052,0.0,0.0,0.2384700058082424,"{""status"": ""ok""}"
control,threshold_survival,0.9,9,balanced_random_group,primary,16,0.09538800232329697,0.0,0.0,0.2384700058082424,"{""status"": ""ok""}"
control,threshold_survival,0.9,9,balanced_random_group,primary,24,0.10933760341775477,0.0,0.0,0.2384700058082424,"{""status"": ""ok""}"
control,threshold_survival,0.9,9,balanced_random_group,primary,32,0.1192350029041212,0.0,0.0,0.2384700058082424,"{""status"": ""ok""}"
control,threshold_survival,0.9,9,balanced_random_group,primary,48,0.133184603998579,0.0,0.0,0.2384700058082424,"{""status"": ""ok""}"
control,threshold_survival,0.9,9,balanced_random_group,primary,64,0.14308200348494543,0.0,0.0,0.2384700058082424,"{""status"": ""ok""}"
control,threshold_survival,0.9,9,balanced_random_group,primary,96,0.15703160457940327,0.0,0.0,0.2384700058082424,"{""status"": ""ok""}"
control,threshold_survival,0.9,9,balanced_random_group,primary,128,0.16692900406576966,0.0,0.0,0.2384700058082424,"{""status"": ""ok""}"
control,threshold_survival,0.9,9,affinity_rank_group,primary,1,0.0,0.0,0.0,0.2384700058082424,"{""status"": ""ok""}"
control,threshold_survival,0.9,9,affinity_rank_group,primary,2,0.023847000580824243,0.0,0.0,0.2384700058082424,"{""status"": ""ok""}"
control,threshold_survival,0.9,9,affinity_rank_group,primary,3,0.037796601675282045,0.0,0.0,0.2384700058082424,"{""status"": ""ok""}"
control,threshold_survival,0.9,9,affinity_rank_group,primary,4,0.047694001161648486,0.0,0.0,0.2384700058082424,"{""status"": ""ok""}"
control,threshold_survival,0.9,9,affinity_rank_group,primary,6,0.061643602256106295,0.0,0.0,0.2384700058082424,"{""status"": ""ok""}"
control,threshold_survival,0.9,9,affinity_rank_group,primary,8,0.07154100174247272,0.0,0.0,0.2384700058082424,"{""status"": ""ok""}"
control,threshold_survival,0.9,9,affinity_rank_group,primary,12,0.08549060283693052,0.0,0.0,0.2384700058082424,"{""status"": ""ok""}"
control,threshold_survival,0.9,9,affinity_rank_group,primary,16,0.09538800232329697,0.0,0.0,0.2384700058082424,"{""status"": ""ok""}"
control,threshold_survival,0.9,9,affinity_rank_group,primary,24,0.10933760341775477,0.0,0.0,0.2384700058082424,"{""status"": ""ok""}"
control,threshold_survival,0.9,9,affinity_rank_group,primary,32,0.1192350029041212,0.0,0.0,0.2384700058082424,"{""status"": ""ok""}"
control,threshold_survival,0.9,9,affinity_rank_group,primary,48,0.133184603998579,0.0,0.0,0.2384700058082424,"{""status"": ""ok""}"
control,threshold_survival,0.9,9,affinity_rank_group,primary,64,0.14308200348494543,0.0,0.0,0.2384700058082424,"{""status"": ""ok""}"
control,threshold_survival,0.9,9,affinity_rank_group,primary,96,0.15703160457940327,0.0,0.0,0.2384700058082424,"{""status"": ""ok""}"
control,threshold_survival,0.9,9,affinity_rank_group,primary,128,0.16692900406576966,0.0,0.0,0.2384700058082424,"{""status"": ""ok""}"
control,threshold_survival,0.9,9,prefix_group,primary,1,0.047694001161648486,0.0,0.0,0.2384700058082424,"{""status"": ""ok""}"
control,threshold_survival,0.9,9,prefix_group,primary,2,0.047694001161648486,0.0,0.0,0.2384700058082424,"{""status"": ""ok""}"
control,threshold_survival,0.9,9,prefix_group,primary,3,0.047694001161648486,0.0,0.0,0.2384700058082424,"{""status"": ""ok""}"
control,threshold_survival,0.9,9,prefix_group,primary,4,0.047694001161648486,0.0,0.0,0.2384700058082424,"{""status"": ""ok""}"
control,threshold_survival,0.9,9,prefix_group,primary,6,0.09538800232329697,0.0,0.0,0.2384700058082424,"{""status"": ""ok""}"
control,threshold_survival,0.9,9,prefix_group,primary,8,0.09538800232329697,0.0,0.0,0.2384700058082424,"{""status"": ""ok""}"
control,threshold_survival,0.9,9,prefix_group,primary,12,0.09538800232329697,0.0,0.0,0.2384700058082424,"{""status"": ""ok""}"
control,threshold_survival,0.9,9,prefix_group,primary,16,0.09538800232329697,0.0,0.0,0.2384700058082424,"{""status"": ""ok""}"
control,threshold_survival,0.9,9,prefix_group,primary,24,0.14308200348494543,0.0,0.0,0.2384700058082424,"{""status"": ""ok""}"
control,threshold_survival,0.9,9,prefix_group,primary,32,0.14308200348494543,0.0,0.0,0.2384700058082424,"{""status"": ""ok""}"
control,threshold_survival,0.9,9,prefix_group,primary,48,0.14308200348494543,0.0,0.0,0.2384700058082424,"{""status"": ""ok""}"
control,threshold_survival,0.9,9,prefix_group,primary,64,0.14308200348494543,0.0,0.0,0.2384700058082424,"{""status"": ""ok""}"
control,threshold_survival,0.9,9,prefix_group,primary,96,0.19077600464659394,0.0,0.0,0.2384700058082424,"{""status"": ""ok""}"
control,threshold_survival,0.9,9,prefix_group,primary,128,0.19077600464659394,0.0,0.0,0.2384700058082424,"{""status"": ""ok""}"
control,threshold_survival,0.9,9,kmeans_profile,diagnostic_function_preserving,1,0.0,0.0,0.0,0.2384700058082424,"{""diversity"": 0.0, ""k_used"": 1, ""status"": ""disabled_low_diversity""}"
control,threshold_survival,0.9,9,kmeans_profile,diagnostic_function_preserving,2,0.0,0.0,0.0,0.2384700058082424,"{""diversity"": 0.0, ""k_used"": 1, ""status"": ""disabled_low_diversity""}"
control,threshold_survival,0.9,9,kmeans_profile,diagnostic_function_preserving,3,0.0,0.0,0.0,0.2384700058082424,"{""diversity"": 0.0, ""k_used"": 1, ""status"": ""disabled_low_diversity""}"
control,threshold_survival,0.9,9,kmeans_profile,diagnostic_function_preserving,4,0.0,0.0,0.0,0.2384700058082424,"{""diversity"": 0.0, ""k_used"": 1, ""status"": ""disabled_low_diversity""}"
control,threshold_survival,0.9,9,kmeans_profile,diagnostic_function_preserving,6,0.0,0.0,0.0,0.2384700058082424,"{""diversity"": 0.0, ""k_used"": 1, ""status"": ""disabled_low_diversity""}"
control,threshold_survival,0.9,9,kmeans_profile,diagnostic_function_preserving,8,0.0,0.0,0.0,0.2384700058082424,"{""diversity"": 0.0, ""k_used"": 1, ""status"": ""disabled_low_diversity""}"
control,threshold_survival,0.9,9,kmeans_profile,diagnostic_function_preserving,12,0.0,0.0,0.0,0.2384700058082424,"{""diversity"": 0.0, ""k_used"": 1, ""status"": ""disabled_low_diversity""}"
control,threshold_survival,0.9,9,kmeans_profile,diagnostic_function_preserving,16,0.0,0.0,0.0,0.2384700058082424,"{""diversity"": 0.0, ""k_used"": 1, ""status"": ""disabled_low_diversity""}"
control,threshold_survival,0.9,9,kmeans_profile,diagnostic_function_preserving,24,0.0,0.0,0.0,0.2384700058082424,"{""diversity"": 0.0, ""k_used"": 1, ""status"": ""disabled_low_diversity""}"
control,threshold_survival,0.9,9,kmeans_profile,diagnostic_function_preserving,32,0.0,0.0,0.0,0.2384700058082424,"{""diversity"": 0.0, ""k_used"": 1, ""status"": ""disabled_low_diversity""}"
control,threshold_survival,0.9,9,kmeans_profile,diagnostic_function_preserving,48,0.0,0.0,0.0,0.2384700058082424,"{""diversity"": 0.0, ""k_used"": 1, ""status"": ""disabled_low_diversity""}"
control,threshold_survival,0.9,9,kmeans_profile,diagnostic_function_preserving,64,0.0,0.0,0.0,0.2384700058082424,"{""diversity"": 0.0, ""k_used"": 1, ""status"": ""disabled_low_diversity""}"
control,threshold_survival,0.9,9,kmeans_profile,diagnostic_function_preserving,96,0.0,0.0,0.0,0.2384700058082424,"{""diversity"": 0.0, ""k_used"": 1, ""status"": ""disabled_low_diversity""}"
control,threshold_survival,0.9,9,kmeans_profile,diagnostic_function_preserving,128,0.0,0.0,0.0,0.2384700058082424,"{""diversity"": 0.0, ""k_used"": 1, ""status"": ""disabled_low_diversity""}"
control,threshold_survival,0.9,10,balanced_random_group,primary,1,0.0,0.0,0.0,0.23113413560844787,"{""status"": ""ok""}"
control,threshold_survival,0.9,10,balanced_random_group,primary,2,0.023113413560844787,0.0,0.0,0.23113413560844787,"{""status"": ""ok""}"
control,threshold_survival,0.9,10,balanced_random_group,primary,3,0.03663389375759883,0.0,0.0,0.23113413560844787,"{""status"": ""ok""}"
control,threshold_survival,0.9,10,balanced_random_group,primary,4,0.04622682712168957,0.0,0.0,0.23113413560844787,"{""status"": ""ok""}"
control,threshold_survival,0.9,10,balanced_random_group,primary,6,0.059747307318443625,0.0,0.0,0.23113413560844787,"{""status"": ""ok""}"
control,threshold_survival,0.9,10,balanced_random_group,primary,8,0.06934024068253436,0.0,0.0,0.23113413560844787,"{""status"": ""ok""}"
control,threshold_survival,0.9,10,balanced_random_group,primary,12,0.0828607208792884,0.0,0.0,0.23113413560844787,"{""status"": ""ok""}"
control,threshold_survival,0.9,10,balanced_random_group,primary,16,0.09245365424337915,0.0,0.0,0.23113413560844787,"{""status"": ""ok""}"
control,threshold_survival,0.9,10,balanced_random_group,primary,24,0.10597413444013319,0.0,0.0,0.23113413560844787,"{""status"": ""ok""}"
control,threshold_survival,0.9,10,balanced_random_group,primary,32,0.11556706780422393,0.0,0.0,0.23113413560844787,"{""status"": ""ok""}"
control,threshold_survival,0.9,10,balanced_random_group,primary,48,0.12908754800097796,0.0,0.0,0.23113413560844787,"{""status"": ""ok""}"
control,threshold_survival,0.9,10,balanced_random_group,primary,64,0.13868048136506872,0.0,0.0,0.23113413560844787,"{""status"": ""ok""}"
control,threshold_survival,0.9,10,balanced_random_group,primary,96,0.15220096156182278,0.0,0.0,0.23113413560844787,"{""status"": ""ok""}"
control,threshold_survival,0.9,10,balanced_random_group,primary,128,0.1617938949259135,0.0,0.0,0.23113413560844787,"{""status"": ""ok""}"
control,threshold_survival,0.9,10,affinity_rank_group,primary,1,0.0,0.0,0.0,0.23113413560844787,"{""status"": ""ok""}"
control,threshold_survival,0.9,10,affinity_rank_group,primary,2,0.023113413560844787,0.0,0.0,0.23113413560844787,"{""status"": ""ok""}"
control,threshold_survival,0.9,10,affinity_rank_group,primary,3,0.03663389375759883,0.0,0.0,0.23113413560844787,"{""status"": ""ok""}"
control,threshold_survival,0.9,10,affinity_rank_group,primary,4,0.04622682712168957,0.0,0.0,0.23113413560844787,"{""status"": ""ok""}"
control,threshold_survival,0.9,10,affinity_rank_group,primary,6,0.059747307318443625,0.0,0.0,0.23113413560844787,"{""status"": ""ok""}"
control,threshold_survival,0.9,10,affinity_rank_group,primary,8,0.06934024068253436,0.0,0.0,0.23113413560844787,"{""status"": ""ok""}"
control,threshold_survival,0.9,10,affinity_rank_group,primary,12,0.0828607208792884,0.0,0.0,0.23113413560844787,"{""status"": ""ok""}"
control,threshold_survival,0.9,10,affinity_rank_group,primary,16,0.09245365424337915,0.0,0.0,0.23113413560844787,"{""status"": ""ok""}"
control,threshold_survival,0.9,10,affinity_rank_group,primary,24,0.10597413444013319,0.0,0.0,0.23113413560844787,"{""status"": ""ok""}"
control,threshold_survival,0.9,10,affinity_rank_group,primary,32,0.11556706780422393,0.0,0.0,0.23113413560844787,"{""status"": ""ok""}"
control,threshold_survival,0.9,10,affinity_rank_group,primary,48,0.12908754800097796,0.0,0.0,0.23113413560844787,"{""status"": ""ok""}"
control,threshold_survival,0.9,10,affinity_rank_group,primary,64,0.13868048136506872,0.0,0.0,0.23113413560844787,"{""status"": ""ok""}"
control,threshold_survival,0.9,10,affinity_rank_group,primary,96,0.15220096156182278,0.0,0.0,0.23113413560844787,"{""status"": ""ok""}"
control,threshold_survival,0.9,10,affinity_rank_group,primary,128,0.1617938949259135,0.0,0.0,0.23113413560844787,"{""status"": ""ok""}"
control,threshold_survival,0.9,10,prefix_group,primary,1,0.04622682712168957,0.0,0.0,0.23113413560844787,"{""status"": ""ok""}"
control,threshold_survival,0.9,10,prefix_group,primary,2,0.04622682712168957,0.0,0.0,0.23113413560844787,"{""status"": ""ok""}"
control,threshold_survival,0.9,10,prefix_group,primary,3,0.04622682712168957,0.0,0.0,0.23113413560844787,"{""status"": ""ok""}"
control,threshold_survival,0.9,10,prefix_group,primary,4,0.04622682712168957,0.0,0.0,0.23113413560844787,"{""status"": ""ok""}"
control,threshold_survival,0.9,10,prefix_group,primary,6,0.09245365424337915,0.0,0.0,0.23113413560844787,"{""status"": ""ok""}"
control,threshold_survival,0.9,10,prefix_group,primary,8,0.09245365424337915,0.0,0.0,0.23113413560844787,"{""status"": ""ok""}"
control,threshold_survival,0.9,10,prefix_group,primary,12,0.09245365424337915,0.0,0.0,0.23113413560844787,"{""status"": ""ok""}"
control,threshold_survival,0.9,10,prefix_group,primary,16,0.09245365424337915,0.0,0.0,0.23113413560844787,"{""status"": ""ok""}"
control,threshold_survival,0.9,10,prefix_group,primary,24,0.13868048136506872,0.0,0.0,0.23113413560844787,"{""status"": ""ok""}"
control,threshold_survival,0.9,10,prefix_group,primary,32,0.13868048136506872,0.0,0.0,0.23113413560844787,"{""status"": ""ok""}"
control,threshold_survival,0.9,10,prefix_group,primary,48,0.13868048136506872,0.0,0.0,0.23113413560844787,"{""status"": ""ok""}"
control,threshold_survival,0.9,10,prefix_group,primary,64,0.13868048136506872,0.0,0.0,0.23113413560844787,"{""status"": ""ok""}"
control,threshold_survival,0.9,10,prefix_group,primary,96,0.1849073084867583,0.0,0.0,0.23113413560844787,"{""status"": ""ok""}"
control,threshold_survival,0.9,10,prefix_group,primary,128,0.1849073084867583,0.0,0.0,0.23113413560844787,"{""status"": ""ok""}"
control,threshold_survival,0.9,10,kmeans_profile,diagnostic_function_preserving,1,0.0,0.0,0.0,0.23113413560844787,"{""diversity"": 0.0, ""k_used"": 1, ""status"": ""disabled_low_diversity""}"
control,threshold_survival,0.9,10,kmeans_profile,diagnostic_function_preserving,2,0.0,0.0,0.0,0.23113413560844787,"{""diversity"": 0.0, ""k_used"": 1, ""status"": ""disabled_low_diversity""}"
control,threshold_survival,0.9,10,kmeans_profile,diagnostic_function_preserving,3,0.0,0.0,0.0,0.23113413560844787,"{""diversity"": 0.0, ""k_used"": 1, ""status"": ""disabled_low_diversity""}"
control,threshold_survival,0.9,10,kmeans_profile,diagnostic_function_preserving,4,0.0,0.0,0.0,0.23113413560844787,"{""diversity"": 0.0, ""k_used"": 1, ""status"": ""disabled_low_diversity""}"
control,threshold_survival,0.9,10,kmeans_profile,diagnostic_function_preserving,6,0.0,0.0,0.0,0.23113413560844787,"{""diversity"": 0.0, ""k_used"": 1, ""status"": ""disabled_low_diversity""}"
control,threshold_survival,0.9,10,kmeans_profile,diagnostic_function_preserving,8,0.0,0.0,0.0,0.23113413560844787,"{""diversity"": 0.0, ""k_used"": 1, ""status"": ""disabled_low_diversity""}"
control,threshold_survival,0.9,10,kmeans_profile,diagnostic_function_preserving,12,0.0,0.0,0.0,0.23113413560844787,"{""diversity"": 0.0, ""k_used"": 1, ""status"": ""disabled_low_diversity""}"
control,threshold_survival,0.9,10,kmeans_profile,diagnostic_function_preserving,16,0.0,0.0,0.0,0.23113413560844787,"{""diversity"": 0.0, ""k_used"": 1, ""status"": ""disabled_low_diversity""}"
control,threshold_survival,0.9,10,kmeans_profile,diagnostic_function_preserving,24,0.0,0.0,0.0,0.23113413560844787,"{""diversity"": 0.0, ""k_used"": 1, ""status"": ""disabled_low_diversity""}"
control,threshold_survival,0.9,10,kmeans_profile,diagnostic_function_preserving,32,0.0,0.0,0.0,0.23113413560844787,"{""diversity"": 0.0, ""k_used"": 1, ""status"": ""disabled_low_diversity""}"
control,threshold_survival,0.9,10,kmeans_profile,diagnostic_function_preserving,48,0.0,0.0,0.0,0.23113413560844787,"{""diversity"": 0.0, ""k_used"": 1, ""status"": ""disabled_low_diversity""}"
control,threshold_survival,0.9,10,kmeans_profile,diagnostic_function_preserving,64,0.0,0.0,0.0,0.23113413560844787,"{""diversity"": 0.0, ""k_used"": 1, ""status"": ""disabled_low_diversity""}"
control,threshold_survival,0.9,10,kmeans_profile,diagnostic_function_preserving,96,0.0,0.0,0.0,0.23113413560844787,"{""diversity"": 0.0, ""k_used"": 1, ""status"": ""disabled_low_diversity""}"
control,threshold_survival,0.9,10,kmeans_profile,diagnostic_function_preserving,128,0.0,0.0,0.0,0.23113413560844787,"{""diversity"": 0.0, ""k_used"": 1, ""status"": ""disabled_low_diversity""}"
control,threshold_survival,0.9,11,balanced_random_group,primary,1,0.0,0.0,0.0,0.20208391783862728,"{""status"": ""ok""}"
control,threshold_survival,0.9,11,balanced_random_group,primary,2,0.02020839178386273,0.0,0.0,0.20208391783862728,"{""status"": ""ok""}"
control,threshold_survival,0.9,11,balanced_random_group,primary,3,0.03202954317730393,0.0,0.0,0.20208391783862728,"{""status"": ""ok""}"
control,threshold_survival,0.9,11,balanced_random_group,primary,4,0.04041678356772546,0.0,0.0,0.20208391783862728,"{""status"": ""ok""}"
control,threshold_survival,0.9,11,balanced_random_group,primary,6,0.05223793496116667,0.0,0.0,0.20208391783862728,"{""status"": ""ok""}"
control,threshold_survival,0.9,11,balanced_random_group,primary,8,0.06062517535158818,0.0,0.0,0.20208391783862728,"{""status"": ""ok""}"
control,threshold_survival,0.9,11,balanced_random_group,primary,12,0.07244632674502939,0.0,0.0,0.20208391783862728,"{""status"": ""ok""}"
control,threshold_survival,0.9,11,balanced_random_group,primary,16,0.08083356713545092,0.0,0.0,0.20208391783862728,"{""status"": ""ok""}"
control,threshold_survival,0.9,11,balanced_random_group,primary,24,0.09265471852889211,0.0,0.0,0.20208391783862728,"{""status"": ""ok""}"
control,threshold_survival,0.9,11,balanced_random_group,primary,32,0.10104195891931364,0.0,0.0,0.20208391783862728,"{""status"": ""ok""}"
control,threshold_survival,0.9,11,balanced_random_group,primary,48,0.11286311031275484,0.0,0.0,0.20208391783862728,"{""status"": ""ok""}"
control,threshold_survival,0.9,11,balanced_random_group,primary,64,0.12125035070317636,0.0,0.0,0.20208391783862728,"{""status"": ""ok""}"
control,threshold_survival,0.9,11,balanced_random_group,primary,96,0.13307150209661758,0.0,0.0,0.20208391783862728,"{""status"": ""ok""}"
control,threshold_survival,0.9,11,balanced_random_group,primary,128,0.14145874248703907,0.0,0.0,0.20208391783862728,"{""status"": ""ok""}"
control,threshold_survival,0.9,11,affinity_rank_group,primary,1,0.0,0.0,0.0,0.20208391783862728,"{""status"": ""ok""}"
control,threshold_survival,0.9,11,affinity_rank_group,primary,2,0.02020839178386273,0.0,0.0,0.20208391783862728,"{""status"": ""ok""}"
control,threshold_survival,0.9,11,affinity_rank_group,primary,3,0.03202954317730393,0.0,0.0,0.20208391783862728,"{""status"": ""ok""}"
control,threshold_survival,0.9,11,affinity_rank_group,primary,4,0.04041678356772546,0.0,0.0,0.20208391783862728,"{""status"": ""ok""}"
control,threshold_survival,0.9,11,affinity_rank_group,primary,6,0.05223793496116667,0.0,0.0,0.20208391783862728,"{""status"": ""ok""}"
control,threshold_survival,0.9,11,affinity_rank_group,primary,8,0.06062517535158818,0.0,0.0,0.20208391783862728,"{""status"": ""ok""}"
control,threshold_survival,0.9,11,affinity_rank_group,primary,12,0.07244632674502939,0.0,0.0,0.20208391783862728,"{""status"": ""ok""}"
control,threshold_survival,0.9,11,affinity_rank_group,primary,16,0.08083356713545092,0.0,0.0,0.20208391783862728,"{""status"": ""ok""}"
control,threshold_survival,0.9,11,affinity_rank_group,primary,24,0.09265471852889211,0.0,0.0,0.20208391783862728,"{""status"": ""ok""}"
control,threshold_survival,0.9,11,affinity_rank_group,primary,32,0.10104195891931364,0.0,0.0,0.20208391783862728,"{""status"": ""ok""}"
control,threshold_survival,0.9,11,affinity_rank_group,primary,48,0.11286311031275484,0.0,0.0,0.20208391783862728,"{""status"": ""ok""}"
control,threshold_survival,0.9,11,affinity_rank_group,primary,64,0.12125035070317636,0.0,0.0,0.20208391783862728,"{""status"": ""ok""}"
control,threshold_survival,0.9,11,affinity_rank_group,primary,96,0.13307150209661758,0.0,0.0,0.20208391783862728,"{""status"": ""ok""}"
control,threshold_survival,0.9,11,affinity_rank_group,primary,128,0.14145874248703907,0.0,0.0,0.20208391783862728,"{""status"": ""ok""}"
control,threshold_survival,0.9,11,prefix_group,primary,1,0.04041678356772546,0.0,0.0,0.20208391783862728,"{""status"": ""ok""}"
control,threshold_survival,0.9,11,prefix_group,primary,2,0.04041678356772546,0.0,0.0,0.20208391783862728,"{""status"": ""ok""}"
control,threshold_survival,0.9,11,prefix_group,primary,3,0.04041678356772546,0.0,0.0,0.20208391783862728,"{""status"": ""ok""}"
control,threshold_survival,0.9,11,prefix_group,primary,4,0.04041678356772546,0.0,0.0,0.20208391783862728,"{""status"": ""ok""}"
control,threshold_survival,0.9,11,prefix_group,primary,6,0.08083356713545092,0.0,0.0,0.20208391783862728,"{""status"": ""ok""}"
control,threshold_survival,0.9,11,prefix_group,primary,8,0.08083356713545092,0.0,0.0,0.20208391783862728,"{""status"": ""ok""}"
control,threshold_survival,0.9,11,prefix_group,primary,12,0.08083356713545092,0.0,0.0,0.20208391783862728,"{""status"": ""ok""}"
control,threshold_survival,0.9,11,prefix_group,primary,16,0.08083356713545092,0.0,0.0,0.20208391783862728,"{""status"": ""ok""}"
control,threshold_survival,0.9,11,prefix_group,primary,24,0.12125035070317636,0.0,0.0,0.20208391783862728,"{""status"": ""ok""}"
control,threshold_survival,0.9,11,prefix_group,primary,32,0.12125035070317636,0.0,0.0,0.20208391783862728,"{""status"": ""ok""}"
control,threshold_survival,0.9,11,prefix_group,primary,48,0.12125035070317636,0.0,0.0,0.20208391783862728,"{""status"": ""ok""}"
control,threshold_survival,0.9,11,prefix_group,primary,64,0.12125035070317636,0.0,0.0,0.20208391783862728,"{""status"": ""ok""}"
control,threshold_survival,0.9,11,prefix_group,primary,96,0.16166713427090185,0.0,0.0,0.20208391783862728,"{""status"": ""ok""}"
control,threshold_survival,0.9,11,prefix_group,primary,128,0.16166713427090185,0.0,0.0,0.20208391783862728,"{""status"": ""ok""}"
control,threshold_survival,0.9,11,kmeans_profile,diagnostic_function_preserving,1,0.0,0.0,0.0,0.20208391783862728,"{""diversity"": 0.0, ""k_used"": 1, ""status"": ""disabled_low_diversity""}"
control,threshold_survival,0.9,11,kmeans_profile,diagnostic_function_preserving,2,0.0,0.0,0.0,0.20208391783862728,"{""diversity"": 0.0, ""k_used"": 1, ""status"": ""disabled_low_diversity""}"
control,threshold_survival,0.9,11,kmeans_profile,diagnostic_function_preserving,3,0.0,0.0,0.0,0.20208391783862728,"{""diversity"": 0.0, ""k_used"": 1, ""status"": ""disabled_low_diversity""}"
control,threshold_survival,0.9,11,kmeans_profile,diagnostic_function_preserving,4,0.0,0.0,0.0,0.20208391783862728,"{""diversity"": 0.0, ""k_used"": 1, ""status"": ""disabled_low_diversity""}"
control,threshold_survival,0.9,11,kmeans_profile,diagnostic_function_preserving,6,0.0,0.0,0.0,0.20208391783862728,"{""diversity"": 0.0, ""k_used"": 1, ""status"": ""disabled_low_diversity""}"
control,threshold_survival,0.9,11,kmeans_profile,diagnostic_function_preserving,8,0.0,0.0,0.0,0.20208391783862728,"{""diversity"": 0.0, ""k_used"": 1, ""status"": ""disabled_low_diversity""}"
control,threshold_survival,0.9,11,kmeans_profile,diagnostic_function_preserving,12,0.0,0.0,0.0,0.20208391783862728,"{""diversity"": 0.0, ""k_used"": 1, ""status"": ""disabled_low_diversity""}"
control,threshold_survival,0.9,11,kmeans_profile,diagnostic_function_preserving,16,0.0,0.0,0.0,0.20208391783862728,"{""diversity"": 0.0, ""k_used"": 1, ""status"": ""disabled_low_diversity""}"
control,threshold_survival,0.9,11,kmeans_profile,diagnostic_function_preserving,24,0.0,0.0,0.0,0.20208391783862728,"{""diversity"": 0.0, ""k_used"": 1, ""status"": ""disabled_low_diversity""}"
control,threshold_survival,0.9,11,kmeans_profile,diagnostic_function_preserving,32,0.0,0.0,0.0,0.20208391783862728,"{""diversity"": 0.0, ""k_used"": 1, ""status"": ""disabled_low_diversity""}"
control,threshold_survival,0.9,11,kmeans_profile,diagnostic_function_preserving,48,0.0,0.0,0.0,0.20208391783862728,"{""diversity"": 0.0, ""k_used"": 1, ""status"": ""disabled_low_diversity""}"
control,threshold_survival,0.9,11,kmeans_profile,diagnostic_function_preserving,64,0.0,0.0,0.0,0.20208391783862728,"{""diversity"": 0.0, ""k_used"": 1, ""status"": ""disabled_low_diversity""}"
control,threshold_survival,0.9,11,kmeans_profile,diagnostic_function_preserving,96,0.0,0.0,0.0,0.20208391783862728,"{""diversity"": 0.0, ""k_used"": 1, ""status"": ""disabled_low_diversity""}"
control,threshold_survival,0.9,11,kmeans_profile,diagnostic_function_preserving,128,0.0,0.0,0.0,0.20208391783862728,"{""diversity"": 0.0, ""k_used"": 1, ""status"": ""disabled_low_diversity""}"
control,threshold_survival,1.0,0,balanced_random_group,primary,1,0.0,0.0,0.0,0.4829820411298605,"{""status"": ""ok""}"
control,threshold_survival,1.0,0,balanced_random_group,primary,2,0.04829820411298605,0.0,0.0,0.4829820411298605,"{""status"": ""ok""}"
control,threshold_survival,1.0,0,balanced_random_group,primary,3,0.07655084237125918,0.0,0.0,0.4829820411298605,"{""status"": ""ok""}"
control,threshold_survival,1.0,0,balanced_random_group,primary,4,0.0965964082259721,0.0,0.0,0.4829820411298605,"{""status"": ""ok""}"
control,threshold_survival,1.0,0,balanced_random_group,primary,6,0.12484904648424525,0.0,0.0,0.4829820411298605,"{""status"": ""ok""}"
control,threshold_survival,1.0,0,balanced_random_group,primary,8,0.14489461233895815,0.0,0.0,0.4829820411298605,"{""status"": ""ok""}"
control,threshold_survival,1.0,0,balanced_random_group,primary,12,0.1731472505972313,0.0,0.0,0.4829820411298605,"{""status"": ""ok""}"
control,threshold_survival,1.0,0,balanced_random_group,primary,16,0.1931928164519442,0.0,0.0,0.4829820411298605,"{""status"": ""ok""}"
control,threshold_survival,1.0,0,balanced_random_group,primary,24,0.22144545471021732,0.0,0.0,0.4829820411298605,"{""status"": ""ok""}"
control,threshold_survival,1.0,0,balanced_random_group,primary,32,0.24149102056493024,0.0,0.0,0.4829820411298605,"{""status"": ""ok""}"
control,threshold_survival,1.0,0,balanced_random_group,primary,48,0.2697436588232034,0.0,0.0,0.4829820411298605,"{""status"": ""ok""}"
control,threshold_survival,1.0,0,balanced_random_group,primary,64,0.2897892246779163,0.0,0.0,0.4829820411298605,"{""status"": ""ok""}"
control,threshold_survival,1.0,0,balanced_random_group,primary,96,0.31804186293618947,0.0,0.0,0.4829820411298605,"{""status"": ""ok""}"
control,threshold_survival,1.0,0,balanced_random_group,primary,128,0.3380874287909023,0.0,0.0,0.4829820411298605,"{""status"": ""ok""}"
control,threshold_survival,1.0,0,affinity_rank_group,primary,1,0.0,0.0,0.0,0.4829820411298605,"{""status"": ""ok""}"
control,threshold_survival,1.0,0,affinity_rank_group,primary,2,0.04829820411298605,0.0,0.0,0.4829820411298605,"{""status"": ""ok""}"
control,threshold_survival,1.0,0,affinity_rank_group,primary,3,0.07655084237125918,0.0,0.0,0.4829820411298605,"{""status"": ""ok""}"
control,threshold_survival,1.0,0,affinity_rank_group,primary,4,0.0965964082259721,0.0,0.0,0.4829820411298605,"{""status"": ""ok""}"
control,threshold_survival,1.0,0,affinity_rank_group,primary,6,0.12484904648424525,0.0,0.0,0.4829820411298605,"{""status"": ""ok""}"
control,threshold_survival,1.0,0,affinity_rank_group,primary,8,0.14489461233895815,0.0,0.0,0.4829820411298605,"{""status"": ""ok""}"
control,threshold_survival,1.0,0,affinity_rank_group,primary,12,0.1731472505972313,0.0,0.0,0.4829820411298605,"{""status"": ""ok""}"
control,threshold_survival,1.0,0,affinity_rank_group,primary,16,0.1931928164519442,0.0,0.0,0.4829820411298605,"{""status"": ""ok""}"
control,threshold_survival,1.0,0,affinity_rank_group,primary,24,0.22144545471021732,0.0,0.0,0.4829820411298605,"{""status"": ""ok""}"
control,threshold_survival,1.0,0,affinity_rank_group,primary,32,0.24149102056493024,0.0,0.0,0.4829820411298605,"{""status"": ""ok""}"
control,threshold_survival,1.0,0,affinity_rank_group,primary,48,0.2697436588232034,0.0,0.0,0.4829820411298605,"{""status"": ""ok""}"
control,threshold_survival,1.0,0,affinity_rank_group,primary,64,0.2897892246779163,0.0,0.0,0.4829820411298605,"{""status"": ""ok""}"
control,threshold_survival,1.0,0,affinity_rank_group,primary,96,0.31804186293618947,0.0,0.0,0.4829820411298605,"{""status"": ""ok""}"
control,threshold_survival,1.0,0,affinity_rank_group,primary,128,0.3380874287909023,0.0,0.0,0.4829820411298605,"{""status"": ""ok""}"
control,threshold_survival,1.0,0,prefix_group,primary,1,0.0965964082259721,0.0,0.0,0.4829820411298605,"{""status"": ""ok""}"
control,threshold_survival,1.0,0,prefix_group,primary,2,0.0965964082259721,0.0,0.0,0.4829820411298605,"{""status"": ""ok""}"
control,threshold_survival,1.0,0,prefix_group,primary,3,0.0965964082259721,0.0,0.0,0.4829820411298605,"{""status"": ""ok""}"
control,threshold_survival,1.0,0,prefix_group,primary,4,0.0965964082259721,0.0,0.0,0.4829820411298605,"{""status"": ""ok""}"
control,threshold_survival,1.0,0,prefix_group,primary,6,0.1931928164519442,0.0,0.0,0.4829820411298605,"{""status"": ""ok""}"
control,threshold_survival,1.0,0,prefix_group,primary,8,0.1931928164519442,0.0,0.0,0.4829820411298605,"{""status"": ""ok""}"
control,threshold_survival,1.0,0,prefix_group,primary,12,0.1931928164519442,0.0,0.0,0.4829820411298605,"{""status"": ""ok""}"
control,threshold_survival,1.0,0,prefix_group,primary,16,0.1931928164519442,0.0,0.0,0.4829820411298605,"{""status"": ""ok""}"
control,threshold_survival,1.0,0,prefix_group,primary,24,0.2897892246779163,0.0,0.0,0.4829820411298605,"{""status"": ""ok""}"
control,threshold_survival,1.0,0,prefix_group,primary,32,0.2897892246779163,0.0,0.0,0.4829820411298605,"{""status"": ""ok""}"
control,threshold_survival,1.0,0,prefix_group,primary,48,0.2897892246779163,0.0,0.0,0.4829820411298605,"{""status"": ""ok""}"
control,threshold_survival,1.0,0,prefix_group,primary,64,0.2897892246779163,0.0,0.0,0.4829820411298605,"{""status"": ""ok""}"
control,threshold_survival,1.0,0,prefix_group,primary,96,0.3863856329038884,0.0,0.0,0.4829820411298605,"{""status"": ""ok""}"
control,threshold_survival,1.0,0,prefix_group,primary,128,0.3863856329038884,0.0,0.0,0.4829820411298605,"{""status"": ""ok""}"
control,threshold_survival,1.0,0,kmeans_profile,diagnostic_function_preserving,1,0.0,0.0,0.0,0.4829820411298605,"{""diversity"": 0.0, ""k_used"": 1, ""status"": ""disabled_low_diversity""}"
control,threshold_survival,1.0,0,kmeans_profile,diagnostic_function_preserving,2,0.0,0.0,0.0,0.4829820411298605,"{""diversity"": 0.0, ""k_used"": 1, ""status"": ""disabled_low_diversity""}"
control,threshold_survival,1.0,0,kmeans_profile,diagnostic_function_preserving,3,0.0,0.0,0.0,0.4829820411298605,"{""diversity"": 0.0, ""k_used"": 1, ""status"": ""disabled_low_diversity""}"
control,threshold_survival,1.0,0,kmeans_profile,diagnostic_function_preserving,4,0.0,0.0,0.0,0.4829820411298605,"{""diversity"": 0.0, ""k_used"": 1, ""status"": ""disabled_low_diversity""}"
control,threshold_survival,1.0,0,kmeans_profile,diagnostic_function_preserving,6,0.0,0.0,0.0,0.4829820411298605,"{""diversity"": 0.0, ""k_used"": 1, ""status"": ""disabled_low_diversity""}"
control,threshold_survival,1.0,0,kmeans_profile,diagnostic_function_preserving,8,0.0,0.0,0.0,0.4829820411298605,"{""diversity"": 0.0, ""k_used"": 1, ""status"": ""disabled_low_diversity""}"
control,threshold_survival,1.0,0,kmeans_profile,diagnostic_function_preserving,12,0.0,0.0,0.0,0.4829820411298605,"{""diversity"": 0.0, ""k_used"": 1, ""status"": ""disabled_low_diversity""}"
control,threshold_survival,1.0,0,kmeans_profile,diagnostic_function_preserving,16,0.0,0.0,0.0,0.4829820411298605,"{""diversity"": 0.0, ""k_used"": 1, ""status"": ""disabled_low_diversity""}"
control,threshold_survival,1.0,0,kmeans_profile,diagnostic_function_preserving,24,0.0,0.0,0.0,0.4829820411298605,"{""diversity"": 0.0, ""k_used"": 1, ""status"": ""disabled_low_diversity""}"
control,threshold_survival,1.0,0,kmeans_profile,diagnostic_function_preserving,32,0.0,0.0,0.0,0.4829820411298605,"{""diversity"": 0.0, ""k_used"": 1, ""status"": ""disabled_low_diversity""}"
control,threshold_survival,1.0,0,kmeans_profile,diagnostic_function_preserving,48,0.0,0.0,0.0,0.4829820411298605,"{""diversity"": 0.0, ""k_used"": 1, ""status"": ""disabled_low_diversity""}"
control,threshold_survival,1.0,0,kmeans_profile,diagnostic_function_preserving,64,0.0,0.0,0.0,0.4829820411298605,"{""diversity"": 0.0, ""k_used"": 1, ""status"": ""disabled_low_diversity""}"
control,threshold_survival,1.0,0,kmeans_profile,diagnostic_function_preserving,96,0.0,0.0,0.0,0.4829820411298605,"{""diversity"": 0.0, ""k_used"": 1, ""status"": ""disabled_low_diversity""}"
control,threshold_survival,1.0,0,kmeans_profile,diagnostic_function_preserving,128,0.0,0.0,0.0,0.4829820411298605,"{""diversity"": 0.0, ""k_used"": 1, ""status"": ""disabled_low_diversity""}"
control,threshold_survival,1.0,1,balanced_random_group,primary,1,0.0,0.0,0.0,0.4864331646616302,"{""status"": ""ok""}"
control,threshold_survival,1.0,1,balanced_random_group,primary,2,0.048643316466163024,0.0,0.0,0.4864331646616302,"{""status"": ""ok""}"
control,threshold_survival,1.0,1,balanced_random_group,primary,3,0.07709783250958033,0.0,0.0,0.4864331646616302,"{""status"": ""ok""}"
control,threshold_survival,1.0,1,balanced_random_group,primary,4,0.09728663293232605,0.0,0.0,0.4864331646616302,"{""status"": ""ok""}"
control,threshold_survival,1.0,1,balanced_random_group,primary,6,0.12574114897574337,0.0,0.0,0.4864331646616302,"{""status"": ""ok""}"
control,threshold_survival,1.0,1,balanced_random_group,primary,8,0.14592994939848905,0.0,0.0,0.4864331646616302,"{""status"": ""ok""}"
control,threshold_survival,1.0,1,balanced_random_group,primary,12,0.1743844654419064,0.0,0.0,0.4864331646616302,"{""status"": ""ok""}"
control,threshold_survival,1.0,1,balanced_random_group,primary,16,0.1945732658646521,0.0,0.0,0.4864331646616302,"{""status"": ""ok""}"
control,threshold_survival,1.0,1,balanced_random_group,primary,24,0.22302778190806938,0.0,0.0,0.4864331646616302,"{""status"": ""ok""}"
control,threshold_survival,1.0,1,balanced_random_group,primary,32,0.2432165823308151,0.0,0.0,0.4864331646616302,"{""status"": ""ok""}"
control,threshold_survival,1.0,1,balanced_random_group,primary,48,0.2716710983742324,0.0,0.0,0.4864331646616302,"{""status"": ""ok""}"
control,threshold_survival,1.0,1,balanced_random_group,primary,64,0.2918598987969781,0.0,0.0,0.4864331646616302,"{""status"": ""ok""}"
control,threshold_survival,1.0,1,balanced_random_group,primary,96,0.32031441484039547,0.0,0.0,0.4864331646616302,"{""status"": ""ok""}"
control,threshold_survival,1.0,1,balanced_random_group,primary,128,0.34050321526314115,0.0,0.0,0.4864331646616302,"{""status"": ""ok""}"
control,threshold_survival,1.0,1,affinity_rank_group,primary,1,0.0,0.0,0.0,0.4864331646616302,"{""status"": ""ok""}"
control,threshold_survival,1.0,1,affinity_rank_group,primary,2,0.048643316466163024,0.0,0.0,0.4864331646616302,"{""status"": ""ok""}"
control,threshold_survival,1.0,1,affinity_rank_group,primary,3,0.07709783250958033,0.0,0.0,0.4864331646616302,"{""status"": ""ok""}"
control,threshold_survival,1.0,1,affinity_rank_group,primary,4,0.09728663293232605,0.0,0.0,0.4864331646616302,"{""status"": ""ok""}"
control,threshold_survival,1.0,1,affinity_rank_group,primary,6,0.12574114897574337,0.0,0.0,0.4864331646616302,"{""status"": ""ok""}"
control,threshold_survival,1.0,1,affinity_rank_group,primary,8,0.14592994939848905,0.0,0.0,0.4864331646616302,"{""status"": ""ok""}"
control,threshold_survival,1.0,1,affinity_rank_group,primary,12,0.1743844654419064,0.0,0.0,0.4864331646616302,"{""status"": ""ok""}"
control,threshold_survival,1.0,1,affinity_rank_group,primary,16,0.1945732658646521,0.0,0.0,0.4864331646616302,"{""status"": ""ok""}"
control,threshold_survival,1.0,1,affinity_rank_group,primary,24,0.22302778190806938,0.0,0.0,0.4864331646616302,"{""status"": ""ok""}"
control,threshold_survival,1.0,1,affinity_rank_group,primary,32,0.2432165823308151,0.0,0.0,0.4864331646616302,"{""status"": ""ok""}"
control,threshold_survival,1.0,1,affinity_rank_group,primary,48,0.2716710983742324,0.0,0.0,0.4864331646616302,"{""status"": ""ok""}"
control,threshold_survival,1.0,1,affinity_rank_group,primary,64,0.2918598987969781,0.0,0.0,0.4864331646616302,"{""status"": ""ok""}"
control,threshold_survival,1.0,1,affinity_rank_group,primary,96,0.32031441484039547,0.0,0.0,0.4864331646616302,"{""status"": ""ok""}"
control,threshold_survival,1.0,1,affinity_rank_group,primary,128,0.34050321526314115,0.0,0.0,0.4864331646616302,"{""status"": ""ok""}"
control,threshold_survival,1.0,1,prefix_group,primary,1,0.09728663293232605,0.0,0.0,0.4864331646616302,"{""status"": ""ok""}"
control,threshold_survival,1.0,1,prefix_group,primary,2,0.09728663293232605,0.0,0.0,0.4864331646616302,"{""status"": ""ok""}"
control,threshold_survival,1.0,1,prefix_group,primary,3,0.09728663293232605,0.0,0.0,0.4864331646616302,"{""status"": ""ok""}"
control,threshold_survival,1.0,1,prefix_group,primary,4,0.09728663293232605,0.0,0.0,0.4864331646616302,"{""status"": ""ok""}"
control,threshold_survival,1.0,1,prefix_group,primary,6,0.1945732658646521,0.0,0.0,0.4864331646616302,"{""status"": ""ok""}"
control,threshold_survival,1.0,1,prefix_group,primary,8,0.1945732658646521,0.0,0.0,0.4864331646616302,"{""status"": ""ok""}"
control,threshold_survival,1.0,1,prefix_group,primary,12,0.1945732658646521,0.0,0.0,0.4864331646616302,"{""status"": ""ok""}"
control,threshold_survival,1.0,1,prefix_group,primary,16,0.1945732658646521,0.0,0.0,0.4864331646616302,"{""status"": ""ok""}"
control,threshold_survival,1.0,1,prefix_group,primary,24,0.2918598987969781,0.0,0.0,0.4864331646616302,"{""status"": ""ok""}"
control,threshold_survival,1.0,1,prefix_group,primary,32,0.2918598987969781,0.0,0.0,0.4864331646616302,"{""status"": ""ok""}"
control,threshold_survival,1.0,1,prefix_group,primary,48,0.2918598987969781,0.0,0.0,0.4864331646616302,"{""status"": ""ok""}"
control,threshold_survival,1.0,1,prefix_group,primary,64,0.2918598987969781,0.0,0.0,0.4864331646616302,"{""status"": ""ok""}"
control,threshold_survival,1.0,1,prefix_group,primary,96,0.3891465317293042,0.0,0.0,0.4864331646616302,"{""status"": ""ok""}"
control,threshold_survival,1.0,1,prefix_group,primary,128,0.3891465317293042,0.0,0.0,0.4864331646616302,"{""status"": ""ok""}"
control,threshold_survival,1.0,1,kmeans_profile,diagnostic_function_preserving,1,0.0,0.0,0.0,0.4864331646616302,"{""diversity"": 0.0, ""k_used"": 1, ""status"": ""disabled_low_diversity""}"
control,threshold_survival,1.0,1,kmeans_profile,diagnostic_function_preserving,2,0.0,0.0,0.0,0.4864331646616302,"{""diversity"": 0.0, ""k_used"": 1, ""status"": ""disabled_low_diversity""}"
control,threshold_survival,1.0,1,kmeans_profile,diagnostic_function_preserving,3,0.0,0.0,0.0,0.4864331646616302,"{""diversity"": 0.0, ""k_used"": 1, ""status"": ""disabled_low_diversity""}"
control,threshold_survival,1.0,1,kmeans_profile,diagnostic_function_preserving,4,0.0,0.0,0.0,0.4864331646616302,"{""diversity"": 0.0, ""k_used"": 1, ""status"": ""disabled_low_diversity""}"
control,threshold_survival,1.0,1,kmeans_profile,diagnostic_function_preserving,6,0.0,0.0,0.0,0.4864331646616302,"{""diversity"": 0.0, ""k_used"": 1, ""status"": ""disabled_low_diversity""}"
control,threshold_survival,1.0,1,kmeans_profile,diagnostic_function_preserving,8,0.0,0.0,0.0,0.4864331646616302,"{""diversity"": 0.0, ""k_used"": 1, ""status"": ""disabled_low_diversity""}"
control,threshold_survival,1.0,1,kmeans_profile,diagnostic_function_preserving,12,0.0,0.0,0.0,0.4864331646616302,"{""diversity"": 0.0, ""k_used"": 1, ""status"": ""disabled_low_diversity""}"
control,threshold_survival,1.0,1,kmeans_profile,diagnostic_function_preserving,16,0.0,0.0,0.0,0.4864331646616302,"{""diversity"": 0.0, ""k_used"": 1, ""status"": ""disabled_low_diversity""}"
control,threshold_survival,1.0,1,kmeans_profile,diagnostic_function_preserving,24,0.0,0.0,0.0,0.4864331646616302,"{""diversity"": 0.0, ""k_used"": 1, ""status"": ""disabled_low_diversity""}"
control,threshold_survival,1.0,1,kmeans_profile,diagnostic_function_preserving,32,0.0,0.0,0.0,0.4864331646616302,"{""diversity"": 0.0, ""k_used"": 1, ""status"": ""disabled_low_diversity""}"
control,threshold_survival,1.0,1,kmeans_profile,diagnostic_function_preserving,48,0.0,0.0,0.0,0.4864331646616302,"{""diversity"": 0.0, ""k_used"": 1, ""status"": ""disabled_low_diversity""}"
control,threshold_survival,1.0,1,kmeans_profile,diagnostic_function_preserving,64,0.0,0.0,0.0,0.4864331646616302,"{""diversity"": 0.0, ""k_used"": 1, ""status"": ""disabled_low_diversity""}"
control,threshold_survival,1.0,1,kmeans_profile,diagnostic_function_preserving,96,0.0,0.0,0.0,0.4864331646616302,"{""diversity"": 0.0, ""k_used"": 1, ""status"": ""disabled_low_diversity""}"
control,threshold_survival,1.0,1,kmeans_profile,diagnostic_function_preserving,128,0.0,0.0,0.0,0.4864331646616302,"{""diversity"": 0.0, ""k_used"": 1, ""status"": ""disabled_low_diversity""}"
control,threshold_survival,1.0,2,balanced_random_group,primary,1,0.0,0.0,0.0,0.44899054489303547,"{""status"": ""ok""}"
control,threshold_survival,1.0,2,balanced_random_group,primary,2,0.04489905448930355,0.0,0.0,0.44899054489303547,"{""status"": ""ok""}"
control,threshold_survival,1.0,2,balanced_random_group,primary,3,0.071163317683382,0.0,0.0,0.44899054489303547,"{""status"": ""ok""}"
control,threshold_survival,1.0,2,balanced_random_group,primary,4,0.0897981089786071,0.0,0.0,0.44899054489303547,"{""status"": ""ok""}"
control,threshold_survival,1.0,2,balanced_random_group,primary,6,0.11606237217268556,0.0,0.0,0.44899054489303547,"{""status"": ""ok""}"
control,threshold_survival,1.0,2,balanced_random_group,primary,8,0.13469716346791064,0.0,0.0,0.44899054489303547,"{""status"": ""ok""}"
control,threshold_survival,1.0,2,balanced_random_group,primary,12,0.1609614266619891,0.0,0.0,0.44899054489303547,"{""status"": ""ok""}"
control,threshold_survival,1.0,2,balanced_random_group,primary,16,0.1795962179572142,0.0,0.0,0.44899054489303547,"{""status"": ""ok""}"
control,threshold_survival,1.0,2,balanced_random_group,primary,24,0.20586048115129263,0.0,0.0,0.44899054489303547,"{""status"": ""ok""}"
control,threshold_survival,1.0,2,balanced_random_group,primary,32,0.22449527244651774,0.0,0.0,0.44899054489303547,"{""status"": ""ok""}"
control,threshold_survival,1.0,2,balanced_random_group,primary,48,0.25075953564059617,0.0,0.0,0.44899054489303547,"{""status"": ""ok""}"
control,threshold_survival,1.0,2,balanced_random_group,primary,64,0.26939432693582127,0.0,0.0,0.44899054489303547,"{""status"": ""ok""}"
control,threshold_survival,1.0,2,balanced_random_group,primary,96,0.29565859012989976,0.0,0.0,0.44899054489303547,"{""status"": ""ok""}"
control,threshold_survival,1.0,2,balanced_random_group,primary,128,0.3142933814251248,0.0,0.0,0.44899054489303547,"{""status"": ""ok""}"
control,threshold_survival,1.0,2,affinity_rank_group,primary,1,0.0,0.0,0.0,0.44899054489303547,"{""status"": ""ok""}"
control,threshold_survival,1.0,2,affinity_rank_group,primary,2,0.04489905448930355,0.0,0.0,0.44899054489303547,"{""status"": ""ok""}"
control,threshold_survival,1.0,2,affinity_rank_group,primary,3,0.071163317683382,0.0,0.0,0.44899054489303547,"{""status"": ""ok""}"
control,threshold_survival,1.0,2,affinity_rank_group,primary,4,0.0897981089786071,0.0,0.0,0.44899054489303547,"{""status"": ""ok""}"
control,threshold_survival,1.0,2,affinity_rank_group,primary,6,0.11606237217268556,0.0,0.0,0.44899054489303547,"{""status"": ""ok""}"
control,threshold_survival,1.0,2,affinity_rank_group,primary,8,0.13469716346791064,0.0,0.0,0.44899054489303547,"{""status"": ""ok""}"
control,threshold_survival,1.0,2,affinity_rank_group,primary,12,0.1609614266619891,0.0,0.0,0.44899054489303547,"{""status"": ""ok""}"
control,threshold_survival,1.0,2,affinity_rank_group,primary,16,0.1795962179572142,0.0,0.0,0.44899054489303547,"{""status"": ""ok""}"
control,threshold_survival,1.0,2,affinity_rank_group,primary,24,0.20586048115129263,0.0,0.0,0.44899054489303547,"{""status"": ""ok""}"
control,threshold_survival,1.0,2,affinity_rank_group,primary,32,0.22449527244651774,0.0,0.0,0.44899054489303547,"{""status"": ""ok""}"
control,threshold_survival,1.0,2,affinity_rank_group,primary,48,0.25075953564059617,0.0,0.0,0.44899054489303547,"{""status"": ""ok""}"
control,threshold_survival,1.0,2,affinity_rank_group,primary,64,0.26939432693582127,0.0,0.0,0.44899054489303547,"{""status"": ""ok""}"
control,threshold_survival,1.0,2,affinity_rank_group,primary,96,0.29565859012989976,0.0,0.0,0.44899054489303547,"{""status"": ""ok""}"
control,threshold_survival,1.0,2,affinity_rank_group,primary,128,0.3142933814251248,0.0,0.0,0.44899054489303547,"{""status"": ""ok""}"
control,threshold_survival,1.0,2,prefix_group,primary,1,0.0897981089786071,0.0,0.0,0.44899054489303547,"{""status"": ""ok""}"
control,threshold_survival,1.0,2,prefix_group,primary,2,0.0897981089786071,0.0,0.0,0.44899054489303547,"{""status"": ""ok""}"
control,threshold_survival,1.0,2,prefix_group,primary,3,0.0897981089786071,0.0,0.0,0.44899054489303547,"{""status"": ""ok""}"
control,threshold_survival,1.0,2,prefix_group,primary,4,0.0897981089786071,0.0,0.0,0.44899054489303547,"{""status"": ""ok""}"
control,threshold_survival,1.0,2,prefix_group,primary,6,0.1795962179572142,0.0,0.0,0.44899054489303547,"{""status"": ""ok""}"
control,threshold_survival,1.0,2,prefix_group,primary,8,0.1795962179572142,0.0,0.0,0.44899054489303547,"{""status"": ""ok""}"
control,threshold_survival,1.0,2,prefix_group,primary,12,0.1795962179572142,0.0,0.0,0.44899054489303547,"{""status"": ""ok""}"
control,threshold_survival,1.0,2,prefix_group,primary,16,0.1795962179572142,0.0,0.0,0.44899054489303547,"{""status"": ""ok""}"
control,threshold_survival,1.0,2,prefix_group,primary,24,0.26939432693582127,0.0,0.0,0.44899054489303547,"{""status"": ""ok""}"
control,threshold_survival,1.0,2,prefix_group,primary,32,0.26939432693582127,0.0,0.0,0.44899054489303547,"{""status"": ""ok""}"
control,threshold_survival,1.0,2,prefix_group,primary,48,0.26939432693582127,0.0,0.0,0.44899054489303547,"{""status"": ""ok""}"
control,threshold_survival,1.0,2,prefix_group,primary,64,0.26939432693582127,0.0,0.0,0.44899054489303547,"{""status"": ""ok""}"
control,threshold_survival,1.0,2,prefix_group,primary,96,0.3591924359144284,0.0,0.0,0.44899054489303547,"{""status"": ""ok""}"
control,threshold_survival,1.0,2,prefix_group,primary,128,0.3591924359144284,0.0,0.0,0.44899054489303547,"{""status"": ""ok""}"
control,threshold_survival,1.0,2,kmeans_profile,diagnostic_function_preserving,1,0.0,0.0,0.0,0.44899054489303547,"{""diversity"": 0.0, ""k_used"": 1, ""status"": ""disabled_low_diversity""}"
control,threshold_survival,1.0,2,kmeans_profile,diagnostic_function_preserving,2,0.0,0.0,0.0,0.44899054489303547,"{""diversity"": 0.0, ""k_used"": 1, ""status"": ""disabled_low_diversity""}"
control,threshold_survival,1.0,2,kmeans_profile,diagnostic_function_preserving,3,0.0,0.0,0.0,0.44899054489303547,"{""diversity"": 0.0, ""k_used"": 1, ""status"": ""disabled_low_diversity""}"
control,threshold_survival,1.0,2,kmeans_profile,diagnostic_function_preserving,4,0.0,0.0,0.0,0.44899054489303547,"{""diversity"": 0.0, ""k_used"": 1, ""status"": ""disabled_low_diversity""}"
control,threshold_survival,1.0,2,kmeans_profile,diagnostic_function_preserving,6,0.0,0.0,0.0,0.44899054489303547,"{""diversity"": 0.0, ""k_used"": 1, ""status"": ""disabled_low_diversity""}"
control,threshold_survival,1.0,2,kmeans_profile,diagnostic_function_preserving,8,0.0,0.0,0.0,0.44899054489303547,"{""diversity"": 0.0, ""k_used"": 1, ""status"": ""disabled_low_diversity""}"
control,threshold_survival,1.0,2,kmeans_profile,diagnostic_function_preserving,12,0.0,0.0,0.0,0.44899054489303547,"{""diversity"": 0.0, ""k_used"": 1, ""status"": ""disabled_low_diversity""}"
control,threshold_survival,1.0,2,kmeans_profile,diagnostic_function_preserving,16,0.0,0.0,0.0,0.44899054489303547,"{""diversity"": 0.0, ""k_used"": 1, ""status"": ""disabled_low_diversity""}"
control,threshold_survival,1.0,2,kmeans_profile,diagnostic_function_preserving,24,0.0,0.0,0.0,0.44899054489303547,"{""diversity"": 0.0, ""k_used"": 1, ""status"": ""disabled_low_diversity""}"
control,threshold_survival,1.0,2,kmeans_profile,diagnostic_function_preserving,32,0.0,0.0,0.0,0.44899054489303547,"{""diversity"": 0.0, ""k_used"": 1, ""status"": ""disabled_low_diversity""}"
control,threshold_survival,1.0,2,kmeans_profile,diagnostic_function_preserving,48,0.0,0.0,0.0,0.44899054489303547,"{""diversity"": 0.0, ""k_used"": 1, ""status"": ""disabled_low_diversity""}"
control,threshold_survival,1.0,2,kmeans_profile,diagnostic_function_preserving,64,0.0,0.0,0.0,0.44899054489303547,"{""diversity"": 0.0, ""k_used"": 1, ""status"": ""disabled_low_diversity""}"
control,threshold_survival,1.0,2,kmeans_profile,diagnostic_function_preserving,96,0.0,0.0,0.0,0.44899054489303547,"{""diversity"": 0.0, ""k_used"": 1, ""status"": ""disabled_low_diversity""}"
control,threshold_survival,1.0,2,kmeans_profile,diagnostic_function_preserving,128,0.0,0.0,0.0,0.44899054489303547,"{""diversity"": 0.0, ""k_used"": 1, ""status"": ""disabled_low_diversity""}"
control,threshold_survival,1.0,3,balanced_random_group,primary,1,0.0,0.0,0.0,0.48136349150564767,"{""status"": ""ok""}"
control,threshold_survival,1.0,3,balanced_random_group,primary,2,0.04813634915056477,0.0,0.0,0.48136349150564767,"{""status"": ""ok""}"
control,threshold_survival,1.0,3,balanced_random_group,primary,3,0.07629430832526582,0.0,0.0,0.48136349150564767,"{""status"": ""ok""}"
control,threshold_survival,1.0,3,balanced_random_group,primary,4,0.09627269830112954,0.0,0.0,0.48136349150564767,"{""status"": ""ok""}"
control,threshold_survival,1.0,3,balanced_random_group,primary,6,0.12443065747583061,0.0,0.0,0.48136349150564767,"{""status"": ""ok""}"
control,threshold_survival,1.0,3,balanced_random_group,primary,8,0.1444090474516943,0.0,0.0,0.48136349150564767,"{""status"": ""ok""}"
control,threshold_survival,1.0,3,balanced_random_group,primary,12,0.17256700662639538,0.0,0.0,0.48136349150564767,"{""status"": ""ok""}"
control,threshold_survival,1.0,3,balanced_random_group,primary,16,0.19254539660225908,0.0,0.0,0.48136349150564767,"{""status"": ""ok""}"
control,threshold_survival,1.0,3,balanced_random_group,primary,24,0.22070335577696013,0.0,0.0,0.48136349150564767,"{""status"": ""ok""}"
control,threshold_survival,1.0,3,balanced_random_group,primary,32,0.24068174575282383,0.0,0.0,0.48136349150564767,"{""status"": ""ok""}"
control,threshold_survival,1.0,3,balanced_random_group,primary,48,0.2688397049275249,0.0,0.0,0.48136349150564767,"{""status"": ""ok""}"
control,threshold_survival,1.0,3,balanced_random_group,primary,64,0.2888180949033886,0.0,0.0,0.48136349150564767,"{""status"": ""ok""}"
control,threshold_survival,1.0,3,balanced_random_group,primary,96,0.3169760540780897,0.0,0.0,0.48136349150564767,"{""status"": ""ok""}"
control,threshold_survival,1.0,3,balanced_random_group,primary,128,0.33695444405395336,0.0,0.0,0.48136349150564767,"{""status"": ""ok""}"
control,threshold_survival,1.0,3,affinity_rank_group,primary,1,0.0,0.0,0.0,0.48136349150564767,"{""status"": ""ok""}"
control,threshold_survival,1.0,3,affinity_rank_group,primary,2,0.04813634915056477,0.0,0.0,0.48136349150564767,"{""status"": ""ok""}"
control,threshold_survival,1.0,3,affinity_rank_group,primary,3,0.07629430832526582,0.0,0.0,0.48136349150564767,"{""status"": ""ok""}"
control,threshold_survival,1.0,3,affinity_rank_group,primary,4,0.09627269830112954,0.0,0.0,0.48136349150564767,"{""status"": ""ok""}"
control,threshold_survival,1.0,3,affinity_rank_group,primary,6,0.12443065747583061,0.0,0.0,0.48136349150564767,"{""status"": ""ok""}"
control,threshold_survival,1.0,3,affinity_rank_group,primary,8,0.1444090474516943,0.0,0.0,0.48136349150564767,"{""status"": ""ok""}"
control,threshold_survival,1.0,3,affinity_rank_group,primary,12,0.17256700662639538,0.0,0.0,0.48136349150564767,"{""status"": ""ok""}"
control,threshold_survival,1.0,3,affinity_rank_group,primary,16,0.19254539660225908,0.0,0.0,0.48136349150564767,"{""status"": ""ok""}"
control,threshold_survival,1.0,3,affinity_rank_group,primary,24,0.22070335577696013,0.0,0.0,0.48136349150564767,"{""status"": ""ok""}"
control,threshold_survival,1.0,3,affinity_rank_group,primary,32,0.24068174575282383,0.0,0.0,0.48136349150564767,"{""status"": ""ok""}"
control,threshold_survival,1.0,3,affinity_rank_group,primary,48,0.2688397049275249,0.0,0.0,0.48136349150564767,"{""status"": ""ok""}"
control,threshold_survival,1.0,3,affinity_rank_group,primary,64,0.2888180949033886,0.0,0.0,0.48136349150564767,"{""status"": ""ok""}"
control,threshold_survival,1.0,3,affinity_rank_group,primary,96,0.3169760540780897,0.0,0.0,0.48136349150564767,"{""status"": ""ok""}"
control,threshold_survival,1.0,3,affinity_rank_group,primary,128,0.33695444405395336,0.0,0.0,0.48136349150564767,"{""status"": ""ok""}"
control,threshold_survival,1.0,3,prefix_group,primary,1,0.09627269830112954,0.0,0.0,0.48136349150564767,"{""status"": ""ok""}"
control,threshold_survival,1.0,3,prefix_group,primary,2,0.09627269830112954,0.0,0.0,0.48136349150564767,"{""status"": ""ok""}"
control,threshold_survival,1.0,3,prefix_group,primary,3,0.09627269830112954,0.0,0.0,0.48136349150564767,"{""status"": ""ok""}"
control,threshold_survival,1.0,3,prefix_group,primary,4,0.09627269830112954,0.0,0.0,0.48136349150564767,"{""status"": ""ok""}"
control,threshold_survival,1.0,3,prefix_group,primary,6,0.19254539660225908,0.0,0.0,0.48136349150564767,"{""status"": ""ok""}"
control,threshold_survival,1.0,3,prefix_group,primary,8,0.19254539660225908,0.0,0.0,0.48136349150564767,"{""status"": ""ok""}"
control,threshold_survival,1.0,3,prefix_group,primary,12,0.19254539660225908,0.0,0.0,0.48136349150564767,"{""status"": ""ok""}"
control,threshold_survival,1.0,3,prefix_group,primary,16,0.19254539660225908,0.0,0.0,0.48136349150564767,"{""status"": ""ok""}"
control,threshold_survival,1.0,3,prefix_group,primary,24,0.2888180949033886,0.0,0.0,0.48136349150564767,"{""status"": ""ok""}"
control,threshold_survival,1.0,3,prefix_group,primary,32,0.2888180949033886,0.0,0.0,0.48136349150564767,"{""status"": ""ok""}"
control,threshold_survival,1.0,3,prefix_group,primary,48,0.2888180949033886,0.0,0.0,0.48136349150564767,"{""status"": ""ok""}"
control,threshold_survival,1.0,3,prefix_group,primary,64,0.2888180949033886,0.0,0.0,0.48136349150564767,"{""status"": ""ok""}"
control,threshold_survival,1.0,3,prefix_group,primary,96,0.38509079320451817,0.0,0.0,0.48136349150564767,"{""status"": ""ok""}"
control,threshold_survival,1.0,3,prefix_group,primary,128,0.38509079320451817,0.0,0.0,0.48136349150564767,"{""status"": ""ok""}"
control,threshold_survival,1.0,3,kmeans_profile,diagnostic_function_preserving,1,0.0,0.0,0.0,0.48136349150564767,"{""diversity"": 0.0, ""k_used"": 1, ""status"": ""disabled_low_diversity""}"
control,threshold_survival,1.0,3,kmeans_profile,diagnostic_function_preserving,2,0.0,0.0,0.0,0.48136349150564767,"{""diversity"": 0.0, ""k_used"": 1, ""status"": ""disabled_low_diversity""}"
control,threshold_survival,1.0,3,kmeans_profile,diagnostic_function_preserving,3,0.0,0.0,0.0,0.48136349150564767,"{""diversity"": 0.0, ""k_used"": 1, ""status"": ""disabled_low_diversity""}"
control,threshold_survival,1.0,3,kmeans_profile,diagnostic_function_preserving,4,0.0,0.0,0.0,0.48136349150564767,"{""diversity"": 0.0, ""k_used"": 1, ""status"": ""disabled_low_diversity""}"
control,threshold_survival,1.0,3,kmeans_profile,diagnostic_function_preserving,6,0.0,0.0,0.0,0.48136349150564767,"{""diversity"": 0.0, ""k_used"": 1, ""status"": ""disabled_low_diversity""}"
control,threshold_survival,1.0,3,kmeans_profile,diagnostic_function_preserving,8,0.0,0.0,0.0,0.48136349150564767,"{""diversity"": 0.0, ""k_used"": 1, ""status"": ""disabled_low_diversity""}"
control,threshold_survival,1.0,3,kmeans_profile,diagnostic_function_preserving,12,0.0,0.0,0.0,0.48136349150564767,"{""diversity"": 0.0, ""k_used"": 1, ""status"": ""disabled_low_diversity""}"
control,threshold_survival,1.0,3,kmeans_profile,diagnostic_function_preserving,16,0.0,0.0,0.0,0.48136349150564767,"{""diversity"": 0.0, ""k_used"": 1, ""status"": ""disabled_low_diversity""}"
control,threshold_survival,1.0,3,kmeans_profile,diagnostic_function_preserving,24,0.0,0.0,0.0,0.48136349150564767,"{""diversity"": 0.0, ""k_used"": 1, ""status"": ""disabled_low_diversity""}"
control,threshold_survival,1.0,3,kmeans_profile,diagnostic_function_preserving,32,0.0,0.0,0.0,0.48136349150564767,"{""diversity"": 0.0, ""k_used"": 1, ""status"": ""disabled_low_diversity""}"
control,threshold_survival,1.0,3,kmeans_profile,diagnostic_function_preserving,48,0.0,0.0,0.0,0.48136349150564767,"{""diversity"": 0.0, ""k_used"": 1, ""status"": ""disabled_low_diversity""}"
control,threshold_survival,1.0,3,kmeans_profile,diagnostic_function_preserving,64,0.0,0.0,0.0,0.48136349150564767,"{""diversity"": 0.0, ""k_used"": 1, ""status"": ""disabled_low_diversity""}"
control,threshold_survival,1.0,3,kmeans_profile,diagnostic_function_preserving,96,0.0,0.0,0.0,0.48136349150564767,"{""diversity"": 0.0, ""k_used"": 1, ""status"": ""disabled_low_diversity""}"
control,threshold_survival,1.0,3,kmeans_profile,diagnostic_function_preserving,128,0.0,0.0,0.0,0.48136349150564767,"{""diversity"": 0.0, ""k_used"": 1, ""status"": ""disabled_low_diversity""}"
control,threshold_survival,1.0,4,balanced_random_group,primary,1,0.0,0.0,0.0,0.47292734801597386,"{""status"": ""ok""}"
control,threshold_survival,1.0,4,balanced_random_group,primary,2,0.04729273480159739,0.0,0.0,0.47292734801597386,"{""status"": ""ok""}"
control,threshold_survival,1.0,4,balanced_random_group,primary,3,0.07495721121708224,0.0,0.0,0.47292734801597386,"{""status"": ""ok""}"
control,threshold_survival,1.0,4,balanced_random_group,primary,4,0.09458546960319478,0.0,0.0,0.47292734801597386,"{""status"": ""ok""}"
control,threshold_survival,1.0,4,balanced_random_group,primary,6,0.12224994601867964,0.0,0.0,0.47292734801597386,"{""status"": ""ok""}"
control,threshold_survival,1.0,4,balanced_random_group,primary,8,0.14187820440479215,0.0,0.0,0.47292734801597386,"{""status"": ""ok""}"
control,threshold_survival,1.0,4,balanced_random_group,primary,12,0.16954268082027701,0.0,0.0,0.47292734801597386,"{""status"": ""ok""}"
control,threshold_survival,1.0,4,balanced_random_group,primary,16,0.18917093920638955,0.0,0.0,0.47292734801597386,"{""status"": ""ok""}"
control,threshold_survival,1.0,4,balanced_random_group,primary,24,0.2168354156218744,0.0,0.0,0.47292734801597386,"{""status"": ""ok""}"
control,threshold_survival,1.0,4,balanced_random_group,primary,32,0.23646367400798693,0.0,0.0,0.47292734801597386,"{""status"": ""ok""}"
control,threshold_survival,1.0,4,balanced_random_group,primary,48,0.26412815042347176,0.0,0.0,0.47292734801597386,"{""status"": ""ok""}"
control,threshold_survival,1.0,4,balanced_random_group,primary,64,0.2837564088095843,0.0,0.0,0.47292734801597386,"{""status"": ""ok""}"
control,threshold_survival,1.0,4,balanced_random_group,primary,96,0.31142088522506917,0.0,0.0,0.47292734801597386,"{""status"": ""ok""}"
control,threshold_survival,1.0,4,balanced_random_group,primary,128,0.3310491436111817,0.0,0.0,0.47292734801597386,"{""status"": ""ok""}"
control,threshold_survival,1.0,4,affinity_rank_group,primary,1,0.0,0.0,0.0,0.47292734801597386,"{""status"": ""ok""}"
control,threshold_survival,1.0,4,affinity_rank_group,primary,2,0.04729273480159739,0.0,0.0,0.47292734801597386,"{""status"": ""ok""}"
control,threshold_survival,1.0,4,affinity_rank_group,primary,3,0.07495721121708224,0.0,0.0,0.47292734801597386,"{""status"": ""ok""}"
control,threshold_survival,1.0,4,affinity_rank_group,primary,4,0.09458546960319478,0.0,0.0,0.47292734801597386,"{""status"": ""ok""}"
control,threshold_survival,1.0,4,affinity_rank_group,primary,6,0.12224994601867964,0.0,0.0,0.47292734801597386,"{""status"": ""ok""}"
control,threshold_survival,1.0,4,affinity_rank_group,primary,8,0.14187820440479215,0.0,0.0,0.47292734801597386,"{""status"": ""ok""}"
control,threshold_survival,1.0,4,affinity_rank_group,primary,12,0.16954268082027701,0.0,0.0,0.47292734801597386,"{""status"": ""ok""}"
control,threshold_survival,1.0,4,affinity_rank_group,primary,16,0.18917093920638955,0.0,0.0,0.47292734801597386,"{""status"": ""ok""}"
control,threshold_survival,1.0,4,affinity_rank_group,primary,24,0.2168354156218744,0.0,0.0,0.47292734801597386,"{""status"": ""ok""}"
control,threshold_survival,1.0,4,affinity_rank_group,primary,32,0.23646367400798693,0.0,0.0,0.47292734801597386,"{""status"": ""ok""}"
control,threshold_survival,1.0,4,affinity_rank_group,primary,48,0.26412815042347176,0.0,0.0,0.47292734801597386,"{""status"": ""ok""}"
control,threshold_survival,1.0,4,affinity_rank_group,primary,64,0.2837564088095843,0.0,0.0,0.47292734801597386,"{""status"": ""ok""}"
control,threshold_survival,1.0,4,affinity_rank_group,primary,96,0.31142088522506917,0.0,0.0,0.47292734801597386,"{""status"": ""ok""}"
control,threshold_survival,1.0,4,affinity_rank_group,primary,128,0.3310491436111817,0.0,0.0,0.47292734801597386,"{""status"": ""ok""}"
control,threshold_survival,1.0,4,prefix_group,primary,1,0.09458546960319478,0.0,0.0,0.47292734801597386,"{""status"": ""ok""}"
control,threshold_survival,1.0,4,prefix_group,primary,2,0.09458546960319478,0.0,0.0,0.47292734801597386,"{""status"": ""ok""}"
control,threshold_survival,1.0,4,prefix_group,primary,3,0.09458546960319478,0.0,0.0,0.47292734801597386,"{""status"": ""ok""}"
control,threshold_survival,1.0,4,prefix_group,primary,4,0.09458546960319478,0.0,0.0,0.47292734801597386,"{""status"": ""ok""}"
control,threshold_survival,1.0,4,prefix_group,primary,6,0.18917093920638955,0.0,0.0,0.47292734801597386,"{""status"": ""ok""}"
control,threshold_survival,1.0,4,prefix_group,primary,8,0.18917093920638955,0.0,0.0,0.47292734801597386,"{""status"": ""ok""}"
control,threshold_survival,1.0,4,prefix_group,primary,12,0.18917093920638955,0.0,0.0,0.47292734801597386,"{""status"": ""ok""}"
control,threshold_survival,1.0,4,prefix_group,primary,16,0.18917093920638955,0.0,0.0,0.47292734801597386,"{""status"": ""ok""}"
control,threshold_survival,1.0,4,prefix_group,primary,24,0.2837564088095843,0.0,0.0,0.47292734801597386,"{""status"": ""ok""}"
control,threshold_survival,1.0,4,prefix_group,primary,32,0.2837564088095843,0.0,0.0,0.47292734801597386,"{""status"": ""ok""}"
control,threshold_survival,1.0,4,prefix_group,primary,48,0.2837564088095843,0.0,0.0,0.47292734801597386,"{""status"": ""ok""}"
control,threshold_survival,1.0,4,prefix_group,primary,64,0.2837564088095843,0.0,0.0,0.47292734801597386,"{""status"": ""ok""}"
control,threshold_survival,1.0,4,prefix_group,primary,96,0.3783418784127791,0.0,0.0,0.47292734801597386,"{""status"": ""ok""}"
control,threshold_survival,1.0,4,prefix_group,primary,128,0.3783418784127791,0.0,0.0,0.47292734801597386,"{""status"": ""ok""}"
control,threshold_survival,1.0,4,kmeans_profile,diagnostic_function_preserving,1,0.0,0.0,0.0,0.47292734801597386,"{""diversity"": 0.0, ""k_used"": 1, ""status"": ""disabled_low_diversity""}"
control,threshold_survival,1.0,4,kmeans_profile,diagnostic_function_preserving,2,0.0,0.0,0.0,0.47292734801597386,"{""diversity"": 0.0, ""k_used"": 1, ""status"": ""disabled_low_diversity""}"
control,threshold_survival,1.0,4,kmeans_profile,diagnostic_function_preserving,3,0.0,0.0,0.0,0.47292734801597386,"{""diversity"": 0.0, ""k_used"": 1, ""status"": ""disabled_low_diversity""}"
control,threshold_survival,1.0,4,kmeans_profile,diagnostic_function_preserving,4,0.0,0.0,0.0,0.47292734801597386,"{""diversity"": 0.0, ""k_used"": 1, ""status"": ""disabled_low_diversity""}"
control,threshold_survival,1.0,4,kmeans_profile,diagnostic_function_preserving,6,0.0,0.0,0.0,0.47292734801597386,"{""diversity"": 0.0, ""k_used"": 1, ""status"": ""disabled_low_diversity""}"
control,threshold_survival,1.0,4,kmeans_profile,diagnostic_function_preserving,8,0.0,0.0,0.0,0.47292734801597386,"{""diversity"": 0.0, ""k_used"": 1, ""status"": ""disabled_low_diversity""}"
control,threshold_survival,1.0,4,kmeans_profile,diagnostic_function_preserving,12,0.0,0.0,0.0,0.47292734801597386,"{""diversity"": 0.0, ""k_used"": 1, ""status"": ""disabled_low_diversity""}"
control,threshold_survival,1.0,4,kmeans_profile,diagnostic_function_preserving,16,0.0,0.0,0.0,0.47292734801597386,"{""diversity"": 0.0, ""k_used"": 1, ""status"": ""disabled_low_diversity""}"
control,threshold_survival,1.0,4,kmeans_profile,diagnostic_function_preserving,24,0.0,0.0,0.0,0.47292734801597386,"{""diversity"": 0.0, ""k_used"": 1, ""status"": ""disabled_low_diversity""}"
control,threshold_survival,1.0,4,kmeans_profile,diagnostic_function_preserving,32,0.0,0.0,0.0,0.47292734801597386,"{""diversity"": 0.0, ""k_used"": 1, ""status"": ""disabled_low_diversity""}"
control,threshold_survival,1.0,4,kmeans_profile,diagnostic_function_preserving,48,0.0,0.0,0.0,0.47292734801597386,"{""diversity"": 0.0, ""k_used"": 1, ""status"": ""disabled_low_diversity""}"
control,threshold_survival,1.0,4,kmeans_profile,diagnostic_function_preserving,64,0.0,0.0,0.0,0.47292734801597386,"{""diversity"": 0.0, ""k_used"": 1, ""status"": ""disabled_low_diversity""}"
control,threshold_survival,1.0,4,kmeans_profile,diagnostic_function_preserving,96,0.0,0.0,0.0,0.47292734801597386,"{""diversity"": 0.0, ""k_used"": 1, ""status"": ""disabled_low_diversity""}"
control,threshold_survival,1.0,4,kmeans_profile,diagnostic_function_preserving,128,0.0,0.0,0.0,0.47292734801597386,"{""diversity"": 0.0, ""k_used"": 1, ""status"": ""disabled_low_diversity""}"
control,threshold_survival,1.0,5,balanced_random_group,primary,1,0.0,0.0,0.0,0.4758452907366476,"{""status"": ""ok""}"
control,threshold_survival,1.0,5,balanced_random_group,primary,2,0.04758452907366476,0.0,0.0,0.4758452907366476,"{""status"": ""ok""}"
control,threshold_survival,1.0,5,balanced_random_group,primary,3,0.07541969419623425,0.0,0.0,0.4758452907366476,"{""status"": ""ok""}"
control,threshold_survival,1.0,5,balanced_random_group,primary,4,0.09516905814732952,0.0,0.0,0.4758452907366476,"{""status"": ""ok""}"
control,threshold_survival,1.0,5,balanced_random_group,primary,6,0.12300422326989903,0.0,0.0,0.4758452907366476,"{""status"": ""ok""}"
control,threshold_survival,1.0,5,balanced_random_group,primary,8,0.14275358722099427,0.0,0.0,0.4758452907366476,"{""status"": ""ok""}"
control,threshold_survival,1.0,5,balanced_random_group,primary,12,0.17058875234356377,0.0,0.0,0.4758452907366476,"{""status"": ""ok""}"
control,threshold_survival,1.0,5,balanced_random_group,primary,16,0.19033811629465905,0.0,0.0,0.4758452907366476,"{""status"": ""ok""}"
control,threshold_survival,1.0,5,balanced_random_group,primary,24,0.21817328141722853,0.0,0.0,0.4758452907366476,"{""status"": ""ok""}"
control,threshold_survival,1.0,5,balanced_random_group,primary,32,0.2379226453683238,0.0,0.0,0.4758452907366476,"{""status"": ""ok""}"
control,threshold_survival,1.0,5,balanced_random_group,primary,48,0.26575781049089325,0.0,0.0,0.4758452907366476,"{""status"": ""ok""}"
control,threshold_survival,1.0,5,balanced_random_group,primary,64,0.28550717444198853,0.0,0.0,0.4758452907366476,"{""status"": ""ok""}"
control,threshold_survival,1.0,5,balanced_random_group,primary,96,0.3133423395645581,0.0,0.0,0.4758452907366476,"{""status"": ""ok""}"
control,threshold_survival,1.0,5,balanced_random_group,primary,128,0.3330917035156533,0.0,0.0,0.4758452907366476,"{""status"": ""ok""}"
control,threshold_survival,1.0,5,affinity_rank_group,primary,1,0.0,0.0,0.0,0.4758452907366476,"{""status"": ""ok""}"
control,threshold_survival,1.0,5,affinity_rank_group,primary,2,0.04758452907366476,0.0,0.0,0.4758452907366476,"{""status"": ""ok""}"
control,threshold_survival,1.0,5,affinity_rank_group,primary,3,0.07541969419623425,0.0,0.0,0.4758452907366476,"{""status"": ""ok""}"
control,threshold_survival,1.0,5,affinity_rank_group,primary,4,0.09516905814732952,0.0,0.0,0.4758452907366476,"{""status"": ""ok""}"
control,threshold_survival,1.0,5,affinity_rank_group,primary,6,0.12300422326989903,0.0,0.0,0.4758452907366476,"{""status"": ""ok""}"
control,threshold_survival,1.0,5,affinity_rank_group,primary,8,0.14275358722099427,0.0,0.0,0.4758452907366476,"{""status"": ""ok""}"
control,threshold_survival,1.0,5,affinity_rank_group,primary,12,0.17058875234356377,0.0,0.0,0.4758452907366476,"{""status"": ""ok""}"
control,threshold_survival,1.0,5,affinity_rank_group,primary,16,0.19033811629465905,0.0,0.0,0.4758452907366476,"{""status"": ""ok""}"
control,threshold_survival,1.0,5,affinity_rank_group,primary,24,0.21817328141722853,0.0,0.0,0.4758452907366476,"{""status"": ""ok""}"
control,threshold_survival,1.0,5,affinity_rank_group,primary,32,0.2379226453683238,0.0,0.0,0.4758452907366476,"{""status"": ""ok""}"
control,threshold_survival,1.0,5,affinity_rank_group,primary,48,0.26575781049089325,0.0,0.0,0.4758452907366476,"{""status"": ""ok""}"
control,threshold_survival,1.0,5,affinity_rank_group,primary,64,0.28550717444198853,0.0,0.0,0.4758452907366476,"{""status"": ""ok""}"
control,threshold_survival,1.0,5,affinity_rank_group,primary,96,0.3133423395645581,0.0,0.0,0.4758452907366476,"{""status"": ""ok""}"
control,threshold_survival,1.0,5,affinity_rank_group,primary,128,0.3330917035156533,0.0,0.0,0.4758452907366476,"{""status"": ""ok""}"
control,threshold_survival,1.0,5,prefix_group,primary,1,0.09516905814732952,0.0,0.0,0.4758452907366476,"{""status"": ""ok""}"
control,threshold_survival,1.0,5,prefix_group,primary,2,0.09516905814732952,0.0,0.0,0.4758452907366476,"{""status"": ""ok""}"
control,threshold_survival,1.0,5,prefix_group,primary,3,0.09516905814732952,0.0,0.0,0.4758452907366476,"{""status"": ""ok""}"
control,threshold_survival,1.0,5,prefix_group,primary,4,0.09516905814732952,0.0,0.0,0.4758452907366476,"{""status"": ""ok""}"
control,threshold_survival,1.0,5,prefix_group,primary,6,0.19033811629465905,0.0,0.0,0.4758452907366476,"{""status"": ""ok""}"
control,threshold_survival,1.0,5,prefix_group,primary,8,0.19033811629465905,0.0,0.0,0.4758452907366476,"{""status"": ""ok""}"
control,threshold_survival,1.0,5,prefix_group,primary,12,0.19033811629465905,0.0,0.0,0.4758452907366476,"{""status"": ""ok""}"
control,threshold_survival,1.0,5,prefix_group,primary,16,0.19033811629465905,0.0,0.0,0.4758452907366476,"{""status"": ""ok""}"
control,threshold_survival,1.0,5,prefix_group,primary,24,0.28550717444198853,0.0,0.0,0.4758452907366476,"{""status"": ""ok""}"
control,threshold_survival,1.0,5,prefix_group,primary,32,0.28550717444198853,0.0,0.0,0.4758452907366476,"{""status"": ""ok""}"
control,threshold_survival,1.0,5,prefix_group,primary,48,0.28550717444198853,0.0,0.0,0.4758452907366476,"{""status"": ""ok""}"
control,threshold_survival,1.0,5,prefix_group,primary,64,0.28550717444198853,0.0,0.0,0.4758452907366476,"{""status"": ""ok""}"
control,threshold_survival,1.0,5,prefix_group,primary,96,0.3806762325893181,0.0,0.0,0.4758452907366476,"{""status"": ""ok""}"
control,threshold_survival,1.0,5,prefix_group,primary,128,0.3806762325893181,0.0,0.0,0.4758452907366476,"{""status"": ""ok""}"
control,threshold_survival,1.0,5,kmeans_profile,diagnostic_function_preserving,1,0.0,0.0,0.0,0.4758452907366476,"{""diversity"": 0.0, ""k_used"": 1, ""status"": ""disabled_low_diversity""}"
control,threshold_survival,1.0,5,kmeans_profile,diagnostic_function_preserving,2,0.0,0.0,0.0,0.4758452907366476,"{""diversity"": 0.0, ""k_used"": 1, ""status"": ""disabled_low_diversity""}"
control,threshold_survival,1.0,5,kmeans_profile,diagnostic_function_preserving,3,0.0,0.0,0.0,0.4758452907366476,"{""diversity"": 0.0, ""k_used"": 1, ""status"": ""disabled_low_diversity""}"
control,threshold_survival,1.0,5,kmeans_profile,diagnostic_function_preserving,4,0.0,0.0,0.0,0.4758452907366476,"{""diversity"": 0.0, ""k_used"": 1, ""status"": ""disabled_low_diversity""}"
control,threshold_survival,1.0,5,kmeans_profile,diagnostic_function_preserving,6,0.0,0.0,0.0,0.4758452907366476,"{""diversity"": 0.0, ""k_used"": 1, ""status"": ""disabled_low_diversity""}"
control,threshold_survival,1.0,5,kmeans_profile,diagnostic_function_preserving,8,0.0,0.0,0.0,0.4758452907366476,"{""diversity"": 0.0, ""k_used"": 1, ""status"": ""disabled_low_diversity""}"
control,threshold_survival,1.0,5,kmeans_profile,diagnostic_function_preserving,12,0.0,0.0,0.0,0.4758452907366476,"{""diversity"": 0.0, ""k_used"": 1, ""status"": ""disabled_low_diversity""}"
control,threshold_survival,1.0,5,kmeans_profile,diagnostic_function_preserving,16,0.0,0.0,0.0,0.4758452907366476,"{""diversity"": 0.0, ""k_used"": 1, ""status"": ""disabled_low_diversity""}"
control,threshold_survival,1.0,5,kmeans_profile,diagnostic_function_preserving,24,0.0,0.0,0.0,0.4758452907366476,"{""diversity"": 0.0, ""k_used"": 1, ""status"": ""disabled_low_diversity""}"
control,threshold_survival,1.0,5,kmeans_profile,diagnostic_function_preserving,32,0.0,0.0,0.0,0.4758452907366476,"{""diversity"": 0.0, ""k_used"": 1, ""status"": ""disabled_low_diversity""}"
control,threshold_survival,1.0,5,kmeans_profile,diagnostic_function_preserving,48,0.0,0.0,0.0,0.4758452907366476,"{""diversity"": 0.0, ""k_used"": 1, ""status"": ""disabled_low_diversity""}"
control,threshold_survival,1.0,5,kmeans_profile,diagnostic_function_preserving,64,0.0,0.0,0.0,0.4758452907366476,"{""diversity"": 0.0, ""k_used"": 1, ""status"": ""disabled_low_diversity""}"
control,threshold_survival,1.0,5,kmeans_profile,diagnostic_function_preserving,96,0.0,0.0,0.0,0.4758452907366476,"{""diversity"": 0.0, ""k_used"": 1, ""status"": ""disabled_low_diversity""}"
control,threshold_survival,1.0,5,kmeans_profile,diagnostic_function_preserving,128,0.0,0.0,0.0,0.4758452907366476,"{""diversity"": 0.0, ""k_used"": 1, ""status"": ""disabled_low_diversity""}"
control,threshold_survival,1.0,6,balanced_random_group,primary,1,0.0,0.0,0.0,0.4624295736738959,"{""status"": ""ok""}"
control,threshold_survival,1.0,6,balanced_random_group,primary,2,0.04624295736738959,0.0,0.0,0.4624295736738959,"{""status"": ""ok""}"
control,threshold_survival,1.0,6,balanced_random_group,primary,3,0.07329335334975962,0.0,0.0,0.4624295736738959,"{""status"": ""ok""}"
control,threshold_survival,1.0,6,balanced_random_group,primary,4,0.09248591473477918,0.0,0.0,0.4624295736738959,"{""status"": ""ok""}"
control,threshold_survival,1.0,6,balanced_random_group,primary,6,0.11953631071714922,0.0,0.0,0.4624295736738959,"{""status"": ""ok""}"
control,threshold_survival,1.0,6,balanced_random_group,primary,8,0.13872887210216878,0.0,0.0,0.4624295736738959,"{""status"": ""ok""}"
control,threshold_survival,1.0,6,balanced_random_group,primary,12,0.1657792680845388,0.0,0.0,0.4624295736738959,"{""status"": ""ok""}"
control,threshold_survival,1.0,6,balanced_random_group,primary,16,0.18497182946955837,0.0,0.0,0.4624295736738959,"{""status"": ""ok""}"
control,threshold_survival,1.0,6,balanced_random_group,primary,24,0.2120222254519284,0.0,0.0,0.4624295736738959,"{""status"": ""ok""}"
control,threshold_survival,1.0,6,balanced_random_group,primary,32,0.23121478683694796,0.0,0.0,0.4624295736738959,"{""status"": ""ok""}"
control,threshold_survival,1.0,6,balanced_random_group,primary,48,0.258265182819318,0.0,0.0,0.4624295736738959,"{""status"": ""ok""}"
control,threshold_survival,1.0,6,balanced_random_group,primary,64,0.27745774420433755,0.0,0.0,0.4624295736738959,"{""status"": ""ok""}"
control,threshold_survival,1.0,6,balanced_random_group,primary,96,0.3045081401867076,0.0,0.0,0.4624295736738959,"{""status"": ""ok""}"
control,threshold_survival,1.0,6,balanced_random_group,primary,128,0.32370070157172715,0.0,0.0,0.4624295736738959,"{""status"": ""ok""}"
control,threshold_survival,1.0,6,affinity_rank_group,primary,1,0.0,0.0,0.0,0.4624295736738959,"{""status"": ""ok""}"
control,threshold_survival,1.0,6,affinity_rank_group,primary,2,0.04624295736738959,0.0,0.0,0.4624295736738959,"{""status"": ""ok""}"
control,threshold_survival,1.0,6,affinity_rank_group,primary,3,0.07329335334975962,0.0,0.0,0.4624295736738959,"{""status"": ""ok""}"
control,threshold_survival,1.0,6,affinity_rank_group,primary,4,0.09248591473477918,0.0,0.0,0.4624295736738959,"{""status"": ""ok""}"
control,threshold_survival,1.0,6,affinity_rank_group,primary,6,0.11953631071714922,0.0,0.0,0.4624295736738959,"{""status"": ""ok""}"
control,threshold_survival,1.0,6,affinity_rank_group,primary,8,0.13872887210216878,0.0,0.0,0.4624295736738959,"{""status"": ""ok""}"
control,threshold_survival,1.0,6,affinity_rank_group,primary,12,0.1657792680845388,0.0,0.0,0.4624295736738959,"{""status"": ""ok""}"
control,threshold_survival,1.0,6,affinity_rank_group,primary,16,0.18497182946955837,0.0,0.0,0.4624295736738959,"{""status"": ""ok""}"
control,threshold_survival,1.0,6,affinity_rank_group,primary,24,0.2120222254519284,0.0,0.0,0.4624295736738959,"{""status"": ""ok""}"
control,threshold_survival,1.0,6,affinity_rank_group,primary,32,0.23121478683694796,0.0,0.0,0.4624295736738959,"{""status"": ""ok""}"
control,threshold_survival,1.0,6,affinity_rank_group,primary,48,0.258265182819318,0.0,0.0,0.4624295736738959,"{""status"": ""ok""}"
control,threshold_survival,1.0,6,affinity_rank_group,primary,64,0.27745774420433755,0.0,0.0,0.4624295736738959,"{""status"": ""ok""}"
control,threshold_survival,1.0,6,affinity_rank_group,primary,96,0.3045081401867076,0.0,0.0,0.4624295736738959,"{""status"": ""ok""}"
control,threshold_survival,1.0,6,affinity_rank_group,primary,128,0.32370070157172715,0.0,0.0,0.4624295736738959,"{""status"": ""ok""}"
control,threshold_survival,1.0,6,prefix_group,primary,1,0.09248591473477918,0.0,0.0,0.4624295736738959,"{""status"": ""ok""}"
control,threshold_survival,1.0,6,prefix_group,primary,2,0.09248591473477918,0.0,0.0,0.4624295736738959,"{""status"": ""ok""}"
control,threshold_survival,1.0,6,prefix_group,primary,3,0.09248591473477918,0.0,0.0,0.4624295736738959,"{""status"": ""ok""}"
control,threshold_survival,1.0,6,prefix_group,primary,4,0.09248591473477918,0.0,0.0,0.4624295736738959,"{""status"": ""ok""}"
control,threshold_survival,1.0,6,prefix_group,primary,6,0.18497182946955837,0.0,0.0,0.4624295736738959,"{""status"": ""ok""}"
control,threshold_survival,1.0,6,prefix_group,primary,8,0.18497182946955837,0.0,0.0,0.4624295736738959,"{""status"": ""ok""}"
control,threshold_survival,1.0,6,prefix_group,primary,12,0.18497182946955837,0.0,0.0,0.4624295736738959,"{""status"": ""ok""}"
control,threshold_survival,1.0,6,prefix_group,primary,16,0.18497182946955837,0.0,0.0,0.4624295736738959,"{""status"": ""ok""}"
control,threshold_survival,1.0,6,prefix_group,primary,24,0.27745774420433755,0.0,0.0,0.4624295736738959,"{""status"": ""ok""}"
control,threshold_survival,1.0,6,prefix_group,primary,32,0.27745774420433755,0.0,0.0,0.4624295736738959,"{""status"": ""ok""}"
control,threshold_survival,1.0,6,prefix_group,primary,48,0.27745774420433755,0.0,0.0,0.4624295736738959,"{""status"": ""ok""}"
control,threshold_survival,1.0,6,prefix_group,primary,64,0.27745774420433755,0.0,0.0,0.4624295736738959,"{""status"": ""ok""}"
control,threshold_survival,1.0,6,prefix_group,primary,96,0.36994365893911674,0.0,0.0,0.4624295736738959,"{""status"": ""ok""}"
control,threshold_survival,1.0,6,prefix_group,primary,128,0.36994365893911674,0.0,0.0,0.4624295736738959,"{""status"": ""ok""}"
control,threshold_survival,1.0,6,kmeans_profile,diagnostic_function_preserving,1,0.0,0.0,0.0,0.4624295736738959,"{""diversity"": 0.0, ""k_used"": 1, ""status"": ""disabled_low_diversity""}"
control,threshold_survival,1.0,6,kmeans_profile,diagnostic_function_preserving,2,0.0,0.0,0.0,0.4624295736738959,"{""diversity"": 0.0, ""k_used"": 1, ""status"": ""disabled_low_diversity""}"
control,threshold_survival,1.0,6,kmeans_profile,diagnostic_function_preserving,3,0.0,0.0,0.0,0.4624295736738959,"{""diversity"": 0.0, ""k_used"": 1, ""status"": ""disabled_low_diversity""}"
control,threshold_survival,1.0,6,kmeans_profile,diagnostic_function_preserving,4,0.0,0.0,0.0,0.4624295736738959,"{""diversity"": 0.0, ""k_used"": 1, ""status"": ""disabled_low_diversity""}"
control,threshold_survival,1.0,6,kmeans_profile,diagnostic_function_preserving,6,0.0,0.0,0.0,0.4624295736738959,"{""diversity"": 0.0, ""k_used"": 1, ""status"": ""disabled_low_diversity""}"
control,threshold_survival,1.0,6,kmeans_profile,diagnostic_function_preserving,8,0.0,0.0,0.0,0.4624295736738959,"{""diversity"": 0.0, ""k_used"": 1, ""status"": ""disabled_low_diversity""}"
control,threshold_survival,1.0,6,kmeans_profile,diagnostic_function_preserving,12,0.0,0.0,0.0,0.4624295736738959,"{""diversity"": 0.0, ""k_used"": 1, ""status"": ""disabled_low_diversity""}"
control,threshold_survival,1.0,6,kmeans_profile,diagnostic_function_preserving,16,0.0,0.0,0.0,0.4624295736738959,"{""diversity"": 0.0, ""k_used"": 1, ""status"": ""disabled_low_diversity""}"
control,threshold_survival,1.0,6,kmeans_profile,diagnostic_function_preserving,24,0.0,0.0,0.0,0.4624295736738959,"{""diversity"": 0.0, ""k_used"": 1, ""status"": ""disabled_low_diversity""}"
control,threshold_survival,1.0,6,kmeans_profile,diagnostic_function_preserving,32,0.0,0.0,0.0,0.4624295736738959,"{""diversity"": 0.0, ""k_used"": 1, ""status"": ""disabled_low_diversity""}"
control,threshold_survival,1.0,6,kmeans_profile,diagnostic_function_preserving,48,0.0,0.0,0.0,0.4624295736738959,"{""diversity"": 0.0, ""k_used"": 1, ""status"": ""disabled_low_diversity""}"
control,threshold_survival,1.0,6,kmeans_profile,diagnostic_function_preserving,64,0.0,0.0,0.0,0.4624295736738959,"{""diversity"": 0.0, ""k_used"": 1, ""status"": ""disabled_low_diversity""}"
control,threshold_survival,1.0,6,kmeans_profile,diagnostic_function_preserving,96,0.0,0.0,0.0,0.4624295736738959,"{""diversity"": 0.0, ""k_used"": 1, ""status"": ""disabled_low_diversity""}"
control,threshold_survival,1.0,6,kmeans_profile,diagnostic_function_preserving,128,0.0,0.0,0.0,0.4624295736738959,"{""diversity"": 0.0, ""k_used"": 1, ""status"": ""disabled_low_diversity""}"
control,threshold_survival,1.0,7,balanced_random_group,primary,1,0.0,0.0,0.0,0.4947140622965476,"{""status"": ""ok""}"
control,threshold_survival,1.0,7,balanced_random_group,primary,2,0.04947140622965476,0.0,0.0,0.4947140622965476,"{""status"": ""ok""}"
control,threshold_survival,1.0,7,balanced_random_group,primary,3,0.07841032373194577,0.0,0.0,0.4947140622965476,"{""status"": ""ok""}"
control,threshold_survival,1.0,7,balanced_random_group,primary,4,0.09894281245930953,0.0,0.0,0.4947140622965476,"{""status"": ""ok""}"
control,threshold_survival,1.0,7,balanced_random_group,primary,6,0.12788172996160055,0.0,0.0,0.4947140622965476,"{""status"": ""ok""}"
control,threshold_survival,1.0,7,balanced_random_group,primary,8,0.14841421868896426,0.0,0.0,0.4947140622965476,"{""status"": ""ok""}"
control,threshold_survival,1.0,7,balanced_random_group,primary,12,0.1773531361912553,0.0,0.0,0.4947140622965476,"{""status"": ""ok""}"
control,threshold_survival,1.0,7,balanced_random_group,primary,16,0.19788562491861905,0.0,0.0,0.4947140622965476,"{""status"": ""ok""}"
control,threshold_survival,1.0,7,balanced_random_group,primary,24,0.22682454242091005,0.0,0.0,0.4947140622965476,"{""status"": ""ok""}"
control,threshold_survival,1.0,7,balanced_random_group,primary,32,0.2473570311482738,0.0,0.0,0.4947140622965476,"{""status"": ""ok""}"
control,threshold_survival,1.0,7,balanced_random_group,primary,48,0.2762959486505648,0.0,0.0,0.4947140622965476,"{""status"": ""ok""}"
control,threshold_survival,1.0,7,balanced_random_group,primary,64,0.2968284373779285,0.0,0.0,0.4947140622965476,"{""status"": ""ok""}"
control,threshold_survival,1.0,7,balanced_random_group,primary,96,0.3257673548802196,0.0,0.0,0.4947140622965476,"{""status"": ""ok""}"
control,threshold_survival,1.0,7,balanced_random_group,primary,128,0.34629984360758326,0.0,0.0,0.4947140622965476,"{""status"": ""ok""}"
control,threshold_survival,1.0,7,affinity_rank_group,primary,1,0.0,0.0,0.0,0.4947140622965476,"{""status"": ""ok""}"
control,threshold_survival,1.0,7,affinity_rank_group,primary,2,0.04947140622965476,0.0,0.0,0.4947140622965476,"{""status"": ""ok""}"
control,threshold_survival,1.0,7,affinity_rank_group,primary,3,0.07841032373194577,0.0,0.0,0.4947140622965476,"{""status"": ""ok""}"
control,threshold_survival,1.0,7,affinity_rank_group,primary,4,0.09894281245930953,0.0,0.0,0.4947140622965476,"{""status"": ""ok""}"
control,threshold_survival,1.0,7,affinity_rank_group,primary,6,0.12788172996160055,0.0,0.0,0.4947140622965476,"{""status"": ""ok""}"
control,threshold_survival,1.0,7,affinity_rank_group,primary,8,0.14841421868896426,0.0,0.0,0.4947140622965476,"{""status"": ""ok""}"
control,threshold_survival,1.0,7,affinity_rank_group,primary,12,0.1773531361912553,0.0,0.0,0.4947140622965476,"{""status"": ""ok""}"
control,threshold_survival,1.0,7,affinity_rank_group,primary,16,0.19788562491861905,0.0,0.0,0.4947140622965476,"{""status"": ""ok""}"
control,threshold_survival,1.0,7,affinity_rank_group,primary,24,0.22682454242091005,0.0,0.0,0.4947140622965476,"{""status"": ""ok""}"
control,threshold_survival,1.0,7,affinity_rank_group,primary,32,0.2473570311482738,0.0,0.0,0.4947140622965476,"{""status"": ""ok""}"
control,threshold_survival,1.0,7,affinity_rank_group,primary,48,0.2762959486505648,0.0,0.0,0.4947140622965476,"{""status"": ""ok""}"
control,threshold_survival,1.0,7,affinity_rank_group,primary,64,0.2968284373779285,0.0,0.0,0.4947140622965476,"{""status"": ""ok""}"
control,threshold_survival,1.0,7,affinity_rank_group,primary,96,0.3257673548802196,0.0,0.0,0.4947140622965476,"{""status"": ""ok""}"
control,threshold_survival,1.0,7,affinity_rank_group,primary,128,0.34629984360758326,0.0,0.0,0.4947140622965476,"{""status"": ""ok""}"
control,threshold_survival,1.0,7,prefix_group,primary,1,0.09894281245930953,0.0,0.0,0.4947140622965476,"{""status"": ""ok""}"
control,threshold_survival,1.0,7,prefix_group,primary,2,0.09894281245930953,0.0,0.0,0.4947140622965476,"{""status"": ""ok""}"
control,threshold_survival,1.0,7,prefix_group,primary,3,0.09894281245930953,0.0,0.0,0.4947140622965476,"{""status"": ""ok""}"
control,threshold_survival,1.0,7,prefix_group,primary,4,0.09894281245930953,0.0,0.0,0.4947140622965476,"{""status"": ""ok""}"
control,threshold_survival,1.0,7,prefix_group,primary,6,0.19788562491861905,0.0,0.0,0.4947140622965476,"{""status"": ""ok""}"
control,threshold_survival,1.0,7,prefix_group,primary,8,0.19788562491861905,0.0,0.0,0.4947140622965476,"{""status"": ""ok""}"
control,threshold_survival,1.0,7,prefix_group,primary,12,0.19788562491861905,0.0,0.0,0.4947140622965476,"{""status"": ""ok""}"
control,threshold_survival,1.0,7,prefix_group,primary,16,0.19788562491861905,0.0,0.0,0.4947140622965476,"{""status"": ""ok""}"
control,threshold_survival,1.0,7,prefix_group,primary,24,0.2968284373779285,0.0,0.0,0.4947140622965476,"{""status"": ""ok""}"
control,threshold_survival,1.0,7,prefix_group,primary,32,0.2968284373779285,0.0,0.0,0.4947140622965476,"{""status"": ""ok""}"
control,threshold_survival,1.0,7,prefix_group,primary,48,0.2968284373779285,0.0,0.0,0.4947140622965476,"{""status"": ""ok""}"
control,threshold_survival,1.0,7,prefix_group,primary,64,0.2968284373779285,0.0,0.0,0.4947140622965476,"{""status"": ""ok""}"
control,threshold_survival,1.0,7,prefix_group,primary,96,0.3957712498372381,0.0,0.0,0.4947140622965476,"{""status"": ""ok""}"
control,threshold_survival,1.0,7,prefix_group,primary,128,0.3957712498372381,0.0,0.0,0.4947140622965476,"{""status"": ""ok""}"
control,threshold_survival,1.0,7,kmeans_profile,diagnostic_function_preserving,1,0.0,0.0,0.0,0.4947140622965476,"{""diversity"": 0.0, ""k_used"": 1, ""status"": ""disabled_low_diversity""}"
control,threshold_survival,1.0,7,kmeans_profile,diagnostic_function_preserving,2,0.0,0.0,0.0,0.4947140622965476,"{""diversity"": 0.0, ""k_used"": 1, ""status"": ""disabled_low_diversity""}"
control,threshold_survival,1.0,7,kmeans_profile,diagnostic_function_preserving,3,0.0,0.0,0.0,0.4947140622965476,"{""diversity"": 0.0, ""k_used"": 1, ""status"": ""disabled_low_diversity""}"
control,threshold_survival,1.0,7,kmeans_profile,diagnostic_function_preserving,4,0.0,0.0,0.0,0.4947140622965476,"{""diversity"": 0.0, ""k_used"": 1, ""status"": ""disabled_low_diversity""}"
control,threshold_survival,1.0,7,kmeans_profile,diagnostic_function_preserving,6,0.0,0.0,0.0,0.4947140622965476,"{""diversity"": 0.0, ""k_used"": 1, ""status"": ""disabled_low_diversity""}"
control,threshold_survival,1.0,7,kmeans_profile,diagnostic_function_preserving,8,0.0,0.0,0.0,0.4947140622965476,"{""diversity"": 0.0, ""k_used"": 1, ""status"": ""disabled_low_diversity""}"
control,threshold_survival,1.0,7,kmeans_profile,diagnostic_function_preserving,12,0.0,0.0,0.0,0.4947140622965476,"{""diversity"": 0.0, ""k_used"": 1, ""status"": ""disabled_low_diversity""}"
control,threshold_survival,1.0,7,kmeans_profile,diagnostic_function_preserving,16,0.0,0.0,0.0,0.4947140622965476,"{""diversity"": 0.0, ""k_used"": 1, ""status"": ""disabled_low_diversity""}"
control,threshold_survival,1.0,7,kmeans_profile,diagnostic_function_preserving,24,0.0,0.0,0.0,0.4947140622965476,"{""diversity"": 0.0, ""k_used"": 1, ""status"": ""disabled_low_diversity""}"
control,threshold_survival,1.0,7,kmeans_profile,diagnostic_function_preserving,32,0.0,0.0,0.0,0.4947140622965476,"{""diversity"": 0.0, ""k_used"": 1, ""status"": ""disabled_low_diversity""}"
control,threshold_survival,1.0,7,kmeans_profile,diagnostic_function_preserving,48,0.0,0.0,0.0,0.4947140622965476,"{""diversity"": 0.0, ""k_used"": 1, ""status"": ""disabled_low_diversity""}"
control,threshold_survival,1.0,7,kmeans_profile,diagnostic_function_preserving,64,0.0,0.0,0.0,0.4947140622965476,"{""diversity"": 0.0, ""k_used"": 1, ""status"": ""disabled_low_diversity""}"
control,threshold_survival,1.0,7,kmeans_profile,diagnostic_function_preserving,96,0.0,0.0,0.0,0.4947140622965476,"{""diversity"": 0.0, ""k_used"": 1, ""status"": ""disabled_low_diversity""}"
control,threshold_survival,1.0,7,kmeans_profile,diagnostic_function_preserving,128,0.0,0.0,0.0,0.4947140622965476,"{""diversity"": 0.0, ""k_used"": 1, ""status"": ""disabled_low_diversity""}"
control,threshold_survival,1.0,8,balanced_random_group,primary,1,0.0,0.0,0.0,0.4770075436807988,"{""status"": ""ok""}"
control,threshold_survival,1.0,8,balanced_random_group,primary,2,0.047700754368079884,0.0,0.0,0.4770075436807988,"{""status"": ""ok""}"
control,threshold_survival,1.0,8,balanced_random_group,primary,3,0.07560390692951749,0.0,0.0,0.4770075436807988,"{""status"": ""ok""}"
control,threshold_survival,1.0,8,balanced_random_group,primary,4,0.09540150873615977,0.0,0.0,0.4770075436807988,"{""status"": ""ok""}"
control,threshold_survival,1.0,8,balanced_random_group,primary,6,0.12330466129759739,0.0,0.0,0.4770075436807988,"{""status"": ""ok""}"
control,threshold_survival,1.0,8,balanced_random_group,primary,8,0.14310226310423962,0.0,0.0,0.4770075436807988,"{""status"": ""ok""}"
control,threshold_survival,1.0,8,balanced_random_group,primary,12,0.17100541566567726,0.0,0.0,0.4770075436807988,"{""status"": ""ok""}"
control,threshold_survival,1.0,8,balanced_random_group,primary,16,0.19080301747231954,0.0,0.0,0.4770075436807988,"{""status"": ""ok""}"
control,threshold_survival,1.0,8,balanced_random_group,primary,24,0.2187061700337571,0.0,0.0,0.4770075436807988,"{""status"": ""ok""}"
control,threshold_survival,1.0,8,balanced_random_group,primary,32,0.2385037718403994,0.0,0.0,0.4770075436807988,"{""status"": ""ok""}"
control,threshold_survival,1.0,8,balanced_random_group,primary,48,0.266406924401837,0.0,0.0,0.4770075436807988,"{""status"": ""ok""}"
control,threshold_survival,1.0,8,balanced_random_group,primary,64,0.28620452620847925,0.0,0.0,0.4770075436807988,"{""status"": ""ok""}"
control,threshold_survival,1.0,8,balanced_random_group,primary,96,0.3141076787699169,0.0,0.0,0.4770075436807988,"{""status"": ""ok""}"
control,threshold_survival,1.0,8,balanced_random_group,primary,128,0.3339052805765591,0.0,0.0,0.4770075436807988,"{""status"": ""ok""}"
control,threshold_survival,1.0,8,affinity_rank_group,primary,1,0.0,0.0,0.0,0.4770075436807988,"{""status"": ""ok""}"
control,threshold_survival,1.0,8,affinity_rank_group,primary,2,0.047700754368079884,0.0,0.0,0.4770075436807988,"{""status"": ""ok""}"
control,threshold_survival,1.0,8,affinity_rank_group,primary,3,0.07560390692951749,0.0,0.0,0.4770075436807988,"{""status"": ""ok""}"
control,threshold_survival,1.0,8,affinity_rank_group,primary,4,0.09540150873615977,0.0,0.0,0.4770075436807988,"{""status"": ""ok""}"
control,threshold_survival,1.0,8,affinity_rank_group,primary,6,0.12330466129759739,0.0,0.0,0.4770075436807988,"{""status"": ""ok""}"
control,threshold_survival,1.0,8,affinity_rank_group,primary,8,0.14310226310423962,0.0,0.0,0.4770075436807988,"{""status"": ""ok""}"
control,threshold_survival,1.0,8,affinity_rank_group,primary,12,0.17100541566567726,0.0,0.0,0.4770075436807988,"{""status"": ""ok""}"
control,threshold_survival,1.0,8,affinity_rank_group,primary,16,0.19080301747231954,0.0,0.0,0.4770075436807988,"{""status"": ""ok""}"
control,threshold_survival,1.0,8,affinity_rank_group,primary,24,0.2187061700337571,0.0,0.0,0.4770075436807988,"{""status"": ""ok""}"
control,threshold_survival,1.0,8,affinity_rank_group,primary,32,0.2385037718403994,0.0,0.0,0.4770075436807988,"{""status"": ""ok""}"
control,threshold_survival,1.0,8,affinity_rank_group,primary,48,0.266406924401837,0.0,0.0,0.4770075436807988,"{""status"": ""ok""}"
control,threshold_survival,1.0,8,affinity_rank_group,primary,64,0.28620452620847925,0.0,0.0,0.4770075436807988,"{""status"": ""ok""}"
control,threshold_survival,1.0,8,affinity_rank_group,primary,96,0.3141076787699169,0.0,0.0,0.4770075436807988,"{""status"": ""ok""}"
control,threshold_survival,1.0,8,affinity_rank_group,primary,128,0.3339052805765591,0.0,0.0,0.4770075436807988,"{""status"": ""ok""}"
control,threshold_survival,1.0,8,prefix_group,primary,1,0.09540150873615977,0.0,0.0,0.4770075436807988,"{""status"": ""ok""}"
control,threshold_survival,1.0,8,prefix_group,primary,2,0.09540150873615977,0.0,0.0,0.4770075436807988,"{""status"": ""ok""}"
control,threshold_survival,1.0,8,prefix_group,primary,3,0.09540150873615977,0.0,0.0,0.4770075436807988,"{""status"": ""ok""}"
control,threshold_survival,1.0,8,prefix_group,primary,4,0.09540150873615977,0.0,0.0,0.4770075436807988,"{""status"": ""ok""}"
control,threshold_survival,1.0,8,prefix_group,primary,6,0.19080301747231954,0.0,0.0,0.4770075436807988,"{""status"": ""ok""}"
control,threshold_survival,1.0,8,prefix_group,primary,8,0.19080301747231954,0.0,0.0,0.4770075436807988,"{""status"": ""ok""}"
control,threshold_survival,1.0,8,prefix_group,primary,12,0.19080301747231954,0.0,0.0,0.4770075436807988,"{""status"": ""ok""}"
control,threshold_survival,1.0,8,prefix_group,primary,16,0.19080301747231954,0.0,0.0,0.4770075436807988,"{""status"": ""ok""}"
control,threshold_survival,1.0,8,prefix_group,primary,24,0.28620452620847925,0.0,0.0,0.4770075436807988,"{""status"": ""ok""}"
control,threshold_survival,1.0,8,prefix_group,primary,32,0.28620452620847925,0.0,0.0,0.4770075436807988,"{""status"": ""ok""}"
control,threshold_survival,1.0,8,prefix_group,primary,48,0.28620452620847925,0.0,0.0,0.4770075436807988,"{""status"": ""ok""}"
control,threshold_survival,1.0,8,prefix_group,primary,64,0.28620452620847925,0.0,0.0,0.4770075436807988,"{""status"": ""ok""}"
control,threshold_survival,1.0,8,prefix_group,primary,96,0.38160603494463907,0.0,0.0,0.4770075436807988,"{""status"": ""ok""}"
control,threshold_survival,1.0,8,prefix_group,primary,128,0.38160603494463907,0.0,0.0,0.4770075436807988,"{""status"": ""ok""}"
control,threshold_survival,1.0,8,kmeans_profile,diagnostic_function_preserving,1,0.0,0.0,0.0,0.4770075436807988,"{""diversity"": 0.0, ""k_used"": 1, ""status"": ""disabled_low_diversity""}"
control,threshold_survival,1.0,8,kmeans_profile,diagnostic_function_preserving,2,0.0,0.0,0.0,0.4770075436807988,"{""diversity"": 0.0, ""k_used"": 1, ""status"": ""disabled_low_diversity""}"
control,threshold_survival,1.0,8,kmeans_profile,diagnostic_function_preserving,3,0.0,0.0,0.0,0.4770075436807988,"{""diversity"": 0.0, ""k_used"": 1, ""status"": ""disabled_low_diversity""}"
control,threshold_survival,1.0,8,kmeans_profile,diagnostic_function_preserving,4,0.0,0.0,0.0,0.4770075436807988,"{""diversity"": 0.0, ""k_used"": 1, ""status"": ""disabled_low_diversity""}"
control,threshold_survival,1.0,8,kmeans_profile,diagnostic_function_preserving,6,0.0,0.0,0.0,0.4770075436807988,"{""diversity"": 0.0, ""k_used"": 1, ""status"": ""disabled_low_diversity""}"
control,threshold_survival,1.0,8,kmeans_profile,diagnostic_function_preserving,8,0.0,0.0,0.0,0.4770075436807988,"{""diversity"": 0.0, ""k_used"": 1, ""status"": ""disabled_low_diversity""}"
control,threshold_survival,1.0,8,kmeans_profile,diagnostic_function_preserving,12,0.0,0.0,0.0,0.4770075436807988,"{""diversity"": 0.0, ""k_used"": 1, ""status"": ""disabled_low_diversity""}"
control,threshold_survival,1.0,8,kmeans_profile,diagnostic_function_preserving,16,0.0,0.0,0.0,0.4770075436807988,"{""diversity"": 0.0, ""k_used"": 1, ""status"": ""disabled_low_diversity""}"
control,threshold_survival,1.0,8,kmeans_profile,diagnostic_function_preserving,24,0.0,0.0,0.0,0.4770075436807988,"{""diversity"": 0.0, ""k_used"": 1, ""status"": ""disabled_low_diversity""}"
control,threshold_survival,1.0,8,kmeans_profile,diagnostic_function_preserving,32,0.0,0.0,0.0,0.4770075436807988,"{""diversity"": 0.0, ""k_used"": 1, ""status"": ""disabled_low_diversity""}"
control,threshold_survival,1.0,8,kmeans_profile,diagnostic_function_preserving,48,0.0,0.0,0.0,0.4770075436807988,"{""diversity"": 0.0, ""k_used"": 1, ""status"": ""disabled_low_diversity""}"
control,threshold_survival,1.0,8,kmeans_profile,diagnostic_function_preserving,64,0.0,0.0,0.0,0.4770075436807988,"{""diversity"": 0.0, ""k_used"": 1, ""status"": ""disabled_low_diversity""}"
control,threshold_survival,1.0,8,kmeans_profile,diagnostic_function_preserving,96,0.0,0.0,0.0,0.4770075436807988,"{""diversity"": 0.0, ""k_used"": 1, ""status"": ""disabled_low_diversity""}"
control,threshold_survival,1.0,8,kmeans_profile,diagnostic_function_preserving,128,0.0,0.0,0.0,0.4770075436807988,"{""diversity"": 0.0, ""k_used"": 1, ""status"": ""disabled_low_diversity""}"
control,threshold_survival,1.0,9,balanced_random_group,primary,1,0.0,0.0,0.0,0.5073474390442225,"{""status"": ""ok""}"
control,threshold_survival,1.0,9,balanced_random_group,primary,2,0.05073474390442226,0.0,0.0,0.5073474390442225,"{""status"": ""ok""}"
control,threshold_survival,1.0,9,balanced_random_group,primary,3,0.08041266657220052,0.0,0.0,0.5073474390442225,"{""status"": ""ok""}"
control,threshold_survival,1.0,9,balanced_random_group,primary,4,0.10146948780884452,0.0,0.0,0.5073474390442225,"{""status"": ""ok""}"
control,threshold_survival,1.0,9,balanced_random_group,primary,6,0.1311474104766228,0.0,0.0,0.5073474390442225,"{""status"": ""ok""}"
control,threshold_survival,1.0,9,balanced_random_group,primary,8,0.15220423171326675,0.0,0.0,0.5073474390442225,"{""status"": ""ok""}"
control,threshold_survival,1.0,9,balanced_random_group,primary,12,0.18188215438104502,0.0,0.0,0.5073474390442225,"{""status"": ""ok""}"
control,threshold_survival,1.0,9,balanced_random_group,primary,16,0.20293897561768903,0.0,0.0,0.5073474390442225,"{""status"": ""ok""}"
control,threshold_survival,1.0,9,balanced_random_group,primary,24,0.23261689828546728,0.0,0.0,0.5073474390442225,"{""status"": ""ok""}"
control,threshold_survival,1.0,9,balanced_random_group,primary,32,0.25367371952211126,0.0,0.0,0.5073474390442225,"{""status"": ""ok""}"
control,threshold_survival,1.0,9,balanced_random_group,primary,48,0.2833516421898895,0.0,0.0,0.5073474390442225,"{""status"": ""ok""}"
control,threshold_survival,1.0,9,balanced_random_group,primary,64,0.3044084634265335,0.0,0.0,0.5073474390442225,"{""status"": ""ok""}"
control,threshold_survival,1.0,9,balanced_random_group,primary,96,0.3340863860943118,0.0,0.0,0.5073474390442225,"{""status"": ""ok""}"
control,threshold_survival,1.0,9,balanced_random_group,primary,128,0.3551432073309557,0.0,0.0,0.5073474390442225,"{""status"": ""ok""}"
control,threshold_survival,1.0,9,affinity_rank_group,primary,1,0.0,0.0,0.0,0.5073474390442225,"{""status"": ""ok""}"
control,threshold_survival,1.0,9,affinity_rank_group,primary,2,0.05073474390442226,0.0,0.0,0.5073474390442225,"{""status"": ""ok""}"
control,threshold_survival,1.0,9,affinity_rank_group,primary,3,0.08041266657220052,0.0,0.0,0.5073474390442225,"{""status"": ""ok""}"
control,threshold_survival,1.0,9,affinity_rank_group,primary,4,0.10146948780884452,0.0,0.0,0.5073474390442225,"{""status"": ""ok""}"
control,threshold_survival,1.0,9,affinity_rank_group,primary,6,0.1311474104766228,0.0,0.0,0.5073474390442225,"{""status"": ""ok""}"
control,threshold_survival,1.0,9,affinity_rank_group,primary,8,0.15220423171326675,0.0,0.0,0.5073474390442225,"{""status"": ""ok""}"
control,threshold_survival,1.0,9,affinity_rank_group,primary,12,0.18188215438104502,0.0,0.0,0.5073474390442225,"{""status"": ""ok""}"
control,threshold_survival,1.0,9,affinity_rank_group,primary,16,0.20293897561768903,0.0,0.0,0.5073474390442225,"{""status"": ""ok""}"
control,threshold_survival,1.0,9,affinity_rank_group,primary,24,0.23261689828546728,0.0,0.0,0.5073474390442225,"{""status"": ""ok""}"
control,threshold_survival,1.0,9,affinity_rank_group,primary,32,0.25367371952211126,0.0,0.0,0.5073474390442225,"{""status"": ""ok""}"
control,threshold_survival,1.0,9,affinity_rank_group,primary,48,0.2833516421898895,0.0,0.0,0.5073474390442225,"{""status"": ""ok""}"
control,threshold_survival,1.0,9,affinity_rank_group,primary,64,0.3044084634265335,0.0,0.0,0.5073474390442225,"{""status"": ""ok""}"
control,threshold_survival,1.0,9,affinity_rank_group,primary,96,0.3340863860943118,0.0,0.0,0.5073474390442225,"{""status"": ""ok""}"
control,threshold_survival,1.0,9,affinity_rank_group,primary,128,0.3551432073309557,0.0,0.0,0.5073474390442225,"{""status"": ""ok""}"
control,threshold_survival,1.0,9,prefix_group,primary,1,0.10146948780884452,0.0,0.0,0.5073474390442225,"{""status"": ""ok""}"
control,threshold_survival,1.0,9,prefix_group,primary,2,0.10146948780884452,0.0,0.0,0.5073474390442225,"{""status"": ""ok""}"
control,threshold_survival,1.0,9,prefix_group,primary,3,0.10146948780884452,0.0,0.0,0.5073474390442225,"{""status"": ""ok""}"
control,threshold_survival,1.0,9,prefix_group,primary,4,0.10146948780884452,0.0,0.0,0.5073474390442225,"{""status"": ""ok""}"
control,threshold_survival,1.0,9,prefix_group,primary,6,0.20293897561768903,0.0,0.0,0.5073474390442225,"{""status"": ""ok""}"
control,threshold_survival,1.0,9,prefix_group,primary,8,0.20293897561768903,0.0,0.0,0.5073474390442225,"{""status"": ""ok""}"
control,threshold_survival,1.0,9,prefix_group,primary,12,0.20293897561768903,0.0,0.0,0.5073474390442225,"{""status"": ""ok""}"
control,threshold_survival,1.0,9,prefix_group,primary,16,0.20293897561768903,0.0,0.0,0.5073474390442225,"{""status"": ""ok""}"
control,threshold_survival,1.0,9,prefix_group,primary,24,0.3044084634265335,0.0,0.0,0.5073474390442225,"{""status"": ""ok""}"
control,threshold_survival,1.0,9,prefix_group,primary,32,0.3044084634265335,0.0,0.0,0.5073474390442225,"{""status"": ""ok""}"
control,threshold_survival,1.0,9,prefix_group,primary,48,0.3044084634265335,0.0,0.0,0.5073474390442225,"{""status"": ""ok""}"
control,threshold_survival,1.0,9,prefix_group,primary,64,0.3044084634265335,0.0,0.0,0.5073474390442225,"{""status"": ""ok""}"
control,threshold_survival,1.0,9,prefix_group,primary,96,0.40587795123537806,0.0,0.0,0.5073474390442225,"{""status"": ""ok""}"
control,threshold_survival,1.0,9,prefix_group,primary,128,0.40587795123537806,0.0,0.0,0.5073474390442225,"{""status"": ""ok""}"
control,threshold_survival,1.0,9,kmeans_profile,diagnostic_function_preserving,1,0.0,0.0,0.0,0.5073474390442225,"{""diversity"": 0.0, ""k_used"": 1, ""status"": ""disabled_low_diversity""}"
control,threshold_survival,1.0,9,kmeans_profile,diagnostic_function_preserving,2,0.0,0.0,0.0,0.5073474390442225,"{""diversity"": 0.0, ""k_used"": 1, ""status"": ""disabled_low_diversity""}"
control,threshold_survival,1.0,9,kmeans_profile,diagnostic_function_preserving,3,0.0,0.0,0.0,0.5073474390442225,"{""diversity"": 0.0, ""k_used"": 1, ""status"": ""disabled_low_diversity""}"
control,threshold_survival,1.0,9,kmeans_profile,diagnostic_function_preserving,4,0.0,0.0,0.0,0.5073474390442225,"{""diversity"": 0.0, ""k_used"": 1, ""status"": ""disabled_low_diversity""}"
control,threshold_survival,1.0,9,kmeans_profile,diagnostic_function_preserving,6,0.0,0.0,0.0,0.5073474390442225,"{""diversity"": 0.0, ""k_used"": 1, ""status"": ""disabled_low_diversity""}"
control,threshold_survival,1.0,9,kmeans_profile,diagnostic_function_preserving,8,0.0,0.0,0.0,0.5073474390442225,"{""diversity"": 0.0, ""k_used"": 1, ""status"": ""disabled_low_diversity""}"
control,threshold_survival,1.0,9,kmeans_profile,diagnostic_function_preserving,12,0.0,0.0,0.0,0.5073474390442225,"{""diversity"": 0.0, ""k_used"": 1, ""status"": ""disabled_low_diversity""}"
control,threshold_survival,1.0,9,kmeans_profile,diagnostic_function_preserving,16,0.0,0.0,0.0,0.5073474390442225,"{""diversity"": 0.0, ""k_used"": 1, ""status"": ""disabled_low_diversity""}"
control,threshold_survival,1.0,9,kmeans_profile,diagnostic_function_preserving,24,0.0,0.0,0.0,0.5073474390442225,"{""diversity"": 0.0, ""k_used"": 1, ""status"": ""disabled_low_diversity""}"
control,threshold_survival,1.0,9,kmeans_profile,diagnostic_function_preserving,32,0.0,0.0,0.0,0.5073474390442225,"{""diversity"": 0.0, ""k_used"": 1, ""status"": ""disabled_low_diversity""}"
control,threshold_survival,1.0,9,kmeans_profile,diagnostic_function_preserving,48,0.0,0.0,0.0,0.5073474390442225,"{""diversity"": 0.0, ""k_used"": 1, ""status"": ""disabled_low_diversity""}"
control,threshold_survival,1.0,9,kmeans_profile,diagnostic_function_preserving,64,0.0,0.0,0.0,0.5073474390442225,"{""diversity"": 0.0, ""k_used"": 1, ""status"": ""disabled_low_diversity""}"
control,threshold_survival,1.0,9,kmeans_profile,diagnostic_function_preserving,96,0.0,0.0,0.0,0.5073474390442225,"{""diversity"": 0.0, ""k_used"": 1, ""status"": ""disabled_low_diversity""}"
control,threshold_survival,1.0,9,kmeans_profile,diagnostic_function_preserving,128,0.0,0.0,0.0,0.5073474390442225,"{""diversity"": 0.0, ""k_used"": 1, ""status"": ""disabled_low_diversity""}"
control,threshold_survival,1.0,10,balanced_random_group,primary,1,0.0,0.0,0.0,0.4639847836502017,"{""status"": ""ok""}"
control,threshold_survival,1.0,10,balanced_random_group,primary,2,0.046398478365020174,0.0,0.0,0.4639847836502017,"{""status"": ""ok""}"
control,threshold_survival,1.0,10,balanced_random_group,primary,3,0.07353984829907882,0.0,0.0,0.4639847836502017,"{""status"": ""ok""}"
control,threshold_survival,1.0,10,balanced_random_group,primary,4,0.09279695673004035,0.0,0.0,0.4639847836502017,"{""status"": ""ok""}"
control,threshold_survival,1.0,10,balanced_random_group,primary,6,0.119938326664099,0.0,0.0,0.4639847836502017,"{""status"": ""ok""}"
control,threshold_survival,1.0,10,balanced_random_group,primary,8,0.1391954350950605,0.0,0.0,0.4639847836502017,"{""status"": ""ok""}"
control,threshold_survival,1.0,10,balanced_random_group,primary,12,0.16633680502911916,0.0,0.0,0.4639847836502017,"{""status"": ""ok""}"
control,threshold_survival,1.0,10,balanced_random_group,primary,16,0.1855939134600807,0.0,0.0,0.4639847836502017,"{""status"": ""ok""}"
control,threshold_survival,1.0,10,balanced_random_group,primary,24,0.21273528339413933,0.0,0.0,0.4639847836502017,"{""status"": ""ok""}"
control,threshold_survival,1.0,10,balanced_random_group,primary,32,0.23199239182510084,0.0,0.0,0.4639847836502017,"{""status"": ""ok""}"
control,threshold_survival,1.0,10,balanced_random_group,primary,48,0.2591337617591595,0.0,0.0,0.4639847836502017,"{""status"": ""ok""}"
control,threshold_survival,1.0,10,balanced_random_group,primary,64,0.278390870190121,0.0,0.0,0.4639847836502017,"{""status"": ""ok""}"
control,threshold_survival,1.0,10,balanced_random_group,primary,96,0.3055322401241797,0.0,0.0,0.4639847836502017,"{""status"": ""ok""}"
control,threshold_survival,1.0,10,balanced_random_group,primary,128,0.32478934855514113,0.0,0.0,0.4639847836502017,"{""status"": ""ok""}"
control,threshold_survival,1.0,10,affinity_rank_group,primary,1,0.0,0.0,0.0,0.4639847836502017,"{""status"": ""ok""}"
control,threshold_survival,1.0,10,affinity_rank_group,primary,2,0.046398478365020174,0.0,0.0,0.4639847836502017,"{""status"": ""ok""}"
control,threshold_survival,1.0,10,affinity_rank_group,primary,3,0.07353984829907882,0.0,0.0,0.4639847836502017,"{""status"": ""ok""}"
control,threshold_survival,1.0,10,affinity_rank_group,primary,4,0.09279695673004035,0.0,0.0,0.4639847836502017,"{""status"": ""ok""}"
control,threshold_survival,1.0,10,affinity_rank_group,primary,6,0.119938326664099,0.0,0.0,0.4639847836502017,"{""status"": ""ok""}"
control,threshold_survival,1.0,10,affinity_rank_group,primary,8,0.1391954350950605,0.0,0.0,0.4639847836502017,"{""status"": ""ok""}"
control,threshold_survival,1.0,10,affinity_rank_group,primary,12,0.16633680502911916,0.0,0.0,0.4639847836502017,"{""status"": ""ok""}"
control,threshold_survival,1.0,10,affinity_rank_group,primary,16,0.1855939134600807,0.0,0.0,0.4639847836502017,"{""status"": ""ok""}"
control,threshold_survival,1.0,10,affinity_rank_group,primary,24,0.21273528339413933,0.0,0.0,0.4639847836502017,"{""status"": ""ok""}"
control,threshold_survival,1.0,10,affinity_rank_group,primary,32,0.23199239182510084,0.0,0.0,0.4639847836502017,"{""status"": ""ok""}"
control,threshold_survival,1.0,10,affinity_rank_group,primary,48,0.2591337617591595,0.0,0.0,0.4639847836502017,"{""status"": ""ok""}"
control,threshold_survival,1.0,10,affinity_rank_group,primary,64,0.278390870190121,0.0,0.0,0.4639847836502017,"{""status"": ""ok""}"
control,threshold_survival,1.0,10,affinity_rank_group,primary,96,0.3055322401241797,0.0,0.0,0.4639847836502017,"{""status"": ""ok""}"
control,threshold_survival,1.0,10,affinity_rank_group,primary,128,0.32478934855514113,0.0,0.0,0.4639847836502017,"{""status"": ""ok""}"
control,threshold_survival,1.0,10,prefix_group,primary,1,0.09279695673004035,0.0,0.0,0.4639847836502017,"{""status"": ""ok""}"
control,threshold_survival,1.0,10,prefix_group,primary,2,0.09279695673004035,0.0,0.0,0.4639847836502017,"{""status"": ""ok""}"
control,threshold_survival,1.0,10,prefix_group,primary,3,0.09279695673004035,0.0,0.0,0.4639847836502017,"{""status"": ""ok""}"
control,threshold_survival,1.0,10,prefix_group,primary,4,0.09279695673004035,0.0,0.0,0.4639847836502017,"{""status"": ""ok""}"
control,threshold_survival,1.0,10,prefix_group,primary,6,0.1855939134600807,0.0,0.0,0.4639847836502017,"{""status"": ""ok""}"
control,threshold_survival,1.0,10,prefix_group,primary,8,0.1855939134600807,0.0,0.0,0.4639847836502017,"{""status"": ""ok""}"
control,threshold_survival,1.0,10,prefix_group,primary,12,0.1855939134600807,0.0,0.0,0.4639847836502017,"{""status"": ""ok""}"
control,threshold_survival,1.0,10,prefix_group,primary,16,0.1855939134600807,0.0,0.0,0.4639847836502017,"{""status"": ""ok""}"
control,threshold_survival,1.0,10,prefix_group,primary,24,0.278390870190121,0.0,0.0,0.4639847836502017,"{""status"": ""ok""}"
control,threshold_survival,1.0,10,prefix_group,primary,32,0.278390870190121,0.0,0.0,0.4639847836502017,"{""status"": ""ok""}"
control,threshold_survival,1.0,10,prefix_group,primary,48,0.278390870190121,0.0,0.0,0.4639847836502017,"{""status"": ""ok""}"
control,threshold_survival,1.0,10,prefix_group,primary,64,0.278390870190121,0.0,0.0,0.4639847836502017,"{""status"": ""ok""}"
control,threshold_survival,1.0,10,prefix_group,primary,96,0.3711878269201614,0.0,0.0,0.4639847836502017,"{""status"": ""ok""}"
control,threshold_survival,1.0,10,prefix_group,primary,128,0.3711878269201614,0.0,0.0,0.4639847836502017,"{""status"": ""ok""}"
control,threshold_survival,1.0,10,kmeans_profile,diagnostic_function_preserving,1,0.0,0.0,0.0,0.4639847836502017,"{""diversity"": 0.0, ""k_used"": 1, ""status"": ""disabled_low_diversity""}"
control,threshold_survival,1.0,10,kmeans_profile,diagnostic_function_preserving,2,0.0,0.0,0.0,0.4639847836502017,"{""diversity"": 0.0, ""k_used"": 1, ""status"": ""disabled_low_diversity""}"
control,threshold_survival,1.0,10,kmeans_profile,diagnostic_function_preserving,3,0.0,0.0,0.0,0.4639847836502017,"{""diversity"": 0.0, ""k_used"": 1, ""status"": ""disabled_low_diversity""}"
control,threshold_survival,1.0,10,kmeans_profile,diagnostic_function_preserving,4,0.0,0.0,0.0,0.4639847836502017,"{""diversity"": 0.0, ""k_used"": 1, ""status"": ""disabled_low_diversity""}"
control,threshold_survival,1.0,10,kmeans_profile,diagnostic_function_preserving,6,0.0,0.0,0.0,0.4639847836502017,"{""diversity"": 0.0, ""k_used"": 1, ""status"": ""disabled_low_diversity""}"
control,threshold_survival,1.0,10,kmeans_profile,diagnostic_function_preserving,8,0.0,0.0,0.0,0.4639847836502017,"{""diversity"": 0.0, ""k_used"": 1, ""status"": ""disabled_low_diversity""}"
control,threshold_survival,1.0,10,kmeans_profile,diagnostic_function_preserving,12,0.0,0.0,0.0,0.4639847836502017,"{""diversity"": 0.0, ""k_used"": 1, ""status"": ""disabled_low_diversity""}"
control,threshold_survival,1.0,10,kmeans_profile,diagnostic_function_preserving,16,0.0,0.0,0.0,0.4639847836502017,"{""diversity"": 0.0, ""k_used"": 1, ""status"": ""disabled_low_diversity""}"
control,threshold_survival,1.0,10,kmeans_profile,diagnostic_function_preserving,24,0.0,0.0,0.0,0.4639847836502017,"{""diversity"": 0.0, ""k_used"": 1, ""status"": ""disabled_low_diversity""}"
control,threshold_survival,1.0,10,kmeans_profile,diagnostic_function_preserving,32,0.0,0.0,0.0,0.4639847836502017,"{""diversity"": 0.0, ""k_used"": 1, ""status"": ""disabled_low_diversity""}"
control,threshold_survival,1.0,10,kmeans_profile,diagnostic_function_preserving,48,0.0,0.0,0.0,0.4639847836502017,"{""diversity"": 0.0, ""k_used"": 1, ""status"": ""disabled_low_diversity""}"
control,threshold_survival,1.0,10,kmeans_profile,diagnostic_function_preserving,64,0.0,0.0,0.0,0.4639847836502017,"{""diversity"": 0.0, ""k_used"": 1, ""status"": ""disabled_low_diversity""}"
control,threshold_survival,1.0,10,kmeans_profile,diagnostic_function_preserving,96,0.0,0.0,0.0,0.4639847836502017,"{""diversity"": 0.0, ""k_used"": 1, ""status"": ""disabled_low_diversity""}"
control,threshold_survival,1.0,10,kmeans_profile,diagnostic_function_preserving,128,0.0,0.0,0.0,0.4639847836502017,"{""diversity"": 0.0, ""k_used"": 1, ""status"": ""disabled_low_diversity""}"
control,threshold_survival,1.0,11,balanced_random_group,primary,1,0.0,0.0,0.0,0.501448786303355,"{""status"": ""ok""}"
control,threshold_survival,1.0,11,balanced_random_group,primary,2,0.0501448786303355,0.0,0.0,0.501448786303355,"{""status"": ""ok""}"
control,threshold_survival,1.0,11,balanced_random_group,primary,3,0.0794777522322954,0.0,0.0,0.501448786303355,"{""status"": ""ok""}"
control,threshold_survival,1.0,11,balanced_random_group,primary,4,0.100289757260671,0.0,0.0,0.501448786303355,"{""status"": ""ok""}"
control,threshold_survival,1.0,11,balanced_random_group,primary,6,0.12962263086263093,0.0,0.0,0.501448786303355,"{""status"": ""ok""}"
control,threshold_survival,1.0,11,balanced_random_group,primary,8,0.1504346358910065,0.0,0.0,0.501448786303355,"{""status"": ""ok""}"
control,threshold_survival,1.0,11,balanced_random_group,primary,12,0.1797675094929664,0.0,0.0,0.501448786303355,"{""status"": ""ok""}"
control,threshold_survival,1.0,11,balanced_random_group,primary,16,0.200579514521342,0.0,0.0,0.501448786303355,"{""status"": ""ok""}"
control,threshold_survival,1.0,11,balanced_random_group,primary,24,0.2299123881233019,0.0,0.0,0.501448786303355,"{""status"": ""ok""}"
control,threshold_survival,1.0,11,balanced_random_group,primary,32,0.2507243931516775,0.0,0.0,0.501448786303355,"{""status"": ""ok""}"
control,threshold_survival,1.0,11,balanced_random_group,primary,48,0.2800572667536374,0.0,0.0,0.501448786303355,"{""status"": ""ok""}"
control,threshold_survival,1.0,11,balanced_random_group,primary,64,0.300869271782013,0.0,0.0,0.501448786303355,"{""status"": ""ok""}"
control,threshold_survival,1.0,11,balanced_random_group,primary,96,0.3302021453839729,0.0,0.0,0.501448786303355,"{""status"": ""ok""}"
control,threshold_survival,1.0,11,balanced_random_group,primary,128,0.35101415041234846,0.0,0.0,0.501448786303355,"{""status"": ""ok""}"
control,threshold_survival,1.0,11,affinity_rank_group,primary,1,0.0,0.0,0.0,0.501448786303355,"{""status"": ""ok""}"
control,threshold_survival,1.0,11,affinity_rank_group,primary,2,0.0501448786303355,0.0,0.0,0.501448786303355,"{""status"": ""ok""}"
control,threshold_survival,1.0,11,affinity_rank_group,primary,3,0.0794777522322954,0.0,0.0,0.501448786303355,"{""status"": ""ok""}"
control,threshold_survival,1.0,11,affinity_rank_group,primary,4,0.100289757260671,0.0,0.0,0.501448786303355,"{""status"": ""ok""}"
control,threshold_survival,1.0,11,affinity_rank_group,primary,6,0.12962263086263093,0.0,0.0,0.501448786303355,"{""status"": ""ok""}"
control,threshold_survival,1.0,11,affinity_rank_group,primary,8,0.1504346358910065,0.0,0.0,0.501448786303355,"{""status"": ""ok""}"
control,threshold_survival,1.0,11,affinity_rank_group,primary,12,0.1797675094929664,0.0,0.0,0.501448786303355,"{""status"": ""ok""}"
control,threshold_survival,1.0,11,affinity_rank_group,primary,16,0.200579514521342,0.0,0.0,0.501448786303355,"{""status"": ""ok""}"
control,threshold_survival,1.0,11,affinity_rank_group,primary,24,0.2299123881233019,0.0,0.0,0.501448786303355,"{""status"": ""ok""}"
control,threshold_survival,1.0,11,affinity_rank_group,primary,32,0.2507243931516775,0.0,0.0,0.501448786303355,"{""status"": ""ok""}"
control,threshold_survival,1.0,11,affinity_rank_group,primary,48,0.2800572667536374,0.0,0.0,0.501448786303355,"{""status"": ""ok""}"
control,threshold_survival,1.0,11,affinity_rank_group,primary,64,0.300869271782013,0.0,0.0,0.501448786303355,"{""status"": ""ok""}"
control,threshold_survival,1.0,11,affinity_rank_group,primary,96,0.3302021453839729,0.0,0.0,0.501448786303355,"{""status"": ""ok""}"
control,threshold_survival,1.0,11,affinity_rank_group,primary,128,0.35101415041234846,0.0,0.0,0.501448786303355,"{""status"": ""ok""}"
control,threshold_survival,1.0,11,prefix_group,primary,1,0.100289757260671,0.0,0.0,0.501448786303355,"{""status"": ""ok""}"
control,threshold_survival,1.0,11,prefix_group,primary,2,0.100289757260671,0.0,0.0,0.501448786303355,"{""status"": ""ok""}"
control,threshold_survival,1.0,11,prefix_group,primary,3,0.100289757260671,0.0,0.0,0.501448786303355,"{""status"": ""ok""}"
control,threshold_survival,1.0,11,prefix_group,primary,4,0.100289757260671,0.0,0.0,0.501448786303355,"{""status"": ""ok""}"
control,threshold_survival,1.0,11,prefix_group,primary,6,0.200579514521342,0.0,0.0,0.501448786303355,"{""status"": ""ok""}"
control,threshold_survival,1.0,11,prefix_group,primary,8,0.200579514521342,0.0,0.0,0.501448786303355,"{""status"": ""ok""}"
control,threshold_survival,1.0,11,prefix_group,primary,12,0.200579514521342,0.0,0.0,0.501448786303355,"{""status"": ""ok""}"
control,threshold_survival,1.0,11,prefix_group,primary,16,0.200579514521342,0.0,0.0,0.501448786303355,"{""status"": ""ok""}"
control,threshold_survival,1.0,11,prefix_group,primary,24,0.300869271782013,0.0,0.0,0.501448786303355,"{""status"": ""ok""}"
control,threshold_survival,1.0,11,prefix_group,primary,32,0.300869271782013,0.0,0.0,0.501448786303355,"{""status"": ""ok""}"
control,threshold_survival,1.0,11,prefix_group,primary,48,0.300869271782013,0.0,0.0,0.501448786303355,"{""status"": ""ok""}"
control,threshold_survival,1.0,11,prefix_group,primary,64,0.300869271782013,0.0,0.0,0.501448786303355,"{""status"": ""ok""}"
control,threshold_survival,1.0,11,prefix_group,primary,96,0.401159029042684,0.0,0.0,0.501448786303355,"{""status"": ""ok""}"
control,threshold_survival,1.0,11,prefix_group,primary,128,0.401159029042684,0.0,0.0,0.501448786303355,"{""status"": ""ok""}"
control,threshold_survival,1.0,11,kmeans_profile,diagnostic_function_preserving,1,0.0,0.0,0.0,0.501448786303355,"{""diversity"": 0.0, ""k_used"": 1, ""status"": ""disabled_low_diversity""}"
control,threshold_survival,1.0,11,kmeans_profile,diagnostic_function_preserving,2,0.0,0.0,0.0,0.501448786303355,"{""diversity"": 0.0, ""k_used"": 1, ""status"": ""disabled_low_diversity""}"
control,threshold_survival,1.0,11,kmeans_profile,diagnostic_function_preserving,3,0.0,0.0,0.0,0.501448786303355,"{""diversity"": 0.0, ""k_used"": 1, ""status"": ""disabled_low_diversity""}"
control,threshold_survival,1.0,11,kmeans_profile,diagnostic_function_preserving,4,0.0,0.0,0.0,0.501448786303355,"{""diversity"": 0.0, ""k_used"": 1, ""status"": ""disabled_low_diversity""}"
control,threshold_survival,1.0,11,kmeans_profile,diagnostic_function_preserving,6,0.0,0.0,0.0,0.501448786303355,"{""diversity"": 0.0, ""k_used"": 1, ""status"": ""disabled_low_diversity""}"
control,threshold_survival,1.0,11,kmeans_profile,diagnostic_function_preserving,8,0.0,0.0,0.0,0.501448786303355,"{""diversity"": 0.0, ""k_used"": 1, ""status"": ""disabled_low_diversity""}"
control,threshold_survival,1.0,11,kmeans_profile,diagnostic_function_preserving,12,0.0,0.0,0.0,0.501448786303355,"{""diversity"": 0.0, ""k_used"": 1, ""status"": ""disabled_low_diversity""}"
control,threshold_survival,1.0,11,kmeans_profile,diagnostic_function_preserving,16,0.0,0.0,0.0,0.501448786303355,"{""diversity"": 0.0, ""k_used"": 1, ""status"": ""disabled_low_diversity""}"
control,threshold_survival,1.0,11,kmeans_profile,diagnostic_function_preserving,24,0.0,0.0,0.0,0.501448786303355,"{""diversity"": 0.0, ""k_used"": 1, ""status"": ""disabled_low_diversity""}"
control,threshold_survival,1.0,11,kmeans_profile,diagnostic_function_preserving,32,0.0,0.0,0.0,0.501448786303355,"{""diversity"": 0.0, ""k_used"": 1, ""status"": ""disabled_low_diversity""}"
control,threshold_survival,1.0,11,kmeans_profile,diagnostic_function_preserving,48,0.0,0.0,0.0,0.501448786303355,"{""diversity"": 0.0, ""k_used"": 1, ""status"": ""disabled_low_diversity""}"
control,threshold_survival,1.0,11,kmeans_profile,diagnostic_function_preserving,64,0.0,0.0,0.0,0.501448786303355,"{""diversity"": 0.0, ""k_used"": 1, ""status"": ""disabled_low_diversity""}"
control,threshold_survival,1.0,11,kmeans_profile,diagnostic_function_preserving,96,0.0,0.0,0.0,0.501448786303355,"{""diversity"": 0.0, ""k_used"": 1, ""status"": ""disabled_low_diversity""}"
control,threshold_survival,1.0,11,kmeans_profile,diagnostic_function_preserving,128,0.0,0.0,0.0,0.501448786303355,"{""diversity"": 0.0, ""k_used"": 1, ""status"": ""disabled_low_diversity""}"
