relative_path,size_bytes,sha256
GATE_5_DECISION.json,462,5f6dbcbda6e40120b77e8a32e77776ca441ba6ac359dee771c94f00b754d195a
baseline_blocks/alternative_a_p1.0_r00.csv,799,e0c1222298ef9b88b96a7a7445f464d0f9c99dae203a7be5f8493917f85f6d50
baseline_blocks/alternative_a_p1.0_r01.csv,804,6e9ac4b8b9cea5c131f55fca6bbc0b8e274bba6a55685af8f0daffce66f0757a
baseline_blocks/alternative_a_p1.0_r02.csv,802,54d7563510ea8799e92eb73aac4645b4bfb75f3b9e59b0ea66023a57f55bd4ac
baseline_blocks/alternative_a_p1.0_r03.csv,801,031f635edfe2eff53aca797df2f55ef5e5f8d82f995ef85a28eabbad94678d22
baseline_blocks/alternative_a_p1.0_r04.csv,805,af5185db5ed9aa1e652349ee651211bf4eb43e662ef74e46f25d7e2fa4a3d02b
baseline_blocks/alternative_a_p1.0_r05.csv,803,972f6bf9fc4b74dafa034782762b392c974b2ea336c513a3c38ac5f92a79114b
baseline_blocks/alternative_a_p1.0_r06.csv,801,17d57fc074c51f924eb20a8ba9cbcc9545891057857d0a8e151d9ab8447aa4b2
baseline_blocks/alternative_a_p1.0_r07.csv,742,1447e7f7b8a1a295bdac0585d0d8f07692a2cffed01aabc62a78327a932b46ba
baseline_blocks/alternative_a_p1.0_r08.csv,743,44efbef1cf202f3d9860b318a72659fbe2b2612f2922d1389f26fe2b6446156e
baseline_blocks/alternative_a_p1.0_r09.csv,744,397a961e5e759d900363b6ef703e977695491247c7c4e7fe9c18f862659209b9
baseline_blocks/alternative_a_p1.0_r10.csv,746,015a1d5eb90ef6108b4e2c9f4515ac137742534577dc306fd24ea980c4998e19
baseline_blocks/alternative_a_p1.0_r11.csv,747,86c7b1512cbd7c92dfc535bc502a14f24f6c366b907c6b3148d5a11984583853
baseline_blocks/alternative_a_p1.0_r12.csv,743,9e859594a7de15e42e4be76c87bff24824f080bb30a2e3962866d42ea4f6afd6
baseline_blocks/alternative_a_p1.0_r13.csv,746,f345efd8b1fc97f72af082cac2ec2bdb93bb5fea23112b46affb3216a0e38382
baseline_blocks/alternative_a_p1.0_r14.csv,746,45efcf6018b549d732e7a0abc0c0671da0e08c72ccddde367f6c854b6b09ed6e
baseline_blocks/alternative_a_p1.0_r15.csv,744,76d645ad77dc848574140e36419af3f38d044ab7e87a7e5958cf8fbdcc16e60a
baseline_blocks/alternative_a_p1.0_r16.csv,745,383be5b991434d2e8d76ea455a29c24587010e11d7d9a18b7b07aca4f964619f
baseline_blocks/alternative_a_p1.0_r17.csv,747,a48a7ff893ef958db58440d748308e454ae6084b7c5fb299df3ee1fede6cbd5f
baseline_blocks/alternative_a_p1.0_r18.csv,744,fb9ab3f5c3149f082555566b93c38436d96c4cd41572bb426a819c700d54fd5d
baseline_blocks/alternative_a_p1.0_r19.csv,745,afbc7a6a18e15b30cae4a258e9cee9fc294e1625c5b002f5974e2aecd5fad254
baseline_blocks/alternative_b_p1.0_r00.csv,740,b3e69a945abc296b94890b9c9784464169df8580ff6386c21c2f20d3b9b22eef
baseline_blocks/alternative_b_p1.0_r01.csv,741,8490993f5d7d9f8d3309c22bc55a663cd1db3cb9a496636b71998f7898623c85
baseline_blocks/alternative_b_p1.0_r02.csv,742,ce73c0b4f293b5102604245956189a376e5c1cc8438ecc2df5e5b81246d452f2
baseline_blocks/alternative_b_p1.0_r03.csv,744,b35516bb901e3b10714ac3a03a18d14b121db71b39fef825d7ef4fecd0ca76bb
baseline_blocks/alternative_b_p1.0_r04.csv,745,53e8fc527652072d588e103fc33b016794645d033651fffe93015fb6dc29c2a8
baseline_blocks/alternative_b_p1.0_r05.csv,743,ca111475d10e2ae1b6ba01ed6712c08013efb611fa2a414369e4dbcdf51f8a03
baseline_blocks/alternative_b_p1.0_r06.csv,742,109536907ca16c0df92bc9469308152d870b8850f939efbf70670d92329f65d9
baseline_blocks/alternative_b_p1.0_r07.csv,739,f8fedb6fc7e5e4697201eaaab561a13d169bb50fb53730f791a30bf0c8d2454e
baseline_blocks/alternative_b_p1.0_r08.csv,804,912cde602b9ca61ca7471f857a723bbf571a86c2e81668dcc26fb3715b12434f
baseline_blocks/alternative_b_p1.0_r09.csv,743,8ffb56078ef2a863cbc4875ca6cd484b4dc23b8f016908c71ac4b5a51760e96c
baseline_blocks/alternative_b_p1.0_r10.csv,746,24e6c79f370a560531f143827ca5f3ac2c8dc50d6e95b30b8e7f7f66e479aa5f
baseline_blocks/alternative_b_p1.0_r11.csv,744,8d64e696125de1476168a894d6d7e8ac5e9385c5e884d6b2ae639c446059725a
baseline_blocks/alternative_b_p1.0_r12.csv,804,586e34762b19e5b70728e4bb6056c109acb867a831acf5f5cb11f19aa52edb0e
baseline_blocks/alternative_b_p1.0_r13.csv,804,5c3ab27c384100b160c3eb7791cfc0dea7e5518400c5ecd16f7fa34652640db6
baseline_blocks/alternative_b_p1.0_r14.csv,806,48b6735279f0a80bc2c9f5fc8c50e9fd84f8df29707e481a37f61466b7f7c403
baseline_blocks/alternative_b_p1.0_r15.csv,806,6efedae661e7a7af295f7e032827fa4ad96a222c9fd6f9c127323f8c6a9a47f2
baseline_blocks/alternative_b_p1.0_r16.csv,806,0afb2ff0ec65aa2d719460d066b63a1dd40ee0ac4c413d2177910ad08bb8eec2
baseline_blocks/alternative_b_p1.0_r17.csv,806,dffcfb5772d1dce9577bd388d50bc6190fb4eed3a99a25cb8138146a999f71d4
baseline_blocks/alternative_b_p1.0_r18.csv,805,d4cd4de5c584ea0a2276c85adbe30edde7517e4872fc3558895ea52176216cf1
baseline_blocks/alternative_b_p1.0_r19.csv,806,2682597013602579a36cdc873dcd2112a4516cd6e96da30390e3b3cf1d9e16a3
baseline_blocks/selection_neutral_p1.0_r00.csv,819,ffd1f758908d7520b884e79e3f2cfdcaf32569ddca4aa0279d3aaf0efeb71b4e
baseline_blocks/selection_neutral_p1.0_r01.csv,817,626de31b0bdd3c708218a67980479653872c3e6d236e61b8270705dd73e4d6f5
baseline_blocks/selection_neutral_p1.0_r02.csv,819,883bb7803913dd75f2c5f8e3ca40b569ddadd8a1b4aaf9006cd8a111f5063c37
baseline_blocks/selection_neutral_p1.0_r03.csv,818,3ee2bb0b86041a95e7f09aa04fd5463ab1ac166d9900e063e1d1c0fdd49686c0
baseline_blocks/selection_neutral_p1.0_r04.csv,817,d9beba508acedf6655deb32a78bb712a1f87080ea70eefcc59b463f2ee7c9e18
baseline_blocks/selection_neutral_p1.0_r05.csv,817,efc0089a6fa825a2b701873ebbb5a637f312db57a98de03f7bc9b7809b88b058
baseline_blocks/selection_neutral_p1.0_r06.csv,820,2539fd9d6c1a05674a6a2b50e05caa2372f2162da8d2fb525d48b5e346192e15
baseline_blocks/selection_neutral_p1.0_r07.csv,818,55955027b35515dfa78eabd98f35db0ac9a2c22839ec9b916ab776b53df9f3e4
baseline_blocks/selection_neutral_p1.0_r08.csv,817,4c63a8083d9c6ee9415b2dd3b9dfa1285bd6f284f7969e289112752951b0c9af
baseline_blocks/selection_neutral_p1.0_r09.csv,816,db8b8a4ee50ac43811484b8299b53e4e313de4a9825c1125d59e1ea8778f4d3f
baseline_blocks/selection_neutral_p1.0_r10.csv,819,b516efa221a6453ef9ab34b5ae94d07e97f0cedd4b70e0d953ff21d6b6596a58
baseline_blocks/selection_neutral_p1.0_r11.csv,823,02f30add1e9073d1b2a422eda0f2e1219bad416945c9e43e7c9e9296cf0dfd76
baseline_blocks/selection_neutral_p1.0_r12.csv,818,2ce8e6ee17272fe741d6ab0fd0f96ff4fbd0e541a3a4486cc14b26b0faa8dcfc
baseline_blocks/selection_neutral_p1.0_r13.csv,820,3ce7b4d99f02c334cfce82bd16710c971c87ca5b7494dc88e7bb67150baa7b83
baseline_blocks/selection_neutral_p1.0_r14.csv,818,80d402b77b4adc315c2a3b3811c9e30e93b336fd66c434d7f0c7ebccfb6d5503
baseline_blocks/selection_neutral_p1.0_r15.csv,820,ca2dd8833cac7653ac79ec8cc0f31bab984b9f0bb3d347ed09e7639b9400f1db
baseline_blocks/selection_neutral_p1.0_r16.csv,817,d0dd8338d4ba1f86860d15cadcfd89b66a4f63c9b612b0782803e709b01de83d
baseline_blocks/selection_neutral_p1.0_r17.csv,819,7369dd855d0835171365d34ddf04be402ac09f1ab11d1852e85e4043cbc2203a
baseline_blocks/selection_neutral_p1.0_r18.csv,821,f56368df4b1534a0d9af6e4a0c81784593000906779654a15f1753c4763c4309
baseline_blocks/selection_neutral_p1.0_r19.csv,814,65d3fcb9dd7c06472208a06977d34a069f60bf60ea8fc6aac57cbf73e1906313
baseline_blocks/selection_reduced_p1.0_r00.csv,819,6561741faa8178f770f3954acf4a27590547a7b0dc50169bab93220e618962d6
baseline_blocks/selection_reduced_p1.0_r01.csv,819,4f0c5cf560ce9bf3b8ed28a3ade1f16f8c33542c6cfdac1bf435aaac4d1e6773
baseline_blocks/selection_reduced_p1.0_r02.csv,820,c09deb2397b8ad8a2b5fc2a6b77bb9fd46eb89529d48fe3978dc85b1cf513639
baseline_blocks/selection_reduced_p1.0_r03.csv,816,c4cd3276fa41e688f13c66ad9487c95d859a4a1a73204e908d7ced5d0caf569f
baseline_blocks/selection_reduced_p1.0_r04.csv,814,ed79c5ccafa01d038b8dfb077de48d9afabe3754f59113fc54457c43ebd018a8
baseline_blocks/selection_reduced_p1.0_r05.csv,818,d109734ca533a95c2cc61e4e7dc44c789bbdf66ad4c99df8324ae01e650b63a9
baseline_blocks/selection_reduced_p1.0_r06.csv,821,c1df6b5563e07d990ca22aa627b750ff6bf8a76425a540225f299a55f4f33185
baseline_blocks/selection_reduced_p1.0_r07.csv,820,f35a1084b02ff880bdba962b54109764941e615a84444d63d1bb367e4152474c
baseline_blocks/selection_reduced_p1.0_r08.csv,820,835eb0e6e9a917f10213103a707f9d8ec3350876828e07e2d69b8b31354b4abd
baseline_blocks/selection_reduced_p1.0_r09.csv,821,2df842d053d68b30e732c35a8011c73d134d6725ed3e226fed5df3927de96da3
baseline_blocks/selection_reduced_p1.0_r10.csv,822,46e13202221b7b3218ac14dfbc2f527f846385f976c6f61df2be999ee76b086f
baseline_blocks/selection_reduced_p1.0_r11.csv,816,9eb20f7259669566089c3978e7a3db27f6cbed4265bbb7d74844684d3f01d190
baseline_blocks/selection_reduced_p1.0_r12.csv,822,1fcef04c024f9413305f6c9392bcb5928e02091dc90801b8c3e5f2a688ccb02f
baseline_blocks/selection_reduced_p1.0_r13.csv,821,d5a6b560f8f81d1d224a54750ff1b694925fc2fd320d5139afc4cf21a1f1462c
baseline_blocks/selection_reduced_p1.0_r14.csv,821,99633c53e499b457d637aa0c4ba383af6e24695c7faab58dd00ed822fda5b47f
baseline_blocks/selection_reduced_p1.0_r15.csv,821,4c7e6ef282a5629f28e7f214d4cb60402421650d5a5b2bd75626118b50486e87
baseline_blocks/selection_reduced_p1.0_r16.csv,823,d0d1675ba761ba6a171faa8a3b912bae71c7bd3d4a1cc1f7e235670abf65fe2f
baseline_blocks/selection_reduced_p1.0_r17.csv,821,b77058edb35aa761d2b4102dbf63f8c220173670d65f704573fdfe0fcc9c1023
baseline_blocks/selection_reduced_p1.0_r18.csv,821,45cda48038c95f47adeb1ac2ae592eccf5b7274064ee9047d643364eea7434d7
baseline_blocks/selection_reduced_p1.0_r19.csv,818,eadd067872d9737fd96dd818e660a5784d6e7aee4efbb6ffad52c28665873cf1
baseline_blocks/temporally_unstable_p1.0_r00.csv,939,c11d27b079f1bb8ec42238dc3e49e141717a6932233598404cc619bac4c30b38
baseline_blocks/temporally_unstable_p1.0_r01.csv,936,05a659073f1fa7a1a7fe39ac031fc9f13163d4b03a46ca577b7691a103e4e6b9
baseline_blocks/temporally_unstable_p1.0_r02.csv,939,202e889b145f9be596b4c5a6defd33c998787b9740a285b53319d29544e1aa25
baseline_blocks/temporally_unstable_p1.0_r03.csv,939,f870d1108576abb8b96eae10b0c596172ce5e0416ca22408c3d1d455d6f5c840
baseline_blocks/temporally_unstable_p1.0_r04.csv,937,1b82053993abeb78acb325a4595fda8c65d58e3f68a555f782402f809415806b
baseline_blocks/temporally_unstable_p1.0_r05.csv,940,ea26833b629474daf1818a41d95cd49ea3c750d3b1e32f9f9b732119ff4376e2
baseline_blocks/temporally_unstable_p1.0_r06.csv,939,dd6daaf8985cb7067fdbb721f96dda97106f3c2cd2f6660d48465f870d6bcf12
baseline_blocks/temporally_unstable_p1.0_r07.csv,940,39acae45695988251d84178ba4fa28573e2eaa761094b087047e2dfd44ed73a7
baseline_blocks/temporally_unstable_p1.0_r08.csv,938,b5006ae1d2b34a6313546f09c04f946512964dd81a4a46e0e98342675f0a8209
baseline_blocks/temporally_unstable_p1.0_r09.csv,934,5231b276cbe3d1c0ac1cf5f827bc3e7f3aaed7293359b51d2472f27681d7407d
baseline_blocks/temporally_unstable_p1.0_r10.csv,939,87dab80a49d400f8b7a5feb9ed1bad9432aa4d332202ac46f5c8f7f8a304e02b
baseline_blocks/temporally_unstable_p1.0_r11.csv,939,171f9d39c3e979bf66d4ce67e0deb8adf6fb5baff03b1c92216093e67f3e454a
baseline_blocks/temporally_unstable_p1.0_r12.csv,940,7563088c735662c95e70493be10326618a953f95c0ea2659687e3be62b836941
baseline_blocks/temporally_unstable_p1.0_r13.csv,942,61fc1b44456a28d72a0b17f37af391f70292c7abcb0f0595e1f0f7457c75c8b6
baseline_blocks/temporally_unstable_p1.0_r14.csv,939,91da63b3d69ea9082b86c259d7daa40bc7f310250ec8cc43c211b54daed9b305
baseline_blocks/temporally_unstable_p1.0_r15.csv,939,0e3f1b702ce2f60c9c51ebdc540b635ed3a0db6d5f02ffa07c4f9133a13bf6f8
baseline_blocks/temporally_unstable_p1.0_r16.csv,941,30df608fb1c2802f892177c34e772269d95e08d7616ce9a23013361edff1e520
baseline_blocks/temporally_unstable_p1.0_r17.csv,941,0aa27b479ae2aa5763379896fc38676363640c2eeb99edd16f493b1c39c13ea7
baseline_blocks/temporally_unstable_p1.0_r18.csv,940,8dc61663b1c34cd8fad3f22ca4231282b160b25ebd4aac5b7c6a2b65a356dccd
baseline_blocks/temporally_unstable_p1.0_r19.csv,944,44bc0eedb42f4c72d0d102fdfa118b075931fa34acf08b24d797511494632c56
continuation_blocks/affinity_reassigned_p1.0_r00_q0.csv,59673,a6edd1710d77d795b5109eb84fd8f472466d3cec45aa12488fe4d71113f78207
continuation_blocks/affinity_reassigned_p1.0_r00_q1.csv,59473,097b983508c0989754fea2c9851f155b832cc7223ef9a227c1f340dc791143ad
continuation_blocks/affinity_reassigned_p1.0_r01_q0.csv,59550,ac3de19bb360e50e53e0e14fbf9cb46ad5fe522933c0f3359b58918b4b15987b
continuation_blocks/affinity_reassigned_p1.0_r01_q1.csv,59476,7f75ca2d2059fd85539127f7c6aeb19deb2880fac72f03f8bc2b134ced088414
continuation_blocks/affinity_reassigned_p1.0_r02_q0.csv,59591,7d7ad494e619931d0eb88fb7fbf8906de035cef66b6182ba91f9cce8c9e8c6be
continuation_blocks/affinity_reassigned_p1.0_r02_q1.csv,59530,a01c9d5b606648c2a78491fcbec1eaa8f4cc12ccff034ceb99a27ede2ab150da
continuation_blocks/affinity_reassigned_p1.0_r03_q0.csv,59643,ec0fee9524e176a0fe23cb3d27f2a6c6e6bc473933b7b18953f4811b679e7780
continuation_blocks/affinity_reassigned_p1.0_r03_q1.csv,59628,5ed8e4e2e2c8d7f61a8e8987037cc5eab336f8daaaf88c517455665f78a5e014
continuation_blocks/affinity_reassigned_p1.0_r04_q0.csv,59584,1183ccd80dd3b6241b098bf0192b41de778b3e7dcff963b113d0a16822d84ca5
continuation_blocks/affinity_reassigned_p1.0_r04_q1.csv,59453,a48ab042de7dce302006ef538151a032561cd5c8871f550776d4d33aeceaf711
continuation_blocks/affinity_reassigned_p1.0_r05_q0.csv,59624,cb38b697d72d71bc89eb0c28ba43311eb80f58ce72214455e972867b452e4f79
continuation_blocks/affinity_reassigned_p1.0_r05_q1.csv,59663,d1a6bf275312b36b9d7d222d0de2198ee2a02b2b82dd6facbf95c78d68a6d766
continuation_blocks/affinity_reassigned_p1.0_r06_q0.csv,59579,60e053914231ecae6741c9acb833eacbb37fc0baea544edd6e45b1d335e81dc0
continuation_blocks/affinity_reassigned_p1.0_r06_q1.csv,59594,d9232cf09f2d722d508a8bfe3ae339acb1e4bfcb7aabe9407301f03a34e06276
continuation_blocks/affinity_reassigned_p1.0_r07_q0.csv,59509,45e297c8d4c6566e38eeca12633400fcc997502ffabe18f75355d78dae44ff9a
continuation_blocks/affinity_reassigned_p1.0_r07_q1.csv,59542,8a15337bbcd9cc51d8d89643be6d0b10387b83fc9194de218d47827ead38e4c8
continuation_blocks/affinity_reassigned_p1.0_r08_q0.csv,59607,0ad856aa448180766135db58bb8393aefaef9ec306b514a716d262da684e2109
continuation_blocks/affinity_reassigned_p1.0_r08_q1.csv,59554,6faea77a23948ff92e899b2541f84cd47c647dd3b692ddbb5eb113d1571f5429
continuation_blocks/affinity_reassigned_p1.0_r09_q0.csv,59461,a60c0bf80e88d64031dc95b032d846db0b3db0f1d6355cf9792d3b58d7a3116c
continuation_blocks/affinity_reassigned_p1.0_r09_q1.csv,59453,0b98d3a4bb8db198c2e561b0dc2a0306a57a2cfeefa3c36a2b226b39d903941a
continuation_blocks/affinity_reassigned_p1.0_r10_q0.csv,59537,97cb09e9f783b5265105c262cb74c72c19df817c45f9793948bb869d29c00d6c
continuation_blocks/affinity_reassigned_p1.0_r10_q1.csv,59545,d50fe24f8ee9ca96e5a5de74905a4d7000810a95e8774620b34d851ae99e12b1
continuation_blocks/affinity_reassigned_p1.0_r11_q0.csv,59426,77754e2450cf9e5315aed81f1cadca33fd071ffca674b48127fcac1980aa2145
continuation_blocks/affinity_reassigned_p1.0_r11_q1.csv,59711,f9f6c20e9fcb11e097b68dd03cadee5ddaff143fbbea388fcb5aa417c929dd08
continuation_blocks/affinity_reassigned_p1.0_r12_q0.csv,59744,e80599c210543eab5d8731704271da52f4ff1862d83372020952a554b2a04683
continuation_blocks/affinity_reassigned_p1.0_r12_q1.csv,59607,43ef6bfe0e8aa37ee7df1165aacac502b814553576862982067001dc540d9443
continuation_blocks/affinity_reassigned_p1.0_r13_q0.csv,59675,0925ffb7c3a960574a02c07e190aa4f9aae64232b74997efd5669a6dc338140c
continuation_blocks/affinity_reassigned_p1.0_r13_q1.csv,59624,7a1d90f7d82ca687dffa14687f1505146eb6eb5a23bdfac6f1823204d8e7f1a3
continuation_blocks/affinity_reassigned_p1.0_r14_q0.csv,59698,209fe856837044b5e32ffc039e320dbe8d49da77c3a3d1af215e0f22ca560ea5
continuation_blocks/affinity_reassigned_p1.0_r14_q1.csv,59518,dfa85cc8206c0c2cdced1d22b7de9a7b0bf265d82c13002cc2319560fb835e28
continuation_blocks/affinity_reassigned_p1.0_r15_q0.csv,59701,d59057c0a3498ef1dfe7cdd1a05df78f4c3452403b0762b61742a971ee706cc6
continuation_blocks/affinity_reassigned_p1.0_r15_q1.csv,59624,cd66d84a97fe12656b1a2ddb50165cf768b0e2cfd2aee14997922fd07759d17d
continuation_blocks/affinity_reassigned_p1.0_r16_q0.csv,59569,8658f00cd16002501f7f911eb9664b277c6c1032ec05bdad901e2b7a8bb03e01
continuation_blocks/affinity_reassigned_p1.0_r16_q1.csv,59666,5b0721e427959c1e9d81949de45ce1048ab94750cbe117cfae11fe607facad45
continuation_blocks/affinity_reassigned_p1.0_r17_q0.csv,59468,89461fbb7ebea5fab134f99c4a5b409e212121428b46a375e0de470583b54929
continuation_blocks/affinity_reassigned_p1.0_r17_q1.csv,59408,b04ad9f6ad308738839a39ec5136718fb9240c76d850f7479e87f2663f68b3b9
continuation_blocks/affinity_reassigned_p1.0_r18_q0.csv,59494,b43578cd4e162949d2648328e0461ef9c50f3e65376e021148647cfef6bf396b
continuation_blocks/affinity_reassigned_p1.0_r18_q1.csv,59627,b55dcc903f8dadf06b4879007cbc8647ee8af75fb1b61e425ca75eaf89d0013e
continuation_blocks/affinity_reassigned_p1.0_r19_q0.csv,59610,ac86575e2b8cf1b85668bf8834c53aa473541f647a9d1635c292adc636457889
continuation_blocks/affinity_reassigned_p1.0_r19_q1.csv,59566,6616e09e96916e4eeb0756f4d43e97aa609c91450a8c6ce5fe074f433e6f59a5
continuation_blocks/alternative_a_cross_b_p1.0_r00.csv,60047,31f23240efbf9fa1eaa0bd1cdba1659442958117adcf5704dd1b3aac4a807cb8
continuation_blocks/alternative_a_cross_b_p1.0_r01.csv,60039,4b45a567b62a5aed953fd39d4519f8bdc4858bf9f2081f44671f57494071b242
continuation_blocks/alternative_a_cross_b_p1.0_r02.csv,60036,df727507247ffefd3985679ba410b039c6bd11f3649141b0e14b9a4c229f52ca
continuation_blocks/alternative_a_cross_b_p1.0_r03.csv,60050,0eea7c2a87c4dc550aaa42d95c353830839dcc5452e389374b1667d7a838d776
continuation_blocks/alternative_a_cross_b_p1.0_r04.csv,59778,bf4e6fd32afb8f1f8ff5fd862173cd4ca1549e77069c52fa8ed883d8e8c8ed16
continuation_blocks/alternative_a_cross_b_p1.0_r05.csv,60009,a47ee65cdd1367f8026589c93bcf6a640828286495322ab88b18df7d91b6c67f
continuation_blocks/alternative_a_cross_b_p1.0_r06.csv,60024,5ae00536ec397d170e875016f0e7c33eb1b3ad46b16201a04cbd1b5e1eabeab4
continuation_blocks/alternative_a_cross_b_p1.0_r07.csv,60093,27eefca857fc86b32e939c0c7b6f0afad7dbb95107abb942455f9598a46fa96a
continuation_blocks/alternative_a_cross_b_p1.0_r08.csv,59856,2803fc91922a472f2cf7b2e264fd18cf7a448052bc40ea2542c1a308c06fa5d7
continuation_blocks/alternative_a_cross_b_p1.0_r09.csv,60192,3bd8f6f4f6103e1f4f6c18bc86b1dea68457127f458bfec0ae0aa0a04ce7d266
continuation_blocks/alternative_a_cross_b_p1.0_r10.csv,60036,df89fd3cbf9f1e78421531cb84f8f27c069dc40e50d1590b358f2eb07cbaaec0
continuation_blocks/alternative_a_cross_b_p1.0_r11.csv,60183,45b65c393e2b0eb32c04547f38a0e427221ffbc72d7860fcd77a103fb0c72bcd
continuation_blocks/alternative_a_cross_b_p1.0_r12.csv,60052,42dba22d7da96866d884e58751502f54dac60a74dc273dd1df3802d57b86e913
continuation_blocks/alternative_a_cross_b_p1.0_r13.csv,59987,452690e5f5a2b65141aa88ef4c65f4c815cb579358bf5eccc4533dfd6ab6b837
continuation_blocks/alternative_a_cross_b_p1.0_r14.csv,60052,27b22bd9a9ad5ff98cf7e37233e2f1b8741a85be9b03d47499496bcc4427407f
continuation_blocks/alternative_a_cross_b_p1.0_r15.csv,59862,4e4c97bd1a428751d3f02410edd58564f566b2d0c2976f98cdb7be768ebf9f7a
continuation_blocks/alternative_a_cross_b_p1.0_r16.csv,60199,881ef240b7dd1fae7490ddab4df63862dd86b9091f7d910c8247ae119bf2f744
continuation_blocks/alternative_a_cross_b_p1.0_r17.csv,60053,0db9e95772195d87c18bb87b61e72ae9678973d2b7384d98bd8ffb413694935e
continuation_blocks/alternative_a_cross_b_p1.0_r18.csv,60063,885f323bc0533465aae25b9139febab902e6f98ad4a6eb3fe98714f393ad7d28
continuation_blocks/alternative_a_cross_b_p1.0_r19.csv,60127,01c47dd2f46099fae3f607274de2dfe881f686b90838f7b77cb51edaa8631d55
continuation_blocks/alternative_a_native_p1.0_r00.csv,59878,aaedcdc43fb57c4ea05ff053267bad3a72b4fa4e9e824cd985c939add84f667b
continuation_blocks/alternative_a_native_p1.0_r01.csv,59822,97d9f09f85e26db9f5bef49ab644bb6f2b24f0773480e68705cee7d8fa7ffdb1
continuation_blocks/alternative_a_native_p1.0_r02.csv,59871,bd17996614faaf0f9c4a694c614262f67a63bc5cfb4ea79087180ee160894b6a
continuation_blocks/alternative_a_native_p1.0_r03.csv,59900,60f83489712ae5859382ec0001768b90293e73fe6a4421217ce5fd8e57eac5c2
continuation_blocks/alternative_a_native_p1.0_r04.csv,59547,abf1626b9455b22ab21e4f97c96773bebbd1dc01c4ca4ef8670ba3da68485ad5
continuation_blocks/alternative_a_native_p1.0_r05.csv,59770,df3cf8f1a039e898fc87401280bbde6f3b77a6af9522eb64222c2ee1f0011d4b
continuation_blocks/alternative_a_native_p1.0_r06.csv,59791,4516d43f32432f03019eb7ffe50017494109d172b557b34e5d68a75d7ebf72e4
continuation_blocks/alternative_a_native_p1.0_r07.csv,59769,cd8b43df492d52724e22f9540e827898b584af31d786ef2b2d6da19048b8723e
continuation_blocks/alternative_a_native_p1.0_r08.csv,59808,b6c6578ae2c66efcb2046551dc1164676aa990087e6bc7a18db7bc58f99dde17
continuation_blocks/alternative_a_native_p1.0_r09.csv,59876,17e4d796c0e797e5323f9d80e9916374763b709c2549463c17ae13d93f455e23
continuation_blocks/alternative_a_native_p1.0_r10.csv,59804,d7cca79a3c8bcb2ecf785bb170d5e660f77638ca1c633695301bfe4fd5195762
continuation_blocks/alternative_a_native_p1.0_r11.csv,59768,72b841223fed0f0aae28fa1298d553f2ec1b6a6882e2e2410aa8cc19dd40fa52
continuation_blocks/alternative_a_native_p1.0_r12.csv,59828,b85196f52eb4830d80e28e99a7459e5a8f2b20fd27fa90177f0f80ae22897282
continuation_blocks/alternative_a_native_p1.0_r13.csv,59895,700fb11c4feb273c69bc07880eb037dd4c1d452dda9f9bbe2229b35c1c0f92c3
continuation_blocks/alternative_a_native_p1.0_r14.csv,59877,2abe80a096758ef1fb63953c9de90bcc6184391a452e8889ead63c0e5d5ef2c1
continuation_blocks/alternative_a_native_p1.0_r15.csv,59727,2687ca9bc48ca484898baba73fcf43ff35f393a96f9c03f9436373dda74b4921
continuation_blocks/alternative_a_native_p1.0_r16.csv,59791,b039dbd9b220100bd4f7db2ac9d3a96e4093c6ed256f48b23d79a83457170dc1
continuation_blocks/alternative_a_native_p1.0_r17.csv,59790,21037c0fb1d2571e7f0778b504d04d634ac62107091fd533012f434039d6e09d
continuation_blocks/alternative_a_native_p1.0_r18.csv,59952,d535a6167fbcfcd843719a37810325a243aa2e6007f218da4714fe3d42fecb45
continuation_blocks/alternative_a_native_p1.0_r19.csv,59827,86073f5ca7f410096a5fa482bde20f20166fa4e255b92cb2a2858cb0d56392ee
continuation_blocks/alternative_b_cross_a_p1.0_r00.csv,60073,ff811adac53d9a9b0afa67ded91bbdc4f17730d9730258988eb7553fd0f58a26
continuation_blocks/alternative_b_cross_a_p1.0_r01.csv,59979,16f65e5b913542e7e7edaa9282b41539a8fcad9176d81823cab746efcc866f7c
continuation_blocks/alternative_b_cross_a_p1.0_r02.csv,59791,4aa56e98493315bd744e5a4c18c1c6c17b4befb0359afdd56e9ca5701ff76a84
continuation_blocks/alternative_b_cross_a_p1.0_r03.csv,59989,283f0048e8fe33c7afbac53e880475c01c3a10b72cf75d67f368d7d6fbc68344
continuation_blocks/alternative_b_cross_a_p1.0_r04.csv,59897,5fab1fee1c609b854d0b243e4d25a7e9780bd0fd4e392c341f2aa9dbebfd2b05
continuation_blocks/alternative_b_cross_a_p1.0_r05.csv,60083,a0ff8ec344541b5f78ba9e9dd22b69dd076a854ef5e9be55fd21744a8bb96fc3
continuation_blocks/alternative_b_cross_a_p1.0_r06.csv,60045,b892aa4c05e63a1ea49f0a35182d7bacea9bd97ec4ad5b39db557fab8c879af5
continuation_blocks/alternative_b_cross_a_p1.0_r07.csv,60200,a372c40c2977de393399182450ba1ae9332f92cd46eb9ad3df968205361eb672
continuation_blocks/alternative_b_cross_a_p1.0_r08.csv,59887,63e0af3094e5b3b8de6e514d601f1c427912264733d8f0a1fdbc128fdf8873a8
continuation_blocks/alternative_b_cross_a_p1.0_r09.csv,60008,56d4c5713ce15f1f5463a8e66e12fcbb2a533b27b5e7bb64a1689f5ec07b2861
continuation_blocks/alternative_b_cross_a_p1.0_r10.csv,60058,cddca8973c9296f8ddaf5c39d448c2317aed9c7c2fee3fd507b125d946ff606b
continuation_blocks/alternative_b_cross_a_p1.0_r11.csv,60055,84154a7673a73e612b8f6cc5166c88add6ee4949a8311aac981feb9aef489daa
continuation_blocks/alternative_b_cross_a_p1.0_r12.csv,60063,626048d3429e0c22c7e92ccd43c18a05838d6373ea328c329e121ffdb3c4e7d4
continuation_blocks/alternative_b_cross_a_p1.0_r13.csv,60048,53899a6b395af1caac37419ebbfd947d2868b0feaaa4626c211463e07dc6762d
continuation_blocks/alternative_b_cross_a_p1.0_r14.csv,59888,810f9b9df88be8f4977da7e7f9cabfd5702bcc00e73c85a8205c63d74f25cecc
continuation_blocks/alternative_b_cross_a_p1.0_r15.csv,60169,8e27e3c3685452e5cde67cfd77532fec0f0ed5c7ce65571cc09fdc78acd4006d
continuation_blocks/alternative_b_cross_a_p1.0_r16.csv,60020,de841aa50b3908ebaa492d6a28d1e6bdfb9cd2b8b4f1c8926a3ec3ab294876ce
continuation_blocks/alternative_b_cross_a_p1.0_r17.csv,60107,b4470fc3d3124c46cd3f1914a9c756fb85ec4859e31a312100a68790abc57ade
continuation_blocks/alternative_b_cross_a_p1.0_r18.csv,60087,e6c5dfb2103b6da72bb1c59177bdb7dd73e6ec233d84be4b30b7fe9435ae1dc4
continuation_blocks/alternative_b_cross_a_p1.0_r19.csv,60059,1a94f13815be0f5c84e0d8455b78f241cebe889b42ca2c7a2eab8d754577b3ac
continuation_blocks/alternative_b_native_p1.0_r00.csv,59740,6d7b6b84fc2408f9736a407dce2bcbcd366c97332c011afbf702c587f2423a98
continuation_blocks/alternative_b_native_p1.0_r01.csv,59949,42238639b69592ec9d2cde9aa2643cbcbad9b695acdb4cb91bb7f248ee57772e
continuation_blocks/alternative_b_native_p1.0_r02.csv,59814,8617ff9ffccf4d0ab6b203a7c6b1b56aa0684a28bb3ce8f738befcdd652b19c8
continuation_blocks/alternative_b_native_p1.0_r03.csv,59775,e923155aad60360e3064d6c93deb6429683659757f08adb673786df1a578566d
continuation_blocks/alternative_b_native_p1.0_r04.csv,59765,7ec7d09098b11c6bde4188b04ccdde45aef4c8cf92c1afc0ce6ac1ba4c7fd2db
continuation_blocks/alternative_b_native_p1.0_r05.csv,59782,ebf76e9e0a54cd82b946a7a62da974540e010096e7ade1913be0a84c3ecf6dd0
continuation_blocks/alternative_b_native_p1.0_r06.csv,59751,a918a3bf20a082b51963745f3bc7e976ac515144f208163cc28d5c28c249b37d
continuation_blocks/alternative_b_native_p1.0_r07.csv,59819,3fecb3bf38c94163bcece8391e08172a7cfe344a59d4c8011d796d7c003046e4
continuation_blocks/alternative_b_native_p1.0_r08.csv,59902,15a1108b81c0487cf16a753de5bb975f5fde8e65e6a2f0959e0995515c2022a3
continuation_blocks/alternative_b_native_p1.0_r09.csv,59596,55634963269a295e3038b17810185661d78c02ef87e9eff8250e4530fb00b481
continuation_blocks/alternative_b_native_p1.0_r10.csv,59896,9f06049c167a6446f3fac8079c727ba734860f36c2c91963a9ebfdc97366b3ed
continuation_blocks/alternative_b_native_p1.0_r11.csv,59817,4375d1ce74b6b744b2a422f4aa5ae723729b17145805f0ff3829a60ea82f72ff
continuation_blocks/alternative_b_native_p1.0_r12.csv,59849,4694c657817d773128986cc6c85ac868e339766b29303a31679f5184abc0822d
continuation_blocks/alternative_b_native_p1.0_r13.csv,59877,c628e097aeb785d7a813c5c5316de64ccd8888e8468bde38e70485408c59242d
continuation_blocks/alternative_b_native_p1.0_r14.csv,59739,0af42d80def93a207cac2d21fbb5388d5a88ba731a1e5c5462fa49818474ec07
continuation_blocks/alternative_b_native_p1.0_r15.csv,59890,2586bc96641741ebb9ea9fcfcc0891b4bed14a8e1a007dafaa893ef6334934c9
continuation_blocks/alternative_b_native_p1.0_r16.csv,59935,3506a55db207f496cba2baa27db2bfe9c7da5fdcfa996e26c8ac9555f5ed7e1a
continuation_blocks/alternative_b_native_p1.0_r17.csv,59914,e33f20283848c1c039f2fc5c0c9d8a163a493e493765f6bac9702d352fc299ee
continuation_blocks/alternative_b_native_p1.0_r18.csv,59786,3f52033450c5052579f639d1dcb90a3a1f4f2f6466e1b48fe13783a90fe5f676
continuation_blocks/alternative_b_native_p1.0_r19.csv,59731,9443eb41868b17a9de020f85654ffbb82ed7b531442fae3113539c4e07079790
continuation_blocks/selection_neutral_p1.0_r00.csv,59427,3ba7087d156c42870ca4ea756b3b92d34578923b8de87c82da912fa6cedf2ae6
continuation_blocks/selection_neutral_p1.0_r01.csv,59558,90478e76ec3046b0176e6aac6b079e4ca06e30ac9a5a2446d61163bbe5ba0b1d
continuation_blocks/selection_neutral_p1.0_r02.csv,59560,b6b61ee43606a915d43ea35d59744f121df1e14ff31121b2fd8adfbfd25ff932
continuation_blocks/selection_neutral_p1.0_r03.csv,59424,89b619f5a5bb2f7f8c73b8a629050eb636183c89ea5040f1aa2871e75d3c6957
continuation_blocks/selection_neutral_p1.0_r04.csv,59406,4ecdc61ec9dd780b217cf8473876d9705f173094982f18ef59473f6f1127e8ac
continuation_blocks/selection_neutral_p1.0_r05.csv,59481,3dc4f7a288d99c719f81fc2bce40021530c1f606a7cde6f77c2ec0b0807645b1
continuation_blocks/selection_neutral_p1.0_r06.csv,59506,0d2ea1b0b979fb72dd11d6e0cbe3e2eae889241eede71cfac83e11a46a7592ca
continuation_blocks/selection_neutral_p1.0_r07.csv,59487,db81d1bd41ec15fc05b05701ed949abfd7c861117fc66713bf04f27026637cef
continuation_blocks/selection_neutral_p1.0_r08.csv,59350,f98d3c5310701715cb3c1d367b0642188da98e5b8b0af497666e5ebd756b00c1
continuation_blocks/selection_neutral_p1.0_r09.csv,59469,82132022c263128c45160de6de6b01d9ad28cd0cb99adc4f16e451d9689ae197
continuation_blocks/selection_neutral_p1.0_r10.csv,59480,c56e792aedf8647944bf31465ab6d5f515b4397a52eb35a0ec94572d98c01093
continuation_blocks/selection_neutral_p1.0_r11.csv,59443,a1636226c109b822aab0fa063c8bfbc37dadf614f0902a2c97caaf2be128e2be
continuation_blocks/selection_neutral_p1.0_r12.csv,59437,2cfa0f1cb8c7e595a4bd4ca636f9442f04a45cc65fc0e906abbbb82daf1bee3f
continuation_blocks/selection_neutral_p1.0_r13.csv,59472,c8fdb6279c35a9372b6b9a279a0cafd781effc0eee243a2047264eab163c5fef
continuation_blocks/selection_neutral_p1.0_r14.csv,59558,7a4ddf4005df9cb10695fe77565a07663daddbf3e69b447f59f80422be3ee13f
continuation_blocks/selection_neutral_p1.0_r15.csv,59486,faebafcb22368f97d57f9d5f124151ae3e9c96d9cfc884394981a62e36a52a72
continuation_blocks/selection_neutral_p1.0_r16.csv,59531,96c4f15f47320fbcbc8c6d632660d7fa2d08095f0386836c2345ab4039d4e927
continuation_blocks/selection_neutral_p1.0_r17.csv,59474,697feecb5773fb7ef19d6c5963f9aa8480f3b8991e6f549e6e7444df2eb3b20f
continuation_blocks/selection_neutral_p1.0_r18.csv,59518,34aa332547bbc6520d8fb26bcd686e651d73e84250ff9711d7f72a0f33fb43df
continuation_blocks/selection_neutral_p1.0_r19.csv,59538,e52875f691f3f871036425b1c5addab02f5952e25b9b7d839dc17a02c8a9c058
continuation_blocks/selection_reduced_p1.0_r00.csv,59608,dbeac31f7776d29bae8223ee684b48bb150b8314ba7e8709a7c5928378c4ec09
continuation_blocks/selection_reduced_p1.0_r01.csv,59604,61e9d724b0f776ee0ea6f2a197864f7dcf9d732d36390637f9fa88f945931e52
continuation_blocks/selection_reduced_p1.0_r02.csv,59516,4cdd9e2a6429f36c5a593b269d59963236984d1347974486e17b97c6833ecca2
continuation_blocks/selection_reduced_p1.0_r03.csv,59676,1ed6302f41d20304e2e0305a8d92fc7d601a22c0d698ae04358de66bf1e02903
continuation_blocks/selection_reduced_p1.0_r04.csv,59581,8a00376841ac87685ea7302163837891642028f0966316fe560854728440af86
continuation_blocks/selection_reduced_p1.0_r05.csv,59530,d60e4368e788a07da3e59253120b791758139863d9191a4c61000b31f06b6d5b
continuation_blocks/selection_reduced_p1.0_r06.csv,59510,61e3e03f10b183ffd4e8d13d742fb7d868aba2cfdb9cc1bef6adc7dab5dea1e1
continuation_blocks/selection_reduced_p1.0_r07.csv,59523,b20f34371f4b1a2099732d6d080aa446af3a3466990166dddf6b9bee4a057345
continuation_blocks/selection_reduced_p1.0_r08.csv,59521,f13cde5b57ceaf4e7c11cee2e3770acc6c3b63f6bbefa16edb7935859b34fa4d
continuation_blocks/selection_reduced_p1.0_r09.csv,59703,06fa8196ab2859164a0b0b51b2e1d55303db8028ddb6fc5fab21cd5640b5b92f
continuation_blocks/selection_reduced_p1.0_r10.csv,59584,a534e8a7916d885705adb88f718ceb197aa81a7c4612113974afcf94a54f73a9
continuation_blocks/selection_reduced_p1.0_r11.csv,59514,fa25c242af0dd3f229f23aeacb84255a17ef9f29e55b900a89844904db0ae909
continuation_blocks/selection_reduced_p1.0_r12.csv,59555,a9a3dd5ecd1cfa7a1795d7f9b94c2c3907e210224e40f9181c4f95fb12155ab0
continuation_blocks/selection_reduced_p1.0_r13.csv,59553,085aea34dab8d91152e8f8c792999b5b9590789ef5538e92f216621728b7f880
continuation_blocks/selection_reduced_p1.0_r14.csv,59550,856811c35daa08af99d3002de6346cfefebf1dd1487864234023b060ae6d0e4c
continuation_blocks/selection_reduced_p1.0_r15.csv,59567,6a9312707c263489a98ef2da7c43cea05fa6a87563e94fbebd087a0ab858406b
continuation_blocks/selection_reduced_p1.0_r16.csv,59505,d1daafc6e21c93065eeb5dc93d3cc4fc49c1641bd03a31cda7b691916e077764
continuation_blocks/selection_reduced_p1.0_r17.csv,59547,4167244bc440705cc827e1c71f65c6d222e9deb3d9154989cd4a778b3a6765b8
continuation_blocks/selection_reduced_p1.0_r18.csv,59547,e7e17b22e4544138c0324f7bd8baacf9475d9d26be24c3301353df0b02d1b6cf
continuation_blocks/selection_reduced_p1.0_r19.csv,59674,a9e7b93a459d61ce57117aaa154904e14f6a724a5d2f3af0f05ff86e1c5ca49e
continuation_blocks/temporally_unstable_p1.0_r00.csv,60580,0e52f1499a0b0e6c53ff5674fb8db29f79c907fe456a5058e5400f3a0dcc753c
continuation_blocks/temporally_unstable_p1.0_r01.csv,60587,553707dafee04fbb89c66c6dfeac09540836838f8b9feefa34c392514201d984
continuation_blocks/temporally_unstable_p1.0_r02.csv,60607,1527b9355f44e998a31ef9330fee72039896dc29d997d3a8ed554b0f4d3480e4
continuation_blocks/temporally_unstable_p1.0_r03.csv,60521,f015b6d8f7ea2635c28f3b59939066f2d0eeffe004aecbab0d562bc2ef7a5a67
continuation_blocks/temporally_unstable_p1.0_r04.csv,60660,b2246f5cc1a0c0d826897590dd608b76c343cde50e3d5ca045f77dc3c67d352b
continuation_blocks/temporally_unstable_p1.0_r05.csv,60613,66be8e6061198ab4245408946d8fc8cb0ad9269b5832ddf64a7fe0e903713359
continuation_blocks/temporally_unstable_p1.0_r06.csv,60501,96993082a4e13f18f1e3e9c3a42fc8ce4331319cf64fbdaf7128fdd020ec0c74
continuation_blocks/temporally_unstable_p1.0_r07.csv,60602,fd67b2e9f0146ed25ca89d7ff76b515bcdb48d5e123e4c4e80fa13521d079c39
continuation_blocks/temporally_unstable_p1.0_r08.csv,60541,9958e15215c85d933e58be004dc306228279efb1910e1ffe0631f98d386eebaf
continuation_blocks/temporally_unstable_p1.0_r09.csv,60614,26a6f7e69479a5f937b37c9d3dd14dedd5da6f3889437f8af0a717d4a55841f4
continuation_blocks/temporally_unstable_p1.0_r10.csv,60751,54c50b80b117f4bf30e88b342397c14d79169d60af432e215fbfff4d1098eb76
continuation_blocks/temporally_unstable_p1.0_r11.csv,60534,7c6452aa4f221b7762fc54f568b2c72813b3aaf5d33543d099d0bf8b72fb6543
continuation_blocks/temporally_unstable_p1.0_r12.csv,60625,948e35baca68af935dae3845ac42169ac017676c2089b506f894b21607932143
continuation_blocks/temporally_unstable_p1.0_r13.csv,60618,599a9b20d871a27825cfbe9a26204b55b207dd4e2c2a625313c2ba29633c972f
continuation_blocks/temporally_unstable_p1.0_r14.csv,60636,c50b27d24d15e21a3da4878a1740b82ff8d0dc7cae7c71516171b078b87e8be7
continuation_blocks/temporally_unstable_p1.0_r15.csv,60750,c22d46f22589ce6dc3234693e0af4d70c18d5b2d0a9603eb9d365b26cc22b03a
continuation_blocks/temporally_unstable_p1.0_r16.csv,60633,51aff65cd2c6f08eaae1a74dcbb13e4ae896acb7fba74c6ee57bdb1665215201
continuation_blocks/temporally_unstable_p1.0_r17.csv,60551,accff43140a93899510a93bc714dde0c4e28306ca435cac67a33ca094036da32
continuation_blocks/temporally_unstable_p1.0_r18.csv,60649,de28ea20f8ef3e9ff7bd5a6bac71ab1ed651d9545db71d94c7bdbaa92eb09d9b
continuation_blocks/temporally_unstable_p1.0_r19.csv,60666,a0dd788e3fe6ed5af9e2ed4e2d5f7faa348370ab4bf3f4b238e06780ec6c338c
continuation_blocks/topology_mismatch_p1.0_r00_q0.csv,59044,a0682c5b2b5edbefd6b580a53300ff531c0dc21d16cdb1135d2ad08172aa8141
continuation_blocks/topology_mismatch_p1.0_r00_q1.csv,59029,b6b7ae80828eec6b14934d6b102019e7e2dfd262406664a673ddd4014851aa3e
continuation_blocks/topology_mismatch_p1.0_r01_q0.csv,59116,4530555c519d80bd16d3530d752e3cc0a0e2c091826ebf64db2ed0063517551c
continuation_blocks/topology_mismatch_p1.0_r01_q1.csv,59041,e73fe2284e50e3688d3c3461be5d4760339da6428ed12d929cf58889e92969e9
continuation_blocks/topology_mismatch_p1.0_r02_q0.csv,59205,68b23cc4db1a28b7586aaeb1bc235e74ab1243b32be5a4282eabad050027d70a
continuation_blocks/topology_mismatch_p1.0_r02_q1.csv,59069,9d3a884e268dbc215cebc464383888c88dea4fec39a4bd8bb82fb45eaf64fbdb
continuation_blocks/topology_mismatch_p1.0_r03_q0.csv,59128,8b430371630406e07452f3fa03a8ec98babec47b29a470948281621fcf9c741a
continuation_blocks/topology_mismatch_p1.0_r03_q1.csv,59132,b6c20531b21c7b464244892517c91b81643f84b2e371bb39429ca618a21f3f67
continuation_blocks/topology_mismatch_p1.0_r04_q0.csv,58975,40bfb2a0f1eaf8f8e2160736190c765323d069e678e709f98e5b31f01a97276c
continuation_blocks/topology_mismatch_p1.0_r04_q1.csv,59057,f210a99620382a50cb81697fbaab3b5b6de85cea8f546c7fa71c55c2c82911c1
continuation_blocks/topology_mismatch_p1.0_r05_q0.csv,59134,3fc2a39330141e91bc509a131b0f1d3bfdd6a4f59b4209872df6835859581558
continuation_blocks/topology_mismatch_p1.0_r05_q1.csv,59079,0d52ed298303ca700edb970d81735ee369eacd52dac83574be33097aeca4da75
continuation_blocks/topology_mismatch_p1.0_r06_q0.csv,59088,dda012f658b3c35499e6d5c654b673cca50b94e9462913722f6c34fc624f5540
continuation_blocks/topology_mismatch_p1.0_r06_q1.csv,59145,f09f99f40729b122c6180d7ef31276b9ab9514a05d729cc4fd4fd5b896f2a798
continuation_blocks/topology_mismatch_p1.0_r07_q0.csv,59247,2e7959c09c6e47d62587341539495368cacc004abc8bd53480ab84ef4632bc55
continuation_blocks/topology_mismatch_p1.0_r07_q1.csv,59002,25a4fc229b7b8cd2f45634d15671accfbe583b842d27ffe6ab57062ab727178d
continuation_blocks/topology_mismatch_p1.0_r08_q0.csv,58985,5eed6360458d7379069bb452e8cf343ec59b6d1432475875750021950cdd947c
continuation_blocks/topology_mismatch_p1.0_r08_q1.csv,59041,1add036b0b0f9bef1775977dc4bc9f18da5a693fdf5f5ff275646ffb66ef01e6
continuation_blocks/topology_mismatch_p1.0_r09_q0.csv,59146,0f3136bee2a5add2c16ef0751f898782a7625645767f339df44c249835e2c30a
continuation_blocks/topology_mismatch_p1.0_r09_q1.csv,59092,ad14d46cac084f4f7c3af870b395cd7fb015dc778643b1a58890737327ba73b5
continuation_blocks/topology_mismatch_p1.0_r10_q0.csv,59290,46a4ec956dda714df5a8d47f26f1d54279233f704fbf02872188ca19f0469d42
continuation_blocks/topology_mismatch_p1.0_r10_q1.csv,59168,bcef696632a864ea14d704460e0b6356ebe5ee06886b94e0099e90cb6c05aeff
continuation_blocks/topology_mismatch_p1.0_r11_q0.csv,59204,e90076307bb5aa7c5d95eddb5bd559361fddbf0af1fa093d7cc02debd0876036
continuation_blocks/topology_mismatch_p1.0_r11_q1.csv,59323,8730f61cfb24802a5ee1992121355e7d09e38045a8127a95271ae01d6ad52ec6
continuation_blocks/topology_mismatch_p1.0_r12_q0.csv,59150,76479663228ead47bf4c4c73bbecd33991e4f684277ad0e211b4e9d6099b42b7
continuation_blocks/topology_mismatch_p1.0_r12_q1.csv,59081,8d50e187c5700443ac6ba73753abbeef739f61f4457d1f2996122855b7ffd178
continuation_blocks/topology_mismatch_p1.0_r13_q0.csv,59029,a27dce3991459fe59b2ea7e74db3c2955d78d8a7b3f26feaa2bd7b9594de0c5c
continuation_blocks/topology_mismatch_p1.0_r13_q1.csv,59020,74373876dc5769d6c4496caaa267463b8179cc70f3ff42cfd622e99bfd4a77aa
continuation_blocks/topology_mismatch_p1.0_r14_q0.csv,59253,a0a0232c679dfa284a5d5af2eee6ebb673c84f0a659c015c5dda2a2ffeff341e
continuation_blocks/topology_mismatch_p1.0_r14_q1.csv,59080,36b9958e62791f1dd11424b9e74275d19015c43e6299c48103cdc116deffb363
continuation_blocks/topology_mismatch_p1.0_r15_q0.csv,59098,dd08baaa6620640a5a7001735c7afe2cbc89c8cab2effd61bfa126bbbff754d7
continuation_blocks/topology_mismatch_p1.0_r15_q1.csv,59228,3983306d7eeba26ea42f1adc055dbe1d171e9c98174d8261c64f540109ba559f
continuation_blocks/topology_mismatch_p1.0_r16_q0.csv,59100,4cf109842fc82c46ddcb687bfe5591e813844d6d886c7c7ea1f2c17a3d5717a2
continuation_blocks/topology_mismatch_p1.0_r16_q1.csv,59189,657782dd6632a86bf0a2d049f6bcf47ed946b0f9006016dd5aee8a5b34343e34
continuation_blocks/topology_mismatch_p1.0_r17_q0.csv,59167,d508b9885d66d055e5b668f40c8daf8138d35ff829d75ef05b17d9f54afcc9c4
continuation_blocks/topology_mismatch_p1.0_r17_q1.csv,59106,b63b9e6bad181535dafa58f486c2e37cabf1e5f5ea651c2bb2fd5ae81e2f70d5
continuation_blocks/topology_mismatch_p1.0_r18_q0.csv,59173,d284c53c7269205a063f590163ac4f3a1f37ed9fe13f43ba1a23951df2fa7412
continuation_blocks/topology_mismatch_p1.0_r18_q1.csv,59234,8c9d9a87f6b3d75fb0fd00835147c28dc3b9785db8266c919de6671ebb7e7e33
continuation_blocks/topology_mismatch_p1.0_r19_q0.csv,59127,7e7799dbaff659ce7d239b341ace00f92f3d87e4f390915b83b8e1eae6439437
continuation_blocks/topology_mismatch_p1.0_r19_q1.csv,59197,e9fae0c9d7592a946cc8d0b5bc42be71ba3a5e0579b7d457b7f92d68f506b6ad
continuation_level_results.csv,13032380,1df793d58377897f38d3e5d4e366e0691b95861671f891ddddc82fa44aba568a
control_baseline_information.csv,46115,5e6620b51a47770a315d79c38c037b651957e0654635c2aa0618c608e8d89454
evaluation_information.csv,35076,074c9777f99212b99f72ec69fd36383cf3701aeb67d7cd8b7e2a02574fc82018
evaluation_information_blocks/affinity_reassigned_p1.0_r00_q0.csv,468,41ab0766a8576aaa19afe93328aa0f5b8c4ff6ec0a4e68e81c0db5d78daf8936
evaluation_information_blocks/affinity_reassigned_p1.0_r00_q1.csv,468,c88df3400f7191af6c77c367d0dbaf1bd13dd7fc01a81c20b7f7245062bc6eb7
evaluation_information_blocks/affinity_reassigned_p1.0_r01_q0.csv,468,95100bca9e297ebdcacc59a495992158874d343bbb5d73777b03b29a6d8d15b2
evaluation_information_blocks/affinity_reassigned_p1.0_r01_q1.csv,469,fa38a61e1ef9fe178fea3dfae0b0551af0c33cbc8a0f4c531f93181159cf3c4b
evaluation_information_blocks/affinity_reassigned_p1.0_r02_q0.csv,469,6823668d85eb437683faceb802a0c57a6b183ca204116b668b6fe6fb3d96b7f1
evaluation_information_blocks/affinity_reassigned_p1.0_r02_q1.csv,469,aa9d883d76b188be8c0a06a5c4810c6c908d6e39e25809cb365c59619be208a5
evaluation_information_blocks/affinity_reassigned_p1.0_r03_q0.csv,469,52a700b2901866b0a153f7a6fc0fea967e0d06791131ce41226d17a8afdc3f31
evaluation_information_blocks/affinity_reassigned_p1.0_r03_q1.csv,469,e8942f8af20ace8d65199e44338b25a6d1fd07ba71ce82939d80e49219eedf2d
evaluation_information_blocks/affinity_reassigned_p1.0_r04_q0.csv,469,cee550842150647406e6db5d712ce2820a4cad65bac44d5e81aaaa5fcac485a0
evaluation_information_blocks/affinity_reassigned_p1.0_r04_q1.csv,468,f382c36c7b13b7bb89c83234f5a91c3983030e230562ff95898702e995dbf2f3
evaluation_information_blocks/affinity_reassigned_p1.0_r05_q0.csv,470,fab3bd0c30eaf65ddf921292244e4ed94e9c0f73539c4f97126a0fabeb0f528a
evaluation_information_blocks/affinity_reassigned_p1.0_r05_q1.csv,470,83ba3b3081bd0b08837ea4d74bd789e94852a3fa3f98264b26c544668f0d9f06
evaluation_information_blocks/affinity_reassigned_p1.0_r06_q0.csv,470,b8121b775f83c89a32c9d181752c3c182555cbda74f9f72a37613b8b2cc32593
evaluation_information_blocks/affinity_reassigned_p1.0_r06_q1.csv,470,7ba45e863e1035c320708f31ab79ba549abdf371c488742d060e7271023169dc
evaluation_information_blocks/affinity_reassigned_p1.0_r07_q0.csv,469,4ddd4f091fa71c2f6b533bd7aea1db2bd8f2affab18b938071a8f220aaa6cce5
evaluation_information_blocks/affinity_reassigned_p1.0_r07_q1.csv,468,04cf11debbe39977087a29d7950b3616ceaeccba46bcd03b8677b4583e2f6987
evaluation_information_blocks/affinity_reassigned_p1.0_r08_q0.csv,470,473e58030af2d0c6cda9a273b1cf9d2896ed11e32a34c3936d8dfc2e697cb742
evaluation_information_blocks/affinity_reassigned_p1.0_r08_q1.csv,470,c5e47af1a22e8b9254eb97d801610bc646931548e414d5f63a719ef98b482138
evaluation_information_blocks/affinity_reassigned_p1.0_r09_q0.csv,469,80165a4a80426ecb943c3dbf12311be7927a5b48900c1d5aa87065b6eb639a3e
evaluation_information_blocks/affinity_reassigned_p1.0_r09_q1.csv,469,d6d9c9f65a186c8c2f00f7e73c42581691727593d3278b7a8eb463867a80b929
evaluation_information_blocks/affinity_reassigned_p1.0_r10_q0.csv,469,a2b3d650039a4b88b7b7355a756f0b19fa4f1258c0c19bbda4005ec91f479df4
evaluation_information_blocks/affinity_reassigned_p1.0_r10_q1.csv,470,ddca35b03c7135b2f3cba3a0c540d49cc36e34522e1a46e4c755d7195301a6de
evaluation_information_blocks/affinity_reassigned_p1.0_r11_q0.csv,469,fc2d5ab97cf17de03640f71491ec135b2b62480a49a8f83fccc97fb96332099a
evaluation_information_blocks/affinity_reassigned_p1.0_r11_q1.csv,469,922f8274d67b68928ec294b95439e655ab7da4b5abc23d1a7f89777a874ed8ef
evaluation_information_blocks/affinity_reassigned_p1.0_r12_q0.csv,471,a479a26bc8b85e3d34f3d5a878e3e7b6188fc36becdff4faa317bd3a5f7d3d00
evaluation_information_blocks/affinity_reassigned_p1.0_r12_q1.csv,470,d7f91d0960d3efdfa5aee57b68e5865ae93753b08d217a8502e2f862167af2cc
evaluation_information_blocks/affinity_reassigned_p1.0_r13_q0.csv,470,786c122d52d528487d2d18d4b46551a764e818b3841cb6a460e3407929c14251
evaluation_information_blocks/affinity_reassigned_p1.0_r13_q1.csv,469,16425f2467d74edd17697c2d74fa4bc6978ac4e8267ecda842546ae45b96e9f2
evaluation_information_blocks/affinity_reassigned_p1.0_r14_q0.csv,469,80118968f061f106b228c8bb0ae43ee6e0eea38d47b53d33dec8e5f46fc43bb3
evaluation_information_blocks/affinity_reassigned_p1.0_r14_q1.csv,471,0727a88a55b7798056ff29c647e5fad51581320affc064a1023b2e91e1d6b17c
evaluation_information_blocks/affinity_reassigned_p1.0_r15_q0.csv,470,aaa31ec99f690e20de2f45195377e84b0fadb9ff91e44273ac78bb79fc341cb9
evaluation_information_blocks/affinity_reassigned_p1.0_r15_q1.csv,468,2884ea1eb2bd71edc4ca0c39ac287d67cfea379ddfa27ef56cacfb21beae189b
evaluation_information_blocks/affinity_reassigned_p1.0_r16_q0.csv,471,12de7b7d0445d1403849fdf26372d446a00abde1a994830c4e5e2df799847a75
evaluation_information_blocks/affinity_reassigned_p1.0_r16_q1.csv,470,2152155fe892b0a1433f0e90885150081de7a96a47903cafad1d56d9d4d4453c
evaluation_information_blocks/affinity_reassigned_p1.0_r17_q0.csv,471,43ef4d5278765874e8441d4e23e9d1077ffbcda5be1c4982f397cbf1058f8c92
evaluation_information_blocks/affinity_reassigned_p1.0_r17_q1.csv,470,f3a86a29e655d50baf1ee4fe43373643bcf49d8e92400674535d9b66cb517087
evaluation_information_blocks/affinity_reassigned_p1.0_r18_q0.csv,471,c93433d578126a9198749fc2a76779145a8efcca605a8b9ebdaa974bdbface8a
evaluation_information_blocks/affinity_reassigned_p1.0_r18_q1.csv,469,3f4ea27cf4a7c75ccefa40bada8304d2c374e6016c3aae72b1ed69c65c1dec60
evaluation_information_blocks/affinity_reassigned_p1.0_r19_q0.csv,469,3cd5365bafa8ac8d3a056670ce8cccccc1a4bb89e864743a0629ba5cfe4024b2
evaluation_information_blocks/affinity_reassigned_p1.0_r19_q1.csv,470,ea18a6e1ec51319271b243fd22d6628e35b22c704ec4f1cc3241bccd3104cb39
evaluation_information_blocks/alternative_a_cross_b_p1.0_r00.csv,390,92e1569b0097894d8bac2d2261ed2bba0daea15c3eaea712b34acf3ea8c62f11
evaluation_information_blocks/alternative_a_cross_b_p1.0_r01.csv,390,a7b048c04c98de3db1acebd2cee48ccfbdc0fbdf417a258a20c5bbef42850c42
evaluation_information_blocks/alternative_a_cross_b_p1.0_r02.csv,390,1dac335d51a4c24f8b367876b245333d4f98ab0765ece219035e55b8fa47c3d1
evaluation_information_blocks/alternative_a_cross_b_p1.0_r03.csv,390,09f96d7bf8dcbb8d2492efdb86589a9c0667c955b62e7612762504cc730f7e9b
evaluation_information_blocks/alternative_a_cross_b_p1.0_r04.csv,389,07b563483a6af9c22f3344a21eddf8e2cb8911182b02c0d7acca44495fb44bae
evaluation_information_blocks/alternative_a_cross_b_p1.0_r05.csv,390,b013d6639febece2c032db937b638e852e4e4cd087308995c983d746228aa058
evaluation_information_blocks/alternative_a_cross_b_p1.0_r06.csv,390,b5e83737b10d54dd8e77497d6b4a73ee4eaafeefa393313fe4b990043bb797f9
evaluation_information_blocks/alternative_a_cross_b_p1.0_r07.csv,390,89e250fba56b101363cc5a1b517d28712e22fdec272ae2511f7ae265508943c4
evaluation_information_blocks/alternative_a_cross_b_p1.0_r08.csv,390,fbd9599996fe7b4dddcbf018ce93363731782ae91bccf656771d0824b5c5e482
evaluation_information_blocks/alternative_a_cross_b_p1.0_r09.csv,390,854c7f6462a552c1a76fa93b42b6fbaf47a07e58f370226f5ae6de6565aad011
evaluation_information_blocks/alternative_a_cross_b_p1.0_r10.csv,390,5763e60aec4f7fc435f75482de11b133b4f97ccf33f37043121417d2317f1b93
evaluation_information_blocks/alternative_a_cross_b_p1.0_r11.csv,391,fbaabdbb374de9f0c2d7689280c93888b40e724eecfd09f47dbb5bdf7375d017
evaluation_information_blocks/alternative_a_cross_b_p1.0_r12.csv,391,3007bcab6ea48aeec0aaa5c5cd9164054377c1c785572149e58a164f5c562002
evaluation_information_blocks/alternative_a_cross_b_p1.0_r13.csv,391,e70e2d793b843ece5eff497395e7b926720804c50a3081c976eb1edae1321e50
evaluation_information_blocks/alternative_a_cross_b_p1.0_r14.csv,391,ef50522d7dc54843fa8970fda0c7f34c1cb699bafae7fab2f9712041ca8b7fc8
evaluation_information_blocks/alternative_a_cross_b_p1.0_r15.csv,390,cf35413a5e393ad1185bae6efdd93e852b2c091c7fc71dd7ae7b95aec82b68f6
evaluation_information_blocks/alternative_a_cross_b_p1.0_r16.csv,391,9a47ae038dd32ab9e4dcc446d06125435c759c7c12367e1bfde88587580b11c4
evaluation_information_blocks/alternative_a_cross_b_p1.0_r17.csv,391,0c1e3a7cfeb8ad7a285748f88e7df5f7ec12d068b64a8d904b0fd314b281a778
evaluation_information_blocks/alternative_a_cross_b_p1.0_r18.csv,391,85c3021e0e25531b80cd2a6fa97c295a936eb3675481b1aadeabf881357afed8
evaluation_information_blocks/alternative_a_cross_b_p1.0_r19.csv,391,7af406be2e84acd0f9d7f81a9c036dcf35dca1d62ab456ccd947e381d6fabb3d
evaluation_information_blocks/alternative_a_native_p1.0_r00.csv,387,9ed9f988db6a5c5481cf1a4d93bb955619b5733d5e72229bb744b8ccf72facdb
evaluation_information_blocks/alternative_a_native_p1.0_r01.csv,387,0b42e49b27cdefda75ccf5824de1cd967424fe6cbf6316375275f3c4c330fd51
evaluation_information_blocks/alternative_a_native_p1.0_r02.csv,387,2ef04e2285a66fe9f0a2852dadf1bf84019363df4a10bea1e45997b014d12e91
evaluation_information_blocks/alternative_a_native_p1.0_r03.csv,387,e172a8b72319b92f50e5ebd7dbd84d332f119cf33f72ce8e37fdf5b7fe463187
evaluation_information_blocks/alternative_a_native_p1.0_r04.csv,386,82cf757c058f0877ce2748f461bb384f04382cfac4881caea40b35d0496fed02
evaluation_information_blocks/alternative_a_native_p1.0_r05.csv,387,d73cd01d0cd0c90aec76ff4601c396ad3211625a71897ea55976f1455351107d
evaluation_information_blocks/alternative_a_native_p1.0_r06.csv,387,cad79d154124f0b11b19aadb98a72373273f103a29f782f1a70ed5c1d4191b01
evaluation_information_blocks/alternative_a_native_p1.0_r07.csv,387,c8480d2fc8d5216e4460d8018d0739e1cd271e85aca91c8f389f235601bee097
evaluation_information_blocks/alternative_a_native_p1.0_r08.csv,387,c99170cd9bf932e05b8470bb45f77ea4e390234bea6a9e70782685b409f79805
evaluation_information_blocks/alternative_a_native_p1.0_r09.csv,387,d44ce677c57f768191c9fed816637edf0de017f697e08549739ab3dba9ec7492
evaluation_information_blocks/alternative_a_native_p1.0_r10.csv,387,7b13cce08c056c40dd5421e9a02f2befbc9cfcbc6feefde26fdfc085f32a7fca
evaluation_information_blocks/alternative_a_native_p1.0_r11.csv,388,1b477bc470ffa6f8366cd377c08563884b33befe37ea98fd587e41550efc915b
evaluation_information_blocks/alternative_a_native_p1.0_r12.csv,388,fcad33e6df47ea4beabb9eda9ddbfc5b6e14b44adae7ac0a76d7454e89fe0f3c
evaluation_information_blocks/alternative_a_native_p1.0_r13.csv,388,c534d86ecc8854709e155652d98fe02ab6e7888454b08c2c27ab579c2d6650e8
evaluation_information_blocks/alternative_a_native_p1.0_r14.csv,388,0cf0a2c859d73b4e86a08e3c7bb2160076484888300ccbd67acb9db51f709491
evaluation_information_blocks/alternative_a_native_p1.0_r15.csv,387,5416ee9507b333bc831cda71f853440b5866d3d34bedfd0ae810dfcf7308346b
evaluation_information_blocks/alternative_a_native_p1.0_r16.csv,388,1319d03019658564c89057c4fb07886b5bc4808cf15dca1a4b0e503fcf90f234
evaluation_information_blocks/alternative_a_native_p1.0_r17.csv,388,28d9c0dea480d56daee38408d3a30a93ea5c1d39d51a5c2ff65c55294288b273
evaluation_information_blocks/alternative_a_native_p1.0_r18.csv,388,e21b0e220a9588b9ee38d0fc6f9e9e2444d9bc656b636470fd95eedbb5f25c9f
evaluation_information_blocks/alternative_a_native_p1.0_r19.csv,388,2e2c9418e0a2544fe4491583e38da3617a89fdc1fcfb5f8041a2938cf2c45769
evaluation_information_blocks/alternative_b_cross_a_p1.0_r00.csv,390,f6d2f5cb5258ee45f83d81cea4fb5ef5b7ee2d8ccdcd74e71aae22c0a4ceef5a
evaluation_information_blocks/alternative_b_cross_a_p1.0_r01.csv,390,1958aa3e4c6260170a401b1f30e8711a785ab24bbc680bd19d9b9c96b157bbe5
evaluation_information_blocks/alternative_b_cross_a_p1.0_r02.csv,390,0bc1baefa13c5bc0de0a0021424b6e74f793cced4d224fa7c2fd4a895aaa7931
evaluation_information_blocks/alternative_b_cross_a_p1.0_r03.csv,390,bff7ade143f4a2992d128e30be24dde9995d73851bed75718b07e7e711ab44e8
evaluation_information_blocks/alternative_b_cross_a_p1.0_r04.csv,390,4da2caa626d3c4656b2b0b04d9ccb1056cabd7d22ee18f78bbd3e07814b453a0
evaluation_information_blocks/alternative_b_cross_a_p1.0_r05.csv,390,f3906a3ceea8ef32dfda4b5ae7a838025d2298aedfbacf5ee170cd072ce8a68a
evaluation_information_blocks/alternative_b_cross_a_p1.0_r06.csv,389,67aaa92e8a4c3817defd196aa3558c16a51737a74c820739f1f0771a3249a57b
evaluation_information_blocks/alternative_b_cross_a_p1.0_r07.csv,390,ddb7ba57c39efdaea161dc3557604b015bbb0d7a4655d897d87cdbb4740a0497
evaluation_information_blocks/alternative_b_cross_a_p1.0_r08.csv,390,08ab8009b79090358f57aa67d20edc740be74e33736e209ff353581489777255
evaluation_information_blocks/alternative_b_cross_a_p1.0_r09.csv,389,df38a357566238be6a3e8adecbb268d1a7c0a4c3b1fcf57da05c573046fdf229
evaluation_information_blocks/alternative_b_cross_a_p1.0_r10.csv,391,eef09d37b40125bd628ce837d2faa1e1893e4120d0ef33ecaf5dff92ece33b2b
evaluation_information_blocks/alternative_b_cross_a_p1.0_r11.csv,391,1ab692c53a14b79fe28086157b93e2becbad201cebbf122d02a9e8c14977169d
evaluation_information_blocks/alternative_b_cross_a_p1.0_r12.csv,391,59ea9c5a78bf5b6fb696f1f9edb75dcfe8000f8cb7a95300368ca61a2d3ecc35
evaluation_information_blocks/alternative_b_cross_a_p1.0_r13.csv,391,ce946335e54b82afcfbe4e83e3227e7b6c46610c6ca1fa23fb19dbe9657a1d38
evaluation_information_blocks/alternative_b_cross_a_p1.0_r14.csv,390,2a06b3e07bef0c9045966e62535cb2722b90411fcfbe4d7689b0c1515227b7e3
evaluation_information_blocks/alternative_b_cross_a_p1.0_r15.csv,391,2a09f55615c2c0ac51b3ee35e8c15def819c57e2461d1fa3f6c44b261a762b36
evaluation_information_blocks/alternative_b_cross_a_p1.0_r16.csv,391,fd4a965e73fb0f51c6c3220417f3054bbd59d5a7da83c04b2a0159980d00872d
evaluation_information_blocks/alternative_b_cross_a_p1.0_r17.csv,391,1384418bde0775ea969a34079a9678548905572ffa474b4f5f4cc03e424285ca
evaluation_information_blocks/alternative_b_cross_a_p1.0_r18.csv,391,800e68e29e77d8e0fe9fe422396b047bdfd2688f42e7439acac365a30d7c0737
evaluation_information_blocks/alternative_b_cross_a_p1.0_r19.csv,390,b7ad2128d36b5ea61554cdcbd696a06e9a94762cedf34ff2f5a15f2e5fe20d75
evaluation_information_blocks/alternative_b_native_p1.0_r00.csv,387,6461d89a16f9640e388540b898b04de806a4397bd97f01c3f60449835ab041dc
evaluation_information_blocks/alternative_b_native_p1.0_r01.csv,387,977211ebc9e0aef1a4c031fdb41d74487e8e450d072d436b8b7932fda662e1b6
evaluation_information_blocks/alternative_b_native_p1.0_r02.csv,387,f1a8fa66ab8e4a5b08b82117c38a4005df5178131cf09aa57ceb8ad6c04769e1
evaluation_information_blocks/alternative_b_native_p1.0_r03.csv,387,e58e70f9a1bbd6076598673bbcd0910bb9ce6cae8dcba7e8faa9eb63ab929969
evaluation_information_blocks/alternative_b_native_p1.0_r04.csv,387,8535ecea7449087914fed58f0db5816459481b495ebcfdf28d91335901c1fe83
evaluation_information_blocks/alternative_b_native_p1.0_r05.csv,387,c404993f32dd572899fa333d32ba08a7a4fcb0504b70ab744c5f993a2ecbcadd
evaluation_information_blocks/alternative_b_native_p1.0_r06.csv,386,b464cc8a93f4d2a1dcae59091cfae9e0f8f4bfd684d6409f30f1837d9085d713
evaluation_information_blocks/alternative_b_native_p1.0_r07.csv,387,a55b9f05441476438a7502e9630fea9d76a9970d1c6fb81a188d7fe6196358c6
evaluation_information_blocks/alternative_b_native_p1.0_r08.csv,387,e9e171459d3def32f69382ea239f67e17d747bb7d8ae103ce56dd5a6a6bc3917
evaluation_information_blocks/alternative_b_native_p1.0_r09.csv,386,e36643350b2d4e120ebb8a04daf5e9f5e5ede32809c56f2ae7384d04bedb4260
evaluation_information_blocks/alternative_b_native_p1.0_r10.csv,388,1f0165bb849be15d63c2494f3ad90ab26f354d4c28a36b9a8e1c424f0a63b9c4
evaluation_information_blocks/alternative_b_native_p1.0_r11.csv,388,c63a443a9cc9e56650472ee50c99a838907bb8900475c8a6acaaf7105bcc2a07
evaluation_information_blocks/alternative_b_native_p1.0_r12.csv,388,71db7cdfb8c517248aed9626bf13aac0da884ea17dc5403b72619dcfbddfb3f0
evaluation_information_blocks/alternative_b_native_p1.0_r13.csv,388,7b3398dc5347e7cfaa522ef831b5dacc5bf6f2e634d5649903ef0ddecd396f05
evaluation_information_blocks/alternative_b_native_p1.0_r14.csv,387,51322e11cb1d90918479f9c181d73ebbfacbdd2ace95dc01db3247c029f37d38
evaluation_information_blocks/alternative_b_native_p1.0_r15.csv,388,52887b96ed33c8af6412d666c5ed442ec7dff1f64b5b81bf568062e3d3d40fff
evaluation_information_blocks/alternative_b_native_p1.0_r16.csv,388,87cf511eb52f90eb1e885d28d8fcb8af30fdcfc2c88c17d6bde128b7d8939578
evaluation_information_blocks/alternative_b_native_p1.0_r17.csv,388,2e1918ccc071944d223dff74f33e62aacefbc53cef64664d46543615183b1e9c
evaluation_information_blocks/alternative_b_native_p1.0_r18.csv,388,28327fcc9ba29567d13fd1b1d75bebe5937ff7c5a54028e0b45b81f544b8b9e2
evaluation_information_blocks/alternative_b_native_p1.0_r19.csv,387,9ec1cea24d9f23139f78dfcc436b9d99e9cfd426a82d79c1484c64ecc7f0be7a
evaluation_information_blocks/selection_neutral_p1.0_r00.csv,382,fe77dfac91f60b2fc04e4b6fb47174440b05b1d41564beb86a6c439c9d531167
evaluation_information_blocks/selection_neutral_p1.0_r01.csv,382,0ac231f54e2465c88d248cee01010e865241a78b1e31ad5f2896e92e0bd0b158
evaluation_information_blocks/selection_neutral_p1.0_r02.csv,382,454fb7297e201bea1d8cceb53fd563d36f08d91332255263fcb6d15304e3d88c
evaluation_information_blocks/selection_neutral_p1.0_r03.csv,382,6b642df131a6063d57407c37e59b0ce7d168c36a77b39ec1d02776ef8a0ccbae
evaluation_information_blocks/selection_neutral_p1.0_r04.csv,381,d183c51f9291f89b9319d39e2d18ebcc772564b38f22773396137e4ed13b0272
evaluation_information_blocks/selection_neutral_p1.0_r05.csv,382,5a0551afe633dbe4bbec890de01f2a3141d9b0e22a6759d2dad4f426ada0a027
evaluation_information_blocks/selection_neutral_p1.0_r06.csv,382,3af9fcdb9a65d0b5564e28ea3453f7f7ce2bde036246092d817725943e737307
evaluation_information_blocks/selection_neutral_p1.0_r07.csv,382,447c56b2dcd702442002cdc02b4f26324127f1c6038dd88eca519f17b6ea030e
evaluation_information_blocks/selection_neutral_p1.0_r08.csv,381,0aba8a19fc713d3d8a3a943244e2304525417a3901f06a6c70d938605b3ea17b
evaluation_information_blocks/selection_neutral_p1.0_r09.csv,382,d2911f6ed9437f10ca7d4e672e7fba95750d07f6082dc27f7147e970cfff310c
evaluation_information_blocks/selection_neutral_p1.0_r10.csv,383,e6045fd4ac48ff480a4f3461f751e9a3058c7eaec9e1efabc4a514fc3bd90a45
evaluation_information_blocks/selection_neutral_p1.0_r11.csv,382,e05fdff580290a156bb2d34ef377876dc6cedfd4587f55339c3e5669803f9a23
evaluation_information_blocks/selection_neutral_p1.0_r12.csv,382,d01c764693c5aab5660b36f6bfc07995e34a1681480eda0ef1d4dd20b6969c1c
evaluation_information_blocks/selection_neutral_p1.0_r13.csv,383,4ba1044d15318314d9ad760efe68753258d2e2724adced9808fe6dbacfc16b2e
evaluation_information_blocks/selection_neutral_p1.0_r14.csv,383,2505c31f318eafdb3d85cae51309f310324f916698743eb2975f4f5692d9aded
evaluation_information_blocks/selection_neutral_p1.0_r15.csv,383,60847e6390abce6703b3518a1bc8720cfe108632b90e5a9b6e1a8e744d8e7441
evaluation_information_blocks/selection_neutral_p1.0_r16.csv,383,a460bb50c4c1232ca7fdfda7edb6746e237b79c74176bd8f8c87382f20bb99f1
evaluation_information_blocks/selection_neutral_p1.0_r17.csv,383,224ee068b87b229ee28880fa1af257cbf0d6d680428a6e9be7a951539eaa42a6
evaluation_information_blocks/selection_neutral_p1.0_r18.csv,383,c76352c04ccce9cf633d9c5a21ae60a862cd991663b43b1ebb31e629d5c4f763
evaluation_information_blocks/selection_neutral_p1.0_r19.csv,383,c56b745c22fd1ea76c976eedde0c256a1068ccd597f8ccf46f9208dd10cfb005
evaluation_information_blocks/selection_reduced_p1.0_r00.csv,383,33f7c7aa56731d2836cdfaaec004cd167b8d95b97bb43956c05c970ee6f797d8
evaluation_information_blocks/selection_reduced_p1.0_r01.csv,383,f6ff758890f34d08377cdca81d7f0391b4f5ee3e210436215113b4d02da8f505
evaluation_information_blocks/selection_reduced_p1.0_r02.csv,383,9414ab624b27b1b797debe909daf78ec85a8cfa750da924fde68f0ea381a7c40
evaluation_information_blocks/selection_reduced_p1.0_r03.csv,383,324db76d09153cc51b82b5be2e83a12a8d96e7698ecec0b69d770b05b73b6789
evaluation_information_blocks/selection_reduced_p1.0_r04.csv,383,880d4069dbd4a6109801ed78fd3c97235dc2d65601bc84727dce449c48dfe8b7
evaluation_information_blocks/selection_reduced_p1.0_r05.csv,383,57fbfad1e538c3731576877c257ea345341aae3447ee4c322a3bc4cacf2763f4
evaluation_information_blocks/selection_reduced_p1.0_r06.csv,383,7cdfaa608c876679759333de31588388d23ac738d9621b1f0d71896ddcfc1518
evaluation_information_blocks/selection_reduced_p1.0_r07.csv,383,eef3f181091d070fc9dc423266905773992b839ca1328105e27036b1bf86b941
evaluation_information_blocks/selection_reduced_p1.0_r08.csv,383,564c3251dc90f1f0c241f4d7846a406f27ad26c6bc6fca4a6aea885fd4549499
evaluation_information_blocks/selection_reduced_p1.0_r09.csv,383,2289bd52fad2103878277e5fc922993805d24339c8b6c0a52590f139ad1eaf84
evaluation_information_blocks/selection_reduced_p1.0_r10.csv,384,fb8e59ce2202803ffb7179aea3b80247b900645fddab3533abe3a53349e7fd01
evaluation_information_blocks/selection_reduced_p1.0_r11.csv,384,b54dbbcac548543fca1800a3c26029493f872add44ffd3fd2101ecfce22a1238
evaluation_information_blocks/selection_reduced_p1.0_r12.csv,384,91378325bc975ddb07d8263e1e09ed9a8ab3e5adfc80feb6b4fa6a8bcab94ef8
evaluation_information_blocks/selection_reduced_p1.0_r13.csv,384,a7cefb275a0c1dca909b480b5a51e6fabc92408e3ba1ff2a35653837c4a60af8
evaluation_information_blocks/selection_reduced_p1.0_r14.csv,384,d7f51edc26b455464a0dd52b9d20a53c8838e887a9394ff6e16d72e24cd3e994
evaluation_information_blocks/selection_reduced_p1.0_r15.csv,384,cf519a52f812e5f459c857702b9e3aa2626e73fc10ff0d231fe148852c01c5c4
evaluation_information_blocks/selection_reduced_p1.0_r16.csv,383,adbd2507d654116c4cdf35ef901da010a3adb09e2bf9a112f2edb7d385af262b
evaluation_information_blocks/selection_reduced_p1.0_r17.csv,384,ba4ad40ec4e4aa0bf181d280506095f571e196461cb3b6fc1888cf1afa47726b
evaluation_information_blocks/selection_reduced_p1.0_r18.csv,383,e27ca483faaa5523ba289aa2d46e7f1e0580f3d25ed8469d98dd75a2d06c368d
evaluation_information_blocks/selection_reduced_p1.0_r19.csv,384,6209a31d2c13f5de0f9a42a9936a90e9fc9490d40723d49b96d6ddb7da9d408a
evaluation_information_blocks/temporally_unstable_p1.0_r00.csv,398,11c346f74010639122e4e659fc45e8b319c99d3901dd5c2ff57579d159e2d3b1
evaluation_information_blocks/temporally_unstable_p1.0_r01.csv,398,e63e7a9ce948835c3998c206d628a59bf4b4aed04ca590ed6a150e05239f16a8
evaluation_information_blocks/temporally_unstable_p1.0_r02.csv,398,5ac711d6759e2b18e5ca0b703736fc8ef547b6b3ad52e5c0eff6d2ab3bfbc2fe
evaluation_information_blocks/temporally_unstable_p1.0_r03.csv,398,53ae9e40478a91a9cd5295cf000c6aa3abdf1f065f79f75af3859f7be3b8cb84
evaluation_information_blocks/temporally_unstable_p1.0_r04.csv,398,859ff958d15fae73d8e07f9381f83d431635e1183a860913725d8ddb06468a78
evaluation_information_blocks/temporally_unstable_p1.0_r05.csv,398,ff5bd44ac6971bdcb0e363ada39a22d9b63a1ad9384ef78647a2b16096434e51
evaluation_information_blocks/temporally_unstable_p1.0_r06.csv,398,a33598be05b7089b87e98676b57957f2a9be6caa468b1a20aeb7f096855733a8
evaluation_information_blocks/temporally_unstable_p1.0_r07.csv,398,df5932e0b6a8fb56976ba6f47330d1271fd0111230b7a5200b9ad943cac5a8f3
evaluation_information_blocks/temporally_unstable_p1.0_r08.csv,398,db1b98b26846ad03dca1154cdafe135d2f2b8ca2f771486393bd353913291145
evaluation_information_blocks/temporally_unstable_p1.0_r09.csv,398,3294d2da61733bb5c7dc3bc3247cbed5f0333e475af098fbd9bb5335c59fe11a
evaluation_information_blocks/temporally_unstable_p1.0_r10.csv,399,7a82486719406c4dc2226714e1d31812529f761fce299c137ecd55641b41fc26
evaluation_information_blocks/temporally_unstable_p1.0_r11.csv,398,b60ba05beaec7c7c0c0565ddeada520314daa2936caaa45d4a83972e8d011894
evaluation_information_blocks/temporally_unstable_p1.0_r12.csv,399,95365fc12df270a288acf8892188eb074d91dde3952166447dde1a97f7e975f4
evaluation_information_blocks/temporally_unstable_p1.0_r13.csv,399,6b0b04e1e1658611952453f4e9b07ffd85f4eb1870bf57cf625bfe4e6e0f12ee
evaluation_information_blocks/temporally_unstable_p1.0_r14.csv,399,ae3809c0e839dd2878b43aeaaa683e372936730a26ceed5c89448794e8b1260d
evaluation_information_blocks/temporally_unstable_p1.0_r15.csv,399,2fb833f64e154546d3986682c01f28966d9d35539c82413a405a2d8a0c0228d4
evaluation_information_blocks/temporally_unstable_p1.0_r16.csv,399,3940a6d46ee63c759c559397aa83468b808179d8a6f6fecd221ed31b7f94a8a0
evaluation_information_blocks/temporally_unstable_p1.0_r17.csv,398,73df83f036fced83317b61db6f13877e801aa27c821098d48ff46a1677857d12
evaluation_information_blocks/temporally_unstable_p1.0_r18.csv,399,8f21a7fd0edf6273885b002f153a81b5ceee61c69a9f38dc3214eb3d0eed5a32
evaluation_information_blocks/temporally_unstable_p1.0_r19.csv,399,7eeeebc81a45643b67248ebc0ebb469c8fa8ecbdc0788a341942b38eb755a246
evaluation_information_blocks/topology_mismatch_p1.0_r00_q0.csv,377,8e7d81f3727113c5f8addfc2302885aa77e11d0568be2c1ad6ca9c96e0bbac4c
evaluation_information_blocks/topology_mismatch_p1.0_r00_q1.csv,377,428a44df6990bbfddf0426162f886a9e6fbd847549b763f5d6546d028302d3f8
evaluation_information_blocks/topology_mismatch_p1.0_r01_q0.csv,377,9122c7f1fec0cbfe8be53388351b3cd272d233774bd5f0f4aa1c2609293bb4ad
evaluation_information_blocks/topology_mismatch_p1.0_r01_q1.csv,377,6d7a8b864a14162fb544e6c16eab0cdfb001fce70e77f5af74d8cddcdeaacf63
evaluation_information_blocks/topology_mismatch_p1.0_r02_q0.csv,377,ff8d4cfa8a468bae5c9c60575c1db77c6ee5d662dd3f3ebcc1dc715c6331072d
evaluation_information_blocks/topology_mismatch_p1.0_r02_q1.csv,377,98c66888e6d3ef9083246df37bf803afc07ba48f809696d078c5c9f000dc554f
evaluation_information_blocks/topology_mismatch_p1.0_r03_q0.csv,377,573945cb0a32c02b476c423f65805614056f3bb67793e0fde0b3586c76a28234
evaluation_information_blocks/topology_mismatch_p1.0_r03_q1.csv,377,6725eebbb02eaa97b93ac0682d2bd0e46909a9a3104436c292f17bac93ca2d21
evaluation_information_blocks/topology_mismatch_p1.0_r04_q0.csv,377,e3ad283b7be63be1f62cc50cff1d631bff8224f8c0d20c82cb0b81aa03200d76
evaluation_information_blocks/topology_mismatch_p1.0_r04_q1.csv,377,71ab0c22dc4d0d8de2aa296b139f92bc28159fda38f2e3afe1a2b388373deb15
evaluation_information_blocks/topology_mismatch_p1.0_r05_q0.csv,377,f0b1b50e1a14f950527b46bb309126d7919fb3e11959cc1e65f4d24b8357bfb2
evaluation_information_blocks/topology_mismatch_p1.0_r05_q1.csv,377,3d9be1c36628ecde96735e1ec4af040f57293c1048be46864bdac0dbc40aed57
evaluation_information_blocks/topology_mismatch_p1.0_r06_q0.csv,377,ed7afecb15371fea6c593a87d733483cdf85608bfcd508e900d76d5d55cf318e
evaluation_information_blocks/topology_mismatch_p1.0_r06_q1.csv,377,6a115148edf3a9fe7eedd5a18a0d0944312d96e87f528132484fe2102567681f
evaluation_information_blocks/topology_mismatch_p1.0_r07_q0.csv,377,e0db58f444e870b6684147891b8aff916139514d94d6fa573a394d7fa3eebc0c
evaluation_information_blocks/topology_mismatch_p1.0_r07_q1.csv,377,2ae816788ffc977f22346fdd45b653a57c821b93474961559abeb799fed2ae38
evaluation_information_blocks/topology_mismatch_p1.0_r08_q0.csv,377,03311ac9d1d14701e1c7d737f92d945c2856ba9286b240c22c313c91dbb324ad
evaluation_information_blocks/topology_mismatch_p1.0_r08_q1.csv,377,99407ee0e28cfb907473805402f0472e0a0b0d744734f1a2e30ab08dbe596728
evaluation_information_blocks/topology_mismatch_p1.0_r09_q0.csv,377,b3ae30ccfd1b66335e00d1a225b84ffd85488d590fa42d573e4d833c14cc91b0
evaluation_information_blocks/topology_mismatch_p1.0_r09_q1.csv,377,7936a0c15771b08249133723e052503bf06fdf102f85867d2d9a739e5f15a012
evaluation_information_blocks/topology_mismatch_p1.0_r10_q0.csv,378,e8eb0d98180c238a76c70d083f7e179602c4e9d562345d598cc3972b31c6ef85
evaluation_information_blocks/topology_mismatch_p1.0_r10_q1.csv,378,d773c68d4cb2df2fbaaaafeb4ac20d9f2fdf5e03aec52b0c1cd99994c6a60493
evaluation_information_blocks/topology_mismatch_p1.0_r11_q0.csv,378,0ffe1e5427796875eebc67ddd519d5d160ed1d6e4728321bf3f971e64e774f1a
evaluation_information_blocks/topology_mismatch_p1.0_r11_q1.csv,378,579e93edd366ad3c6942c309b8f17be70a41c2918d9336e73d40fe701a63b330
evaluation_information_blocks/topology_mismatch_p1.0_r12_q0.csv,377,a94001133f6c9837b9c575adec8cbff733b4e9d51d2104df701d4ea355f5de2b
evaluation_information_blocks/topology_mismatch_p1.0_r12_q1.csv,377,fb9c5c27beba081e6c4246fc842204488672e799a15879481c19ce089ca3f778
evaluation_information_blocks/topology_mismatch_p1.0_r13_q0.csv,377,8a90e2c3895e23c77b3514e46dd1f8f60c146856b49727e07b5633b76a6ce03a
evaluation_information_blocks/topology_mismatch_p1.0_r13_q1.csv,377,4b2937d80dc09e955a3af35532162c9224fc9b4e0726e406feaafc4b6c3c8349
evaluation_information_blocks/topology_mismatch_p1.0_r14_q0.csv,378,a7fb0728e90bf9a24c7189927e59ed012a2e95c923f0b311f205f9b905a60c69
evaluation_information_blocks/topology_mismatch_p1.0_r14_q1.csv,378,65368e654541b1ae6959dd446752d3ad737198448d08195147e61cf3ae733366
evaluation_information_blocks/topology_mismatch_p1.0_r15_q0.csv,378,7f6461a111dc5daa5f1f4d169a31dd2605d5c2d36d5c0f0a96673235e49c5e0d
evaluation_information_blocks/topology_mismatch_p1.0_r15_q1.csv,378,9782b474c51296c67182a220cd8409de078596392bd150f6755ff01cc27b5250
evaluation_information_blocks/topology_mismatch_p1.0_r16_q0.csv,378,ff0135e2020fb7e406d0538a0120fdd1bf12e29231894b91e93799d6257543c6
evaluation_information_blocks/topology_mismatch_p1.0_r16_q1.csv,378,10279876e7c85d4c0ba0ec78dd68d7dda1d495a86bc102bdd1042b6e825260dc
evaluation_information_blocks/topology_mismatch_p1.0_r17_q0.csv,377,d9b9f887b2407963a65ed27a4d06c5a0601b40212b499af7ffbf594b25238f4e
evaluation_information_blocks/topology_mismatch_p1.0_r17_q1.csv,377,69c5a70a18538474cf9810e6e8143f2cebe7e41385684ba3ce231dc5b48cdc3e
evaluation_information_blocks/topology_mismatch_p1.0_r18_q0.csv,378,f4131bfc636b5c4effaa958d8dd9027978a29fbc16e9854f9bd52c0aae36eea0
evaluation_information_blocks/topology_mismatch_p1.0_r18_q1.csv,378,eb601683902413ba275f129357629453f7d27666d807149922b8a4816c8de84a
evaluation_information_blocks/topology_mismatch_p1.0_r19_q0.csv,378,0fa6313f8719b90af12825912ccb8812ceb8445c0f65e4dfbc0ae67743105ccf
evaluation_information_blocks/topology_mismatch_p1.0_r19_q1.csv,378,23605fe244bff1e2afe22986577128ec43b209241d15c79a5c1db151eb4a9823
evaluation_specifications.json,580172,16e609159b7a2c0eb06a6e5250d4ac7670750097d320597963da7b79f26ba496
gate5_paired_bootstrap_draws.csv,583996,5d112c8f8179a48af888792aaf8113743ed4727f3a5821ff314f9527ddf80769
gate5_paired_contrasts.csv,1272,a4e27f68ada2e958c94c25edc404781dc7f2bb698a7eb1409a042d197515d498
gate5_seed_block_metrics.csv,7692,de232406c2f70b664dee229964234f6a3390b9c57ab8c96b123c6f55cfbafcad
phase4_archive_integrity_after.csv,221920,cfecfab78b4cd788a545c9b4a4d4ebf344034391c05fdbe3049f3ceb2bc712de
phase4_archive_integrity_before.csv,221920,cfecfab78b4cd788a545c9b4a4d4ebf344034391c05fdbe3049f3ceb2bc712de
phase5_settings.json,291,3872d8375ef9d909bbbf7678b1ef37f3d1ea2719263ef05e70a04a180699fb20
realization_frontier_summary.csv,55881,23fe1f0579326c94a7020ccc50a1f2a3046491fbe89b5815d131245c723f7a7a
realization_frontiers.csv,2438362,055353381c839bbcb457a6e35ea826528b7ccc65ca97ca65b865e1ab3b8298a5
realization_map_level_summary.csv,1762111,b87f2bb664d1af79cef759cc1ba9ade601bf52564bf94e7b5410a966cb4b492a
seed_block_control_summary.csv,21179,4126360bd1bdce7612afd054233372fb8d7dbde72c410c9cc3975f42e9513019
states/alternative_a/rep_00.npz,27834,7891ac846bf5bfbade1f75b47d2753c59a62029767b0767f889104a757a167a6
states/alternative_a/rep_00.rng.json,693,7973c8df05b969fc6a17ff12cf97847cad2a50ee21c26c5257d5cd32444b4e4f
states/alternative_a/rep_01.npz,28739,5c9542cac3fec6447d10755850a58870ce9af6c6c25e392d5eb02da7baf12d70
states/alternative_a/rep_01.rng.json,692,2a491474e03aa601dbe47335bd6683a21e2468d81e298089bce74e38829f6c80
states/alternative_a/rep_02.npz,28441,b530c9d082c9652818589f19327edcb3404ad7a6bb987d7b2c12ef5f842c0b7a
states/alternative_a/rep_02.rng.json,695,6376d0432144926931dfaf2608de9dbd2eb21b4bafa0491a7eb9f3b68f64e8ea
states/alternative_a/rep_03.npz,28732,c4a713a7943f04ea1972161d6fdc20bdc96bd030d7ba57a12964df22e30017ff
states/alternative_a/rep_03.rng.json,693,47ec22e93cfbfaf07834df6593803771d72c4f51bb8fd98b9867450557686355
states/alternative_a/rep_04.npz,28409,50060ed0e9cb04be36f278b41976cb0f9148f4e314c19f379aca77f3b10c5c6f
states/alternative_a/rep_04.rng.json,692,b87d019f499df5f7a2f9abcb7c4070904676f2a73c1db61cc6441390569951f5
states/alternative_a/rep_05.npz,28239,00cdb2bbc6fb9efa0333432b8fb9c99bd187ced69abd2079057a5d297b49090f
states/alternative_a/rep_05.rng.json,693,d9188b4dd4d18f114335519a471672f2f595c6fe78996b15bf25bb44ba20eef4
states/alternative_a/rep_06.npz,27797,c50a5d841c940328f9395a529e1be7e940ce3bc0e6f85e29916db0e9f0613334
states/alternative_a/rep_06.rng.json,694,3a7c34bc953c7bc28416ee54fbc8a6e541ce2528ab76f8a23ac27978344a4139
states/alternative_a/rep_07.npz,28709,516411e681ee378578e4829451af73519a0d18b67ef9fabadd0227b090d150a1
states/alternative_a/rep_07.rng.json,694,7020d2d03b6b77db2c9dad7b264e01c6e88ec70342148af11b2ea54d0a312fc1
states/alternative_a/rep_08.npz,28400,e9cd491b79a8386fd7d9d43ff0ae2dbfea8a9e0c765f90feadb74694f353b138
states/alternative_a/rep_08.rng.json,692,39b8b955d21bfc7e4c71d9f0e96d720543d22f2a38e92e99c002465ab9b303c6
states/alternative_a/rep_09.npz,27784,e88e8562f56f543ebaf24e7c78e66f54ea5ec0e43c05a6679025ece1ed64ecda
states/alternative_a/rep_09.rng.json,694,59c71e662eeaa0079a6645851fb3381d4d1c3cb26263dcc1fa95eb07b93f7994
states/alternative_a/rep_10.npz,28560,37b18e586679d88a34c380a3bd2e1bb602a639f6f7fda38837add01ec2a7fe93
states/alternative_a/rep_10.rng.json,692,1f59331c77d9b602f97643733f8cf1214f2de2ba3293c484927d51beaf41184c
states/alternative_a/rep_11.npz,28404,41efeb4a10779e122f7d75340dc7b2976c90ad8bc3da1fe5c0307af3588694e5
states/alternative_a/rep_11.rng.json,692,e1272e4ff12def7f42a79627653aa9a74f9801c8ebebce877f8fbdeec3795383
states/alternative_a/rep_12.npz,28756,c894ef3ae0ca54834c6af498edf1361c5f80a9ce2b5328f4dda7e0faa9856de5
states/alternative_a/rep_12.rng.json,691,3a687a21b783369f97195a8bb8496f58a6cf1bdaba5a0c4f72decfda84638ddc
states/alternative_a/rep_13.npz,28928,f581e144ca5dda9d63b05ba5f731afc21f35a3febc2afeed195520f55ab53ddc
states/alternative_a/rep_13.rng.json,693,96ec4f9ecba90da4038ced80a99b307b03700c06eee0236c7be4833821f2a0bb
states/alternative_a/rep_14.npz,28679,0fa2ec1003ac90f7598585db6bb76a65c1867ed5e75cf041d153b76d5b25487d
states/alternative_a/rep_14.rng.json,695,f101bffab2b08b87bf6e86120097470bf9b8d182d458735b29f6cfa0557fe36e
states/alternative_a/rep_15.npz,28211,a5991cb2e278a62c00b8a3b1b769d4bd6dc97b57a826b5cbd026c654a7f663b6
states/alternative_a/rep_15.rng.json,693,11bda7518044c88a5adc956fc02c6632f1d981320566b9356476ae4c505ba762
states/alternative_a/rep_16.npz,28967,89b1f1838c164da0e1d263f47eae489f28e6c078d93df6392003ef3d3e916ad6
states/alternative_a/rep_16.rng.json,693,df4a6853846434a4c2129c74ff7d63f00b531850adc10417c95e894c85b5a1f6
states/alternative_a/rep_17.npz,28912,ffe358645b4fe51a8bc2de6d17d089e12b56e51d084d0d3c9616ff9455e94ad5
states/alternative_a/rep_17.rng.json,691,08bb75115da1fa7376664a5e9b888815c001733ac80514085609905519fba746
states/alternative_a/rep_18.npz,28212,0593284d4d396e414df9c4e694d9639db713b6e85d2f3339b550b7400b4e68e4
states/alternative_a/rep_18.rng.json,693,59d4c3d75d42ebabbbdc7d8c71e98720c4561485f75788f8f2672ed72e54b70a
states/alternative_a/rep_19.npz,29288,45edb3efedc99964740a9dc6027bc807849fe29cadc70c4e8ab8b177e95a0c8b
states/alternative_a/rep_19.rng.json,693,08a3dfc8b72efde083ecb42145eeef0d7f9131db6d1b6f1dfb8172f565b6195a
states/alternative_b/rep_00.npz,28687,ea135f8b559fa1e52dbc2da13a065534992fef0dc2f5cdc8d6fe5a60f2a2c905
states/alternative_b/rep_00.rng.json,693,7973c8df05b969fc6a17ff12cf97847cad2a50ee21c26c5257d5cd32444b4e4f
states/alternative_b/rep_01.npz,28950,b6db03036fc89b1e08006a1faf302d69aff420d344a7d408dce19c9aa5246077
states/alternative_b/rep_01.rng.json,692,2a491474e03aa601dbe47335bd6683a21e2468d81e298089bce74e38829f6c80
states/alternative_b/rep_02.npz,28996,4368133a858805a300240e3cb5529fb3a0fa21e232074f067d4b2b9b046d521e
states/alternative_b/rep_02.rng.json,695,6376d0432144926931dfaf2608de9dbd2eb21b4bafa0491a7eb9f3b68f64e8ea
states/alternative_b/rep_03.npz,28751,b9499d74b4bc1b2553b67de4f49fbf770bf6354f2dc1c6926457903991fbb27d
states/alternative_b/rep_03.rng.json,693,47ec22e93cfbfaf07834df6593803771d72c4f51bb8fd98b9867450557686355
states/alternative_b/rep_04.npz,28234,9258db6a7265404fab0712a224090c6652078ea48cb1395f52caf37608c38cf6
states/alternative_b/rep_04.rng.json,692,b87d019f499df5f7a2f9abcb7c4070904676f2a73c1db61cc6441390569951f5
states/alternative_b/rep_05.npz,28203,faa72400c06d6ff8df892b1deb785fd14df379877ca17fc72b6fcd3cfaffab9b
states/alternative_b/rep_05.rng.json,693,d9188b4dd4d18f114335519a471672f2f595c6fe78996b15bf25bb44ba20eef4
states/alternative_b/rep_06.npz,28831,77e14c9496086d46a6b103ec486a56328c10d654d7123251c0d61142cc3fb222
states/alternative_b/rep_06.rng.json,694,3a7c34bc953c7bc28416ee54fbc8a6e541ce2528ab76f8a23ac27978344a4139
states/alternative_b/rep_07.npz,28769,d2d32396e7f0dc3a85de0e7b93489966fc277c35015e8043622bc0b69a59cf89
states/alternative_b/rep_07.rng.json,694,7020d2d03b6b77db2c9dad7b264e01c6e88ec70342148af11b2ea54d0a312fc1
states/alternative_b/rep_08.npz,28198,18dc1fc51adea9a4e1b1c7ea265f3b67fd8d3c68040db4d260f6d368891e7150
states/alternative_b/rep_08.rng.json,692,39b8b955d21bfc7e4c71d9f0e96d720543d22f2a38e92e99c002465ab9b303c6
states/alternative_b/rep_09.npz,28554,bb293d81a8d3dcdc7e575ec122f0d566e575e6f59e0f436ae9e950acce1153e7
states/alternative_b/rep_09.rng.json,694,59c71e662eeaa0079a6645851fb3381d4d1c3cb26263dcc1fa95eb07b93f7994
states/alternative_b/rep_10.npz,28648,bb9d756d73df3159dbad701db16ea248b78f45d39023d9a2694bf33645ba2a1e
states/alternative_b/rep_10.rng.json,692,1f59331c77d9b602f97643733f8cf1214f2de2ba3293c484927d51beaf41184c
states/alternative_b/rep_11.npz,28523,b83bbf2fac98f056b731bd289fc6d8ebbc21ca5e0c317f29031a962214b8d710
states/alternative_b/rep_11.rng.json,692,e1272e4ff12def7f42a79627653aa9a74f9801c8ebebce877f8fbdeec3795383
states/alternative_b/rep_12.npz,28165,9edb8a348820d4fdaf54d65a5f3ff4243aa09e9c840d57575cb1dbdbb04b343a
states/alternative_b/rep_12.rng.json,691,3a687a21b783369f97195a8bb8496f58a6cf1bdaba5a0c4f72decfda84638ddc
states/alternative_b/rep_13.npz,29709,647ddad4799e4add98ed46ebd407d770b4680ffccdddb0a45b1830bd833e9730
states/alternative_b/rep_13.rng.json,693,96ec4f9ecba90da4038ced80a99b307b03700c06eee0236c7be4833821f2a0bb
states/alternative_b/rep_14.npz,28089,1a3496614bbe4824a81541c11af9b94bd0748af2d2b8bc4c565854b33ae30039
states/alternative_b/rep_14.rng.json,695,f101bffab2b08b87bf6e86120097470bf9b8d182d458735b29f6cfa0557fe36e
states/alternative_b/rep_15.npz,29108,b9f8feee108118222273c0923e359eeb5272b8a3ba3eb9a714ae37eb92f79a6b
states/alternative_b/rep_15.rng.json,693,11bda7518044c88a5adc956fc02c6632f1d981320566b9356476ae4c505ba762
states/alternative_b/rep_16.npz,27631,49c04be3399c4bbf1685c53183af63b55c5eac5c8262958ffdc67db516e0796d
states/alternative_b/rep_16.rng.json,693,df4a6853846434a4c2129c74ff7d63f00b531850adc10417c95e894c85b5a1f6
states/alternative_b/rep_17.npz,27920,a6889548c84ff7182cf60972cd5d3077b0c8a5666adb809bb4dba454d88a432a
states/alternative_b/rep_17.rng.json,691,08bb75115da1fa7376664a5e9b888815c001733ac80514085609905519fba746
states/alternative_b/rep_18.npz,28104,6561739ca1d513d94af8eb66a2e93fc2ce1eac7a4fd5bda1932ee2a38cbdd80c
states/alternative_b/rep_18.rng.json,693,59d4c3d75d42ebabbbdc7d8c71e98720c4561485f75788f8f2672ed72e54b70a
states/alternative_b/rep_19.npz,28163,7b5cdeb6f5fb46cf4cb932d786bcb4601643a510aeff494566ca6b2d3f288245
states/alternative_b/rep_19.rng.json,693,08a3dfc8b72efde083ecb42145eeef0d7f9131db6d1b6f1dfb8172f565b6195a
states/selection_neutral/rep_00.npz,28105,70be0d0ba3e615303dc456e6de28e7b34497c6c653caf8a4c82859d5fa3e25af
states/selection_neutral/rep_00.rng.json,693,7973c8df05b969fc6a17ff12cf97847cad2a50ee21c26c5257d5cd32444b4e4f
states/selection_neutral/rep_01.npz,28009,55fc0498941a051ff9b17bdb3e9a4d559dda1ba0cab8aa3b66cc335504d534ec
states/selection_neutral/rep_01.rng.json,692,2a491474e03aa601dbe47335bd6683a21e2468d81e298089bce74e38829f6c80
states/selection_neutral/rep_02.npz,28246,f8409daa80d6d89066f262b504dd480fd0182c16c90f622e07b39d5bb3986b6b
states/selection_neutral/rep_02.rng.json,695,6376d0432144926931dfaf2608de9dbd2eb21b4bafa0491a7eb9f3b68f64e8ea
states/selection_neutral/rep_03.npz,29126,7487c28dd99c405c9da071abaafa9fd3825c33a44a95350e61d2675e31f61799
states/selection_neutral/rep_03.rng.json,693,47ec22e93cfbfaf07834df6593803771d72c4f51bb8fd98b9867450557686355
states/selection_neutral/rep_04.npz,27611,a9d4abd13d38ea7111a96a2bc9b029b00983eef6b0bd73570bcb269546eed5a0
states/selection_neutral/rep_04.rng.json,692,b87d019f499df5f7a2f9abcb7c4070904676f2a73c1db61cc6441390569951f5
states/selection_neutral/rep_05.npz,27718,fb395fb4c4d34ddc0d3ea6bb32716ad4c13f8814ab784c41c42b7cbc98f0b134
states/selection_neutral/rep_05.rng.json,693,d9188b4dd4d18f114335519a471672f2f595c6fe78996b15bf25bb44ba20eef4
states/selection_neutral/rep_06.npz,28480,a4fc68e0d72edb2347c705297ed2c3ec2bcbd87fcf8045fed7fa4f9774fac97d
states/selection_neutral/rep_06.rng.json,694,3a7c34bc953c7bc28416ee54fbc8a6e541ce2528ab76f8a23ac27978344a4139
states/selection_neutral/rep_07.npz,28865,37d3303c255c41aab33aae11f51258d1637b782ddc57999abacc8fa25dcd41bc
states/selection_neutral/rep_07.rng.json,694,7020d2d03b6b77db2c9dad7b264e01c6e88ec70342148af11b2ea54d0a312fc1
states/selection_neutral/rep_08.npz,28100,6d07c2b9a2a48e2f96fa7824ef1c161ba95faee14e5dafdf45a9667695fb47fc
states/selection_neutral/rep_08.rng.json,692,39b8b955d21bfc7e4c71d9f0e96d720543d22f2a38e92e99c002465ab9b303c6
states/selection_neutral/rep_09.npz,28594,7d414bc6753bcfa6c2823925c08f6fb8171ddc791e48d82784531fbfef61a2ba
states/selection_neutral/rep_09.rng.json,694,59c71e662eeaa0079a6645851fb3381d4d1c3cb26263dcc1fa95eb07b93f7994
states/selection_neutral/rep_10.npz,27677,68686587a16019dda51bc7a73d8fbc9f8f3f97b0ce20bf1a2ceffce77c7e3923
states/selection_neutral/rep_10.rng.json,692,1f59331c77d9b602f97643733f8cf1214f2de2ba3293c484927d51beaf41184c
states/selection_neutral/rep_11.npz,28780,3e27373067644ca85673a29471379b66439082391159d2ac130ea6af1b3093ca
states/selection_neutral/rep_11.rng.json,692,e1272e4ff12def7f42a79627653aa9a74f9801c8ebebce877f8fbdeec3795383
states/selection_neutral/rep_12.npz,28970,3a86659026b67efc23c76820fb365f4784d28a58f75cb5bf7a4f9b88f58d394f
states/selection_neutral/rep_12.rng.json,691,3a687a21b783369f97195a8bb8496f58a6cf1bdaba5a0c4f72decfda84638ddc
states/selection_neutral/rep_13.npz,28991,c2dc46180bd2833b2ce73bfba364a5a7e9b730224358a5f219c9bc7561eaaaa4
states/selection_neutral/rep_13.rng.json,693,96ec4f9ecba90da4038ced80a99b307b03700c06eee0236c7be4833821f2a0bb
states/selection_neutral/rep_14.npz,29293,a3de413a5cc52275a6555c050311588c1b2ce3deb7ca672f8b19702f07568603
states/selection_neutral/rep_14.rng.json,695,f101bffab2b08b87bf6e86120097470bf9b8d182d458735b29f6cfa0557fe36e
states/selection_neutral/rep_15.npz,28899,e74b09d51ffa3e99a3ec5350ee9dbbbb345d5847099786b235d43d5a1fffd355
states/selection_neutral/rep_15.rng.json,693,11bda7518044c88a5adc956fc02c6632f1d981320566b9356476ae4c505ba762
states/selection_neutral/rep_16.npz,28913,496dae64cf9c6ac9d68228a2d1dff1aca6e2fffa3e63a1ca4c754788082f1bc5
states/selection_neutral/rep_16.rng.json,693,df4a6853846434a4c2129c74ff7d63f00b531850adc10417c95e894c85b5a1f6
states/selection_neutral/rep_17.npz,28044,e8021c1a8877372e2d88a3f23606133425ab58da053034a03ad0707a4e947cd4
states/selection_neutral/rep_17.rng.json,691,08bb75115da1fa7376664a5e9b888815c001733ac80514085609905519fba746
states/selection_neutral/rep_18.npz,28710,bda06a2bda58df37ef1179e93847618ae450e160f91d380134dd6300e21d201e
states/selection_neutral/rep_18.rng.json,693,59d4c3d75d42ebabbbdc7d8c71e98720c4561485f75788f8f2672ed72e54b70a
states/selection_neutral/rep_19.npz,29216,026370a02d82906c14d29599b2ca06f1552f395db623ced0c110eb1106331817
states/selection_neutral/rep_19.rng.json,693,08a3dfc8b72efde083ecb42145eeef0d7f9131db6d1b6f1dfb8172f565b6195a
states/selection_reduced/rep_00.npz,28490,668baa261013fba4cb8254db920b7055e469fa93fc64207d97caaaacbe12b381
states/selection_reduced/rep_00.rng.json,693,7973c8df05b969fc6a17ff12cf97847cad2a50ee21c26c5257d5cd32444b4e4f
states/selection_reduced/rep_01.npz,28462,1fcc74cbed6d6bc8093e24f7e98f648367d7a18d8d5b43b32429efb5cb7096ce
states/selection_reduced/rep_01.rng.json,692,2a491474e03aa601dbe47335bd6683a21e2468d81e298089bce74e38829f6c80
states/selection_reduced/rep_02.npz,28611,55a57a021b9c1593045488b66c7c6f9aeaa773a569465751fdf5d05b2feb1f1f
states/selection_reduced/rep_02.rng.json,695,6376d0432144926931dfaf2608de9dbd2eb21b4bafa0491a7eb9f3b68f64e8ea
states/selection_reduced/rep_03.npz,29388,5f67fe2d27982b403826aa7bea73bf225ee677f13b26414006165cd0de112a8d
states/selection_reduced/rep_03.rng.json,693,47ec22e93cfbfaf07834df6593803771d72c4f51bb8fd98b9867450557686355
states/selection_reduced/rep_04.npz,28321,88392dbdbc38651498972a9e77f660f56e9578131e4b59cfeb34e85fcd439034
states/selection_reduced/rep_04.rng.json,692,b87d019f499df5f7a2f9abcb7c4070904676f2a73c1db61cc6441390569951f5
states/selection_reduced/rep_05.npz,27696,37164f089abf7168307078326d93232d347b3023448119143fbdf2f3f52b83a7
states/selection_reduced/rep_05.rng.json,693,d9188b4dd4d18f114335519a471672f2f595c6fe78996b15bf25bb44ba20eef4
states/selection_reduced/rep_06.npz,28514,da53369eeae6393e8b38afc8be0950156dc524c0b0d9f95fcb758f73c384e8c6
states/selection_reduced/rep_06.rng.json,694,3a7c34bc953c7bc28416ee54fbc8a6e541ce2528ab76f8a23ac27978344a4139
states/selection_reduced/rep_07.npz,28744,59c67189892591cb6a616ece261b49c6080e895ee9a96d7e07fc7d856663dade
states/selection_reduced/rep_07.rng.json,694,7020d2d03b6b77db2c9dad7b264e01c6e88ec70342148af11b2ea54d0a312fc1
states/selection_reduced/rep_08.npz,28321,466ab64ec03e8ec777931c448578c70b8b33a3a8a7344891245cd78d7cac2d88
states/selection_reduced/rep_08.rng.json,692,39b8b955d21bfc7e4c71d9f0e96d720543d22f2a38e92e99c002465ab9b303c6
states/selection_reduced/rep_09.npz,28816,3984c20e7b2e6ef4a77b17a899c758170e79010be0f8410ab15c9c622f8ef0a5
states/selection_reduced/rep_09.rng.json,694,59c71e662eeaa0079a6645851fb3381d4d1c3cb26263dcc1fa95eb07b93f7994
states/selection_reduced/rep_10.npz,28163,4c9e4e8340474ec8e1973cacc43f3a11b7ee6ad336f0482a92cbab8de1fa4291
states/selection_reduced/rep_10.rng.json,692,1f59331c77d9b602f97643733f8cf1214f2de2ba3293c484927d51beaf41184c
states/selection_reduced/rep_11.npz,28976,68bb45ae056beb1f246a080eb5627d439859eadc548af3d54566b58fd4a5805b
states/selection_reduced/rep_11.rng.json,692,e1272e4ff12def7f42a79627653aa9a74f9801c8ebebce877f8fbdeec3795383
states/selection_reduced/rep_12.npz,27963,6d54be8f2a69cd696d63ea9ca780b3ccc77b3593eebf5a376e71de35e7daac7c
states/selection_reduced/rep_12.rng.json,691,3a687a21b783369f97195a8bb8496f58a6cf1bdaba5a0c4f72decfda84638ddc
states/selection_reduced/rep_13.npz,29211,0c8546c8f3ad9ba9beae94d8056c1fc50ad86af0b283208520e7f133802ff2f7
states/selection_reduced/rep_13.rng.json,693,96ec4f9ecba90da4038ced80a99b307b03700c06eee0236c7be4833821f2a0bb
states/selection_reduced/rep_14.npz,28528,f65433acf160889479a38995f3367ade928e2c16993d22d172d5e594356fbe05
states/selection_reduced/rep_14.rng.json,695,f101bffab2b08b87bf6e86120097470bf9b8d182d458735b29f6cfa0557fe36e
states/selection_reduced/rep_15.npz,28893,e38fc4f72411a0bc49166485c727994f1fcc4335e23106e7f4c16ad5846fc52b
states/selection_reduced/rep_15.rng.json,693,11bda7518044c88a5adc956fc02c6632f1d981320566b9356476ae4c505ba762
states/selection_reduced/rep_16.npz,28506,cec2eac7ec38e0f5961b122947cdf74cea11fdcee1d0bf9573efe394ce4c4337
states/selection_reduced/rep_16.rng.json,693,df4a6853846434a4c2129c74ff7d63f00b531850adc10417c95e894c85b5a1f6
states/selection_reduced/rep_17.npz,28731,423b0c72252d75f1a9ff5be810eafd70a9442f0ea97a2ee65f0909d4b3c83261
states/selection_reduced/rep_17.rng.json,691,08bb75115da1fa7376664a5e9b888815c001733ac80514085609905519fba746
states/selection_reduced/rep_18.npz,28650,d63a3ff44e2d59827799dc87b014d01d2cd10dbbb975fca8b436d57bec763dd7
states/selection_reduced/rep_18.rng.json,693,59d4c3d75d42ebabbbdc7d8c71e98720c4561485f75788f8f2672ed72e54b70a
states/selection_reduced/rep_19.npz,29066,f895415c06f1cee807cceab56e96bbdd7c95d7e0768380b775b26bdd7cb965cc
states/selection_reduced/rep_19.rng.json,693,08a3dfc8b72efde083ecb42145eeef0d7f9131db6d1b6f1dfb8172f565b6195a
states/temporally_unstable/rep_00.npz,28525,b1d88928010c4900c5b906472a398010cb32d31bae32b48b6185c3cdece36ac4
states/temporally_unstable/rep_00.rng.json,693,7973c8df05b969fc6a17ff12cf97847cad2a50ee21c26c5257d5cd32444b4e4f
states/temporally_unstable/rep_01.npz,28944,17e086e699ca6dbe2af5122387347e17e9e68e684bbf2e2af292d623af2079eb
states/temporally_unstable/rep_01.rng.json,692,2a491474e03aa601dbe47335bd6683a21e2468d81e298089bce74e38829f6c80
states/temporally_unstable/rep_02.npz,29952,05a78de265692901e7b17513ecfe4918a47b508680f8863cc8db50691bdec380
states/temporally_unstable/rep_02.rng.json,695,6376d0432144926931dfaf2608de9dbd2eb21b4bafa0491a7eb9f3b68f64e8ea
states/temporally_unstable/rep_03.npz,29597,9a93d648b250ea88d4ff2329163d6cf4a9390b3c6566d79f27a8509c458fe741
states/temporally_unstable/rep_03.rng.json,693,47ec22e93cfbfaf07834df6593803771d72c4f51bb8fd98b9867450557686355
states/temporally_unstable/rep_04.npz,28874,6f24aad2f3debcd6a5d50a4279b0729a8fb886384ccdd90e6872219e30165018
states/temporally_unstable/rep_04.rng.json,692,b87d019f499df5f7a2f9abcb7c4070904676f2a73c1db61cc6441390569951f5
states/temporally_unstable/rep_05.npz,28953,21f07831cc9d319261e818e4e876aa15ba30661bf152c75140a447bf75672451
states/temporally_unstable/rep_05.rng.json,693,d9188b4dd4d18f114335519a471672f2f595c6fe78996b15bf25bb44ba20eef4
states/temporally_unstable/rep_06.npz,28454,8ad0efc8a3aff2d2fed60f7a49e1b2c8ce48f2a94e2576802edff37816851f6d
states/temporally_unstable/rep_06.rng.json,694,3a7c34bc953c7bc28416ee54fbc8a6e541ce2528ab76f8a23ac27978344a4139
states/temporally_unstable/rep_07.npz,29485,804d1fdbe13a50e8fc576e5a05d394fbd0555b589e83d655a142376a92643b72
states/temporally_unstable/rep_07.rng.json,694,7020d2d03b6b77db2c9dad7b264e01c6e88ec70342148af11b2ea54d0a312fc1
states/temporally_unstable/rep_08.npz,28911,c5f318472644f856d70b4e02a25152c9cbd917eb44233f0fcad19e220f09ced5
states/temporally_unstable/rep_08.rng.json,692,39b8b955d21bfc7e4c71d9f0e96d720543d22f2a38e92e99c002465ab9b303c6
states/temporally_unstable/rep_09.npz,30243,df46e995ca2ebd02bcaa8160a3ba178223481425cb6db1fd06b446c54513a5e0
states/temporally_unstable/rep_09.rng.json,694,59c71e662eeaa0079a6645851fb3381d4d1c3cb26263dcc1fa95eb07b93f7994
states/temporally_unstable/rep_10.npz,28948,592e9e1f1c3405d4751850087a3a2b2ce8e4d7549a32e94bfc19ed94eab9c535
states/temporally_unstable/rep_10.rng.json,692,1f59331c77d9b602f97643733f8cf1214f2de2ba3293c484927d51beaf41184c
states/temporally_unstable/rep_11.npz,29905,c40c0b51b7627a1b568f60a307a4521f890cddf1d719ccbaaeefc58e8c15f620
states/temporally_unstable/rep_11.rng.json,692,e1272e4ff12def7f42a79627653aa9a74f9801c8ebebce877f8fbdeec3795383
states/temporally_unstable/rep_12.npz,29546,b0fd18ebcdc99f390e33312bf402ea2eebfb9e49a8d07fb898e0eac03a0997bd
states/temporally_unstable/rep_12.rng.json,691,3a687a21b783369f97195a8bb8496f58a6cf1bdaba5a0c4f72decfda84638ddc
states/temporally_unstable/rep_13.npz,29795,dbe04fc0804e8c86d63848cc5c454660603baf29c41e88655dd78fe2b5c0be6c
states/temporally_unstable/rep_13.rng.json,693,96ec4f9ecba90da4038ced80a99b307b03700c06eee0236c7be4833821f2a0bb
states/temporally_unstable/rep_14.npz,29479,0d5478357c2475e934bdede339b847913decdda0176bb3bb172a18999af34859
states/temporally_unstable/rep_14.rng.json,695,f101bffab2b08b87bf6e86120097470bf9b8d182d458735b29f6cfa0557fe36e
states/temporally_unstable/rep_15.npz,30230,13042531e23e914276c99bdb6358725f46808b8d4a0b237d34b85f370a66e494
states/temporally_unstable/rep_15.rng.json,693,11bda7518044c88a5adc956fc02c6632f1d981320566b9356476ae4c505ba762
states/temporally_unstable/rep_16.npz,30155,f95946318b0e12f1c628628b48a15461044dc0f6e083c5578277fcaaabb15e6f
states/temporally_unstable/rep_16.rng.json,693,df4a6853846434a4c2129c74ff7d63f00b531850adc10417c95e894c85b5a1f6
states/temporally_unstable/rep_17.npz,29056,c7b2aff306dd338673cca1fcba9c0c7bd63daa0eed0408db94211780535fcb19
states/temporally_unstable/rep_17.rng.json,691,08bb75115da1fa7376664a5e9b888815c001733ac80514085609905519fba746
states/temporally_unstable/rep_18.npz,29485,6bf20cbc456784bde3fdaf9e7915bdbd6e9ad5907c930b6f5652603521d55d8e
states/temporally_unstable/rep_18.rng.json,693,59d4c3d75d42ebabbbdc7d8c71e98720c4561485f75788f8f2672ed72e54b70a
states/temporally_unstable/rep_19.npz,28934,39084c5a8b56bd90f5d912eb05b8225e8eccc39caa97d13a13d0e6841b5c8f13
states/temporally_unstable/rep_19.rng.json,693,08a3dfc8b72efde083ecb42145eeef0d7f9131db6d1b6f1dfb8172f565b6195a
target_reach_and_censoring.csv,426,98be699ba9c18546f56d30a679889d6cdd8a02b841aa1bb8a1062671c53f867d
topologies/topology_manifest.csv,3639,68030dd591e0dd4b7a498c7cc633a138113af32b6d5e60ce98bf2a8fc81b4a84
topologies/topology_matrices.npz,13319,d5f2a1193a91a2664dde04aafa0833dc173c475df65bf30c128ac3b3554781fd
topology_schedules/temporally_unstable_p1.0_r00_baseline_schedule.json,2569,28790058503d18be6da64cfeb4f3183d92bdd63459f30868a084722707eb5969
topology_schedules/temporally_unstable_p1.0_r00_c0_schedule.json,614,0c2d311854be31b810145e6c40698c1c3e8f4daa3fb9acf98a25f39d55a0771f
topology_schedules/temporally_unstable_p1.0_r00_c1_schedule.json,614,30ae058bb9732a636ac6d8acd46a478ab7f591f832d0b08e2dc924974345d258
topology_schedules/temporally_unstable_p1.0_r01_baseline_schedule.json,2569,2dee7ce6dd0347011780df9c381706a298376b2a36365990e163346c07f84a4e
topology_schedules/temporally_unstable_p1.0_r01_c0_schedule.json,614,b5f8ad5a69ffd897dc0bd2a4fbe07f3fecc690e45ac155d7fe7f72ef1898ebc1
topology_schedules/temporally_unstable_p1.0_r01_c1_schedule.json,614,7cd1f3e04f7be8d6300c1cfc3a434808fce8a6673bb4f3f2ad27c4e32b8651fd
topology_schedules/temporally_unstable_p1.0_r02_baseline_schedule.json,2569,68890d37746372818f61c665461dda87f1956988f113c4669d0853150a5194d7
topology_schedules/temporally_unstable_p1.0_r02_c0_schedule.json,614,4536fb840b22308a29732fb092b986fc60c5547f618caf7795fa6d65eb9e77e3
topology_schedules/temporally_unstable_p1.0_r02_c1_schedule.json,614,b73fdff905dc23f6345e3d18e4a0a582b79680395442871a25aad60b14e3c665
topology_schedules/temporally_unstable_p1.0_r03_baseline_schedule.json,2569,9918c143877df178d848e0f00aec3ccdd594c5dce7fede9681609686cbf749fa
topology_schedules/temporally_unstable_p1.0_r03_c0_schedule.json,614,5e41f64505802c18ed91dfafcb8adbad52ad72479b3f3b70254ac20d6ac9860b
topology_schedules/temporally_unstable_p1.0_r03_c1_schedule.json,614,88d8959bc3cb170117dfe7585d5c610589189eaa04345e09b4aafda20f31f27c
topology_schedules/temporally_unstable_p1.0_r04_baseline_schedule.json,2569,73de27643592aeb9ba2afb6a481e89b219f79490306c7821842282946fa60fba
topology_schedules/temporally_unstable_p1.0_r04_c0_schedule.json,614,32bbcba0c2b77b6b86c1a716cb5ae98987ececa4fb2f03b8119caaf2b77dd281
topology_schedules/temporally_unstable_p1.0_r04_c1_schedule.json,614,dfd425266dfb0395b5189e8d9fe26f08c7d54288b8c85bf6489d79a46a91723a
topology_schedules/temporally_unstable_p1.0_r05_baseline_schedule.json,2569,51312c3a93acc4a2045eee1ae2433ef0334b81f5dc4d5de39e807bdc7ff37b4b
topology_schedules/temporally_unstable_p1.0_r05_c0_schedule.json,614,9918e99c426ce4bff6dcd86fa9d601d1b3fbeb777817bb3ef220f92a32acd955
topology_schedules/temporally_unstable_p1.0_r05_c1_schedule.json,614,183c270f501807cc969f9fde225257bcbec3aee8d936673053d62f728e358f43
topology_schedules/temporally_unstable_p1.0_r06_baseline_schedule.json,2569,1db45515986ed6916c60cb3fc7b8dc1bbceba59ffa1968114766647f4fa5b2f9
topology_schedules/temporally_unstable_p1.0_r06_c0_schedule.json,614,f2743f51a34c1ea718f908c01601a6ef3ee211355f3e0a3ab1b3b6f660532b44
topology_schedules/temporally_unstable_p1.0_r06_c1_schedule.json,614,f04aab19e190fbe780c32539d05f9f8d0b9511ee34adb5419b7b5732baf417ec
topology_schedules/temporally_unstable_p1.0_r07_baseline_schedule.json,2569,dbf884bef48d3e80eeb175e017ebe0975b265d0098bf15b3d8320863c87d3c30
topology_schedules/temporally_unstable_p1.0_r07_c0_schedule.json,614,1294b15322a7b457dd07426cf91bdc1564748dcd17c49042296f10c9c053346e
topology_schedules/temporally_unstable_p1.0_r07_c1_schedule.json,614,163d2a26c0c253349daab791bb0f9e6d5ea856e6fc5c7c1083cae9aa6c760301
topology_schedules/temporally_unstable_p1.0_r08_baseline_schedule.json,2569,d1b5ffb3bcffa1b9a50ca568a9e739ced7bbe5ad661bec692c0fec0af948fae8
topology_schedules/temporally_unstable_p1.0_r08_c0_schedule.json,614,720d1fdd45a721d48f48b2a91f185dc459875f0ee18a900a373dd495379e2091
topology_schedules/temporally_unstable_p1.0_r08_c1_schedule.json,614,f8c23db3a760bd07cf4f7800e69a433d93353668ceea5a8052f99efe42bd803a
topology_schedules/temporally_unstable_p1.0_r09_baseline_schedule.json,2569,9264f1e9d9ac139aec16b4a9ef3cd5acdfb6fb49c6adf7904cc027818ab9d178
topology_schedules/temporally_unstable_p1.0_r09_c0_schedule.json,614,81404335a8e1392500afa1d9b1a579ea2329f71e2126616b45eff505ce28cdcd
topology_schedules/temporally_unstable_p1.0_r09_c1_schedule.json,614,9b972a2973b2731b5d0e14f79c9ecf05ef0fed3f5b0e0a8fe5688095dbe3846b
topology_schedules/temporally_unstable_p1.0_r10_baseline_schedule.json,2569,cdd96b4be78d148fd2a8f017d6e5695808dc72deb1d7e67e57ef8f59ea6b2287
topology_schedules/temporally_unstable_p1.0_r10_c0_schedule.json,614,b0e3589c0aa837bb130263de1a82b538922b3b5458ea6f0efaa3805c61c560e6
topology_schedules/temporally_unstable_p1.0_r10_c1_schedule.json,614,fabe7b37a7e6f48bf9ce022e3b628393f41fb11deff7d04441ee7906925bff70
topology_schedules/temporally_unstable_p1.0_r11_baseline_schedule.json,2569,f1daa691280dc1e1cf1dd6a46a7117b069efac6cf647df0e448d8e42e57b9120
topology_schedules/temporally_unstable_p1.0_r11_c0_schedule.json,614,31a9c1b50c53ab9285e0ed410858e4a06672eb9b068208b97ec1e94e3ec06bd9
topology_schedules/temporally_unstable_p1.0_r11_c1_schedule.json,614,4ce62d4da871fa57f18f845921d17b05c56b53750ffa076727bccfee710c4222
topology_schedules/temporally_unstable_p1.0_r12_baseline_schedule.json,2569,18d119a31c78594b7cf94e6741dad09b2db83b149f5b346a6078710bfc5271c5
topology_schedules/temporally_unstable_p1.0_r12_c0_schedule.json,614,040bdfe2160163f66d1eafab1a7be1220efbdd47246b43e22577d1609a512694
topology_schedules/temporally_unstable_p1.0_r12_c1_schedule.json,614,ff9ac1adb54b34b755a0ab5676d404025beefe70f693bac6d79fc62bf8909a60
topology_schedules/temporally_unstable_p1.0_r13_baseline_schedule.json,2569,bc023ad9a3c13354a2ed8fb7ab6753e6668eac11d31b8be56d4f2e07eeb229b3
topology_schedules/temporally_unstable_p1.0_r13_c0_schedule.json,614,3268b00b031fff9f3cc02cc326046692cd1c65d8fd8c30a01b5ec32b128ac9a3
topology_schedules/temporally_unstable_p1.0_r13_c1_schedule.json,614,5ad9d2a64470d8b4457fe99515392b644c62a65e43d0d578ed561658a48c9ec8
topology_schedules/temporally_unstable_p1.0_r14_baseline_schedule.json,2569,10afc37346a87fea84d3d8886fe650e455a62a82c6a85d6f62798c7a1163c847
topology_schedules/temporally_unstable_p1.0_r14_c0_schedule.json,614,a2a12f6c89bb84f4037f407a724013396734c8f34e6db3786dd42046a56b8951
topology_schedules/temporally_unstable_p1.0_r14_c1_schedule.json,614,ab27cd75089cb7883a3e535cb6620107706b6db9e60c8de2991c7bf924f22bc6
topology_schedules/temporally_unstable_p1.0_r15_baseline_schedule.json,2569,c68ca6b33fd1f284b5795f5a026322c3781bc662a186b8d91bcb59662671ea3b
topology_schedules/temporally_unstable_p1.0_r15_c0_schedule.json,614,4dbf1c198604e2b222bda3ea965c16cff14fac585db1f6024cae4e4fe1941fa4
topology_schedules/temporally_unstable_p1.0_r15_c1_schedule.json,614,17a32012d4ee8570701dea746958cfae692ccbb8eeef0957ba21cd302255071c
topology_schedules/temporally_unstable_p1.0_r16_baseline_schedule.json,2569,25f45cc39dacba2db41ed21af5f00ffff464eafca4dead507228f72784f243fc
topology_schedules/temporally_unstable_p1.0_r16_c0_schedule.json,614,207874e71b1679ec34d46610548f58de56e28c285ede5f0b2899ac0612da11c6
topology_schedules/temporally_unstable_p1.0_r16_c1_schedule.json,614,ae5306c402b77db743a2e32ffe5c52821e478b1725c158fa9a5cac5ebca2c392
topology_schedules/temporally_unstable_p1.0_r17_baseline_schedule.json,2569,19d9becc06273f56b0ebe416c20ce3329cb2edac9ba117ca2c88024243a81e91
topology_schedules/temporally_unstable_p1.0_r17_c0_schedule.json,614,48c74e308f66d4d37cc81a1f9360ea27e5f040d97e199d4ea59d8c0bcf5b019d
topology_schedules/temporally_unstable_p1.0_r17_c1_schedule.json,614,8e33538e11aec705b53722e3928c35c0eac65714251d5e7ba3c03e1fb62db166
topology_schedules/temporally_unstable_p1.0_r18_baseline_schedule.json,2569,4fe2e5100fc62da7e7a99671b2f2a0421ba7d5b695d59a144431df54de871a01
topology_schedules/temporally_unstable_p1.0_r18_c0_schedule.json,614,3f6d5ef7a699a9d7c00e19d064abca3808023b5b6328924d30f0f0fc06b36fe0
topology_schedules/temporally_unstable_p1.0_r18_c1_schedule.json,614,13c162cc3623be0a2569d192cd76c76af1abeb5d8505a25b44c01b1238913780
topology_schedules/temporally_unstable_p1.0_r19_baseline_schedule.json,2569,d4c5cc8331f295b343fb98eb49b012c01e4bc1283319d9f7ac633bf341000834
topology_schedules/temporally_unstable_p1.0_r19_c0_schedule.json,614,3e10bba4fc72587f7f23dd01604305fec495181a6c806a1f91abdd3574384633
topology_schedules/temporally_unstable_p1.0_r19_c1_schedule.json,614,f884682956835b0087f07a5da9183a38025c9a64cbbb97c6da3b4b450d8d2821
