design_id,stage,family,replicate,spec_json,baseline_seed,corrected_information,conditional_information,permutation_mean,delta_mp,delta_mp_cont_sd,adaptive_gain,final_mean_fitness,state_hash,trajectory_hash,mp_marginal_max_abs_error,n_continuations
A_high_0,A,,0,"{""b_ratio"": 2.5, ""bias"": 3.0, ""fitness_mode"": ""count"", ""floor"": 0.1, ""jitter"": 0, ""motif_length"": 5, ""mutation_rate"": 0.001, ""n_cells"": 80, ""n_gens"": 150, ""n_metabolites"": 4, ""n_segments"": 4, ""n_seqs"": 8, ""p"": 0.9040017352340485, ""penalty"": 0.5, ""penalty_ratio"": 0.25, ""reward"": 2.0, ""segment_order"": ""native"", ""seq_len"": 60, ""sigma"": 1.272522667871638, ""sigma_ratio"": 1.0604355565596983, ""stride"": 1, ""temperature"": 1.2}",3833515800,0.2633657904913612,0.4768494042932574,0.21348361380189618,2.1890869140624996,0.5379550042904776,1.8487760416666639,25.39375,fe63617018a2ad1f0f79e06ad80798b5d9d46deb018d1f78c5ccc681197e3a10,3979c0f6c0d8d5ca2f0af5da99aa7dc710ded77a583ed5607dfe5f7dba2fef18,1.509903313490213e-14,8
A_high_0,A,,1,"{""b_ratio"": 2.5, ""bias"": 3.0, ""fitness_mode"": ""count"", ""floor"": 0.1, ""jitter"": 0, ""motif_length"": 5, ""mutation_rate"": 0.001, ""n_cells"": 80, ""n_gens"": 150, ""n_metabolites"": 4, ""n_segments"": 4, ""n_seqs"": 8, ""p"": 0.9040017352340485, ""penalty"": 0.5, ""penalty_ratio"": 0.25, ""reward"": 2.0, ""segment_order"": ""native"", ""seq_len"": 60, ""sigma"": 1.272522667871638, ""sigma_ratio"": 1.0604355565596983, ""stride"": 1, ""temperature"": 1.2}",2004701522,0.2645798106025144,0.4742944700574121,0.2097146594548977,2.150808376736113,0.7843405924595528,1.0546875,24.603125,e5c95206c2697a05b2452d0f3c67ded50034f3482fab08fa6d56e49ea6eefc23,5c2f62141756011867b28239b9423e6b4084af364d8723f1b1541d101932740b,6.5503158452884236e-15,8
A_high_0,A,,2,"{""b_ratio"": 2.5, ""bias"": 3.0, ""fitness_mode"": ""count"", ""floor"": 0.1, ""jitter"": 0, ""motif_length"": 5, ""mutation_rate"": 0.001, ""n_cells"": 80, ""n_gens"": 150, ""n_metabolites"": 4, ""n_segments"": 4, ""n_seqs"": 8, ""p"": 0.9040017352340485, ""penalty"": 0.5, ""penalty_ratio"": 0.25, ""reward"": 2.0, ""segment_order"": ""native"", ""seq_len"": 60, ""sigma"": 1.272522667871638, ""sigma_ratio"": 1.0604355565596983, ""stride"": 1, ""temperature"": 1.2}",2621866400,0.2683530566424005,0.4965046320531671,0.22815157541076658,2.6568549262152783,0.6571592664701027,1.1129166666666706,23.7171875,ad1f31529627c7ea210182238b4b92190f1c538550eb41ccbd30b3bc1f34a57c,a866c5981eef3592021602a60742a45fc1f6459347f87f4ca85a26cbd2e21472,1.0658141036401503e-14,8
A_high_0,A,,3,"{""b_ratio"": 2.5, ""bias"": 3.0, ""fitness_mode"": ""count"", ""floor"": 0.1, ""jitter"": 0, ""motif_length"": 5, ""mutation_rate"": 0.001, ""n_cells"": 80, ""n_gens"": 150, ""n_metabolites"": 4, ""n_segments"": 4, ""n_seqs"": 8, ""p"": 0.9040017352340485, ""penalty"": 0.5, ""penalty_ratio"": 0.25, ""reward"": 2.0, ""segment_order"": ""native"", ""seq_len"": 60, ""sigma"": 1.272522667871638, ""sigma_ratio"": 1.0604355565596983, ""stride"": 1, ""temperature"": 1.2}",2452978241,0.26180919478930076,0.4737003161339306,0.21189112134462987,3.9655978732638886,0.6967558295785403,2.5038020833333263,26.01328125,6ee215e22227c5999aed06711bcffa449b4deb88c7bd6ec27ec1bc6adeef764f,d89405073d1c5ca18fc136aa2e07dccec6cadf0b3aaa9d95cef9be0a3c3c39f0,1.3877787807814457e-14,8
A_high_0,A,,4,"{""b_ratio"": 2.5, ""bias"": 3.0, ""fitness_mode"": ""count"", ""floor"": 0.1, ""jitter"": 0, ""motif_length"": 5, ""mutation_rate"": 0.001, ""n_cells"": 80, ""n_gens"": 150, ""n_metabolites"": 4, ""n_segments"": 4, ""n_seqs"": 8, ""p"": 0.9040017352340485, ""penalty"": 0.5, ""penalty_ratio"": 0.25, ""reward"": 2.0, ""segment_order"": ""native"", ""seq_len"": 60, ""sigma"": 1.272522667871638, ""sigma_ratio"": 1.0604355565596983, ""stride"": 1, ""temperature"": 1.2}",2538815930,0.23799848799029882,0.4383168256748925,0.20031833768459367,4.055870225694445,0.6420440335866988,4.085703124999998,25.8203125,10a2075e3e9cddd89d86829728072dd2e85f91d183053b4e64307594445e191b,ab71765bb8d6ca7307743d813b838ac7ef6410426574dc45511d11b3f7efe138,1.2545520178264269e-14,8
A_high_0,A,,5,"{""b_ratio"": 2.5, ""bias"": 3.0, ""fitness_mode"": ""count"", ""floor"": 0.1, ""jitter"": 0, ""motif_length"": 5, ""mutation_rate"": 0.001, ""n_cells"": 80, ""n_gens"": 150, ""n_metabolites"": 4, ""n_segments"": 4, ""n_seqs"": 8, ""p"": 0.9040017352340485, ""penalty"": 0.5, ""penalty_ratio"": 0.25, ""reward"": 2.0, ""segment_order"": ""native"", ""seq_len"": 60, ""sigma"": 1.272522667871638, ""sigma_ratio"": 1.0604355565596983, ""stride"": 1, ""temperature"": 1.2}",3424732933,0.25879009762646454,0.48495591293439183,0.2261658153079273,1.6902940538194442,0.3238903967569276,0.7342968750000018,22.61953125,ff4d9ccc4f07251ef0f50f6b339316d63db7ede7f9e19dd6058d4d7c42cf1062,2cbb9896112b3ff950b4c5ed655e43f4a0eb0596f45644b6d791bc6479b0ece1,6.217248937900877e-15,8
A_high_0,A,,6,"{""b_ratio"": 2.5, ""bias"": 3.0, ""fitness_mode"": ""count"", ""floor"": 0.1, ""jitter"": 0, ""motif_length"": 5, ""mutation_rate"": 0.001, ""n_cells"": 80, ""n_gens"": 150, ""n_metabolites"": 4, ""n_segments"": 4, ""n_seqs"": 8, ""p"": 0.9040017352340485, ""penalty"": 0.5, ""penalty_ratio"": 0.25, ""reward"": 2.0, ""segment_order"": ""native"", ""seq_len"": 60, ""sigma"": 1.272522667871638, ""sigma_ratio"": 1.0604355565596983, ""stride"": 1, ""temperature"": 1.2}",1918473878,0.2422006055732648,0.4522576855166045,0.2100570799433397,1.8218967013888898,0.584788907318823,0.4825260416666737,23.0125,08934b03b87c6137892d4a53181478f5a0d05d21fbc5e880803fd226e347a8ac,46c4b2dd9c4e604e1b4a009ed4c8a45e39f744679e25d15dbdbd32e93a1442b6,7.771561172376096e-15,8
A_high_0,A,,7,"{""b_ratio"": 2.5, ""bias"": 3.0, ""fitness_mode"": ""count"", ""floor"": 0.1, ""jitter"": 0, ""motif_length"": 5, ""mutation_rate"": 0.001, ""n_cells"": 80, ""n_gens"": 150, ""n_metabolites"": 4, ""n_segments"": 4, ""n_seqs"": 8, ""p"": 0.9040017352340485, ""penalty"": 0.5, ""penalty_ratio"": 0.25, ""reward"": 2.0, ""segment_order"": ""native"", ""seq_len"": 60, ""sigma"": 1.272522667871638, ""sigma_ratio"": 1.0604355565596983, ""stride"": 1, ""temperature"": 1.2}",129478984,0.2737406719311771,0.4755180615660152,0.20177738963483813,2.093440755208331,0.6443451412625094,1.928463541666666,25.95859375,30ba889814d4acb1aea3a713f0ae55f267047951a7f090db5c256da12bc85c4f,e1b489677c27e0ca6eb246bdc963a9069471f9771cdf9d1c496117e51b8ee82c,1.0547118733938987e-14,8
A_high_1,A,,0,"{""b_ratio"": 2.5, ""bias"": 3.0, ""fitness_mode"": ""count"", ""floor"": 0.1, ""jitter"": 0, ""motif_length"": 5, ""mutation_rate"": 0.001, ""n_cells"": 80, ""n_gens"": 150, ""n_metabolites"": 4, ""n_segments"": 4, ""n_seqs"": 8, ""p"": 0.7679481755549072, ""penalty"": 0.5, ""penalty_ratio"": 0.25, ""reward"": 2.0, ""segment_order"": ""native"", ""seq_len"": 60, ""sigma"": 0.8417708762874557, ""sigma_ratio"": 0.7014757302395465, ""stride"": 1, ""temperature"": 1.2}",2270627424,0.10063893729127218,0.34673103375790626,0.24609209646663407,0.44332736545138807,0.2365937524443597,0.287604166666668,15.9015625,d685804e7555943f35a0e5293b6dc8afd8848bf5b5e40b6fd61ac41e92a2f9d4,4893981491cfa659865942ccd3f3b779a859520e24db0a1c82034300b32ac243,1.199040866595169e-14,8
A_high_1,A,,1,"{""b_ratio"": 2.5, ""bias"": 3.0, ""fitness_mode"": ""count"", ""floor"": 0.1, ""jitter"": 0, ""motif_length"": 5, ""mutation_rate"": 0.001, ""n_cells"": 80, ""n_gens"": 150, ""n_metabolites"": 4, ""n_segments"": 4, ""n_seqs"": 8, ""p"": 0.7679481755549072, ""penalty"": 0.5, ""penalty_ratio"": 0.25, ""reward"": 2.0, ""segment_order"": ""native"", ""seq_len"": 60, ""sigma"": 0.8417708762874557, ""sigma_ratio"": 0.7014757302395465, ""stride"": 1, ""temperature"": 1.2}",2408825523,0.09422609806184651,0.3483686663091607,0.2541425682473142,0.38597819010416434,0.09614471363169988,-0.0038541666666631613,15.2984375,eda78a4e91b07e7820aeec5cb5d4188b9cb31c78b5e12cdd2723a83a388e46f1,908db5ba4db71c9655854657792c85ac0cb050a7ac5c6d88cfffc7767d133b62,8.770761894538737e-15,8
A_high_1,A,,2,"{""b_ratio"": 2.5, ""bias"": 3.0, ""fitness_mode"": ""count"", ""floor"": 0.1, ""jitter"": 0, ""motif_length"": 5, ""mutation_rate"": 0.001, ""n_cells"": 80, ""n_gens"": 150, ""n_metabolites"": 4, ""n_segments"": 4, ""n_seqs"": 8, ""p"": 0.7679481755549072, ""penalty"": 0.5, ""penalty_ratio"": 0.25, ""reward"": 2.0, ""segment_order"": ""native"", ""seq_len"": 60, ""sigma"": 0.8417708762874557, ""sigma_ratio"": 0.7014757302395465, ""stride"": 1, ""temperature"": 1.2}",3867114413,0.10018725780638876,0.3535185040838572,0.25333124627746845,0.3716552734374987,0.0628831616130804,-0.09315104166666544,15.728125,6ef74add060be549a63cf933add58e0cac70cf48c0f2dd8d862a48ae486e9571,04e789aee8c87129479fbea3482efd54f4b79c5bf9a8dc81e0dbe1f5ce5d585b,1.0436096431476471e-14,8
A_high_1,A,,3,"{""b_ratio"": 2.5, ""bias"": 3.0, ""fitness_mode"": ""count"", ""floor"": 0.1, ""jitter"": 0, ""motif_length"": 5, ""mutation_rate"": 0.001, ""n_cells"": 80, ""n_gens"": 150, ""n_metabolites"": 4, ""n_segments"": 4, ""n_seqs"": 8, ""p"": 0.7679481755549072, ""penalty"": 0.5, ""penalty_ratio"": 0.25, ""reward"": 2.0, ""segment_order"": ""native"", ""seq_len"": 60, ""sigma"": 0.8417708762874557, ""sigma_ratio"": 0.7014757302395465, ""stride"": 1, ""temperature"": 1.2}",2532288658,0.09968467135170736,0.3489032931116349,0.24921862175992757,0.3996256510416676,0.14220326213533271,-0.13500000000000156,15.55625,153e3352bb1369069ccda89ff7b5e72876002da996346c40fd8ec2a06899289f,d66fb8f563ea93f8a06ad1ea25ac7cb593da433ee58f851943291a1b920db95b,7.327471962526033e-15,8
A_high_1,A,,4,"{""b_ratio"": 2.5, ""bias"": 3.0, ""fitness_mode"": ""count"", ""floor"": 0.1, ""jitter"": 0, ""motif_length"": 5, ""mutation_rate"": 0.001, ""n_cells"": 80, ""n_gens"": 150, ""n_metabolites"": 4, ""n_segments"": 4, ""n_seqs"": 8, ""p"": 0.7679481755549072, ""penalty"": 0.5, ""penalty_ratio"": 0.25, ""reward"": 2.0, ""segment_order"": ""native"", ""seq_len"": 60, ""sigma"": 0.8417708762874557, ""sigma_ratio"": 0.7014757302395465, ""stride"": 1, ""temperature"": 1.2}",3770074251,0.09844634195476959,0.34990985258417445,0.25146351062940486,0.3454850260416644,0.14986289281223797,-0.2711458333333372,15.47890625,f1ce0fa6ca2263298caeff21e5291d53676e3615fd97ea47793afbb9b4c05d23,5b6db078711fc771290db63e8714d915db70e9d094b2339f51dbfe36be7ef284,9.880984919163893e-15,8
A_high_1,A,,5,"{""b_ratio"": 2.5, ""bias"": 3.0, ""fitness_mode"": ""count"", ""floor"": 0.1, ""jitter"": 0, ""motif_length"": 5, ""mutation_rate"": 0.001, ""n_cells"": 80, ""n_gens"": 150, ""n_metabolites"": 4, ""n_segments"": 4, ""n_seqs"": 8, ""p"": 0.7679481755549072, ""penalty"": 0.5, ""penalty_ratio"": 0.25, ""reward"": 2.0, ""segment_order"": ""native"", ""seq_len"": 60, ""sigma"": 0.8417708762874557, ""sigma_ratio"": 0.7014757302395465, ""stride"": 1, ""temperature"": 1.2}",1612636922,0.10783916930594067,0.36043060207617117,0.2525914327702305,0.3861338975694437,0.0893197215597987,0.3723437499999971,15.2296875,520d6328b3665d344b5b3c78bb9c9f74bf68f73fd5f6d429ac0400eaf93edc24,f6f77920725615fe6d7e4ff733eb41844e6d3fd996dd0cec10baa7935c803e4e,1.1546319456101628e-14,8
A_high_1,A,,6,"{""b_ratio"": 2.5, ""bias"": 3.0, ""fitness_mode"": ""count"", ""floor"": 0.1, ""jitter"": 0, ""motif_length"": 5, ""mutation_rate"": 0.001, ""n_cells"": 80, ""n_gens"": 150, ""n_metabolites"": 4, ""n_segments"": 4, ""n_seqs"": 8, ""p"": 0.7679481755549072, ""penalty"": 0.5, ""penalty_ratio"": 0.25, ""reward"": 2.0, ""segment_order"": ""native"", ""seq_len"": 60, ""sigma"": 0.8417708762874557, ""sigma_ratio"": 0.7014757302395465, ""stride"": 1, ""temperature"": 1.2}",824564733,0.0956222870743812,0.3487608369953153,0.2531385499209341,0.36798502604166594,0.18977968321821687,0.13649999999999984,15.16875,23334ad2850dc34210ab48f131af28f1ef346ce685a28d096556cb2ca6cc0375,f08c87844f9ae6df01b8f60f019aa92eeb272a48bfcf8213edb12e40c4a74029,1.176836406102666e-14,8
A_high_1,A,,7,"{""b_ratio"": 2.5, ""bias"": 3.0, ""fitness_mode"": ""count"", ""floor"": 0.1, ""jitter"": 0, ""motif_length"": 5, ""mutation_rate"": 0.001, ""n_cells"": 80, ""n_gens"": 150, ""n_metabolites"": 4, ""n_segments"": 4, ""n_seqs"": 8, ""p"": 0.7679481755549072, ""penalty"": 0.5, ""penalty_ratio"": 0.25, ""reward"": 2.0, ""segment_order"": ""native"", ""seq_len"": 60, ""sigma"": 0.8417708762874557, ""sigma_ratio"": 0.7014757302395465, ""stride"": 1, ""temperature"": 1.2}",201468187,0.09724800721418778,0.34667402304396655,0.24942601582977877,0.4835313585069432,0.1063919693613392,0.12088541666666686,15.62421875,6c0e03caa035bddc22fa3c3334976be24ad90bc9a8ac38646201746126432a91,5e16b8560390055cb852bf97eeb2cf731b8feb369cc02a9f549b9f792320474e,9.658940314238862e-15,8
A_high_2,A,,0,"{""b_ratio"": 2.5, ""bias"": 3.0, ""fitness_mode"": ""count"", ""floor"": 0.1, ""jitter"": 0, ""motif_length"": 5, ""mutation_rate"": 0.001, ""n_cells"": 80, ""n_gens"": 150, ""n_metabolites"": 4, ""n_segments"": 4, ""n_seqs"": 8, ""p"": 0.49988902632934684, ""penalty"": 0.5, ""penalty_ratio"": 0.25, ""reward"": 2.0, ""segment_order"": ""native"", ""seq_len"": 60, ""sigma"": 0.6583592655299071, ""sigma_ratio"": 0.5486327212749226, ""stride"": 1, ""temperature"": 1.2}",1695908784,0.05635829107397855,0.3213349215743925,0.2649766305004139,0.08332519531250093,0.024913545340955072,-0.2634635416666651,13.34609375,8278278cf2c81e89af96729eb05796e754201c90f08fdf2dd8e87ebc59522b94,1eaaadd58604e89f091cfa8f098cb51ab8bc0fef29c5a3dd57ab7e70ce4cd207,8.548717289613705e-15,8
A_high_2,A,,1,"{""b_ratio"": 2.5, ""bias"": 3.0, ""fitness_mode"": ""count"", ""floor"": 0.1, ""jitter"": 0, ""motif_length"": 5, ""mutation_rate"": 0.001, ""n_cells"": 80, ""n_gens"": 150, ""n_metabolites"": 4, ""n_segments"": 4, ""n_seqs"": 8, ""p"": 0.49988902632934684, ""penalty"": 0.5, ""penalty_ratio"": 0.25, ""reward"": 2.0, ""segment_order"": ""native"", ""seq_len"": 60, ""sigma"": 0.6583592655299071, ""sigma_ratio"": 0.5486327212749226, ""stride"": 1, ""temperature"": 1.2}",2640542986,0.054247690132886495,0.31564434219272375,0.26139665205983725,0.06897732204861162,0.0615232695067441,-0.05882812500000156,12.61875,69df92a3680979d8433d6d2eab84061bd8c283b1b4fed35f123dfcf9701c7148,dacd5552d1d73153189eeedfee9174f59b3720eeac281bc4171ed7db92aee85b,4.884981308350689e-15,8
A_high_2,A,,2,"{""b_ratio"": 2.5, ""bias"": 3.0, ""fitness_mode"": ""count"", ""floor"": 0.1, ""jitter"": 0, ""motif_length"": 5, ""mutation_rate"": 0.001, ""n_cells"": 80, ""n_gens"": 150, ""n_metabolites"": 4, ""n_segments"": 4, ""n_seqs"": 8, ""p"": 0.49988902632934684, ""penalty"": 0.5, ""penalty_ratio"": 0.25, ""reward"": 2.0, ""segment_order"": ""native"", ""seq_len"": 60, ""sigma"": 0.6583592655299071, ""sigma_ratio"": 0.5486327212749226, ""stride"": 1, ""temperature"": 1.2}",3931549958,0.05874064802778278,0.3223766999499854,0.26363605192220263,0.12173665364583308,0.09866451725520439,-0.06552083333333591,12.56640625,4cc441975dcdc9b1afb52a506ceecd864f4550c150645e5b8f385f04ca2a4f9b,28d7cebef1fd46e2ef499d84cbe4c7d150dc52e00908c71defc66366db5f536f,7.882583474838611e-15,8
A_high_2,A,,3,"{""b_ratio"": 2.5, ""bias"": 3.0, ""fitness_mode"": ""count"", ""floor"": 0.1, ""jitter"": 0, ""motif_length"": 5, ""mutation_rate"": 0.001, ""n_cells"": 80, ""n_gens"": 150, ""n_metabolites"": 4, ""n_segments"": 4, ""n_seqs"": 8, ""p"": 0.49988902632934684, ""penalty"": 0.5, ""penalty_ratio"": 0.25, ""reward"": 2.0, ""segment_order"": ""native"", ""seq_len"": 60, ""sigma"": 0.6583592655299071, ""sigma_ratio"": 0.5486327212749226, ""stride"": 1, ""temperature"": 1.2}",2527459467,0.06008928710117856,0.32470629575163157,0.264617008650453,0.10061360677083342,0.06494798316789796,-0.13633854166667092,12.734375,1436a9f66bf92c95893d7dad256b1b671ba9b5507c0a74a16093334fc889ea87,d762f7968b880b4364f9d4b6cc785702fe3caef23d4088ba41d6f4021d4dad80,6.217248937900877e-15,8
A_high_2,A,,4,"{""b_ratio"": 2.5, ""bias"": 3.0, ""fitness_mode"": ""count"", ""floor"": 0.1, ""jitter"": 0, ""motif_length"": 5, ""mutation_rate"": 0.001, ""n_cells"": 80, ""n_gens"": 150, ""n_metabolites"": 4, ""n_segments"": 4, ""n_seqs"": 8, ""p"": 0.49988902632934684, ""penalty"": 0.5, ""penalty_ratio"": 0.25, ""reward"": 2.0, ""segment_order"": ""native"", ""seq_len"": 60, ""sigma"": 0.6583592655299071, ""sigma_ratio"": 0.5486327212749226, ""stride"": 1, ""temperature"": 1.2}",3155861433,0.05115115008706256,0.31534507237725773,0.26419392229019517,0.09536078559027761,0.08579803182740672,0.002072916666664426,12.68984375,f0744409cd65d3fbe644f8b06c3607746ffd66fdad5fd085370f8717fa7f2694,e8692f5e7aa98ab7b1411821bd11f28efd80450f8c05900ddf53e8ff6f7513ac,6.328271240363392e-15,8
A_high_2,A,,5,"{""b_ratio"": 2.5, ""bias"": 3.0, ""fitness_mode"": ""count"", ""floor"": 0.1, ""jitter"": 0, ""motif_length"": 5, ""mutation_rate"": 0.001, ""n_cells"": 80, ""n_gens"": 150, ""n_metabolites"": 4, ""n_segments"": 4, ""n_seqs"": 8, ""p"": 0.49988902632934684, ""penalty"": 0.5, ""penalty_ratio"": 0.25, ""reward"": 2.0, ""segment_order"": ""native"", ""seq_len"": 60, ""sigma"": 0.6583592655299071, ""sigma_ratio"": 0.5486327212749226, ""stride"": 1, ""temperature"": 1.2}",1851808465,0.05775637880867185,0.3220548464530911,0.2642984676444193,0.04488226996527711,0.09169315660154298,0.037796875000001506,12.49375,c3c7864637d64c077c82b5031a5fd988a30c734e0f6e29703a8643e1925c8536,33680f418e449937f47860d3097526096ee2a63651d4fd23f5fb7c433faaed8f,6.994405055138486e-15,8
A_high_2,A,,6,"{""b_ratio"": 2.5, ""bias"": 3.0, ""fitness_mode"": ""count"", ""floor"": 0.1, ""jitter"": 0, ""motif_length"": 5, ""mutation_rate"": 0.001, ""n_cells"": 80, ""n_gens"": 150, ""n_metabolites"": 4, ""n_segments"": 4, ""n_seqs"": 8, ""p"": 0.49988902632934684, ""penalty"": 0.5, ""penalty_ratio"": 0.25, ""reward"": 2.0, ""segment_order"": ""native"", ""seq_len"": 60, ""sigma"": 0.6583592655299071, ""sigma_ratio"": 0.5486327212749226, ""stride"": 1, ""temperature"": 1.2}",388092574,0.05341834696534109,0.3162083892328652,0.2627900422675241,0.050712348090278025,0.08959201906852708,-0.09508854166666758,13.1328125,54573ac84fe4418ed60b5af56e066e54edc78b924673369ac489180cddc6be9e,7f2ab0e85fdd62d01f932b93832206b6d1b01121d4d064993a31ea732c6d9caf,5.551115123125783e-15,8
A_high_2,A,,7,"{""b_ratio"": 2.5, ""bias"": 3.0, ""fitness_mode"": ""count"", ""floor"": 0.1, ""jitter"": 0, ""motif_length"": 5, ""mutation_rate"": 0.001, ""n_cells"": 80, ""n_gens"": 150, ""n_metabolites"": 4, ""n_segments"": 4, ""n_seqs"": 8, ""p"": 0.49988902632934684, ""penalty"": 0.5, ""penalty_ratio"": 0.25, ""reward"": 2.0, ""segment_order"": ""native"", ""seq_len"": 60, ""sigma"": 0.6583592655299071, ""sigma_ratio"": 0.5486327212749226, ""stride"": 1, ""temperature"": 1.2}",2576089725,0.05554666036295264,0.3186840759903073,0.26313741562735465,0.10924913194444485,0.038677839864522015,0.025614583333336327,12.5375,a846b48f879ab1003aa204dd08f281ac03a8044149a94f5520b85ecc33dac233,4722ccbcd939eb51629e023d7499dbd3011b5a9f9d42c27af02001146d9e81e5,5.440092820663267e-15,8
A_high_3,A,,0,"{""b_ratio"": 2.5, ""bias"": 3.0, ""fitness_mode"": ""count"", ""floor"": 0.1, ""jitter"": 0, ""motif_length"": 5, ""mutation_rate"": 0.001, ""n_cells"": 80, ""n_gens"": 150, ""n_metabolites"": 4, ""n_segments"": 4, ""n_seqs"": 8, ""p"": 0.6604785743322008, ""penalty"": 0.5, ""penalty_ratio"": 0.25, ""reward"": 2.0, ""segment_order"": ""native"", ""seq_len"": 60, ""sigma"": 0.10387895384437114, ""sigma_ratio"": 0.08656579487030928, ""stride"": 1, ""temperature"": 1.2}",2525113498,-0.0031200093276212704,0.24487930454646395,0.24799931387408522,-0.006145833333332851,0.019034206916124216,-0.019281250000000583,8.51875,b784445928ddc8a51eb926bcf83cb4c813a32a947ebb086b487200ba0c6ec4e9,3b5ff0b80542d5410f3c3a12694375ff9a3cf6b1d4d080715dc2e3a8e073ab9e,5.995204332975845e-15,8
A_high_3,A,,1,"{""b_ratio"": 2.5, ""bias"": 3.0, ""fitness_mode"": ""count"", ""floor"": 0.1, ""jitter"": 0, ""motif_length"": 5, ""mutation_rate"": 0.001, ""n_cells"": 80, ""n_gens"": 150, ""n_metabolites"": 4, ""n_segments"": 4, ""n_seqs"": 8, ""p"": 0.6604785743322008, ""penalty"": 0.5, ""penalty_ratio"": 0.25, ""reward"": 2.0, ""segment_order"": ""native"", ""seq_len"": 60, ""sigma"": 0.10387895384437114, ""sigma_ratio"": 0.08656579487030928, ""stride"": 1, ""temperature"": 1.2}",691160820,-2.2940949303995595e-05,0.2461547976093394,0.2461777385586434,-0.008293728298611747,0.03485680325492467,0.0763489583333321,8.06640625,d2b66fcdf96b891cfe0001b707f03608e0cbbae1971ddc68196f3cb4cedc7d0d,bc8fcfaad4bfcbc9ac6446c84f19e1f71211c2bd2b61d0ec30931eea9b6457ff,6.8833827526759706e-15,8
A_high_3,A,,2,"{""b_ratio"": 2.5, ""bias"": 3.0, ""fitness_mode"": ""count"", ""floor"": 0.1, ""jitter"": 0, ""motif_length"": 5, ""mutation_rate"": 0.001, ""n_cells"": 80, ""n_gens"": 150, ""n_metabolites"": 4, ""n_segments"": 4, ""n_seqs"": 8, ""p"": 0.6604785743322008, ""penalty"": 0.5, ""penalty_ratio"": 0.25, ""reward"": 2.0, ""segment_order"": ""native"", ""seq_len"": 60, ""sigma"": 0.10387895384437114, ""sigma_ratio"": 0.08656579487030928, ""stride"": 1, ""temperature"": 1.2}",370504687,0.0003579480502968746,0.2505314278248994,0.2501734797746025,0.0066704644097212995,0.03390751898108063,-0.07451562499999831,9.1421875,780766fd1cb66eab86ad9b32b1b8d9f7487a5e29ff20f5a76e8d7d6d3f8365a8,90491deb1bd7eb7658024079be5afe2a98477f49e5eaf82d0252650ee7b72ff4,5.329070518200751e-15,8
A_high_3,A,,3,"{""b_ratio"": 2.5, ""bias"": 3.0, ""fitness_mode"": ""count"", ""floor"": 0.1, ""jitter"": 0, ""motif_length"": 5, ""mutation_rate"": 0.001, ""n_cells"": 80, ""n_gens"": 150, ""n_metabolites"": 4, ""n_segments"": 4, ""n_seqs"": 8, ""p"": 0.6604785743322008, ""penalty"": 0.5, ""penalty_ratio"": 0.25, ""reward"": 2.0, ""segment_order"": ""native"", ""seq_len"": 60, ""sigma"": 0.10387895384437114, ""sigma_ratio"": 0.08656579487030928, ""stride"": 1, ""temperature"": 1.2}",322574067,0.0017737374529507022,0.24881631915500058,0.24704258170204987,0.006647135416666172,0.02334881673204999,0.06427083333333528,8.060625,86df6715ae072c25bd5f77055ce922afe07976db5bb0619d33ec7bcd3cac60bf,40070240c3387366a21220840c6f774cb77d53b400a372f95788e9619a7c6302,5.773159728050814e-15,8
A_high_3,A,,4,"{""b_ratio"": 2.5, ""bias"": 3.0, ""fitness_mode"": ""count"", ""floor"": 0.1, ""jitter"": 0, ""motif_length"": 5, ""mutation_rate"": 0.001, ""n_cells"": 80, ""n_gens"": 150, ""n_metabolites"": 4, ""n_segments"": 4, ""n_seqs"": 8, ""p"": 0.6604785743322008, ""penalty"": 0.5, ""penalty_ratio"": 0.25, ""reward"": 2.0, ""segment_order"": ""native"", ""seq_len"": 60, ""sigma"": 0.10387895384437114, ""sigma_ratio"": 0.08656579487030928, ""stride"": 1, ""temperature"": 1.2}",3751566190,-0.0029280694712325306,0.24602646787253968,0.2489545373437722,0.024765082465276977,0.02751090445325581,-0.0019010416666649377,7.34375,aaff176bca7f9395dc9f609dbea58effcd2680ac7e1c098bb0c5a468ead488c9,8edd617be672ea70051361d8647ce45971c07d68a6b528070d8d8099f19d8a11,5.995204332975845e-15,8
A_high_3,A,,5,"{""b_ratio"": 2.5, ""bias"": 3.0, ""fitness_mode"": ""count"", ""floor"": 0.1, ""jitter"": 0, ""motif_length"": 5, ""mutation_rate"": 0.001, ""n_cells"": 80, ""n_gens"": 150, ""n_metabolites"": 4, ""n_segments"": 4, ""n_seqs"": 8, ""p"": 0.6604785743322008, ""penalty"": 0.5, ""penalty_ratio"": 0.25, ""reward"": 2.0, ""segment_order"": ""native"", ""seq_len"": 60, ""sigma"": 0.10387895384437114, ""sigma_ratio"": 0.08656579487030928, ""stride"": 1, ""temperature"": 1.2}",1699934181,0.0013142481619114466,0.246740910419522,0.24542666225761056,0.009745551215277093,0.029649847050373747,-0.07345833333333118,7.909531250000001,71f007379243e9ddf99d9ebc2430585c6fbb8fb7fc5fb25d7339b35717c90e91,294497bb334bd2f7aae2ac2fb18e449f3655d48f76a4cd3a291ca6aafdfeca88,5.662137425588298e-15,8
A_high_3,A,,6,"{""b_ratio"": 2.5, ""bias"": 3.0, ""fitness_mode"": ""count"", ""floor"": 0.1, ""jitter"": 0, ""motif_length"": 5, ""mutation_rate"": 0.001, ""n_cells"": 80, ""n_gens"": 150, ""n_metabolites"": 4, ""n_segments"": 4, ""n_seqs"": 8, ""p"": 0.6604785743322008, ""penalty"": 0.5, ""penalty_ratio"": 0.25, ""reward"": 2.0, ""segment_order"": ""native"", ""seq_len"": 60, ""sigma"": 0.10387895384437114, ""sigma_ratio"": 0.08656579487030928, ""stride"": 1, ""temperature"": 1.2}",2605799526,0.0024121623041836737,0.25119735332635035,0.24878519102216667,0.014487847222222516,0.04277494749490041,-0.006354166666666217,8.63453125,bf063134fe0e0c8b93baeadd5f402db72c8b58f31af6606df78841b4445ef4f7,6ec6e590e9fd978af88a969069c55bf39fa4a48ff7a03b163e3bafc3b2356df7,9.769962616701378e-15,8
A_high_3,A,,7,"{""b_ratio"": 2.5, ""bias"": 3.0, ""fitness_mode"": ""count"", ""floor"": 0.1, ""jitter"": 0, ""motif_length"": 5, ""mutation_rate"": 0.001, ""n_cells"": 80, ""n_gens"": 150, ""n_metabolites"": 4, ""n_segments"": 4, ""n_seqs"": 8, ""p"": 0.6604785743322008, ""penalty"": 0.5, ""penalty_ratio"": 0.25, ""reward"": 2.0, ""segment_order"": ""native"", ""seq_len"": 60, ""sigma"": 0.10387895384437114, ""sigma_ratio"": 0.08656579487030928, ""stride"": 1, ""temperature"": 1.2}",2694152826,-0.002336919309637475,0.2468369931334368,0.24917391244307427,-0.010192599826388982,0.020876565172497332,0.24090624999999832,8.53203125,441d97f085b47baf5285c285c164dc0cd0ecfcc47ee50c9174aeffc7f830d865,66e2c3949e52b844013089bc0686ef9dfc9ee6351a6d250a0fcefdd53675dcb2,5.10702591327572e-15,8
A_low_0,A,,0,"{""b_ratio"": 0.5, ""bias"": 0.6, ""fitness_mode"": ""count"", ""floor"": 0.1, ""jitter"": 0, ""motif_length"": 5, ""mutation_rate"": 0.001, ""n_cells"": 80, ""n_gens"": 150, ""n_metabolites"": 4, ""n_segments"": 4, ""n_seqs"": 8, ""p"": 0.7242701884192739, ""penalty"": 0.5, ""penalty_ratio"": 0.25, ""reward"": 2.0, ""segment_order"": ""native"", ""seq_len"": 60, ""sigma"": 1.5104126285878057, ""sigma_ratio"": 1.2586771904898382, ""stride"": 1, ""temperature"": 1.2}",3134045044,0.49160274556240263,0.7746411757895164,0.2830384302271138,0.3164659288194409,0.12818668075559267,0.0894270833333266,45.34296875,6652d010b85f1ce1a64989782029a09a058954954ee7e3017c40c3274bb1e521,4ba4e26e05a48cd05bce7232f195be0d1daf05b71486fe378c467df288ef36b9,4.496403249731884e-15,8
A_low_0,A,,1,"{""b_ratio"": 0.5, ""bias"": 0.6, ""fitness_mode"": ""count"", ""floor"": 0.1, ""jitter"": 0, ""motif_length"": 5, ""mutation_rate"": 0.001, ""n_cells"": 80, ""n_gens"": 150, ""n_metabolites"": 4, ""n_segments"": 4, ""n_seqs"": 8, ""p"": 0.7242701884192739, ""penalty"": 0.5, ""penalty_ratio"": 0.25, ""reward"": 2.0, ""segment_order"": ""native"", ""seq_len"": 60, ""sigma"": 1.5104126285878057, ""sigma_ratio"": 1.2586771904898382, ""stride"": 1, ""temperature"": 1.2}",2828897304,0.488947168370439,0.7737662267181964,0.2848190583477574,0.26162923177083197,0.10598698484612554,0.03901041666666316,45.465625,02626215a0650d0f8d34742972215d02cddade02a716318fe003241322947538,7e35207250ca2dd20bc1ba001ea4b88b87c6cd0d8e7d7bc6aa209663728e6cc5,2.3314683517128287e-15,8
A_low_0,A,,2,"{""b_ratio"": 0.5, ""bias"": 0.6, ""fitness_mode"": ""count"", ""floor"": 0.1, ""jitter"": 0, ""motif_length"": 5, ""mutation_rate"": 0.001, ""n_cells"": 80, ""n_gens"": 150, ""n_metabolites"": 4, ""n_segments"": 4, ""n_seqs"": 8, ""p"": 0.7242701884192739, ""penalty"": 0.5, ""penalty_ratio"": 0.25, ""reward"": 2.0, ""segment_order"": ""native"", ""seq_len"": 60, ""sigma"": 1.5104126285878057, ""sigma_ratio"": 1.2586771904898382, ""stride"": 1, ""temperature"": 1.2}",1042645776,0.49197046726623356,0.775569385073746,0.2835989178075124,0.2959092881944434,0.14428553334477495,-0.050859375000001705,45.49765625,8c9c2a4ff09ecbaf60383417c6a06e35bb174cdda35c66123779487910724929,defce9ef7b2cb4ed9c098ddbc7943aa01cfb629c775d2eea14f8e1f2d2a24f12,2.3314683517128287e-15,8
A_low_0,A,,3,"{""b_ratio"": 0.5, ""bias"": 0.6, ""fitness_mode"": ""count"", ""floor"": 0.1, ""jitter"": 0, ""motif_length"": 5, ""mutation_rate"": 0.001, ""n_cells"": 80, ""n_gens"": 150, ""n_metabolites"": 4, ""n_segments"": 4, ""n_seqs"": 8, ""p"": 0.7242701884192739, ""penalty"": 0.5, ""penalty_ratio"": 0.25, ""reward"": 2.0, ""segment_order"": ""native"", ""seq_len"": 60, ""sigma"": 1.5104126285878057, ""sigma_ratio"": 1.2586771904898382, ""stride"": 1, ""temperature"": 1.2}",834686157,0.5024294266540357,0.786510105541108,0.2840806788870723,0.318063693576387,0.09694253837657427,-0.051692708333327175,44.94375,79a777d23ce090f26305b7e67e7cc19c2672f3e417dfe5170f955a4c2433db5d,b59fefdfdf70f423c1849d12894a0e41fc7ac896969d2410f193c6d78ae298ce,2.6645352591003757e-15,8
A_low_0,A,,4,"{""b_ratio"": 0.5, ""bias"": 0.6, ""fitness_mode"": ""count"", ""floor"": 0.1, ""jitter"": 0, ""motif_length"": 5, ""mutation_rate"": 0.001, ""n_cells"": 80, ""n_gens"": 150, ""n_metabolites"": 4, ""n_segments"": 4, ""n_seqs"": 8, ""p"": 0.7242701884192739, ""penalty"": 0.5, ""penalty_ratio"": 0.25, ""reward"": 2.0, ""segment_order"": ""native"", ""seq_len"": 60, ""sigma"": 1.5104126285878057, ""sigma_ratio"": 1.2586771904898382, ""stride"": 1, ""temperature"": 1.2}",3528346283,0.49512701908321927,0.7784097160676636,0.28328269698444436,0.2892388237847241,0.15390884765648868,-0.2445312499999872,45.20234375,ef4fa7b2e28443fa0eac5f66102e0f7d68e6d0302aa1f7ffd9a12d0bb3524434,fea83b22f9cd80637f06b6cfd9ccbcccabb82b9f1a157cd4edb8d196e6a968b6,3.3306690738754696e-15,8
A_low_0,A,,5,"{""b_ratio"": 0.5, ""bias"": 0.6, ""fitness_mode"": ""count"", ""floor"": 0.1, ""jitter"": 0, ""motif_length"": 5, ""mutation_rate"": 0.001, ""n_cells"": 80, ""n_gens"": 150, ""n_metabolites"": 4, ""n_segments"": 4, ""n_seqs"": 8, ""p"": 0.7242701884192739, ""penalty"": 0.5, ""penalty_ratio"": 0.25, ""reward"": 2.0, ""segment_order"": ""native"", ""seq_len"": 60, ""sigma"": 1.5104126285878057, ""sigma_ratio"": 1.2586771904898382, ""stride"": 1, ""temperature"": 1.2}",1716715392,0.5047933688471502,0.7889785048591782,0.28418513601202794,0.3768202039930575,0.0825081093061422,0.21479166666667027,45.82109375,92e006e6acc7ed587962ab569681e77b6187a7fbc2ad7baa3dbeb23d2c37e2a0,ccf05fe76f1777685cca1096c63c73fcec77ffcd39b8f8bbe541925ad5fbba8f,3.9968028886505635e-15,8
A_low_0,A,,6,"{""b_ratio"": 0.5, ""bias"": 0.6, ""fitness_mode"": ""count"", ""floor"": 0.1, ""jitter"": 0, ""motif_length"": 5, ""mutation_rate"": 0.001, ""n_cells"": 80, ""n_gens"": 150, ""n_metabolites"": 4, ""n_segments"": 4, ""n_seqs"": 8, ""p"": 0.7242701884192739, ""penalty"": 0.5, ""penalty_ratio"": 0.25, ""reward"": 2.0, ""segment_order"": ""native"", ""seq_len"": 60, ""sigma"": 1.5104126285878057, ""sigma_ratio"": 1.2586771904898382, ""stride"": 1, ""temperature"": 1.2}",3770371961,0.4892752720124756,0.7742046868577388,0.2849294148452632,0.32416720920138964,0.08026871996194117,-0.2524479166666822,45.78125,bdd09673c169b2ce5d244d72df9d84785d7d03bb8dd0f9e466a192f7ae88990a,fe39c35cdcd0520128c52a50401f1118ae3b6e4b36d81588e762e5a3b84e4c0b,2.55351295663786e-15,8
A_low_0,A,,7,"{""b_ratio"": 0.5, ""bias"": 0.6, ""fitness_mode"": ""count"", ""floor"": 0.1, ""jitter"": 0, ""motif_length"": 5, ""mutation_rate"": 0.001, ""n_cells"": 80, ""n_gens"": 150, ""n_metabolites"": 4, ""n_segments"": 4, ""n_seqs"": 8, ""p"": 0.7242701884192739, ""penalty"": 0.5, ""penalty_ratio"": 0.25, ""reward"": 2.0, ""segment_order"": ""native"", ""seq_len"": 60, ""sigma"": 1.5104126285878057, ""sigma_ratio"": 1.2586771904898382, ""stride"": 1, ""temperature"": 1.2}",2615200273,0.5041889397644581,0.7884384792440784,0.2842495394796203,0.3541503906249934,0.13164720790178908,0.010937499999997158,45.68046875,3fc2d1db059964237a2cc6718597f843807680eab25f091df650d44cabc2b373,59c3b02340b5d4f1ac19af6e0f9de9abba97ccd60c69e138582978d59644a425,2.55351295663786e-15,8
A_low_1,A,,0,"{""b_ratio"": 0.5, ""bias"": 0.6, ""fitness_mode"": ""count"", ""floor"": 0.1, ""jitter"": 0, ""motif_length"": 5, ""mutation_rate"": 0.001, ""n_cells"": 80, ""n_gens"": 150, ""n_metabolites"": 4, ""n_segments"": 4, ""n_seqs"": 8, ""p"": 0.42406418966278575, ""penalty"": 0.5, ""penalty_ratio"": 0.25, ""reward"": 2.0, ""segment_order"": ""native"", ""seq_len"": 60, ""sigma"": 0.08858476765181077, ""sigma_ratio"": 0.0738206397098423, ""stride"": 1, ""temperature"": 1.2}",1695618479,0.003221768285123605,0.2914063553633668,0.2881845870782432,-0.0012315538194425102,0.03658996624078378,-0.028567708333341102,44.64765625,25b7fa3687fc1baaf233fbc4753adc6191a367ff50770b6e394fd96cb7fba9c4,4790f5e1db568fd02cb97b2d4a43f2099754771f994ba3924d4cc26168edd107,2.220446049250313e-15,8
A_low_1,A,,1,"{""b_ratio"": 0.5, ""bias"": 0.6, ""fitness_mode"": ""count"", ""floor"": 0.1, ""jitter"": 0, ""motif_length"": 5, ""mutation_rate"": 0.001, ""n_cells"": 80, ""n_gens"": 150, ""n_metabolites"": 4, ""n_segments"": 4, ""n_seqs"": 8, ""p"": 0.42406418966278575, ""penalty"": 0.5, ""penalty_ratio"": 0.25, ""reward"": 2.0, ""segment_order"": ""native"", ""seq_len"": 60, ""sigma"": 0.08858476765181077, ""sigma_ratio"": 0.0738206397098423, ""stride"": 1, ""temperature"": 1.2}",3798615708,-0.00041266941839152027,0.28821153574363456,0.2886242051620261,0.016970486111108407,0.030095973804941913,-0.006067708333333144,44.0625,187d50068f7280a1ad65602b9da2952ca2696137305f2bd15464af533e24c001,1905e222eba7b53f63d05a6ecaed9613c5877e72c338561db96937611dac24a1,3.2751579226442118e-15,8
A_low_1,A,,2,"{""b_ratio"": 0.5, ""bias"": 0.6, ""fitness_mode"": ""count"", ""floor"": 0.1, ""jitter"": 0, ""motif_length"": 5, ""mutation_rate"": 0.001, ""n_cells"": 80, ""n_gens"": 150, ""n_metabolites"": 4, ""n_segments"": 4, ""n_seqs"": 8, ""p"": 0.42406418966278575, ""penalty"": 0.5, ""penalty_ratio"": 0.25, ""reward"": 2.0, ""segment_order"": ""native"", ""seq_len"": 60, ""sigma"": 0.08858476765181077, ""sigma_ratio"": 0.0738206397098423, ""stride"": 1, ""temperature"": 1.2}",1343786589,-0.0008180911623283937,0.2877626167912948,0.2885807079536232,0.0025336371527791,0.027278643983571858,-0.17276041666668362,44.184375,1e24d7f7e5f9d1b5238fb179a45249594f84ce5b990375318fb5f0cecd86cf47,ab51dbb898bc50fcf3b92fa38921fdf2bcdb975e1ba66eb1d557755912bf78d3,3.3306690738754696e-15,8
A_low_1,A,,3,"{""b_ratio"": 0.5, ""bias"": 0.6, ""fitness_mode"": ""count"", ""floor"": 0.1, ""jitter"": 0, ""motif_length"": 5, ""mutation_rate"": 0.001, ""n_cells"": 80, ""n_gens"": 150, ""n_metabolites"": 4, ""n_segments"": 4, ""n_seqs"": 8, ""p"": 0.42406418966278575, ""penalty"": 0.5, ""penalty_ratio"": 0.25, ""reward"": 2.0, ""segment_order"": ""native"", ""seq_len"": 60, ""sigma"": 0.08858476765181077, ""sigma_ratio"": 0.0738206397098423, ""stride"": 1, ""temperature"": 1.2}",2163467687,0.0076846551095055005,0.29586842624659704,0.28818377113709154,-0.006518554687496625,0.03817070634799554,0.025807291666666288,44.3515625,f1b80276f199b9cc14315694463cf1993a525ce13f4ac44704e2234b8550bb9a,de66226aaa70b0a8957bcaed33d7cb7f22c488b233fd17f769235d5e74c483d3,2.9976021664879227e-15,8
A_low_1,A,,4,"{""b_ratio"": 0.5, ""bias"": 0.6, ""fitness_mode"": ""count"", ""floor"": 0.1, ""jitter"": 0, ""motif_length"": 5, ""mutation_rate"": 0.001, ""n_cells"": 80, ""n_gens"": 150, ""n_metabolites"": 4, ""n_segments"": 4, ""n_seqs"": 8, ""p"": 0.42406418966278575, ""penalty"": 0.5, ""penalty_ratio"": 0.25, ""reward"": 2.0, ""segment_order"": ""native"", ""seq_len"": 60, ""sigma"": 0.08858476765181077, ""sigma_ratio"": 0.0738206397098423, ""stride"": 1, ""temperature"": 1.2}",4019075298,0.0047336937365700105,0.2932590432706376,0.2885253495340676,-0.0034152560763942574,0.028445581458610706,-0.03945312500000142,43.665625,da208e35b9c2bea35c4a917f39c5bd02f6b7663a07aa1a31d12a9aebd52f4594,e15f1b30abd72802bde11cde6592f071c602b0f66f31a5bcad5c0110d553bcfa,1.8318679906315083e-15,8
A_low_1,A,,5,"{""b_ratio"": 0.5, ""bias"": 0.6, ""fitness_mode"": ""count"", ""floor"": 0.1, ""jitter"": 0, ""motif_length"": 5, ""mutation_rate"": 0.001, ""n_cells"": 80, ""n_gens"": 150, ""n_metabolites"": 4, ""n_segments"": 4, ""n_seqs"": 8, ""p"": 0.42406418966278575, ""penalty"": 0.5, ""penalty_ratio"": 0.25, ""reward"": 2.0, ""segment_order"": ""native"", ""seq_len"": 60, ""sigma"": 0.08858476765181077, ""sigma_ratio"": 0.0738206397098423, ""stride"": 1, ""temperature"": 1.2}",749560058,-0.005049783503939087,0.28357742844311473,0.2886272119470538,0.006540256076385198,0.025764297555879567,0.1848958333333357,44.1796875,c964db7dedf9bad1a04bbd969ee650784c00c5eba84a432a2fbad4d21d5a1c1c,1d7b08bd4c8475f343673d8e8356d8eda97172726d925bacf7dc86b611b7536a,3.164135620181696e-15,8
A_low_1,A,,6,"{""b_ratio"": 0.5, ""bias"": 0.6, ""fitness_mode"": ""count"", ""floor"": 0.1, ""jitter"": 0, ""motif_length"": 5, ""mutation_rate"": 0.001, ""n_cells"": 80, ""n_gens"": 150, ""n_metabolites"": 4, ""n_segments"": 4, ""n_seqs"": 8, ""p"": 0.42406418966278575, ""penalty"": 0.5, ""penalty_ratio"": 0.25, ""reward"": 2.0, ""segment_order"": ""native"", ""seq_len"": 60, ""sigma"": 0.08858476765181077, ""sigma_ratio"": 0.0738206397098423, ""stride"": 1, ""temperature"": 1.2}",1472223286,0.0019316747291917014,0.2910301670487846,0.2890984923195929,0.006502278645830195,0.03087597237711296,0.06692708333334707,44.940625,91a5512b98315a34f7ee7061d4ed62eb2d533daaafb04e60950e2dfa45ce1029,7030e852b7466e9f29dbe89103e84a59538c8081db17a1037a4c922f43199104,4.163336342344337e-15,8
A_low_1,A,,7,"{""b_ratio"": 0.5, ""bias"": 0.6, ""fitness_mode"": ""count"", ""floor"": 0.1, ""jitter"": 0, ""motif_length"": 5, ""mutation_rate"": 0.001, ""n_cells"": 80, ""n_gens"": 150, ""n_metabolites"": 4, ""n_segments"": 4, ""n_seqs"": 8, ""p"": 0.42406418966278575, ""penalty"": 0.5, ""penalty_ratio"": 0.25, ""reward"": 2.0, ""segment_order"": ""native"", ""seq_len"": 60, ""sigma"": 0.08858476765181077, ""sigma_ratio"": 0.0738206397098423, ""stride"": 1, ""temperature"": 1.2}",402857565,0.0019822677896603746,0.28926113410952475,0.2872788663198644,0.001546223958332149,0.03355405231622711,0.04518229166667709,44.546875,4c5d814257091b0eedabda45d8658943467848a6d7c906712989547198e83efa,2083f0195dda1e6ad2854c74012b7ada8e4c540d341e3694d2b2d37a5f76a9b0,2.886579864025407e-15,8
A_low_2,A,,0,"{""b_ratio"": 0.5, ""bias"": 0.6, ""fitness_mode"": ""count"", ""floor"": 0.1, ""jitter"": 0, ""motif_length"": 5, ""mutation_rate"": 0.001, ""n_cells"": 80, ""n_gens"": 150, ""n_metabolites"": 4, ""n_segments"": 4, ""n_seqs"": 8, ""p"": 0.6088979356881583, ""penalty"": 0.5, ""penalty_ratio"": 0.25, ""reward"": 2.0, ""segment_order"": ""native"", ""seq_len"": 60, ""sigma"": 0.8981244267138934, ""sigma_ratio"": 0.7484370222615778, ""stride"": 1, ""temperature"": 1.2}",760663368,0.23686322971743362,0.5237514031552113,0.28688817343777767,0.1185329861111164,0.1181433229431846,-0.0015364583333408177,45.37421875,cf88bebb5cc771794f13433a5ee0c850b673c31132f911d072142c2a9f333727,a339067f0267771a4e3bd4143486ac12ea9917bf7cca7c80117a5309f3ea107c,2.0816681711721685e-15,8
A_low_2,A,,1,"{""b_ratio"": 0.5, ""bias"": 0.6, ""fitness_mode"": ""count"", ""floor"": 0.1, ""jitter"": 0, ""motif_length"": 5, ""mutation_rate"": 0.001, ""n_cells"": 80, ""n_gens"": 150, ""n_metabolites"": 4, ""n_segments"": 4, ""n_seqs"": 8, ""p"": 0.6088979356881583, ""penalty"": 0.5, ""penalty_ratio"": 0.25, ""reward"": 2.0, ""segment_order"": ""native"", ""seq_len"": 60, ""sigma"": 0.8981244267138934, ""sigma_ratio"": 0.7484370222615778, ""stride"": 1, ""temperature"": 1.2}",3494485916,0.23589679940655905,0.5222309481893339,0.28633414878277486,0.15898437499999662,0.08486073566788194,-0.010520833333337976,44.7125,0aa2661e1133150540edf461084b7c3dfbccdb063de8087ed1c1cb0744d06c4b,e0f4e7d0f3b472b138f19a1e6cb453e9820db03647d95b86cf252cb9df2d6a53,2.886579864025407e-15,8
A_low_2,A,,2,"{""b_ratio"": 0.5, ""bias"": 0.6, ""fitness_mode"": ""count"", ""floor"": 0.1, ""jitter"": 0, ""motif_length"": 5, ""mutation_rate"": 0.001, ""n_cells"": 80, ""n_gens"": 150, ""n_metabolites"": 4, ""n_segments"": 4, ""n_seqs"": 8, ""p"": 0.6088979356881583, ""penalty"": 0.5, ""penalty_ratio"": 0.25, ""reward"": 2.0, ""segment_order"": ""native"", ""seq_len"": 60, ""sigma"": 0.8981244267138934, ""sigma_ratio"": 0.7484370222615778, ""stride"": 1, ""temperature"": 1.2}",1341604324,0.2361819166520357,0.5243473931793157,0.28816547652728,0.11867133246528105,0.08532536360563142,-0.052968750000005116,45.0265625,fb1ccf5bfaa3f0eff6be6f66ac9755f5667a3e38175b056573f93f25394815cb,f01955adf4e50762beec13b7addad87447d06ced5bd0672f8f19c6c322825303,2.3037127760972e-15,8
A_low_2,A,,3,"{""b_ratio"": 0.5, ""bias"": 0.6, ""fitness_mode"": ""count"", ""floor"": 0.1, ""jitter"": 0, ""motif_length"": 5, ""mutation_rate"": 0.001, ""n_cells"": 80, ""n_gens"": 150, ""n_metabolites"": 4, ""n_segments"": 4, ""n_seqs"": 8, ""p"": 0.6088979356881583, ""penalty"": 0.5, ""penalty_ratio"": 0.25, ""reward"": 2.0, ""segment_order"": ""native"", ""seq_len"": 60, ""sigma"": 0.8981244267138934, ""sigma_ratio"": 0.7484370222615778, ""stride"": 1, ""temperature"": 1.2}",607831998,0.23294043391509295,0.5198304661993918,0.2868900322842988,0.09197862413194446,0.07789418592948105,0.0586718749999946,44.54609375,a5e4c32a86e7f7faef75cbb12cf7aca2c52dba652c5317ba4adaf971a143a522,0f9076ac3eb96e423b96b9b7c79356e9a8a7881314aea0d3d67d65822be501aa,3.3029134982598407e-15,8
A_low_2,A,,4,"{""b_ratio"": 0.5, ""bias"": 0.6, ""fitness_mode"": ""count"", ""floor"": 0.1, ""jitter"": 0, ""motif_length"": 5, ""mutation_rate"": 0.001, ""n_cells"": 80, ""n_gens"": 150, ""n_metabolites"": 4, ""n_segments"": 4, ""n_seqs"": 8, ""p"": 0.6088979356881583, ""penalty"": 0.5, ""penalty_ratio"": 0.25, ""reward"": 2.0, ""segment_order"": ""native"", ""seq_len"": 60, ""sigma"": 0.8981244267138934, ""sigma_ratio"": 0.7484370222615778, ""stride"": 1, ""temperature"": 1.2}",1721684422,0.23826171522491946,0.5253115984935777,0.2870498832686582,0.10316026475694429,0.0750024318020472,0.058984374999980105,45.29765625,89f87c16d4451f5af6969db4e724126dd64de20c6dc74cb74d34dd616fa88e28,c8910b2316ba41193997edd940c636fd6ef5cf5603910b25afaea0bbe7131313,2.4980018054066022e-15,8
A_low_2,A,,5,"{""b_ratio"": 0.5, ""bias"": 0.6, ""fitness_mode"": ""count"", ""floor"": 0.1, ""jitter"": 0, ""motif_length"": 5, ""mutation_rate"": 0.001, ""n_cells"": 80, ""n_gens"": 150, ""n_metabolites"": 4, ""n_segments"": 4, ""n_seqs"": 8, ""p"": 0.6088979356881583, ""penalty"": 0.5, ""penalty_ratio"": 0.25, ""reward"": 2.0, ""segment_order"": ""native"", ""seq_len"": 60, ""sigma"": 0.8981244267138934, ""sigma_ratio"": 0.7484370222615778, ""stride"": 1, ""temperature"": 1.2}",1976401580,0.23504614112999062,0.5217627169317327,0.2867165758017421,0.11462131076388538,0.08354688680572214,0.08348958333333201,45.05703125,d176aadd6cb7ecd02d8436f4eb7146c583e37a852917fd196feae2d7ba1cb91f,7e27f0829ea83e020d7ea38f8f127851916218f291fda94d134947cde59faa7c,3.524958103184872e-15,8
A_low_2,A,,6,"{""b_ratio"": 0.5, ""bias"": 0.6, ""fitness_mode"": ""count"", ""floor"": 0.1, ""jitter"": 0, ""motif_length"": 5, ""mutation_rate"": 0.001, ""n_cells"": 80, ""n_gens"": 150, ""n_metabolites"": 4, ""n_segments"": 4, ""n_seqs"": 8, ""p"": 0.6088979356881583, ""penalty"": 0.5, ""penalty_ratio"": 0.25, ""reward"": 2.0, ""segment_order"": ""native"", ""seq_len"": 60, ""sigma"": 0.8981244267138934, ""sigma_ratio"": 0.7484370222615778, ""stride"": 1, ""temperature"": 1.2}",2358874570,0.23046347427065078,0.5170506351953277,0.2865871609246769,0.1021131727430582,0.07872003707565321,-0.0560677083333303,45.43046875,e4a6ab7e2835f9e16acb66d4d256bc584fc5ebf0eeab82f460a88636e82cf0c8,f2bbb6dac35db9acdefe7be539aa3e14c3c534c1f04132ffaf43e3eec5be8dd3,3.4416913763379853e-15,8
A_low_2,A,,7,"{""b_ratio"": 0.5, ""bias"": 0.6, ""fitness_mode"": ""count"", ""floor"": 0.1, ""jitter"": 0, ""motif_length"": 5, ""mutation_rate"": 0.001, ""n_cells"": 80, ""n_gens"": 150, ""n_metabolites"": 4, ""n_segments"": 4, ""n_seqs"": 8, ""p"": 0.6088979356881583, ""penalty"": 0.5, ""penalty_ratio"": 0.25, ""reward"": 2.0, ""segment_order"": ""native"", ""seq_len"": 60, ""sigma"": 0.8981244267138934, ""sigma_ratio"": 0.7484370222615778, ""stride"": 1, ""temperature"": 1.2}",1808435524,0.23351053765946256,0.5201366970659467,0.2866261594064841,0.09693739149305625,0.03140661630948466,0.044244791666670835,45.359375,bcdd7a3483149dbb015573e1515220ce202cba61e3bdd5f10b9d386c864867cd,72fe541c64ac130d32bbd20383d3ff0daab418a4350769181311396bb09213c8,4.0245584642661925e-15,8
A_low_3,A,,0,"{""b_ratio"": 0.5, ""bias"": 0.6, ""fitness_mode"": ""count"", ""floor"": 0.1, ""jitter"": 0, ""motif_length"": 5, ""mutation_rate"": 0.001, ""n_cells"": 80, ""n_gens"": 150, ""n_metabolites"": 4, ""n_segments"": 4, ""n_seqs"": 8, ""p"": 0.8843116249339884, ""penalty"": 0.5, ""penalty_ratio"": 0.25, ""reward"": 2.0, ""segment_order"": ""native"", ""seq_len"": 60, ""sigma"": 0.5823415369841755, ""sigma_ratio"": 0.48528461415347957, ""stride"": 1, ""temperature"": 1.2}",3284170784,0.11511667148247323,0.37463891946997,0.2595222479874968,0.08278266059027839,0.10015526139880422,-0.030208333333341386,44.41484375,55034e2e76a995a5cf3f0131f6034aeb2da557794ae8843e98c6650b78c01207,5409f7a4f75498498e19464442373c9090a93a88b28bd5492d93ace04ecad45c,3.941291737419306e-15,8
A_low_3,A,,1,"{""b_ratio"": 0.5, ""bias"": 0.6, ""fitness_mode"": ""count"", ""floor"": 0.1, ""jitter"": 0, ""motif_length"": 5, ""mutation_rate"": 0.001, ""n_cells"": 80, ""n_gens"": 150, ""n_metabolites"": 4, ""n_segments"": 4, ""n_seqs"": 8, ""p"": 0.8843116249339884, ""penalty"": 0.5, ""penalty_ratio"": 0.25, ""reward"": 2.0, ""segment_order"": ""native"", ""seq_len"": 60, ""sigma"": 0.5823415369841755, ""sigma_ratio"": 0.48528461415347957, ""stride"": 1, ""temperature"": 1.2}",369179486,0.10326845362985143,0.35809031727703505,0.2548218636471836,0.059912109374995914,0.08447928239044454,0.1983333333333377,45.22734375,6cc53ec233f9a80c9f9a287a1056e3ded5a88664b9ed0e1189a08f3d55ebe943,8e5d23c825cafb90e4f3bf3c5b67b026c365fff1ce63716d5d4f100e2a7cfbf9,3.4416913763379853e-15,8
A_low_3,A,,2,"{""b_ratio"": 0.5, ""bias"": 0.6, ""fitness_mode"": ""count"", ""floor"": 0.1, ""jitter"": 0, ""motif_length"": 5, ""mutation_rate"": 0.001, ""n_cells"": 80, ""n_gens"": 150, ""n_metabolites"": 4, ""n_segments"": 4, ""n_seqs"": 8, ""p"": 0.8843116249339884, ""penalty"": 0.5, ""penalty_ratio"": 0.25, ""reward"": 2.0, ""segment_order"": ""native"", ""seq_len"": 60, ""sigma"": 0.5823415369841755, ""sigma_ratio"": 0.48528461415347957, ""stride"": 1, ""temperature"": 1.2}",3441506360,0.10099682425945555,0.3562608996929406,0.25526407543348506,0.1176052517361148,0.10939238910071677,0.16351562500000227,44.62734375,372166956117c5747a98ba13b392099ad5631ad6a7a2d9d07bf5ea19be06e609,57ea29f81214a093892609b26d23b0b98ff0898f9fc654be523d56e91eddac28,5.88418203051333e-15,8
A_low_3,A,,3,"{""b_ratio"": 0.5, ""bias"": 0.6, ""fitness_mode"": ""count"", ""floor"": 0.1, ""jitter"": 0, ""motif_length"": 5, ""mutation_rate"": 0.001, ""n_cells"": 80, ""n_gens"": 150, ""n_metabolites"": 4, ""n_segments"": 4, ""n_seqs"": 8, ""p"": 0.8843116249339884, ""penalty"": 0.5, ""penalty_ratio"": 0.25, ""reward"": 2.0, ""segment_order"": ""native"", ""seq_len"": 60, ""sigma"": 0.5823415369841755, ""sigma_ratio"": 0.48528461415347957, ""stride"": 1, ""temperature"": 1.2}",3264383283,0.10776537376363593,0.35957045282422634,0.2518050790605904,0.16022677951388875,0.06945304962612196,0.037838541666666003,44.15859375,ee99cab4990bce18efa16bce38cfe74883a3c7532e92bf2e533e804a7e0017b9,e42947b39f84922f0cdfa6ea4dd032aa2d5ffa45e2f921605e80031e95c3d7da,3.6637359812630166e-15,8
A_low_3,A,,4,"{""b_ratio"": 0.5, ""bias"": 0.6, ""fitness_mode"": ""count"", ""floor"": 0.1, ""jitter"": 0, ""motif_length"": 5, ""mutation_rate"": 0.001, ""n_cells"": 80, ""n_gens"": 150, ""n_metabolites"": 4, ""n_segments"": 4, ""n_seqs"": 8, ""p"": 0.8843116249339884, ""penalty"": 0.5, ""penalty_ratio"": 0.25, ""reward"": 2.0, ""segment_order"": ""native"", ""seq_len"": 60, ""sigma"": 0.5823415369841755, ""sigma_ratio"": 0.48528461415347957, ""stride"": 1, ""temperature"": 1.2}",1415239928,0.11008797618589705,0.35567045613845233,0.24558247995255528,0.052888997395834636,0.0946709670054417,-0.10932291666669158,45.16015625,d29e1a115b823c356f4f54d752266b565561c697caaad0aaeb5dbdd5c50462f1,3baadb3bd4b8508fce85efce00eee1f0f1fe76f0769d1b793671852893abb7c0,3.4416913763379853e-15,8
A_low_3,A,,5,"{""b_ratio"": 0.5, ""bias"": 0.6, ""fitness_mode"": ""count"", ""floor"": 0.1, ""jitter"": 0, ""motif_length"": 5, ""mutation_rate"": 0.001, ""n_cells"": 80, ""n_gens"": 150, ""n_metabolites"": 4, ""n_segments"": 4, ""n_seqs"": 8, ""p"": 0.8843116249339884, ""penalty"": 0.5, ""penalty_ratio"": 0.25, ""reward"": 2.0, ""segment_order"": ""native"", ""seq_len"": 60, ""sigma"": 0.5823415369841755, ""sigma_ratio"": 0.48528461415347957, ""stride"": 1, ""temperature"": 1.2}",1572073167,0.10978480615436575,0.37334226576676455,0.2635574596123988,0.1464952256944425,0.09787249124215049,-0.3121875000000074,45.2421875,41524960489534026fa80c5511187510e9acda93e4bd81476e2434c192b81e89,bdf3c49053297108fb4be67f5536a7feea3ba524575ce35ca56e17e97775658e,5.995204332975845e-15,8
A_low_3,A,,6,"{""b_ratio"": 0.5, ""bias"": 0.6, ""fitness_mode"": ""count"", ""floor"": 0.1, ""jitter"": 0, ""motif_length"": 5, ""mutation_rate"": 0.001, ""n_cells"": 80, ""n_gens"": 150, ""n_metabolites"": 4, ""n_segments"": 4, ""n_seqs"": 8, ""p"": 0.8843116249339884, ""penalty"": 0.5, ""penalty_ratio"": 0.25, ""reward"": 2.0, ""segment_order"": ""native"", ""seq_len"": 60, ""sigma"": 0.5823415369841755, ""sigma_ratio"": 0.48528461415347957, ""stride"": 1, ""temperature"": 1.2}",4169510400,0.10606332045462419,0.36490912332932157,0.2588458028746974,0.07438422309027537,0.1578336602225998,-0.03632812499999716,44.603125,02dff844b80f224daef9f35050467505c70f9f13469412f2583e163b14418de7,1623a5e752b57c1e17c646fa03a08aedb8e79acd94080dc6c3b4dbb4f6a284a9,2.4702462297909733e-15,8
A_low_3,A,,7,"{""b_ratio"": 0.5, ""bias"": 0.6, ""fitness_mode"": ""count"", ""floor"": 0.1, ""jitter"": 0, ""motif_length"": 5, ""mutation_rate"": 0.001, ""n_cells"": 80, ""n_gens"": 150, ""n_metabolites"": 4, ""n_segments"": 4, ""n_seqs"": 8, ""p"": 0.8843116249339884, ""penalty"": 0.5, ""penalty_ratio"": 0.25, ""reward"": 2.0, ""segment_order"": ""native"", ""seq_len"": 60, ""sigma"": 0.5823415369841755, ""sigma_ratio"": 0.48528461415347957, ""stride"": 1, ""temperature"": 1.2}",3142947099,0.10864846983813614,0.36125409180170615,0.25260562196357,0.09909939236110876,0.06986822155971849,-0.05408854166667254,44.89375,e64fb450b619b7eefb00f20066d1d7407175552fbf489d68c11d1c594219c4c2,4c140328b99a29812a6acf131b2832e3f24a366b57c55a5173b2388f5c0ca9a9,5.440092820663267e-15,8
A_p0_a0,A,,0,"{""b_ratio"": 1.6666666666666667, ""bias"": 2.0, ""fitness_mode"": ""count"", ""floor"": 0.1, ""jitter"": 0, ""motif_length"": 5, ""mutation_rate"": 0.001, ""n_cells"": 80, ""n_gens"": 150, ""n_metabolites"": 4, ""n_segments"": 4, ""n_seqs"": 8, ""p"": 0.4, ""penalty"": 0.5, ""penalty_ratio"": 0.25, ""reward"": 2.0, ""segment_order"": ""native"", ""seq_len"": 60, ""sigma"": 0.0, ""sigma_ratio"": 0, ""stride"": 1, ""temperature"": 1.2}",4065036831,0.004510350230763405,0.2876432855830816,0.2831329353523182,0.0,0.0,0.11411458333333258,27.05234375,f77df7cca53e1c0c5f3af8dd1045ac177d24eb697b39f7f88dbbbb19dfde5f3c,538dcc0fe71f1f137d849fcb6845d24eb2349876bbeffc4b73c5f807378666fd,1.2212453270876722e-13,8
A_p0_a0,A,,1,"{""b_ratio"": 1.6666666666666667, ""bias"": 2.0, ""fitness_mode"": ""count"", ""floor"": 0.1, ""jitter"": 0, ""motif_length"": 5, ""mutation_rate"": 0.001, ""n_cells"": 80, ""n_gens"": 150, ""n_metabolites"": 4, ""n_segments"": 4, ""n_seqs"": 8, ""p"": 0.4, ""penalty"": 0.5, ""penalty_ratio"": 0.25, ""reward"": 2.0, ""segment_order"": ""native"", ""seq_len"": 60, ""sigma"": 0.0, ""sigma_ratio"": 0, ""stride"": 1, ""temperature"": 1.2}",3478807488,-0.004212135368260317,0.2799172119787241,0.2841293473469844,0.0,0.0,-0.1829427083333286,26.7859375,40847a2d5809b8806d1839f2ee6ba3b2a5c8c85ca4bebdc91f053c7537370fa6,b38771c56bc29ed1429dccfec472e6f07ed89b5495a82062ebbf2416c1714ecd,1.2112533198660458e-13,8
A_p0_a0,A,,2,"{""b_ratio"": 1.6666666666666667, ""bias"": 2.0, ""fitness_mode"": ""count"", ""floor"": 0.1, ""jitter"": 0, ""motif_length"": 5, ""mutation_rate"": 0.001, ""n_cells"": 80, ""n_gens"": 150, ""n_metabolites"": 4, ""n_segments"": 4, ""n_seqs"": 8, ""p"": 0.4, ""penalty"": 0.5, ""penalty_ratio"": 0.25, ""reward"": 2.0, ""segment_order"": ""native"", ""seq_len"": 60, ""sigma"": 0.0, ""sigma_ratio"": 0, ""stride"": 1, ""temperature"": 1.2}",418651313,0.0019408620504435814,0.2852590691472192,0.28331820709677563,0.0,0.0,0.00825520833333826,26.87734375,4d79e058f8b8254442c56484e3ebc86b26dcc691fca90e7d74f120d226522e00,f816bb87fc1b4817b1529a51f3e5096aaaa03bc3d2a782da54b8a7469025c7e2,1.2112533198660458e-13,8
A_p0_a0,A,,3,"{""b_ratio"": 1.6666666666666667, ""bias"": 2.0, ""fitness_mode"": ""count"", ""floor"": 0.1, ""jitter"": 0, ""motif_length"": 5, ""mutation_rate"": 0.001, ""n_cells"": 80, ""n_gens"": 150, ""n_metabolites"": 4, ""n_segments"": 4, ""n_seqs"": 8, ""p"": 0.4, ""penalty"": 0.5, ""penalty_ratio"": 0.25, ""reward"": 2.0, ""segment_order"": ""native"", ""seq_len"": 60, ""sigma"": 0.0, ""sigma_ratio"": 0, ""stride"": 1, ""temperature"": 1.2}",539053056,-0.001535391092837346,0.28251209854611414,0.2840474896389515,0.0,0.0,0.11526041666666842,27.06953125,1fbd8bcfcc4b046247e4910511e4401876be56faf186ae8123f0d9ae2fd22799,e28881450d6aa697ef1842647541a2028d4692171bb96e5edec6157e99d1dba3,1.219024881038422e-13,8
A_p0_a0,A,,4,"{""b_ratio"": 1.6666666666666667, ""bias"": 2.0, ""fitness_mode"": ""count"", ""floor"": 0.1, ""jitter"": 0, ""motif_length"": 5, ""mutation_rate"": 0.001, ""n_cells"": 80, ""n_gens"": 150, ""n_metabolites"": 4, ""n_segments"": 4, ""n_seqs"": 8, ""p"": 0.4, ""penalty"": 0.5, ""penalty_ratio"": 0.25, ""reward"": 2.0, ""segment_order"": ""native"", ""seq_len"": 60, ""sigma"": 0.0, ""sigma_ratio"": 0, ""stride"": 1, ""temperature"": 1.2}",2637358045,0.0019173210179739275,0.2854131844349141,0.28349586341694016,0.0,0.0,0.06231770833332462,27.1859375,82e1a4ac77cd78f1fed72d4cc68896e0ca43a75382e5ffa84e613056d059415c,ecacd4b7782c1ec967f3aed151266c03ab7678f4a2e10ef8ccf4183e79573f83,1.2168044349891716e-13,8
A_p0_a0,A,,5,"{""b_ratio"": 1.6666666666666667, ""bias"": 2.0, ""fitness_mode"": ""count"", ""floor"": 0.1, ""jitter"": 0, ""motif_length"": 5, ""mutation_rate"": 0.001, ""n_cells"": 80, ""n_gens"": 150, ""n_metabolites"": 4, ""n_segments"": 4, ""n_seqs"": 8, ""p"": 0.4, ""penalty"": 0.5, ""penalty_ratio"": 0.25, ""reward"": 2.0, ""segment_order"": ""native"", ""seq_len"": 60, ""sigma"": 0.0, ""sigma_ratio"": 0, ""stride"": 1, ""temperature"": 1.2}",1562841340,0.005336302656771208,0.2893985161057333,0.2840622134489621,0.0,0.0,-0.18432291666666245,27.58671875,27c7872247762718a137aca5171fc7848d15e22c1e76225fae5a31b17ba98615,9e664a73f6d08b785c7ff878028cfc76fa1f3d0909ac63e22d19de9e911e5ad9,1.2112533198660458e-13,8
A_p0_a0,A,,6,"{""b_ratio"": 1.6666666666666667, ""bias"": 2.0, ""fitness_mode"": ""count"", ""floor"": 0.1, ""jitter"": 0, ""motif_length"": 5, ""mutation_rate"": 0.001, ""n_cells"": 80, ""n_gens"": 150, ""n_metabolites"": 4, ""n_segments"": 4, ""n_seqs"": 8, ""p"": 0.4, ""penalty"": 0.5, ""penalty_ratio"": 0.25, ""reward"": 2.0, ""segment_order"": ""native"", ""seq_len"": 60, ""sigma"": 0.0, ""sigma_ratio"": 0, ""stride"": 1, ""temperature"": 1.2}",1593332418,-0.0004793952866435913,0.2844980328437887,0.2849774281304323,0.0,0.0,-0.09799479166667169,26.53515625,9e9d279ee0f703b02e30ba390d26051bc6c51e32b769dff14d56d206ed8a3b35,94aaa91f444fe499f8372e1c2069f70174cfa64cb54be81b1237620aebb2706a,1.213473765915296e-13,8
A_p0_a0,A,,7,"{""b_ratio"": 1.6666666666666667, ""bias"": 2.0, ""fitness_mode"": ""count"", ""floor"": 0.1, ""jitter"": 0, ""motif_length"": 5, ""mutation_rate"": 0.001, ""n_cells"": 80, ""n_gens"": 150, ""n_metabolites"": 4, ""n_segments"": 4, ""n_seqs"": 8, ""p"": 0.4, ""penalty"": 0.5, ""penalty_ratio"": 0.25, ""reward"": 2.0, ""segment_order"": ""native"", ""seq_len"": 60, ""sigma"": 0.0, ""sigma_ratio"": 0, ""stride"": 1, ""temperature"": 1.2}",272573636,-0.007974398448719888,0.2756576556934786,0.2836320541421985,0.0,0.0,0.07013020833333172,26.91640625,73337b15d685da95e5e454781765fe917a49f05bc90167204792811ac52fbf88,7096209eb1035833fffa0c2b1aa46fcbc6bc28b9135c8d724ce2cc9524a8d3b2,1.2145839889399213e-13,8
A_p0_a1,A,,0,"{""b_ratio"": 1.6666666666666667, ""bias"": 2.0, ""fitness_mode"": ""count"", ""floor"": 0.1, ""jitter"": 0, ""motif_length"": 5, ""mutation_rate"": 0.001, ""n_cells"": 80, ""n_gens"": 150, ""n_metabolites"": 4, ""n_segments"": 4, ""n_seqs"": 8, ""p"": 0.4, ""penalty"": 0.5, ""penalty_ratio"": 0.25, ""reward"": 2.0, ""segment_order"": ""native"", ""seq_len"": 60, ""sigma"": 0.54, ""sigma_ratio"": 0.45, ""stride"": 1, ""temperature"": 1.2}",643614345,0.0702020867648337,0.3563349080959316,0.2861328213310979,0.019531249999999112,0.06733395892719173,0.2274739583333414,29.7859375,e871b53dc568ccb9576d6019fd7b144f79e521f8c6b98689f7c6e6658ab648af,54aaa307bd204d4b550947af29de17024ade76cef1ae9efcfe418a462c13b56b,2.4424906541753444e-15,8
A_p0_a1,A,,1,"{""b_ratio"": 1.6666666666666667, ""bias"": 2.0, ""fitness_mode"": ""count"", ""floor"": 0.1, ""jitter"": 0, ""motif_length"": 5, ""mutation_rate"": 0.001, ""n_cells"": 80, ""n_gens"": 150, ""n_metabolites"": 4, ""n_segments"": 4, ""n_seqs"": 8, ""p"": 0.4, ""penalty"": 0.5, ""penalty_ratio"": 0.25, ""reward"": 2.0, ""segment_order"": ""native"", ""seq_len"": 60, ""sigma"": 0.54, ""sigma_ratio"": 0.45, ""stride"": 1, ""temperature"": 1.2}",2185266620,0.06392612100799233,0.3494590938473118,0.28553297283931944,0.0060682508680551805,0.07332204405910324,-0.013333333333335418,29.52109375,db84dcb92936448f597195f4d4d192c7ff54a8cd906d470a09615bc72437cafb,0a03d1d05fdbda3a624342f2cf773fcccfc33146fdf1495c4381993565be36c1,4.107825191113079e-15,8
A_p0_a1,A,,2,"{""b_ratio"": 1.6666666666666667, ""bias"": 2.0, ""fitness_mode"": ""count"", ""floor"": 0.1, ""jitter"": 0, ""motif_length"": 5, ""mutation_rate"": 0.001, ""n_cells"": 80, ""n_gens"": 150, ""n_metabolites"": 4, ""n_segments"": 4, ""n_seqs"": 8, ""p"": 0.4, ""penalty"": 0.5, ""penalty_ratio"": 0.25, ""reward"": 2.0, ""segment_order"": ""native"", ""seq_len"": 60, ""sigma"": 0.54, ""sigma_ratio"": 0.45, ""stride"": 1, ""temperature"": 1.2}",4151586793,0.07229691281409678,0.3576424133678135,0.2853455005537167,0.049487304687499734,0.03720628998417936,-0.030338541666662167,29.4390625,87f39fb4c9a7fca54c78b31e155951ee153049b27f7791b6feee812bcac18369,013a8115be1b596f0ae5ee86a0c58cc4cbe3d7765f87c126cf587000462161f3,3.774758283725532e-15,8
A_p0_a1,A,,3,"{""b_ratio"": 1.6666666666666667, ""bias"": 2.0, ""fitness_mode"": ""count"", ""floor"": 0.1, ""jitter"": 0, ""motif_length"": 5, ""mutation_rate"": 0.001, ""n_cells"": 80, ""n_gens"": 150, ""n_metabolites"": 4, ""n_segments"": 4, ""n_seqs"": 8, ""p"": 0.4, ""penalty"": 0.5, ""penalty_ratio"": 0.25, ""reward"": 2.0, ""segment_order"": ""native"", ""seq_len"": 60, ""sigma"": 0.54, ""sigma_ratio"": 0.45, ""stride"": 1, ""temperature"": 1.2}",1809048733,0.06579427274692923,0.35142047065137455,0.2856261979044453,0.025211588541668828,0.07465421047926796,-0.20757812499999773,29.65546875,883037e4a657dcb5b3883e38809bc4fe502ecd650861da699cc3d608957aadac,108ed1288d1f584e84721f03989f8e6f9f450c40d2d169a85835e58a83394cca,5.773159728050814e-15,8
A_p0_a1,A,,4,"{""b_ratio"": 1.6666666666666667, ""bias"": 2.0, ""fitness_mode"": ""count"", ""floor"": 0.1, ""jitter"": 0, ""motif_length"": 5, ""mutation_rate"": 0.001, ""n_cells"": 80, ""n_gens"": 150, ""n_metabolites"": 4, ""n_segments"": 4, ""n_seqs"": 8, ""p"": 0.4, ""penalty"": 0.5, ""penalty_ratio"": 0.25, ""reward"": 2.0, ""segment_order"": ""native"", ""seq_len"": 60, ""sigma"": 0.54, ""sigma_ratio"": 0.45, ""stride"": 1, ""temperature"": 1.2}",4070878470,0.0730509945934914,0.3584981802999535,0.2854471857064621,0.04419216579861107,0.1200679262170626,-0.10781249999999787,29.7140625,86c18641ade4202ca92a1fb2d9775996e1a9fb901a9416db20b487af9c60e29a,2459d0717bca23b777db11c08487e1a85cdc903019359abef1bc966eececeb7f,5.662137425588298e-15,8
A_p0_a1,A,,5,"{""b_ratio"": 1.6666666666666667, ""bias"": 2.0, ""fitness_mode"": ""count"", ""floor"": 0.1, ""jitter"": 0, ""motif_length"": 5, ""mutation_rate"": 0.001, ""n_cells"": 80, ""n_gens"": 150, ""n_metabolites"": 4, ""n_segments"": 4, ""n_seqs"": 8, ""p"": 0.4, ""penalty"": 0.5, ""penalty_ratio"": 0.25, ""reward"": 2.0, ""segment_order"": ""native"", ""seq_len"": 60, ""sigma"": 0.54, ""sigma_ratio"": 0.45, ""stride"": 1, ""temperature"": 1.2}",2003058806,0.06404205149581293,0.349198790249051,0.28515673875323805,0.05849338107638946,0.09787271873191686,-0.14731770833332902,29.78359375,9f460ff21df5907c3446b1c866f2b59728b7787b7984bf1893cac52da7cf205f,fe09c1c247dbcb2a9ec649e5b64c2f6951c12403ba844c493e4cc1392ca025b6,3.219646771412954e-15,8
A_p0_a1,A,,6,"{""b_ratio"": 1.6666666666666667, ""bias"": 2.0, ""fitness_mode"": ""count"", ""floor"": 0.1, ""jitter"": 0, ""motif_length"": 5, ""mutation_rate"": 0.001, ""n_cells"": 80, ""n_gens"": 150, ""n_metabolites"": 4, ""n_segments"": 4, ""n_seqs"": 8, ""p"": 0.4, ""penalty"": 0.5, ""penalty_ratio"": 0.25, ""reward"": 2.0, ""segment_order"": ""native"", ""seq_len"": 60, ""sigma"": 0.54, ""sigma_ratio"": 0.45, ""stride"": 1, ""temperature"": 1.2}",361086996,0.0617633397362356,0.3472258680180403,0.2854625282818047,0.07021484374999742,0.07720422569679349,0.002578125000006537,29.26953125,ec12e921ac185af7d9de33e0dd5e8e1e8218062197e8af1a272afc5edd3cf093,493795e37ef7c9379dfd8c8bd0517c886cabc6ec63f5290cd7dd87776f055df3,3.3306690738754696e-15,8
A_p0_a1,A,,7,"{""b_ratio"": 1.6666666666666667, ""bias"": 2.0, ""fitness_mode"": ""count"", ""floor"": 0.1, ""jitter"": 0, ""motif_length"": 5, ""mutation_rate"": 0.001, ""n_cells"": 80, ""n_gens"": 150, ""n_metabolites"": 4, ""n_segments"": 4, ""n_seqs"": 8, ""p"": 0.4, ""penalty"": 0.5, ""penalty_ratio"": 0.25, ""reward"": 2.0, ""segment_order"": ""native"", ""seq_len"": 60, ""sigma"": 0.54, ""sigma_ratio"": 0.45, ""stride"": 1, ""temperature"": 1.2}",367439435,0.07208732411298518,0.3574803566586149,0.2853930325456297,-0.021590169270830906,0.06398966635587608,0.027552083333333144,28.94765625,a899d37a6f9652aa32117be7fad118448f8609563d972db894b14606482663fd,3d2cc8648c08e4692ba0219371bb4748748b889b9643594ef335415a9fc82a6f,3.219646771412954e-15,8
A_p0_a2,A,,0,"{""b_ratio"": 1.6666666666666667, ""bias"": 2.0, ""fitness_mode"": ""count"", ""floor"": 0.1, ""jitter"": 0, ""motif_length"": 5, ""mutation_rate"": 0.001, ""n_cells"": 80, ""n_gens"": 150, ""n_metabolites"": 4, ""n_segments"": 4, ""n_seqs"": 8, ""p"": 0.4, ""penalty"": 0.5, ""penalty_ratio"": 0.25, ""reward"": 2.0, ""segment_order"": ""native"", ""seq_len"": 60, ""sigma"": 1.08, ""sigma_ratio"": 0.9, ""stride"": 1, ""temperature"": 1.2}",1545461334,0.24262116611516082,0.5296083999570433,0.2869872338418825,0.12780219184028052,0.08712876525298116,0.017734374999996305,33.26328125,3050f244fcef76a1f01e4d82a7564699c1c3d9035cf0981cef912be1f1e03140,84c55f479bdcb3c685e6d925e0712dc62be2f3fe8dc973c456137e0c956f6817,2.9976021664879227e-15,8
A_p0_a2,A,,1,"{""b_ratio"": 1.6666666666666667, ""bias"": 2.0, ""fitness_mode"": ""count"", ""floor"": 0.1, ""jitter"": 0, ""motif_length"": 5, ""mutation_rate"": 0.001, ""n_cells"": 80, ""n_gens"": 150, ""n_metabolites"": 4, ""n_segments"": 4, ""n_seqs"": 8, ""p"": 0.4, ""penalty"": 0.5, ""penalty_ratio"": 0.25, ""reward"": 2.0, ""segment_order"": ""native"", ""seq_len"": 60, ""sigma"": 1.08, ""sigma_ratio"": 0.9, ""stride"": 1, ""temperature"": 1.2}",2833847703,0.24181137525481916,0.5299280352582363,0.2881166600034171,0.14926757812500213,0.08714177257511552,0.01989583333332945,33.2171875,8cacdcebc3d324da9512c9e197e784f1a3beb936f72902d3262624901a01748a,c3fd770bcdd976841b8cd684aa964254f92944d01ed11f6dcd02f1dcab19df8d,4.884981308350689e-15,8
A_p0_a2,A,,2,"{""b_ratio"": 1.6666666666666667, ""bias"": 2.0, ""fitness_mode"": ""count"", ""floor"": 0.1, ""jitter"": 0, ""motif_length"": 5, ""mutation_rate"": 0.001, ""n_cells"": 80, ""n_gens"": 150, ""n_metabolites"": 4, ""n_segments"": 4, ""n_seqs"": 8, ""p"": 0.4, ""penalty"": 0.5, ""penalty_ratio"": 0.25, ""reward"": 2.0, ""segment_order"": ""native"", ""seq_len"": 60, ""sigma"": 1.08, ""sigma_ratio"": 0.9, ""stride"": 1, ""temperature"": 1.2}",3547019263,0.25188632787843146,0.5392194681909385,0.287333140312507,0.09880099826389088,0.039768173885739805,-0.11385416666666259,33.83203125,e5dc8c89f61dd538d7d081a95f3b601ddf0c0a46a37d696de3050e9679e108d5,26e27737b79cd8847c3020f94be0d79e90215dd278e8350b5a841315d329e1da,4.884981308350689e-15,8
A_p0_a2,A,,3,"{""b_ratio"": 1.6666666666666667, ""bias"": 2.0, ""fitness_mode"": ""count"", ""floor"": 0.1, ""jitter"": 0, ""motif_length"": 5, ""mutation_rate"": 0.001, ""n_cells"": 80, ""n_gens"": 150, ""n_metabolites"": 4, ""n_segments"": 4, ""n_seqs"": 8, ""p"": 0.4, ""penalty"": 0.5, ""penalty_ratio"": 0.25, ""reward"": 2.0, ""segment_order"": ""native"", ""seq_len"": 60, ""sigma"": 1.08, ""sigma_ratio"": 0.9, ""stride"": 1, ""temperature"": 1.2}",1252994953,0.24851970874104723,0.5363082903243253,0.287788581583278,0.19151475694444553,0.08274262994392462,0.08096354166666941,33.73828125,bfe20e25ab75e580f386c15503665e4e196912134eb6feb79b2d85c74a0e8295,b5ad06edddae28ec25b7d6bdf03d086f1a243789f29123ef246ebfd09d8d9f5c,4.551914400963142e-15,8
A_p0_a2,A,,4,"{""b_ratio"": 1.6666666666666667, ""bias"": 2.0, ""fitness_mode"": ""count"", ""floor"": 0.1, ""jitter"": 0, ""motif_length"": 5, ""mutation_rate"": 0.001, ""n_cells"": 80, ""n_gens"": 150, ""n_metabolites"": 4, ""n_segments"": 4, ""n_seqs"": 8, ""p"": 0.4, ""penalty"": 0.5, ""penalty_ratio"": 0.25, ""reward"": 2.0, ""segment_order"": ""native"", ""seq_len"": 60, ""sigma"": 1.08, ""sigma_ratio"": 0.9, ""stride"": 1, ""temperature"": 1.2}",3269781469,0.24630499539114287,0.5332081104413164,0.2869031150501736,0.14068467881944624,0.07585211016071718,0.18494791666667254,33.996875,de15a6b6338aa181a45c94536054c3cc2af4d4a0007c2d221289cd4faa900be3,fcb5ebfe5765faa78623e4f193c7901e56ca296618535f24aca18634532d6975,4.107825191113079e-15,8
A_p0_a2,A,,5,"{""b_ratio"": 1.6666666666666667, ""bias"": 2.0, ""fitness_mode"": ""count"", ""floor"": 0.1, ""jitter"": 0, ""motif_length"": 5, ""mutation_rate"": 0.001, ""n_cells"": 80, ""n_gens"": 150, ""n_metabolites"": 4, ""n_segments"": 4, ""n_seqs"": 8, ""p"": 0.4, ""penalty"": 0.5, ""penalty_ratio"": 0.25, ""reward"": 2.0, ""segment_order"": ""native"", ""seq_len"": 60, ""sigma"": 1.08, ""sigma_ratio"": 0.9, ""stride"": 1, ""temperature"": 1.2}",2830444406,0.24542705491113503,0.5322911683769118,0.2868641134657768,0.11269802517361072,0.0870385563698527,-0.09546874999999488,33.08359375,d92fe21d8fbad4c42fbcd3f2ecdf089bb3470e6cabf71de11ec89a52ec801843,a45b6b4e5f9eb95b703668bac5c9d37f7bd348c0633c3452dbe44f6f8d6e2351,4.3298697960381105e-15,8
A_p0_a2,A,,6,"{""b_ratio"": 1.6666666666666667, ""bias"": 2.0, ""fitness_mode"": ""count"", ""floor"": 0.1, ""jitter"": 0, ""motif_length"": 5, ""mutation_rate"": 0.001, ""n_cells"": 80, ""n_gens"": 150, ""n_metabolites"": 4, ""n_segments"": 4, ""n_seqs"": 8, ""p"": 0.4, ""penalty"": 0.5, ""penalty_ratio"": 0.25, ""reward"": 2.0, ""segment_order"": ""native"", ""seq_len"": 60, ""sigma"": 1.08, ""sigma_ratio"": 0.9, ""stride"": 1, ""temperature"": 1.2}",1499954514,0.25255495511447784,0.5392975285833489,0.28674257346887105,0.1401475694444425,0.10336006273300614,-0.06575520833334281,33.4046875,a4928d1bf630c5bd79cf16024f53b20c5fbd05a81ceb90526a99e05a560d5cf8,e13f98bb8ff0b41e6822c421d0b52c6bd881d10943724a6468fc44ea26ca95a6,4.3298697960381105e-15,8
A_p0_a2,A,,7,"{""b_ratio"": 1.6666666666666667, ""bias"": 2.0, ""fitness_mode"": ""count"", ""floor"": 0.1, ""jitter"": 0, ""motif_length"": 5, ""mutation_rate"": 0.001, ""n_cells"": 80, ""n_gens"": 150, ""n_metabolites"": 4, ""n_segments"": 4, ""n_seqs"": 8, ""p"": 0.4, ""penalty"": 0.5, ""penalty_ratio"": 0.25, ""reward"": 2.0, ""segment_order"": ""native"", ""seq_len"": 60, ""sigma"": 1.08, ""sigma_ratio"": 0.9, ""stride"": 1, ""temperature"": 1.2}",3610897403,0.24737665334231873,0.5341124664146946,0.28673581307237583,0.11473795572916945,0.121514855595258,-0.01622395833332746,33.13203125,ccb6963c8bdd2a75d025c67424bbf2bf28452b950c06e0d54c45574467f13452,b3b68aebd9b1cb580657c4cccb9631216e165e4241333df6af30850f2e1d6f71,5.10702591327572e-15,8
A_p0_a3,A,,0,"{""b_ratio"": 1.6666666666666667, ""bias"": 2.0, ""fitness_mode"": ""count"", ""floor"": 0.1, ""jitter"": 0, ""motif_length"": 5, ""mutation_rate"": 0.001, ""n_cells"": 80, ""n_gens"": 150, ""n_metabolites"": 4, ""n_segments"": 4, ""n_seqs"": 8, ""p"": 0.4, ""penalty"": 0.5, ""penalty_ratio"": 0.25, ""reward"": 2.0, ""segment_order"": ""native"", ""seq_len"": 60, ""sigma"": 1.62, ""sigma_ratio"": 1.35, ""stride"": 1, ""temperature"": 1.2}",74834701,0.47103868725924447,0.7591144853719074,0.28807579811266293,0.24855414496527928,0.07110215953605978,-0.06273437500000512,37.69453125,24d1fdca3d9176715d80e6ddda6b33a28ca6c3b7e749b8b8ccb72d437bf3cac6,a7307ec5ae9663db2414836b325413f8750740466513eb102c44e35cb2c31fc2,2.831068712794149e-15,8
A_p0_a3,A,,1,"{""b_ratio"": 1.6666666666666667, ""bias"": 2.0, ""fitness_mode"": ""count"", ""floor"": 0.1, ""jitter"": 0, ""motif_length"": 5, ""mutation_rate"": 0.001, ""n_cells"": 80, ""n_gens"": 150, ""n_metabolites"": 4, ""n_segments"": 4, ""n_seqs"": 8, ""p"": 0.4, ""penalty"": 0.5, ""penalty_ratio"": 0.25, ""reward"": 2.0, ""segment_order"": ""native"", ""seq_len"": 60, ""sigma"": 1.62, ""sigma_ratio"": 1.35, ""stride"": 1, ""temperature"": 1.2}",782371889,0.46915432011764685,0.7582882400215551,0.2891339199039083,0.22171223958333108,0.0358745741582752,-0.012291666666669698,38.01796875,7e4c553fee72eb5d55a48a4dbf0e7449e62096bc3385815fb25c2bf045a0ced1,17d85ab1c757db4d2d45f164dff6c9dd8b230e43ed4a7aed7d494f1305af65c3,2.9976021664879227e-15,8
A_p0_a3,A,,2,"{""b_ratio"": 1.6666666666666667, ""bias"": 2.0, ""fitness_mode"": ""count"", ""floor"": 0.1, ""jitter"": 0, ""motif_length"": 5, ""mutation_rate"": 0.001, ""n_cells"": 80, ""n_gens"": 150, ""n_metabolites"": 4, ""n_segments"": 4, ""n_seqs"": 8, ""p"": 0.4, ""penalty"": 0.5, ""penalty_ratio"": 0.25, ""reward"": 2.0, ""segment_order"": ""native"", ""seq_len"": 60, ""sigma"": 1.62, ""sigma_ratio"": 1.35, ""stride"": 1, ""temperature"": 1.2}",3243082794,0.46642348002359707,0.7544650952635277,0.2880416152399306,0.1953016493055566,0.05581481988152259,-0.01968750000000341,37.85078125,d649deb89326536a61dbb63d58bae413f3a76a3dec622a1bac88f3cd0f832c93,1f99cb31ac22d630c6e8a246a104d93f309b3a410e4c0a9d0f906ee5e52fbdbd,4.496403249731884e-15,8
A_p0_a3,A,,3,"{""b_ratio"": 1.6666666666666667, ""bias"": 2.0, ""fitness_mode"": ""count"", ""floor"": 0.1, ""jitter"": 0, ""motif_length"": 5, ""mutation_rate"": 0.001, ""n_cells"": 80, ""n_gens"": 150, ""n_metabolites"": 4, ""n_segments"": 4, ""n_seqs"": 8, ""p"": 0.4, ""penalty"": 0.5, ""penalty_ratio"": 0.25, ""reward"": 2.0, ""segment_order"": ""native"", ""seq_len"": 60, ""sigma"": 1.62, ""sigma_ratio"": 1.35, ""stride"": 1, ""temperature"": 1.2}",2440638226,0.4632286788395243,0.7514114846841402,0.2881828058446159,0.21303168402777217,0.08551446227009911,-0.038906250000003695,37.75078125,ae693f24683577923a381f346d07f3a4d744b3c4833c2d03022c75eec05b20ee,4326200c974e819a4159e629714f9d241f0e11a943136282fb8444b18cccb575,2.886579864025407e-15,8
A_p0_a3,A,,4,"{""b_ratio"": 1.6666666666666667, ""bias"": 2.0, ""fitness_mode"": ""count"", ""floor"": 0.1, ""jitter"": 0, ""motif_length"": 5, ""mutation_rate"": 0.001, ""n_cells"": 80, ""n_gens"": 150, ""n_metabolites"": 4, ""n_segments"": 4, ""n_seqs"": 8, ""p"": 0.4, ""penalty"": 0.5, ""penalty_ratio"": 0.25, ""reward"": 2.0, ""segment_order"": ""native"", ""seq_len"": 60, ""sigma"": 1.62, ""sigma_ratio"": 1.35, ""stride"": 1, ""temperature"": 1.2}",3140178174,0.46796639225574443,0.7561946303693683,0.28822823811362386,0.20805121527777892,0.09847556438928186,0.2497656250000091,37.32421875,1074ce4f9460fb367fa88cd612f917328a87b655ea90d30c25a3bd90b314a713,48718b13fc946c5bc6354e28ac120714950c1431b214a36e50cec923c4becdd9,2.220446049250313e-15,8
A_p0_a3,A,,5,"{""b_ratio"": 1.6666666666666667, ""bias"": 2.0, ""fitness_mode"": ""count"", ""floor"": 0.1, ""jitter"": 0, ""motif_length"": 5, ""mutation_rate"": 0.001, ""n_cells"": 80, ""n_gens"": 150, ""n_metabolites"": 4, ""n_segments"": 4, ""n_seqs"": 8, ""p"": 0.4, ""penalty"": 0.5, ""penalty_ratio"": 0.25, ""reward"": 2.0, ""segment_order"": ""native"", ""seq_len"": 60, ""sigma"": 1.62, ""sigma_ratio"": 1.35, ""stride"": 1, ""temperature"": 1.2}",3992910843,0.46013304890174095,0.7484430716657255,0.2883100227639846,0.23054199218750426,0.04267867886759759,-0.0834895833333249,37.48515625,87ee3af2d3951265d17e67c9641c211280e2522e40915b4dcef3b9ef2f896e82,6cd270c51f8921077b00ca214cb82c52e36e6037a7758d9d6d914339e3d3d372,1.3877787807814457e-15,8
A_p0_a3,A,,6,"{""b_ratio"": 1.6666666666666667, ""bias"": 2.0, ""fitness_mode"": ""count"", ""floor"": 0.1, ""jitter"": 0, ""motif_length"": 5, ""mutation_rate"": 0.001, ""n_cells"": 80, ""n_gens"": 150, ""n_metabolites"": 4, ""n_segments"": 4, ""n_seqs"": 8, ""p"": 0.4, ""penalty"": 0.5, ""penalty_ratio"": 0.25, ""reward"": 2.0, ""segment_order"": ""native"", ""seq_len"": 60, ""sigma"": 1.62, ""sigma_ratio"": 1.35, ""stride"": 1, ""temperature"": 1.2}",50796128,0.46004376223956045,0.7484525827435002,0.2884088205039398,0.22757703993055234,0.10206426951804069,-0.1389062499999909,37.5140625,b37f72460ead3b0592db9decbe680a3cb979e4372d62a0a6de2ad1f976309d24,2f23dc4163ab8eb9f763cc42d888599cef8e9c47fbc25a07b5b68d541b808c8f,3.885780586188048e-15,8
A_p0_a3,A,,7,"{""b_ratio"": 1.6666666666666667, ""bias"": 2.0, ""fitness_mode"": ""count"", ""floor"": 0.1, ""jitter"": 0, ""motif_length"": 5, ""mutation_rate"": 0.001, ""n_cells"": 80, ""n_gens"": 150, ""n_metabolites"": 4, ""n_segments"": 4, ""n_seqs"": 8, ""p"": 0.4, ""penalty"": 0.5, ""penalty_ratio"": 0.25, ""reward"": 2.0, ""segment_order"": ""native"", ""seq_len"": 60, ""sigma"": 1.62, ""sigma_ratio"": 1.35, ""stride"": 1, ""temperature"": 1.2}",3561338707,0.45580034183852425,0.7445868001299867,0.28878645829146243,0.20281032986110858,0.11156205901930476,0.17898437499998465,37.19765625,3b7716c79dcbeb4fde41f27f48e8a85e93664b9d3a0187118b205f53ee83aa38,dbc7c02d44729c007158a6fd3486c29489ba56a3f12b9b234fe4c66c17d5e638,3.4416913763379853e-15,8
A_p1_a0,A,,0,"{""b_ratio"": 1.6666666666666667, ""bias"": 2.0, ""fitness_mode"": ""count"", ""floor"": 0.1, ""jitter"": 0, ""motif_length"": 5, ""mutation_rate"": 0.001, ""n_cells"": 80, ""n_gens"": 150, ""n_metabolites"": 4, ""n_segments"": 4, ""n_seqs"": 8, ""p"": 0.6, ""penalty"": 0.5, ""penalty_ratio"": 0.25, ""reward"": 2.0, ""segment_order"": ""native"", ""seq_len"": 60, ""sigma"": 0.0, ""sigma_ratio"": 0, ""stride"": 1, ""temperature"": 1.2}",3308211742,0.003572048887172885,0.28250755046808795,0.27893550158091507,0.0,0.0,-0.09947916666666856,27.98984375,7b566b52e927df08d937cf467b05cfb4720dd5ae8c26cd95846dfce9fec62895,6ab19e58dd1bbb7c36a6dbf9b02257080bae185c88e2549c68503e3310aa28c7,1.212363542890671e-13,8
A_p1_a0,A,,1,"{""b_ratio"": 1.6666666666666667, ""bias"": 2.0, ""fitness_mode"": ""count"", ""floor"": 0.1, ""jitter"": 0, ""motif_length"": 5, ""mutation_rate"": 0.001, ""n_cells"": 80, ""n_gens"": 150, ""n_metabolites"": 4, ""n_segments"": 4, ""n_seqs"": 8, ""p"": 0.6, ""penalty"": 0.5, ""penalty_ratio"": 0.25, ""reward"": 2.0, ""segment_order"": ""native"", ""seq_len"": 60, ""sigma"": 0.0, ""sigma_ratio"": 0, ""stride"": 1, ""temperature"": 1.2}",2247465042,-0.0011706025002165554,0.2795259159934022,0.28069651849361876,0.0,0.0,-0.22682291666666643,26.98515625,68d57264f0c4d248dd43d4a0debebddf4c2589e9ef36708cbabaad48b933fe8c,b79acbe0fa587b465379d879a9777e0d25263fc42779356b16f7366b589523f7,1.2179146580137967e-13,8
A_p1_a0,A,,2,"{""b_ratio"": 1.6666666666666667, ""bias"": 2.0, ""fitness_mode"": ""count"", ""floor"": 0.1, ""jitter"": 0, ""motif_length"": 5, ""mutation_rate"": 0.001, ""n_cells"": 80, ""n_gens"": 150, ""n_metabolites"": 4, ""n_segments"": 4, ""n_seqs"": 8, ""p"": 0.6, ""penalty"": 0.5, ""penalty_ratio"": 0.25, ""reward"": 2.0, ""segment_order"": ""native"", ""seq_len"": 60, ""sigma"": 0.0, ""sigma_ratio"": 0, ""stride"": 1, ""temperature"": 1.2}",780359491,0.002252163817764774,0.2828345385381432,0.28058237472037845,0.0,0.0,-0.02223958333334508,27.16640625,6e4375c5c898e879e6cebe89503939e43f2b457c907c940dfbadc47f6e2b0e7d,b0684993f17f7cfa3139ac1838b94717cb8472a6354630d2f69acf4de7a02c01,1.2145839889399213e-13,8
A_p1_a0,A,,3,"{""b_ratio"": 1.6666666666666667, ""bias"": 2.0, ""fitness_mode"": ""count"", ""floor"": 0.1, ""jitter"": 0, ""motif_length"": 5, ""mutation_rate"": 0.001, ""n_cells"": 80, ""n_gens"": 150, ""n_metabolites"": 4, ""n_segments"": 4, ""n_seqs"": 8, ""p"": 0.6, ""penalty"": 0.5, ""penalty_ratio"": 0.25, ""reward"": 2.0, ""segment_order"": ""native"", ""seq_len"": 60, ""sigma"": 0.0, ""sigma_ratio"": 0, ""stride"": 1, ""temperature"": 1.2}",1155694811,7.664881762514675e-05,0.2789022351607497,0.27882558634312454,0.0,0.0,-0.0009114583333378334,27.296875,5c3819ea255014127e77ffb9378e26ca56b4b29a05730d156954f6274227f02b,fbd08cadce06acf883c20edfe48e073c010edfc98e3ce349af8c7ce5be62e9d5,1.220135104063047e-13,8
A_p1_a0,A,,4,"{""b_ratio"": 1.6666666666666667, ""bias"": 2.0, ""fitness_mode"": ""count"", ""floor"": 0.1, ""jitter"": 0, ""motif_length"": 5, ""mutation_rate"": 0.001, ""n_cells"": 80, ""n_gens"": 150, ""n_metabolites"": 4, ""n_segments"": 4, ""n_seqs"": 8, ""p"": 0.6, ""penalty"": 0.5, ""penalty_ratio"": 0.25, ""reward"": 2.0, ""segment_order"": ""native"", ""seq_len"": 60, ""sigma"": 0.0, ""sigma_ratio"": 0, ""stride"": 1, ""temperature"": 1.2}",4294456857,0.0002931271417915271,0.2806802626231939,0.28038713548140237,0.0,0.0,-0.0467968750000054,27.15,2370feb6dd0bd0c0d2f3b74ec2eb9eb8e57b25f06494be488226d56b4f29d656,fe8e818aa6fc7d45e0d6a22235b2fa592f0d118a0d93b5e89112270d22cc372c,1.2168044349891716e-13,8
A_p1_a0,A,,5,"{""b_ratio"": 1.6666666666666667, ""bias"": 2.0, ""fitness_mode"": ""count"", ""floor"": 0.1, ""jitter"": 0, ""motif_length"": 5, ""mutation_rate"": 0.001, ""n_cells"": 80, ""n_gens"": 150, ""n_metabolites"": 4, ""n_segments"": 4, ""n_seqs"": 8, ""p"": 0.6, ""penalty"": 0.5, ""penalty_ratio"": 0.25, ""reward"": 2.0, ""segment_order"": ""native"", ""seq_len"": 60, ""sigma"": 0.0, ""sigma_ratio"": 0, ""stride"": 1, ""temperature"": 1.2}",3706313112,-0.005964206351128598,0.2730037836427733,0.2789679899939019,0.0,0.0,0.049401041666666146,26.95234375,1b19bcb7d8949571e8b0892bb31c37a0eefb120f00e47441d353d01e3e6e53d0,415445f1899113d0f3ca0325b2d308616ca3f98e89807aeec80b2098ad577591,1.2256862191861728e-13,8
A_p1_a0,A,,6,"{""b_ratio"": 1.6666666666666667, ""bias"": 2.0, ""fitness_mode"": ""count"", ""floor"": 0.1, ""jitter"": 0, ""motif_length"": 5, ""mutation_rate"": 0.001, ""n_cells"": 80, ""n_gens"": 150, ""n_metabolites"": 4, ""n_segments"": 4, ""n_seqs"": 8, ""p"": 0.6, ""penalty"": 0.5, ""penalty_ratio"": 0.25, ""reward"": 2.0, ""segment_order"": ""native"", ""seq_len"": 60, ""sigma"": 0.0, ""sigma_ratio"": 0, ""stride"": 1, ""temperature"": 1.2}",3784246467,-0.004370252608967673,0.2756606220679198,0.2800308746768875,0.0,0.0,0.02653645833332874,27.253125,9f7d6229b81088aea0d2c4e6e875b89f3329ce9cadda4651195fbff6ff3cbc6b,2038be711e8c92939fa825bfc7afb7e6c400685e87ba64f5f9360bdcc7d02a6e,1.2145839889399213e-13,8
A_p1_a0,A,,7,"{""b_ratio"": 1.6666666666666667, ""bias"": 2.0, ""fitness_mode"": ""count"", ""floor"": 0.1, ""jitter"": 0, ""motif_length"": 5, ""mutation_rate"": 0.001, ""n_cells"": 80, ""n_gens"": 150, ""n_metabolites"": 4, ""n_segments"": 4, ""n_seqs"": 8, ""p"": 0.6, ""penalty"": 0.5, ""penalty_ratio"": 0.25, ""reward"": 2.0, ""segment_order"": ""native"", ""seq_len"": 60, ""sigma"": 0.0, ""sigma_ratio"": 0, ""stride"": 1, ""temperature"": 1.2}",543170595,-0.0037547122473784444,0.27630042965007107,0.2800551418974495,0.0,0.0,-0.22656249999999645,26.7875,0e78b3145213bffa80b699495c032bd81645d751deb8f5a0ec3b68b660879df7,ba3a1b171fcac0f464d1605f8d1ad70781acf99459f4bd91c5a25a5b84feb16b,1.213473765915296e-13,8
A_p1_a1,A,,0,"{""b_ratio"": 1.6666666666666667, ""bias"": 2.0, ""fitness_mode"": ""count"", ""floor"": 0.1, ""jitter"": 0, ""motif_length"": 5, ""mutation_rate"": 0.001, ""n_cells"": 80, ""n_gens"": 150, ""n_metabolites"": 4, ""n_segments"": 4, ""n_seqs"": 8, ""p"": 0.6, ""penalty"": 0.5, ""penalty_ratio"": 0.25, ""reward"": 2.0, ""segment_order"": ""native"", ""seq_len"": 60, ""sigma"": 0.54, ""sigma_ratio"": 0.45, ""stride"": 1, ""temperature"": 1.2}",1988808033,0.07193842785659171,0.35243655134596585,0.28049812348937414,-0.0014865451388894613,0.08830440166640742,-0.1648437499999993,29.3453125,e6d05430a35650516ee139ce994d1ec1d5acd7643c5a50db7717f87813148821,d8839c68374310b8954cae202eb0efcc23a6f86c7890dcdef4387d805f6a284a,3.885780586188048e-15,8
A_p1_a1,A,,1,"{""b_ratio"": 1.6666666666666667, ""bias"": 2.0, ""fitness_mode"": ""count"", ""floor"": 0.1, ""jitter"": 0, ""motif_length"": 5, ""mutation_rate"": 0.001, ""n_cells"": 80, ""n_gens"": 150, ""n_metabolites"": 4, ""n_segments"": 4, ""n_seqs"": 8, ""p"": 0.6, ""penalty"": 0.5, ""penalty_ratio"": 0.25, ""reward"": 2.0, ""segment_order"": ""native"", ""seq_len"": 60, ""sigma"": 0.54, ""sigma_ratio"": 0.45, ""stride"": 1, ""temperature"": 1.2}",691625104,0.06474165622857003,0.3459632402288012,0.2812215840002312,0.07889811197916474,0.027866396401482786,-0.0634375000000027,29.846875,01d0d284f2d8a38cd8565b25068d49cf6462eed0641c72a55024120984491c22,6640955a195b9e718d02c98fdea0691cfb7b94405b050a5ad9200537468a0d48,4.6629367034256575e-15,8
A_p1_a1,A,,2,"{""b_ratio"": 1.6666666666666667, ""bias"": 2.0, ""fitness_mode"": ""count"", ""floor"": 0.1, ""jitter"": 0, ""motif_length"": 5, ""mutation_rate"": 0.001, ""n_cells"": 80, ""n_gens"": 150, ""n_metabolites"": 4, ""n_segments"": 4, ""n_seqs"": 8, ""p"": 0.6, ""penalty"": 0.5, ""penalty_ratio"": 0.25, ""reward"": 2.0, ""segment_order"": ""native"", ""seq_len"": 60, ""sigma"": 0.54, ""sigma_ratio"": 0.45, ""stride"": 1, ""temperature"": 1.2}",1796921599,0.06909508602140468,0.35118234028722745,0.28208725426582276,0.06920030381944375,0.08375116924188711,-0.07114583333333258,28.85,941b0f405b4f364308eb07dd75a000b8900e6beb36caeac8cdb687960b6b06d7,e137f69f9e4cc4a07d46f425b44f8c1b5000fb8ad3b5a9ce3e0310cf0491e924,4.3298697960381105e-15,8
A_p1_a1,A,,3,"{""b_ratio"": 1.6666666666666667, ""bias"": 2.0, ""fitness_mode"": ""count"", ""floor"": 0.1, ""jitter"": 0, ""motif_length"": 5, ""mutation_rate"": 0.001, ""n_cells"": 80, ""n_gens"": 150, ""n_metabolites"": 4, ""n_segments"": 4, ""n_seqs"": 8, ""p"": 0.6, ""penalty"": 0.5, ""penalty_ratio"": 0.25, ""reward"": 2.0, ""segment_order"": ""native"", ""seq_len"": 60, ""sigma"": 0.54, ""sigma_ratio"": 0.45, ""stride"": 1, ""temperature"": 1.2}",3452413446,0.06684244750544699,0.34722166275281113,0.28037921524736414,0.06206597222222099,0.07191122069821593,-0.023541666666666572,29.2921875,93cb005cd7a38d6edc494ac0a710192195187f3604810d06a8b0df9413d67abe,184a3b16de773461f533196cf62f08782cea564997b696b59ce5763720ddf2b4,6.439293542825908e-15,8
A_p1_a1,A,,4,"{""b_ratio"": 1.6666666666666667, ""bias"": 2.0, ""fitness_mode"": ""count"", ""floor"": 0.1, ""jitter"": 0, ""motif_length"": 5, ""mutation_rate"": 0.001, ""n_cells"": 80, ""n_gens"": 150, ""n_metabolites"": 4, ""n_segments"": 4, ""n_seqs"": 8, ""p"": 0.6, ""penalty"": 0.5, ""penalty_ratio"": 0.25, ""reward"": 2.0, ""segment_order"": ""native"", ""seq_len"": 60, ""sigma"": 0.54, ""sigma_ratio"": 0.45, ""stride"": 1, ""temperature"": 1.2}",3872611522,0.07351495554967796,0.3553857204570897,0.28187076490741175,0.027463107638887152,0.10354985216127159,-0.014218749999997726,29.06484375,d8e21dfd7a48b2ebb66e585c0c01f3fe137da2df489f28f32cec8762c00cf28b,f02470acdf43e114a1361852f2fac5163756d3339c35d00e48f0b3f99c326502,5.88418203051333e-15,8
A_p1_a1,A,,5,"{""b_ratio"": 1.6666666666666667, ""bias"": 2.0, ""fitness_mode"": ""count"", ""floor"": 0.1, ""jitter"": 0, ""motif_length"": 5, ""mutation_rate"": 0.001, ""n_cells"": 80, ""n_gens"": 150, ""n_metabolites"": 4, ""n_segments"": 4, ""n_seqs"": 8, ""p"": 0.6, ""penalty"": 0.5, ""penalty_ratio"": 0.25, ""reward"": 2.0, ""segment_order"": ""native"", ""seq_len"": 60, ""sigma"": 0.54, ""sigma_ratio"": 0.45, ""stride"": 1, ""temperature"": 1.2}",1331961867,0.06805118784660968,0.3504792709623309,0.2824280831157212,0.07527398003472463,0.0934546412357022,0.0358854166666589,29.31796875,213ffa1baf15e662598279c4fe3e5b272d50176655a1c3af341c5a3844627aff,9e0fa8aecb80f67b4267057829ff54f6c93f1b06005f763a8af0d8434490671f,3.219646771412954e-15,8
A_p1_a1,A,,6,"{""b_ratio"": 1.6666666666666667, ""bias"": 2.0, ""fitness_mode"": ""count"", ""floor"": 0.1, ""jitter"": 0, ""motif_length"": 5, ""mutation_rate"": 0.001, ""n_cells"": 80, ""n_gens"": 150, ""n_metabolites"": 4, ""n_segments"": 4, ""n_seqs"": 8, ""p"": 0.6, ""penalty"": 0.5, ""penalty_ratio"": 0.25, ""reward"": 2.0, ""segment_order"": ""native"", ""seq_len"": 60, ""sigma"": 0.54, ""sigma_ratio"": 0.45, ""stride"": 1, ""temperature"": 1.2}",4201371086,0.06649905633649489,0.34726736050946105,0.28076830417296617,0.08588324652777724,0.0777588066440779,-0.11473958333333556,28.97578125,d278e53e49f2c54e4fc625f32c91884a14928bd0fe4efea9414c1e62758a496a,c8d9a3b865cd971a2640e5bcacad3f9a45006574ea3c15fa6c2c35b4042db065,1.887379141862766e-15,8
A_p1_a1,A,,7,"{""b_ratio"": 1.6666666666666667, ""bias"": 2.0, ""fitness_mode"": ""count"", ""floor"": 0.1, ""jitter"": 0, ""motif_length"": 5, ""mutation_rate"": 0.001, ""n_cells"": 80, ""n_gens"": 150, ""n_metabolites"": 4, ""n_segments"": 4, ""n_seqs"": 8, ""p"": 0.6, ""penalty"": 0.5, ""penalty_ratio"": 0.25, ""reward"": 2.0, ""segment_order"": ""native"", ""seq_len"": 60, ""sigma"": 0.54, ""sigma_ratio"": 0.45, ""stride"": 1, ""temperature"": 1.2}",3684663115,0.06769159637381172,0.34645782215113147,0.27876622577731974,0.12930772569444704,0.09043069225034939,0.07729166666667453,29.4171875,b7a79c3db8c3ccf694c017ef9a1d8d43241cf1242a372752135a47c6db47da08,bdaa547a18c254ba6f93266aa03ba87c3ab4fd03154566d8069d1f58e4406f19,2.7755575615628914e-15,8
A_p1_a2,A,,0,"{""b_ratio"": 1.6666666666666667, ""bias"": 2.0, ""fitness_mode"": ""count"", ""floor"": 0.1, ""jitter"": 0, ""motif_length"": 5, ""mutation_rate"": 0.001, ""n_cells"": 80, ""n_gens"": 150, ""n_metabolites"": 4, ""n_segments"": 4, ""n_seqs"": 8, ""p"": 0.6, ""penalty"": 0.5, ""penalty_ratio"": 0.25, ""reward"": 2.0, ""segment_order"": ""native"", ""seq_len"": 60, ""sigma"": 1.08, ""sigma_ratio"": 0.9, ""stride"": 1, ""temperature"": 1.2}",343502615,0.25301915281040227,0.5367131983900106,0.28369404557960837,0.16454264322916767,0.12689452696736353,-0.14528645833333087,34.2296875,6d1740a6130acc8f784a136d44e5d7ee4c2826d0c619238aead5cc115168a4a5,24c39cff4f4076d5a6cade16ac8ea77a6d137cf7e9ae2553c93e3f8325241fa2,4.3298697960381105e-15,8
A_p1_a2,A,,1,"{""b_ratio"": 1.6666666666666667, ""bias"": 2.0, ""fitness_mode"": ""count"", ""floor"": 0.1, ""jitter"": 0, ""motif_length"": 5, ""mutation_rate"": 0.001, ""n_cells"": 80, ""n_gens"": 150, ""n_metabolites"": 4, ""n_segments"": 4, ""n_seqs"": 8, ""p"": 0.6, ""penalty"": 0.5, ""penalty_ratio"": 0.25, ""reward"": 2.0, ""segment_order"": ""native"", ""seq_len"": 60, ""sigma"": 1.08, ""sigma_ratio"": 0.9, ""stride"": 1, ""temperature"": 1.2}",601648860,0.24999550580335367,0.5347604930316607,0.28476498722830706,0.15581325954861036,0.07633955640988668,0.007604166666666856,32.9046875,3286fbb5ed1f0fff6e70815a6888ebd43fbb9ee45026e69272f11c72472852e3,5f5f806e83fe7c43021f9b2a1d09dd52e5ff5126a097d2a9bcf4d5b22f71d987,3.885780586188048e-15,8
A_p1_a2,A,,2,"{""b_ratio"": 1.6666666666666667, ""bias"": 2.0, ""fitness_mode"": ""count"", ""floor"": 0.1, ""jitter"": 0, ""motif_length"": 5, ""mutation_rate"": 0.001, ""n_cells"": 80, ""n_gens"": 150, ""n_metabolites"": 4, ""n_segments"": 4, ""n_seqs"": 8, ""p"": 0.6, ""penalty"": 0.5, ""penalty_ratio"": 0.25, ""reward"": 2.0, ""segment_order"": ""native"", ""seq_len"": 60, ""sigma"": 1.08, ""sigma_ratio"": 0.9, ""stride"": 1, ""temperature"": 1.2}",880164862,0.25243464110330766,0.5363100722196702,0.28387543111636254,0.14967719184027573,0.08356799832029656,-0.018932291666665435,33.996875,7b7f7dea17f9c0ab54b9fde1c8c68393c42470b1ffc20288428f5f5ea0c2140e,234796d7a79a034785610ff7885088140e3f2b043a0a37ddc82b9ed0d9fb074b,3.885780586188048e-15,8
A_p1_a2,A,,3,"{""b_ratio"": 1.6666666666666667, ""bias"": 2.0, ""fitness_mode"": ""count"", ""floor"": 0.1, ""jitter"": 0, ""motif_length"": 5, ""mutation_rate"": 0.001, ""n_cells"": 80, ""n_gens"": 150, ""n_metabolites"": 4, ""n_segments"": 4, ""n_seqs"": 8, ""p"": 0.6, ""penalty"": 0.5, ""penalty_ratio"": 0.25, ""reward"": 2.0, ""segment_order"": ""native"", ""seq_len"": 60, ""sigma"": 1.08, ""sigma_ratio"": 0.9, ""stride"": 1, ""temperature"": 1.2}",1664643848,0.2413991061622729,0.5242686644418328,0.28286955827955995,0.17738444010416732,0.06036969046179442,-0.1445312499999929,33.059375,07c89831fbfe3b51d8927737ad71b330fba52b2e9a30c503d2abd4932bc59204,57d418bc02bbc21c1df7f16d6a99e907efb964e177428a7fd16ba506560fe67e,2.4424906541753444e-15,8
A_p1_a2,A,,4,"{""b_ratio"": 1.6666666666666667, ""bias"": 2.0, ""fitness_mode"": ""count"", ""floor"": 0.1, ""jitter"": 0, ""motif_length"": 5, ""mutation_rate"": 0.001, ""n_cells"": 80, ""n_gens"": 150, ""n_metabolites"": 4, ""n_segments"": 4, ""n_seqs"": 8, ""p"": 0.6, ""penalty"": 0.5, ""penalty_ratio"": 0.25, ""reward"": 2.0, ""segment_order"": ""native"", ""seq_len"": 60, ""sigma"": 1.08, ""sigma_ratio"": 0.9, ""stride"": 1, ""temperature"": 1.2}",986208572,0.2431613690326211,0.5273896640555049,0.2842282950228838,0.19231499565972232,0.08428258487619207,0.020703124999997158,33.803125,481b4acea25872b9947f70fe85a68858d23686efee9086c995d19d94467aa3a9,8dae4497e05a943737446b0fea631f0323340a58a643cbf3490950a00ba4d79f,5.329070518200751e-15,8
A_p1_a2,A,,5,"{""b_ratio"": 1.6666666666666667, ""bias"": 2.0, ""fitness_mode"": ""count"", ""floor"": 0.1, ""jitter"": 0, ""motif_length"": 5, ""mutation_rate"": 0.001, ""n_cells"": 80, ""n_gens"": 150, ""n_metabolites"": 4, ""n_segments"": 4, ""n_seqs"": 8, ""p"": 0.6, ""penalty"": 0.5, ""penalty_ratio"": 0.25, ""reward"": 2.0, ""segment_order"": ""native"", ""seq_len"": 60, ""sigma"": 1.08, ""sigma_ratio"": 0.9, ""stride"": 1, ""temperature"": 1.2}",1543693007,0.24708298016270963,0.5302757480310147,0.2831927678683051,0.1867024739583325,0.12062001126240478,-0.008984374999990052,34.30078125,827d6dcf27c4a7904efc1f2d33a3182f1798d8b4a08cab8897933998e9f1c8e2,1d21c24483553be5cbc856c8535b44d5f95d021ef0bfd0a88d32676eb6b9085c,5.10702591327572e-15,8
A_p1_a2,A,,6,"{""b_ratio"": 1.6666666666666667, ""bias"": 2.0, ""fitness_mode"": ""count"", ""floor"": 0.1, ""jitter"": 0, ""motif_length"": 5, ""mutation_rate"": 0.001, ""n_cells"": 80, ""n_gens"": 150, ""n_metabolites"": 4, ""n_segments"": 4, ""n_seqs"": 8, ""p"": 0.6, ""penalty"": 0.5, ""penalty_ratio"": 0.25, ""reward"": 2.0, ""segment_order"": ""native"", ""seq_len"": 60, ""sigma"": 1.08, ""sigma_ratio"": 0.9, ""stride"": 1, ""temperature"": 1.2}",4294157230,0.24432195117069683,0.5275830993416526,0.28326114817095577,0.17080349392361427,0.12414111892445283,-0.013203124999996874,33.7203125,9e1e4fce695997e70b0dadb8907930e9081f68c85cca9bb2c340a3c47d8732d4,3fb76b4b3d2c8e9fa56d492359f0cdf3f7d0d6819d7223b9fa74765fa67066a8,3.885780586188048e-15,8
A_p1_a2,A,,7,"{""b_ratio"": 1.6666666666666667, ""bias"": 2.0, ""fitness_mode"": ""count"", ""floor"": 0.1, ""jitter"": 0, ""motif_length"": 5, ""mutation_rate"": 0.001, ""n_cells"": 80, ""n_gens"": 150, ""n_metabolites"": 4, ""n_segments"": 4, ""n_seqs"": 8, ""p"": 0.6, ""penalty"": 0.5, ""penalty_ratio"": 0.25, ""reward"": 2.0, ""segment_order"": ""native"", ""seq_len"": 60, ""sigma"": 1.08, ""sigma_ratio"": 0.9, ""stride"": 1, ""temperature"": 1.2}",1812337559,0.24542714804000965,0.5297029467421811,0.28427579870217146,0.20773383246527732,0.04706619649933934,0.0370312500000054,34.24453125,454be8f4189011f4b11ee3516dc18b4ac7b4df0dacaf13c7fbc8cd25fd5ee551,90ddc5689377d587e896db5eb317d7e85a33170b187aed2a10550e30c196177c,4.551914400963142e-15,8
A_p1_a3,A,,0,"{""b_ratio"": 1.6666666666666667, ""bias"": 2.0, ""fitness_mode"": ""count"", ""floor"": 0.1, ""jitter"": 0, ""motif_length"": 5, ""mutation_rate"": 0.001, ""n_cells"": 80, ""n_gens"": 150, ""n_metabolites"": 4, ""n_segments"": 4, ""n_seqs"": 8, ""p"": 0.6, ""penalty"": 0.5, ""penalty_ratio"": 0.25, ""reward"": 2.0, ""segment_order"": ""native"", ""seq_len"": 60, ""sigma"": 1.62, ""sigma_ratio"": 1.35, ""stride"": 1, ""temperature"": 1.2}",1140939566,0.46365630031338245,0.7506027036521055,0.286946403338723,0.3032036675347243,0.14127170129244881,-0.010026041666655772,38.46640625,f7745ee8b42cfd84c1e6873bd816f144a29b8ab61f6056096f877b6b51a9c0b1,f99b142294ccf6ef0e78b77f316a32129a11b1f048068cc1f92caa29681ee3c8,2.55351295663786e-15,8
A_p1_a3,A,,1,"{""b_ratio"": 1.6666666666666667, ""bias"": 2.0, ""fitness_mode"": ""count"", ""floor"": 0.1, ""jitter"": 0, ""motif_length"": 5, ""mutation_rate"": 0.001, ""n_cells"": 80, ""n_gens"": 150, ""n_metabolites"": 4, ""n_segments"": 4, ""n_seqs"": 8, ""p"": 0.6, ""penalty"": 0.5, ""penalty_ratio"": 0.25, ""reward"": 2.0, ""segment_order"": ""native"", ""seq_len"": 60, ""sigma"": 1.62, ""sigma_ratio"": 1.35, ""stride"": 1, ""temperature"": 1.2}",1737041838,0.4660597697221199,0.7517716784365721,0.28571190871445223,0.2737196180555532,0.13948713137147112,-0.11192708333332746,37.05390625,415351bafdfdfc819f7c302a902bc1258968f8d613462a966c57989920cfe8a6,6fa138f02adfce2412affceaa7bbf299da0b881d6d369b2303c1402fa437372c,1.970645868709653e-15,8
A_p1_a3,A,,2,"{""b_ratio"": 1.6666666666666667, ""bias"": 2.0, ""fitness_mode"": ""count"", ""floor"": 0.1, ""jitter"": 0, ""motif_length"": 5, ""mutation_rate"": 0.001, ""n_cells"": 80, ""n_gens"": 150, ""n_metabolites"": 4, ""n_segments"": 4, ""n_seqs"": 8, ""p"": 0.6, ""penalty"": 0.5, ""penalty_ratio"": 0.25, ""reward"": 2.0, ""segment_order"": ""native"", ""seq_len"": 60, ""sigma"": 1.62, ""sigma_ratio"": 1.35, ""stride"": 1, ""temperature"": 1.2}",3838026165,0.4619671527529134,0.746731269049214,0.28476411629630066,0.22463378906249698,0.08980243555205211,-0.018828124999998863,37.42890625,89c4172e8318d0945fd0567c5ebb740b57ed907fa06d35b3b76d87148b92c058,2f0566f7df8d942b2fc9bf93f3e2682aae38a263ab5b246c9bf9db958fef577c,2.4424906541753444e-15,8
A_p1_a3,A,,3,"{""b_ratio"": 1.6666666666666667, ""bias"": 2.0, ""fitness_mode"": ""count"", ""floor"": 0.1, ""jitter"": 0, ""motif_length"": 5, ""mutation_rate"": 0.001, ""n_cells"": 80, ""n_gens"": 150, ""n_metabolites"": 4, ""n_segments"": 4, ""n_seqs"": 8, ""p"": 0.6, ""penalty"": 0.5, ""penalty_ratio"": 0.25, ""reward"": 2.0, ""segment_order"": ""native"", ""seq_len"": 60, ""sigma"": 1.62, ""sigma_ratio"": 1.35, ""stride"": 1, ""temperature"": 1.2}",777707125,0.46196105806266297,0.7469957216121561,0.28503466354949314,0.3115397135416691,0.1308425139499583,-0.04226562499999176,37.0578125,c07aae29ae87a8783bb091617f736a2a19725c2eedef2543890ac40cd5fe8736,9f1560d4533f3af5c5952292bc5150d8f055c41c29894659b7c43e52315b5358,3.1086244689504383e-15,8
A_p1_a3,A,,4,"{""b_ratio"": 1.6666666666666667, ""bias"": 2.0, ""fitness_mode"": ""count"", ""floor"": 0.1, ""jitter"": 0, ""motif_length"": 5, ""mutation_rate"": 0.001, ""n_cells"": 80, ""n_gens"": 150, ""n_metabolites"": 4, ""n_segments"": 4, ""n_seqs"": 8, ""p"": 0.6, ""penalty"": 0.5, ""penalty_ratio"": 0.25, ""reward"": 2.0, ""segment_order"": ""native"", ""seq_len"": 60, ""sigma"": 1.62, ""sigma_ratio"": 1.35, ""stride"": 1, ""temperature"": 1.2}",3946617589,0.4700554091549443,0.7550807560275911,0.28502534687264675,0.2535508897569452,0.11935346422257237,0.025494791666673677,36.85390625,1ba69637142ea6ba7e56e851c9979a205fabe6ae68280330330efa6c1d5bb2d5,9363bc0a95144fd041251b35cf4b456735869dd649ed01581734d72fffa8cc2a,3.774758283725532e-15,8
A_p1_a3,A,,5,"{""b_ratio"": 1.6666666666666667, ""bias"": 2.0, ""fitness_mode"": ""count"", ""floor"": 0.1, ""jitter"": 0, ""motif_length"": 5, ""mutation_rate"": 0.001, ""n_cells"": 80, ""n_gens"": 150, ""n_metabolites"": 4, ""n_segments"": 4, ""n_seqs"": 8, ""p"": 0.6, ""penalty"": 0.5, ""penalty_ratio"": 0.25, ""reward"": 2.0, ""segment_order"": ""native"", ""seq_len"": 60, ""sigma"": 1.62, ""sigma_ratio"": 1.35, ""stride"": 1, ""temperature"": 1.2}",1762198121,0.4655139281348487,0.7509477005246118,0.2854337723897631,0.25795084635416465,0.06858972623236892,0.012421875000001137,37.53359375,1d14ff2cf3a19597b588d939753375d2503bf297bd06cc2da04dadeff3e54d8c,eca2a394f23b1b067e12f19c334e07816b6e6e07552797cc4b12b89b7ffcb0b5,6.328271240363392e-15,8
A_p1_a3,A,,6,"{""b_ratio"": 1.6666666666666667, ""bias"": 2.0, ""fitness_mode"": ""count"", ""floor"": 0.1, ""jitter"": 0, ""motif_length"": 5, ""mutation_rate"": 0.001, ""n_cells"": 80, ""n_gens"": 150, ""n_metabolites"": 4, ""n_segments"": 4, ""n_seqs"": 8, ""p"": 0.6, ""penalty"": 0.5, ""penalty_ratio"": 0.25, ""reward"": 2.0, ""segment_order"": ""native"", ""seq_len"": 60, ""sigma"": 1.62, ""sigma_ratio"": 1.35, ""stride"": 1, ""temperature"": 1.2}",630528132,0.46381613912892,0.7498714166277776,0.28605527749885756,0.2706217447916659,0.07263002391261006,0.19044270833332178,36.846875,4595fff3c7548129e384bfafcce4ebba9140391ce1536812da67d39b53491496,e05a507c2d13e90da0ccea964b716cde11c35f971dbd216b787166a9b2ab5328,3.1086244689504383e-15,8
A_p1_a3,A,,7,"{""b_ratio"": 1.6666666666666667, ""bias"": 2.0, ""fitness_mode"": ""count"", ""floor"": 0.1, ""jitter"": 0, ""motif_length"": 5, ""mutation_rate"": 0.001, ""n_cells"": 80, ""n_gens"": 150, ""n_metabolites"": 4, ""n_segments"": 4, ""n_seqs"": 8, ""p"": 0.6, ""penalty"": 0.5, ""penalty_ratio"": 0.25, ""reward"": 2.0, ""segment_order"": ""native"", ""seq_len"": 60, ""sigma"": 1.62, ""sigma_ratio"": 1.35, ""stride"": 1, ""temperature"": 1.2}",3893456502,0.4648770715256626,0.7497111592123993,0.2848340876867367,0.2790500217013854,0.12260663346466662,5.2083333343944105e-05,37.840625,f2523f1ba9d4b48711c182c54a32212a46e13314a36306e1dc46b42ba882557f,492099a0c377c32479c4f50670b907998a21ec0a1d6b4248a46272af0b606e8f,3.6637359812630166e-15,8
A_p2_a0,A,,0,"{""b_ratio"": 1.6666666666666667, ""bias"": 2.0, ""fitness_mode"": ""count"", ""floor"": 0.1, ""jitter"": 0, ""motif_length"": 5, ""mutation_rate"": 0.001, ""n_cells"": 80, ""n_gens"": 150, ""n_metabolites"": 4, ""n_segments"": 4, ""n_seqs"": 8, ""p"": 0.75, ""penalty"": 0.5, ""penalty_ratio"": 0.25, ""reward"": 2.0, ""segment_order"": ""native"", ""seq_len"": 60, ""sigma"": 0.0, ""sigma_ratio"": 0, ""stride"": 1, ""temperature"": 1.2}",685126784,0.002817081877747818,0.2703256869866389,0.2675086051088911,0.0,0.0,0.0832031249999936,26.96015625,c944d158754de5428728fa75e8b7f39375d8b17404930117d941b781341d22d7,20b25191415ea68dd06e6a583834efde1e74709a81879cbb7a934b5b3c1ece6f,1.2256862191861728e-13,8
A_p2_a0,A,,1,"{""b_ratio"": 1.6666666666666667, ""bias"": 2.0, ""fitness_mode"": ""count"", ""floor"": 0.1, ""jitter"": 0, ""motif_length"": 5, ""mutation_rate"": 0.001, ""n_cells"": 80, ""n_gens"": 150, ""n_metabolites"": 4, ""n_segments"": 4, ""n_seqs"": 8, ""p"": 0.75, ""penalty"": 0.5, ""penalty_ratio"": 0.25, ""reward"": 2.0, ""segment_order"": ""native"", ""seq_len"": 60, ""sigma"": 0.0, ""sigma_ratio"": 0, ""stride"": 1, ""temperature"": 1.2}",2934136165,0.0029574808553072263,0.2740794907537012,0.27112200989839397,0.0,0.0,0.015000000000004121,27.3515625,39f45b815025aecce432f9cccacfc0a749e46468b4420bf5b88f3dc2ac32b408,4f6915d8096e1bd976bd3d0b6596f88b801728342f9cfdc8af93cd9d8b41d39c,1.2212453270876722e-13,8
A_p2_a0,A,,2,"{""b_ratio"": 1.6666666666666667, ""bias"": 2.0, ""fitness_mode"": ""count"", ""floor"": 0.1, ""jitter"": 0, ""motif_length"": 5, ""mutation_rate"": 0.001, ""n_cells"": 80, ""n_gens"": 150, ""n_metabolites"": 4, ""n_segments"": 4, ""n_seqs"": 8, ""p"": 0.75, ""penalty"": 0.5, ""penalty_ratio"": 0.25, ""reward"": 2.0, ""segment_order"": ""native"", ""seq_len"": 60, ""sigma"": 0.0, ""sigma_ratio"": 0, ""stride"": 1, ""temperature"": 1.2}",3525312656,-0.0020868159166324562,0.2689306507064969,0.27101746662312937,0.0,0.0,0.14447916666667027,27.1140625,84e1df6207f561b2c97371ad4ef159dbb846f29428878d22e15664bb7cfa86cb,a369bfd7a3704e7322f2767f5d379900a95ba7e4c3ab708ae9d69d05733304b1,1.2245759961615477e-13,8
A_p2_a0,A,,3,"{""b_ratio"": 1.6666666666666667, ""bias"": 2.0, ""fitness_mode"": ""count"", ""floor"": 0.1, ""jitter"": 0, ""motif_length"": 5, ""mutation_rate"": 0.001, ""n_cells"": 80, ""n_gens"": 150, ""n_metabolites"": 4, ""n_segments"": 4, ""n_seqs"": 8, ""p"": 0.75, ""penalty"": 0.5, ""penalty_ratio"": 0.25, ""reward"": 2.0, ""segment_order"": ""native"", ""seq_len"": 60, ""sigma"": 0.0, ""sigma_ratio"": 0, ""stride"": 1, ""temperature"": 1.2}",3106988708,0.0026148317167232205,0.27358521102648636,0.27097037930976314,0.0,0.0,0.10562500000000341,27.48515625,f7e6c01cc0b6330b1434c39b9b76ca588ee358858daf5c3a74efc88272502390,25e5aa121717ed1be9f3215e71354a673445b9b3fb51c12b61166603ea8c1bb5,1.2168044349891716e-13,8
A_p2_a0,A,,4,"{""b_ratio"": 1.6666666666666667, ""bias"": 2.0, ""fitness_mode"": ""count"", ""floor"": 0.1, ""jitter"": 0, ""motif_length"": 5, ""mutation_rate"": 0.001, ""n_cells"": 80, ""n_gens"": 150, ""n_metabolites"": 4, ""n_segments"": 4, ""n_seqs"": 8, ""p"": 0.75, ""penalty"": 0.5, ""penalty_ratio"": 0.25, ""reward"": 2.0, ""segment_order"": ""native"", ""seq_len"": 60, ""sigma"": 0.0, ""sigma_ratio"": 0, ""stride"": 1, ""temperature"": 1.2}",964320155,0.0027557792906266476,0.27207416089799435,0.2693183816073677,0.0,0.0,0.030130208333332575,27.03515625,1eb048615ccf05d3b748094ac7f6dac0b6c72105317e37dece2fa30ee5e26445,4e6f8549f25c8d513abee516f6f5e258a73cf583b568f14d710a4693a02f1cf0,1.219024881038422e-13,8
A_p2_a0,A,,5,"{""b_ratio"": 1.6666666666666667, ""bias"": 2.0, ""fitness_mode"": ""count"", ""floor"": 0.1, ""jitter"": 0, ""motif_length"": 5, ""mutation_rate"": 0.001, ""n_cells"": 80, ""n_gens"": 150, ""n_metabolites"": 4, ""n_segments"": 4, ""n_seqs"": 8, ""p"": 0.75, ""penalty"": 0.5, ""penalty_ratio"": 0.25, ""reward"": 2.0, ""segment_order"": ""native"", ""seq_len"": 60, ""sigma"": 0.0, ""sigma_ratio"": 0, ""stride"": 1, ""temperature"": 1.2}",2037261870,0.003014599275627472,0.2733979148511152,0.2703833155754877,0.0,0.0,-0.2320052083333337,26.66953125,5393bae5cd3f0fa3a59986200fceda240a3024882bb1ec4c61be8a2c21cc0922,663c58a3a1eaabe5020f8d92eed0d1c1c960dd64ac895cd9dd5e645c84371f25,1.2168044349891716e-13,8
A_p2_a0,A,,6,"{""b_ratio"": 1.6666666666666667, ""bias"": 2.0, ""fitness_mode"": ""count"", ""floor"": 0.1, ""jitter"": 0, ""motif_length"": 5, ""mutation_rate"": 0.001, ""n_cells"": 80, ""n_gens"": 150, ""n_metabolites"": 4, ""n_segments"": 4, ""n_seqs"": 8, ""p"": 0.75, ""penalty"": 0.5, ""penalty_ratio"": 0.25, ""reward"": 2.0, ""segment_order"": ""native"", ""seq_len"": 60, ""sigma"": 0.0, ""sigma_ratio"": 0, ""stride"": 1, ""temperature"": 1.2}",4125340253,0.0021149518017090085,0.27348417965749405,0.27136922785578504,0.0,0.0,0.026588541666665577,26.53671875,5b120130082a5a8241720a8aa5230056a3594da0bdf43cd7bf22b551df32b2e3,2358b656594a772f0273c6b929b564680479b30c4fdad27ea8dc022063e4a810,1.220135104063047e-13,8
A_p2_a0,A,,7,"{""b_ratio"": 1.6666666666666667, ""bias"": 2.0, ""fitness_mode"": ""count"", ""floor"": 0.1, ""jitter"": 0, ""motif_length"": 5, ""mutation_rate"": 0.001, ""n_cells"": 80, ""n_gens"": 150, ""n_metabolites"": 4, ""n_segments"": 4, ""n_seqs"": 8, ""p"": 0.75, ""penalty"": 0.5, ""penalty_ratio"": 0.25, ""reward"": 2.0, ""segment_order"": ""native"", ""seq_len"": 60, ""sigma"": 0.0, ""sigma_ratio"": 0, ""stride"": 1, ""temperature"": 1.2}",1678087949,-0.0014617052088054527,0.27176898653135284,0.2732306917401583,0.0,0.0,-0.0786458333333293,27.38359375,49ae4ad95f97be399a59ddaef19918afe11cce8786f9645120f0c9964b561b42,446bf6fc147e727a39a838a31cc9977ae92c967540cf3ceb08eb7533f417cdb1,1.2234657731369225e-13,8
A_p2_a1,A,,0,"{""b_ratio"": 1.6666666666666667, ""bias"": 2.0, ""fitness_mode"": ""count"", ""floor"": 0.1, ""jitter"": 0, ""motif_length"": 5, ""mutation_rate"": 0.001, ""n_cells"": 80, ""n_gens"": 150, ""n_metabolites"": 4, ""n_segments"": 4, ""n_seqs"": 8, ""p"": 0.75, ""penalty"": 0.5, ""penalty_ratio"": 0.25, ""reward"": 2.0, ""segment_order"": ""native"", ""seq_len"": 60, ""sigma"": 0.54, ""sigma_ratio"": 0.45, ""stride"": 1, ""temperature"": 1.2}",1653300837,0.06537371717304724,0.33744031297113136,0.2720665957980841,0.08135308159722365,0.08349846902417744,-0.033124999999998295,29.94375,b913260003a5be572b44ef7ca85e8ad1d08a4137ee57416f29beba63deb34f2c,409e58b56ffcb345229372ae4695d0b27d6c81da4c7dcecd4f169e046cbab852,4.6629367034256575e-15,8
A_p2_a1,A,,1,"{""b_ratio"": 1.6666666666666667, ""bias"": 2.0, ""fitness_mode"": ""count"", ""floor"": 0.1, ""jitter"": 0, ""motif_length"": 5, ""mutation_rate"": 0.001, ""n_cells"": 80, ""n_gens"": 150, ""n_metabolites"": 4, ""n_segments"": 4, ""n_seqs"": 8, ""p"": 0.75, ""penalty"": 0.5, ""penalty_ratio"": 0.25, ""reward"": 2.0, ""segment_order"": ""native"", ""seq_len"": 60, ""sigma"": 0.54, ""sigma_ratio"": 0.45, ""stride"": 1, ""temperature"": 1.2}",1980878515,0.0722841775508547,0.34817267597391116,0.27588849842305646,0.09816351996527928,0.09326962207249706,-0.09096354166666387,29.23984375,887cc6a79b7a0c3303d7295c5f0a9675b3127d3e27a07ceb0154264073c8723a,2dde19434969b8d0869288ea4d89e256f791c1c67848c39b2ed6719f9801d64b,5.88418203051333e-15,8
A_p2_a1,A,,2,"{""b_ratio"": 1.6666666666666667, ""bias"": 2.0, ""fitness_mode"": ""count"", ""floor"": 0.1, ""jitter"": 0, ""motif_length"": 5, ""mutation_rate"": 0.001, ""n_cells"": 80, ""n_gens"": 150, ""n_metabolites"": 4, ""n_segments"": 4, ""n_seqs"": 8, ""p"": 0.75, ""penalty"": 0.5, ""penalty_ratio"": 0.25, ""reward"": 2.0, ""segment_order"": ""native"", ""seq_len"": 60, ""sigma"": 0.54, ""sigma_ratio"": 0.45, ""stride"": 1, ""temperature"": 1.2}",4271206526,0.06966302042178757,0.3426237514543634,0.27296073103257584,0.1271294487847241,0.06324682315704384,0.262317708333331,29.33515625,56439c7f1bbfd7f7a3fca27981b9307737409c10e010f2e192fabc112a36f32b,49ac0162736fd5aa97f58ab9c9ee5e26a13cb2d0e71a805c854dcf428783c6b0,3.9968028886505635e-15,8
A_p2_a1,A,,3,"{""b_ratio"": 1.6666666666666667, ""bias"": 2.0, ""fitness_mode"": ""count"", ""floor"": 0.1, ""jitter"": 0, ""motif_length"": 5, ""mutation_rate"": 0.001, ""n_cells"": 80, ""n_gens"": 150, ""n_metabolites"": 4, ""n_segments"": 4, ""n_seqs"": 8, ""p"": 0.75, ""penalty"": 0.5, ""penalty_ratio"": 0.25, ""reward"": 2.0, ""segment_order"": ""native"", ""seq_len"": 60, ""sigma"": 0.54, ""sigma_ratio"": 0.45, ""stride"": 1, ""temperature"": 1.2}",2225832632,0.06594341333042697,0.3401133191812904,0.2741699058508634,0.09096137152777928,0.07334510561941694,-0.08083333333333798,29.0390625,22b6eb6fdfad3d6490f5d29fce25e44dc3501d6a5900f3c0139d06fb4cc54666,0e1c3d2b4f41c496e8fffb0fed7778e430666a617508ec79684979a685f30aed,4.218847493575595e-15,8
A_p2_a1,A,,4,"{""b_ratio"": 1.6666666666666667, ""bias"": 2.0, ""fitness_mode"": ""count"", ""floor"": 0.1, ""jitter"": 0, ""motif_length"": 5, ""mutation_rate"": 0.001, ""n_cells"": 80, ""n_gens"": 150, ""n_metabolites"": 4, ""n_segments"": 4, ""n_seqs"": 8, ""p"": 0.75, ""penalty"": 0.5, ""penalty_ratio"": 0.25, ""reward"": 2.0, ""segment_order"": ""native"", ""seq_len"": 60, ""sigma"": 0.54, ""sigma_ratio"": 0.45, ""stride"": 1, ""temperature"": 1.2}",1919019378,0.06579807446232405,0.3385908034706139,0.2727927290082898,0.08211805555555696,0.12109573122170678,0.12815104166666558,28.8203125,d4fb44ea888a7d1d101af94a630699325d2d9b9d17782ab4555ff118f76c60e8,5339b0e724892e1551d6d46c9ddda7f43e3d8c25a1b3c99cdcaf2d7c9e1fc81d,4.440892098500626e-15,8
A_p2_a1,A,,5,"{""b_ratio"": 1.6666666666666667, ""bias"": 2.0, ""fitness_mode"": ""count"", ""floor"": 0.1, ""jitter"": 0, ""motif_length"": 5, ""mutation_rate"": 0.001, ""n_cells"": 80, ""n_gens"": 150, ""n_metabolites"": 4, ""n_segments"": 4, ""n_seqs"": 8, ""p"": 0.75, ""penalty"": 0.5, ""penalty_ratio"": 0.25, ""reward"": 2.0, ""segment_order"": ""native"", ""seq_len"": 60, ""sigma"": 0.54, ""sigma_ratio"": 0.45, ""stride"": 1, ""temperature"": 1.2}",1327091205,0.06499120720015633,0.336247033711582,0.27125582651142566,0.11398654513888751,0.06130043088160256,-0.06778645833333385,29.2046875,bf89d52e6274e900ea6a1831f68a7cd0a9a08944f0ad310c4a94a974e2e49845,79b3a0404963b22c85a7d9e8ed3f207b308ec5ba18537ff9e53498778a666d56,5.440092820663267e-15,8
A_p2_a1,A,,6,"{""b_ratio"": 1.6666666666666667, ""bias"": 2.0, ""fitness_mode"": ""count"", ""floor"": 0.1, ""jitter"": 0, ""motif_length"": 5, ""mutation_rate"": 0.001, ""n_cells"": 80, ""n_gens"": 150, ""n_metabolites"": 4, ""n_segments"": 4, ""n_seqs"": 8, ""p"": 0.75, ""penalty"": 0.5, ""penalty_ratio"": 0.25, ""reward"": 2.0, ""segment_order"": ""native"", ""seq_len"": 60, ""sigma"": 0.54, ""sigma_ratio"": 0.45, ""stride"": 1, ""temperature"": 1.2}",1011545207,0.0709283214448529,0.34470564493673567,0.2737773234918828,0.11964518229166687,0.08842322730794468,0.05250000000000554,29.459375,57f9171a780faf98c25b1f99c212087c21fa72bca6e513135ad078af0049e8dd,7f14b946d48551338b6a5d2547dbbd872c6b4e535581e5307d4c2ede09e400bf,4.107825191113079e-15,8
A_p2_a1,A,,7,"{""b_ratio"": 1.6666666666666667, ""bias"": 2.0, ""fitness_mode"": ""count"", ""floor"": 0.1, ""jitter"": 0, ""motif_length"": 5, ""mutation_rate"": 0.001, ""n_cells"": 80, ""n_gens"": 150, ""n_metabolites"": 4, ""n_segments"": 4, ""n_seqs"": 8, ""p"": 0.75, ""penalty"": 0.5, ""penalty_ratio"": 0.25, ""reward"": 2.0, ""segment_order"": ""native"", ""seq_len"": 60, ""sigma"": 0.54, ""sigma_ratio"": 0.45, ""stride"": 1, ""temperature"": 1.2}",2690199669,0.06654389474523714,0.34002224179429863,0.2734783470490615,0.10137803819444624,0.09036579987754674,0.11799479166666771,29.7046875,a1a5cbb9816a6378600f20fc6915dfe36ce962fefac34f752901414e45e5f7e0,fe719c62af312c39eefbde24ff66f7fa3e4fccf49b98270ee651018cbe5bc18d,2.1094237467877974e-15,8
A_p2_a2,A,,0,"{""b_ratio"": 1.6666666666666667, ""bias"": 2.0, ""fitness_mode"": ""count"", ""floor"": 0.1, ""jitter"": 0, ""motif_length"": 5, ""mutation_rate"": 0.001, ""n_cells"": 80, ""n_gens"": 150, ""n_metabolites"": 4, ""n_segments"": 4, ""n_seqs"": 8, ""p"": 0.75, ""penalty"": 0.5, ""penalty_ratio"": 0.25, ""reward"": 2.0, ""segment_order"": ""native"", ""seq_len"": 60, ""sigma"": 1.08, ""sigma_ratio"": 0.9, ""stride"": 1, ""temperature"": 1.2}",4286004990,0.2523384483773606,0.5302393549112862,0.2779009065339256,0.26362847222222285,0.15440770326319303,0.053645833333341386,33.95625,ef4afcbba6b0613315aef0ddcde433bf42c1adaa8d4e9a53139ee718c6c96267,7468811d3d26a25dca9b0265088acd4f047ecd36a163eb670503b492ae010d94,3.9968028886505635e-15,8
A_p2_a2,A,,1,"{""b_ratio"": 1.6666666666666667, ""bias"": 2.0, ""fitness_mode"": ""count"", ""floor"": 0.1, ""jitter"": 0, ""motif_length"": 5, ""mutation_rate"": 0.001, ""n_cells"": 80, ""n_gens"": 150, ""n_metabolites"": 4, ""n_segments"": 4, ""n_seqs"": 8, ""p"": 0.75, ""penalty"": 0.5, ""penalty_ratio"": 0.25, ""reward"": 2.0, ""segment_order"": ""native"", ""seq_len"": 60, ""sigma"": 1.08, ""sigma_ratio"": 0.9, ""stride"": 1, ""temperature"": 1.2}",2247242819,0.25232856382687585,0.5284695818728299,0.27614101804595403,0.2511366102430541,0.13548042280766978,0.31359374999999545,34.02578125,c54ebc1e6d939f687562aa953dc7d31c4b19f91c3540f1ed5d40b7f5bfb87ba7,d86c7da4bb4b5a4c4f190ae22e9b20061512031fdfa0b53d9e90287351cbbc0f,5.440092820663267e-15,8
A_p2_a2,A,,2,"{""b_ratio"": 1.6666666666666667, ""bias"": 2.0, ""fitness_mode"": ""count"", ""floor"": 0.1, ""jitter"": 0, ""motif_length"": 5, ""mutation_rate"": 0.001, ""n_cells"": 80, ""n_gens"": 150, ""n_metabolites"": 4, ""n_segments"": 4, ""n_seqs"": 8, ""p"": 0.75, ""penalty"": 0.5, ""penalty_ratio"": 0.25, ""reward"": 2.0, ""segment_order"": ""native"", ""seq_len"": 60, ""sigma"": 1.08, ""sigma_ratio"": 0.9, ""stride"": 1, ""temperature"": 1.2}",436752161,0.24610297434686895,0.521553415636087,0.2754504412892181,0.3732096354166696,0.11774166889200163,0.0983072916666643,34.2765625,47605a90a5273c7091dea8a2cd7a42d63c8cf28463a20f62f450d6b4a825a318,d2f3dfe40fa35012f25cbe7133263e155544412f98b47bfcebaf9062c648d2db,3.885780586188048e-15,8
A_p2_a2,A,,3,"{""b_ratio"": 1.6666666666666667, ""bias"": 2.0, ""fitness_mode"": ""count"", ""floor"": 0.1, ""jitter"": 0, ""motif_length"": 5, ""mutation_rate"": 0.001, ""n_cells"": 80, ""n_gens"": 150, ""n_metabolites"": 4, ""n_segments"": 4, ""n_seqs"": 8, ""p"": 0.75, ""penalty"": 0.5, ""penalty_ratio"": 0.25, ""reward"": 2.0, ""segment_order"": ""native"", ""seq_len"": 60, ""sigma"": 1.08, ""sigma_ratio"": 0.9, ""stride"": 1, ""temperature"": 1.2}",3430787129,0.25220259657405064,0.52665564110686,0.2744530445328094,0.34957682291666803,0.1646877222199563,0.04611979166666913,33.90234375,c0f3f5390f45902b27f0b882af6460bcec3f4f334d6ed87b5c07c3696446b5df,854a462b59f51dbecd7b185164999d3c5bdb21c399843daf8c163c50add80498,5.218048215738236e-15,8
A_p2_a2,A,,4,"{""b_ratio"": 1.6666666666666667, ""bias"": 2.0, ""fitness_mode"": ""count"", ""floor"": 0.1, ""jitter"": 0, ""motif_length"": 5, ""mutation_rate"": 0.001, ""n_cells"": 80, ""n_gens"": 150, ""n_metabolites"": 4, ""n_segments"": 4, ""n_seqs"": 8, ""p"": 0.75, ""penalty"": 0.5, ""penalty_ratio"": 0.25, ""reward"": 2.0, ""segment_order"": ""native"", ""seq_len"": 60, ""sigma"": 1.08, ""sigma_ratio"": 0.9, ""stride"": 1, ""temperature"": 1.2}",1802149445,0.25054757423005186,0.5272035048784621,0.27665593064841026,0.30331488715277644,0.11879860444456274,-0.16661458333333456,33.7796875,1fd43b2be20d410e1b5a40e12f0cde31d8d05f32a4b0cd6044dc04cfdfc2f7b9,a1efa48b4eea8677821255030f5f5c2571070242e5932efaac0eced1a912349a,6.772360450213455e-15,8
A_p2_a2,A,,5,"{""b_ratio"": 1.6666666666666667, ""bias"": 2.0, ""fitness_mode"": ""count"", ""floor"": 0.1, ""jitter"": 0, ""motif_length"": 5, ""mutation_rate"": 0.001, ""n_cells"": 80, ""n_gens"": 150, ""n_metabolites"": 4, ""n_segments"": 4, ""n_seqs"": 8, ""p"": 0.75, ""penalty"": 0.5, ""penalty_ratio"": 0.25, ""reward"": 2.0, ""segment_order"": ""native"", ""seq_len"": 60, ""sigma"": 1.08, ""sigma_ratio"": 0.9, ""stride"": 1, ""temperature"": 1.2}",1819838061,0.2448012714175345,0.5215642213141295,0.276762949896595,0.19546712239583197,0.10143464195166058,0.08169270833332831,34.3625,bf81f456ae44a136e72a06c2a981a08bf515b298645aae3a810fa42411665ef1,da29af11088480718a46afaad873365b9737930de23c29185665d29aa38b7911,6.217248937900877e-15,8
A_p2_a2,A,,6,"{""b_ratio"": 1.6666666666666667, ""bias"": 2.0, ""fitness_mode"": ""count"", ""floor"": 0.1, ""jitter"": 0, ""motif_length"": 5, ""mutation_rate"": 0.001, ""n_cells"": 80, ""n_gens"": 150, ""n_metabolites"": 4, ""n_segments"": 4, ""n_seqs"": 8, ""p"": 0.75, ""penalty"": 0.5, ""penalty_ratio"": 0.25, ""reward"": 2.0, ""segment_order"": ""native"", ""seq_len"": 60, ""sigma"": 1.08, ""sigma_ratio"": 0.9, ""stride"": 1, ""temperature"": 1.2}",481764057,0.24500586510403588,0.5241007855695804,0.2790949204655445,0.3016710069444457,0.06587765243825489,0.04684895833332803,33.57578125,fedd4abcd0b6bf2acade9bd5624b7790b2bde2d0d1211ab54041c82e0300d5c6,bd145746a7a9d0ce72e45d987f41c55c3a3beb2ffd50680b9cb4ae62b323fe65,5.440092820663267e-15,8
A_p2_a2,A,,7,"{""b_ratio"": 1.6666666666666667, ""bias"": 2.0, ""fitness_mode"": ""count"", ""floor"": 0.1, ""jitter"": 0, ""motif_length"": 5, ""mutation_rate"": 0.001, ""n_cells"": 80, ""n_gens"": 150, ""n_metabolites"": 4, ""n_segments"": 4, ""n_seqs"": 8, ""p"": 0.75, ""penalty"": 0.5, ""penalty_ratio"": 0.25, ""reward"": 2.0, ""segment_order"": ""native"", ""seq_len"": 60, ""sigma"": 1.08, ""sigma_ratio"": 0.9, ""stride"": 1, ""temperature"": 1.2}",3181311630,0.2445406345489919,0.5208100610043411,0.27626942645534924,0.326057942708335,0.13030398569456753,0.237057291666666,34.04375,eb8c4bf3d5792362bf7c8e5031755db2e8bf25c57bc8de0689af0f1608f9dce3,8928e4de575c1f281b86bf371efef0e24ec31d7d7fab6694a4dd0ba78d82e2cf,4.9960036108132044e-15,8
A_p2_a3,A,,0,"{""b_ratio"": 1.6666666666666667, ""bias"": 2.0, ""fitness_mode"": ""count"", ""floor"": 0.1, ""jitter"": 0, ""motif_length"": 5, ""mutation_rate"": 0.001, ""n_cells"": 80, ""n_gens"": 150, ""n_metabolites"": 4, ""n_segments"": 4, ""n_seqs"": 8, ""p"": 0.75, ""penalty"": 0.5, ""penalty_ratio"": 0.25, ""reward"": 2.0, ""segment_order"": ""native"", ""seq_len"": 60, ""sigma"": 1.62, ""sigma_ratio"": 1.35, ""stride"": 1, ""temperature"": 1.2}",1921681068,0.46866712864653065,0.7491466012192152,0.2804794725726845,0.48299967447916714,0.18510669176770497,0.017630208333343944,38.13984375,12d3e5c19ef9b4426f1973e47c78d83f7176534e5c36d5b4b45ce19a1f94a36a,da077eec4697890671956a5388eaafbb89e87dda6ec0b9c616ce8ff0119971b9,4.218847493575595e-15,8
A_p2_a3,A,,1,"{""b_ratio"": 1.6666666666666667, ""bias"": 2.0, ""fitness_mode"": ""count"", ""floor"": 0.1, ""jitter"": 0, ""motif_length"": 5, ""mutation_rate"": 0.001, ""n_cells"": 80, ""n_gens"": 150, ""n_metabolites"": 4, ""n_segments"": 4, ""n_seqs"": 8, ""p"": 0.75, ""penalty"": 0.5, ""penalty_ratio"": 0.25, ""reward"": 2.0, ""segment_order"": ""native"", ""seq_len"": 60, ""sigma"": 1.62, ""sigma_ratio"": 1.35, ""stride"": 1, ""temperature"": 1.2}",1309949085,0.46732082516475,0.741108069597358,0.273787244432608,0.507817925347223,0.14431663548156642,-0.0014062500000022737,37.5734375,40c30099e54c144424871127df32dd06c73f755ea4c2075b50083eba16f4afcf,1c2797debd7363f03155687f36f4f002aa6eadfb45031e035c1571330eeb57e5,2.3314683517128287e-15,8
A_p2_a3,A,,2,"{""b_ratio"": 1.6666666666666667, ""bias"": 2.0, ""fitness_mode"": ""count"", ""floor"": 0.1, ""jitter"": 0, ""motif_length"": 5, ""mutation_rate"": 0.001, ""n_cells"": 80, ""n_gens"": 150, ""n_metabolites"": 4, ""n_segments"": 4, ""n_seqs"": 8, ""p"": 0.75, ""penalty"": 0.5, ""penalty_ratio"": 0.25, ""reward"": 2.0, ""segment_order"": ""native"", ""seq_len"": 60, ""sigma"": 1.62, ""sigma_ratio"": 1.35, ""stride"": 1, ""temperature"": 1.2}",3008324306,0.4617973749877909,0.7417471583696359,0.279949783381845,0.4285725911458318,0.13819501012117627,-0.10223958333333627,37.4078125,1306ae383dd696be80e21f3713b975bc11b0877d1db2ad79812535aa866444b1,ae6ebad3fd8ec4cd5c7facdf776753c8ae885eb294bb9ee14c81aa8f6729a181,3.1086244689504383e-15,8
A_p2_a3,A,,3,"{""b_ratio"": 1.6666666666666667, ""bias"": 2.0, ""fitness_mode"": ""count"", ""floor"": 0.1, ""jitter"": 0, ""motif_length"": 5, ""mutation_rate"": 0.001, ""n_cells"": 80, ""n_gens"": 150, ""n_metabolites"": 4, ""n_segments"": 4, ""n_seqs"": 8, ""p"": 0.75, ""penalty"": 0.5, ""penalty_ratio"": 0.25, ""reward"": 2.0, ""segment_order"": ""native"", ""seq_len"": 60, ""sigma"": 1.62, ""sigma_ratio"": 1.35, ""stride"": 1, ""temperature"": 1.2}",3992307770,0.46166678463401406,0.7395993437968468,0.2779325591628327,0.3925944010416691,0.16980500355384878,0.336171874999998,37.1890625,1ef02bce2ad1b65388790f68181fa78abc4c1505692a8088f17252381fdee442,601ecfe376f97359d1ddb95f3128b9b89ec18054ddd492e8258b2d60a54afbe0,4.9960036108132044e-15,8
A_p2_a3,A,,4,"{""b_ratio"": 1.6666666666666667, ""bias"": 2.0, ""fitness_mode"": ""count"", ""floor"": 0.1, ""jitter"": 0, ""motif_length"": 5, ""mutation_rate"": 0.001, ""n_cells"": 80, ""n_gens"": 150, ""n_metabolites"": 4, ""n_segments"": 4, ""n_seqs"": 8, ""p"": 0.75, ""penalty"": 0.5, ""penalty_ratio"": 0.25, ""reward"": 2.0, ""segment_order"": ""native"", ""seq_len"": 60, ""sigma"": 1.62, ""sigma_ratio"": 1.35, ""stride"": 1, ""temperature"": 1.2}",1122895332,0.47197788841212757,0.7522381550301939,0.2802602666180663,0.47826334635416146,0.13746408905205434,0.2495833333333195,37.7375,56f7e8525761f63e3217719b9b77decbf60c1efbed05dddf7a2499ca5489f334,ce5d9fa9bcfbdffbd239bff71d640431e05d54a058f683700f1cda93363747b5,3.9968028886505635e-15,8
A_p2_a3,A,,5,"{""b_ratio"": 1.6666666666666667, ""bias"": 2.0, ""fitness_mode"": ""count"", ""floor"": 0.1, ""jitter"": 0, ""motif_length"": 5, ""mutation_rate"": 0.001, ""n_cells"": 80, ""n_gens"": 150, ""n_metabolites"": 4, ""n_segments"": 4, ""n_seqs"": 8, ""p"": 0.75, ""penalty"": 0.5, ""penalty_ratio"": 0.25, ""reward"": 2.0, ""segment_order"": ""native"", ""seq_len"": 60, ""sigma"": 1.62, ""sigma_ratio"": 1.35, ""stride"": 1, ""temperature"": 1.2}",23891307,0.4683300203387124,0.7478755541013125,0.27954553376260005,0.39719780815971895,0.18537894100400548,0.18739583333332632,37.91640625,73761165304535d1a1b5d37920b8b17498fd9d2a03c3f233f6afe2c71c603e56,f57c15e93f275c3ac53ee5121bd08ab28368f111ee989faa53a356a3c76936e4,4.3298697960381105e-15,8
A_p2_a3,A,,6,"{""b_ratio"": 1.6666666666666667, ""bias"": 2.0, ""fitness_mode"": ""count"", ""floor"": 0.1, ""jitter"": 0, ""motif_length"": 5, ""mutation_rate"": 0.001, ""n_cells"": 80, ""n_gens"": 150, ""n_metabolites"": 4, ""n_segments"": 4, ""n_seqs"": 8, ""p"": 0.75, ""penalty"": 0.5, ""penalty_ratio"": 0.25, ""reward"": 2.0, ""segment_order"": ""native"", ""seq_len"": 60, ""sigma"": 1.62, ""sigma_ratio"": 1.35, ""stride"": 1, ""temperature"": 1.2}",1790350780,0.4670420343285364,0.7445768546148943,0.2775348202863579,0.4902642144097227,0.12504870880247657,-0.43119791666666885,37.80234375,27a6cb3768375acd50246f23b72784509e97b32aef093ade92b7697dc1bc4161,c12489ab8e6874ddce841b07769c2b94446d398340a8a7b2cb63e8245c6c617a,1.7763568394002505e-15,8
A_p2_a3,A,,7,"{""b_ratio"": 1.6666666666666667, ""bias"": 2.0, ""fitness_mode"": ""count"", ""floor"": 0.1, ""jitter"": 0, ""motif_length"": 5, ""mutation_rate"": 0.001, ""n_cells"": 80, ""n_gens"": 150, ""n_metabolites"": 4, ""n_segments"": 4, ""n_seqs"": 8, ""p"": 0.75, ""penalty"": 0.5, ""penalty_ratio"": 0.25, ""reward"": 2.0, ""segment_order"": ""native"", ""seq_len"": 60, ""sigma"": 1.62, ""sigma_ratio"": 1.35, ""stride"": 1, ""temperature"": 1.2}",1016785714,0.468052696587746,0.7460738814722236,0.27802118488447763,0.5431016710069425,0.1130729600289213,-0.17101562499999545,37.8609375,e08bd2b920f395a7b2dfa574ad40ce3a10bbf394d69e905e831ea8efac8b3631,6c5fd14b93c665a15147b8e7038a2ec688009e16877b58d51e9dece740263572,3.1086244689504383e-15,8
A_p3_a0,A,,0,"{""b_ratio"": 1.6666666666666667, ""bias"": 2.0, ""fitness_mode"": ""count"", ""floor"": 0.1, ""jitter"": 0, ""motif_length"": 5, ""mutation_rate"": 0.001, ""n_cells"": 80, ""n_gens"": 150, ""n_metabolites"": 4, ""n_segments"": 4, ""n_seqs"": 8, ""p"": 0.85, ""penalty"": 0.5, ""penalty_ratio"": 0.25, ""reward"": 2.0, ""segment_order"": ""native"", ""seq_len"": 60, ""sigma"": 0.0, ""sigma_ratio"": 0, ""stride"": 1, ""temperature"": 1.2}",2672284332,0.0008833804010343616,0.26310301362073074,0.2622196332196964,0.0,0.0,0.002942708333335986,27.1953125,21e453a3e8c5dd20120c2f54f66cdfe19a9ffae8b170c863ba62e75d5f1c3bd0,b3f91011a4121376b916c8145c080ca36e7929f55bd032986fc769f0e62eae65,1.220135104063047e-13,8
A_p3_a0,A,,1,"{""b_ratio"": 1.6666666666666667, ""bias"": 2.0, ""fitness_mode"": ""count"", ""floor"": 0.1, ""jitter"": 0, ""motif_length"": 5, ""mutation_rate"": 0.001, ""n_cells"": 80, ""n_gens"": 150, ""n_metabolites"": 4, ""n_segments"": 4, ""n_seqs"": 8, ""p"": 0.85, ""penalty"": 0.5, ""penalty_ratio"": 0.25, ""reward"": 2.0, ""segment_order"": ""native"", ""seq_len"": 60, ""sigma"": 0.0, ""sigma_ratio"": 0, ""stride"": 1, ""temperature"": 1.2}",1152306291,-6.23674737664226e-05,0.2563909119035389,0.25645327937730533,0.0,0.0,-0.0137499999999946,27.58203125,c899352d3c213b20bc178b3e82007738b4f28a9fc64670099a1ebc42e2ed64b4,fe51b233b3454150917e9f9acb1d4d7b82d8583375e7230d0a2eb8c4cadb5d9b,1.2168044349891716e-13,8
A_p3_a0,A,,2,"{""b_ratio"": 1.6666666666666667, ""bias"": 2.0, ""fitness_mode"": ""count"", ""floor"": 0.1, ""jitter"": 0, ""motif_length"": 5, ""mutation_rate"": 0.001, ""n_cells"": 80, ""n_gens"": 150, ""n_metabolites"": 4, ""n_segments"": 4, ""n_seqs"": 8, ""p"": 0.85, ""penalty"": 0.5, ""penalty_ratio"": 0.25, ""reward"": 2.0, ""segment_order"": ""native"", ""seq_len"": 60, ""sigma"": 0.0, ""sigma_ratio"": 0, ""stride"": 1, ""temperature"": 1.2}",1512368082,0.0018240567375562566,0.25589879802428406,0.2540747412867278,0.0,0.0,0.06869791666666103,26.91640625,418c64f156502f6ad93c3aab98420aab3ea899107332d0b96da7b7c7fb63c7f7,c6fa070159c69811afe643f9fa5ca53472171c5b7195dccb2ccf4c6b7d5676b3,1.2223555501122974e-13,8
A_p3_a0,A,,3,"{""b_ratio"": 1.6666666666666667, ""bias"": 2.0, ""fitness_mode"": ""count"", ""floor"": 0.1, ""jitter"": 0, ""motif_length"": 5, ""mutation_rate"": 0.001, ""n_cells"": 80, ""n_gens"": 150, ""n_metabolites"": 4, ""n_segments"": 4, ""n_seqs"": 8, ""p"": 0.85, ""penalty"": 0.5, ""penalty_ratio"": 0.25, ""reward"": 2.0, ""segment_order"": ""native"", ""seq_len"": 60, ""sigma"": 0.0, ""sigma_ratio"": 0, ""stride"": 1, ""temperature"": 1.2}",1182153125,-0.0016334538059466497,0.2507716792438926,0.25240513304983925,0.0,0.0,0.013124999999991616,26.64140625,838abedfc451b03406224617881a181e2c6d9dd3aa517a2ad6cbb78a5a29b09a,2e57d31d57cebac9428a56515412936460250cee6f56b2cf75fa998a0dc1b44a,1.220135104063047e-13,8
A_p3_a0,A,,4,"{""b_ratio"": 1.6666666666666667, ""bias"": 2.0, ""fitness_mode"": ""count"", ""floor"": 0.1, ""jitter"": 0, ""motif_length"": 5, ""mutation_rate"": 0.001, ""n_cells"": 80, ""n_gens"": 150, ""n_metabolites"": 4, ""n_segments"": 4, ""n_seqs"": 8, ""p"": 0.85, ""penalty"": 0.5, ""penalty_ratio"": 0.25, ""reward"": 2.0, ""segment_order"": ""native"", ""seq_len"": 60, ""sigma"": 0.0, ""sigma_ratio"": 0, ""stride"": 1, ""temperature"": 1.2}",1874673421,-0.00020000711042528208,0.2519675652953114,0.2521675724057367,0.0,0.0,0.12789062500000625,27.08984375,8176731b971f76b1548c968a0a9d002e8f0b0a62845d4d897259a606fe6028da,2d23f3c6d2d639eea11742ba37a5459b053627db42b21ada8a4fa17d5b9c6e7f,1.2212453270876722e-13,8
A_p3_a0,A,,5,"{""b_ratio"": 1.6666666666666667, ""bias"": 2.0, ""fitness_mode"": ""count"", ""floor"": 0.1, ""jitter"": 0, ""motif_length"": 5, ""mutation_rate"": 0.001, ""n_cells"": 80, ""n_gens"": 150, ""n_metabolites"": 4, ""n_segments"": 4, ""n_seqs"": 8, ""p"": 0.85, ""penalty"": 0.5, ""penalty_ratio"": 0.25, ""reward"": 2.0, ""segment_order"": ""native"", ""seq_len"": 60, ""sigma"": 0.0, ""sigma_ratio"": 0, ""stride"": 1, ""temperature"": 1.2}",748952263,0.002117325650229207,0.2546839793145921,0.2525666536643629,0.0,0.0,-0.091432291666667,27.48046875,83ce85159360e73ec1ab0c3392786a7bc01bb5f350f99fc311b4903ab54a2b8a,8df1fa39de44339ce42932cec6352cf480035b6fa0228ff5093c5e663a2b5b54,1.2245759961615477e-13,8
A_p3_a0,A,,6,"{""b_ratio"": 1.6666666666666667, ""bias"": 2.0, ""fitness_mode"": ""count"", ""floor"": 0.1, ""jitter"": 0, ""motif_length"": 5, ""mutation_rate"": 0.001, ""n_cells"": 80, ""n_gens"": 150, ""n_metabolites"": 4, ""n_segments"": 4, ""n_seqs"": 8, ""p"": 0.85, ""penalty"": 0.5, ""penalty_ratio"": 0.25, ""reward"": 2.0, ""segment_order"": ""native"", ""seq_len"": 60, ""sigma"": 0.0, ""sigma_ratio"": 0, ""stride"": 1, ""temperature"": 1.2}",1756212925,-0.0009091166594254185,0.24967532159308567,0.2505844382525111,0.0,0.0,-0.00736979166666174,27.12421875,d3df88e4338575d4ae855f1d6e001ff5d51310d650cb02933f9b2f6a5a7c0102,fbe6357adf047989e19831bacc14e9c454af909433995ab98ed90eb01a9601cf,1.2223555501122974e-13,8
A_p3_a0,A,,7,"{""b_ratio"": 1.6666666666666667, ""bias"": 2.0, ""fitness_mode"": ""count"", ""floor"": 0.1, ""jitter"": 0, ""motif_length"": 5, ""mutation_rate"": 0.001, ""n_cells"": 80, ""n_gens"": 150, ""n_metabolites"": 4, ""n_segments"": 4, ""n_seqs"": 8, ""p"": 0.85, ""penalty"": 0.5, ""penalty_ratio"": 0.25, ""reward"": 2.0, ""segment_order"": ""native"", ""seq_len"": 60, ""sigma"": 0.0, ""sigma_ratio"": 0, ""stride"": 1, ""temperature"": 1.2}",1034724473,0.001378407421542327,0.2569281679815718,0.2555497605600295,0.0,0.0,0.21388020833332888,27.365625,dbb35be298c60ca262764bfe7f0df016fdf135572c5a6307644d3ac012105d37,a42a1c5342fb017d1b581069e1a7158845a5066f978283b6d3163f53eccda316,1.220135104063047e-13,8
A_p3_a1,A,,0,"{""b_ratio"": 1.6666666666666667, ""bias"": 2.0, ""fitness_mode"": ""count"", ""floor"": 0.1, ""jitter"": 0, ""motif_length"": 5, ""mutation_rate"": 0.001, ""n_cells"": 80, ""n_gens"": 150, ""n_metabolites"": 4, ""n_segments"": 4, ""n_seqs"": 8, ""p"": 0.85, ""penalty"": 0.5, ""penalty_ratio"": 0.25, ""reward"": 2.0, ""segment_order"": ""native"", ""seq_len"": 60, ""sigma"": 0.54, ""sigma_ratio"": 0.45, ""stride"": 1, ""temperature"": 1.2}",2694589725,0.07220908235509593,0.3245141203445625,0.2523050379894666,0.16822645399305625,0.12229943936038047,0.060729166666664725,29.6453125,31cd0d39d10fe18b60a6b7fd7fc073d30b2ae0da627f03336f576925a22f3845,c2581ff9ed6778f276fbeb30d375c514b63912dcbc868c75b932a2fa6cd1a6a9,5.10702591327572e-15,8
A_p3_a1,A,,1,"{""b_ratio"": 1.6666666666666667, ""bias"": 2.0, ""fitness_mode"": ""count"", ""floor"": 0.1, ""jitter"": 0, ""motif_length"": 5, ""mutation_rate"": 0.001, ""n_cells"": 80, ""n_gens"": 150, ""n_metabolites"": 4, ""n_segments"": 4, ""n_seqs"": 8, ""p"": 0.85, ""penalty"": 0.5, ""penalty_ratio"": 0.25, ""reward"": 2.0, ""segment_order"": ""native"", ""seq_len"": 60, ""sigma"": 0.54, ""sigma_ratio"": 0.45, ""stride"": 1, ""temperature"": 1.2}",872590849,0.0680079293401486,0.31838903540526975,0.25038110606512115,0.24022894965277652,0.16087997039785568,0.1785937499999939,28.85546875,17897281a7ea6d29a9bea71373011eabf9ae9ce63ea17fcad33ad327c58367a8,270ac97cf7c5616f5688b9875c8d16939e4bd40d50f9646b51dc9f097e1c5666,5.329070518200751e-15,8
A_p3_a1,A,,2,"{""b_ratio"": 1.6666666666666667, ""bias"": 2.0, ""fitness_mode"": ""count"", ""floor"": 0.1, ""jitter"": 0, ""motif_length"": 5, ""mutation_rate"": 0.001, ""n_cells"": 80, ""n_gens"": 150, ""n_metabolites"": 4, ""n_segments"": 4, ""n_seqs"": 8, ""p"": 0.85, ""penalty"": 0.5, ""penalty_ratio"": 0.25, ""reward"": 2.0, ""segment_order"": ""native"", ""seq_len"": 60, ""sigma"": 0.54, ""sigma_ratio"": 0.45, ""stride"": 1, ""temperature"": 1.2}",1471446090,0.0748090356501886,0.3276987011382123,0.2528896654880237,0.11658257378472126,0.18303514791379707,0.09476562500001151,29.21328125,320a033671ad67563e1254ba6f0c980f79edf8b99dec9c0f2bc808ce47fe7d5f,d661984eb97e43da7f517b40a4c1fcd656558185e77c27be6671e8dd4d7e40cf,7.438494264988549e-15,8
A_p3_a1,A,,3,"{""b_ratio"": 1.6666666666666667, ""bias"": 2.0, ""fitness_mode"": ""count"", ""floor"": 0.1, ""jitter"": 0, ""motif_length"": 5, ""mutation_rate"": 0.001, ""n_cells"": 80, ""n_gens"": 150, ""n_metabolites"": 4, ""n_segments"": 4, ""n_seqs"": 8, ""p"": 0.85, ""penalty"": 0.5, ""penalty_ratio"": 0.25, ""reward"": 2.0, ""segment_order"": ""native"", ""seq_len"": 60, ""sigma"": 0.54, ""sigma_ratio"": 0.45, ""stride"": 1, ""temperature"": 1.2}",2350476657,0.06999057165289191,0.3258381096319062,0.2558475379790143,0.18241916232638689,0.1680195020484315,0.24273437500000128,29.3703125,b03409c5ccbf01052faae45edead8ce77e16cfd5b1e3174300c7272bd8e5895c,d7357f842ea78f3d1dcbbbb5b3d124fcd76b34acb39df77facb7e51031c083bf,2.4424906541753444e-15,8
A_p3_a1,A,,4,"{""b_ratio"": 1.6666666666666667, ""bias"": 2.0, ""fitness_mode"": ""count"", ""floor"": 0.1, ""jitter"": 0, ""motif_length"": 5, ""mutation_rate"": 0.001, ""n_cells"": 80, ""n_gens"": 150, ""n_metabolites"": 4, ""n_segments"": 4, ""n_seqs"": 8, ""p"": 0.85, ""penalty"": 0.5, ""penalty_ratio"": 0.25, ""reward"": 2.0, ""segment_order"": ""native"", ""seq_len"": 60, ""sigma"": 0.54, ""sigma_ratio"": 0.45, ""stride"": 1, ""temperature"": 1.2}",4092850259,0.07709683843993409,0.3326383327832535,0.2555414943433194,0.21782226562499973,0.20172255921042856,0.21645833333333542,29.7546875,4f4e516ea859dc2a24967e714498b86dff094e101de202d0e9741302e7b8bd93,ff9d1faa34a5a4d0db2be508e763576518bd5c196477d9a5c40e4e20e92f4688,3.219646771412954e-15,8
A_p3_a1,A,,5,"{""b_ratio"": 1.6666666666666667, ""bias"": 2.0, ""fitness_mode"": ""count"", ""floor"": 0.1, ""jitter"": 0, ""motif_length"": 5, ""mutation_rate"": 0.001, ""n_cells"": 80, ""n_gens"": 150, ""n_metabolites"": 4, ""n_segments"": 4, ""n_seqs"": 8, ""p"": 0.85, ""penalty"": 0.5, ""penalty_ratio"": 0.25, ""reward"": 2.0, ""segment_order"": ""native"", ""seq_len"": 60, ""sigma"": 0.54, ""sigma_ratio"": 0.45, ""stride"": 1, ""temperature"": 1.2}",951350151,0.07565321970976835,0.32845490659468,0.25280168688491167,0.14750162760416696,0.09865688533997455,0.04135416666667524,29.65703125,7e8dee5cee360c31145e851eefee73d1927567802578a9ca611dd31fdf4bf159,cc4cc50648728a1195eddd8be2f3a6a819bb7d6cf8f2ea3391242d1c0d014628,7.105427357601002e-15,8
A_p3_a1,A,,6,"{""b_ratio"": 1.6666666666666667, ""bias"": 2.0, ""fitness_mode"": ""count"", ""floor"": 0.1, ""jitter"": 0, ""motif_length"": 5, ""mutation_rate"": 0.001, ""n_cells"": 80, ""n_gens"": 150, ""n_metabolites"": 4, ""n_segments"": 4, ""n_seqs"": 8, ""p"": 0.85, ""penalty"": 0.5, ""penalty_ratio"": 0.25, ""reward"": 2.0, ""segment_order"": ""native"", ""seq_len"": 60, ""sigma"": 0.54, ""sigma_ratio"": 0.45, ""stride"": 1, ""temperature"": 1.2}",2871837368,0.06998629042220617,0.32532887378677977,0.2553425833645736,0.06442599826388928,0.08894060594509803,-0.26867187500000256,29.70234375,e7a5aa19f95662938284beb0a1851341a6f909c67d9fba504e4a151453074246,e67707242a94e4f49914949fa49b68e23c63bded5b18d6e6e0ad10086a0e85f0,7.105427357601002e-15,8
A_p3_a1,A,,7,"{""b_ratio"": 1.6666666666666667, ""bias"": 2.0, ""fitness_mode"": ""count"", ""floor"": 0.1, ""jitter"": 0, ""motif_length"": 5, ""mutation_rate"": 0.001, ""n_cells"": 80, ""n_gens"": 150, ""n_metabolites"": 4, ""n_segments"": 4, ""n_seqs"": 8, ""p"": 0.85, ""penalty"": 0.5, ""penalty_ratio"": 0.25, ""reward"": 2.0, ""segment_order"": ""native"", ""seq_len"": 60, ""sigma"": 0.54, ""sigma_ratio"": 0.45, ""stride"": 1, ""temperature"": 1.2}",272409540,0.07535625553304642,0.3275625041125305,0.2522062485794841,0.13428548177083366,0.16763766354090245,0.3663541666666603,28.4734375,61e44d5b92798a000ea8e86ba597c40e63755318232390e5d7b8b40c5b98bc19,9891858865d0facf889eebd3c3f4701fbc072b637b8349b3cb522ecc7419bea8,3.552713678800501e-15,8
A_p3_a2,A,,0,"{""b_ratio"": 1.6666666666666667, ""bias"": 2.0, ""fitness_mode"": ""count"", ""floor"": 0.1, ""jitter"": 0, ""motif_length"": 5, ""mutation_rate"": 0.001, ""n_cells"": 80, ""n_gens"": 150, ""n_metabolites"": 4, ""n_segments"": 4, ""n_seqs"": 8, ""p"": 0.85, ""penalty"": 0.5, ""penalty_ratio"": 0.25, ""reward"": 2.0, ""segment_order"": ""native"", ""seq_len"": 60, ""sigma"": 1.08, ""sigma_ratio"": 0.9, ""stride"": 1, ""temperature"": 1.2}",3917392687,0.25095325786011063,0.5005232941195445,0.24957003625943391,0.638208007812505,0.18187009657529435,0.28479166666666345,33.30390625,490ac3810ec731184bf6cf08bd486c8ae0270b16a5d51224545a8d408458a5cf,cf1a9608d773b85a05a85d9612b5644a0b630688f08c8b08c98f12c1d83531fd,3.1086244689504383e-15,8
A_p3_a2,A,,1,"{""b_ratio"": 1.6666666666666667, ""bias"": 2.0, ""fitness_mode"": ""count"", ""floor"": 0.1, ""jitter"": 0, ""motif_length"": 5, ""mutation_rate"": 0.001, ""n_cells"": 80, ""n_gens"": 150, ""n_metabolites"": 4, ""n_segments"": 4, ""n_seqs"": 8, ""p"": 0.85, ""penalty"": 0.5, ""penalty_ratio"": 0.25, ""reward"": 2.0, ""segment_order"": ""native"", ""seq_len"": 60, ""sigma"": 1.08, ""sigma_ratio"": 0.9, ""stride"": 1, ""temperature"": 1.2}",2858557384,0.2565705461028504,0.5180735314861764,0.261502985383326,0.4510470920138898,0.3296479371905093,0.834192708333326,34.4640625,813e0b84cc037c9969f9182882cc72d8bc9d81ca82c855b166f57e8a675e574d,03c3bf85dbe41bb41a6514525871de27cb3f4279d5c33b24d7eaef1be932c092,4.773959005888173e-15,8
A_p3_a2,A,,2,"{""b_ratio"": 1.6666666666666667, ""bias"": 2.0, ""fitness_mode"": ""count"", ""floor"": 0.1, ""jitter"": 0, ""motif_length"": 5, ""mutation_rate"": 0.001, ""n_cells"": 80, ""n_gens"": 150, ""n_metabolites"": 4, ""n_segments"": 4, ""n_seqs"": 8, ""p"": 0.85, ""penalty"": 0.5, ""penalty_ratio"": 0.25, ""reward"": 2.0, ""segment_order"": ""native"", ""seq_len"": 60, ""sigma"": 1.08, ""sigma_ratio"": 0.9, ""stride"": 1, ""temperature"": 1.2}",1855484686,0.2448633092009888,0.5053065334252711,0.2604432242242823,0.55201551649305,0.12986958635295834,-0.007005208333332291,34.084375,6999a22bbe0262cfa717365efabcda9971f0c90ed3d0dc4781cfc017714af016,e459687354031390a5f51da1b6b7dfe930ce342bf273ce911c32b9565f8b7329,5.551115123125783e-15,8
A_p3_a2,A,,3,"{""b_ratio"": 1.6666666666666667, ""bias"": 2.0, ""fitness_mode"": ""count"", ""floor"": 0.1, ""jitter"": 0, ""motif_length"": 5, ""mutation_rate"": 0.001, ""n_cells"": 80, ""n_gens"": 150, ""n_metabolites"": 4, ""n_segments"": 4, ""n_seqs"": 8, ""p"": 0.85, ""penalty"": 0.5, ""penalty_ratio"": 0.25, ""reward"": 2.0, ""segment_order"": ""native"", ""seq_len"": 60, ""sigma"": 1.08, ""sigma_ratio"": 0.9, ""stride"": 1, ""temperature"": 1.2}",3700525435,0.2506261630563712,0.4989475927144063,0.24832142965803514,0.4161322699652761,0.09205236420536353,-0.33679687499999744,33.8375,263b22afdce2125bbe949d583b7044a51282eec40566f8b3a7bd2282af7b86ad,3459b6936776b9304c73e4cfb731dc9681c9493d60a648809fbf681a7d026924,6.994405055138486e-15,8
A_p3_a2,A,,4,"{""b_ratio"": 1.6666666666666667, ""bias"": 2.0, ""fitness_mode"": ""count"", ""floor"": 0.1, ""jitter"": 0, ""motif_length"": 5, ""mutation_rate"": 0.001, ""n_cells"": 80, ""n_gens"": 150, ""n_metabolites"": 4, ""n_segments"": 4, ""n_seqs"": 8, ""p"": 0.85, ""penalty"": 0.5, ""penalty_ratio"": 0.25, ""reward"": 2.0, ""segment_order"": ""native"", ""seq_len"": 60, ""sigma"": 1.08, ""sigma_ratio"": 0.9, ""stride"": 1, ""temperature"": 1.2}",3842919151,0.26194250003488434,0.5175356153908023,0.25559311535591794,0.6135118272569411,0.2617343988344046,0.0519270833333394,34.79296875,ddec7be3ebc86022dbe5b0c199a7693aa80d06dd1399c0f4142f553538be6559,9b32d2187032cbe160fb8ae131e03c41898f89c9e5f0b65aad6392b573cb6dd8,4.551914400963142e-15,8
A_p3_a2,A,,5,"{""b_ratio"": 1.6666666666666667, ""bias"": 2.0, ""fitness_mode"": ""count"", ""floor"": 0.1, ""jitter"": 0, ""motif_length"": 5, ""mutation_rate"": 0.001, ""n_cells"": 80, ""n_gens"": 150, ""n_metabolites"": 4, ""n_segments"": 4, ""n_seqs"": 8, ""p"": 0.85, ""penalty"": 0.5, ""penalty_ratio"": 0.25, ""reward"": 2.0, ""segment_order"": ""native"", ""seq_len"": 60, ""sigma"": 1.08, ""sigma_ratio"": 0.9, ""stride"": 1, ""temperature"": 1.2}",3705576184,0.24826419088987456,0.5082656602039618,0.26000146931408724,0.46094021267361196,0.15162341413204838,0.5120833333333294,35.0265625,8481df2f90aacb44bf1bdbdbed9523e2494f03028f80cb863d5ff2cea11e029d,b196ba892d71fc085b1961d21618c4474548fa96ec9b0ce1bbdc0025a7f4152c,1.0325074129013956e-14,8
A_p3_a2,A,,6,"{""b_ratio"": 1.6666666666666667, ""bias"": 2.0, ""fitness_mode"": ""count"", ""floor"": 0.1, ""jitter"": 0, ""motif_length"": 5, ""mutation_rate"": 0.001, ""n_cells"": 80, ""n_gens"": 150, ""n_metabolites"": 4, ""n_segments"": 4, ""n_seqs"": 8, ""p"": 0.85, ""penalty"": 0.5, ""penalty_ratio"": 0.25, ""reward"": 2.0, ""segment_order"": ""native"", ""seq_len"": 60, ""sigma"": 1.08, ""sigma_ratio"": 0.9, ""stride"": 1, ""temperature"": 1.2}",2301059764,0.24757909482461676,0.5068449161852274,0.25926582136061066,0.46092664930556104,0.24384087694625164,0.2642447916666626,33.89296875,dea4a826274dd538917693a7a4efa837f4cf8d00a4dd82b33242518e811c8cd0,176ff61723aecee5140dfb3defe0d53f2cb33a63aad9b81acb4afa4602e481f6,3.1363800445660672e-15,8
A_p3_a2,A,,7,"{""b_ratio"": 1.6666666666666667, ""bias"": 2.0, ""fitness_mode"": ""count"", ""floor"": 0.1, ""jitter"": 0, ""motif_length"": 5, ""mutation_rate"": 0.001, ""n_cells"": 80, ""n_gens"": 150, ""n_metabolites"": 4, ""n_segments"": 4, ""n_seqs"": 8, ""p"": 0.85, ""penalty"": 0.5, ""penalty_ratio"": 0.25, ""reward"": 2.0, ""segment_order"": ""native"", ""seq_len"": 60, ""sigma"": 1.08, ""sigma_ratio"": 0.9, ""stride"": 1, ""temperature"": 1.2}",380432958,0.2502765420319488,0.5060997794929589,0.2558232374610101,0.47742784288194695,0.26033674586852357,-0.12544270833333115,34.18671875,53488c0ba441a406e23b4650a3585788c8ce398b8ab50253ea648eb8a6798b5a,cd904c62878e7022588269f235b615108de0459d077f623b3a91df6fca7ed6cd,7.882583474838611e-15,8
A_p3_a3,A,,0,"{""b_ratio"": 1.6666666666666667, ""bias"": 2.0, ""fitness_mode"": ""count"", ""floor"": 0.1, ""jitter"": 0, ""motif_length"": 5, ""mutation_rate"": 0.001, ""n_cells"": 80, ""n_gens"": 150, ""n_metabolites"": 4, ""n_segments"": 4, ""n_seqs"": 8, ""p"": 0.85, ""penalty"": 0.5, ""penalty_ratio"": 0.25, ""reward"": 2.0, ""segment_order"": ""native"", ""seq_len"": 60, ""sigma"": 1.62, ""sigma_ratio"": 1.35, ""stride"": 1, ""temperature"": 1.2}",906273404,0.4657779859502931,0.726401307908984,0.2606233219586909,0.897610134548608,0.17738630753647913,0.10796874999999773,37.615625,4a31e1bdb86f60cea3ef90e747fe972b5775af3d11c900227d29f79bb2fcf452,00c8c28953dccb67505bb1b5353a41d92d2f7f93bdf3ebc67a7b2c07855f0199,2.220446049250313e-15,8
A_p3_a3,A,,1,"{""b_ratio"": 1.6666666666666667, ""bias"": 2.0, ""fitness_mode"": ""count"", ""floor"": 0.1, ""jitter"": 0, ""motif_length"": 5, ""mutation_rate"": 0.001, ""n_cells"": 80, ""n_gens"": 150, ""n_metabolites"": 4, ""n_segments"": 4, ""n_seqs"": 8, ""p"": 0.85, ""penalty"": 0.5, ""penalty_ratio"": 0.25, ""reward"": 2.0, ""segment_order"": ""native"", ""seq_len"": 60, ""sigma"": 1.62, ""sigma_ratio"": 1.35, ""stride"": 1, ""temperature"": 1.2}",3095721761,0.4558603762644829,0.724152536552828,0.26829216028834507,0.7053765190972197,0.31828613506003733,0.39343749999999744,37.546875,1f688d6471bfcd3b8cebcdce1089c5ddbb7eb11ea75782eba35a61f40c54eed0,3aa09ffacd56d130d558b3b96638003ab8ee34a24a6eac5c57a292c6f9a73777,5.10702591327572e-15,8
A_p3_a3,A,,2,"{""b_ratio"": 1.6666666666666667, ""bias"": 2.0, ""fitness_mode"": ""count"", ""floor"": 0.1, ""jitter"": 0, ""motif_length"": 5, ""mutation_rate"": 0.001, ""n_cells"": 80, ""n_gens"": 150, ""n_metabolites"": 4, ""n_segments"": 4, ""n_seqs"": 8, ""p"": 0.85, ""penalty"": 0.5, ""penalty_ratio"": 0.25, ""reward"": 2.0, ""segment_order"": ""native"", ""seq_len"": 60, ""sigma"": 1.62, ""sigma_ratio"": 1.35, ""stride"": 1, ""temperature"": 1.2}",1158165117,0.4581790829512149,0.7187955962221761,0.26061651327096125,0.5412923177083364,0.29577314277769007,0.045130208333333144,37.334375,221c40c76121cbe4581f335f560dfc9a9bb7d7a6a5d4b4fe8b352e8101237cfb,487269f4d765786506f724f4cf05254d28d6e5ce14b77597e45057a3694827f6,5.88418203051333e-15,8
A_p3_a3,A,,3,"{""b_ratio"": 1.6666666666666667, ""bias"": 2.0, ""fitness_mode"": ""count"", ""floor"": 0.1, ""jitter"": 0, ""motif_length"": 5, ""mutation_rate"": 0.001, ""n_cells"": 80, ""n_gens"": 150, ""n_metabolites"": 4, ""n_segments"": 4, ""n_seqs"": 8, ""p"": 0.85, ""penalty"": 0.5, ""penalty_ratio"": 0.25, ""reward"": 2.0, ""segment_order"": ""native"", ""seq_len"": 60, ""sigma"": 1.62, ""sigma_ratio"": 1.35, ""stride"": 1, ""temperature"": 1.2}",205398817,0.4648628600128478,0.7252422799380939,0.26037941992524605,0.6578640407986107,0.26172851774023714,0.37364583333334167,37.7125,dd4f9d1068f76725fa55f6406dede935ebf8b093ac48a25efe4aa4f22376e7e5,2fdc83f3481fd8803ae36deb1d9026bbc315922a029a7b25d12aa3c4cb5f93b5,4.6629367034256575e-15,8
A_p3_a3,A,,4,"{""b_ratio"": 1.6666666666666667, ""bias"": 2.0, ""fitness_mode"": ""count"", ""floor"": 0.1, ""jitter"": 0, ""motif_length"": 5, ""mutation_rate"": 0.001, ""n_cells"": 80, ""n_gens"": 150, ""n_metabolites"": 4, ""n_segments"": 4, ""n_seqs"": 8, ""p"": 0.85, ""penalty"": 0.5, ""penalty_ratio"": 0.25, ""reward"": 2.0, ""segment_order"": ""native"", ""seq_len"": 60, ""sigma"": 1.62, ""sigma_ratio"": 1.35, ""stride"": 1, ""temperature"": 1.2}",267115245,0.4706850908522618,0.736153174372477,0.26546808352021517,0.7832112630208323,0.25036453418330534,1.1256770833333434,37.3515625,63d8fa45bd95a3841e8f4660eef30fbfee1a42a470f59f42f6d6c4111bd8a1aa,dee36be628fb7e4207487c42921420b3039a38483f0160e7defc5d58e002acf8,6.161737786669619e-15,8
A_p3_a3,A,,5,"{""b_ratio"": 1.6666666666666667, ""bias"": 2.0, ""fitness_mode"": ""count"", ""floor"": 0.1, ""jitter"": 0, ""motif_length"": 5, ""mutation_rate"": 0.001, ""n_cells"": 80, ""n_gens"": 150, ""n_metabolites"": 4, ""n_segments"": 4, ""n_seqs"": 8, ""p"": 0.85, ""penalty"": 0.5, ""penalty_ratio"": 0.25, ""reward"": 2.0, ""segment_order"": ""native"", ""seq_len"": 60, ""sigma"": 1.62, ""sigma_ratio"": 1.35, ""stride"": 1, ""temperature"": 1.2}",2181952701,0.48266230230670343,0.7432637980382606,0.26060149573155716,0.7447618272569478,0.22212602892985264,0.9946093749999889,37.25234375,694deb156dc008bc0cdd440a5eafa3641d8c1a798c705f79337475e886f63ff3,1c11fdea2876188fe5e3a8476e3cd36238c978860565c4b5418437ec4bab0375,6.772360450213455e-15,8
A_p3_a3,A,,6,"{""b_ratio"": 1.6666666666666667, ""bias"": 2.0, ""fitness_mode"": ""count"", ""floor"": 0.1, ""jitter"": 0, ""motif_length"": 5, ""mutation_rate"": 0.001, ""n_cells"": 80, ""n_gens"": 150, ""n_metabolites"": 4, ""n_segments"": 4, ""n_seqs"": 8, ""p"": 0.85, ""penalty"": 0.5, ""penalty_ratio"": 0.25, ""reward"": 2.0, ""segment_order"": ""native"", ""seq_len"": 60, ""sigma"": 1.62, ""sigma_ratio"": 1.35, ""stride"": 1, ""temperature"": 1.2}",3534595322,0.4701765009421617,0.7218473393712086,0.2516708384290469,0.926570638020829,0.35142056760148754,0.28406249999999744,37.80546875,7ee5f8b198ef216925c40aaab80973606b5e277980bded61149163ddc2273d03,b655b2931dbdc51ec4f9a27fb894d94882ec7479cc930e2a8f868add311e1ec1,4.884981308350689e-15,8
A_p3_a3,A,,7,"{""b_ratio"": 1.6666666666666667, ""bias"": 2.0, ""fitness_mode"": ""count"", ""floor"": 0.1, ""jitter"": 0, ""motif_length"": 5, ""mutation_rate"": 0.001, ""n_cells"": 80, ""n_gens"": 150, ""n_metabolites"": 4, ""n_segments"": 4, ""n_seqs"": 8, ""p"": 0.85, ""penalty"": 0.5, ""penalty_ratio"": 0.25, ""reward"": 2.0, ""segment_order"": ""native"", ""seq_len"": 60, ""sigma"": 1.62, ""sigma_ratio"": 1.35, ""stride"": 1, ""temperature"": 1.2}",1736231528,0.46901705526141574,0.7335921567751537,0.2645751015137379,0.7756917317708361,0.26625565675019824,-0.6911718749999949,37.3953125,7b97b3dc9d75d7d51741fe806be4eb3f77b0341538e8f72c77a770120ff79517,eaf809f6e62235b3f95a7190d28b5b2ae36f3d9efcf1b782452509d7d52ccc72,4.6629367034256575e-15,8
A_p4_a0,A,,0,"{""b_ratio"": 1.6666666666666667, ""bias"": 2.0, ""fitness_mode"": ""count"", ""floor"": 0.1, ""jitter"": 0, ""motif_length"": 5, ""mutation_rate"": 0.001, ""n_cells"": 80, ""n_gens"": 150, ""n_metabolites"": 4, ""n_segments"": 4, ""n_seqs"": 8, ""p"": 0.925, ""penalty"": 0.5, ""penalty_ratio"": 0.25, ""reward"": 2.0, ""segment_order"": ""native"", ""seq_len"": 60, ""sigma"": 0.0, ""sigma_ratio"": 0, ""stride"": 1, ""temperature"": 1.2}",182573457,-0.00023066982062402985,0.21570989545521296,0.215940565275837,0.0,0.0,-0.08125000000000071,27.91875,983c92be8e2fcbad792a9405c90b11837ff22d4a76ef2a1fabb5a3c6555dbf89,93513761914e99fecd44adeba537b6e15185f1a294ec5a32918827f48d84bc51,1.219024881038422e-13,8
A_p4_a0,A,,1,"{""b_ratio"": 1.6666666666666667, ""bias"": 2.0, ""fitness_mode"": ""count"", ""floor"": 0.1, ""jitter"": 0, ""motif_length"": 5, ""mutation_rate"": 0.001, ""n_cells"": 80, ""n_gens"": 150, ""n_metabolites"": 4, ""n_segments"": 4, ""n_seqs"": 8, ""p"": 0.925, ""penalty"": 0.5, ""penalty_ratio"": 0.25, ""reward"": 2.0, ""segment_order"": ""native"", ""seq_len"": 60, ""sigma"": 0.0, ""sigma_ratio"": 0, ""stride"": 1, ""temperature"": 1.2}",3868691256,-0.003798156446060963,0.19630935834305338,0.20010751478911434,0.0,0.0,-0.013645833333342239,26.76171875,3e2168546afa8bef58fe6e3d1b27a52d82ac6993338377f7165d86bbdc4b8f53,d6ba59ae2599050d8985457f73405349ee005b8e94c14a60aa3e345beba48b46,1.2212453270876722e-13,8
A_p4_a0,A,,2,"{""b_ratio"": 1.6666666666666667, ""bias"": 2.0, ""fitness_mode"": ""count"", ""floor"": 0.1, ""jitter"": 0, ""motif_length"": 5, ""mutation_rate"": 0.001, ""n_cells"": 80, ""n_gens"": 150, ""n_metabolites"": 4, ""n_segments"": 4, ""n_seqs"": 8, ""p"": 0.925, ""penalty"": 0.5, ""penalty_ratio"": 0.25, ""reward"": 2.0, ""segment_order"": ""native"", ""seq_len"": 60, ""sigma"": 0.0, ""sigma_ratio"": 0, ""stride"": 1, ""temperature"": 1.2}",1137355138,0.005773109404610538,0.21883985280710125,0.2130667434024907,0.0,0.0,-0.19674479166666714,27.14609375,1316ff168708332c3e7c1cdb4947a6d9bdf0cda4958b37ee1f88ed2ace0b35d2,bd40c9756ac5790d64f583fbb338dd1e3df0f435d5e1c95725ef69ef43cff3af,1.2168044349891716e-13,8
A_p4_a0,A,,3,"{""b_ratio"": 1.6666666666666667, ""bias"": 2.0, ""fitness_mode"": ""count"", ""floor"": 0.1, ""jitter"": 0, ""motif_length"": 5, ""mutation_rate"": 0.001, ""n_cells"": 80, ""n_gens"": 150, ""n_metabolites"": 4, ""n_segments"": 4, ""n_seqs"": 8, ""p"": 0.925, ""penalty"": 0.5, ""penalty_ratio"": 0.25, ""reward"": 2.0, ""segment_order"": ""native"", ""seq_len"": 60, ""sigma"": 0.0, ""sigma_ratio"": 0, ""stride"": 1, ""temperature"": 1.2}",3154482539,0.0020666145976842853,0.20140068025279045,0.19933406565510617,0.0,0.0,-0.14299479166665918,26.7171875,5fe72bcdbc76cbbfb17619ed0a2c3ed9542d4812b5a88fa2afb8a59bee90b038,2a84c7fc6c94654cf91b91e96a444c83cc4f34c2fe944954090b3e4dcbf8b0df,1.219024881038422e-13,8
A_p4_a0,A,,4,"{""b_ratio"": 1.6666666666666667, ""bias"": 2.0, ""fitness_mode"": ""count"", ""floor"": 0.1, ""jitter"": 0, ""motif_length"": 5, ""mutation_rate"": 0.001, ""n_cells"": 80, ""n_gens"": 150, ""n_metabolites"": 4, ""n_segments"": 4, ""n_seqs"": 8, ""p"": 0.925, ""penalty"": 0.5, ""penalty_ratio"": 0.25, ""reward"": 2.0, ""segment_order"": ""native"", ""seq_len"": 60, ""sigma"": 0.0, ""sigma_ratio"": 0, ""stride"": 1, ""temperature"": 1.2}",1160232777,-0.006017364376306483,0.20330200819282834,0.20931937256913483,0.0,0.0,0.2711458333333283,26.9828125,e416a07ce7a7453c1badc16b8c31a1ffa8e98f099a64e323506ca492f749376d,15ff32d0e2a53eea43c65df72db9998f104927ffd62a93f029a8433629b0fb5f,1.2156942119645464e-13,8
A_p4_a0,A,,5,"{""b_ratio"": 1.6666666666666667, ""bias"": 2.0, ""fitness_mode"": ""count"", ""floor"": 0.1, ""jitter"": 0, ""motif_length"": 5, ""mutation_rate"": 0.001, ""n_cells"": 80, ""n_gens"": 150, ""n_metabolites"": 4, ""n_segments"": 4, ""n_seqs"": 8, ""p"": 0.925, ""penalty"": 0.5, ""penalty_ratio"": 0.25, ""reward"": 2.0, ""segment_order"": ""native"", ""seq_len"": 60, ""sigma"": 0.0, ""sigma_ratio"": 0, ""stride"": 1, ""temperature"": 1.2}",1754328329,0.004937186042161007,0.20041822667316894,0.19548104063100794,0.0,0.0,-0.08531249999999346,27.1921875,9694f3647ae63fb21072f7ef060c67fd05ed70fbc2f0d677207f6c30cc49a997,baf9982d14703037e4fa92033c2a22368cc666d8ad93c4cc5359ad44b3bde805,1.2101430968414206e-13,8
A_p4_a0,A,,6,"{""b_ratio"": 1.6666666666666667, ""bias"": 2.0, ""fitness_mode"": ""count"", ""floor"": 0.1, ""jitter"": 0, ""motif_length"": 5, ""mutation_rate"": 0.001, ""n_cells"": 80, ""n_gens"": 150, ""n_metabolites"": 4, ""n_segments"": 4, ""n_seqs"": 8, ""p"": 0.925, ""penalty"": 0.5, ""penalty_ratio"": 0.25, ""reward"": 2.0, ""segment_order"": ""native"", ""seq_len"": 60, ""sigma"": 0.0, ""sigma_ratio"": 0, ""stride"": 1, ""temperature"": 1.2}",3390640205,-0.000868771893057757,0.20105941866913074,0.2019281905621885,0.0,0.0,-0.14528645833332732,27.45,1c0ab462e516812a59d3d08aec6061d39a8904a045cea1ce22588ca90b8e0a60,4f61176d436df9584ea2a3ea1144001d3e8e612ffe53171b1794add79a98b443,1.2145839889399213e-13,8
A_p4_a0,A,,7,"{""b_ratio"": 1.6666666666666667, ""bias"": 2.0, ""fitness_mode"": ""count"", ""floor"": 0.1, ""jitter"": 0, ""motif_length"": 5, ""mutation_rate"": 0.001, ""n_cells"": 80, ""n_gens"": 150, ""n_metabolites"": 4, ""n_segments"": 4, ""n_seqs"": 8, ""p"": 0.925, ""penalty"": 0.5, ""penalty_ratio"": 0.25, ""reward"": 2.0, ""segment_order"": ""native"", ""seq_len"": 60, ""sigma"": 0.0, ""sigma_ratio"": 0, ""stride"": 1, ""temperature"": 1.2}",488274032,-0.0007023267927733223,0.21148325133007373,0.21218557812284705,0.0,0.0,0.15226562500000185,27.09375,39bb0ebc313a01979f2c54715a678da161bcbc414d79b0d269baad57523c472b,02ea2eacfc425b233e52a87f44ae3fbd8670b5fba6c22d073c5f53382a2b1763,1.213473765915296e-13,8
A_p4_a1,A,,0,"{""b_ratio"": 1.6666666666666667, ""bias"": 2.0, ""fitness_mode"": ""count"", ""floor"": 0.1, ""jitter"": 0, ""motif_length"": 5, ""mutation_rate"": 0.001, ""n_cells"": 80, ""n_gens"": 150, ""n_metabolites"": 4, ""n_segments"": 4, ""n_seqs"": 8, ""p"": 0.925, ""penalty"": 0.5, ""penalty_ratio"": 0.25, ""reward"": 2.0, ""segment_order"": ""native"", ""seq_len"": 60, ""sigma"": 0.54, ""sigma_ratio"": 0.45, ""stride"": 1, ""temperature"": 1.2}",1494682231,0.06417711195158923,0.2661534330843397,0.20197632113275046,0.39389105902777866,0.2630721793225284,0.19106770833333186,30.52109375,66f294e077507196d9aa91b11199626d5061a3a8f3d99fdb1d99410814d5d4d3,de5b428424cddfb48bb46813260111866ce98e94bc49582b77e1ecc048905210,4.107825191113079e-15,8
A_p4_a1,A,,1,"{""b_ratio"": 1.6666666666666667, ""bias"": 2.0, ""fitness_mode"": ""count"", ""floor"": 0.1, ""jitter"": 0, ""motif_length"": 5, ""mutation_rate"": 0.001, ""n_cells"": 80, ""n_gens"": 150, ""n_metabolites"": 4, ""n_segments"": 4, ""n_seqs"": 8, ""p"": 0.925, ""penalty"": 0.5, ""penalty_ratio"": 0.25, ""reward"": 2.0, ""segment_order"": ""native"", ""seq_len"": 60, ""sigma"": 0.54, ""sigma_ratio"": 0.45, ""stride"": 1, ""temperature"": 1.2}",1729920226,0.07136245831058294,0.28699596709449665,0.2156335087839137,0.2753607855902769,0.21025157962837476,0.3786197916666687,29.946875,32643b15a115a9edb3539210c878e710a875e19ebfa354a8d14f5ff11aabd69f,34e0bd76bebe9174e05164de9732491e07cec7a4a9d3d2ffe64a127d1ab26690,6.5503158452884236e-15,8
A_p4_a1,A,,2,"{""b_ratio"": 1.6666666666666667, ""bias"": 2.0, ""fitness_mode"": ""count"", ""floor"": 0.1, ""jitter"": 0, ""motif_length"": 5, ""mutation_rate"": 0.001, ""n_cells"": 80, ""n_gens"": 150, ""n_metabolites"": 4, ""n_segments"": 4, ""n_seqs"": 8, ""p"": 0.925, ""penalty"": 0.5, ""penalty_ratio"": 0.25, ""reward"": 2.0, ""segment_order"": ""native"", ""seq_len"": 60, ""sigma"": 0.54, ""sigma_ratio"": 0.45, ""stride"": 1, ""temperature"": 1.2}",3974506165,0.07619723121603869,0.28311756395103627,0.20692033273499758,0.6246419270833337,0.33702977747839186,0.7478906250000072,29.7109375,40409eec4f782d4007ada87d3788dd14a46babe741fbb0acac222a120c3d160d,f4ccbb741155f909206aaa3fc0ab517e33a13eaf6874037692a4764822da25b5,9.769962616701378e-15,8
A_p4_a1,A,,3,"{""b_ratio"": 1.6666666666666667, ""bias"": 2.0, ""fitness_mode"": ""count"", ""floor"": 0.1, ""jitter"": 0, ""motif_length"": 5, ""mutation_rate"": 0.001, ""n_cells"": 80, ""n_gens"": 150, ""n_metabolites"": 4, ""n_segments"": 4, ""n_seqs"": 8, ""p"": 0.925, ""penalty"": 0.5, ""penalty_ratio"": 0.25, ""reward"": 2.0, ""segment_order"": ""native"", ""seq_len"": 60, ""sigma"": 0.54, ""sigma_ratio"": 0.45, ""stride"": 1, ""temperature"": 1.2}",2333463737,0.07383100741157067,0.28836330843150115,0.21453230101993048,0.45917426215277857,0.31516944464975405,0.5800000000000018,30.371875,567c01f3a8e8f2c3c386f6aa373cfb3516482ce504a748d1e1bf24459a0606ef,9a094944ec6f48a19b791830fa7e70059473e919ab6de6961a1ac63384664c7f,9.880984919163893e-15,8
A_p4_a1,A,,4,"{""b_ratio"": 1.6666666666666667, ""bias"": 2.0, ""fitness_mode"": ""count"", ""floor"": 0.1, ""jitter"": 0, ""motif_length"": 5, ""mutation_rate"": 0.001, ""n_cells"": 80, ""n_gens"": 150, ""n_metabolites"": 4, ""n_segments"": 4, ""n_seqs"": 8, ""p"": 0.925, ""penalty"": 0.5, ""penalty_ratio"": 0.25, ""reward"": 2.0, ""segment_order"": ""native"", ""seq_len"": 60, ""sigma"": 0.54, ""sigma_ratio"": 0.45, ""stride"": 1, ""temperature"": 1.2}",3061047666,0.07138516200295161,0.2863495694618412,0.2149644074588896,0.3861762152777777,0.3277660218953746,0.7124479166666653,30.08359375,9b6a5d41b74932af2afb562b45825181157279624218410ec5a4c9b08d7cfb03,06fa477a15678fc7a8a2e855786b8af4357ca1752123ec82e55dfa9ae30797fb,1.2101430968414206e-14,8
A_p4_a1,A,,5,"{""b_ratio"": 1.6666666666666667, ""bias"": 2.0, ""fitness_mode"": ""count"", ""floor"": 0.1, ""jitter"": 0, ""motif_length"": 5, ""mutation_rate"": 0.001, ""n_cells"": 80, ""n_gens"": 150, ""n_metabolites"": 4, ""n_segments"": 4, ""n_seqs"": 8, ""p"": 0.925, ""penalty"": 0.5, ""penalty_ratio"": 0.25, ""reward"": 2.0, ""segment_order"": ""native"", ""seq_len"": 60, ""sigma"": 0.54, ""sigma_ratio"": 0.45, ""stride"": 1, ""temperature"": 1.2}",354176836,0.07324579984617005,0.27272716493109583,0.19948136508492578,0.411515299479166,0.47927933635690273,-0.1377343749999973,28.996875,f2bc25e97766f919ef4e47accd37069c2bfaccca0c8fd7403a3a5191fce8ad7a,b8e057ba999f0d036ffd12214382d45b8995bacfaade4e4d471866f83304a805,9.658940314238862e-15,8
A_p4_a1,A,,6,"{""b_ratio"": 1.6666666666666667, ""bias"": 2.0, ""fitness_mode"": ""count"", ""floor"": 0.1, ""jitter"": 0, ""motif_length"": 5, ""mutation_rate"": 0.001, ""n_cells"": 80, ""n_gens"": 150, ""n_metabolites"": 4, ""n_segments"": 4, ""n_seqs"": 8, ""p"": 0.925, ""penalty"": 0.5, ""penalty_ratio"": 0.25, ""reward"": 2.0, ""segment_order"": ""native"", ""seq_len"": 60, ""sigma"": 0.54, ""sigma_ratio"": 0.45, ""stride"": 1, ""temperature"": 1.2}",1707986591,0.07356952510751194,0.29570680615499634,0.2221372810474844,0.3340711805555592,0.28086889198316584,-0.0019270833333315807,29.015625,f35bdf3a015caebc5b9a0676d7157aba81206a1fa0d878e66949e156f09a72e9,926db456b8596ae7ca7a8ee3c362ed7e9b943fba6800eccdfabfee2804bc1196,7.771561172376096e-15,8
A_p4_a1,A,,7,"{""b_ratio"": 1.6666666666666667, ""bias"": 2.0, ""fitness_mode"": ""count"", ""floor"": 0.1, ""jitter"": 0, ""motif_length"": 5, ""mutation_rate"": 0.001, ""n_cells"": 80, ""n_gens"": 150, ""n_metabolites"": 4, ""n_segments"": 4, ""n_seqs"": 8, ""p"": 0.925, ""penalty"": 0.5, ""penalty_ratio"": 0.25, ""reward"": 2.0, ""segment_order"": ""native"", ""seq_len"": 60, ""sigma"": 0.54, ""sigma_ratio"": 0.45, ""stride"": 1, ""temperature"": 1.2}",3783762641,0.07025312332866765,0.2857515804735887,0.21549845714492102,0.331122504340279,0.10267206951716529,1.0188541666666602,29.696875,e43e24f01f65d00f5caab64ee3a25ef24d57a96ffba425ddf1508abc3ee504e0,92c881c1304b347455b8a5be53610deb66a94f9f3f76cb7f15ecd8913ac4351f,7.105427357601002e-15,8
A_p4_a2,A,,0,"{""b_ratio"": 1.6666666666666667, ""bias"": 2.0, ""fitness_mode"": ""count"", ""floor"": 0.1, ""jitter"": 0, ""motif_length"": 5, ""mutation_rate"": 0.001, ""n_cells"": 80, ""n_gens"": 150, ""n_metabolites"": 4, ""n_segments"": 4, ""n_seqs"": 8, ""p"": 0.925, ""penalty"": 0.5, ""penalty_ratio"": 0.25, ""reward"": 2.0, ""segment_order"": ""native"", ""seq_len"": 60, ""sigma"": 1.08, ""sigma_ratio"": 0.9, ""stride"": 1, ""temperature"": 1.2}",4281494005,0.2557445232871499,0.4785450297220813,0.2228005064349314,1.1262505425347191,0.5609142878440758,0.36130208333333513,34.5125,a351a48380484716f60627b23f3f64ffe424ae7479fd71dd750e7d215bd98848,fe6227887886d802883bb390b2286717866fa4f3005c759d9aeb86ec972b579b,3.9968028886505635e-15,8
A_p4_a2,A,,1,"{""b_ratio"": 1.6666666666666667, ""bias"": 2.0, ""fitness_mode"": ""count"", ""floor"": 0.1, ""jitter"": 0, ""motif_length"": 5, ""mutation_rate"": 0.001, ""n_cells"": 80, ""n_gens"": 150, ""n_metabolites"": 4, ""n_segments"": 4, ""n_seqs"": 8, ""p"": 0.925, ""penalty"": 0.5, ""penalty_ratio"": 0.25, ""reward"": 2.0, ""segment_order"": ""native"", ""seq_len"": 60, ""sigma"": 1.08, ""sigma_ratio"": 0.9, ""stride"": 1, ""temperature"": 1.2}",3153271075,0.26971080527386293,0.49466829977087934,0.2249574944970164,1.099118381076389,0.35553687893117636,0.8254687499999989,35.09140625,9a98c90b7029f1e865a0742135f39f6c19d243a5bdaae7366fc6950dde74731a,00a5c7c082aa4c67cc575b804fe541452c94cb2a3d36b3d4dbb4c8337585b893,4.551914400963142e-15,8
A_p4_a2,A,,2,"{""b_ratio"": 1.6666666666666667, ""bias"": 2.0, ""fitness_mode"": ""count"", ""floor"": 0.1, ""jitter"": 0, ""motif_length"": 5, ""mutation_rate"": 0.001, ""n_cells"": 80, ""n_gens"": 150, ""n_metabolites"": 4, ""n_segments"": 4, ""n_seqs"": 8, ""p"": 0.925, ""penalty"": 0.5, ""penalty_ratio"": 0.25, ""reward"": 2.0, ""segment_order"": ""native"", ""seq_len"": 60, ""sigma"": 1.08, ""sigma_ratio"": 0.9, ""stride"": 1, ""temperature"": 1.2}",1998157619,0.27200858186092314,0.4684081204191984,0.19639953855827527,2.1341606987847204,0.5310292276536022,1.4421875000000028,36.303125,67ce642d9c0d7dbfed952d809eecf4af4152466fb8a9535949be29cc67d31fd6,1168c0d379c0e9ff527e92efe069c2e8f412caaa43188db2719a61c079897060,6.5503158452884236e-15,8
A_p4_a2,A,,3,"{""b_ratio"": 1.6666666666666667, ""bias"": 2.0, ""fitness_mode"": ""count"", ""floor"": 0.1, ""jitter"": 0, ""motif_length"": 5, ""mutation_rate"": 0.001, ""n_cells"": 80, ""n_gens"": 150, ""n_metabolites"": 4, ""n_segments"": 4, ""n_seqs"": 8, ""p"": 0.925, ""penalty"": 0.5, ""penalty_ratio"": 0.25, ""reward"": 2.0, ""segment_order"": ""native"", ""seq_len"": 60, ""sigma"": 1.08, ""sigma_ratio"": 0.9, ""stride"": 1, ""temperature"": 1.2}",1610469708,0.2559854694070196,0.478047616703431,0.2220621472964114,0.8033610026041664,0.33428957053957103,0.30026041666666003,33.91796875,b9015ba43e3a4d1940424bc8a640ab6b7be245daf605f6624661aea215d24806,b4caa5094420b54926ef4337307628160cd0c488b2fd8b1af04470db4b96f143,4.9960036108132044e-15,8
A_p4_a2,A,,4,"{""b_ratio"": 1.6666666666666667, ""bias"": 2.0, ""fitness_mode"": ""count"", ""floor"": 0.1, ""jitter"": 0, ""motif_length"": 5, ""mutation_rate"": 0.001, ""n_cells"": 80, ""n_gens"": 150, ""n_metabolites"": 4, ""n_segments"": 4, ""n_seqs"": 8, ""p"": 0.925, ""penalty"": 0.5, ""penalty_ratio"": 0.25, ""reward"": 2.0, ""segment_order"": ""native"", ""seq_len"": 60, ""sigma"": 1.08, ""sigma_ratio"": 0.9, ""stride"": 1, ""temperature"": 1.2}",2238799760,0.24952547355740404,0.46633883904902407,0.21681336549162003,1.1396348741319384,0.210868857690647,0.7573958333333337,33.68984375,8f6b6e3b1add316db6338c6ac6f15dd2869d64dd1365617867a7a270146ad9a2,03068a42b562a27e83528f5b9f17ec911fa9a8b3888a75f3c47799b981c09f7f,3.9968028886505635e-15,8
A_p4_a2,A,,5,"{""b_ratio"": 1.6666666666666667, ""bias"": 2.0, ""fitness_mode"": ""count"", ""floor"": 0.1, ""jitter"": 0, ""motif_length"": 5, ""mutation_rate"": 0.001, ""n_cells"": 80, ""n_gens"": 150, ""n_metabolites"": 4, ""n_segments"": 4, ""n_seqs"": 8, ""p"": 0.925, ""penalty"": 0.5, ""penalty_ratio"": 0.25, ""reward"": 2.0, ""segment_order"": ""native"", ""seq_len"": 60, ""sigma"": 1.08, ""sigma_ratio"": 0.9, ""stride"": 1, ""temperature"": 1.2}",649223496,0.2817002834852078,0.4937802834692967,0.2120799999840889,0.8678032769097239,0.39774020567975654,1.6375520833333326,35.0796875,4ac059526b5eb76d00ed8704b3d4713c09683e855cc0901041bfff4cd614a48b,076b9419d4651ec2bbf10d1f12fd5c597519dff202132193cc323e6e84b5d5e0,1.0436096431476471e-14,8
A_p4_a2,A,,6,"{""b_ratio"": 1.6666666666666667, ""bias"": 2.0, ""fitness_mode"": ""count"", ""floor"": 0.1, ""jitter"": 0, ""motif_length"": 5, ""mutation_rate"": 0.001, ""n_cells"": 80, ""n_gens"": 150, ""n_metabolites"": 4, ""n_segments"": 4, ""n_seqs"": 8, ""p"": 0.925, ""penalty"": 0.5, ""penalty_ratio"": 0.25, ""reward"": 2.0, ""segment_order"": ""native"", ""seq_len"": 60, ""sigma"": 1.08, ""sigma_ratio"": 0.9, ""stride"": 1, ""temperature"": 1.2}",2589279981,0.24163154578560084,0.4501675488316653,0.20853600304606448,0.8466634114583345,0.34546431551270723,0.8560416666666626,35.309375,941e126d7b018cf19cbcc2af9592a5c6a7d3a0108e2cf258ecc7b49513f156ef,de56defd3fdb69b76a496317945c9cd270dba287a94068f975ae8754d165a07e,7.216449660063518e-15,8
A_p4_a2,A,,7,"{""b_ratio"": 1.6666666666666667, ""bias"": 2.0, ""fitness_mode"": ""count"", ""floor"": 0.1, ""jitter"": 0, ""motif_length"": 5, ""mutation_rate"": 0.001, ""n_cells"": 80, ""n_gens"": 150, ""n_metabolites"": 4, ""n_segments"": 4, ""n_seqs"": 8, ""p"": 0.925, ""penalty"": 0.5, ""penalty_ratio"": 0.25, ""reward"": 2.0, ""segment_order"": ""native"", ""seq_len"": 60, ""sigma"": 1.08, ""sigma_ratio"": 0.9, ""stride"": 1, ""temperature"": 1.2}",3853347919,0.27277428058665304,0.48612031107622167,0.21334603048956863,1.6465820312500021,0.5619547513555,1.062031250000004,35.79921875,fb6b1a584d81f4ad2cfc6290674fa0186d90be3a828a814dd240b4de6e9307b3,d82ff3c7516cacaef1e88c3762133826a2e9637852293b7b10df7c57a84dd3de,8.215650382226158e-15,8
A_p4_a3,A,,0,"{""b_ratio"": 1.6666666666666667, ""bias"": 2.0, ""fitness_mode"": ""count"", ""floor"": 0.1, ""jitter"": 0, ""motif_length"": 5, ""mutation_rate"": 0.001, ""n_cells"": 80, ""n_gens"": 150, ""n_metabolites"": 4, ""n_segments"": 4, ""n_seqs"": 8, ""p"": 0.925, ""penalty"": 0.5, ""penalty_ratio"": 0.25, ""reward"": 2.0, ""segment_order"": ""native"", ""seq_len"": 60, ""sigma"": 1.62, ""sigma_ratio"": 1.35, ""stride"": 1, ""temperature"": 1.2}",646223360,0.483321077056195,0.6915683414218412,0.20824726436564622,2.8122043185763914,0.7439277401097163,1.392317708333323,40.8,c653450ed4821fa490db23fff01cef56412bb558c538cec9146f2f80fafa4fb5,4619fb6d76a2c6458c14856c61f3a629bf31203c746f553d09937664c6bfb6c7,6.050715484207103e-15,8
A_p4_a3,A,,1,"{""b_ratio"": 1.6666666666666667, ""bias"": 2.0, ""fitness_mode"": ""count"", ""floor"": 0.1, ""jitter"": 0, ""motif_length"": 5, ""mutation_rate"": 0.001, ""n_cells"": 80, ""n_gens"": 150, ""n_metabolites"": 4, ""n_segments"": 4, ""n_seqs"": 8, ""p"": 0.925, ""penalty"": 0.5, ""penalty_ratio"": 0.25, ""reward"": 2.0, ""segment_order"": ""native"", ""seq_len"": 60, ""sigma"": 1.62, ""sigma_ratio"": 1.35, ""stride"": 1, ""temperature"": 1.2}",3997188601,0.48565254373034494,0.698214567467838,0.2125620237374931,1.6009494357638898,0.3540096135861212,0.8690625000000054,38.746875,e3e239b39bb44e2f2daa9972742592ba530ac3bfc00ebfd75019325843659738,fde00d62911cb4997d6a2c1ffc864085ea0e5aa1411e2dd1b6fd0e02efcce3af,4.884981308350689e-15,8
A_p4_a3,A,,2,"{""b_ratio"": 1.6666666666666667, ""bias"": 2.0, ""fitness_mode"": ""count"", ""floor"": 0.1, ""jitter"": 0, ""motif_length"": 5, ""mutation_rate"": 0.001, ""n_cells"": 80, ""n_gens"": 150, ""n_metabolites"": 4, ""n_segments"": 4, ""n_seqs"": 8, ""p"": 0.925, ""penalty"": 0.5, ""penalty_ratio"": 0.25, ""reward"": 2.0, ""segment_order"": ""native"", ""seq_len"": 60, ""sigma"": 1.62, ""sigma_ratio"": 1.35, ""stride"": 1, ""temperature"": 1.2}",226472649,0.47605789700428724,0.7058042438947117,0.22974634689042453,1.1670817057291627,0.31604202762343836,-0.07018229166667567,37.44375,85f456e398f2296982ee36dcde7ee1b150e3f8ddf32e683949c89f2ad97f5619,bf8c43844688c27be010033d0396c65ecb716c53f2dcf9befb35f0ebd95102be,2.6645352591003757e-15,8
A_p4_a3,A,,3,"{""b_ratio"": 1.6666666666666667, ""bias"": 2.0, ""fitness_mode"": ""count"", ""floor"": 0.1, ""jitter"": 0, ""motif_length"": 5, ""mutation_rate"": 0.001, ""n_cells"": 80, ""n_gens"": 150, ""n_metabolites"": 4, ""n_segments"": 4, ""n_seqs"": 8, ""p"": 0.925, ""penalty"": 0.5, ""penalty_ratio"": 0.25, ""reward"": 2.0, ""segment_order"": ""native"", ""seq_len"": 60, ""sigma"": 1.62, ""sigma_ratio"": 1.35, ""stride"": 1, ""temperature"": 1.2}",29098055,0.49878727076572443,0.7026978019563959,0.20391053119067143,4.815397135416666,0.7172215184486224,4.488932291666657,43.28984375,f4f82cee92afd503905826e423d74f6dc5ae134afd990f137609cb3bd0f3e5f7,e34b3f7c4a90cebea056c39bf91fc66f9bba4a94e6fbb2d634fe756185164bf0,1.582067810090848e-14,8
A_p4_a3,A,,4,"{""b_ratio"": 1.6666666666666667, ""bias"": 2.0, ""fitness_mode"": ""count"", ""floor"": 0.1, ""jitter"": 0, ""motif_length"": 5, ""mutation_rate"": 0.001, ""n_cells"": 80, ""n_gens"": 150, ""n_metabolites"": 4, ""n_segments"": 4, ""n_seqs"": 8, ""p"": 0.925, ""penalty"": 0.5, ""penalty_ratio"": 0.25, ""reward"": 2.0, ""segment_order"": ""native"", ""seq_len"": 60, ""sigma"": 1.62, ""sigma_ratio"": 1.35, ""stride"": 1, ""temperature"": 1.2}",1872737070,0.49184489219317584,0.7108163312673395,0.2189714390741636,2.5646484374999954,0.684344857338616,1.536380208333327,40.4203125,5df1cbd794d1b3193201d67f4fd5b8db62847fe0fa9627fd530fb479d29da5d9,62ce57dbdc55ac04ddfa68a3d5615ee6fe79192185b93c07546c00397e5fa997,6.106226635438361e-15,8
A_p4_a3,A,,5,"{""b_ratio"": 1.6666666666666667, ""bias"": 2.0, ""fitness_mode"": ""count"", ""floor"": 0.1, ""jitter"": 0, ""motif_length"": 5, ""mutation_rate"": 0.001, ""n_cells"": 80, ""n_gens"": 150, ""n_metabolites"": 4, ""n_segments"": 4, ""n_seqs"": 8, ""p"": 0.925, ""penalty"": 0.5, ""penalty_ratio"": 0.25, ""reward"": 2.0, ""segment_order"": ""native"", ""seq_len"": 60, ""sigma"": 1.62, ""sigma_ratio"": 1.35, ""stride"": 1, ""temperature"": 1.2}",1391418683,0.5012391996254913,0.7170207625715266,0.21578156294603523,2.2085177951388895,0.42666392370255507,2.6649218750000117,40.0484375,037642973ebbc0cd67811f01110850bbc8e4ac2e04629256837a30307c22d6a8,bb9e1d20c3ac091606c49c60c2d6016f4029f776ac21599e0821268a46577e28,1.0103029524088925e-14,8
A_p4_a3,A,,6,"{""b_ratio"": 1.6666666666666667, ""bias"": 2.0, ""fitness_mode"": ""count"", ""floor"": 0.1, ""jitter"": 0, ""motif_length"": 5, ""mutation_rate"": 0.001, ""n_cells"": 80, ""n_gens"": 150, ""n_metabolites"": 4, ""n_segments"": 4, ""n_seqs"": 8, ""p"": 0.925, ""penalty"": 0.5, ""penalty_ratio"": 0.25, ""reward"": 2.0, ""segment_order"": ""native"", ""seq_len"": 60, ""sigma"": 1.62, ""sigma_ratio"": 1.35, ""stride"": 1, ""temperature"": 1.2}",1878277320,0.4863117823274036,0.7021103632859859,0.21579858095858231,1.3537516276041694,0.36918873079136477,1.670104166666654,39.65,1cdd50c2f1776fc1202327d18c0dc8df6185438b94d26f07152af9c5f9066c92,974986d2c284ffc9336e323b79b4b1e14805b85603af8ac4a98538c09f6e4278,9.658940314238862e-15,8
A_p4_a3,A,,7,"{""b_ratio"": 1.6666666666666667, ""bias"": 2.0, ""fitness_mode"": ""count"", ""floor"": 0.1, ""jitter"": 0, ""motif_length"": 5, ""mutation_rate"": 0.001, ""n_cells"": 80, ""n_gens"": 150, ""n_metabolites"": 4, ""n_segments"": 4, ""n_seqs"": 8, ""p"": 0.925, ""penalty"": 0.5, ""penalty_ratio"": 0.25, ""reward"": 2.0, ""segment_order"": ""native"", ""seq_len"": 60, ""sigma"": 1.62, ""sigma_ratio"": 1.35, ""stride"": 1, ""temperature"": 1.2}",2074289977,0.4731647411195645,0.6891881506343579,0.21602340951479337,1.2703504774305543,0.2526666877874268,-0.31351562500000085,38.5078125,e532208446caf077770907432e84a29e554bc4e044f71840a84c330574970655,4c846e28b17c62040386c2d84a47144ec26ddd9efe6bbb950882169bbc31d852,3.6637359812630166e-15,8
A_p5_a0,A,,0,"{""b_ratio"": 1.6666666666666667, ""bias"": 2.0, ""fitness_mode"": ""count"", ""floor"": 0.1, ""jitter"": 0, ""motif_length"": 5, ""mutation_rate"": 0.001, ""n_cells"": 80, ""n_gens"": 150, ""n_metabolites"": 4, ""n_segments"": 4, ""n_seqs"": 8, ""p"": 1.0, ""penalty"": 0.5, ""penalty_ratio"": 0.25, ""reward"": 2.0, ""segment_order"": ""native"", ""seq_len"": 60, ""sigma"": 0.0, ""sigma_ratio"": 0, ""stride"": 1, ""temperature"": 1.2}",3797057325,0.001084561353129003,0.030907041562982213,0.02982248020985321,0.0,0.0,-0.07440104166667538,26.75859375,0d6afb6125f554ec01b69af347eda9f33da4e22f8a018088253e6f8bac7bb491,bfd94c24f14719238bda19f887d330c0fe2223cd31f6e712d5fa2966def98c11,1.2068124277675452e-13,8
A_p5_a0,A,,1,"{""b_ratio"": 1.6666666666666667, ""bias"": 2.0, ""fitness_mode"": ""count"", ""floor"": 0.1, ""jitter"": 0, ""motif_length"": 5, ""mutation_rate"": 0.001, ""n_cells"": 80, ""n_gens"": 150, ""n_metabolites"": 4, ""n_segments"": 4, ""n_seqs"": 8, ""p"": 1.0, ""penalty"": 0.5, ""penalty_ratio"": 0.25, ""reward"": 2.0, ""segment_order"": ""native"", ""seq_len"": 60, ""sigma"": 0.0, ""sigma_ratio"": 0, ""stride"": 1, ""temperature"": 1.2}",2499209629,-0.0012665557881885586,0.03236158004010552,0.033628135828294076,0.0,0.0,0.11562499999999432,27.2671875,8054553dc3ca8e0d64433ae9e87310699a80d4c1f2b4b57b37406acc12e0399a,55b9a4e77bbfe2ed5f36ba6abbc900b7618e8851a6fc6c64d46b9ab7fb8b52dc,1.2068124277675452e-13,8
A_p5_a0,A,,2,"{""b_ratio"": 1.6666666666666667, ""bias"": 2.0, ""fitness_mode"": ""count"", ""floor"": 0.1, ""jitter"": 0, ""motif_length"": 5, ""mutation_rate"": 0.001, ""n_cells"": 80, ""n_gens"": 150, ""n_metabolites"": 4, ""n_segments"": 4, ""n_seqs"": 8, ""p"": 1.0, ""penalty"": 0.5, ""penalty_ratio"": 0.25, ""reward"": 2.0, ""segment_order"": ""native"", ""seq_len"": 60, ""sigma"": 0.0, ""sigma_ratio"": 0, ""stride"": 1, ""temperature"": 1.2}",957924091,0.0002681561576951125,0.03475494940747272,0.03448679324977761,0.0,0.0,-0.04562499999999403,27.43671875,336002534334ac4b1d8a4bbfd4f620d78c96546fcde5dbab3dbd008ccb1bb6c1,e01c64dfa27a71e718ca0dfe8587e99703d52d9c7657e21e12c677031dc8e6f2,1.2045919817182948e-13,8
A_p5_a0,A,,3,"{""b_ratio"": 1.6666666666666667, ""bias"": 2.0, ""fitness_mode"": ""count"", ""floor"": 0.1, ""jitter"": 0, ""motif_length"": 5, ""mutation_rate"": 0.001, ""n_cells"": 80, ""n_gens"": 150, ""n_metabolites"": 4, ""n_segments"": 4, ""n_seqs"": 8, ""p"": 1.0, ""penalty"": 0.5, ""penalty_ratio"": 0.25, ""reward"": 2.0, ""segment_order"": ""native"", ""seq_len"": 60, ""sigma"": 0.0, ""sigma_ratio"": 0, ""stride"": 1, ""temperature"": 1.2}",2287463480,-0.0003755857211957918,0.026240480261171067,0.02661606598236686,0.0,0.0,-0.10651041666666572,26.70703125,bacb831e830b56bd4c81016ebf36ec0ebb767ea73b1b92a5b7334717433e32d6,de7b370a1005bfdb1807e19fbea43f3e373f2928e6491643b23a9652ebbafaf3,1.20570220474292e-13,8
A_p5_a0,A,,4,"{""b_ratio"": 1.6666666666666667, ""bias"": 2.0, ""fitness_mode"": ""count"", ""floor"": 0.1, ""jitter"": 0, ""motif_length"": 5, ""mutation_rate"": 0.001, ""n_cells"": 80, ""n_gens"": 150, ""n_metabolites"": 4, ""n_segments"": 4, ""n_seqs"": 8, ""p"": 1.0, ""penalty"": 0.5, ""penalty_ratio"": 0.25, ""reward"": 2.0, ""segment_order"": ""native"", ""seq_len"": 60, ""sigma"": 0.0, ""sigma_ratio"": 0, ""stride"": 1, ""temperature"": 1.2}",1680328329,-0.0006247562645663868,0.03250099823397377,0.033125754498540154,0.0,0.0,0.024453125000007958,26.8984375,f4db23e789f543a1bb9087d5fa93fbf18dd3baeae93c1d69bf04580574e145f0,4aa5ff5d84902e69cae9c43af5667e2fb2a189c9084ae496ddf41461b55d79b7,1.2045919817182948e-13,8
A_p5_a0,A,,5,"{""b_ratio"": 1.6666666666666667, ""bias"": 2.0, ""fitness_mode"": ""count"", ""floor"": 0.1, ""jitter"": 0, ""motif_length"": 5, ""mutation_rate"": 0.001, ""n_cells"": 80, ""n_gens"": 150, ""n_metabolites"": 4, ""n_segments"": 4, ""n_seqs"": 8, ""p"": 1.0, ""penalty"": 0.5, ""penalty_ratio"": 0.25, ""reward"": 2.0, ""segment_order"": ""native"", ""seq_len"": 60, ""sigma"": 0.0, ""sigma_ratio"": 0, ""stride"": 1, ""temperature"": 1.2}",3622389156,0.0009654871137118187,0.03125344640896544,0.030287959295253623,0.0,0.0,-0.23401041666667055,26.73671875,80422d3d26c224cad5355d7cd095259fdb7cea6d37b10b8403bb6bc4458e126a,285940dddfce7c2942bc71ecc111fd0751579f0449ea2ab2c7757b2de8c8c473,1.2045919817182948e-13,8
A_p5_a0,A,,6,"{""b_ratio"": 1.6666666666666667, ""bias"": 2.0, ""fitness_mode"": ""count"", ""floor"": 0.1, ""jitter"": 0, ""motif_length"": 5, ""mutation_rate"": 0.001, ""n_cells"": 80, ""n_gens"": 150, ""n_metabolites"": 4, ""n_segments"": 4, ""n_seqs"": 8, ""p"": 1.0, ""penalty"": 0.5, ""penalty_ratio"": 0.25, ""reward"": 2.0, ""segment_order"": ""native"", ""seq_len"": 60, ""sigma"": 0.0, ""sigma_ratio"": 0, ""stride"": 1, ""temperature"": 1.2}",3526855118,-0.00019157259121263537,0.021874667447373642,0.022066240038586277,0.0,0.0,0.014244791666662593,27.696875,21b9dbfdf2133c3f016e8e8df1fa627361dda852919bc090b948a7da3d9f9e20,258d6cbb7dd1cf19f0862af3961bf6cf30eb75942979bef1b9f66a9fc4833004,1.2068124277675452e-13,8
A_p5_a0,A,,7,"{""b_ratio"": 1.6666666666666667, ""bias"": 2.0, ""fitness_mode"": ""count"", ""floor"": 0.1, ""jitter"": 0, ""motif_length"": 5, ""mutation_rate"": 0.001, ""n_cells"": 80, ""n_gens"": 150, ""n_metabolites"": 4, ""n_segments"": 4, ""n_seqs"": 8, ""p"": 1.0, ""penalty"": 0.5, ""penalty_ratio"": 0.25, ""reward"": 2.0, ""segment_order"": ""native"", ""seq_len"": 60, ""sigma"": 0.0, ""sigma_ratio"": 0, ""stride"": 1, ""temperature"": 1.2}",3713319239,2.2171695284432108e-05,0.028067086702779853,0.02804491500749542,0.0,0.0,-0.028177083333329023,25.715625,c6ccd415320fd301f14000c460e970647dfaa5d32a5fda788748ddac83aecc15,7bdf042dcba3cd1191afcb804514ef9fe1e54a129f816bcd7e5d6971d9642d07,1.2012613126444194e-13,8
A_p5_a1,A,,0,"{""b_ratio"": 1.6666666666666667, ""bias"": 2.0, ""fitness_mode"": ""count"", ""floor"": 0.1, ""jitter"": 0, ""motif_length"": 5, ""mutation_rate"": 0.001, ""n_cells"": 80, ""n_gens"": 150, ""n_metabolites"": 4, ""n_segments"": 4, ""n_seqs"": 8, ""p"": 1.0, ""penalty"": 0.5, ""penalty_ratio"": 0.25, ""reward"": 2.0, ""segment_order"": ""native"", ""seq_len"": 60, ""sigma"": 0.54, ""sigma_ratio"": 0.45, ""stride"": 1, ""temperature"": 1.2}",576498967,0.08104685348234612,0.10664844088890758,0.025601587406561464,0.6474473741319455,0.31920114879825534,2.430937499999999,31.91484375,885ae554aef65201a374e564b934351beea37b9ae682873b9112f9dd3560203c,67c011507ee0e10a71c973ad912b0ccf247367a3afb6ead08f06c0cb12bb65bd,1.509903313490213e-14,8
A_p5_a1,A,,1,"{""b_ratio"": 1.6666666666666667, ""bias"": 2.0, ""fitness_mode"": ""count"", ""floor"": 0.1, ""jitter"": 0, ""motif_length"": 5, ""mutation_rate"": 0.001, ""n_cells"": 80, ""n_gens"": 150, ""n_metabolites"": 4, ""n_segments"": 4, ""n_seqs"": 8, ""p"": 1.0, ""penalty"": 0.5, ""penalty_ratio"": 0.25, ""reward"": 2.0, ""segment_order"": ""native"", ""seq_len"": 60, ""sigma"": 0.54, ""sigma_ratio"": 0.45, ""stride"": 1, ""temperature"": 1.2}",2123328772,0.089162443953205,0.11695279231377209,0.027790348360567103,0.9438476562500013,0.45881754917033574,1.9889843749999976,32.2421875,883fa2bbbd7e01db832ce322a2c915841b9f18f6e9e918d5a0d0d6ae9ab31b78,9f03ea02bc2f3df0ea06c2e18434accaa4e3b39ad543d429c92e36c640ed19c3,2.2093438190040615e-14,8
A_p5_a1,A,,2,"{""b_ratio"": 1.6666666666666667, ""bias"": 2.0, ""fitness_mode"": ""count"", ""floor"": 0.1, ""jitter"": 0, ""motif_length"": 5, ""mutation_rate"": 0.001, ""n_cells"": 80, ""n_gens"": 150, ""n_metabolites"": 4, ""n_segments"": 4, ""n_seqs"": 8, ""p"": 1.0, ""penalty"": 0.5, ""penalty_ratio"": 0.25, ""reward"": 2.0, ""segment_order"": ""native"", ""seq_len"": 60, ""sigma"": 0.54, ""sigma_ratio"": 0.45, ""stride"": 1, ""temperature"": 1.2}",2892335841,0.07770244453609337,0.11206819468097098,0.03436575014487762,0.6279296875000018,0.367445370877155,2.9186718750000047,33.1015625,53fdf4eab79e71cd4d1efe734a3457f6c85c8b970ce4175f3465c80844257e6f,1e458d9ee4a4187cc8087f362651e65a85845a3fe5563e6f1ae5254d0fcf5481,2.1649348980190553e-14,8
A_p5_a1,A,,3,"{""b_ratio"": 1.6666666666666667, ""bias"": 2.0, ""fitness_mode"": ""count"", ""floor"": 0.1, ""jitter"": 0, ""motif_length"": 5, ""mutation_rate"": 0.001, ""n_cells"": 80, ""n_gens"": 150, ""n_metabolites"": 4, ""n_segments"": 4, ""n_seqs"": 8, ""p"": 1.0, ""penalty"": 0.5, ""penalty_ratio"": 0.25, ""reward"": 2.0, ""segment_order"": ""native"", ""seq_len"": 60, ""sigma"": 0.54, ""sigma_ratio"": 0.45, ""stride"": 1, ""temperature"": 1.2}",1777129716,0.08166935344401927,0.11115121648315561,0.02948186303913635,0.7931396484374984,0.4017716962419787,1.9917187499999933,32.10078125,d26406c93b232300da94e839673e0d16f136c051b99de47e3eed465103362b03,55f08f9eaadd42835720ef70c79e57f8f756ab3f00d163ccd1fbc1e3423709d9,2.0872192862952943e-14,8
A_p5_a1,A,,4,"{""b_ratio"": 1.6666666666666667, ""bias"": 2.0, ""fitness_mode"": ""count"", ""floor"": 0.1, ""jitter"": 0, ""motif_length"": 5, ""mutation_rate"": 0.001, ""n_cells"": 80, ""n_gens"": 150, ""n_metabolites"": 4, ""n_segments"": 4, ""n_seqs"": 8, ""p"": 1.0, ""penalty"": 0.5, ""penalty_ratio"": 0.25, ""reward"": 2.0, ""segment_order"": ""native"", ""seq_len"": 60, ""sigma"": 0.54, ""sigma_ratio"": 0.45, ""stride"": 1, ""temperature"": 1.2}",3741062372,0.07503430765504183,0.10124995964179237,0.02621565198675053,0.26496853298611445,0.26623074150156545,2.158932291666673,32.61640625,1238bcb8c67127a318fac52508efee46cf62d6f0ba41d54bf802eaf7a9dacc7d,673d402cb179561c2d0026e6e715bcc2d8a1362c0efd13244ab6e696744a421f,2.1094237467877974e-14,8
A_p5_a1,A,,5,"{""b_ratio"": 1.6666666666666667, ""bias"": 2.0, ""fitness_mode"": ""count"", ""floor"": 0.1, ""jitter"": 0, ""motif_length"": 5, ""mutation_rate"": 0.001, ""n_cells"": 80, ""n_gens"": 150, ""n_metabolites"": 4, ""n_segments"": 4, ""n_seqs"": 8, ""p"": 1.0, ""penalty"": 0.5, ""penalty_ratio"": 0.25, ""reward"": 2.0, ""segment_order"": ""native"", ""seq_len"": 60, ""sigma"": 0.54, ""sigma_ratio"": 0.45, ""stride"": 1, ""temperature"": 1.2}",3432749938,0.08337498694171883,0.10886979344998639,0.025494806508267565,0.8217827690972195,0.43198202956089493,2.923671875,32.98203125,1358eb2cd16cdb65d05fd1003862c95fcf5a060110420fbc627fa0e09a35f0a9,ac3ec2326e8ab8d9291533601428ad859a31f55bd8b126d00f187407f4b8d07e,1.1435297153639112e-14,8
A_p5_a1,A,,6,"{""b_ratio"": 1.6666666666666667, ""bias"": 2.0, ""fitness_mode"": ""count"", ""floor"": 0.1, ""jitter"": 0, ""motif_length"": 5, ""mutation_rate"": 0.001, ""n_cells"": 80, ""n_gens"": 150, ""n_metabolites"": 4, ""n_segments"": 4, ""n_seqs"": 8, ""p"": 1.0, ""penalty"": 0.5, ""penalty_ratio"": 0.25, ""reward"": 2.0, ""segment_order"": ""native"", ""seq_len"": 60, ""sigma"": 0.54, ""sigma_ratio"": 0.45, ""stride"": 1, ""temperature"": 1.2}",3932389374,0.07068269220245928,0.09920069707923312,0.02851800487677385,1.2366129557291634,0.4272011998195376,2.86872395833333,33.4296875,4d39df57e9c8f9733020d1363d10ead20b1c3d458eed6dcbdc03dced52559bec,20e9dcf4eccf89a70a4f076dad37cee688cbe802aceedf92aff089dc2bf7c78a,1.4988010832439613e-14,8
A_p5_a1,A,,7,"{""b_ratio"": 1.6666666666666667, ""bias"": 2.0, ""fitness_mode"": ""count"", ""floor"": 0.1, ""jitter"": 0, ""motif_length"": 5, ""mutation_rate"": 0.001, ""n_cells"": 80, ""n_gens"": 150, ""n_metabolites"": 4, ""n_segments"": 4, ""n_seqs"": 8, ""p"": 1.0, ""penalty"": 0.5, ""penalty_ratio"": 0.25, ""reward"": 2.0, ""segment_order"": ""native"", ""seq_len"": 60, ""sigma"": 0.54, ""sigma_ratio"": 0.45, ""stride"": 1, ""temperature"": 1.2}",3166760917,0.0815149230845987,0.11106517918498811,0.0295502561003894,1.4054714626736118,0.49056379365219266,1.1671614583333323,31.13515625,99b2283150f3ed38ac4ba0c8367192f76d41dfa6965c325ac400a6eeb59562f3,f72b51f6b9707d73fba007258ad3ae1e8774a80bfee79991f683611009b4b8d9,3.630429290524262e-14,8
A_p5_a2,A,,0,"{""b_ratio"": 1.6666666666666667, ""bias"": 2.0, ""fitness_mode"": ""count"", ""floor"": 0.1, ""jitter"": 0, ""motif_length"": 5, ""mutation_rate"": 0.001, ""n_cells"": 80, ""n_gens"": 150, ""n_metabolites"": 4, ""n_segments"": 4, ""n_seqs"": 8, ""p"": 1.0, ""penalty"": 0.5, ""penalty_ratio"": 0.25, ""reward"": 2.0, ""segment_order"": ""native"", ""seq_len"": 60, ""sigma"": 1.08, ""sigma_ratio"": 0.9, ""stride"": 1, ""temperature"": 1.2}",3608750401,0.27240572427146875,0.30349252565858076,0.03108680138711203,2.002400716145832,0.26279286124020546,3.682552083333327,38.82734375,84cf6cfa016b5b7daa7434323b0215d17424331e63ed11ca4c7b0e31bf1effe8,9edd2b826a5c1e59488ada9df0c80ba2633d70900ccb65498b703fbb4a64d400,1.9539925233402755e-14,8
A_p5_a2,A,,1,"{""b_ratio"": 1.6666666666666667, ""bias"": 2.0, ""fitness_mode"": ""count"", ""floor"": 0.1, ""jitter"": 0, ""motif_length"": 5, ""mutation_rate"": 0.001, ""n_cells"": 80, ""n_gens"": 150, ""n_metabolites"": 4, ""n_segments"": 4, ""n_seqs"": 8, ""p"": 1.0, ""penalty"": 0.5, ""penalty_ratio"": 0.25, ""reward"": 2.0, ""segment_order"": ""native"", ""seq_len"": 60, ""sigma"": 1.08, ""sigma_ratio"": 0.9, ""stride"": 1, ""temperature"": 1.2}",1186306472,0.3332078918126466,0.3658541888426947,0.0326462970300481,2.896880425347214,0.4333298766091858,3.8619791666666643,39.09765625,7e60bd15e319f0284c0de65a5bcdfd315f556f19e98f616b2fa23c010c6ffc58,290b9a9e3e72e4e666c6c71283abb2c5cb37fc9c29b2f491bae19acf2b839975,2.398081733190338e-14,8
A_p5_a2,A,,2,"{""b_ratio"": 1.6666666666666667, ""bias"": 2.0, ""fitness_mode"": ""count"", ""floor"": 0.1, ""jitter"": 0, ""motif_length"": 5, ""mutation_rate"": 0.001, ""n_cells"": 80, ""n_gens"": 150, ""n_metabolites"": 4, ""n_segments"": 4, ""n_seqs"": 8, ""p"": 1.0, ""penalty"": 0.5, ""penalty_ratio"": 0.25, ""reward"": 2.0, ""segment_order"": ""native"", ""seq_len"": 60, ""sigma"": 1.08, ""sigma_ratio"": 0.9, ""stride"": 1, ""temperature"": 1.2}",3722123375,0.3066190343261453,0.33532060052233614,0.028701566196190857,2.3637966579861107,0.32068812561953114,3.072187499999991,38.97421875,015ac6124d0535cfaca5c32efe2ec7c5cb310ae8eb8a83af42fc7f4e2ddf048d,226bbc66fbc2e5b12d47903f425ac2acd6a11b611b5535e8edab1dac199fb461,2.4313884239290928e-14,8
A_p5_a2,A,,3,"{""b_ratio"": 1.6666666666666667, ""bias"": 2.0, ""fitness_mode"": ""count"", ""floor"": 0.1, ""jitter"": 0, ""motif_length"": 5, ""mutation_rate"": 0.001, ""n_cells"": 80, ""n_gens"": 150, ""n_metabolites"": 4, ""n_segments"": 4, ""n_seqs"": 8, ""p"": 1.0, ""penalty"": 0.5, ""penalty_ratio"": 0.25, ""reward"": 2.0, ""segment_order"": ""native"", ""seq_len"": 60, ""sigma"": 1.08, ""sigma_ratio"": 0.9, ""stride"": 1, ""temperature"": 1.2}",3876858692,0.3291015159193907,0.3558112542230981,0.026709738303707434,4.724959309895832,0.8047905174334067,7.076927083333331,41.41484375,aa949fe5e41b70eda52b96510ac760c85f54b005c3bc1b562ab5a25488c37ab8,a954a7e63cfeb3944660547d1319bb43de1b5af0229d9ce36681c4f837fbeda8,2.0761170560490427e-14,8
A_p5_a2,A,,4,"{""b_ratio"": 1.6666666666666667, ""bias"": 2.0, ""fitness_mode"": ""count"", ""floor"": 0.1, ""jitter"": 0, ""motif_length"": 5, ""mutation_rate"": 0.001, ""n_cells"": 80, ""n_gens"": 150, ""n_metabolites"": 4, ""n_segments"": 4, ""n_seqs"": 8, ""p"": 1.0, ""penalty"": 0.5, ""penalty_ratio"": 0.25, ""reward"": 2.0, ""segment_order"": ""native"", ""seq_len"": 60, ""sigma"": 1.08, ""sigma_ratio"": 0.9, ""stride"": 1, ""temperature"": 1.2}",2922622860,0.2655271118937685,0.29666029009000566,0.031133178196237177,2.1883382161458345,0.31016534177288135,6.097031250000001,40.9390625,e4dfa937aaa37c20265153688b45faa00b32a92d2cf6d61a254434fc4583e825,9fd48645607ef1fa70d74ae318cf8033a60566886daf4c3167b8e4377af1e4a6,2.020605904817785e-14,8
A_p5_a2,A,,5,"{""b_ratio"": 1.6666666666666667, ""bias"": 2.0, ""fitness_mode"": ""count"", ""floor"": 0.1, ""jitter"": 0, ""motif_length"": 5, ""mutation_rate"": 0.001, ""n_cells"": 80, ""n_gens"": 150, ""n_metabolites"": 4, ""n_segments"": 4, ""n_seqs"": 8, ""p"": 1.0, ""penalty"": 0.5, ""penalty_ratio"": 0.25, ""reward"": 2.0, ""segment_order"": ""native"", ""seq_len"": 60, ""sigma"": 1.08, ""sigma_ratio"": 0.9, ""stride"": 1, ""temperature"": 1.2}",702731509,0.2922044972011455,0.32040370063157264,0.02819920343042714,1.5752902560763848,0.5570379793679964,1.5799218749999966,38.08984375,c36018bec8b48e9819b46f41855cb78f64985662202aac30cf0f746e35621924,eb726bcfa1ea9cb977fa017cb2c68e90d72cd54b26a18e0344f3e525223ab29c,2.2648549702353193e-14,8
A_p5_a2,A,,6,"{""b_ratio"": 1.6666666666666667, ""bias"": 2.0, ""fitness_mode"": ""count"", ""floor"": 0.1, ""jitter"": 0, ""motif_length"": 5, ""mutation_rate"": 0.001, ""n_cells"": 80, ""n_gens"": 150, ""n_metabolites"": 4, ""n_segments"": 4, ""n_seqs"": 8, ""p"": 1.0, ""penalty"": 0.5, ""penalty_ratio"": 0.25, ""reward"": 2.0, ""segment_order"": ""native"", ""seq_len"": 60, ""sigma"": 1.08, ""sigma_ratio"": 0.9, ""stride"": 1, ""temperature"": 1.2}",1050095931,0.28068127654936476,0.3084134727871908,0.027732196237826034,1.0076605902777764,0.45006480885619127,4.346901041666662,39.18671875,acee09556431c864f33fffdc154bb487a4f275ba98c66083e46cfba49ad7d54c,f75dbc58752da02541c7eb076495cc2deac091f6c19075c6fad0d9396abb32da,9.658940314238862e-15,8
A_p5_a2,A,,7,"{""b_ratio"": 1.6666666666666667, ""bias"": 2.0, ""fitness_mode"": ""count"", ""floor"": 0.1, ""jitter"": 0, ""motif_length"": 5, ""mutation_rate"": 0.001, ""n_cells"": 80, ""n_gens"": 150, ""n_metabolites"": 4, ""n_segments"": 4, ""n_seqs"": 8, ""p"": 1.0, ""penalty"": 0.5, ""penalty_ratio"": 0.25, ""reward"": 2.0, ""segment_order"": ""native"", ""seq_len"": 60, ""sigma"": 1.08, ""sigma_ratio"": 0.9, ""stride"": 1, ""temperature"": 1.2}",1508926921,0.24698450884084053,0.2736179885791319,0.02663347973829135,1.8806152343750053,0.5806726239585839,5.459088541666667,40.20546875,5d101dd4d8472ed5b918a586a277219bbf2268e49f33ea4d6846546addab0918,3715669182f977e61548bb0172f0144e1a83bf92792443e925c887a183225771,1.5792922525292852e-14,8
A_p5_a3,A,,0,"{""b_ratio"": 1.6666666666666667, ""bias"": 2.0, ""fitness_mode"": ""count"", ""floor"": 0.1, ""jitter"": 0, ""motif_length"": 5, ""mutation_rate"": 0.001, ""n_cells"": 80, ""n_gens"": 150, ""n_metabolites"": 4, ""n_segments"": 4, ""n_seqs"": 8, ""p"": 1.0, ""penalty"": 0.5, ""penalty_ratio"": 0.25, ""reward"": 2.0, ""segment_order"": ""native"", ""seq_len"": 60, ""sigma"": 1.62, ""sigma_ratio"": 1.35, ""stride"": 1, ""temperature"": 1.2}",708182965,0.6093917356595436,0.6337540975035423,0.024362361843998682,6.765763346354166,1.1129784308044806,7.022317708333333,46.971875,8e56bbefcc80776d427233b8fc8a80bf48c16101722f98259a03186be5a351fa,c8e24ac1d6ab68e3a02751d498dd60ee950a2b87d0f7a5d60d228d30a42f380a,1.074140776324839e-14,8
A_p5_a3,A,,1,"{""b_ratio"": 1.6666666666666667, ""bias"": 2.0, ""fitness_mode"": ""count"", ""floor"": 0.1, ""jitter"": 0, ""motif_length"": 5, ""mutation_rate"": 0.001, ""n_cells"": 80, ""n_gens"": 150, ""n_metabolites"": 4, ""n_segments"": 4, ""n_seqs"": 8, ""p"": 1.0, ""penalty"": 0.5, ""penalty_ratio"": 0.25, ""reward"": 2.0, ""segment_order"": ""native"", ""seq_len"": 60, ""sigma"": 1.62, ""sigma_ratio"": 1.35, ""stride"": 1, ""temperature"": 1.2}",3731736124,0.5020367261737801,0.528633624677568,0.02659689850378786,5.208422851562498,0.7949868633894808,6.5135416666666615,46.9703125,1adb1c4f560183e749ca9d1d452e0ec2a61d72df15a271314b2913d13a2e5a90,e555b1087490d116a3f02a75688abf5a54fa8cde19f972eb699818b3626fff40,2.2815083156046967e-14,8
A_p5_a3,A,,2,"{""b_ratio"": 1.6666666666666667, ""bias"": 2.0, ""fitness_mode"": ""count"", ""floor"": 0.1, ""jitter"": 0, ""motif_length"": 5, ""mutation_rate"": 0.001, ""n_cells"": 80, ""n_gens"": 150, ""n_metabolites"": 4, ""n_segments"": 4, ""n_seqs"": 8, ""p"": 1.0, ""penalty"": 0.5, ""penalty_ratio"": 0.25, ""reward"": 2.0, ""segment_order"": ""native"", ""seq_len"": 60, ""sigma"": 1.62, ""sigma_ratio"": 1.35, ""stride"": 1, ""temperature"": 1.2}",2035540400,0.5045797153673028,0.5354058631595193,0.030826147792216537,4.8747368706597225,0.9473188844453919,4.7286197916666595,45.32734375,6a36a905cb2b2be4deb357f8564b1a995edb21ca7c66f2e388b458add2c7b983,0e5d45df560d60e4280e58c2f3166c2a9fb2a7f9a1f2dd289f4a3898e97b644d,3.22519788653608e-14,8
A_p5_a3,A,,3,"{""b_ratio"": 1.6666666666666667, ""bias"": 2.0, ""fitness_mode"": ""count"", ""floor"": 0.1, ""jitter"": 0, ""motif_length"": 5, ""mutation_rate"": 0.001, ""n_cells"": 80, ""n_gens"": 150, ""n_metabolites"": 4, ""n_segments"": 4, ""n_seqs"": 8, ""p"": 1.0, ""penalty"": 0.5, ""penalty_ratio"": 0.25, ""reward"": 2.0, ""segment_order"": ""native"", ""seq_len"": 60, ""sigma"": 1.62, ""sigma_ratio"": 1.35, ""stride"": 1, ""temperature"": 1.2}",957283893,0.577875566930243,0.6017937222101983,0.02391815527995532,6.77167426215278,0.6292127620102959,10.201145833333328,47.546875,56f76f72b6d397c9f402d9e748e21e616448f68710dc9083de7a9f119d635981,3310770f624b9914baadbc0bc47b6261e91a4f44b65399615308cfa61941050a,1.6042722705833512e-14,8
A_p5_a3,A,,4,"{""b_ratio"": 1.6666666666666667, ""bias"": 2.0, ""fitness_mode"": ""count"", ""floor"": 0.1, ""jitter"": 0, ""motif_length"": 5, ""mutation_rate"": 0.001, ""n_cells"": 80, ""n_gens"": 150, ""n_metabolites"": 4, ""n_segments"": 4, ""n_seqs"": 8, ""p"": 1.0, ""penalty"": 0.5, ""penalty_ratio"": 0.25, ""reward"": 2.0, ""segment_order"": ""native"", ""seq_len"": 60, ""sigma"": 1.62, ""sigma_ratio"": 1.35, ""stride"": 1, ""temperature"": 1.2}",2135366713,0.5487896746243364,0.5776870216157559,0.028897346991419586,4.584689670138887,0.5546218819233815,7.349947916666679,45.79453125,d6f6de409615f89120bb9c9ac79d7193251d6bd0512376c1c01a7aaf8c54f3eb,e29c270a975a8c955a820ab059f8edb335cdd731e8d20bd4f69aa24dcad27212,2.098321516541546e-14,8
A_p5_a3,A,,5,"{""b_ratio"": 1.6666666666666667, ""bias"": 2.0, ""fitness_mode"": ""count"", ""floor"": 0.1, ""jitter"": 0, ""motif_length"": 5, ""mutation_rate"": 0.001, ""n_cells"": 80, ""n_gens"": 150, ""n_metabolites"": 4, ""n_segments"": 4, ""n_seqs"": 8, ""p"": 1.0, ""penalty"": 0.5, ""penalty_ratio"": 0.25, ""reward"": 2.0, ""segment_order"": ""native"", ""seq_len"": 60, ""sigma"": 1.62, ""sigma_ratio"": 1.35, ""stride"": 1, ""temperature"": 1.2}",3448100829,0.507223617912897,0.5368726227069542,0.029649004794057188,7.785473632812503,0.6313886427621638,6.794635416666672,47.85625,3e10fb8949ab9e409c5258e2d6d73404e411ec5dcfdfef468d226f8802a6a6c6,6d34f8f5ec64a220faba96276a632344a8b682436c3f5f3225da51ee13c954d5,1.199040866595169e-14,8
A_p5_a3,A,,6,"{""b_ratio"": 1.6666666666666667, ""bias"": 2.0, ""fitness_mode"": ""count"", ""floor"": 0.1, ""jitter"": 0, ""motif_length"": 5, ""mutation_rate"": 0.001, ""n_cells"": 80, ""n_gens"": 150, ""n_metabolites"": 4, ""n_segments"": 4, ""n_seqs"": 8, ""p"": 1.0, ""penalty"": 0.5, ""penalty_ratio"": 0.25, ""reward"": 2.0, ""segment_order"": ""native"", ""seq_len"": 60, ""sigma"": 1.62, ""sigma_ratio"": 1.35, ""stride"": 1, ""temperature"": 1.2}",2595288595,0.5738975784648273,0.6031786227307274,0.02928104426590018,7.52527669270833,0.4581216731297943,7.612552083333348,48.5546875,7ee286bd8c71bd3cbd2636fb4deadf16d89cdb91e78e1b2bf82b46a227302e6c,9bf0eee81d3db4634308379e2db58a9f48c97d50759c83fae19a2ab8d746a99a,1.7041923427996153e-14,8
A_p5_a3,A,,7,"{""b_ratio"": 1.6666666666666667, ""bias"": 2.0, ""fitness_mode"": ""count"", ""floor"": 0.1, ""jitter"": 0, ""motif_length"": 5, ""mutation_rate"": 0.001, ""n_cells"": 80, ""n_gens"": 150, ""n_metabolites"": 4, ""n_segments"": 4, ""n_seqs"": 8, ""p"": 1.0, ""penalty"": 0.5, ""penalty_ratio"": 0.25, ""reward"": 2.0, ""segment_order"": ""native"", ""seq_len"": 60, ""sigma"": 1.62, ""sigma_ratio"": 1.35, ""stride"": 1, ""temperature"": 1.2}",1066100818,0.5528520116482902,0.5805514324733482,0.027699420825057983,7.484103732638892,1.221185413875025,7.898333333333333,46.88671875,e761fba0bee0913062eb9e249faa7d5b6b0f06a236fd3a2070b698b10d5483b3,85d37c9aa9d90fc401b776e2880ade1e23e5ab952fc702cf51df846d3c0e2c57,1.9595436384634013e-14,8
B1_00,B1,,0,"{""b_ratio"": 1.68712277414399, ""bias"": 2.1013744880694607, ""fitness_mode"": ""count"", ""floor"": 0.1, ""jitter"": 0, ""motif_length"": 5, ""mutation_rate"": 0.003470896799972403, ""n_cells"": 160, ""n_gens"": 150, ""n_metabolites"": 4, ""n_segments"": 8, ""n_seqs"": 8, ""p"": 0.573910396947187, ""penalty"": 0.6550300913562529, ""penalty_ratio"": 0.44077409157262504, ""reward"": 1.4860902759034456, ""segment_order"": ""native"", ""seq_len"": 60, ""sigma"": 0.4675446987949989, ""sigma_ratio"": 0.37537588551958323, ""stride"": 5, ""temperature"": 1.2455373848744666}",952046680,0.022016403078199964,0.7634711773784248,0.7414547743002249,0.014310761909139824,0.009280883309254005,0.024856805881888988,5.303182421944297,f4f714b733a81a14a1ea66abb6075fa020d5f9b4e54dd818ea081cc4745120db,b085b20f828079534cae5a0e8b28b18595ef09357bde02e52e8550e06c39d4e7,3.3306690738754696e-15,8
B1_00,B1,,1,"{""b_ratio"": 1.68712277414399, ""bias"": 2.1013744880694607, ""fitness_mode"": ""count"", ""floor"": 0.1, ""jitter"": 0, ""motif_length"": 5, ""mutation_rate"": 0.003470896799972403, ""n_cells"": 160, ""n_gens"": 150, ""n_metabolites"": 4, ""n_segments"": 8, ""n_seqs"": 8, ""p"": 0.573910396947187, ""penalty"": 0.6550300913562529, ""penalty_ratio"": 0.44077409157262504, ""reward"": 1.4860902759034456, ""segment_order"": ""native"", ""seq_len"": 60, ""sigma"": 0.4675446987949989, ""sigma_ratio"": 0.37537588551958323, ""stride"": 5, ""temperature"": 1.2455373848744666}",3732416698,0.013322671586319057,0.762645487370976,0.749322815784657,0.009343462261185542,0.0174009032084887,0.005995894208407293,5.328356964356984,731a84238fd2859fe5a9731520e127647bf487a2299081fa7d0846d75075d137,317796e059442650a1e33e92e6455209389ed46e1d73e6870feefd20140bc396,2.7755575615628914e-15,8
B1_00,B1,,2,"{""b_ratio"": 1.68712277414399, ""bias"": 2.1013744880694607, ""fitness_mode"": ""count"", ""floor"": 0.1, ""jitter"": 0, ""motif_length"": 5, ""mutation_rate"": 0.003470896799972403, ""n_cells"": 160, ""n_gens"": 150, ""n_metabolites"": 4, ""n_segments"": 8, ""n_seqs"": 8, ""p"": 0.573910396947187, ""penalty"": 0.6550300913562529, ""penalty_ratio"": 0.44077409157262504, ""reward"": 1.4860902759034456, ""segment_order"": ""native"", ""seq_len"": 60, ""sigma"": 0.4675446987949989, ""sigma_ratio"": 0.37537588551958323, ""stride"": 5, ""temperature"": 1.2455373848744666}",1372018685,0.0216251034842323,0.7643488177282497,0.7427237142440174,0.005760510377078254,0.01630809622886304,0.01964664204502231,5.126014999585072,a5daf1b9a87e8fc58b6d33045f01f9e7179290fb967fddaa1e4a093945e3cb82,5a23e0c4784c3c915be799521571b3f6408dd40665f0bdde9179a0983c7f21b1,1.7763568394002505e-15,8
B1_00,B1,,3,"{""b_ratio"": 1.68712277414399, ""bias"": 2.1013744880694607, ""fitness_mode"": ""count"", ""floor"": 0.1, ""jitter"": 0, ""motif_length"": 5, ""mutation_rate"": 0.003470896799972403, ""n_cells"": 160, ""n_gens"": 150, ""n_metabolites"": 4, ""n_segments"": 8, ""n_seqs"": 8, ""p"": 0.573910396947187, ""penalty"": 0.6550300913562529, ""penalty_ratio"": 0.44077409157262504, ""reward"": 1.4860902759034456, ""segment_order"": ""native"", ""seq_len"": 60, ""sigma"": 0.4675446987949989, ""sigma_ratio"": 0.37537588551958323, ""stride"": 5, ""temperature"": 1.2455373848744666}",2334145979,0.036108294688218856,0.7760270352697826,0.7399187405815637,0.010220920902501707,0.007954284097235887,-0.017344679819322195,5.350828687420842,58251dc74063a024fd8fa615d860886b67748214b472b91f8c29a16ffc520427,7251ad459f9daaeed0f124c9b694e32b8fba25c2ff2515d4237836a554b722bb,1.4432899320127035e-15,8
B1_00,B1,,4,"{""b_ratio"": 1.68712277414399, ""bias"": 2.1013744880694607, ""fitness_mode"": ""count"", ""floor"": 0.1, ""jitter"": 0, ""motif_length"": 5, ""mutation_rate"": 0.003470896799972403, ""n_cells"": 160, ""n_gens"": 150, ""n_metabolites"": 4, ""n_segments"": 8, ""n_seqs"": 8, ""p"": 0.573910396947187, ""penalty"": 0.6550300913562529, ""penalty_ratio"": 0.44077409157262504, ""reward"": 1.4860902759034456, ""segment_order"": ""native"", ""seq_len"": 60, ""sigma"": 0.4675446987949989, ""sigma_ratio"": 0.37537588551958323, ""stride"": 5, ""temperature"": 1.2455373848744666}",451772944,0.025771125385592564,0.7777638828675199,0.7519927574819273,0.014922799177248258,0.016828700009635007,0.03552317799661697,5.094469439371823,e3a970abb8c79b76551440cb25d4bb7704a226461b98ace8536814cc89b84648,b57e63fa0bac038cb0af9785c36fa06499b0ec0a146529223a8300ff0567c405,1.9984014443252818e-15,8
B1_00,B1,,5,"{""b_ratio"": 1.68712277414399, ""bias"": 2.1013744880694607, ""fitness_mode"": ""count"", ""floor"": 0.1, ""jitter"": 0, ""motif_length"": 5, ""mutation_rate"": 0.003470896799972403, ""n_cells"": 160, ""n_gens"": 150, ""n_metabolites"": 4, ""n_segments"": 8, ""n_seqs"": 8, ""p"": 0.573910396947187, ""penalty"": 0.6550300913562529, ""penalty_ratio"": 0.44077409157262504, ""reward"": 1.4860902759034456, ""segment_order"": ""native"", ""seq_len"": 60, ""sigma"": 0.4675446987949989, ""sigma_ratio"": 0.37537588551958323, ""stride"": 5, ""temperature"": 1.2455373848744666}",1603948181,0.020469964254787754,0.778092141654594,0.7576221773998062,0.005288029007216366,0.010625550080014801,0.022977150391183088,5.211478671347474,a29eedc3b2e575e873482b20e96e8e43a69987132004a8924f6e388977f4f351,290a83c729058124ab45caec530907e71bdc4c996f2433355ae4a5f96416d6b4,2.9976021664879227e-15,8
B1_00,B1,,6,"{""b_ratio"": 1.68712277414399, ""bias"": 2.1013744880694607, ""fitness_mode"": ""count"", ""floor"": 0.1, ""jitter"": 0, ""motif_length"": 5, ""mutation_rate"": 0.003470896799972403, ""n_cells"": 160, ""n_gens"": 150, ""n_metabolites"": 4, ""n_segments"": 8, ""n_seqs"": 8, ""p"": 0.573910396947187, ""penalty"": 0.6550300913562529, ""penalty_ratio"": 0.44077409157262504, ""reward"": 1.4860902759034456, ""segment_order"": ""native"", ""seq_len"": 60, ""sigma"": 0.4675446987949989, ""sigma_ratio"": 0.37537588551958323, ""stride"": 5, ""temperature"": 1.2455373848744666}",2911279808,0.027789122993522875,0.7858548493029381,0.7580657263094153,0.00997942627808468,0.012910923607029444,-0.0007102666835017146,5.410222556688189,a92b4319bfbe0b48a17600b9d21d7b73fb3fbb82838d14f76ed09a45b353a3c9,81936e35eedee958a90a39962025e819b9778d2e5d03fe4b64283a76affcc4d8,2.886579864025407e-15,8
B1_00,B1,,7,"{""b_ratio"": 1.68712277414399, ""bias"": 2.1013744880694607, ""fitness_mode"": ""count"", ""floor"": 0.1, ""jitter"": 0, ""motif_length"": 5, ""mutation_rate"": 0.003470896799972403, ""n_cells"": 160, ""n_gens"": 150, ""n_metabolites"": 4, ""n_segments"": 8, ""n_seqs"": 8, ""p"": 0.573910396947187, ""penalty"": 0.6550300913562529, ""penalty_ratio"": 0.44077409157262504, ""reward"": 1.4860902759034456, ""segment_order"": ""native"", ""seq_len"": 60, ""sigma"": 0.4675446987949989, ""sigma_ratio"": 0.37537588551958323, ""stride"": 5, ""temperature"": 1.2455373848744666}",1476927788,0.02656603708151284,0.7758074463664951,0.7492414092849823,0.002225039367912851,0.01365263486628371,0.01027571522919235,5.236179823283639,3def9f30cda4144d16b42fca54ed3c91912ca1a4986224843fc2b27b01afd915,450ba0e7c82aeea28afa8c51bff5e7ff32609be02b2d6f1fb32424f6636d20f5,1.7763568394002505e-15,8
B1_01,B1,,0,"{""b_ratio"": 0.6745424283567947, ""bias"": 0.8812646606938667, ""fitness_mode"": ""fraction"", ""floor"": 0.1, ""jitter"": 0, ""motif_length"": 5, ""mutation_rate"": 0.005270512983537687, ""n_cells"": 160, ""n_gens"": 150, ""n_metabolites"": 6, ""n_segments"": 8, ""n_seqs"": 8, ""p"": 0.5266834489032199, ""penalty"": 0.3816602313376986, ""penalty_ratio"": 0.13707136051167254, ""reward"": 2.784390772171534, ""segment_order"": ""native"", ""seq_len"": 60, ""sigma"": 0.23123623692935935, ""sigma_ratio"": 0.17699410828479933, ""stride"": 5, ""temperature"": 1.3064629052921897}",3895527573,0.0046674077476263065,1.3285200299805793,1.323852622232953,0.001556304603755665,0.0013966395818103851,-0.004440677389812464,2.4491176415409495,ef953c513f23676505c5f2ab678819d724bf5d42550b2cd5167646f9a7a85802,122b765cb95bc2b0b004818bd7d38aa1607d78f74141abb0be2d482eeabcbffd,7.216449660063518e-16,8
B1_01,B1,,1,"{""b_ratio"": 0.6745424283567947, ""bias"": 0.8812646606938667, ""fitness_mode"": ""fraction"", ""floor"": 0.1, ""jitter"": 0, ""motif_length"": 5, ""mutation_rate"": 0.005270512983537687, ""n_cells"": 160, ""n_gens"": 150, ""n_metabolites"": 6, ""n_segments"": 8, ""n_seqs"": 8, ""p"": 0.5266834489032199, ""penalty"": 0.3816602313376986, ""penalty_ratio"": 0.13707136051167254, ""reward"": 2.784390772171534, ""segment_order"": ""native"", ""seq_len"": 60, ""sigma"": 0.23123623692935935, ""sigma_ratio"": 0.17699410828479933, ""stride"": 5, ""temperature"": 1.3064629052921897}",1060552627,0.0014016491458406222,1.320742714365348,1.3193410652195074,-0.000348772901627048,0.001441163138814942,-0.0010195569781772384,2.452426491812979,12d0e2940abf1d20d945c2ec2cc35793c27236244e76f4202c43409496924e18,ee1bc14d16450c0735725bb0d4f01e92c1a345d231023917b784c4ea0da519a9,8.326672684688674e-16,8
B1_01,B1,,2,"{""b_ratio"": 0.6745424283567947, ""bias"": 0.8812646606938667, ""fitness_mode"": ""fraction"", ""floor"": 0.1, ""jitter"": 0, ""motif_length"": 5, ""mutation_rate"": 0.005270512983537687, ""n_cells"": 160, ""n_gens"": 150, ""n_metabolites"": 6, ""n_segments"": 8, ""n_seqs"": 8, ""p"": 0.5266834489032199, ""penalty"": 0.3816602313376986, ""penalty_ratio"": 0.13707136051167254, ""reward"": 2.784390772171534, ""segment_order"": ""native"", ""seq_len"": 60, ""sigma"": 0.23123623692935935, ""sigma_ratio"": 0.17699410828479933, ""stride"": 5, ""temperature"": 1.3064629052921897}",1194428875,0.004726485465130992,1.334110242603901,1.32938375713877,-0.0004938247539237883,0.0017870622456343022,0.005474732740582855,2.4357565495357107,5aa5e0a633e231d16ea5f192b5833f37da1f27f5961a4598c18cee5010b9ebe5,4418c27fc2454e6bd45e8631bfb62a71ddf60fc5c3a9f1743d0a27afc612c54d,1.1657341758564144e-15,8
B1_01,B1,,3,"{""b_ratio"": 0.6745424283567947, ""bias"": 0.8812646606938667, ""fitness_mode"": ""fraction"", ""floor"": 0.1, ""jitter"": 0, ""motif_length"": 5, ""mutation_rate"": 0.005270512983537687, ""n_cells"": 160, ""n_gens"": 150, ""n_metabolites"": 6, ""n_segments"": 8, ""n_seqs"": 8, ""p"": 0.5266834489032199, ""penalty"": 0.3816602313376986, ""penalty_ratio"": 0.13707136051167254, ""reward"": 2.784390772171534, ""segment_order"": ""native"", ""seq_len"": 60, ""sigma"": 0.23123623692935935, ""sigma_ratio"": 0.17699410828479933, ""stride"": 5, ""temperature"": 1.3064629052921897}",2651732263,0.007805738870554357,1.3384386328201163,1.330632893949562,-7.162542304867126e-05,0.001577938331929133,0.0005344101977478033,2.4361711569663127,a76f310729ff6c299e4b254207b13920ac60009fc9b1b8df0debef3e1795e2ad,d5a507f5f84496fd97672243956487e5ab6b9f456e38a312145bd3bddc82df76,8.326672684688674e-16,8
B1_01,B1,,4,"{""b_ratio"": 0.6745424283567947, ""bias"": 0.8812646606938667, ""fitness_mode"": ""fraction"", ""floor"": 0.1, ""jitter"": 0, ""motif_length"": 5, ""mutation_rate"": 0.005270512983537687, ""n_cells"": 160, ""n_gens"": 150, ""n_metabolites"": 6, ""n_segments"": 8, ""n_seqs"": 8, ""p"": 0.5266834489032199, ""penalty"": 0.3816602313376986, ""penalty_ratio"": 0.13707136051167254, ""reward"": 2.784390772171534, ""segment_order"": ""native"", ""seq_len"": 60, ""sigma"": 0.23123623692935935, ""sigma_ratio"": 0.17699410828479933, ""stride"": 5, ""temperature"": 1.3064629052921897}",1825240603,0.012269803226321319,1.3382644508267347,1.3259946476004134,6.020909740389602e-05,0.0009312222990531951,0.0034606714169220787,2.4506614869969376,e672b99c2f1011a538e7711d6120bccfb36c5527978b1c5df09135fbbab1f151,1938997f8e61c7cb287e9c8edc549f63942d06afdad0da81ffdcf14460cc1ea6,8.881784197001252e-16,8
B1_01,B1,,5,"{""b_ratio"": 0.6745424283567947, ""bias"": 0.8812646606938667, ""fitness_mode"": ""fraction"", ""floor"": 0.1, ""jitter"": 0, ""motif_length"": 5, ""mutation_rate"": 0.005270512983537687, ""n_cells"": 160, ""n_gens"": 150, ""n_metabolites"": 6, ""n_segments"": 8, ""n_seqs"": 8, ""p"": 0.5266834489032199, ""penalty"": 0.3816602313376986, ""penalty_ratio"": 0.13707136051167254, ""reward"": 2.784390772171534, ""segment_order"": ""native"", ""seq_len"": 60, ""sigma"": 0.23123623692935935, ""sigma_ratio"": 0.17699410828479933, ""stride"": 5, ""temperature"": 1.3064629052921897}",2408890285,0.0076430723947777945,1.303952770493578,1.2963096980988003,0.001159866142091237,0.0014985265525065375,-0.003015363387029346,2.44954641620867,cf7f97e31b08f26346a8b5e702c1fef2c30c98e440a654bcd26dded7df745808,f1eddeb951abca56b148319c9c5ef91f5e6421686bb0bdcb8aa2504edc6beaa8,2.1094237467877974e-15,8
B1_01,B1,,6,"{""b_ratio"": 0.6745424283567947, ""bias"": 0.8812646606938667, ""fitness_mode"": ""fraction"", ""floor"": 0.1, ""jitter"": 0, ""motif_length"": 5, ""mutation_rate"": 0.005270512983537687, ""n_cells"": 160, ""n_gens"": 150, ""n_metabolites"": 6, ""n_segments"": 8, ""n_seqs"": 8, ""p"": 0.5266834489032199, ""penalty"": 0.3816602313376986, ""penalty_ratio"": 0.13707136051167254, ""reward"": 2.784390772171534, ""segment_order"": ""native"", ""seq_len"": 60, ""sigma"": 0.23123623692935935, ""sigma_ratio"": 0.17699410828479933, ""stride"": 5, ""temperature"": 1.3064629052921897}",3356990156,0.009695953667648638,1.3232257071846854,1.3135297535170367,0.00036170380208921937,0.0009405624422124342,-0.0069592920045735696,2.452771490981702,2bbf3f32271a3e2927ec47a683df10dd93ff5713c9b1272fcb4efe3186ea2b85,080beeaca4dcc880752b9518b1f188122672dab9bf835025f938a8e0cea35427,9.992007221626409e-16,8
B1_01,B1,,7,"{""b_ratio"": 0.6745424283567947, ""bias"": 0.8812646606938667, ""fitness_mode"": ""fraction"", ""floor"": 0.1, ""jitter"": 0, ""motif_length"": 5, ""mutation_rate"": 0.005270512983537687, ""n_cells"": 160, ""n_gens"": 150, ""n_metabolites"": 6, ""n_segments"": 8, ""n_seqs"": 8, ""p"": 0.5266834489032199, ""penalty"": 0.3816602313376986, ""penalty_ratio"": 0.13707136051167254, ""reward"": 2.784390772171534, ""segment_order"": ""native"", ""seq_len"": 60, ""sigma"": 0.23123623692935935, ""sigma_ratio"": 0.17699410828479933, ""stride"": 5, ""temperature"": 1.3064629052921897}",989437942,0.01869262864353982,1.3382706141497678,1.319577985506228,0.0003215936773545147,0.0018239672471289602,-0.0010267243028918571,2.433519021971125,feec24c69fd8e3f2875827c56185663d2331489854cd05e2fc0129b6b5a0ae3e,128964bac9328c768b6bd2be74e1be456156f053bb6cd8c1986327d5cbaeffc7,5.551115123125783e-16,8
B1_02,B1,,0,"{""b_ratio"": 1.8100040299287956, ""bias"": 2.663293082126484, ""fitness_mode"": ""count"", ""floor"": 1, ""jitter"": 0, ""motif_length"": 4, ""mutation_rate"": 0.002088820851955816, ""n_cells"": 40, ""n_gens"": 150, ""n_metabolites"": 3, ""n_segments"": 2, ""n_seqs"": 8, ""p"": 0.6769555038173478, ""penalty"": 0.36989230229557657, ""penalty_ratio"": 0.36222571409895454, ""reward"": 1.021165223500747, ""segment_order"": ""native"", ""seq_len"": 60, ""sigma"": 1.3179711001009793, ""sigma_ratio"": 0.8957080309793586, ""stride"": 1, ""temperature"": 1.47142936595078}",3432306011,0.2186447821047554,0.2608488777663641,0.04220409566160872,-0.07814802377577945,0.08298038152492465,-0.27617934562646873,10.633847826415604,e450934fefa832cbda2a81ec924856f29128cc8800a1881fba5da4484bc75fce,860b100331d56670005661359af0b21651607b88b2366d5180ed1ab377fd6737,7.105427357601002e-15,8
B1_02,B1,,1,"{""b_ratio"": 1.8100040299287956, ""bias"": 2.663293082126484, ""fitness_mode"": ""count"", ""floor"": 1, ""jitter"": 0, ""motif_length"": 4, ""mutation_rate"": 0.002088820851955816, ""n_cells"": 40, ""n_gens"": 150, ""n_metabolites"": 3, ""n_segments"": 2, ""n_seqs"": 8, ""p"": 0.6769555038173478, ""penalty"": 0.36989230229557657, ""penalty_ratio"": 0.36222571409895454, ""reward"": 1.021165223500747, ""segment_order"": ""native"", ""seq_len"": 60, ""sigma"": 1.3179711001009793, ""sigma_ratio"": 0.8957080309793586, ""stride"": 1, ""temperature"": 1.47142936595078}",3914298595,0.2200083358780937,0.2621675615637731,0.042159225685679355,-0.06733537509953358,0.09096604425467626,-0.07341907500703826,10.57598213137606,b399224693ef1895005c502dd07b41af7b1a9e3ede4886d2e0a7040ea2e451ac,8ca3a5840a58d7b8f78bcfdbc8675f230453a65cc92a176f9e0e494e7f0bab09,4.884981308350689e-15,8
B1_02,B1,,2,"{""b_ratio"": 1.8100040299287956, ""bias"": 2.663293082126484, ""fitness_mode"": ""count"", ""floor"": 1, ""jitter"": 0, ""motif_length"": 4, ""mutation_rate"": 0.002088820851955816, ""n_cells"": 40, ""n_gens"": 150, ""n_metabolites"": 3, ""n_segments"": 2, ""n_seqs"": 8, ""p"": 0.6769555038173478, ""penalty"": 0.36989230229557657, ""penalty_ratio"": 0.36222571409895454, ""reward"": 1.021165223500747, ""segment_order"": ""native"", ""seq_len"": 60, ""sigma"": 1.3179711001009793, ""sigma_ratio"": 0.8957080309793586, ""stride"": 1, ""temperature"": 1.47142936595078}",2828257947,0.2129366565996739,0.25486874460441916,0.04193208800474527,-0.07441599102732899,0.04725780871893106,0.0456395232852298,10.632316279155653,ff3e62ecb88bc60d6aef311d06586e250c33164c3c858beac7fb9796a2df2474,2e7233bcf7280c4049e0258e59629c5e9e03c70dc1174945afbcfe33706c4dbe,8.548717289613705e-15,8
B1_02,B1,,3,"{""b_ratio"": 1.8100040299287956, ""bias"": 2.663293082126484, ""fitness_mode"": ""count"", ""floor"": 1, ""jitter"": 0, ""motif_length"": 4, ""mutation_rate"": 0.002088820851955816, ""n_cells"": 40, ""n_gens"": 150, ""n_metabolites"": 3, ""n_segments"": 2, ""n_seqs"": 8, ""p"": 0.6769555038173478, ""penalty"": 0.36989230229557657, ""penalty_ratio"": 0.36222571409895454, ""reward"": 1.021165223500747, ""segment_order"": ""native"", ""seq_len"": 60, ""sigma"": 1.3179711001009793, ""sigma_ratio"": 0.8957080309793586, ""stride"": 1, ""temperature"": 1.47142936595078}",294158690,0.21202440924697846,0.2540774946247087,0.04205308537773021,-0.119810910835906,0.08160819939834439,0.09879401813382138,10.187129051941053,6ac100ce0bffb6ffd49a5c3b5885ccf034455405267cb64480577f1116f9d165,5e1a52aca585bbe6f840190e5a9547880348d3fdf2376b5aca70a9720aeaad6b,5.773159728050814e-15,8
B1_02,B1,,4,"{""b_ratio"": 1.8100040299287956, ""bias"": 2.663293082126484, ""fitness_mode"": ""count"", ""floor"": 1, ""jitter"": 0, ""motif_length"": 4, ""mutation_rate"": 0.002088820851955816, ""n_cells"": 40, ""n_gens"": 150, ""n_metabolites"": 3, ""n_segments"": 2, ""n_seqs"": 8, ""p"": 0.6769555038173478, ""penalty"": 0.36989230229557657, ""penalty_ratio"": 0.36222571409895454, ""reward"": 1.021165223500747, ""segment_order"": ""native"", ""seq_len"": 60, ""sigma"": 1.3179711001009793, ""sigma_ratio"": 0.8957080309793586, ""stride"": 1, ""temperature"": 1.47142936595078}",4182141176,0.21490445376935705,0.2566383779344995,0.04173392416514246,-0.04995136424721469,0.13104390542821054,0.03984486802696274,11.038202449251347,a2ea168ee500caea2c5ec385d3e655abb7330d185f334b4c2515e37ff2e25547,d57d01b835da74e1f279030ed1b87bf56f47cc1d856d9d3c9fad60bb282979a1,1.099120794378905e-14,8
B1_02,B1,,5,"{""b_ratio"": 1.8100040299287956, ""bias"": 2.663293082126484, ""fitness_mode"": ""count"", ""floor"": 1, ""jitter"": 0, ""motif_length"": 4, ""mutation_rate"": 0.002088820851955816, ""n_cells"": 40, ""n_gens"": 150, ""n_metabolites"": 3, ""n_segments"": 2, ""n_seqs"": 8, ""p"": 0.6769555038173478, ""penalty"": 0.36989230229557657, ""penalty_ratio"": 0.36222571409895454, ""reward"": 1.021165223500747, ""segment_order"": ""native"", ""seq_len"": 60, ""sigma"": 1.3179711001009793, ""sigma_ratio"": 0.8957080309793586, ""stride"": 1, ""temperature"": 1.47142936595078}",2053841082,0.22753608606540066,0.269388011804899,0.04185192573949836,-0.03340636001006936,0.11388837655995086,0.06572765852137685,10.72762536764122,0620e3ae3b2416d4b329ce83a4df9f3ad06376410366a12b6fdefd5412bdcd8b,35ae71515e19ee750391ebb820d09b4836dfd76a86a9063296f45b4052d5d326,1.1435297153639112e-14,8
B1_02,B1,,6,"{""b_ratio"": 1.8100040299287956, ""bias"": 2.663293082126484, ""fitness_mode"": ""count"", ""floor"": 1, ""jitter"": 0, ""motif_length"": 4, ""mutation_rate"": 0.002088820851955816, ""n_cells"": 40, ""n_gens"": 150, ""n_metabolites"": 3, ""n_segments"": 2, ""n_seqs"": 8, ""p"": 0.6769555038173478, ""penalty"": 0.36989230229557657, ""penalty_ratio"": 0.36222571409895454, ""reward"": 1.021165223500747, ""segment_order"": ""native"", ""seq_len"": 60, ""sigma"": 1.3179711001009793, ""sigma_ratio"": 0.8957080309793586, ""stride"": 1, ""temperature"": 1.47142936595078}",2584298441,0.2148947172003272,0.25705138413722484,0.04215666693689761,-0.07728287924583999,0.10242819275872839,-0.030498707740086672,10.018679806623439,b0c6bf9ba00f758aad21ee2f6998c61a4d947cd692a28474faf26fa4920e9f0f,b879dd03177e0317653470c32a98760d3573728339cb68d5f3164df726ae0069,7.771561172376096e-15,8
B1_02,B1,,7,"{""b_ratio"": 1.8100040299287956, ""bias"": 2.663293082126484, ""fitness_mode"": ""count"", ""floor"": 1, ""jitter"": 0, ""motif_length"": 4, ""mutation_rate"": 0.002088820851955816, ""n_cells"": 40, ""n_gens"": 150, ""n_metabolites"": 3, ""n_segments"": 2, ""n_seqs"": 8, ""p"": 0.6769555038173478, ""penalty"": 0.36989230229557657, ""penalty_ratio"": 0.36222571409895454, ""reward"": 1.021165223500747, ""segment_order"": ""native"", ""seq_len"": 60, ""sigma"": 1.3179711001009793, ""sigma_ratio"": 0.8957080309793586, ""stride"": 1, ""temperature"": 1.47142936595078}",2654311583,0.21816925508543378,0.2599116096994483,0.04174235461401453,-0.03230359575290964,0.09257593414635255,-0.1022616927997344,10.639420817434253,7f211cc7207903153f13dd8f4761d19a2f0db8ec783707ae163f681fe70d9a0e,2d961cfc42a1903b4ae53b22a6dd50f8019c28bf547a2bc5a456b4a3708de0d6,8.881784197001252e-15,8
B1_03,B1,,0,"{""b_ratio"": 0.8049187981065451, ""bias"": 1.2317138322537402, ""fitness_mode"": ""fraction"", ""floor"": 0.1, ""jitter"": 0, ""motif_length"": 6, ""mutation_rate"": 0.0098447672782584, ""n_cells"": 40, ""n_gens"": 150, ""n_metabolites"": 3, ""n_segments"": 4, ""n_seqs"": 8, ""p"": 0.9221890529423158, ""penalty"": 0.6854429286764818, ""penalty_ratio"": 0.2583020155205691, ""reward"": 2.6536491683778545, ""segment_order"": ""native"", ""seq_len"": 60, ""sigma"": 0.48270847968843666, ""sigma_ratio"": 0.31544756511804145, ""stride"": 1, ""temperature"": 1.5302336523276243}",740591864,0.030736856970470072,0.4401632152359049,0.40942635826543483,0.0007408975309217414,0.0033530211124871007,-0.000818912095426727,1.811689530866909,e44b04363e6c04a88e0b5f54a486b05ce7e0a2045c43fe393556e25603c31c56,1d7f734122a93bde73c4569e654ba047fcc1b6885d7cd5e7a20ed2fc7d10d2e5,4.3298697960381105e-15,8
B1_03,B1,,1,"{""b_ratio"": 0.8049187981065451, ""bias"": 1.2317138322537402, ""fitness_mode"": ""fraction"", ""floor"": 0.1, ""jitter"": 0, ""motif_length"": 6, ""mutation_rate"": 0.0098447672782584, ""n_cells"": 40, ""n_gens"": 150, ""n_metabolites"": 3, ""n_segments"": 4, ""n_seqs"": 8, ""p"": 0.9221890529423158, ""penalty"": 0.6854429286764818, ""penalty_ratio"": 0.2583020155205691, ""reward"": 2.6536491683778545, ""segment_order"": ""native"", ""seq_len"": 60, ""sigma"": 0.48270847968843666, ""sigma_ratio"": 0.31544756511804145, ""stride"": 1, ""temperature"": 1.5302336523276243}",1726677649,0.03324731137198206,0.4917116290911976,0.45846431771921553,0.0018474665939991752,0.002471998883437404,-0.0015870342371011592,1.796145760673242,1e18b5d05e34c29197999197e19561ad28f2e39d325ecb4067046b5be8c87bdc,e38727c5e82e75ee119d4cdbd3d19ce96440615282cb3c202c546e98ef0dd181,3.552713678800501e-15,8
B1_03,B1,,2,"{""b_ratio"": 0.8049187981065451, ""bias"": 1.2317138322537402, ""fitness_mode"": ""fraction"", ""floor"": 0.1, ""jitter"": 0, ""motif_length"": 6, ""mutation_rate"": 0.0098447672782584, ""n_cells"": 40, ""n_gens"": 150, ""n_metabolites"": 3, ""n_segments"": 4, ""n_seqs"": 8, ""p"": 0.9221890529423158, ""penalty"": 0.6854429286764818, ""penalty_ratio"": 0.2583020155205691, ""reward"": 2.6536491683778545, ""segment_order"": ""native"", ""seq_len"": 60, ""sigma"": 0.48270847968843666, ""sigma_ratio"": 0.31544756511804145, ""stride"": 1, ""temperature"": 1.5302336523276243}",1125112422,0.026574768077664124,0.46544815610721435,0.4388733880295502,0.0012392528124625934,0.003137380565142981,-0.007505206485352467,1.8094307824843476,67d15d55ff8847dbfbff68237bc0f6f883e6809aa5590f0497545232b0dbef28,d3a2a2eb0ae1f4a4f1b3d3828afdbcbb8a3877f3a002244dd118b4dae2a37e8a,5.218048215738236e-15,8
B1_03,B1,,3,"{""b_ratio"": 0.8049187981065451, ""bias"": 1.2317138322537402, ""fitness_mode"": ""fraction"", ""floor"": 0.1, ""jitter"": 0, ""motif_length"": 6, ""mutation_rate"": 0.0098447672782584, ""n_cells"": 40, ""n_gens"": 150, ""n_metabolites"": 3, ""n_segments"": 4, ""n_seqs"": 8, ""p"": 0.9221890529423158, ""penalty"": 0.6854429286764818, ""penalty_ratio"": 0.2583020155205691, ""reward"": 2.6536491683778545, ""segment_order"": ""native"", ""seq_len"": 60, ""sigma"": 0.48270847968843666, ""sigma_ratio"": 0.31544756511804145, ""stride"": 1, ""temperature"": 1.5302336523276243}",1435335074,0.04156054360438605,0.4412840147720881,0.39972347116770207,0.00164931684524533,0.004338578742663121,-0.002280844653158587,1.7875578788378246,1cc4a7f6759b23049d173fb7a80cc658431be60ea335b1a16f7f97acf273a7a2,db238fb7a602e256f264c38f410c033570035356e0371b3ee2991cffe2471bb0,3.9968028886505635e-15,8
B1_03,B1,,4,"{""b_ratio"": 0.8049187981065451, ""bias"": 1.2317138322537402, ""fitness_mode"": ""fraction"", ""floor"": 0.1, ""jitter"": 0, ""motif_length"": 6, ""mutation_rate"": 0.0098447672782584, ""n_cells"": 40, ""n_gens"": 150, ""n_metabolites"": 3, ""n_segments"": 4, ""n_seqs"": 8, ""p"": 0.9221890529423158, ""penalty"": 0.6854429286764818, ""penalty_ratio"": 0.2583020155205691, ""reward"": 2.6536491683778545, ""segment_order"": ""native"", ""seq_len"": 60, ""sigma"": 0.48270847968843666, ""sigma_ratio"": 0.31544756511804145, ""stride"": 1, ""temperature"": 1.5302336523276243}",4256276819,0.03242725870614532,0.4430359129363356,0.4106086542301903,-0.000264522989082,0.002566159680308307,-0.007455868699207668,1.8017478533002151,25dbd88f306e4bdb1af986d6481d386745e64636a4ecf80685331df792983a47,9542ebe6b92719d1fbf950888234f5ddfe3d61f43c8ddf9cc5197104be938b0b,5.440092820663267e-15,8
B1_03,B1,,5,"{""b_ratio"": 0.8049187981065451, ""bias"": 1.2317138322537402, ""fitness_mode"": ""fraction"", ""floor"": 0.1, ""jitter"": 0, ""motif_length"": 6, ""mutation_rate"": 0.0098447672782584, ""n_cells"": 40, ""n_gens"": 150, ""n_metabolites"": 3, ""n_segments"": 4, ""n_seqs"": 8, ""p"": 0.9221890529423158, ""penalty"": 0.6854429286764818, ""penalty_ratio"": 0.2583020155205691, ""reward"": 2.6536491683778545, ""segment_order"": ""native"", ""seq_len"": 60, ""sigma"": 0.48270847968843666, ""sigma_ratio"": 0.31544756511804145, ""stride"": 1, ""temperature"": 1.5302336523276243}",3340623461,0.037455363212853365,0.5103676673971331,0.47291230418427976,9.979126155440499e-05,0.0031956293474362752,-0.0006328195189988506,1.7938870122906807,8e411fefb35a32d2e0457a08bae4cde33bd75d0755155df5860ce1d9f842a6b3,8009ad6b78da9edbf77264ede73b429ded58179d630192475c1d2b75a9c1d280,2.3314683517128287e-15,8
B1_03,B1,,6,"{""b_ratio"": 0.8049187981065451, ""bias"": 1.2317138322537402, ""fitness_mode"": ""fraction"", ""floor"": 0.1, ""jitter"": 0, ""motif_length"": 6, ""mutation_rate"": 0.0098447672782584, ""n_cells"": 40, ""n_gens"": 150, ""n_metabolites"": 3, ""n_segments"": 4, ""n_seqs"": 8, ""p"": 0.9221890529423158, ""penalty"": 0.6854429286764818, ""penalty_ratio"": 0.2583020155205691, ""reward"": 2.6536491683778545, ""segment_order"": ""native"", ""seq_len"": 60, ""sigma"": 0.48270847968843666, ""sigma_ratio"": 0.31544756511804145, ""stride"": 1, ""temperature"": 1.5302336523276243}",2137397392,0.025359485408351756,0.4342384474079356,0.40887896199958385,0.0022705493363885387,0.0017341573346696187,0.004890099634650147,1.7978979089156368,f3e098480f8578daea422cf52ec6c2a1d527a7cdc8583022c7d265294e845d84,278069081bdc1422f1090c78a6fea7c7ce34415d2a489a04a8db56f859dda35f,2.3314683517128287e-15,8
B1_03,B1,,7,"{""b_ratio"": 0.8049187981065451, ""bias"": 1.2317138322537402, ""fitness_mode"": ""fraction"", ""floor"": 0.1, ""jitter"": 0, ""motif_length"": 6, ""mutation_rate"": 0.0098447672782584, ""n_cells"": 40, ""n_gens"": 150, ""n_metabolites"": 3, ""n_segments"": 4, ""n_seqs"": 8, ""p"": 0.9221890529423158, ""penalty"": 0.6854429286764818, ""penalty_ratio"": 0.2583020155205691, ""reward"": 2.6536491683778545, ""segment_order"": ""native"", ""seq_len"": 60, ""sigma"": 0.48270847968843666, ""sigma_ratio"": 0.31544756511804145, ""stride"": 1, ""temperature"": 1.5302336523276243}",785267594,0.025452481014834882,0.44752557548243854,0.42207309446760366,0.0005242031486050736,0.0036639657428284966,0.007027825298097978,1.8157111803712673,f66e25862e24c7af8e85afc57606ef0e6a4222e526502fed8820b500586389d7,f1c7bbac05162145fd9b0c98940ed4edb691bdfe534a2f6600a9982c618c70b5,2.3314683517128287e-15,8
B1_04,B1,,0,"{""b_ratio"": 0.3486786964402718, ""bias"": 0.5672750572311464, ""fitness_mode"": ""count"", ""floor"": 1, ""jitter"": 0, ""motif_length"": 4, ""mutation_rate"": 0.0004548484908839134, ""n_cells"": 160, ""n_gens"": 150, ""n_metabolites"": 4, ""n_segments"": 4, ""n_seqs"": 8, ""p"": 0.4132892346669069, ""penalty"": 0.6261642305438038, ""penalty_ratio"": 0.32566790330503453, ""reward"": 1.9227078388419245, ""segment_order"": ""native"", ""seq_len"": 60, ""sigma"": 1.0698950358755535, ""sigma_ratio"": 0.6576167974982903, ""stride"": 5, ""temperature"": 1.6269277791346792}",1608045343,0.20622565931797662,0.3641538444073306,0.157928185089354,-0.0014389311792368797,0.02843282739757969,0.006268957340649806,8.659228031518442,f92451cd93d087eddc497ef49192f09c5ec1cfe6de0a3ad2287a867112a709e3,2695d6ec18cf5c3fff4a431d6f98b0ec41fcb78712f2066b9b70f76a7ebe8b28,3.608224830031759e-15,8
B1_04,B1,,1,"{""b_ratio"": 0.3486786964402718, ""bias"": 0.5672750572311464, ""fitness_mode"": ""count"", ""floor"": 1, ""jitter"": 0, ""motif_length"": 4, ""mutation_rate"": 0.0004548484908839134, ""n_cells"": 160, ""n_gens"": 150, ""n_metabolites"": 4, ""n_segments"": 4, ""n_seqs"": 8, ""p"": 0.4132892346669069, ""penalty"": 0.6261642305438038, ""penalty_ratio"": 0.32566790330503453, ""reward"": 1.9227078388419245, ""segment_order"": ""native"", ""seq_len"": 60, ""sigma"": 1.0698950358755535, ""sigma_ratio"": 0.6576167974982903, ""stride"": 5, ""temperature"": 1.6269277791346792}",1614931625,0.21883218088394513,0.37692894523751475,0.15809676435356962,0.00801429880290594,0.015294762029895288,-0.0066906537424547,8.874985561680525,bd5fde885998fad69e19c36d5e7eb7aea5b8c86f795104ca2a85e6c2617c3aff,148ebb72a207ee5b9583c86505d9ee43144b912c6cbbe43542b7e11452bf6550,2.609024107869118e-15,8
B1_04,B1,,2,"{""b_ratio"": 0.3486786964402718, ""bias"": 0.5672750572311464, ""fitness_mode"": ""count"", ""floor"": 1, ""jitter"": 0, ""motif_length"": 4, ""mutation_rate"": 0.0004548484908839134, ""n_cells"": 160, ""n_gens"": 150, ""n_metabolites"": 4, ""n_segments"": 4, ""n_seqs"": 8, ""p"": 0.4132892346669069, ""penalty"": 0.6261642305438038, ""penalty_ratio"": 0.32566790330503453, ""reward"": 1.9227078388419245, ""segment_order"": ""native"", ""seq_len"": 60, ""sigma"": 1.0698950358755535, ""sigma_ratio"": 0.6576167974982903, ""stride"": 5, ""temperature"": 1.6269277791346792}",2065429076,0.21827971843214147,0.37711715046093053,0.15883743202878906,0.00574678200245593,0.021810544687459153,0.06806757375689365,8.859751560554525,606a93d99645b22af9b64d273680b5f4106d680b2db43152fd10a683b5b13070,79d437974799df14c40cd84ed8b8c581e8d7347fa3fe8ac953f5efac7f528394,2.609024107869118e-15,8
B1_04,B1,,3,"{""b_ratio"": 0.3486786964402718, ""bias"": 0.5672750572311464, ""fitness_mode"": ""count"", ""floor"": 1, ""jitter"": 0, ""motif_length"": 4, ""mutation_rate"": 0.0004548484908839134, ""n_cells"": 160, ""n_gens"": 150, ""n_metabolites"": 4, ""n_segments"": 4, ""n_seqs"": 8, ""p"": 0.4132892346669069, ""penalty"": 0.6261642305438038, ""penalty_ratio"": 0.32566790330503453, ""reward"": 1.9227078388419245, ""segment_order"": ""native"", ""seq_len"": 60, ""sigma"": 1.0698950358755535, ""sigma_ratio"": 0.6576167974982903, ""stride"": 5, ""temperature"": 1.6269277791346792}",4048040962,0.20676873923019606,0.36410541805173213,0.15733667882153607,0.01091685140030374,0.02644074689970177,0.03868234409034699,8.78409309625963,82c119cdacc907b21d32182ee49d21da349fc84717f0f9e0ef2c4be3cca1e70d,50deaed5c109baf93ce9245045b173f8a6050ac2d7dee2c2312f6f9ee04b9b99,3.3306690738754696e-15,8
B1_04,B1,,4,"{""b_ratio"": 0.3486786964402718, ""bias"": 0.5672750572311464, ""fitness_mode"": ""count"", ""floor"": 1, ""jitter"": 0, ""motif_length"": 4, ""mutation_rate"": 0.0004548484908839134, ""n_cells"": 160, ""n_gens"": 150, ""n_metabolites"": 4, ""n_segments"": 4, ""n_seqs"": 8, ""p"": 0.4132892346669069, ""penalty"": 0.6261642305438038, ""penalty_ratio"": 0.32566790330503453, ""reward"": 1.9227078388419245, ""segment_order"": ""native"", ""seq_len"": 60, ""sigma"": 1.0698950358755535, ""sigma_ratio"": 0.6576167974982903, ""stride"": 5, ""temperature"": 1.6269277791346792}",655874305,0.21288989940203779,0.3710251111208658,0.158135211718828,0.008029499604814694,0.024315350272516655,0.04981442357898658,8.812311227723622,1a92a97780d15b3ccf2adb78867d8dc2dfd42a8c3011d63e0d9eb6d65722c182,1a7e003a5a0a472642386cd55ccfe640357ab649831dc7495faff34709128d6f,2.4980018054066022e-15,8
B1_04,B1,,5,"{""b_ratio"": 0.3486786964402718, ""bias"": 0.5672750572311464, ""fitness_mode"": ""count"", ""floor"": 1, ""jitter"": 0, ""motif_length"": 4, ""mutation_rate"": 0.0004548484908839134, ""n_cells"": 160, ""n_gens"": 150, ""n_metabolites"": 4, ""n_segments"": 4, ""n_seqs"": 8, ""p"": 0.4132892346669069, ""penalty"": 0.6261642305438038, ""penalty_ratio"": 0.32566790330503453, ""reward"": 1.9227078388419245, ""segment_order"": ""native"", ""seq_len"": 60, ""sigma"": 1.0698950358755535, ""sigma_ratio"": 0.6576167974982903, ""stride"": 5, ""temperature"": 1.6269277791346792}",1239332983,0.21528493754056086,0.37198220498991963,0.15669726744935877,-0.000732332835277516,0.030744084672779864,-0.03501263412471367,9.055710832190801,fa2dec90875c4b06b3e3b895a23455af5f121f862bc4e27ec5740807a5ffe1fd,3d6dd1e1a645493811fd09e089bf4826fcf6ce9e9ec535ebafd9119210c784f2,2.9976021664879227e-15,8
B1_04,B1,,6,"{""b_ratio"": 0.3486786964402718, ""bias"": 0.5672750572311464, ""fitness_mode"": ""count"", ""floor"": 1, ""jitter"": 0, ""motif_length"": 4, ""mutation_rate"": 0.0004548484908839134, ""n_cells"": 160, ""n_gens"": 150, ""n_metabolites"": 4, ""n_segments"": 4, ""n_seqs"": 8, ""p"": 0.4132892346669069, ""penalty"": 0.6261642305438038, ""penalty_ratio"": 0.32566790330503453, ""reward"": 1.9227078388419245, ""segment_order"": ""native"", ""seq_len"": 60, ""sigma"": 1.0698950358755535, ""sigma_ratio"": 0.6576167974982903, ""stride"": 5, ""temperature"": 1.6269277791346792}",821680973,0.21033720920550786,0.36868439983620405,0.1583471906306962,0.0028986580127143835,0.01974844757350152,0.0013319570262222413,8.966792910176624,6dcfca57e0893b3a44e09bddc92f5e59333e6943d9a8022dbe78b1c38107b8e4,ea99ed3361fda5ba741a5607d2ef990a8c4d19efa846b7e91acef2b6e1c82b1d,3.219646771412954e-15,8
B1_04,B1,,7,"{""b_ratio"": 0.3486786964402718, ""bias"": 0.5672750572311464, ""fitness_mode"": ""count"", ""floor"": 1, ""jitter"": 0, ""motif_length"": 4, ""mutation_rate"": 0.0004548484908839134, ""n_cells"": 160, ""n_gens"": 150, ""n_metabolites"": 4, ""n_segments"": 4, ""n_seqs"": 8, ""p"": 0.4132892346669069, ""penalty"": 0.6261642305438038, ""penalty_ratio"": 0.32566790330503453, ""reward"": 1.9227078388419245, ""segment_order"": ""native"", ""seq_len"": 60, ""sigma"": 1.0698950358755535, ""sigma_ratio"": 0.6576167974982903, ""stride"": 5, ""temperature"": 1.6269277791346792}",219773663,0.21504235836854163,0.3734536149292708,0.15841125656072919,0.01118814256451972,0.027093422084325764,0.024037268384276445,8.688257416806364,8d93e0e3036feda5c63d7de94537acab19dc800564dbfa7120ea461fa895fc63,8e8545a20f059652e6b3d8da032f46fa54be46787a704f4b157df57fddccf546,2.1094237467877974e-15,8
B1_05,B1,,0,"{""b_ratio"": 0.1093673333098307, ""bias"": 0.17457948265469816, ""fitness_mode"": ""fraction"", ""floor"": 0.1, ""jitter"": 0, ""motif_length"": 6, ""mutation_rate"": 0.0005713501507091968, ""n_cells"": 80, ""n_gens"": 150, ""n_metabolites"": 4, ""n_segments"": 8, ""n_seqs"": 8, ""p"": 0.8472310620440695, ""penalty"": 0.1913976042282789, ""penalty_ratio"": 0.15585300338192654, ""reward"": 1.2280649077980763, ""segment_order"": ""native"", ""seq_len"": 60, ""sigma"": 1.5481866023906559, ""sigma_ratio"": 0.9698793786917923, ""stride"": 5, ""temperature"": 1.5962671610555375}",3280229150,0.2750156079503341,1.0367021092532245,0.7616865013028904,0.001438208090328713,0.002893815142361931,-0.0005169217929998915,1.5553663537101095,cfdd04ccd2bdb8c449c34b5dc9cc92b7d02debcbd53f220cea8c1129e4ae88cf,f786a611e368a6f43c7f1565064fb313cd7c5d021595caf4c2d2043365536783,1.1934897514720433e-15,8
B1_05,B1,,1,"{""b_ratio"": 0.1093673333098307, ""bias"": 0.17457948265469816, ""fitness_mode"": ""fraction"", ""floor"": 0.1, ""jitter"": 0, ""motif_length"": 6, ""mutation_rate"": 0.0005713501507091968, ""n_cells"": 80, ""n_gens"": 150, ""n_metabolites"": 4, ""n_segments"": 8, ""n_seqs"": 8, ""p"": 0.8472310620440695, ""penalty"": 0.1913976042282789, ""penalty_ratio"": 0.15585300338192654, ""reward"": 1.2280649077980763, ""segment_order"": ""native"", ""seq_len"": 60, ""sigma"": 1.5481866023906559, ""sigma_ratio"": 0.9698793786917923, ""stride"": 5, ""temperature"": 1.5962671610555375}",843150506,0.24420081808970573,0.9670905727804031,0.7228897546906974,0.0027160635874286243,0.001709410906799473,0.002522847063218814,1.54669173497544,2ac88d0ab362813ba1bbdd0e5dcb3b637f27e03ba33f41b329aa2451b91d78c3,bf842ed53bc6983215f6586609df5f844a1fe320795a7e6958440dd3c959cefd,1.2212453270876722e-15,8
B1_05,B1,,2,"{""b_ratio"": 0.1093673333098307, ""bias"": 0.17457948265469816, ""fitness_mode"": ""fraction"", ""floor"": 0.1, ""jitter"": 0, ""motif_length"": 6, ""mutation_rate"": 0.0005713501507091968, ""n_cells"": 80, ""n_gens"": 150, ""n_metabolites"": 4, ""n_segments"": 8, ""n_seqs"": 8, ""p"": 0.8472310620440695, ""penalty"": 0.1913976042282789, ""penalty_ratio"": 0.15585300338192654, ""reward"": 1.2280649077980763, ""segment_order"": ""native"", ""seq_len"": 60, ""sigma"": 1.5481866023906559, ""sigma_ratio"": 0.9698793786917923, ""stride"": 5, ""temperature"": 1.5962671610555375}",2829387375,0.23775239550709026,1.0371240371553803,0.79937164164829,0.0013933164878041915,0.003654628892528406,-0.0007681877955081351,1.5434022193765167,5ffd38e01d2c3622f247e19d0ff201b56843f646a0575cc2c28ec1fd61ec17bc,496479672e2a5aab0c88c2beee31c54fa4ab23e8aef5bc116a93a807e7a88006,8.326672684688674e-16,8
B1_05,B1,,3,"{""b_ratio"": 0.1093673333098307, ""bias"": 0.17457948265469816, ""fitness_mode"": ""fraction"", ""floor"": 0.1, ""jitter"": 0, ""motif_length"": 6, ""mutation_rate"": 0.0005713501507091968, ""n_cells"": 80, ""n_gens"": 150, ""n_metabolites"": 4, ""n_segments"": 8, ""n_seqs"": 8, ""p"": 0.8472310620440695, ""penalty"": 0.1913976042282789, ""penalty_ratio"": 0.15585300338192654, ""reward"": 1.2280649077980763, ""segment_order"": ""native"", ""seq_len"": 60, ""sigma"": 1.5481866023906559, ""sigma_ratio"": 0.9698793786917923, ""stride"": 5, ""temperature"": 1.5962671610555375}",836923790,0.2605569338837549,1.040529046548954,0.7799721126651992,0.0035007058481699715,0.002447470379809835,0.00524567746387139,1.553946020701853,4cc26396633504fe9f97ce39117a5cfa7011ba9c137a6f5aa57d4c437bae50eb,1deef50cb5eda7621186fe46e8a7c57ecdf7aa9f28cdfbb7106e42e6c49f05eb,1.0547118733938987e-15,8
B1_05,B1,,4,"{""b_ratio"": 0.1093673333098307, ""bias"": 0.17457948265469816, ""fitness_mode"": ""fraction"", ""floor"": 0.1, ""jitter"": 0, ""motif_length"": 6, ""mutation_rate"": 0.0005713501507091968, ""n_cells"": 80, ""n_gens"": 150, ""n_metabolites"": 4, ""n_segments"": 8, ""n_seqs"": 8, ""p"": 0.8472310620440695, ""penalty"": 0.1913976042282789, ""penalty_ratio"": 0.15585300338192654, ""reward"": 1.2280649077980763, ""segment_order"": ""native"", ""seq_len"": 60, ""sigma"": 1.5481866023906559, ""sigma_ratio"": 0.9698793786917923, ""stride"": 5, ""temperature"": 1.5962671610555375}",3040932427,0.25131436184835754,1.0154651474423662,0.7641507855940086,0.004222134421411394,0.0029626401174577812,-0.005511725176754689,1.5416128729367784,b32656be3588fbe538bff42c50c807364abcf1c9ac9d466cf921c2a2a0a07979,fa096002b8a953f4559190fa869841e2542e635edf8f4316b6e484b7e9369cfb,8.604228440844963e-16,8
B1_05,B1,,5,"{""b_ratio"": 0.1093673333098307, ""bias"": 0.17457948265469816, ""fitness_mode"": ""fraction"", ""floor"": 0.1, ""jitter"": 0, ""motif_length"": 6, ""mutation_rate"": 0.0005713501507091968, ""n_cells"": 80, ""n_gens"": 150, ""n_metabolites"": 4, ""n_segments"": 8, ""n_seqs"": 8, ""p"": 0.8472310620440695, ""penalty"": 0.1913976042282789, ""penalty_ratio"": 0.15585300338192654, ""reward"": 1.2280649077980763, ""segment_order"": ""native"", ""seq_len"": 60, ""sigma"": 1.5481866023906559, ""sigma_ratio"": 0.9698793786917923, ""stride"": 5, ""temperature"": 1.5962671610555375}",2465359456,0.243469039550663,0.9992669154364984,0.7557978758858354,0.0015946495339903,0.003392004537090999,0.005114088788944704,1.5535921562938266,cb4bd9e1023c59c95b0f0438035f083d9db906800142af5d0917005933178ed3,2fd2443d19f81337ea9a24749cbe54555eaa9a9a12afa189573a2c27b3130b82,1.0269562977782698e-15,8
B1_05,B1,,6,"{""b_ratio"": 0.1093673333098307, ""bias"": 0.17457948265469816, ""fitness_mode"": ""fraction"", ""floor"": 0.1, ""jitter"": 0, ""motif_length"": 6, ""mutation_rate"": 0.0005713501507091968, ""n_cells"": 80, ""n_gens"": 150, ""n_metabolites"": 4, ""n_segments"": 8, ""n_seqs"": 8, ""p"": 0.8472310620440695, ""penalty"": 0.1913976042282789, ""penalty_ratio"": 0.15585300338192654, ""reward"": 1.2280649077980763, ""segment_order"": ""native"", ""seq_len"": 60, ""sigma"": 1.5481866023906559, ""sigma_ratio"": 0.9698793786917923, ""stride"": 5, ""temperature"": 1.5962671610555375}",283566092,0.24365193838189092,0.9926005837507222,0.7489486453688313,0.001372984277642958,0.002600372235253933,0.00864350580076545,1.5536694240329292,c3a762d248c4c5106a871ad511b93e61e7c58d6f0660ede5436b78b04dcae901,a8531aa110cb7b2211e6041af581800614d5b2f06b1ec302298fe7756871334d,9.992007221626409e-16,8
B1_05,B1,,7,"{""b_ratio"": 0.1093673333098307, ""bias"": 0.17457948265469816, ""fitness_mode"": ""fraction"", ""floor"": 0.1, ""jitter"": 0, ""motif_length"": 6, ""mutation_rate"": 0.0005713501507091968, ""n_cells"": 80, ""n_gens"": 150, ""n_metabolites"": 4, ""n_segments"": 8, ""n_seqs"": 8, ""p"": 0.8472310620440695, ""penalty"": 0.1913976042282789, ""penalty_ratio"": 0.15585300338192654, ""reward"": 1.2280649077980763, ""segment_order"": ""native"", ""seq_len"": 60, ""sigma"": 1.5481866023906559, ""sigma_ratio"": 0.9698793786917923, ""stride"": 5, ""temperature"": 1.5962671610555375}",788788978,0.28118292263066325,0.9988203961886928,0.7176374735580295,0.0024462202737318417,0.003420745081429679,0.0022479147368039687,1.5382884453622925,86b82bb0a2d1bda52143660925c48ce6dd634b51996b1828c381ef0c8298ac96,b5ea163bb229f250335705be9913381c58f4e5554b7b622690f7051963dbcee2,9.992007221626409e-16,8
B1_06,B1,,0,"{""b_ratio"": 2.706729471714167, ""bias"": 3.287253126583312, ""fitness_mode"": ""count"", ""floor"": 1, ""jitter"": 0, ""motif_length"": 6, ""mutation_rate"": 0.00297897213265309, ""n_cells"": 160, ""n_gens"": 150, ""n_metabolites"": 3, ""n_segments"": 4, ""n_seqs"": 8, ""p"": 0.7312723714383104, ""penalty"": 0.9038251479307287, ""penalty_ratio"": 0.38969257239241206, ""reward"": 2.3193286502278934, ""segment_order"": ""native"", ""seq_len"": 60, ""sigma"": 1.6148395087594845, ""sigma_ratio"": 1.3296614292038904, ""stride"": 5, ""temperature"": 1.2144742062092746}",3088445871,0.18671536983664672,0.7127438659402988,0.5260284961036521,0.6051398799027738,0.13370129639237754,0.23066950511884077,5.387946221026322,beaa5a426881ea261a7e977f46b6ced400bf196769fc9acd39c7aa2f84644ebd,a0304bc94bfbf4d6ff2d830155295743b2810d04043242ea9e7124c40e20f9bf,3.3306690738754696e-15,8
B1_06,B1,,1,"{""b_ratio"": 2.706729471714167, ""bias"": 3.287253126583312, ""fitness_mode"": ""count"", ""floor"": 1, ""jitter"": 0, ""motif_length"": 6, ""mutation_rate"": 0.00297897213265309, ""n_cells"": 160, ""n_gens"": 150, ""n_metabolites"": 3, ""n_segments"": 4, ""n_seqs"": 8, ""p"": 0.7312723714383104, ""penalty"": 0.9038251479307287, ""penalty_ratio"": 0.38969257239241206, ""reward"": 2.3193286502278934, ""segment_order"": ""native"", ""seq_len"": 60, ""sigma"": 1.6148395087594845, ""sigma_ratio"": 1.3296614292038904, ""stride"": 5, ""temperature"": 1.2144742062092746}",1553357211,0.1799081292545135,0.6844274936617393,0.5045193644072258,1.1930105686760992,0.1601635176504489,0.38152875156150756,5.606246670903061,6d129b71d30114670bcccfad87816ad42f13cef3284fa47435eb42d47090a9b6,fbc1c82776ee8affdad915b9aa8aa7576d60735f035267b3114ed33d2ebf0c65,4.6629367034256575e-15,8
B1_06,B1,,2,"{""b_ratio"": 2.706729471714167, ""bias"": 3.287253126583312, ""fitness_mode"": ""count"", ""floor"": 1, ""jitter"": 0, ""motif_length"": 6, ""mutation_rate"": 0.00297897213265309, ""n_cells"": 160, ""n_gens"": 150, ""n_metabolites"": 3, ""n_segments"": 4, ""n_seqs"": 8, ""p"": 0.7312723714383104, ""penalty"": 0.9038251479307287, ""penalty_ratio"": 0.38969257239241206, ""reward"": 2.3193286502278934, ""segment_order"": ""native"", ""seq_len"": 60, ""sigma"": 1.6148395087594845, ""sigma_ratio"": 1.3296614292038904, ""stride"": 5, ""temperature"": 1.2144742062092746}",1623430981,0.15889497558237553,0.6721676318808707,0.5132726562984952,0.6620189625982387,0.11155859797022505,0.4525213836192954,5.224643978341087,e9f21c749ee834e9d4e11ee877652bbbefa14a7cf6f8d657a40551246fc32b96,4f587868e3e608f8359e2f1ede50e00bd66b286fd603a0693c2748169363c067,3.4416913763379853e-15,8
B1_06,B1,,3,"{""b_ratio"": 2.706729471714167, ""bias"": 3.287253126583312, ""fitness_mode"": ""count"", ""floor"": 1, ""jitter"": 0, ""motif_length"": 6, ""mutation_rate"": 0.00297897213265309, ""n_cells"": 160, ""n_gens"": 150, ""n_metabolites"": 3, ""n_segments"": 4, ""n_seqs"": 8, ""p"": 0.7312723714383104, ""penalty"": 0.9038251479307287, ""penalty_ratio"": 0.38969257239241206, ""reward"": 2.3193286502278934, ""segment_order"": ""native"", ""seq_len"": 60, ""sigma"": 1.6148395087594845, ""sigma_ratio"": 1.3296614292038904, ""stride"": 5, ""temperature"": 1.2144742062092746}",3464913438,0.16791032455745492,0.7018603705258112,0.5339500459683563,0.7601871305800458,0.22740507145462616,0.0863471318875293,5.403936169600273,d7b86bf67db57064c2a26ab0bec6245dcc2c92a3fb4a7864f52692fd288fd4f9,f51352bd28204477ed5dde731a35381fb978d00762e535a3efbfa9f4206bec18,4.773959005888173e-15,8
B1_06,B1,,4,"{""b_ratio"": 2.706729471714167, ""bias"": 3.287253126583312, ""fitness_mode"": ""count"", ""floor"": 1, ""jitter"": 0, ""motif_length"": 6, ""mutation_rate"": 0.00297897213265309, ""n_cells"": 160, ""n_gens"": 150, ""n_metabolites"": 3, ""n_segments"": 4, ""n_seqs"": 8, ""p"": 0.7312723714383104, ""penalty"": 0.9038251479307287, ""penalty_ratio"": 0.38969257239241206, ""reward"": 2.3193286502278934, ""segment_order"": ""native"", ""seq_len"": 60, ""sigma"": 1.6148395087594845, ""sigma_ratio"": 1.3296614292038904, ""stride"": 5, ""temperature"": 1.2144742062092746}",2162949705,0.16240649135206442,0.696147471007468,0.5337409796554036,0.648995986308281,0.14642691144673642,0.11668221140498769,5.0488561414791615,4e68af16812048ccd18a7c81321276439a089e42d06c861b034e0ca0545ed457,12fa94e019df02a6fc0a314df11414cde3a2530f93e4f772db46a95fef35f547,2.55351295663786e-15,8
B1_06,B1,,5,"{""b_ratio"": 2.706729471714167, ""bias"": 3.287253126583312, ""fitness_mode"": ""count"", ""floor"": 1, ""jitter"": 0, ""motif_length"": 6, ""mutation_rate"": 0.00297897213265309, ""n_cells"": 160, ""n_gens"": 150, ""n_metabolites"": 3, ""n_segments"": 4, ""n_seqs"": 8, ""p"": 0.7312723714383104, ""penalty"": 0.9038251479307287, ""penalty_ratio"": 0.38969257239241206, ""reward"": 2.3193286502278934, ""segment_order"": ""native"", ""seq_len"": 60, ""sigma"": 1.6148395087594845, ""sigma_ratio"": 1.3296614292038904, ""stride"": 5, ""temperature"": 1.2144742062092746}",2616443835,0.16799913813507028,0.6960758926155316,0.5280767544804613,0.7300217154955135,0.1727778880331005,0.025796676097189497,5.291205405706004,da2558ce9a5814250758d53fc0f7123553aa3029fc5ca532ddb4b4aa9bdf563e,ff541655396a6247c167b417186f20d6ab9450f4b9f3ceca87c883c90e63cf03,1.7763568394002505e-15,8
B1_06,B1,,6,"{""b_ratio"": 2.706729471714167, ""bias"": 3.287253126583312, ""fitness_mode"": ""count"", ""floor"": 1, ""jitter"": 0, ""motif_length"": 6, ""mutation_rate"": 0.00297897213265309, ""n_cells"": 160, ""n_gens"": 150, ""n_metabolites"": 3, ""n_segments"": 4, ""n_seqs"": 8, ""p"": 0.7312723714383104, ""penalty"": 0.9038251479307287, ""penalty_ratio"": 0.38969257239241206, ""reward"": 2.3193286502278934, ""segment_order"": ""native"", ""seq_len"": 60, ""sigma"": 1.6148395087594845, ""sigma_ratio"": 1.3296614292038904, ""stride"": 5, ""temperature"": 1.2144742062092746}",882432009,0.1706280166702081,0.6792725079263146,0.5086444912561064,0.6822828438946344,0.1324626361456111,0.23368717013372464,5.377952503167603,0bc0109d526402f61f5cc893487904e357cccba67382122a74191f7795b14975,8a495fe28d82e52ed709ee937a3ed379c57e155cfd46f0e58756a43354fa136f,5.551115123125783e-15,8
B1_06,B1,,7,"{""b_ratio"": 2.706729471714167, ""bias"": 3.287253126583312, ""fitness_mode"": ""count"", ""floor"": 1, ""jitter"": 0, ""motif_length"": 6, ""mutation_rate"": 0.00297897213265309, ""n_cells"": 160, ""n_gens"": 150, ""n_metabolites"": 3, ""n_segments"": 4, ""n_seqs"": 8, ""p"": 0.7312723714383104, ""penalty"": 0.9038251479307287, ""penalty_ratio"": 0.38969257239241206, ""reward"": 2.3193286502278934, ""segment_order"": ""native"", ""seq_len"": 60, ""sigma"": 1.6148395087594845, ""sigma_ratio"": 1.3296614292038904, ""stride"": 5, ""temperature"": 1.2144742062092746}",462042460,0.1571784045554926,0.6790385949777207,0.5218601904222281,0.912116902045374,0.21987897723415697,0.4898504274639288,5.6864143008271855,bda5280a8e573bcd49fdea56c23a7c5ffcc5c803b0d2ab1ee527a638f75f9773,52964b2d87e40b8c7443d49d8f68c17300bc9cd81ec1c779379d986aa12a0d27,3.9968028886505635e-15,8
B1_07,B1,,0,"{""b_ratio"": 2.306930317728408, ""bias"": 1.8699311320389178, ""fitness_mode"": ""fraction"", ""floor"": 0, ""jitter"": 0, ""motif_length"": 5, ""mutation_rate"": 0.007147328107475221, ""n_cells"": 80, ""n_gens"": 150, ""n_metabolites"": 6, ""n_segments"": 8, ""n_seqs"": 8, ""p"": 0.86676069716852, ""penalty"": 0.8386191809522442, ""penalty_ratio"": 0.46542004827341854, ""reward"": 1.8018544410866972, ""segment_order"": ""native"", ""seq_len"": 60, ""sigma"": 0.8769553400173027, ""sigma_ratio"": 1.081898058445521, ""stride"": 1, ""temperature"": 0.810571137614683}",2234391213,0.28860597724926473,0.9029061720714576,0.6143001948221929,0.004807763557889505,0.0045087743051298165,-0.002361606048396414,1.5313321396569013,072d18b1b93346d0237c8f9cb97a41212b0f1ef23c93b2be9dc80e676b66f1ea,804d2ab17f24ff0dd7fd2fcb9a5ca2fa1588b7509b8d05d32ca5b323dbdad439,2.886579864025407e-15,8
B1_07,B1,,1,"{""b_ratio"": 2.306930317728408, ""bias"": 1.8699311320389178, ""fitness_mode"": ""fraction"", ""floor"": 0, ""jitter"": 0, ""motif_length"": 5, ""mutation_rate"": 0.007147328107475221, ""n_cells"": 80, ""n_gens"": 150, ""n_metabolites"": 6, ""n_segments"": 8, ""n_seqs"": 8, ""p"": 0.86676069716852, ""penalty"": 0.8386191809522442, ""penalty_ratio"": 0.46542004827341854, ""reward"": 1.8018544410866972, ""segment_order"": ""native"", ""seq_len"": 60, ""sigma"": 0.8769553400173027, ""sigma_ratio"": 1.081898058445521, ""stride"": 1, ""temperature"": 0.810571137614683}",3840295132,0.2882578327423124,0.8749253870361217,0.5866675542938092,0.006275400494000355,0.0021738852415102887,0.00330642156060601,1.5474517062987356,36e2cb863438f5d7c0fe0a5326c635a0c716a4157bb141cc2aea476fd5702cc7,62a1a570352313108ad354c1f110d9ab4ff0f851ef52aa72094c0ad977a4e298,4.218847493575595e-15,8
B1_07,B1,,2,"{""b_ratio"": 2.306930317728408, ""bias"": 1.8699311320389178, ""fitness_mode"": ""fraction"", ""floor"": 0, ""jitter"": 0, ""motif_length"": 5, ""mutation_rate"": 0.007147328107475221, ""n_cells"": 80, ""n_gens"": 150, ""n_metabolites"": 6, ""n_segments"": 8, ""n_seqs"": 8, ""p"": 0.86676069716852, ""penalty"": 0.8386191809522442, ""penalty_ratio"": 0.46542004827341854, ""reward"": 1.8018544410866972, ""segment_order"": ""native"", ""seq_len"": 60, ""sigma"": 0.8769553400173027, ""sigma_ratio"": 1.081898058445521, ""stride"": 1, ""temperature"": 0.810571137614683}",748465285,0.2901807972203744,0.8588236183356752,0.5686428211153008,0.007428358437387261,0.00401891997639201,-0.0033359204229777006,1.5310439522857884,6a4a70a2ace35e5b7c62bf3d7c7054a542624eeb6132d47882e006dd8d0ab1b1,f028d72af642141478883d886ca5910afc67133474d8e788f88740e65b58a556,4.3298697960381105e-15,8
B1_07,B1,,3,"{""b_ratio"": 2.306930317728408, ""bias"": 1.8699311320389178, ""fitness_mode"": ""fraction"", ""floor"": 0, ""jitter"": 0, ""motif_length"": 5, ""mutation_rate"": 0.007147328107475221, ""n_cells"": 80, ""n_gens"": 150, ""n_metabolites"": 6, ""n_segments"": 8, ""n_seqs"": 8, ""p"": 0.86676069716852, ""penalty"": 0.8386191809522442, ""penalty_ratio"": 0.46542004827341854, ""reward"": 1.8018544410866972, ""segment_order"": ""native"", ""seq_len"": 60, ""sigma"": 0.8769553400173027, ""sigma_ratio"": 1.081898058445521, ""stride"": 1, ""temperature"": 0.810571137614683}",2013249092,0.2981506266111501,0.8967568844615774,0.5986062578504273,0.003418450585935845,0.005596153391483381,0.0008431433502029684,1.5451194057828705,5438a9daabbfc727011d417e70fcf4bcb7d315277b01fdaa5654c02b0bd1a53a,9139ae76d6f7f236973c6ae9694004805fc9d50a35d77328653caae92e22a6d5,1.7763568394002505e-15,8
B1_07,B1,,4,"{""b_ratio"": 2.306930317728408, ""bias"": 1.8699311320389178, ""fitness_mode"": ""fraction"", ""floor"": 0, ""jitter"": 0, ""motif_length"": 5, ""mutation_rate"": 0.007147328107475221, ""n_cells"": 80, ""n_gens"": 150, ""n_metabolites"": 6, ""n_segments"": 8, ""n_seqs"": 8, ""p"": 0.86676069716852, ""penalty"": 0.8386191809522442, ""penalty_ratio"": 0.46542004827341854, ""reward"": 1.8018544410866972, ""segment_order"": ""native"", ""seq_len"": 60, ""sigma"": 0.8769553400173027, ""sigma_ratio"": 1.081898058445521, ""stride"": 1, ""temperature"": 0.810571137614683}",3882290336,0.29179521133916186,0.8675474413774009,0.575752230038239,0.004734705142452361,0.0015812214701280702,0.00650523163379102,1.5290003107227432,604c2c9a2591f3bb59154e005c8078b9c5d0f54acd7f50ae0447b28eef9e03db,c4a450c60c564014194f429919fecc580653935bafff8e4064213c8bd0785c35,2.3314683517128287e-15,8
B1_07,B1,,5,"{""b_ratio"": 2.306930317728408, ""bias"": 1.8699311320389178, ""fitness_mode"": ""fraction"", ""floor"": 0, ""jitter"": 0, ""motif_length"": 5, ""mutation_rate"": 0.007147328107475221, ""n_cells"": 80, ""n_gens"": 150, ""n_metabolites"": 6, ""n_segments"": 8, ""n_seqs"": 8, ""p"": 0.86676069716852, ""penalty"": 0.8386191809522442, ""penalty_ratio"": 0.46542004827341854, ""reward"": 1.8018544410866972, ""segment_order"": ""native"", ""seq_len"": 60, ""sigma"": 0.8769553400173027, ""sigma_ratio"": 1.081898058445521, ""stride"": 1, ""temperature"": 0.810571137614683}",1060739086,0.2882910729457546,0.8698115897877028,0.5815205168419482,0.007797603703438155,0.0031639249215753887,0.001939958124922203,1.549260644005805,acc6dfdef224d4c273bfe975b9e71fd2f7ebe254f8475e1b5d888e1c427e1139,89300a9ee0d6907aacb5d6857130a2278fec933d3de3d1c52626992544d291e5,4.107825191113079e-15,8
B1_07,B1,,6,"{""b_ratio"": 2.306930317728408, ""bias"": 1.8699311320389178, ""fitness_mode"": ""fraction"", ""floor"": 0, ""jitter"": 0, ""motif_length"": 5, ""mutation_rate"": 0.007147328107475221, ""n_cells"": 80, ""n_gens"": 150, ""n_metabolites"": 6, ""n_segments"": 8, ""n_seqs"": 8, ""p"": 0.86676069716852, ""penalty"": 0.8386191809522442, ""penalty_ratio"": 0.46542004827341854, ""reward"": 1.8018544410866972, ""segment_order"": ""native"", ""seq_len"": 60, ""sigma"": 0.8769553400173027, ""sigma_ratio"": 1.081898058445521, ""stride"": 1, ""temperature"": 0.810571137614683}",2899833863,0.293266688253521,0.8819799849114166,0.5887132966578956,0.008961024708820153,0.005041076221645441,-0.00027093665853517024,1.521427780542839,4b53087998f336609bf7a8fdede2533b7abd8a27a72c54cbd0e5d7be7ee63fa0,f84924b0b3547fd9dd5f0043d286e27506f64af5e1aad93fd0d74a0d9349c75c,4.773959005888173e-15,8
B1_07,B1,,7,"{""b_ratio"": 2.306930317728408, ""bias"": 1.8699311320389178, ""fitness_mode"": ""fraction"", ""floor"": 0, ""jitter"": 0, ""motif_length"": 5, ""mutation_rate"": 0.007147328107475221, ""n_cells"": 80, ""n_gens"": 150, ""n_metabolites"": 6, ""n_segments"": 8, ""n_seqs"": 8, ""p"": 0.86676069716852, ""penalty"": 0.8386191809522442, ""penalty_ratio"": 0.46542004827341854, ""reward"": 1.8018544410866972, ""segment_order"": ""native"", ""seq_len"": 60, ""sigma"": 0.8769553400173027, ""sigma_ratio"": 1.081898058445521, ""stride"": 1, ""temperature"": 0.810571137614683}",2055767929,0.28703724639529604,0.8776763249044093,0.5906390785091132,0.008104490032524392,0.004278071497401811,-0.007773252042874157,1.5333198061827955,cf7951931f633fc1a4e376cafeff68038603b03bc18712fcba4bd094bc965b3e,cd5c4ccda2332d3128b3d9b3d294a4e1255aae517e75a3bf3c8e78fcce4f85dd,4.107825191113079e-15,8
B1_08,B1,,0,"{""b_ratio"": 2.011760565007504, ""bias"": 2.0262584103478067, ""fitness_mode"": ""count"", ""floor"": 0.1, ""jitter"": 0, ""motif_length"": 4, ""mutation_rate"": 0.00012449855502608, ""n_cells"": 80, ""n_gens"": 150, ""n_metabolites"": 4, ""n_segments"": 2, ""n_seqs"": 8, ""p"": 0.978690912128897, ""penalty"": 0.5141966035586177, ""penalty_ratio"": 0.21156666757981593, ""reward"": 2.430423513499031, ""segment_order"": ""native"", ""seq_len"": 60, ""sigma"": 0.5924935707633263, ""sigma_ratio"": 0.5882542890852427, ""stride"": 2, ""temperature"": 1.0072065461429545}",3756325595,0.1395823871301413,0.1960606953460901,0.05647830821594882,1.8994595566728543,0.8430385226928349,2.1229393908865646,21.755721838254555,e9f298da8aa1ec7434e6bf164f9a1d392fb5b9cfb2441ea27290badb5a6d643c,ff5a8982cb1ddcadc6e1ad99daea44d480fe61ffdda6f4b620472636a0fd09e6,9.103828801926284e-15,8
B1_08,B1,,1,"{""b_ratio"": 2.011760565007504, ""bias"": 2.0262584103478067, ""fitness_mode"": ""count"", ""floor"": 0.1, ""jitter"": 0, ""motif_length"": 4, ""mutation_rate"": 0.00012449855502608, ""n_cells"": 80, ""n_gens"": 150, ""n_metabolites"": 4, ""n_segments"": 2, ""n_seqs"": 8, ""p"": 0.978690912128897, ""penalty"": 0.5141966035586177, ""penalty_ratio"": 0.21156666757981593, ""reward"": 2.430423513499031, ""segment_order"": ""native"", ""seq_len"": 60, ""sigma"": 0.5924935707633263, ""sigma_ratio"": 0.5882542890852427, ""stride"": 2, ""temperature"": 1.0072065461429545}",2471433068,0.11908781533531589,0.17234206732824636,0.053254251992930476,0.8494069583033919,0.33183972692076236,1.3201328660190406,20.210535784085323,844e8f0956183c285ea8fc50979b45948247e60f0fd685883271b421037bc28e,ded44eb3c5cf4ac1d6aff82b07815e297ea6a30acb1d24b096a134a5faa33a22,8.992806499463768e-15,8
B1_08,B1,,2,"{""b_ratio"": 2.011760565007504, ""bias"": 2.0262584103478067, ""fitness_mode"": ""count"", ""floor"": 0.1, ""jitter"": 0, ""motif_length"": 4, ""mutation_rate"": 0.00012449855502608, ""n_cells"": 80, ""n_gens"": 150, ""n_metabolites"": 4, ""n_segments"": 2, ""n_seqs"": 8, ""p"": 0.978690912128897, ""penalty"": 0.5141966035586177, ""penalty_ratio"": 0.21156666757981593, ""reward"": 2.430423513499031, ""segment_order"": ""native"", ""seq_len"": 60, ""sigma"": 0.5924935707633263, ""sigma_ratio"": 0.5882542890852427, ""stride"": 2, ""temperature"": 1.0072065461429545}",1170151054,0.121905117174364,0.17903493396521242,0.057129816790848414,1.1534119010726505,0.3945224991857303,1.6557238335952071,21.02453753156606,0f710dc3b06a1d076162c398aeaf0ee824b19c51191e9ce4570dd6697fd83195,238b6e862d09bac2e8cd9590efcadf95bffd5a0b2bb1c40938705549d7cf7854,1.1102230246251565e-14,8
B1_08,B1,,3,"{""b_ratio"": 2.011760565007504, ""bias"": 2.0262584103478067, ""fitness_mode"": ""count"", ""floor"": 0.1, ""jitter"": 0, ""motif_length"": 4, ""mutation_rate"": 0.00012449855502608, ""n_cells"": 80, ""n_gens"": 150, ""n_metabolites"": 4, ""n_segments"": 2, ""n_seqs"": 8, ""p"": 0.978690912128897, ""penalty"": 0.5141966035586177, ""penalty_ratio"": 0.21156666757981593, ""reward"": 2.430423513499031, ""segment_order"": ""native"", ""seq_len"": 60, ""sigma"": 0.5924935707633263, ""sigma_ratio"": 0.5882542890852427, ""stride"": 2, ""temperature"": 1.0072065461429545}",74047038,0.1069664150452575,0.15740439315807764,0.05043797811282013,1.3303063441084206,0.4246868758834699,2.613229110583841,22.080639208587836,238bdfa872feb077c1bc5023887e35e2ffda6636090c26c5bb992af92d1e1b23,29647c4b78e0d1c27de33eba8e5e1a613d2ea550b4fb3b91cc3e3c0859bd4752,3.108624468950438e-14,8
B1_08,B1,,4,"{""b_ratio"": 2.011760565007504, ""bias"": 2.0262584103478067, ""fitness_mode"": ""count"", ""floor"": 0.1, ""jitter"": 0, ""motif_length"": 4, ""mutation_rate"": 0.00012449855502608, ""n_cells"": 80, ""n_gens"": 150, ""n_metabolites"": 4, ""n_segments"": 2, ""n_seqs"": 8, ""p"": 0.978690912128897, ""penalty"": 0.5141966035586177, ""penalty_ratio"": 0.21156666757981593, ""reward"": 2.430423513499031, ""segment_order"": ""native"", ""seq_len"": 60, ""sigma"": 0.5924935707633263, ""sigma_ratio"": 0.5882542890852427, ""stride"": 2, ""temperature"": 1.0072065461429545}",3244551771,0.11349454573729906,0.16017217433740297,0.04667762860010392,1.7040807830894882,0.5430191049088975,4.734709184408494,24.740652554581033,b74935d2cbed3f1e8a7a9b745146c69733b091464b85ef5d9f2adf4e035dd295,7f59ef663b343d67c5ba0a78df58b279c35b37534683ca16142c5b796e3fcdac,2.2537527399890678e-14,8
B1_08,B1,,5,"{""b_ratio"": 2.011760565007504, ""bias"": 2.0262584103478067, ""fitness_mode"": ""count"", ""floor"": 0.1, ""jitter"": 0, ""motif_length"": 4, ""mutation_rate"": 0.00012449855502608, ""n_cells"": 80, ""n_gens"": 150, ""n_metabolites"": 4, ""n_segments"": 2, ""n_seqs"": 8, ""p"": 0.978690912128897, ""penalty"": 0.5141966035586177, ""penalty_ratio"": 0.21156666757981593, ""reward"": 2.430423513499031, ""segment_order"": ""native"", ""seq_len"": 60, ""sigma"": 0.5924935707633263, ""sigma_ratio"": 0.5882542890852427, ""stride"": 2, ""temperature"": 1.0072065461429545}",513549975,0.1593813100861302,0.21786048285605697,0.05847917276992675,1.1097589361875748,0.47836333450620316,1.195938250408556,20.90458157497369,9aad1ba00a1ee07f42d0706ac5c23512d2d5040d0800e66ec237c3673057cb03,34bf2852618c66c3169a38e42466a26a633d278c2c7ab04a7b5a85cb24b99bf4,1.687538997430238e-14,8
B1_08,B1,,6,"{""b_ratio"": 2.011760565007504, ""bias"": 2.0262584103478067, ""fitness_mode"": ""count"", ""floor"": 0.1, ""jitter"": 0, ""motif_length"": 4, ""mutation_rate"": 0.00012449855502608, ""n_cells"": 80, ""n_gens"": 150, ""n_metabolites"": 4, ""n_segments"": 2, ""n_seqs"": 8, ""p"": 0.978690912128897, ""penalty"": 0.5141966035586177, ""penalty_ratio"": 0.21156666757981593, ""reward"": 2.430423513499031, ""segment_order"": ""native"", ""seq_len"": 60, ""sigma"": 0.5924935707633263, ""sigma_ratio"": 0.5882542890852427, ""stride"": 2, ""temperature"": 1.0072065461429545}",2124485126,0.11407952286634618,0.16873996463555024,0.05466044176920407,0.779568837046404,0.41851584905662054,1.9869799006597049,20.505153495109514,8b8413ac427d87ebd840af06d38b7f6d312c6c9c381a42d2754f0ba890be74af,85b691c43c9a3bfcfb28052d01a9c1383c1dbf176ca6c1dca4b752a39204aaad,8.1601392309949e-15,8
B1_08,B1,,7,"{""b_ratio"": 2.011760565007504, ""bias"": 2.0262584103478067, ""fitness_mode"": ""count"", ""floor"": 0.1, ""jitter"": 0, ""motif_length"": 4, ""mutation_rate"": 0.00012449855502608, ""n_cells"": 80, ""n_gens"": 150, ""n_metabolites"": 4, ""n_segments"": 2, ""n_seqs"": 8, ""p"": 0.978690912128897, ""penalty"": 0.5141966035586177, ""penalty_ratio"": 0.21156666757981593, ""reward"": 2.430423513499031, ""segment_order"": ""native"", ""seq_len"": 60, ""sigma"": 0.5924935707633263, ""sigma_ratio"": 0.5882542890852427, ""stride"": 2, ""temperature"": 1.0072065461429545}",4014763847,0.12610198941874498,0.18045723802601993,0.05435524860727494,0.7605755346487353,0.40881777591016727,2.6261921668152723,21.779321630688415,ecb702f075aa5aa5a19bb8e354e2c3fd8cd59288bca1d2c8d686e04866891331,4a6987219fb20bb19cf950b46920b0dec5e8e10b3776979eb832169d69e2481e,1.8540724511240114e-14,8
B1_09,B1,,0,"{""b_ratio"": 0.9975633262175099, ""bias"": 1.7742398278454292, ""fitness_mode"": ""fraction"", ""floor"": 0, ""jitter"": 0, ""motif_length"": 5, ""mutation_rate"": 0.00038113150217634954, ""n_cells"": 80, ""n_gens"": 150, ""n_metabolites"": 6, ""n_segments"": 2, ""n_seqs"": 8, ""p"": 0.4954951743682328, ""penalty"": 0.6526196199803707, ""penalty_ratio"": 0.24935255333973494, ""reward"": 2.6172566161421944, ""segment_order"": ""native"", ""seq_len"": 60, ""sigma"": 0.09060828393989517, ""sigma_ratio"": 0.05094435357124501, ""stride"": 2, ""temperature"": 1.7785736315837375}",4241287877,-0.003111216203005085,0.47360803703353305,0.47671925323653813,-0.0004363305864107936,0.0011443419328107378,0.00026906336533771835,2.3230559495327467,d6fa0550ee9d52b9664bf7e87f49020bab7e7aed64cd72f5bc9094b88a00e419,a2ffa8a429bb3d5e2709fa83a1ca6a5657c757f1e107b7aab5c9dfc18de406f8,1.7763568394002505e-15,8
B1_09,B1,,1,"{""b_ratio"": 0.9975633262175099, ""bias"": 1.7742398278454292, ""fitness_mode"": ""fraction"", ""floor"": 0, ""jitter"": 0, ""motif_length"": 5, ""mutation_rate"": 0.00038113150217634954, ""n_cells"": 80, ""n_gens"": 150, ""n_metabolites"": 6, ""n_segments"": 2, ""n_seqs"": 8, ""p"": 0.4954951743682328, ""penalty"": 0.6526196199803707, ""penalty_ratio"": 0.24935255333973494, ""reward"": 2.6172566161421944, ""segment_order"": ""native"", ""seq_len"": 60, ""sigma"": 0.09060828393989517, ""sigma_ratio"": 0.05094435357124501, ""stride"": 2, ""temperature"": 1.7785736315837375}",4161968557,0.0013410355947726105,0.4787129094637747,0.4773718738690021,0.0002759752276244587,0.0012443721119992962,-0.0012672848027373007,2.3244167505008,388c624ad19bbad006efeceae7986771882bb9287780c2b61ad7688a87403825,109c386a26cb510307d0a71073e378ea78fb74738de74f31b81e70b1a23e242a,2.0539125955565396e-15,8
B1_09,B1,,2,"{""b_ratio"": 0.9975633262175099, ""bias"": 1.7742398278454292, ""fitness_mode"": ""fraction"", ""floor"": 0, ""jitter"": 0, ""motif_length"": 5, ""mutation_rate"": 0.00038113150217634954, ""n_cells"": 80, ""n_gens"": 150, ""n_metabolites"": 6, ""n_segments"": 2, ""n_seqs"": 8, ""p"": 0.4954951743682328, ""penalty"": 0.6526196199803707, ""penalty_ratio"": 0.24935255333973494, ""reward"": 2.6172566161421944, ""segment_order"": ""native"", ""seq_len"": 60, ""sigma"": 0.09060828393989517, ""sigma_ratio"": 0.05094435357124501, ""stride"": 2, ""temperature"": 1.7785736315837375}",2046732122,-0.004403702047865499,0.47225461037240923,0.47665831242027473,0.00028808026849180823,0.0006292569519988138,0.0016570430510629564,2.333165325539061,17d604dc77fb59afa35c1151b9c0ce233697951f8e5178b106e86d8eb003c92e,4f03ea010314b6f717098b49e9f62b26ebdd379a0cc26e0dd6639b362506c923,2.7200464103316335e-15,8
B1_09,B1,,3,"{""b_ratio"": 0.9975633262175099, ""bias"": 1.7742398278454292, ""fitness_mode"": ""fraction"", ""floor"": 0, ""jitter"": 0, ""motif_length"": 5, ""mutation_rate"": 0.00038113150217634954, ""n_cells"": 80, ""n_gens"": 150, ""n_metabolites"": 6, ""n_segments"": 2, ""n_seqs"": 8, ""p"": 0.4954951743682328, ""penalty"": 0.6526196199803707, ""penalty_ratio"": 0.24935255333973494, ""reward"": 2.6172566161421944, ""segment_order"": ""native"", ""seq_len"": 60, ""sigma"": 0.09060828393989517, ""sigma_ratio"": 0.05094435357124501, ""stride"": 2, ""temperature"": 1.7785736315837375}",3966001260,0.0036509459813394707,0.4786490008980967,0.47499805491675723,-1.2989332774659967e-05,0.0008608338773090577,0.00023629984789419467,2.3070843986446277,7bb10a4cdb469c87c7f61db375a0b609b6a9948588cdd2f7fb762b682fe5a623,dfd641522f6f7328d66f71cc45f8b1c0ddab6760e3690b88e9eb2f87815c9218,1.7763568394002505e-15,8
B1_09,B1,,4,"{""b_ratio"": 0.9975633262175099, ""bias"": 1.7742398278454292, ""fitness_mode"": ""fraction"", ""floor"": 0, ""jitter"": 0, ""motif_length"": 5, ""mutation_rate"": 0.00038113150217634954, ""n_cells"": 80, ""n_gens"": 150, ""n_metabolites"": 6, ""n_segments"": 2, ""n_seqs"": 8, ""p"": 0.4954951743682328, ""penalty"": 0.6526196199803707, ""penalty_ratio"": 0.24935255333973494, ""reward"": 2.6172566161421944, ""segment_order"": ""native"", ""seq_len"": 60, ""sigma"": 0.09060828393989517, ""sigma_ratio"": 0.05094435357124501, ""stride"": 2, ""temperature"": 1.7785736315837375}",2789006634,0.0007193615652173468,0.47692308612392176,0.4762037245587044,0.00032352430816828814,0.0008110152463214509,-0.0027599371782116577,2.320638055322609,1f51f47fa493fd108122d2182ed5fc72841ed2148c23c53c70d1f47f748570cd,0b1750436540fa37ba5f7d459c417e58d6554a93456e3f9b5ebfdf18e1b08673,2.7755575615628914e-15,8
B1_09,B1,,5,"{""b_ratio"": 0.9975633262175099, ""bias"": 1.7742398278454292, ""fitness_mode"": ""fraction"", ""floor"": 0, ""jitter"": 0, ""motif_length"": 5, ""mutation_rate"": 0.00038113150217634954, ""n_cells"": 80, ""n_gens"": 150, ""n_metabolites"": 6, ""n_segments"": 2, ""n_seqs"": 8, ""p"": 0.4954951743682328, ""penalty"": 0.6526196199803707, ""penalty_ratio"": 0.24935255333973494, ""reward"": 2.6172566161421944, ""segment_order"": ""native"", ""seq_len"": 60, ""sigma"": 0.09060828393989517, ""sigma_ratio"": 0.05094435357124501, ""stride"": 2, ""temperature"": 1.7785736315837375}",2046459010,0.0025544157259969613,0.4793413490793768,0.47678693335337985,5.435592552599511e-05,0.0006752113742278832,0.005979474181456279,2.2927388046049035,df9e0f744163982e08380b1ad625c909b9a297cc134982e4d355bae0789b0616,b47e05e4dafa5827e32415970fd86119d41be1848e17ec139716ec74de03ad27,2.7755575615628914e-15,8
B1_09,B1,,6,"{""b_ratio"": 0.9975633262175099, ""bias"": 1.7742398278454292, ""fitness_mode"": ""fraction"", ""floor"": 0, ""jitter"": 0, ""motif_length"": 5, ""mutation_rate"": 0.00038113150217634954, ""n_cells"": 80, ""n_gens"": 150, ""n_metabolites"": 6, ""n_segments"": 2, ""n_seqs"": 8, ""p"": 0.4954951743682328, ""penalty"": 0.6526196199803707, ""penalty_ratio"": 0.24935255333973494, ""reward"": 2.6172566161421944, ""segment_order"": ""native"", ""seq_len"": 60, ""sigma"": 0.09060828393989517, ""sigma_ratio"": 0.05094435357124501, ""stride"": 2, ""temperature"": 1.7785736315837375}",2603921447,0.0037837181974060274,0.4806242634746427,0.4768405452772367,-8.953049655241463e-05,0.0008346020273614122,0.002545883031210394,2.3116994668289914,83d8eb62a89ac68c4747c4e6104925d06637ae716fb21edad218835186ca73a4,e0266d24aaa978ef3953d66e81685b29421fcff441dd88cbf62cec9adba5e54b,3.164135620181696e-15,8
B1_09,B1,,7,"{""b_ratio"": 0.9975633262175099, ""bias"": 1.7742398278454292, ""fitness_mode"": ""fraction"", ""floor"": 0, ""jitter"": 0, ""motif_length"": 5, ""mutation_rate"": 0.00038113150217634954, ""n_cells"": 80, ""n_gens"": 150, ""n_metabolites"": 6, ""n_segments"": 2, ""n_seqs"": 8, ""p"": 0.4954951743682328, ""penalty"": 0.6526196199803707, ""penalty_ratio"": 0.24935255333973494, ""reward"": 2.6172566161421944, ""segment_order"": ""native"", ""seq_len"": 60, ""sigma"": 0.09060828393989517, ""sigma_ratio"": 0.05094435357124501, ""stride"": 2, ""temperature"": 1.7785736315837375}",1734262631,-0.0039094759049034256,0.4705092366467524,0.47441871255165585,-0.0001667759894479759,0.0009628577763302013,-0.001652037256957506,2.296717319569789,a926db3827b9b6c927ae2dbb608bee19c9b201366ce2ca65fecb6bb9d8532dbd,59dd133a722973d25467df5a8c15dc62b7c1cf272666eba249dbda3e2a63dc4b,1.609823385706477e-15,8
B1_10,B1,,0,"{""b_ratio"": 1.3838359020959472, ""bias"": 2.374612666746951, ""fitness_mode"": ""count"", ""floor"": 0, ""jitter"": 0, ""motif_length"": 5, ""mutation_rate"": 0.00018784835755154288, ""n_cells"": 40, ""n_gens"": 150, ""n_metabolites"": 4, ""n_segments"": 2, ""n_seqs"": 8, ""p"": 0.6083145239102223, ""penalty"": 0.18424253592526385, ""penalty_ratio"": 0.11790919052901745, ""reward"": 1.562579940534167, ""segment_order"": ""native"", ""seq_len"": 60, ""sigma"": 2.0184117009009976, ""sigma_ratio"": 1.1762552335508947, ""stride"": 1, ""temperature"": 1.7159640555288245}",1020711931,0.40894600924064417,0.6943736710042101,0.28542766176356593,0.18821439863424594,0.09950842825130467,-0.014516686252164845,36.92462765942734,3bb30d95bbb3066d155bbf6d8053cda02f87a15299b18aaa4ee5e949c8e930a5,c920e6a8ce1f4eae45ddf6e8f6ff3181f05a030e93a6173f1804323e8af7558f,4.440892098500626e-15,8
B1_10,B1,,1,"{""b_ratio"": 1.3838359020959472, ""bias"": 2.374612666746951, ""fitness_mode"": ""count"", ""floor"": 0, ""jitter"": 0, ""motif_length"": 5, ""mutation_rate"": 0.00018784835755154288, ""n_cells"": 40, ""n_gens"": 150, ""n_metabolites"": 4, ""n_segments"": 2, ""n_seqs"": 8, ""p"": 0.6083145239102223, ""penalty"": 0.18424253592526385, ""penalty_ratio"": 0.11790919052901745, ""reward"": 1.562579940534167, ""segment_order"": ""native"", ""seq_len"": 60, ""sigma"": 2.0184117009009976, ""sigma_ratio"": 1.1762552335508947, ""stride"": 1, ""temperature"": 1.7159640555288245}",1846723726,0.38528904296603284,0.6707861384007673,0.28549709543473445,0.18445627093475725,0.11946023446424357,0.07594870346065363,35.60338144296692,fd72cc9b71b4c5b22029ebd8360bdd90c84e0e1a74919b53227246aa5bbd1f83,fa3afd276c888a57896877aeecca2aaf5a7c2b0ed869958c8b5114bf563d6fac,2.886579864025407e-15,8
B1_10,B1,,2,"{""b_ratio"": 1.3838359020959472, ""bias"": 2.374612666746951, ""fitness_mode"": ""count"", ""floor"": 0, ""jitter"": 0, ""motif_length"": 5, ""mutation_rate"": 0.00018784835755154288, ""n_cells"": 40, ""n_gens"": 150, ""n_metabolites"": 4, ""n_segments"": 2, ""n_seqs"": 8, ""p"": 0.6083145239102223, ""penalty"": 0.18424253592526385, ""penalty_ratio"": 0.11790919052901745, ""reward"": 1.562579940534167, ""segment_order"": ""native"", ""seq_len"": 60, ""sigma"": 2.0184117009009976, ""sigma_ratio"": 1.1762552335508947, ""stride"": 1, ""temperature"": 1.7159640555288245}",1036331472,0.4072682517981266,0.6944946632188143,0.28722641142068767,0.15323302714005926,0.07702290291762577,0.18383079988203832,35.56465922364769,aae1f4db703512b4657cb5a2ad4faae1ff289005fa18af6809c34f5dcb59d926,73bcc75bab84e1eee034bf0d55d9f1beab674a4d95c1c50eef7c9ab7648e89d7,1.942890293094024e-15,8
B1_10,B1,,3,"{""b_ratio"": 1.3838359020959472, ""bias"": 2.374612666746951, ""fitness_mode"": ""count"", ""floor"": 0, ""jitter"": 0, ""motif_length"": 5, ""mutation_rate"": 0.00018784835755154288, ""n_cells"": 40, ""n_gens"": 150, ""n_metabolites"": 4, ""n_segments"": 2, ""n_seqs"": 8, ""p"": 0.6083145239102223, ""penalty"": 0.18424253592526385, ""penalty_ratio"": 0.11790919052901745, ""reward"": 1.562579940534167, ""segment_order"": ""native"", ""seq_len"": 60, ""sigma"": 2.0184117009009976, ""sigma_ratio"": 1.1762552335508947, ""stride"": 1, ""temperature"": 1.7159640555288245}",390298803,0.3923357075990688,0.6784563870300702,0.2861206794310014,0.22570011463488004,0.08230148034218791,0.14546315067732252,35.40835770940889,4d8501fea486d29ad1bc101dd1a96e48c3baf607d0294f8f4e2d0b42fc13c8c2,f1b5486e65b9d0b6dd0e2253307e764a1b5e8564478c624c389d8c0bbc2e9f68,3.1086244689504383e-15,8
B1_10,B1,,4,"{""b_ratio"": 1.3838359020959472, ""bias"": 2.374612666746951, ""fitness_mode"": ""count"", ""floor"": 0, ""jitter"": 0, ""motif_length"": 5, ""mutation_rate"": 0.00018784835755154288, ""n_cells"": 40, ""n_gens"": 150, ""n_metabolites"": 4, ""n_segments"": 2, ""n_seqs"": 8, ""p"": 0.6083145239102223, ""penalty"": 0.18424253592526385, ""penalty_ratio"": 0.11790919052901745, ""reward"": 1.562579940534167, ""segment_order"": ""native"", ""seq_len"": 60, ""sigma"": 2.0184117009009976, ""sigma_ratio"": 1.1762552335508947, ""stride"": 1, ""temperature"": 1.7159640555288245}",1751779714,0.41740655027677664,0.7020755215128491,0.2846689712360725,0.18312295412196455,0.08934531438181127,0.21639450727679588,36.16099034399379,7127b3a8709026f729d9fc0a8be28a838a6a6613bb94b3b3c102a514d95c9915,b41fab71441ea7d34d4ddbf57222ce7e226c263147abad09f478b24c8bca78ce,1.6653345369377348e-15,8
B1_10,B1,,5,"{""b_ratio"": 1.3838359020959472, ""bias"": 2.374612666746951, ""fitness_mode"": ""count"", ""floor"": 0, ""jitter"": 0, ""motif_length"": 5, ""mutation_rate"": 0.00018784835755154288, ""n_cells"": 40, ""n_gens"": 150, ""n_metabolites"": 4, ""n_segments"": 2, ""n_seqs"": 8, ""p"": 0.6083145239102223, ""penalty"": 0.18424253592526385, ""penalty_ratio"": 0.11790919052901745, ""reward"": 1.562579940534167, ""segment_order"": ""native"", ""seq_len"": 60, ""sigma"": 2.0184117009009976, ""sigma_ratio"": 1.1762552335508947, ""stride"": 1, ""temperature"": 1.7159640555288245}",4172092139,0.3977311793926268,0.6835019733166056,0.28577079392397875,0.16547946536011438,0.06160336694185697,0.14148877424729278,35.779236966555096,b4cc9a5cda5b4ad9f058395bc551ce04056295e54d467b1c3e99b15a87e07c80,ae41bdad4d3904bcee0959c162b2014cf537fe2d01df51c498a9c518701f0456,9.71445146547012e-16,8
B1_10,B1,,6,"{""b_ratio"": 1.3838359020959472, ""bias"": 2.374612666746951, ""fitness_mode"": ""count"", ""floor"": 0, ""jitter"": 0, ""motif_length"": 5, ""mutation_rate"": 0.00018784835755154288, ""n_cells"": 40, ""n_gens"": 150, ""n_metabolites"": 4, ""n_segments"": 2, ""n_seqs"": 8, ""p"": 0.6083145239102223, ""penalty"": 0.18424253592526385, ""penalty_ratio"": 0.11790919052901745, ""reward"": 1.562579940534167, ""segment_order"": ""native"", ""seq_len"": 60, ""sigma"": 2.0184117009009976, ""sigma_ratio"": 1.1762552335508947, ""stride"": 1, ""temperature"": 1.7159640555288245}",2096829001,0.393387527076205,0.6784706125632203,0.2850830854870153,0.18102821278622905,0.049689675208898554,0.024358324007266674,35.35694705565209,aa55f1460950013e42f0cd1c7e8144eea6ea724ddc850852ee0b0659bce91776,1e6cfae20e024bca8ef7a8ebdb574ff166207435c210024494f768e7f2480431,3.774758283725532e-15,8
B1_10,B1,,7,"{""b_ratio"": 1.3838359020959472, ""bias"": 2.374612666746951, ""fitness_mode"": ""count"", ""floor"": 0, ""jitter"": 0, ""motif_length"": 5, ""mutation_rate"": 0.00018784835755154288, ""n_cells"": 40, ""n_gens"": 150, ""n_metabolites"": 4, ""n_segments"": 2, ""n_seqs"": 8, ""p"": 0.6083145239102223, ""penalty"": 0.18424253592526385, ""penalty_ratio"": 0.11790919052901745, ""reward"": 1.562579940534167, ""segment_order"": ""native"", ""seq_len"": 60, ""sigma"": 2.0184117009009976, ""sigma_ratio"": 1.1762552335508947, ""stride"": 1, ""temperature"": 1.7159640555288245}",3416647587,0.39708900040749123,0.6833413611857255,0.2862523607782343,0.20033781406599527,0.10876059494325184,0.16072100989869398,35.97743824874569,99682ffdbfb175e585966f587ebd3a22d748cc92f44927897b4fef3fa2fb1e50,5dfac1e204af4a98dedabfb0d84b48a8f6749271683c2e64a828dd51ca3ab3b1,3.885780586188048e-15,8
B1_11,B1,,0,"{""b_ratio"": 1.2545560025053053, ""bias"": 1.3352635197018738, ""fitness_mode"": ""fraction"", ""floor"": 1, ""jitter"": 0, ""motif_length"": 4, ""mutation_rate"": 0.0017023502138196409, ""n_cells"": 80, ""n_gens"": 150, ""n_metabolites"": 3, ""n_segments"": 4, ""n_seqs"": 8, ""p"": 0.951375754858168, ""penalty"": 0.5625601787160569, ""penalty_ratio"": 0.41293595220611623, ""reward"": 1.362342454587863, ""segment_order"": ""native"", ""seq_len"": 60, ""sigma"": 1.3578198699363253, ""sigma_ratio"": 1.2757489761496097, ""stride"": 2, ""temperature"": 1.0643315380384761}",284435980,0.42791705417924747,0.507496314058563,0.07957925987931551,0.0356990384339817,0.008093271625969208,0.005756951142096289,1.358905088254998,dcaea71c5575373f7497b89ea071967a67445c70e7eae07db84405c7a7cf7965,517454c2a80b99b78b0eae5265d78b5b9b17e95265c97ba1cfa31853cf09dae9,3.4416913763379853e-15,8
B1_11,B1,,1,"{""b_ratio"": 1.2545560025053053, ""bias"": 1.3352635197018738, ""fitness_mode"": ""fraction"", ""floor"": 1, ""jitter"": 0, ""motif_length"": 4, ""mutation_rate"": 0.0017023502138196409, ""n_cells"": 80, ""n_gens"": 150, ""n_metabolites"": 3, ""n_segments"": 4, ""n_seqs"": 8, ""p"": 0.951375754858168, ""penalty"": 0.5625601787160569, ""penalty_ratio"": 0.41293595220611623, ""reward"": 1.362342454587863, ""segment_order"": ""native"", ""seq_len"": 60, ""sigma"": 1.3578198699363253, ""sigma_ratio"": 1.2757489761496097, ""stride"": 2, ""temperature"": 1.0643315380384761}",1600739884,0.4289855689761121,0.5105909274056948,0.08160535842958268,0.015825553311730356,0.014060523312079241,-0.008958722445463696,1.328228240639748,f1213dd5db94d78c00a8b37c8303a1c228fe2ac4d0c6b021cf7a1091fe1ed488,0126f3e5e6d519cc71e5d499a572e09853ac4fb80d8547b58b7a39fd1ba9143a,4.3298697960381105e-15,8
B1_11,B1,,2,"{""b_ratio"": 1.2545560025053053, ""bias"": 1.3352635197018738, ""fitness_mode"": ""fraction"", ""floor"": 1, ""jitter"": 0, ""motif_length"": 4, ""mutation_rate"": 0.0017023502138196409, ""n_cells"": 80, ""n_gens"": 150, ""n_metabolites"": 3, ""n_segments"": 4, ""n_seqs"": 8, ""p"": 0.951375754858168, ""penalty"": 0.5625601787160569, ""penalty_ratio"": 0.41293595220611623, ""reward"": 1.362342454587863, ""segment_order"": ""native"", ""seq_len"": 60, ""sigma"": 1.3578198699363253, ""sigma_ratio"": 1.2757489761496097, ""stride"": 2, ""temperature"": 1.0643315380384761}",461024761,0.38568932851558774,0.46241118728488523,0.0767218587692975,0.025309202620045684,0.01886580890067468,0.01459171515190505,1.3629706381470261,4b315c56dfad02d855228bdfde24bba71cfb28343f5dacebd082d364015627d7,5442ab01db489c0e0a5dfc72d6cc8d35badb1be6a750c78ce1f4b1a124bc447a,3.6637359812630166e-15,8
B1_11,B1,,3,"{""b_ratio"": 1.2545560025053053, ""bias"": 1.3352635197018738, ""fitness_mode"": ""fraction"", ""floor"": 1, ""jitter"": 0, ""motif_length"": 4, ""mutation_rate"": 0.0017023502138196409, ""n_cells"": 80, ""n_gens"": 150, ""n_metabolites"": 3, ""n_segments"": 4, ""n_seqs"": 8, ""p"": 0.951375754858168, ""penalty"": 0.5625601787160569, ""penalty_ratio"": 0.41293595220611623, ""reward"": 1.362342454587863, ""segment_order"": ""native"", ""seq_len"": 60, ""sigma"": 1.3578198699363253, ""sigma_ratio"": 1.2757489761496097, ""stride"": 2, ""temperature"": 1.0643315380384761}",647612380,0.40949621287813254,0.4884550294280735,0.07895881654994095,0.021234561517475797,0.012977110846776566,0.0004000748640777818,1.3305558635741395,4639608dcba223b8d30c60c790e64e19c1ac80080ad83c9dba68d1211e91f898,0c66860703a7d1b0bf86c3a253eda27852a45b54128e07c0b15b91d5576dfb61,6.8833827526759706e-15,8
B1_11,B1,,4,"{""b_ratio"": 1.2545560025053053, ""bias"": 1.3352635197018738, ""fitness_mode"": ""fraction"", ""floor"": 1, ""jitter"": 0, ""motif_length"": 4, ""mutation_rate"": 0.0017023502138196409, ""n_cells"": 80, ""n_gens"": 150, ""n_metabolites"": 3, ""n_segments"": 4, ""n_seqs"": 8, ""p"": 0.951375754858168, ""penalty"": 0.5625601787160569, ""penalty_ratio"": 0.41293595220611623, ""reward"": 1.362342454587863, ""segment_order"": ""native"", ""seq_len"": 60, ""sigma"": 1.3578198699363253, ""sigma_ratio"": 1.2757489761496097, ""stride"": 2, ""temperature"": 1.0643315380384761}",152490621,0.4310123477471825,0.5120316020239539,0.08101925427677141,0.03646918233131849,0.017039318962752587,0.003102412296006607,1.3546209163762335,a1931b09f2ec63b8c36ab39752bfdb868a9c5d363a22f038db5e65ef5a32f666,037e0aa18b3baa84c1c535d7ee605b928677eee7d4ef5a0706f52d620e9a4e4a,7.882583474838611e-15,8
B1_11,B1,,5,"{""b_ratio"": 1.2545560025053053, ""bias"": 1.3352635197018738, ""fitness_mode"": ""fraction"", ""floor"": 1, ""jitter"": 0, ""motif_length"": 4, ""mutation_rate"": 0.0017023502138196409, ""n_cells"": 80, ""n_gens"": 150, ""n_metabolites"": 3, ""n_segments"": 4, ""n_seqs"": 8, ""p"": 0.951375754858168, ""penalty"": 0.5625601787160569, ""penalty_ratio"": 0.41293595220611623, ""reward"": 1.362342454587863, ""segment_order"": ""native"", ""seq_len"": 60, ""sigma"": 1.3578198699363253, ""sigma_ratio"": 1.2757489761496097, ""stride"": 2, ""temperature"": 1.0643315380384761}",1850378708,0.39466001300139864,0.4754270122314648,0.08076699923006611,0.031676558170326635,0.012530119553254797,0.02478209763477479,1.3694606313775135,b402ca1782a7dc684d0f28b8b7e8853a7e24df2514904599d1f85adf6b155a48,0573b3a90dc78f10a0e6bafaf2d2510d46755318b1950b32ca3e8c5926af9fcd,8.659739592076221e-15,8
B1_11,B1,,6,"{""b_ratio"": 1.2545560025053053, ""bias"": 1.3352635197018738, ""fitness_mode"": ""fraction"", ""floor"": 1, ""jitter"": 0, ""motif_length"": 4, ""mutation_rate"": 0.0017023502138196409, ""n_cells"": 80, ""n_gens"": 150, ""n_metabolites"": 3, ""n_segments"": 4, ""n_seqs"": 8, ""p"": 0.951375754858168, ""penalty"": 0.5625601787160569, ""penalty_ratio"": 0.41293595220611623, ""reward"": 1.362342454587863, ""segment_order"": ""native"", ""seq_len"": 60, ""sigma"": 1.3578198699363253, ""sigma_ratio"": 1.2757489761496097, ""stride"": 2, ""temperature"": 1.0643315380384761}",4278933488,0.4113722755004721,0.49123260740268787,0.07986033190221577,0.04968415928957551,0.015375538974598174,0.009839077342572722,1.3723052917456482,cd57512e23badb5871fb08af69fe687ff748e3b42a7b9d857e7c611797039315,6c7c6642917b6e2f8ab01b04c0e1c0824835dc470e4e9f8953fc2e2fb47d96d4,4.274358644806853e-15,8
B1_11,B1,,7,"{""b_ratio"": 1.2545560025053053, ""bias"": 1.3352635197018738, ""fitness_mode"": ""fraction"", ""floor"": 1, ""jitter"": 0, ""motif_length"": 4, ""mutation_rate"": 0.0017023502138196409, ""n_cells"": 80, ""n_gens"": 150, ""n_metabolites"": 3, ""n_segments"": 4, ""n_seqs"": 8, ""p"": 0.951375754858168, ""penalty"": 0.5625601787160569, ""penalty_ratio"": 0.41293595220611623, ""reward"": 1.362342454587863, ""segment_order"": ""native"", ""seq_len"": 60, ""sigma"": 1.3578198699363253, ""sigma_ratio"": 1.2757489761496097, ""stride"": 2, ""temperature"": 1.0643315380384761}",1747583662,0.3782596045391224,0.4620015107822548,0.08374190624313245,0.01948325873202214,0.010071426731508069,0.03360691830656859,1.3420342760189947,ae3fb91a70540a914b62f05ba7edb526be9dc8830d216e283f942c5424179230,caf1ec2ae346edfa28b4ace81eae05e496e249aa140df0f79fc2d45b518dabee,8.104628079763643e-15,8
B1_12,B1,,0,"{""b_ratio"": 2.1721979900193595, ""bias"": 2.5007162995724794, ""fitness_mode"": ""count"", ""floor"": 0, ""jitter"": 0, ""motif_length"": 6, ""mutation_rate"": 0.00017213749574060178, ""n_cells"": 80, ""n_gens"": 150, ""n_metabolites"": 3, ""n_segments"": 2, ""n_seqs"": 8, ""p"": 0.4538353939376268, ""penalty"": 0.670327922092565, ""penalty_ratio"": 0.3032849551718537, ""reward"": 2.2102247759462044, ""segment_order"": ""native"", ""seq_len"": 60, ""sigma"": 0.9520886699394325, ""sigma_ratio"": 0.827013082418108, ""stride"": 1, ""temperature"": 1.1512377375647014}",2421486531,0.11049954632447184,0.45070787771482135,0.3402083313903495,0.10243507247689876,0.09548105943377058,-0.017002676450228904,16.070618967001522,ef53d457fc345894f4dc59dac541354a2cc8b6e95f8c6eeb330ecc5776c29bcb,39989b98290cd05648738315ed6dbcb4b6caca6cf5355dc3e662e2c2d6a872ac,1.1324274851176597e-14,8
B1_12,B1,,1,"{""b_ratio"": 2.1721979900193595, ""bias"": 2.5007162995724794, ""fitness_mode"": ""count"", ""floor"": 0, ""jitter"": 0, ""motif_length"": 6, ""mutation_rate"": 0.00017213749574060178, ""n_cells"": 80, ""n_gens"": 150, ""n_metabolites"": 3, ""n_segments"": 2, ""n_seqs"": 8, ""p"": 0.4538353939376268, ""penalty"": 0.670327922092565, ""penalty_ratio"": 0.3032849551718537, ""reward"": 2.2102247759462044, ""segment_order"": ""native"", ""seq_len"": 60, ""sigma"": 0.9520886699394325, ""sigma_ratio"": 0.827013082418108, ""stride"": 1, ""temperature"": 1.1512377375647014}",328538580,0.11222824416127142,0.4550153953127217,0.3427871511514503,0.14091908326801184,0.08925792427693297,0.3586727467697841,16.329262966427137,c40eca816bf236f0f4472677eacf69f066f70ce12ddd68f571f7478209860f13,61cbbf4712d6ac73ef6e257aac30f81f2469b4b72cc7336f30b2d67d408f0210,4.9960036108132044e-15,8
B1_12,B1,,2,"{""b_ratio"": 2.1721979900193595, ""bias"": 2.5007162995724794, ""fitness_mode"": ""count"", ""floor"": 0, ""jitter"": 0, ""motif_length"": 6, ""mutation_rate"": 0.00017213749574060178, ""n_cells"": 80, ""n_gens"": 150, ""n_metabolites"": 3, ""n_segments"": 2, ""n_seqs"": 8, ""p"": 0.4538353939376268, ""penalty"": 0.670327922092565, ""penalty_ratio"": 0.3032849551718537, ""reward"": 2.2102247759462044, ""segment_order"": ""native"", ""seq_len"": 60, ""sigma"": 0.9520886699394325, ""sigma_ratio"": 0.827013082418108, ""stride"": 1, ""temperature"": 1.1512377375647014}",2982454799,0.11434306792865345,0.45683884438438005,0.3424957764557266,0.13311837619477473,0.06623719742945697,-0.12210786675382046,16.77102562889751,d844075d2d330957a9c46daf31580b388637546393f19bbcc75f1ba5a1f74acc,0a75eece4740554d1aadf13b975064abf87fd540d1bfdf7f9170ad748c736f56,3.3306690738754696e-15,8
B1_12,B1,,3,"{""b_ratio"": 2.1721979900193595, ""bias"": 2.5007162995724794, ""fitness_mode"": ""count"", ""floor"": 0, ""jitter"": 0, ""motif_length"": 6, ""mutation_rate"": 0.00017213749574060178, ""n_cells"": 80, ""n_gens"": 150, ""n_metabolites"": 3, ""n_segments"": 2, ""n_seqs"": 8, ""p"": 0.4538353939376268, ""penalty"": 0.670327922092565, ""penalty_ratio"": 0.3032849551718537, ""reward"": 2.2102247759462044, ""segment_order"": ""native"", ""seq_len"": 60, ""sigma"": 0.9520886699394325, ""sigma_ratio"": 0.827013082418108, ""stride"": 1, ""temperature"": 1.1512377375647014}",3940950850,0.10700901431667248,0.4472339288195425,0.34022491450287,0.07417533663838727,0.06765551191681775,0.06324047526949528,15.824147878250823,15ac0af681954e8fda478d9c1437e1b6cb3fc0b70ab4c704dfbcb26aed2b6f00,ff703378eefa71084306371d6b651815e15f0ca8233b9f9d768256c6066ae588,7.549516567451064e-15,8
B1_12,B1,,4,"{""b_ratio"": 2.1721979900193595, ""bias"": 2.5007162995724794, ""fitness_mode"": ""count"", ""floor"": 0, ""jitter"": 0, ""motif_length"": 6, ""mutation_rate"": 0.00017213749574060178, ""n_cells"": 80, ""n_gens"": 150, ""n_metabolites"": 3, ""n_segments"": 2, ""n_seqs"": 8, ""p"": 0.4538353939376268, ""penalty"": 0.670327922092565, ""penalty_ratio"": 0.3032849551718537, ""reward"": 2.2102247759462044, ""segment_order"": ""native"", ""seq_len"": 60, ""sigma"": 0.9520886699394325, ""sigma_ratio"": 0.827013082418108, ""stride"": 1, ""temperature"": 1.1512377375647014}",3330198757,0.10552141789471459,0.4448601279027088,0.3393387100079942,0.07735748504775142,0.1223335795753272,0.14821700839571683,15.318945725998294,0e59ee3cb0cb4b36214150634de72681bc0723fd5c5376760d5fbf5b8cf954d6,479d1be103d58eea8361006cc7c38ee8539b70d68086ecc5d27207bc87cfac1b,3.885780586188048e-15,8
B1_12,B1,,5,"{""b_ratio"": 2.1721979900193595, ""bias"": 2.5007162995724794, ""fitness_mode"": ""count"", ""floor"": 0, ""jitter"": 0, ""motif_length"": 6, ""mutation_rate"": 0.00017213749574060178, ""n_cells"": 80, ""n_gens"": 150, ""n_metabolites"": 3, ""n_segments"": 2, ""n_seqs"": 8, ""p"": 0.4538353939376268, ""penalty"": 0.670327922092565, ""penalty_ratio"": 0.3032849551718537, ""reward"": 2.2102247759462044, ""segment_order"": ""native"", ""seq_len"": 60, ""sigma"": 0.9520886699394325, ""sigma_ratio"": 0.827013082418108, ""stride"": 1, ""temperature"": 1.1512377375647014}",1028690159,0.11190706769107855,0.4507879308855647,0.3388808631944861,0.14297938706138202,0.09222897488758344,-0.22909008725139657,15.94779235102511,ea8db5fa41184212853dd6c7dfe9b72d62108a64c5194c0ef2d621de861164a4,537f7b16b46c570f6be7246c79fc1ea72228f62b0990f25a09a9fab150eb9b3b,4.6629367034256575e-15,8
B1_12,B1,,6,"{""b_ratio"": 2.1721979900193595, ""bias"": 2.5007162995724794, ""fitness_mode"": ""count"", ""floor"": 0, ""jitter"": 0, ""motif_length"": 6, ""mutation_rate"": 0.00017213749574060178, ""n_cells"": 80, ""n_gens"": 150, ""n_metabolites"": 3, ""n_segments"": 2, ""n_seqs"": 8, ""p"": 0.4538353939376268, ""penalty"": 0.670327922092565, ""penalty_ratio"": 0.3032849551718537, ""reward"": 2.2102247759462044, ""segment_order"": ""native"", ""seq_len"": 60, ""sigma"": 0.9520886699394325, ""sigma_ratio"": 0.827013082418108, ""stride"": 1, ""temperature"": 1.1512377375647014}",54833425,0.10561497390765773,0.44678186485780136,0.34116689095014363,0.07004905950590512,0.07668615894579354,-0.194451465758382,16.118912231547377,74728088a553d814dbe1114ab4973b1ca6f77952b228604dbb4fb3daaf1cca72,136637e566ae4ab16add0ce6ceef2a9b98d9a95d499127384e40d12983165a52,3.885780586188048e-15,8
B1_12,B1,,7,"{""b_ratio"": 2.1721979900193595, ""bias"": 2.5007162995724794, ""fitness_mode"": ""count"", ""floor"": 0, ""jitter"": 0, ""motif_length"": 6, ""mutation_rate"": 0.00017213749574060178, ""n_cells"": 80, ""n_gens"": 150, ""n_metabolites"": 3, ""n_segments"": 2, ""n_seqs"": 8, ""p"": 0.4538353939376268, ""penalty"": 0.670327922092565, ""penalty_ratio"": 0.3032849551718537, ""reward"": 2.2102247759462044, ""segment_order"": ""native"", ""seq_len"": 60, ""sigma"": 0.9520886699394325, ""sigma_ratio"": 0.827013082418108, ""stride"": 1, ""temperature"": 1.1512377375647014}",3395246681,0.10857846547208344,0.4496117580461553,0.34103329257407183,0.12896813507550364,0.08664475982662884,-0.015601232826774947,15.960049685486737,3f2156686215ad7b43b3eb3f02267359c4f05c0ea0719517b897c2a9a9a775da,2d3c15f46d746b98437e229c33ad148fffe95fedbf833e972dd9c1e3865d90fd,4.107825191113079e-15,8
B1_13,B1,,0,"{""b_ratio"": 2.8629683908610324, ""bias"": 2.6887427597663884, ""fitness_mode"": ""fraction"", ""floor"": 0, ""jitter"": 0, ""motif_length"": 6, ""mutation_rate"": 0.00030967201585289613, ""n_cells"": 40, ""n_gens"": 150, ""n_metabolites"": 6, ""n_segments"": 8, ""n_seqs"": 8, ""p"": 0.7993668659120046, ""penalty"": 0.8949788073031568, ""penalty_ratio"": 0.2983947554205095, ""reward"": 2.9993114525150344, ""segment_order"": ""native"", ""seq_len"": 60, ""sigma"": 1.322116478146468, ""sigma_ratio"": 1.4077872166167076, ""stride"": 2, ""temperature"": 0.939145108394911}",968508385,0.26384136169530137,1.2544981935525752,0.9906568318572738,0.015833981446778833,0.009958098424115212,0.02764495864374661,2.118470231981764,c2b014a1769948173f18523f03b4fa67cac5f2ca8b07e5bf731fe3169e80f666,7b3e06f9667c5bd2e8450f658d0c8d6ee87088a9f363051d8f83748d168cbb4d,1.2212453270876722e-15,8
B1_13,B1,,1,"{""b_ratio"": 2.8629683908610324, ""bias"": 2.6887427597663884, ""fitness_mode"": ""fraction"", ""floor"": 0, ""jitter"": 0, ""motif_length"": 6, ""mutation_rate"": 0.00030967201585289613, ""n_cells"": 40, ""n_gens"": 150, ""n_metabolites"": 6, ""n_segments"": 8, ""n_seqs"": 8, ""p"": 0.7993668659120046, ""penalty"": 0.8949788073031568, ""penalty_ratio"": 0.2983947554205095, ""reward"": 2.9993114525150344, ""segment_order"": ""native"", ""seq_len"": 60, ""sigma"": 1.322116478146468, ""sigma_ratio"": 1.4077872166167076, ""stride"": 2, ""temperature"": 0.939145108394911}",690227681,0.30972933912925404,1.1872971477722476,0.8775678086429936,0.013473565348069594,0.010168318177042336,0.018614958666006043,2.188209824028923,d5a6bfc343a8a61ca31f60bbabeea6a26031511add1245de77fb2beb7733152e,34eb1a3c4f91ba421b1587b4cdc0dfb4e8e48c0b57551e058e45e592ee4f7328,1.7763568394002505e-15,8
B1_13,B1,,2,"{""b_ratio"": 2.8629683908610324, ""bias"": 2.6887427597663884, ""fitness_mode"": ""fraction"", ""floor"": 0, ""jitter"": 0, ""motif_length"": 6, ""mutation_rate"": 0.00030967201585289613, ""n_cells"": 40, ""n_gens"": 150, ""n_metabolites"": 6, ""n_segments"": 8, ""n_seqs"": 8, ""p"": 0.7993668659120046, ""penalty"": 0.8949788073031568, ""penalty_ratio"": 0.2983947554205095, ""reward"": 2.9993114525150344, ""segment_order"": ""native"", ""seq_len"": 60, ""sigma"": 1.322116478146468, ""sigma_ratio"": 1.4077872166167076, ""stride"": 2, ""temperature"": 0.939145108394911}",4040511814,0.26865813281287365,1.268684951540538,1.0000268187276644,0.013554730638374812,0.008847908028107712,-0.023087251676586984,2.1285711299207164,25a90ecbbb26aeb3b53f0fd486f16627013c9cff170dfb9f10a3e7510445c8e5,5c2e386960722bbaee2cb220b48c12ee81642b70818871c5406296909ee648da,1.4432899320127035e-15,8
B1_13,B1,,3,"{""b_ratio"": 2.8629683908610324, ""bias"": 2.6887427597663884, ""fitness_mode"": ""fraction"", ""floor"": 0, ""jitter"": 0, ""motif_length"": 6, ""mutation_rate"": 0.00030967201585289613, ""n_cells"": 40, ""n_gens"": 150, ""n_metabolites"": 6, ""n_segments"": 8, ""n_seqs"": 8, ""p"": 0.7993668659120046, ""penalty"": 0.8949788073031568, ""penalty_ratio"": 0.2983947554205095, ""reward"": 2.9993114525150344, ""segment_order"": ""native"", ""seq_len"": 60, ""sigma"": 1.322116478146468, ""sigma_ratio"": 1.4077872166167076, ""stride"": 2, ""temperature"": 0.939145108394911}",375606621,0.22277197232032386,1.342932884661827,1.120160912341503,0.02044208846863743,0.01025876282174621,-0.010867615931107633,2.15494838965528,f1d9549dc2a0422916380442d7bab33f5d26163909c6571d7bbca80c2ecb506c,6511880bd1e17eeb1bd8425f26c11d4d6afcf3928004f312206643cb177c9e9f,1.3322676295501878e-15,8
B1_13,B1,,4,"{""b_ratio"": 2.8629683908610324, ""bias"": 2.6887427597663884, ""fitness_mode"": ""fraction"", ""floor"": 0, ""jitter"": 0, ""motif_length"": 6, ""mutation_rate"": 0.00030967201585289613, ""n_cells"": 40, ""n_gens"": 150, ""n_metabolites"": 6, ""n_segments"": 8, ""n_seqs"": 8, ""p"": 0.7993668659120046, ""penalty"": 0.8949788073031568, ""penalty_ratio"": 0.2983947554205095, ""reward"": 2.9993114525150344, ""segment_order"": ""native"", ""seq_len"": 60, ""sigma"": 1.322116478146468, ""sigma_ratio"": 1.4077872166167076, ""stride"": 2, ""temperature"": 0.939145108394911}",4207109904,0.2769062723817872,1.285772920654149,1.0088666482723618,0.012847179740282488,0.00888282024127494,0.013901566804550125,2.18029274536791,5ac93a01c70304e5da859efaa25c1377d9acad93c0fdfc4fbc5fb5f54ac6b101,4eda269c9fef1eb2798ddd405938ad4e25b3d60311eadf4b832f7286450574a2,1.9984014443252818e-15,8
B1_13,B1,,5,"{""b_ratio"": 2.8629683908610324, ""bias"": 2.6887427597663884, ""fitness_mode"": ""fraction"", ""floor"": 0, ""jitter"": 0, ""motif_length"": 6, ""mutation_rate"": 0.00030967201585289613, ""n_cells"": 40, ""n_gens"": 150, ""n_metabolites"": 6, ""n_segments"": 8, ""n_seqs"": 8, ""p"": 0.7993668659120046, ""penalty"": 0.8949788073031568, ""penalty_ratio"": 0.2983947554205095, ""reward"": 2.9993114525150344, ""segment_order"": ""native"", ""seq_len"": 60, ""sigma"": 1.322116478146468, ""sigma_ratio"": 1.4077872166167076, ""stride"": 2, ""temperature"": 0.939145108394911}",1091976386,0.2575120784069703,1.2173247411485528,0.9598126627415825,0.018202625689000607,0.013088151002609542,0.01285126719447005,2.111860427874086,b080389fb924399596977816f53c8b8a3b4de5a89227023d5192ed7ddf7af881,08426ada1c6f2ca0ea5319bf6f27432ea413337a6c3f4cc81992710b6eb52006,1.887379141862766e-15,8
B1_13,B1,,6,"{""b_ratio"": 2.8629683908610324, ""bias"": 2.6887427597663884, ""fitness_mode"": ""fraction"", ""floor"": 0, ""jitter"": 0, ""motif_length"": 6, ""mutation_rate"": 0.00030967201585289613, ""n_cells"": 40, ""n_gens"": 150, ""n_metabolites"": 6, ""n_segments"": 8, ""n_seqs"": 8, ""p"": 0.7993668659120046, ""penalty"": 0.8949788073031568, ""penalty_ratio"": 0.2983947554205095, ""reward"": 2.9993114525150344, ""segment_order"": ""native"", ""seq_len"": 60, ""sigma"": 1.322116478146468, ""sigma_ratio"": 1.4077872166167076, ""stride"": 2, ""temperature"": 0.939145108394911}",663402096,0.3073781989292529,1.1715129375974702,0.8641347386682173,0.007485737973689732,0.014245220200851038,-0.005715985206681484,2.193391720941671,d8231d498b2fbcd72a6a2e2adac754949aa3fd9331d71758f0c270505f755920,fbddb7d1a6d3dc3ecfe760734c1879ac1a11a28531e9e217495efdcd01e096dd,2.7755575615628914e-15,8
B1_13,B1,,7,"{""b_ratio"": 2.8629683908610324, ""bias"": 2.6887427597663884, ""fitness_mode"": ""fraction"", ""floor"": 0, ""jitter"": 0, ""motif_length"": 6, ""mutation_rate"": 0.00030967201585289613, ""n_cells"": 40, ""n_gens"": 150, ""n_metabolites"": 6, ""n_segments"": 8, ""n_seqs"": 8, ""p"": 0.7993668659120046, ""penalty"": 0.8949788073031568, ""penalty_ratio"": 0.2983947554205095, ""reward"": 2.9993114525150344, ""segment_order"": ""native"", ""seq_len"": 60, ""sigma"": 1.322116478146468, ""sigma_ratio"": 1.4077872166167076, ""stride"": 2, ""temperature"": 0.939145108394911}",541850438,0.2839285693037199,1.2751563690372327,0.9912277997335128,0.014088660127099473,0.010776791693662677,0.010237831520781171,2.184808549326964,93252e35efc402a8d7e71ad86283c514eb564c0f633b9f33f85b64662ac5fde5,523a97c3019944c9faaa5ad11753b85b78bb433ccdc21141e281a6575bff7359,1.6653345369377348e-15,8
B1_14,B1,,0,"{""b_ratio"": 0.522265070278839, ""bias"": 0.4538493026587328, ""fitness_mode"": ""count"", ""floor"": 0.1, ""jitter"": 0, ""motif_length"": 4, ""mutation_rate"": 0.0008574261000977787, ""n_cells"": 40, ""n_gens"": 150, ""n_metabolites"": 6, ""n_segments"": 8, ""n_seqs"": 8, ""p"": 0.7444794783766534, ""penalty"": 1.0399563095861921, ""penalty_ratio"": 0.4954855972109523, ""reward"": 2.0988628437234516, ""segment_order"": ""native"", ""seq_len"": 60, ""sigma"": 0.4130160479373395, ""sigma_ratio"": 0.4752763836776877, ""stride"": 2, ""temperature"": 0.8690018316109505}",3715971941,0.09660086056002004,0.8557952708632084,0.7591944103031883,-0.00818253884726472,0.11022743652799613,-0.04891376647666945,25.682598962792856,6802ec3654b4843c556af6e6117560b7fa709cad268e0d84713aa78b59eb0cf3,d3774eb9c9ce146f176e8e244a33ab58fbf58e96002c7e02693a78e3c569c79f,7.494005416219807e-16,8
B1_14,B1,,1,"{""b_ratio"": 0.522265070278839, ""bias"": 0.4538493026587328, ""fitness_mode"": ""count"", ""floor"": 0.1, ""jitter"": 0, ""motif_length"": 4, ""mutation_rate"": 0.0008574261000977787, ""n_cells"": 40, ""n_gens"": 150, ""n_metabolites"": 6, ""n_segments"": 8, ""n_seqs"": 8, ""p"": 0.7444794783766534, ""penalty"": 1.0399563095861921, ""penalty_ratio"": 0.4954855972109523, ""reward"": 2.0988628437234516, ""segment_order"": ""native"", ""seq_len"": 60, ""sigma"": 0.4130160479373395, ""sigma_ratio"": 0.4752763836776877, ""stride"": 2, ""temperature"": 0.8690018316109505}",1532717922,0.09580757606015022,0.8360468987466798,0.7402393226865296,0.07674560882827963,0.08544163735986897,-0.20024752944022595,25.846631841910476,b633da49abf6e54db09c77865b3b21b4fbf6abdb3fae1fcae26a4b8e5edd71bd,48d9c9a40e161e500d0db423a90883bdb6c74b617eeeac82215da2d901f4a7ea,6.106226635438361e-16,8
B1_14,B1,,2,"{""b_ratio"": 0.522265070278839, ""bias"": 0.4538493026587328, ""fitness_mode"": ""count"", ""floor"": 0.1, ""jitter"": 0, ""motif_length"": 4, ""mutation_rate"": 0.0008574261000977787, ""n_cells"": 40, ""n_gens"": 150, ""n_metabolites"": 6, ""n_segments"": 8, ""n_seqs"": 8, ""p"": 0.7444794783766534, ""penalty"": 1.0399563095861921, ""penalty_ratio"": 0.4954855972109523, ""reward"": 2.0988628437234516, ""segment_order"": ""native"", ""seq_len"": 60, ""sigma"": 0.4130160479373395, ""sigma_ratio"": 0.4752763836776877, ""stride"": 2, ""temperature"": 0.8690018316109505}",3334399427,0.10046082435391945,0.8569471404259508,0.7564863160720313,-0.009021068803065635,0.09353212807557255,-0.012810191836884144,26.03719660383324,950d0939e5e5500c66607a546df17d04b5a54cbdc7878c76b1b3a8224139a8b0,78c46ccba7a98fd0f2aecf0194d8100e38779fa835ab797c77998ecbcdfa31e6,8.326672684688674e-16,8
B1_14,B1,,3,"{""b_ratio"": 0.522265070278839, ""bias"": 0.4538493026587328, ""fitness_mode"": ""count"", ""floor"": 0.1, ""jitter"": 0, ""motif_length"": 4, ""mutation_rate"": 0.0008574261000977787, ""n_cells"": 40, ""n_gens"": 150, ""n_metabolites"": 6, ""n_segments"": 8, ""n_seqs"": 8, ""p"": 0.7444794783766534, ""penalty"": 1.0399563095861921, ""penalty_ratio"": 0.4954855972109523, ""reward"": 2.0988628437234516, ""segment_order"": ""native"", ""seq_len"": 60, ""sigma"": 0.4130160479373395, ""sigma_ratio"": 0.4752763836776877, ""stride"": 2, ""temperature"": 0.8690018316109505}",3141205452,0.08708738194700194,0.8443454649723174,0.7572580830253155,0.0034219003785427304,0.11245692348446666,0.1765605513553865,25.91299115864922,1fbffa3ca0a14a4474421b1488676789f5be2c9e365a9115ac8659200bf9a040,9d5a426678ddcbda3f85904b8102062eae0521972fa52d879791ddc65b90739f,7.494005416219807e-16,8
B1_14,B1,,4,"{""b_ratio"": 0.522265070278839, ""bias"": 0.4538493026587328, ""fitness_mode"": ""count"", ""floor"": 0.1, ""jitter"": 0, ""motif_length"": 4, ""mutation_rate"": 0.0008574261000977787, ""n_cells"": 40, ""n_gens"": 150, ""n_metabolites"": 6, ""n_segments"": 8, ""n_seqs"": 8, ""p"": 0.7444794783766534, ""penalty"": 1.0399563095861921, ""penalty_ratio"": 0.4954855972109523, ""reward"": 2.0988628437234516, ""segment_order"": ""native"", ""seq_len"": 60, ""sigma"": 0.4130160479373395, ""sigma_ratio"": 0.4752763836776877, ""stride"": 2, ""temperature"": 0.8690018316109505}",4149593043,0.09021934664850295,0.8589552600455386,0.7687359133970356,0.07989308612404233,0.12122251647358706,0.04885059906149891,25.77767407567321,8bda283bd1d773919b1f9b9db13b837cddecd53f3592533e25ed8f3695420ef6,f027fa19fec3d5586e78b4ea9b5b0f39a0f40b6933782ab8af18d2db14dca88b,5.551115123125783e-16,8
B1_14,B1,,5,"{""b_ratio"": 0.522265070278839, ""bias"": 0.4538493026587328, ""fitness_mode"": ""count"", ""floor"": 0.1, ""jitter"": 0, ""motif_length"": 4, ""mutation_rate"": 0.0008574261000977787, ""n_cells"": 40, ""n_gens"": 150, ""n_metabolites"": 6, ""n_segments"": 8, ""n_seqs"": 8, ""p"": 0.7444794783766534, ""penalty"": 1.0399563095861921, ""penalty_ratio"": 0.4954855972109523, ""reward"": 2.0988628437234516, ""segment_order"": ""native"", ""seq_len"": 60, ""sigma"": 0.4130160479373395, ""sigma_ratio"": 0.4752763836776877, ""stride"": 2, ""temperature"": 0.8690018316109505}",508460602,0.09169071097550174,0.8533659072946294,0.7616751963191276,0.043654602273883736,0.08010384719398593,-0.10932097441804345,26.539333722469813,14ad9db7cf705c2135727eca7aa95ac90fb45c2f9de69efc9a6aaba448a10b94,8c251ad551b4b6894b1ba39a54f9629d80c87924570090dbc6814cba237e32e9,9.992007221626409e-16,8
B1_14,B1,,6,"{""b_ratio"": 0.522265070278839, ""bias"": 0.4538493026587328, ""fitness_mode"": ""count"", ""floor"": 0.1, ""jitter"": 0, ""motif_length"": 4, ""mutation_rate"": 0.0008574261000977787, ""n_cells"": 40, ""n_gens"": 150, ""n_metabolites"": 6, ""n_segments"": 8, ""n_seqs"": 8, ""p"": 0.7444794783766534, ""penalty"": 1.0399563095861921, ""penalty_ratio"": 0.4954855972109523, ""reward"": 2.0988628437234516, ""segment_order"": ""native"", ""seq_len"": 60, ""sigma"": 0.4130160479373395, ""sigma_ratio"": 0.4752763836776877, ""stride"": 2, ""temperature"": 0.8690018316109505}",2790394153,0.09554310027252733,0.8549086634354414,0.759365563162914,0.02812560118824603,0.09648291066781571,-0.024746337914056227,26.62146860093207,0a79e8e1b07e824a46533eb2e0bd4eeafe84e71124378fc5fba7185c017c1b0c,9b32221e3ed9c5950a2cf40652d54935607cae70ded30d5adc0ac15a12da2f5f,8.881784197001252e-16,8
B1_14,B1,,7,"{""b_ratio"": 0.522265070278839, ""bias"": 0.4538493026587328, ""fitness_mode"": ""count"", ""floor"": 0.1, ""jitter"": 0, ""motif_length"": 4, ""mutation_rate"": 0.0008574261000977787, ""n_cells"": 40, ""n_gens"": 150, ""n_metabolites"": 6, ""n_segments"": 8, ""n_seqs"": 8, ""p"": 0.7444794783766534, ""penalty"": 1.0399563095861921, ""penalty_ratio"": 0.4954855972109523, ""reward"": 2.0988628437234516, ""segment_order"": ""native"", ""seq_len"": 60, ""sigma"": 0.4130160479373395, ""sigma_ratio"": 0.4752763836776877, ""stride"": 2, ""temperature"": 0.8690018316109505}",1776330809,0.09817349044189316,0.8546816212253249,0.7565081307834317,0.10825826000322936,0.1147852179159314,0.08179313941140975,24.81575929600319,a57a0a1bf675a8264afae222bbebeb2c4ca9ed439d35e68e69d3dfa2a38bb84c,4944d535083e88ddc1ceed18cd53d977b7e38770e4d01a0871653d5e11e3fb73,1.0547118733938987e-15,8
B1_15,B1,,0,"{""b_ratio"": 2.5720465179599876, ""bias"": 3.6266213182908347, ""fitness_mode"": ""fraction"", ""floor"": 1, ""jitter"": 0, ""motif_length"": 6, ""mutation_rate"": 0.0010468091259703577, ""n_cells"": 160, ""n_gens"": 150, ""n_metabolites"": 6, ""n_segments"": 2, ""n_seqs"": 8, ""p"": 0.6620451796735867, ""penalty"": 0.30342115804440645, ""penalty_ratio"": 0.18548352069112406, ""reward"": 1.6358388977836889, ""segment_order"": ""native"", ""seq_len"": 60, ""sigma"": 0.38029788351443256, ""sigma_ratio"": 0.2697121538848263, ""stride"": 5, ""temperature"": 1.4100138908713364}",3771022981,0.012634419905524386,0.8456637525338856,0.8330293326283612,0.000287875368478685,0.001046353675878264,-0.0024667431150453556,1.5145268652594321,ee96006a7d1cba46cca926e5cf761624ed6724b801ec5e2f4325be024fa63a57,dbd202b3f818537d01ee38c88761b8dcb4eebeba5882a454532ede44eae269bc,2.7755575615628914e-15,8
B1_15,B1,,1,"{""b_ratio"": 2.5720465179599876, ""bias"": 3.6266213182908347, ""fitness_mode"": ""fraction"", ""floor"": 1, ""jitter"": 0, ""motif_length"": 6, ""mutation_rate"": 0.0010468091259703577, ""n_cells"": 160, ""n_gens"": 150, ""n_metabolites"": 6, ""n_segments"": 2, ""n_seqs"": 8, ""p"": 0.6620451796735867, ""penalty"": 0.30342115804440645, ""penalty_ratio"": 0.18548352069112406, ""reward"": 1.6358388977836889, ""segment_order"": ""native"", ""seq_len"": 60, ""sigma"": 0.38029788351443256, ""sigma_ratio"": 0.2697121538848263, ""stride"": 5, ""temperature"": 1.4100138908713364}",381635412,0.010665475379524225,0.8590167436309002,0.848351268251376,-0.00042983945140559476,0.0013969581125595407,0.0006915613002169696,1.5390427972689218,b9d02fc9dd508f7fc705f1041646f45e21ebd4e345808c45098f3a3c89531e36,b9f67fc862a93a92523a2b5f601f92a32f71ebb30d735b1a7cb3f3097f319622,4.218847493575595e-15,8
B1_15,B1,,2,"{""b_ratio"": 2.5720465179599876, ""bias"": 3.6266213182908347, ""fitness_mode"": ""fraction"", ""floor"": 1, ""jitter"": 0, ""motif_length"": 6, ""mutation_rate"": 0.0010468091259703577, ""n_cells"": 160, ""n_gens"": 150, ""n_metabolites"": 6, ""n_segments"": 2, ""n_seqs"": 8, ""p"": 0.6620451796735867, ""penalty"": 0.30342115804440645, ""penalty_ratio"": 0.18548352069112406, ""reward"": 1.6358388977836889, ""segment_order"": ""native"", ""seq_len"": 60, ""sigma"": 0.38029788351443256, ""sigma_ratio"": 0.2697121538848263, ""stride"": 5, ""temperature"": 1.4100138908713364}",2696429678,0.010400887442450046,0.8442346622425421,0.833833774800092,0.000702179986645457,0.0008461248399539505,0.005066130968304661,1.5188122828933879,c44e7db0c480e3c843f377fc94d2d5eb737aa59a0f1bd5b550713c2e5f944ac8,1abe3027b711558555ce7b1c089b6ea9b71521f0b3d7bcb965780bb2492c25ab,3.9968028886505635e-15,8
B1_15,B1,,3,"{""b_ratio"": 2.5720465179599876, ""bias"": 3.6266213182908347, ""fitness_mode"": ""fraction"", ""floor"": 1, ""jitter"": 0, ""motif_length"": 6, ""mutation_rate"": 0.0010468091259703577, ""n_cells"": 160, ""n_gens"": 150, ""n_metabolites"": 6, ""n_segments"": 2, ""n_seqs"": 8, ""p"": 0.6620451796735867, ""penalty"": 0.30342115804440645, ""penalty_ratio"": 0.18548352069112406, ""reward"": 1.6358388977836889, ""segment_order"": ""native"", ""seq_len"": 60, ""sigma"": 0.38029788351443256, ""sigma_ratio"": 0.2697121538848263, ""stride"": 5, ""temperature"": 1.4100138908713364}",2231255028,-0.0021615394954839218,0.8404404539798791,0.842601993475363,0.00027139932301981085,0.0010125969352494265,0.0015284801812232018,1.533670048155653,cff8f97aa723861cf464014c516cbb857992af6d3a6cdcb5995c4157094f7ac9,6645a312e94465afe7300fcf9071cd6416c296f14552100e18f42193531da189,1.2212453270876722e-15,8
B1_15,B1,,4,"{""b_ratio"": 2.5720465179599876, ""bias"": 3.6266213182908347, ""fitness_mode"": ""fraction"", ""floor"": 1, ""jitter"": 0, ""motif_length"": 6, ""mutation_rate"": 0.0010468091259703577, ""n_cells"": 160, ""n_gens"": 150, ""n_metabolites"": 6, ""n_segments"": 2, ""n_seqs"": 8, ""p"": 0.6620451796735867, ""penalty"": 0.30342115804440645, ""penalty_ratio"": 0.18548352069112406, ""reward"": 1.6358388977836889, ""segment_order"": ""native"", ""seq_len"": 60, ""sigma"": 0.38029788351443256, ""sigma_ratio"": 0.2697121538848263, ""stride"": 5, ""temperature"": 1.4100138908713364}",201534832,-0.003241628380246331,0.8235458981712791,0.8267875265515254,-8.700365247976682e-05,0.0007260872206856314,-0.0019226670813077273,1.519290501746945,dbc3aff3760a8c17b862f48236f96ae1bb9aa704184ef703a8b3261fbb4af1b3,317d87c136e4bcf3ec786ccb5bdecf30c5c5060ef3f17e4083d3624e43a1dd56,2.220446049250313e-15,8
B1_15,B1,,5,"{""b_ratio"": 2.5720465179599876, ""bias"": 3.6266213182908347, ""fitness_mode"": ""fraction"", ""floor"": 1, ""jitter"": 0, ""motif_length"": 6, ""mutation_rate"": 0.0010468091259703577, ""n_cells"": 160, ""n_gens"": 150, ""n_metabolites"": 6, ""n_segments"": 2, ""n_seqs"": 8, ""p"": 0.6620451796735867, ""penalty"": 0.30342115804440645, ""penalty_ratio"": 0.18548352069112406, ""reward"": 1.6358388977836889, ""segment_order"": ""native"", ""seq_len"": 60, ""sigma"": 0.38029788351443256, ""sigma_ratio"": 0.2697121538848263, ""stride"": 5, ""temperature"": 1.4100138908713364}",4083766737,0.0037050400836183828,0.8466657143707546,0.8429606742871362,-8.234417461244758e-05,0.001615063717314328,-0.0019994501582516477,1.5532924848921343,0d70317004a8aece0cd29fbbd7323030f70bdaef6ea4cb2e08330bcf59830b7c,f46412d20e23a3686ce9d67b9213b2ed32f9d33a21b865228443abced13bb3fd,3.3306690738754696e-15,8
B1_15,B1,,6,"{""b_ratio"": 2.5720465179599876, ""bias"": 3.6266213182908347, ""fitness_mode"": ""fraction"", ""floor"": 1, ""jitter"": 0, ""motif_length"": 6, ""mutation_rate"": 0.0010468091259703577, ""n_cells"": 160, ""n_gens"": 150, ""n_metabolites"": 6, ""n_segments"": 2, ""n_seqs"": 8, ""p"": 0.6620451796735867, ""penalty"": 0.30342115804440645, ""penalty_ratio"": 0.18548352069112406, ""reward"": 1.6358388977836889, ""segment_order"": ""native"", ""seq_len"": 60, ""sigma"": 0.38029788351443256, ""sigma_ratio"": 0.2697121538848263, ""stride"": 5, ""temperature"": 1.4100138908713364}",3897557587,0.002288299226460566,0.8169047708530665,0.8146164716266059,0.00018438148846464109,0.0017295854882577405,0.0001647997712128646,1.5221536327025675,ae3cc51f80fe070a61a407e19bb3a29a9075f4fc48d36b6b5983d3570e64989d,1a6d487ce9ef468c4c207cf3b355b41616884559ae19c556c1827c36251aaa82,1.2212453270876722e-15,8
B1_15,B1,,7,"{""b_ratio"": 2.5720465179599876, ""bias"": 3.6266213182908347, ""fitness_mode"": ""fraction"", ""floor"": 1, ""jitter"": 0, ""motif_length"": 6, ""mutation_rate"": 0.0010468091259703577, ""n_cells"": 160, ""n_gens"": 150, ""n_metabolites"": 6, ""n_segments"": 2, ""n_seqs"": 8, ""p"": 0.6620451796735867, ""penalty"": 0.30342115804440645, ""penalty_ratio"": 0.18548352069112406, ""reward"": 1.6358388977836889, ""segment_order"": ""native"", ""seq_len"": 60, ""sigma"": 0.38029788351443256, ""sigma_ratio"": 0.2697121538848263, ""stride"": 5, ""temperature"": 1.4100138908713364}",965301475,0.011383749767646667,0.853061064389339,0.8416773146216924,0.00029275667301170705,0.001087229582181856,0.0005859210854444186,1.536659949589362,44e9c4821ee9ae68e22d19e39f0bc54128e70c56b9896c8d5822afc25ee25357,dbfc9cc7689508b6d216465f48e1fb905c4f089672e77204a25984be83fdbb72,2.220446049250313e-15,8
B2_default,B2,anchor,0,"{""b_ratio"": 1.6666666666666667, ""bias"": 2.0, ""fitness_mode"": ""count"", ""floor"": 0.1, ""jitter"": 0, ""motif_length"": 5, ""mutation_rate"": 0.001, ""n_cells"": 80, ""n_gens"": 150, ""n_metabolites"": 4, ""n_segments"": 4, ""n_seqs"": 8, ""p"": 1.0, ""penalty"": 0.5, ""penalty_ratio"": 0.25, ""reward"": 2.0, ""segment_order"": ""native"", ""seq_len"": 60, ""sigma"": 1.0, ""sigma_ratio"": 0.8333333333333334, ""stride"": 1, ""temperature"": 1.2}",1697040031,0.22827799000270566,0.2623962229542657,0.03411823295156002,2.3429443359374984,0.5212690307804982,4.365026041666674,40.34375,b3e14b77bdb465e2997b380546809a812815137dc6df51da9f124820dd438407,2bcc9937074cf2020e880d64899f09c9303a9eb5bdcae0f88a9ae3c835fb7c27,1.2545520178264269e-14,8
B2_default,B2,anchor,1,"{""b_ratio"": 1.6666666666666667, ""bias"": 2.0, ""fitness_mode"": ""count"", ""floor"": 0.1, ""jitter"": 0, ""motif_length"": 5, ""mutation_rate"": 0.001, ""n_cells"": 80, ""n_gens"": 150, ""n_metabolites"": 4, ""n_segments"": 4, ""n_seqs"": 8, ""p"": 1.0, ""penalty"": 0.5, ""penalty_ratio"": 0.25, ""reward"": 2.0, ""segment_order"": ""native"", ""seq_len"": 60, ""sigma"": 1.0, ""sigma_ratio"": 0.8333333333333334, ""stride"": 1, ""temperature"": 1.2}",1181588883,0.24314071554572145,0.27343797802595504,0.030297262480233598,2.271346028645831,0.4274880265525403,4.347994791666672,38.47890625,a43c7680e9fc0bff45ef63e1ba09cc5b3d7e9c9096c67d755ac91136787394ca,4ff545538d4fe28c10d1f083bfdcf29b350a8b2f37f7fd483921cd447d598c0e,2.4313884239290928e-14,8
B2_default,B2,anchor,2,"{""b_ratio"": 1.6666666666666667, ""bias"": 2.0, ""fitness_mode"": ""count"", ""floor"": 0.1, ""jitter"": 0, ""motif_length"": 5, ""mutation_rate"": 0.001, ""n_cells"": 80, ""n_gens"": 150, ""n_metabolites"": 4, ""n_segments"": 4, ""n_seqs"": 8, ""p"": 1.0, ""penalty"": 0.5, ""penalty_ratio"": 0.25, ""reward"": 2.0, ""segment_order"": ""native"", ""seq_len"": 60, ""sigma"": 1.0, ""sigma_ratio"": 0.8333333333333334, ""stride"": 1, ""temperature"": 1.2}",624286051,0.25384694217760934,0.2847470704326643,0.03090012825505497,1.9391465928819454,0.8663874177779461,1.829843750000002,35.99296875,6bffa02ca978446a0471b619187f5c709d47840b2dce1f14139f2961a3db9ffd,0097feaa5b307e45bdf886984800cc130fc77856c1c85feb3f976e9b866eeeba,8.104628079763643e-15,8
B2_default,B2,anchor,3,"{""b_ratio"": 1.6666666666666667, ""bias"": 2.0, ""fitness_mode"": ""count"", ""floor"": 0.1, ""jitter"": 0, ""motif_length"": 5, ""mutation_rate"": 0.001, ""n_cells"": 80, ""n_gens"": 150, ""n_metabolites"": 4, ""n_segments"": 4, ""n_seqs"": 8, ""p"": 1.0, ""penalty"": 0.5, ""penalty_ratio"": 0.25, ""reward"": 2.0, ""segment_order"": ""native"", ""seq_len"": 60, ""sigma"": 1.0, ""sigma_ratio"": 0.8333333333333334, ""stride"": 1, ""temperature"": 1.2}",2788162579,0.22373501675662888,0.24706792653053783,0.023332909773908957,4.123779296874997,0.4670275483981544,6.075442708333334,40.353125,b1414c51b0ac13ebd8726b35c32f0321e3aade2c7a108b71b9a10923549cba8e,8d1e102c48af3b8d8c4646a4404ba674b56140b0c21684378e26d4f614bf481a,2.120525977034049e-14,8
B2_default,B2,anchor,4,"{""b_ratio"": 1.6666666666666667, ""bias"": 2.0, ""fitness_mode"": ""count"", ""floor"": 0.1, ""jitter"": 0, ""motif_length"": 5, ""mutation_rate"": 0.001, ""n_cells"": 80, ""n_gens"": 150, ""n_metabolites"": 4, ""n_segments"": 4, ""n_seqs"": 8, ""p"": 1.0, ""penalty"": 0.5, ""penalty_ratio"": 0.25, ""reward"": 2.0, ""segment_order"": ""native"", ""seq_len"": 60, ""sigma"": 1.0, ""sigma_ratio"": 0.8333333333333334, ""stride"": 1, ""temperature"": 1.2}",2115655435,0.2511921119561562,0.2799453643955525,0.028753252439396325,2.2412082248263916,0.5334894527582462,6.291796874999996,41.1171875,aa0b478dd615eb846c116c313c1f7b6b636b130948a5c5f1de386e5430be2046,671ebf8596fa22866042416798de3d13f0579c776546ac239840be81e84ec4f9,1.687538997430238e-14,8
B2_default,B2,anchor,5,"{""b_ratio"": 1.6666666666666667, ""bias"": 2.0, ""fitness_mode"": ""count"", ""floor"": 0.1, ""jitter"": 0, ""motif_length"": 5, ""mutation_rate"": 0.001, ""n_cells"": 80, ""n_gens"": 150, ""n_metabolites"": 4, ""n_segments"": 4, ""n_seqs"": 8, ""p"": 1.0, ""penalty"": 0.5, ""penalty_ratio"": 0.25, ""reward"": 2.0, ""segment_order"": ""native"", ""seq_len"": 60, ""sigma"": 1.0, ""sigma_ratio"": 0.8333333333333334, ""stride"": 1, ""temperature"": 1.2}",1115090845,0.24459086744240077,0.2770163371717273,0.032425469729326535,2.3023084852430555,0.27824826192047447,3.541979166666671,37.56640625,4515d65e6eb4ef369f657d8409e4832b0334a83a3d6d908e696511d5bfa2b316,26734a9010a40c628179b7e1542c9b3e7fcf1c87f30f510d1ea636ae4d8e0a36,1.074140776324839e-14,8
B2_default,B2,anchor,6,"{""b_ratio"": 1.6666666666666667, ""bias"": 2.0, ""fitness_mode"": ""count"", ""floor"": 0.1, ""jitter"": 0, ""motif_length"": 5, ""mutation_rate"": 0.001, ""n_cells"": 80, ""n_gens"": 150, ""n_metabolites"": 4, ""n_segments"": 4, ""n_seqs"": 8, ""p"": 1.0, ""penalty"": 0.5, ""penalty_ratio"": 0.25, ""reward"": 2.0, ""segment_order"": ""native"", ""seq_len"": 60, ""sigma"": 1.0, ""sigma_ratio"": 0.8333333333333334, ""stride"": 1, ""temperature"": 1.2}",720288661,0.2647869399685906,0.2946882250196922,0.02990128505110163,3.4892605251736075,0.9712575582972595,4.049322916666661,39.3984375,f62958c320ca3471e72e9537614de14437d73bb5568834f57a4302e8aa5cdd74,99c57ed18484b3d4e2d93b55800e72cd772db6b8ccae3f87c836263efe81fec3,2.3869795029440866e-14,8
B2_default,B2,anchor,7,"{""b_ratio"": 1.6666666666666667, ""bias"": 2.0, ""fitness_mode"": ""count"", ""floor"": 0.1, ""jitter"": 0, ""motif_length"": 5, ""mutation_rate"": 0.001, ""n_cells"": 80, ""n_gens"": 150, ""n_metabolites"": 4, ""n_segments"": 4, ""n_seqs"": 8, ""p"": 1.0, ""penalty"": 0.5, ""penalty_ratio"": 0.25, ""reward"": 2.0, ""segment_order"": ""native"", ""seq_len"": 60, ""sigma"": 1.0, ""sigma_ratio"": 0.8333333333333334, ""stride"": 1, ""temperature"": 1.2}",2645799341,0.27109252970424613,0.30122691308106847,0.03013438337682232,2.0015163845486095,0.45236332533303814,5.5326041666666725,39.85859375,f1c5f361854d63ac46f80804881951437e66a6b6266c9056de1cb0f10af643ef,8b06f69b832109c3b0dcbf4d067be0c56afdfd32921fa5c4623f903733371878,2.5979218776228663e-14,8
B2_floor0,B2,fitness,0,"{""b_ratio"": 1.6666666666666667, ""bias"": 2.0, ""fitness_mode"": ""count"", ""floor"": 0, ""jitter"": 0, ""motif_length"": 5, ""mutation_rate"": 0.001, ""n_cells"": 80, ""n_gens"": 150, ""n_metabolites"": 4, ""n_segments"": 4, ""n_seqs"": 8, ""p"": 1.0, ""penalty"": 0.5, ""penalty_ratio"": 0.25, ""reward"": 2.0, ""segment_order"": ""native"", ""seq_len"": 60, ""sigma"": 1.0, ""sigma_ratio"": 0.8333333333333334, ""stride"": 1, ""temperature"": 1.2}",30939404,0.25380485943533165,0.28367702723621957,0.029872167800887913,2.474598524305552,0.5460429882365133,4.973619791666678,39.728125,4de51fe364f7463e433d884bb9450882374b6a293badb9d1b7e49ddee2f2aa10,dd48fd3b7b505103521579a63a446877d0e25d038d6642fced2d0d2fba535fad,2.7200464103316335e-14,8
B2_floor0,B2,fitness,1,"{""b_ratio"": 1.6666666666666667, ""bias"": 2.0, ""fitness_mode"": ""count"", ""floor"": 0, ""jitter"": 0, ""motif_length"": 5, ""mutation_rate"": 0.001, ""n_cells"": 80, ""n_gens"": 150, ""n_metabolites"": 4, ""n_segments"": 4, ""n_seqs"": 8, ""p"": 1.0, ""penalty"": 0.5, ""penalty_ratio"": 0.25, ""reward"": 2.0, ""segment_order"": ""native"", ""seq_len"": 60, ""sigma"": 1.0, ""sigma_ratio"": 0.8333333333333334, ""stride"": 1, ""temperature"": 1.2}",1868434092,0.279654096395033,0.30881395703904124,0.02915986064400824,2.7136555989583346,0.8148703665165872,3.36236979166668,39.5703125,c26ce4d72f3553a9f9232167abff704a5d4d1fc4a09f426f57cd60c5098ef030,a5656a7ac9821c03123e5608b4b81a17ba63a20256c4860a0514d3d4bfc10361,1.9206858326015208e-14,8
B2_floor0,B2,fitness,2,"{""b_ratio"": 1.6666666666666667, ""bias"": 2.0, ""fitness_mode"": ""count"", ""floor"": 0, ""jitter"": 0, ""motif_length"": 5, ""mutation_rate"": 0.001, ""n_cells"": 80, ""n_gens"": 150, ""n_metabolites"": 4, ""n_segments"": 4, ""n_seqs"": 8, ""p"": 1.0, ""penalty"": 0.5, ""penalty_ratio"": 0.25, ""reward"": 2.0, ""segment_order"": ""native"", ""seq_len"": 60, ""sigma"": 1.0, ""sigma_ratio"": 0.8333333333333334, ""stride"": 1, ""temperature"": 1.2}",2341437203,0.2662456633918823,0.29495415041014467,0.02870848701826235,2.926603190104169,0.3792474063217927,4.130130208333327,39.4984375,ccefb64bdb7d5273699715f647921ecc95924f6ab366b414e274afe725d58cad,1308696bfeec0cce3b8b842a7fa1408bd10bb5b2190ae807eac6aeb5221b61e2,1.6486811915683575e-14,8
B2_floor0,B2,fitness,3,"{""b_ratio"": 1.6666666666666667, ""bias"": 2.0, ""fitness_mode"": ""count"", ""floor"": 0, ""jitter"": 0, ""motif_length"": 5, ""mutation_rate"": 0.001, ""n_cells"": 80, ""n_gens"": 150, ""n_metabolites"": 4, ""n_segments"": 4, ""n_seqs"": 8, ""p"": 1.0, ""penalty"": 0.5, ""penalty_ratio"": 0.25, ""reward"": 2.0, ""segment_order"": ""native"", ""seq_len"": 60, ""sigma"": 1.0, ""sigma_ratio"": 0.8333333333333334, ""stride"": 1, ""temperature"": 1.2}",2646020126,0.23884619746761304,0.2707757544085615,0.031929556940948456,1.640147569444447,0.351064781319274,4.17304687499999,39.58203125,d4a4cdd69acf295c29200903b9289c4f0fd86931ef747b6814e4bd7963c8b79b,5e0189bf3dd6a81f340977130622c004bbc5b2a9215e2fa61b7fd9117885f8f1,2.5424107263916085e-14,8
B2_floor0,B2,fitness,4,"{""b_ratio"": 1.6666666666666667, ""bias"": 2.0, ""fitness_mode"": ""count"", ""floor"": 0, ""jitter"": 0, ""motif_length"": 5, ""mutation_rate"": 0.001, ""n_cells"": 80, ""n_gens"": 150, ""n_metabolites"": 4, ""n_segments"": 4, ""n_seqs"": 8, ""p"": 1.0, ""penalty"": 0.5, ""penalty_ratio"": 0.25, ""reward"": 2.0, ""segment_order"": ""native"", ""seq_len"": 60, ""sigma"": 1.0, ""sigma_ratio"": 0.8333333333333334, ""stride"": 1, ""temperature"": 1.2}",4233489027,0.2294444524976932,0.2603530810274599,0.030908628529766703,2.2021457248263907,0.48221420437087703,3.890807291666661,38.0859375,f33c5da22c2d6977cc61591136aa05f7d7d83e986692d5bda6a589a4e247e1f6,54f8cb33276b9056b25dd12f96ca04b135362efa2a009f192b251298bdd948e5,1.3433698597964394e-14,8
B2_floor0,B2,fitness,5,"{""b_ratio"": 1.6666666666666667, ""bias"": 2.0, ""fitness_mode"": ""count"", ""floor"": 0, ""jitter"": 0, ""motif_length"": 5, ""mutation_rate"": 0.001, ""n_cells"": 80, ""n_gens"": 150, ""n_metabolites"": 4, ""n_segments"": 4, ""n_seqs"": 8, ""p"": 1.0, ""penalty"": 0.5, ""penalty_ratio"": 0.25, ""reward"": 2.0, ""segment_order"": ""native"", ""seq_len"": 60, ""sigma"": 1.0, ""sigma_ratio"": 0.8333333333333334, ""stride"": 1, ""temperature"": 1.2}",842721216,0.2540805320868191,0.28258348837535974,0.028502956288540656,0.5375135633680541,0.38028648727274394,3.847864583333333,37.53359375,3847d5fb388d9a076a564c7bbce7641d4f3eb0a548fa5cfdf181c3b71ad25b2e,41e73eb15d12b04e84b355fc71e411fdece18a0787466f5882fdc4248071fce1,1.4988010832439613e-14,8
B2_floor0,B2,fitness,6,"{""b_ratio"": 1.6666666666666667, ""bias"": 2.0, ""fitness_mode"": ""count"", ""floor"": 0, ""jitter"": 0, ""motif_length"": 5, ""mutation_rate"": 0.001, ""n_cells"": 80, ""n_gens"": 150, ""n_metabolites"": 4, ""n_segments"": 4, ""n_seqs"": 8, ""p"": 1.0, ""penalty"": 0.5, ""penalty_ratio"": 0.25, ""reward"": 2.0, ""segment_order"": ""native"", ""seq_len"": 60, ""sigma"": 1.0, ""sigma_ratio"": 0.8333333333333334, ""stride"": 1, ""temperature"": 1.2}",946244961,0.2547009291496082,0.28870000007660224,0.03399907092699407,4.303504774305558,0.7119591252763121,3.084062500000009,38.3796875,e72a210cfb81a1db400d73e3f44a3ab758235a87064efae8955c01244018d8d2,e8822390b3a5610553536f138ddad91bec73184b1c32561517e0c18c5e22b306,1.3516965324811281e-14,8
B2_floor0,B2,fitness,7,"{""b_ratio"": 1.6666666666666667, ""bias"": 2.0, ""fitness_mode"": ""count"", ""floor"": 0, ""jitter"": 0, ""motif_length"": 5, ""mutation_rate"": 0.001, ""n_cells"": 80, ""n_gens"": 150, ""n_metabolites"": 4, ""n_segments"": 4, ""n_seqs"": 8, ""p"": 1.0, ""penalty"": 0.5, ""penalty_ratio"": 0.25, ""reward"": 2.0, ""segment_order"": ""native"", ""seq_len"": 60, ""sigma"": 1.0, ""sigma_ratio"": 0.8333333333333334, ""stride"": 1, ""temperature"": 1.2}",1940068574,0.23489529302870313,0.264091997520282,0.02919670449157887,2.291376410590278,0.9423553229904471,1.6747135416666694,36.0515625,896bd174cf51177dbee30272c28056c29b6ab91edf2149394b09e9f2af497b43,4c6146ce329681630d3a4c3e0a6738ed95e61070b604433e3adcc70c6379b73d,1.6542323066914832e-14,8
B2_floor1,B2,fitness,0,"{""b_ratio"": 1.6666666666666667, ""bias"": 2.0, ""fitness_mode"": ""count"", ""floor"": 1, ""jitter"": 0, ""motif_length"": 5, ""mutation_rate"": 0.001, ""n_cells"": 80, ""n_gens"": 150, ""n_metabolites"": 4, ""n_segments"": 4, ""n_seqs"": 8, ""p"": 1.0, ""penalty"": 0.5, ""penalty_ratio"": 0.25, ""reward"": 2.0, ""segment_order"": ""native"", ""seq_len"": 60, ""sigma"": 1.0, ""sigma_ratio"": 0.8333333333333334, ""stride"": 1, ""temperature"": 1.2}",1507107274,0.23872651391097488,0.2672724527807214,0.028545938869746552,1.1818630642361159,0.6953541009943486,4.587239583333336,38.99140625,327fce0ebc2f3f25191cb5b7565506af84b3116a6b74a3af6299c211b6e91c51,745689a7680dfcece707d62312bf4fa2098d6fedcc96f910a8313fcfc064ea10,1.3100631690576847e-14,8
B2_floor1,B2,fitness,1,"{""b_ratio"": 1.6666666666666667, ""bias"": 2.0, ""fitness_mode"": ""count"", ""floor"": 1, ""jitter"": 0, ""motif_length"": 5, ""mutation_rate"": 0.001, ""n_cells"": 80, ""n_gens"": 150, ""n_metabolites"": 4, ""n_segments"": 4, ""n_seqs"": 8, ""p"": 1.0, ""penalty"": 0.5, ""penalty_ratio"": 0.25, ""reward"": 2.0, ""segment_order"": ""native"", ""seq_len"": 60, ""sigma"": 1.0, ""sigma_ratio"": 0.8333333333333334, ""stride"": 1, ""temperature"": 1.2}",1834399954,0.26989531414727935,0.2962820021564597,0.026386688009180384,0.6575873480902761,0.5531841732997008,5.815572916666667,39.23046875,b22d96a57b245c58f249a9d26848a4be9fd5276a0c1470766e3fb75ef1799685,772d6d1d0d909df2238524bc0cbde785310a1db9e57458837e0c0e847408683c,2.19824158875781e-14,8
B2_floor1,B2,fitness,2,"{""b_ratio"": 1.6666666666666667, ""bias"": 2.0, ""fitness_mode"": ""count"", ""floor"": 1, ""jitter"": 0, ""motif_length"": 5, ""mutation_rate"": 0.001, ""n_cells"": 80, ""n_gens"": 150, ""n_metabolites"": 4, ""n_segments"": 4, ""n_seqs"": 8, ""p"": 1.0, ""penalty"": 0.5, ""penalty_ratio"": 0.25, ""reward"": 2.0, ""segment_order"": ""native"", ""seq_len"": 60, ""sigma"": 1.0, ""sigma_ratio"": 0.8333333333333334, ""stride"": 1, ""temperature"": 1.2}",678911472,0.2678501316615731,0.29939227027431403,0.03154213861274093,2.728944227430559,0.4601427048913753,4.134270833333339,39.99921875,22def2869c6bb672f53fe4692e624af1ae41a0c8a4b27b4f56dfceb25bc4a336,0fb0e00676bfbc48b8048d8df1dc28d390cceffa330c4393282cfca96af38e54,1.609823385706477e-14,8
B2_floor1,B2,fitness,3,"{""b_ratio"": 1.6666666666666667, ""bias"": 2.0, ""fitness_mode"": ""count"", ""floor"": 1, ""jitter"": 0, ""motif_length"": 5, ""mutation_rate"": 0.001, ""n_cells"": 80, ""n_gens"": 150, ""n_metabolites"": 4, ""n_segments"": 4, ""n_seqs"": 8, ""p"": 1.0, ""penalty"": 0.5, ""penalty_ratio"": 0.25, ""reward"": 2.0, ""segment_order"": ""native"", ""seq_len"": 60, ""sigma"": 1.0, ""sigma_ratio"": 0.8333333333333334, ""stride"": 1, ""temperature"": 1.2}",1976047858,0.29513028363257543,0.3243375611357071,0.0292072775031317,0.8275906032986091,0.6281986899705185,3.617473958333335,37.31015625,3e766a908dc7be088490f302410e2892874c6ea01bb4ac3ce6018612c0206ed7,f4c038351dc250a9bc712dc74aacd107bd467d665be9c09961e95af5110f573e,2.170486013142181e-14,8
B2_floor1,B2,fitness,4,"{""b_ratio"": 1.6666666666666667, ""bias"": 2.0, ""fitness_mode"": ""count"", ""floor"": 1, ""jitter"": 0, ""motif_length"": 5, ""mutation_rate"": 0.001, ""n_cells"": 80, ""n_gens"": 150, ""n_metabolites"": 4, ""n_segments"": 4, ""n_seqs"": 8, ""p"": 1.0, ""penalty"": 0.5, ""penalty_ratio"": 0.25, ""reward"": 2.0, ""segment_order"": ""native"", ""seq_len"": 60, ""sigma"": 1.0, ""sigma_ratio"": 0.8333333333333334, ""stride"": 1, ""temperature"": 1.2}",1899839848,0.26263837203828416,0.2922069827566405,0.029568610718356293,3.7764811197916703,0.6757832543489725,4.757395833333334,39.50859375,2729d42752f643bd9b69bc2d5781817b0b7f7ee14425169e3d58ffb37ac01de0,c06f8ba909a0cf4a70ed520677090c19f26029021f42d6bd4f0b01c4c1b86d83,7.549516567451064e-15,8
B2_floor1,B2,fitness,5,"{""b_ratio"": 1.6666666666666667, ""bias"": 2.0, ""fitness_mode"": ""count"", ""floor"": 1, ""jitter"": 0, ""motif_length"": 5, ""mutation_rate"": 0.001, ""n_cells"": 80, ""n_gens"": 150, ""n_metabolites"": 4, ""n_segments"": 4, ""n_seqs"": 8, ""p"": 1.0, ""penalty"": 0.5, ""penalty_ratio"": 0.25, ""reward"": 2.0, ""segment_order"": ""native"", ""seq_len"": 60, ""sigma"": 1.0, ""sigma_ratio"": 0.8333333333333334, ""stride"": 1, ""temperature"": 1.2}",4097712392,0.23272168362925832,0.2588105674859187,0.02608888385666037,3.653559027777777,0.6122665645308606,6.040416666666665,39.475,d2e8fc46c5de20452ee2702508ea01fe744ef5afb4de86445fd3749024f71d0d,20c27715c341365f95abb308bb5f04e19d01194da217c918e54152da884206d4,1.63202784619898e-14,8
B2_floor1,B2,fitness,6,"{""b_ratio"": 1.6666666666666667, ""bias"": 2.0, ""fitness_mode"": ""count"", ""floor"": 1, ""jitter"": 0, ""motif_length"": 5, ""mutation_rate"": 0.001, ""n_cells"": 80, ""n_gens"": 150, ""n_metabolites"": 4, ""n_segments"": 4, ""n_seqs"": 8, ""p"": 1.0, ""penalty"": 0.5, ""penalty_ratio"": 0.25, ""reward"": 2.0, ""segment_order"": ""native"", ""seq_len"": 60, ""sigma"": 1.0, ""sigma_ratio"": 0.8333333333333334, ""stride"": 1, ""temperature"": 1.2}",1161580095,0.25213900716124193,0.28302329590571673,0.0308842887444748,2.610462782118055,0.7151631554470984,2.5663020833333334,39.0140625,37eb8d0ada0ae3a6a8a339156d0f40ff841cd9e3e06ac3352669ce04b363aefb,ce3beb17ab19c0c0bb4508bf4653d801c8ab4d6b602d216211e51033cb43009c,1.8984813721090177e-14,8
B2_floor1,B2,fitness,7,"{""b_ratio"": 1.6666666666666667, ""bias"": 2.0, ""fitness_mode"": ""count"", ""floor"": 1, ""jitter"": 0, ""motif_length"": 5, ""mutation_rate"": 0.001, ""n_cells"": 80, ""n_gens"": 150, ""n_metabolites"": 4, ""n_segments"": 4, ""n_seqs"": 8, ""p"": 1.0, ""penalty"": 0.5, ""penalty_ratio"": 0.25, ""reward"": 2.0, ""segment_order"": ""native"", ""seq_len"": 60, ""sigma"": 1.0, ""sigma_ratio"": 0.8333333333333334, ""stride"": 1, ""temperature"": 1.2}",1289322900,0.2454605964478355,0.2734808920688054,0.02802029562096989,2.253135850694443,0.16182094895501228,4.058255208333335,38.40234375,cc3e94fa69e9657135218b3ed83f5a59fea5597c398995ca543be0cde1d2f7ba,cd5de45a4e5203574da190b96e689d9814ae17057a9bb60e8d9f8cb281e804a8,2.8199664825478976e-14,8
B2_fraction,B2,fitness,0,"{""b_ratio"": 1.6666666666666667, ""bias"": 2.0, ""fitness_mode"": ""fraction"", ""floor"": 0.1, ""jitter"": 0, ""motif_length"": 5, ""mutation_rate"": 0.001, ""n_cells"": 80, ""n_gens"": 150, ""n_metabolites"": 4, ""n_segments"": 4, ""n_seqs"": 8, ""p"": 1.0, ""penalty"": 0.5, ""penalty_ratio"": 0.25, ""reward"": 2.0, ""segment_order"": ""native"", ""seq_len"": 60, ""sigma"": 1.0, ""sigma_ratio"": 0.8333333333333334, ""stride"": 1, ""temperature"": 1.2}",2044548299,0.2150392215450577,0.24392965792351742,0.028890436378459734,0.016372859453914146,0.008235361634238702,-0.006282196969696674,1.5768181818181817,f17af42b6136c8b2da1d000435bb127e246668c62f8094375f9b20413b158cee,63e1dab5a531e402bb7462579d475137253831deb5f27f9a17a9de01105afd29,1.2323475573339238e-14,8
B2_fraction,B2,fitness,1,"{""b_ratio"": 1.6666666666666667, ""bias"": 2.0, ""fitness_mode"": ""fraction"", ""floor"": 0.1, ""jitter"": 0, ""motif_length"": 5, ""mutation_rate"": 0.001, ""n_cells"": 80, ""n_gens"": 150, ""n_metabolites"": 4, ""n_segments"": 4, ""n_seqs"": 8, ""p"": 1.0, ""penalty"": 0.5, ""penalty_ratio"": 0.25, ""reward"": 2.0, ""segment_order"": ""native"", ""seq_len"": 60, ""sigma"": 1.0, ""sigma_ratio"": 0.8333333333333334, ""stride"": 1, ""temperature"": 1.2}",2043598241,0.25211566771379645,0.28729671561089437,0.035181047897097945,0.019667771464646377,0.010926424793234229,0.018107481060606112,1.6215198863636364,d67da58ec8b8a4e80ee07f02430fb0650f13f7766070ee76fe24b21a3e355547,02aeca2d8ac86a77c24bfa270ce1d125b614f985dfc41ccfeee6b596a67defeb,2.2426505097428162e-14,8
B2_fraction,B2,fitness,2,"{""b_ratio"": 1.6666666666666667, ""bias"": 2.0, ""fitness_mode"": ""fraction"", ""floor"": 0.1, ""jitter"": 0, ""motif_length"": 5, ""mutation_rate"": 0.001, ""n_cells"": 80, ""n_gens"": 150, ""n_metabolites"": 4, ""n_segments"": 4, ""n_seqs"": 8, ""p"": 1.0, ""penalty"": 0.5, ""penalty_ratio"": 0.25, ""reward"": 2.0, ""segment_order"": ""native"", ""seq_len"": 60, ""sigma"": 1.0, ""sigma_ratio"": 0.8333333333333334, ""stride"": 1, ""temperature"": 1.2}",1908387673,0.26922363212323064,0.30087999497760354,0.03165636285437288,0.04450116398358589,0.008173598923786317,0.10741429924242452,1.7032528409090912,c6e3d6396b5e389087fb3532d360edb646d3ab481feeb61f7576cb083043d5ef,05321438ed16f2ba312aadc178dc4407a495759bf91738db45ec4d69b43e63ef,1.9206858326015208e-14,8
B2_fraction,B2,fitness,3,"{""b_ratio"": 1.6666666666666667, ""bias"": 2.0, ""fitness_mode"": ""fraction"", ""floor"": 0.1, ""jitter"": 0, ""motif_length"": 5, ""mutation_rate"": 0.001, ""n_cells"": 80, ""n_gens"": 150, ""n_metabolites"": 4, ""n_segments"": 4, ""n_seqs"": 8, ""p"": 1.0, ""penalty"": 0.5, ""penalty_ratio"": 0.25, ""reward"": 2.0, ""segment_order"": ""native"", ""seq_len"": 60, ""sigma"": 1.0, ""sigma_ratio"": 0.8333333333333334, ""stride"": 1, ""temperature"": 1.2}",2304797882,0.25143480267237717,0.2814981586272918,0.03006335595491461,0.04436114070391417,0.006219103026279203,0.04790956439393956,1.6632102272727274,070af26611339a1f09c3c9375a5540c4eff40363c19419c29889958ca643d3bd,74c028377be8bbf1b36e9538eb7570bd2e4e8179996424cdd551328fe9045841,1.887379141862766e-14,8
B2_fraction,B2,fitness,4,"{""b_ratio"": 1.6666666666666667, ""bias"": 2.0, ""fitness_mode"": ""fraction"", ""floor"": 0.1, ""jitter"": 0, ""motif_length"": 5, ""mutation_rate"": 0.001, ""n_cells"": 80, ""n_gens"": 150, ""n_metabolites"": 4, ""n_segments"": 4, ""n_seqs"": 8, ""p"": 1.0, ""penalty"": 0.5, ""penalty_ratio"": 0.25, ""reward"": 2.0, ""segment_order"": ""native"", ""seq_len"": 60, ""sigma"": 1.0, ""sigma_ratio"": 0.8333333333333334, ""stride"": 1, ""temperature"": 1.2}",3295459064,0.2672106813128429,0.30453657982323756,0.037325898510394646,0.03480340514520203,0.016760625354838136,0.031607954545454175,1.625539772727273,d6c84dfa1fd3959e757b967cf98ff2ce4c2d1c9c307af6f925dd77dfda761298,56c1724cf6cb077617b59b2abc8d2ecd841e397ce6b081b789f290f812ef12a8,7.549516567451064e-15,8
B2_fraction,B2,fitness,5,"{""b_ratio"": 1.6666666666666667, ""bias"": 2.0, ""fitness_mode"": ""fraction"", ""floor"": 0.1, ""jitter"": 0, ""motif_length"": 5, ""mutation_rate"": 0.001, ""n_cells"": 80, ""n_gens"": 150, ""n_metabolites"": 4, ""n_segments"": 4, ""n_seqs"": 8, ""p"": 1.0, ""penalty"": 0.5, ""penalty_ratio"": 0.25, ""reward"": 2.0, ""segment_order"": ""native"", ""seq_len"": 60, ""sigma"": 1.0, ""sigma_ratio"": 0.8333333333333334, ""stride"": 1, ""temperature"": 1.2}",2414784106,0.24395579154965572,0.27247017371170873,0.02851438216205301,0.05830852470012626,0.007393380588955275,0.035532670454545556,1.6461647727272726,5e55003e7a0e1fcac98f70207f7dfc1c78c12669d8da46972b2d8cfc6ab27f6d,6c641b5321eab9605593510cee1816c398dedf7f85508e559d6d37be7b33544e,2.5091040356528538e-14,8
B2_fraction,B2,fitness,6,"{""b_ratio"": 1.6666666666666667, ""bias"": 2.0, ""fitness_mode"": ""fraction"", ""floor"": 0.1, ""jitter"": 0, ""motif_length"": 5, ""mutation_rate"": 0.001, ""n_cells"": 80, ""n_gens"": 150, ""n_metabolites"": 4, ""n_segments"": 4, ""n_seqs"": 8, ""p"": 1.0, ""penalty"": 0.5, ""penalty_ratio"": 0.25, ""reward"": 2.0, ""segment_order"": ""native"", ""seq_len"": 60, ""sigma"": 1.0, ""sigma_ratio"": 0.8333333333333334, ""stride"": 1, ""temperature"": 1.2}",3527196420,0.25823225819087875,0.2884894094660194,0.03025715127514066,0.0652656940498737,0.011441600735763804,0.09211410984848478,1.700596590909091,915adec5c3a617effce1546fa8971da058480c21bf76008020726225b6026c19,01a8c42c91fb06aabf2b62ba5e4309ba072096ec5b60abd5e18408dd737d5182,1.2323475573339238e-14,8
B2_fraction,B2,fitness,7,"{""b_ratio"": 1.6666666666666667, ""bias"": 2.0, ""fitness_mode"": ""fraction"", ""floor"": 0.1, ""jitter"": 0, ""motif_length"": 5, ""mutation_rate"": 0.001, ""n_cells"": 80, ""n_gens"": 150, ""n_metabolites"": 4, ""n_segments"": 4, ""n_seqs"": 8, ""p"": 1.0, ""penalty"": 0.5, ""penalty_ratio"": 0.25, ""reward"": 2.0, ""segment_order"": ""native"", ""seq_len"": 60, ""sigma"": 1.0, ""sigma_ratio"": 0.8333333333333334, ""stride"": 1, ""temperature"": 1.2}",976447578,0.2567724119234138,0.2849912689936493,0.028218857070235446,0.024132536300505075,0.010508544589345933,0.05303835227272802,1.6380539772727272,5f571978d2c1e92f5f55a24285848d8e6d32cd5c6a456e890f7a3d16bb936e32,0c9c08d75a1ad295793f7a5ce2c282a389bdfe736e3fcc4814308af55a7ea7b5,8.770761894538737e-15,8
B2_jitter,B2,position,0,"{""b_ratio"": 1.6666666666666667, ""bias"": 2.0, ""fitness_mode"": ""count"", ""floor"": 0.1, ""jitter"": 2, ""motif_length"": 5, ""mutation_rate"": 0.001, ""n_cells"": 80, ""n_gens"": 150, ""n_metabolites"": 4, ""n_segments"": 4, ""n_seqs"": 8, ""p"": 1.0, ""penalty"": 0.5, ""penalty_ratio"": 0.25, ""reward"": 2.0, ""segment_order"": ""native"", ""seq_len"": 60, ""sigma"": 1.0, ""sigma_ratio"": 0.8333333333333334, ""stride"": 1, ""temperature"": 1.2}",1643264532,0.23675447328587323,0.27146439371288256,0.03470992042700933,2.544807942708333,0.5391343934436337,3.4996614583333354,37.525,9e947ee8b8fc222197610a362107ccaa5518ae6c10604d33136ccc30a34ba9b8,188919dbd6f0610733462068682d4592946058039b6e0fefa11c870dd5f2a868,1.2878587085651816e-14,8
B2_jitter,B2,position,1,"{""b_ratio"": 1.6666666666666667, ""bias"": 2.0, ""fitness_mode"": ""count"", ""floor"": 0.1, ""jitter"": 2, ""motif_length"": 5, ""mutation_rate"": 0.001, ""n_cells"": 80, ""n_gens"": 150, ""n_metabolites"": 4, ""n_segments"": 4, ""n_seqs"": 8, ""p"": 1.0, ""penalty"": 0.5, ""penalty_ratio"": 0.25, ""reward"": 2.0, ""segment_order"": ""native"", ""seq_len"": 60, ""sigma"": 1.0, ""sigma_ratio"": 0.8333333333333334, ""stride"": 1, ""temperature"": 1.2}",1164845337,0.25462824106832066,0.28935153998862917,0.034723298920308523,2.5205268012152757,0.2088211211808113,4.8667968749999915,39.6265625,1480cc6e0645f71e625f9ac39f1174beefb5595a0cbef48c8df782831b238b2e,ddb0adc55f392168813b4a0ef64f4ea27227a85cb0873983d7beb27c36af3c03,1.3433698597964394e-14,8
B2_jitter,B2,position,2,"{""b_ratio"": 1.6666666666666667, ""bias"": 2.0, ""fitness_mode"": ""count"", ""floor"": 0.1, ""jitter"": 2, ""motif_length"": 5, ""mutation_rate"": 0.001, ""n_cells"": 80, ""n_gens"": 150, ""n_metabolites"": 4, ""n_segments"": 4, ""n_seqs"": 8, ""p"": 1.0, ""penalty"": 0.5, ""penalty_ratio"": 0.25, ""reward"": 2.0, ""segment_order"": ""native"", ""seq_len"": 60, ""sigma"": 1.0, ""sigma_ratio"": 0.8333333333333334, ""stride"": 1, ""temperature"": 1.2}",2187118297,0.2792749724457169,0.30917886822951346,0.02990389578379655,1.5058973524305586,0.36540923439085377,3.8781250000000043,39.5390625,9b9a3df5e7de77cbf26af283bbc4dea639898d2f00b2dd9362ce8c9404b9dca5,8c7e6e3c96523fd215761ecac02ebb07d327506899d7354f253bf2345fc504cd,1.865174681370263e-14,8
B2_jitter,B2,position,3,"{""b_ratio"": 1.6666666666666667, ""bias"": 2.0, ""fitness_mode"": ""count"", ""floor"": 0.1, ""jitter"": 2, ""motif_length"": 5, ""mutation_rate"": 0.001, ""n_cells"": 80, ""n_gens"": 150, ""n_metabolites"": 4, ""n_segments"": 4, ""n_seqs"": 8, ""p"": 1.0, ""penalty"": 0.5, ""penalty_ratio"": 0.25, ""reward"": 2.0, ""segment_order"": ""native"", ""seq_len"": 60, ""sigma"": 1.0, ""sigma_ratio"": 0.8333333333333334, ""stride"": 1, ""temperature"": 1.2}",569573463,0.2658448702914603,0.3006693316454387,0.03482446135397835,1.9628743489583318,0.7147845494528704,5.492838541666671,38.57109375,6ce7cc3aa84b6ad71d7e3a33a8707177e465155f04a4dddadfbe9d40d8e181a1,abea0044a68550a2d9456a7e1afba49a738c874466572b6b15a281a1caecca90,2.1760371282653068e-14,8
B2_jitter,B2,position,4,"{""b_ratio"": 1.6666666666666667, ""bias"": 2.0, ""fitness_mode"": ""count"", ""floor"": 0.1, ""jitter"": 2, ""motif_length"": 5, ""mutation_rate"": 0.001, ""n_cells"": 80, ""n_gens"": 150, ""n_metabolites"": 4, ""n_segments"": 4, ""n_seqs"": 8, ""p"": 1.0, ""penalty"": 0.5, ""penalty_ratio"": 0.25, ""reward"": 2.0, ""segment_order"": ""native"", ""seq_len"": 60, ""sigma"": 1.0, ""sigma_ratio"": 0.8333333333333334, ""stride"": 1, ""temperature"": 1.2}",3660085928,0.2406302468470473,0.27679431567574236,0.03616406882869504,1.6913547092013896,0.35500264735184656,2.0250260416666634,38.02890625,ad18d55c3b406c13b3057a7d784fb5fa093c50e872035962ab5c7618c96320d4,7ea2d94cdc5b78abe1ce5da7386b944df105d853ebb90c6290066ecf95486594,2.986499936241671e-14,8
B2_jitter,B2,position,5,"{""b_ratio"": 1.6666666666666667, ""bias"": 2.0, ""fitness_mode"": ""count"", ""floor"": 0.1, ""jitter"": 2, ""motif_length"": 5, ""mutation_rate"": 0.001, ""n_cells"": 80, ""n_gens"": 150, ""n_metabolites"": 4, ""n_segments"": 4, ""n_seqs"": 8, ""p"": 1.0, ""penalty"": 0.5, ""penalty_ratio"": 0.25, ""reward"": 2.0, ""segment_order"": ""native"", ""seq_len"": 60, ""sigma"": 1.0, ""sigma_ratio"": 0.8333333333333334, ""stride"": 1, ""temperature"": 1.2}",2149734546,0.2363732220983139,0.2656996502675979,0.02932642816928399,1.6820068359374991,0.37373610448578026,4.613489583333333,38.02578125,64d9c9eb5a939c6ec1e936d0bced9115d38e7fceda02e55bfb9aa903ee78bec9,9e5d2fcf1135738ea8a22b4e4e23d9f8060de151a01a52ac310eeb142f9fdea2,1.582067810090848e-14,8
B2_jitter,B2,position,6,"{""b_ratio"": 1.6666666666666667, ""bias"": 2.0, ""fitness_mode"": ""count"", ""floor"": 0.1, ""jitter"": 2, ""motif_length"": 5, ""mutation_rate"": 0.001, ""n_cells"": 80, ""n_gens"": 150, ""n_metabolites"": 4, ""n_segments"": 4, ""n_seqs"": 8, ""p"": 1.0, ""penalty"": 0.5, ""penalty_ratio"": 0.25, ""reward"": 2.0, ""segment_order"": ""native"", ""seq_len"": 60, ""sigma"": 1.0, ""sigma_ratio"": 0.8333333333333334, ""stride"": 1, ""temperature"": 1.2}",914293707,0.2981715189193707,0.3358221544978669,0.03765063557849619,3.7754014756944443,0.38819353507726506,6.003411458333325,39.765625,c8a46f76aa82a1090f115e36970e0a30777876fc408996d92033b57669e076d7,78dc506091650bd3c28aafdc21dc708c11276352e116af0be09df5ca538629eb,8.992806499463768e-15,8
B2_jitter,B2,position,7,"{""b_ratio"": 1.6666666666666667, ""bias"": 2.0, ""fitness_mode"": ""count"", ""floor"": 0.1, ""jitter"": 2, ""motif_length"": 5, ""mutation_rate"": 0.001, ""n_cells"": 80, ""n_gens"": 150, ""n_metabolites"": 4, ""n_segments"": 4, ""n_seqs"": 8, ""p"": 1.0, ""penalty"": 0.5, ""penalty_ratio"": 0.25, ""reward"": 2.0, ""segment_order"": ""native"", ""seq_len"": 60, ""sigma"": 1.0, ""sigma_ratio"": 0.8333333333333334, ""stride"": 1, ""temperature"": 1.2}",1757616602,0.23978678849769208,0.2685154040754361,0.02872861557774404,2.006233723958335,0.7078521304778957,4.653984375000007,39.5125,2df929cee14b83f2e02540887f971d4f9985ac928c97a2647ae222f5dd1a379f,64382b12ba7abb23266701c8f942405155ea572b8b0e13a62067e59b3afb03ab,2.6645352591003757e-14,8
B2_met3,B2,metabolite,0,"{""b_ratio"": 1.6666666666666667, ""bias"": 2.0, ""fitness_mode"": ""count"", ""floor"": 0.1, ""jitter"": 0, ""motif_length"": 5, ""mutation_rate"": 0.001, ""n_cells"": 80, ""n_gens"": 150, ""n_metabolites"": 3, ""n_segments"": 4, ""n_seqs"": 8, ""p"": 1.0, ""penalty"": 0.5, ""penalty_ratio"": 0.25, ""reward"": 2.0, ""segment_order"": ""native"", ""seq_len"": 60, ""sigma"": 1.0, ""sigma_ratio"": 0.8333333333333334, ""stride"": 1, ""temperature"": 1.2}",1743082971,0.19751450733031822,0.21650056221654518,0.018986054886226948,3.232557508680557,0.693725908044352,4.967708333333334,32.1171875,45ad808d7d20f6a1133dfd5a879d89a09e72ccde0c9d80d8986d96527927ab5d,de22f6d881ac51aa2582235e78498ce0ba2cfd50b0d3c69f631d7e13014373c4,2.220446049250313e-14,8
B2_met3,B2,metabolite,1,"{""b_ratio"": 1.6666666666666667, ""bias"": 2.0, ""fitness_mode"": ""count"", ""floor"": 0.1, ""jitter"": 0, ""motif_length"": 5, ""mutation_rate"": 0.001, ""n_cells"": 80, ""n_gens"": 150, ""n_metabolites"": 3, ""n_segments"": 4, ""n_seqs"": 8, ""p"": 1.0, ""penalty"": 0.5, ""penalty_ratio"": 0.25, ""reward"": 2.0, ""segment_order"": ""native"", ""seq_len"": 60, ""sigma"": 1.0, ""sigma_ratio"": 0.8333333333333334, ""stride"": 1, ""temperature"": 1.2}",1535517199,0.2662842778246641,0.2852172680027738,0.018932990178109718,3.045833333333332,0.629823010331831,6.519947916666663,32.4890625,57054800a36c80ad740bb119b11a4b833a2da7778bbd251d4e30489e8059f731,2a063e19951ec23a3e4c145dd3693ce1ed69133a159a5c8c88697f0e85879135,2.2648549702353193e-14,8
B2_met3,B2,metabolite,2,"{""b_ratio"": 1.6666666666666667, ""bias"": 2.0, ""fitness_mode"": ""count"", ""floor"": 0.1, ""jitter"": 0, ""motif_length"": 5, ""mutation_rate"": 0.001, ""n_cells"": 80, ""n_gens"": 150, ""n_metabolites"": 3, ""n_segments"": 4, ""n_seqs"": 8, ""p"": 1.0, ""penalty"": 0.5, ""penalty_ratio"": 0.25, ""reward"": 2.0, ""segment_order"": ""native"", ""seq_len"": 60, ""sigma"": 1.0, ""sigma_ratio"": 0.8333333333333334, ""stride"": 1, ""temperature"": 1.2}",3928392416,0.20864270819084701,0.229351045704239,0.020708337513391992,3.114843749999999,0.5707096951712513,5.256744791666666,31.94765625,e9b8c5d84e6d4ab38ff2513bab3fdb27fa88e6c882ede36f4d642d384e76afbe,f6281cb0b260aa2cd049d6bd2688e6098b835a6a7fc53115114c71edf45a7136,1.709743457922741e-14,8
B2_met3,B2,metabolite,3,"{""b_ratio"": 1.6666666666666667, ""bias"": 2.0, ""fitness_mode"": ""count"", ""floor"": 0.1, ""jitter"": 0, ""motif_length"": 5, ""mutation_rate"": 0.001, ""n_cells"": 80, ""n_gens"": 150, ""n_metabolites"": 3, ""n_segments"": 4, ""n_seqs"": 8, ""p"": 1.0, ""penalty"": 0.5, ""penalty_ratio"": 0.25, ""reward"": 2.0, ""segment_order"": ""native"", ""seq_len"": 60, ""sigma"": 1.0, ""sigma_ratio"": 0.8333333333333334, ""stride"": 1, ""temperature"": 1.2}",55072385,0.20986551834677847,0.22925406060197712,0.019388542255198662,5.2381700303819425,0.4804005943524892,5.961510416666666,34.49453125,4f5719cf1180d9aea3437fd1ba9aa087d7194ec4cbaa0473676dab4421ce1b8d,01a5bcad1adbd2bd644181d5bcadf1f8bf59b7034f4df6965dd2640b415361b8,2.3425705819590803e-14,8
B2_met3,B2,metabolite,4,"{""b_ratio"": 1.6666666666666667, ""bias"": 2.0, ""fitness_mode"": ""count"", ""floor"": 0.1, ""jitter"": 0, ""motif_length"": 5, ""mutation_rate"": 0.001, ""n_cells"": 80, ""n_gens"": 150, ""n_metabolites"": 3, ""n_segments"": 4, ""n_seqs"": 8, ""p"": 1.0, ""penalty"": 0.5, ""penalty_ratio"": 0.25, ""reward"": 2.0, ""segment_order"": ""native"", ""seq_len"": 60, ""sigma"": 1.0, ""sigma_ratio"": 0.8333333333333334, ""stride"": 1, ""temperature"": 1.2}",1121441240,0.2446345395235886,0.262298796562651,0.01766425703906238,3.866362847222223,0.6520537528406459,6.629322916666666,34.75234375,95ae93b6318f717fd08919f80cc0dabef0907d3bc05aebc8628423c6b9c9f521,498a2eb0c855051068149a558413c4aae9b022a94f443670ca5262c919cd935c,2.2426505097428162e-14,8
B2_met3,B2,metabolite,5,"{""b_ratio"": 1.6666666666666667, ""bias"": 2.0, ""fitness_mode"": ""count"", ""floor"": 0.1, ""jitter"": 0, ""motif_length"": 5, ""mutation_rate"": 0.001, ""n_cells"": 80, ""n_gens"": 150, ""n_metabolites"": 3, ""n_segments"": 4, ""n_seqs"": 8, ""p"": 1.0, ""penalty"": 0.5, ""penalty_ratio"": 0.25, ""reward"": 2.0, ""segment_order"": ""native"", ""seq_len"": 60, ""sigma"": 1.0, ""sigma_ratio"": 0.8333333333333334, ""stride"": 1, ""temperature"": 1.2}",888430520,0.2133905023715284,0.23621336469755963,0.022822862326031215,1.929212782118055,0.3024005307785841,3.7498697916666686,32.55546875,f2b33896e5df211aba6980dfda798151d1dc109cfbc65338f6bf66f56bd4cb5e,27228d3850608e1149908a774ba35e8509a120d12d3ae04a4601061158136f37,1.5432100042289676e-14,8
B2_met3,B2,metabolite,6,"{""b_ratio"": 1.6666666666666667, ""bias"": 2.0, ""fitness_mode"": ""count"", ""floor"": 0.1, ""jitter"": 0, ""motif_length"": 5, ""mutation_rate"": 0.001, ""n_cells"": 80, ""n_gens"": 150, ""n_metabolites"": 3, ""n_segments"": 4, ""n_seqs"": 8, ""p"": 1.0, ""penalty"": 0.5, ""penalty_ratio"": 0.25, ""reward"": 2.0, ""segment_order"": ""native"", ""seq_len"": 60, ""sigma"": 1.0, ""sigma_ratio"": 0.8333333333333334, ""stride"": 1, ""temperature"": 1.2}",457709176,0.23280581487607258,0.2503653484126428,0.017559533536570218,2.2720947265624987,0.7962297717492125,3.701197916666665,32.7359375,ddf8735a66f17b792b9c4edf32fe529997d24bd489b030031a6fdf14770c6bec,815edd5ec3cb802bde48930af68f62805437efdf41c16735eebd5231d9065174,2.1094237467877974e-14,8
B2_met3,B2,metabolite,7,"{""b_ratio"": 1.6666666666666667, ""bias"": 2.0, ""fitness_mode"": ""count"", ""floor"": 0.1, ""jitter"": 0, ""motif_length"": 5, ""mutation_rate"": 0.001, ""n_cells"": 80, ""n_gens"": 150, ""n_metabolites"": 3, ""n_segments"": 4, ""n_seqs"": 8, ""p"": 1.0, ""penalty"": 0.5, ""penalty_ratio"": 0.25, ""reward"": 2.0, ""segment_order"": ""native"", ""seq_len"": 60, ""sigma"": 1.0, ""sigma_ratio"": 0.8333333333333334, ""stride"": 1, ""temperature"": 1.2}",1210312705,0.2168670657196559,0.23580242519105812,0.01893535947140224,3.682476128472222,0.5266169352853863,6.377031250000002,32.92578125,a091b151848209eb15bbcafbe31f71e3bfc8cdf3244123dd3450b9d55dba1735,3e721cf71bcf1853bd46d21e371b071be2798f3f25e2713c4f746eadaafb45d5,2.2315482794965646e-14,8
B2_met6,B2,metabolite,0,"{""b_ratio"": 1.6666666666666667, ""bias"": 2.0, ""fitness_mode"": ""count"", ""floor"": 0.1, ""jitter"": 0, ""motif_length"": 5, ""mutation_rate"": 0.001, ""n_cells"": 80, ""n_gens"": 150, ""n_metabolites"": 6, ""n_segments"": 4, ""n_seqs"": 8, ""p"": 1.0, ""penalty"": 0.5, ""penalty_ratio"": 0.25, ""reward"": 2.0, ""segment_order"": ""native"", ""seq_len"": 60, ""sigma"": 1.0, ""sigma_ratio"": 0.8333333333333334, ""stride"": 1, ""temperature"": 1.2}",1356586739,0.3145663678900844,0.3576661220618623,0.04309975417177791,2.5840196397569493,0.4284185050499097,3.1543749999999875,54.73671875,49a184d15b3328d49eadceadd6e1ef69d4b77f0a88a04981e29e35a64a343358,6a0d499e2c9d2028d82856d4b4e27f0a47eff287146ed7c76efc3f5e76d775f1,1.5709655798445965e-14,8
B2_met6,B2,metabolite,1,"{""b_ratio"": 1.6666666666666667, ""bias"": 2.0, ""fitness_mode"": ""count"", ""floor"": 0.1, ""jitter"": 0, ""motif_length"": 5, ""mutation_rate"": 0.001, ""n_cells"": 80, ""n_gens"": 150, ""n_metabolites"": 6, ""n_segments"": 4, ""n_seqs"": 8, ""p"": 1.0, ""penalty"": 0.5, ""penalty_ratio"": 0.25, ""reward"": 2.0, ""segment_order"": ""native"", ""seq_len"": 60, ""sigma"": 1.0, ""sigma_ratio"": 0.8333333333333334, ""stride"": 1, ""temperature"": 1.2}",2203172784,0.29637676174758887,0.34040619135419603,0.044029429606607134,2.722694227430557,0.5303877199595961,0.7559635416666737,50.98984375,39bfcd6c2055e52560ee315ed3cbdf7fdafe8bdfa189624220915bf16bb3c8ab,8e6a43f12fbf5008fa05cb912ff719119a1de5c936420e3e3be1f0c703bd239e,1.1657341758564144e-14,8
B2_met6,B2,metabolite,2,"{""b_ratio"": 1.6666666666666667, ""bias"": 2.0, ""fitness_mode"": ""count"", ""floor"": 0.1, ""jitter"": 0, ""motif_length"": 5, ""mutation_rate"": 0.001, ""n_cells"": 80, ""n_gens"": 150, ""n_metabolites"": 6, ""n_segments"": 4, ""n_seqs"": 8, ""p"": 1.0, ""penalty"": 0.5, ""penalty_ratio"": 0.25, ""reward"": 2.0, ""segment_order"": ""native"", ""seq_len"": 60, ""sigma"": 1.0, ""sigma_ratio"": 0.8333333333333334, ""stride"": 1, ""temperature"": 1.2}",1771417780,0.26659346248005716,0.31171378853783316,0.045120326057775974,2.353724500868056,0.30374448877354354,3.435520833333328,54.08515625,6c006eabf36c49997576eea6177c7a2823805501e12ca21e7add15be3620e42d,9e2ffd9b686d10e137fbb364aa42259472a3cc22741c419d960d6f1cd4064ae5,1.071365218763276e-14,8
B2_met6,B2,metabolite,3,"{""b_ratio"": 1.6666666666666667, ""bias"": 2.0, ""fitness_mode"": ""count"", ""floor"": 0.1, ""jitter"": 0, ""motif_length"": 5, ""mutation_rate"": 0.001, ""n_cells"": 80, ""n_gens"": 150, ""n_metabolites"": 6, ""n_segments"": 4, ""n_seqs"": 8, ""p"": 1.0, ""penalty"": 0.5, ""penalty_ratio"": 0.25, ""reward"": 2.0, ""segment_order"": ""native"", ""seq_len"": 60, ""sigma"": 1.0, ""sigma_ratio"": 0.8333333333333334, ""stride"": 1, ""temperature"": 1.2}",2831312361,0.29508115455725065,0.3397248275875636,0.04464367303031299,2.521549479166663,0.3443463257531612,4.063723958333341,54.265625,f38c5e4b8b37550587db154824dec0b1b34fb9aecf923318991b0e696c5c160b,b5e5c745e111d7cf3aed0b17cdee9f3081d5c18f5706f799c81c8cee976639b3,2.6201263381153694e-14,8
B2_met6,B2,metabolite,4,"{""b_ratio"": 1.6666666666666667, ""bias"": 2.0, ""fitness_mode"": ""count"", ""floor"": 0.1, ""jitter"": 0, ""motif_length"": 5, ""mutation_rate"": 0.001, ""n_cells"": 80, ""n_gens"": 150, ""n_metabolites"": 6, ""n_segments"": 4, ""n_seqs"": 8, ""p"": 1.0, ""penalty"": 0.5, ""penalty_ratio"": 0.25, ""reward"": 2.0, ""segment_order"": ""native"", ""seq_len"": 60, ""sigma"": 1.0, ""sigma_ratio"": 0.8333333333333334, ""stride"": 1, ""temperature"": 1.2}",796700599,0.31297123040386765,0.3661977481163147,0.05322651771244708,1.200029839409722,0.42359318738227714,3.687265625000002,54.675,5c673f654c1f97b28725692beeee66f2e92a3cfcbe0d69a0b8c383ed410bfcdc,03da49a5f254b447ab19fc59ba3304c7c9241af7497e349a6460d39e134f3069,2.1371793224034263e-14,8
B2_met6,B2,metabolite,5,"{""b_ratio"": 1.6666666666666667, ""bias"": 2.0, ""fitness_mode"": ""count"", ""floor"": 0.1, ""jitter"": 0, ""motif_length"": 5, ""mutation_rate"": 0.001, ""n_cells"": 80, ""n_gens"": 150, ""n_metabolites"": 6, ""n_segments"": 4, ""n_seqs"": 8, ""p"": 1.0, ""penalty"": 0.5, ""penalty_ratio"": 0.25, ""reward"": 2.0, ""segment_order"": ""native"", ""seq_len"": 60, ""sigma"": 1.0, ""sigma_ratio"": 0.8333333333333334, ""stride"": 1, ""temperature"": 1.2}",4173969359,0.3246539076040221,0.3754154651971197,0.05076155759309763,0.7821397569444475,0.5058021090590316,3.531666666666652,54.74453125,8aa92fd61daf7d1cb36218219593399b7f0d82839584254445f1f930c1726125,7c60c9fc527e2e91a0d6f086a1d8f9ef7c3cb44cab211367dc6e16be27b72c1b,2.9254376698872875e-14,8
B2_met6,B2,metabolite,6,"{""b_ratio"": 1.6666666666666667, ""bias"": 2.0, ""fitness_mode"": ""count"", ""floor"": 0.1, ""jitter"": 0, ""motif_length"": 5, ""mutation_rate"": 0.001, ""n_cells"": 80, ""n_gens"": 150, ""n_metabolites"": 6, ""n_segments"": 4, ""n_seqs"": 8, ""p"": 1.0, ""penalty"": 0.5, ""penalty_ratio"": 0.25, ""reward"": 2.0, ""segment_order"": ""native"", ""seq_len"": 60, ""sigma"": 1.0, ""sigma_ratio"": 0.8333333333333334, ""stride"": 1, ""temperature"": 1.2}",200656829,0.2991454159734691,0.3505954245325069,0.05145000855903779,1.5323757595486036,0.8448518285413161,1.9642187500000077,52.51015625,64dc0941b1d2ae771bead2f9764142191839533babec33e75b678a94aa5dc8ed,5f8dc7b7f83d0b317554d0ad8ebd77c28622de21cce4366d9c18bb693f93bd11,1.4488410471358293e-14,8
B2_met6,B2,metabolite,7,"{""b_ratio"": 1.6666666666666667, ""bias"": 2.0, ""fitness_mode"": ""count"", ""floor"": 0.1, ""jitter"": 0, ""motif_length"": 5, ""mutation_rate"": 0.001, ""n_cells"": 80, ""n_gens"": 150, ""n_metabolites"": 6, ""n_segments"": 4, ""n_seqs"": 8, ""p"": 1.0, ""penalty"": 0.5, ""penalty_ratio"": 0.25, ""reward"": 2.0, ""segment_order"": ""native"", ""seq_len"": 60, ""sigma"": 1.0, ""sigma_ratio"": 0.8333333333333334, ""stride"": 1, ""temperature"": 1.2}",14276861,0.28458891043091705,0.3351395100431588,0.05055059961224173,1.658083767361112,0.5070786056944653,1.2754947916666666,51.5546875,af1e1f143d70532fa5c27ed0a75d7eb5c0a43927f23154378568a39de12f3e1d,b48e4ca45ad7a020ff1f939a7e16f7a29a90d6ce78ed3306447ee250decf8d67,6.078471059822732e-15,8
B2_penaltyhigh,B2,fitness,0,"{""b_ratio"": 1.6666666666666667, ""bias"": 2.0, ""fitness_mode"": ""count"", ""floor"": 0.1, ""jitter"": 0, ""motif_length"": 5, ""mutation_rate"": 0.001, ""n_cells"": 80, ""n_gens"": 150, ""n_metabolites"": 4, ""n_segments"": 4, ""n_seqs"": 8, ""p"": 1.0, ""penalty"": 1.0, ""penalty_ratio"": 0.5, ""reward"": 2.0, ""segment_order"": ""native"", ""seq_len"": 60, ""sigma"": 1.0, ""sigma_ratio"": 0.8333333333333334, ""stride"": 1, ""temperature"": 1.2}",3321948128,0.2389836470617361,0.26436304766288676,0.025379400601150646,3.6378851996527786,0.6330339856994001,5.37218750000001,28.6546875,4ff53f0c8edecc7e6063f6467dcd30b449541291e87bdd0d8b9fe1bc72d76539,18bffbfa8c889301b9f2f4c16d3e41b4002d3d2c1314064546e348aa0b7dcf25,2.298161660974074e-14,8
B2_penaltyhigh,B2,fitness,1,"{""b_ratio"": 1.6666666666666667, ""bias"": 2.0, ""fitness_mode"": ""count"", ""floor"": 0.1, ""jitter"": 0, ""motif_length"": 5, ""mutation_rate"": 0.001, ""n_cells"": 80, ""n_gens"": 150, ""n_metabolites"": 4, ""n_segments"": 4, ""n_seqs"": 8, ""p"": 1.0, ""penalty"": 1.0, ""penalty_ratio"": 0.5, ""reward"": 2.0, ""segment_order"": ""native"", ""seq_len"": 60, ""sigma"": 1.0, ""sigma_ratio"": 0.8333333333333334, ""stride"": 1, ""temperature"": 1.2}",2123644615,0.23329176089006626,0.25765516889812196,0.02436340800805571,2.9154242621527757,0.5572047200530311,4.48786458333333,27.8203125,41dbbcab19a97d763c3e7bfe3db403af6fbd7f51911ffb4ae862acd4f5a68905,1db1ad8de723501b5bae46c225abacd5b420d1a2e0fe0db53871eaaca17d80ce,1.7930101847696278e-14,8
B2_penaltyhigh,B2,fitness,2,"{""b_ratio"": 1.6666666666666667, ""bias"": 2.0, ""fitness_mode"": ""count"", ""floor"": 0.1, ""jitter"": 0, ""motif_length"": 5, ""mutation_rate"": 0.001, ""n_cells"": 80, ""n_gens"": 150, ""n_metabolites"": 4, ""n_segments"": 4, ""n_seqs"": 8, ""p"": 1.0, ""penalty"": 1.0, ""penalty_ratio"": 0.5, ""reward"": 2.0, ""segment_order"": ""native"", ""seq_len"": 60, ""sigma"": 1.0, ""sigma_ratio"": 0.8333333333333334, ""stride"": 1, ""temperature"": 1.2}",1080872575,0.2772130954676744,0.30438962661721775,0.02717653114954334,3.501302083333333,0.5577382311681565,4.838020833333335,28.765625,deb0d8bc813d37b61311c9d62d78158189d88fd3004fd0b72b0389ea5d85e93e,5fc42758fb5bf8a39f80687403e25cf3718dfd3d639c59a9331977b9ddd972c9,3.019806626980426e-14,8
B2_penaltyhigh,B2,fitness,3,"{""b_ratio"": 1.6666666666666667, ""bias"": 2.0, ""fitness_mode"": ""count"", ""floor"": 0.1, ""jitter"": 0, ""motif_length"": 5, ""mutation_rate"": 0.001, ""n_cells"": 80, ""n_gens"": 150, ""n_metabolites"": 4, ""n_segments"": 4, ""n_seqs"": 8, ""p"": 1.0, ""penalty"": 1.0, ""penalty_ratio"": 0.5, ""reward"": 2.0, ""segment_order"": ""native"", ""seq_len"": 60, ""sigma"": 1.0, ""sigma_ratio"": 0.8333333333333334, ""stride"": 1, ""temperature"": 1.2}",2622510185,0.2812739286748119,0.310444533611936,0.02917060493712414,5.061740451388889,0.5866064495982601,7.3165104166666595,29.765625,3974c5ab4d66a058fb7995c743d36f89845bb1dd1d9d70639ef910d25bf58dbc,d21e68dff7935df2fe5f6a97bb1ffb22ad817887a70665b717a51c563e63c3a5,2.2426505097428162e-14,8
B2_penaltyhigh,B2,fitness,4,"{""b_ratio"": 1.6666666666666667, ""bias"": 2.0, ""fitness_mode"": ""count"", ""floor"": 0.1, ""jitter"": 0, ""motif_length"": 5, ""mutation_rate"": 0.001, ""n_cells"": 80, ""n_gens"": 150, ""n_metabolites"": 4, ""n_segments"": 4, ""n_seqs"": 8, ""p"": 1.0, ""penalty"": 1.0, ""penalty_ratio"": 0.5, ""reward"": 2.0, ""segment_order"": ""native"", ""seq_len"": 60, ""sigma"": 1.0, ""sigma_ratio"": 0.8333333333333334, ""stride"": 1, ""temperature"": 1.2}",2241416800,0.2463922791664764,0.27034391761568544,0.023951638449209032,4.3526367187499995,0.5812354279356613,5.820885416666673,30.4296875,cee36da2c46c6ccb87d45f76a51c500dbea0a6629c6a3e2e068f714005644b43,4cb9a20645442a7ed062ee0f69ff03f3b6caff5093a1a0fe125e86098fadce81,1.3877787807814457e-14,8
B2_penaltyhigh,B2,fitness,5,"{""b_ratio"": 1.6666666666666667, ""bias"": 2.0, ""fitness_mode"": ""count"", ""floor"": 0.1, ""jitter"": 0, ""motif_length"": 5, ""mutation_rate"": 0.001, ""n_cells"": 80, ""n_gens"": 150, ""n_metabolites"": 4, ""n_segments"": 4, ""n_seqs"": 8, ""p"": 1.0, ""penalty"": 1.0, ""penalty_ratio"": 0.5, ""reward"": 2.0, ""segment_order"": ""native"", ""seq_len"": 60, ""sigma"": 1.0, ""sigma_ratio"": 0.8333333333333334, ""stride"": 1, ""temperature"": 1.2}",2499756403,0.29547213622945195,0.32355941388139986,0.028087277651947927,2.3983832465277763,0.3647862215890321,8.54229166666667,30.16875,4fb30b4ede9a2fc756b67656fa78d42d8a6e1ee129728877654dd52abe3a3fd9,13e83c34f51c923b37fadd1c0003df977e4e451c1ab28fd8697d15808e3d5d2c,1.4377388168895777e-14,8
B2_penaltyhigh,B2,fitness,6,"{""b_ratio"": 1.6666666666666667, ""bias"": 2.0, ""fitness_mode"": ""count"", ""floor"": 0.1, ""jitter"": 0, ""motif_length"": 5, ""mutation_rate"": 0.001, ""n_cells"": 80, ""n_gens"": 150, ""n_metabolites"": 4, ""n_segments"": 4, ""n_seqs"": 8, ""p"": 1.0, ""penalty"": 1.0, ""penalty_ratio"": 0.5, ""reward"": 2.0, ""segment_order"": ""native"", ""seq_len"": 60, ""sigma"": 1.0, ""sigma_ratio"": 0.8333333333333334, ""stride"": 1, ""temperature"": 1.2}",4163998437,0.2729484928685041,0.2965164065188511,0.023567913650347015,5.043326822916667,0.383424015170128,7.18380208333333,30.0921875,8933e3ce47abb506edeb2f1924a5fa42ac267fdd39129e08764413472eec39e5,aaa624bedb19c9bf24f536b289112c4228f065d5f88cb3c86785c7d3d98d04d7,2.4646951146678475e-14,8
B2_penaltyhigh,B2,fitness,7,"{""b_ratio"": 1.6666666666666667, ""bias"": 2.0, ""fitness_mode"": ""count"", ""floor"": 0.1, ""jitter"": 0, ""motif_length"": 5, ""mutation_rate"": 0.001, ""n_cells"": 80, ""n_gens"": 150, ""n_metabolites"": 4, ""n_segments"": 4, ""n_seqs"": 8, ""p"": 1.0, ""penalty"": 1.0, ""penalty_ratio"": 0.5, ""reward"": 2.0, ""segment_order"": ""native"", ""seq_len"": 60, ""sigma"": 1.0, ""sigma_ratio"": 0.8333333333333334, ""stride"": 1, ""temperature"": 1.2}",3393258224,0.246553713248109,0.2730994066657431,0.0265456934176341,2.5861002604166656,0.34104389789791983,4.721510416666664,27.6921875,389976474efc64ff9a462837641086c28add706b93e888e325ef6b0c2885eeda,ce516041559658796cc532f35970841f461cabb4d2d0b2a13b3e6f38f3c93025,1.3211653993039363e-14,8
B2_penaltylow,B2,fitness,0,"{""b_ratio"": 1.6666666666666667, ""bias"": 2.0, ""fitness_mode"": ""count"", ""floor"": 0.1, ""jitter"": 0, ""motif_length"": 5, ""mutation_rate"": 0.001, ""n_cells"": 80, ""n_gens"": 150, ""n_metabolites"": 4, ""n_segments"": 4, ""n_seqs"": 8, ""p"": 1.0, ""penalty"": 0.2, ""penalty_ratio"": 0.1, ""reward"": 2.0, ""segment_order"": ""native"", ""seq_len"": 60, ""sigma"": 1.0, ""sigma_ratio"": 0.8333333333333334, ""stride"": 1, ""temperature"": 1.2}",4009846400,0.2191022142563109,0.24652369352816192,0.027421479271851016,1.2363726128472212,0.20395929070008922,2.651781249999992,45.32625,ed03221420cb9416ac29ed60ca11be9282a0178eca1d5dce6e5521fc19272b2f,2ed40d9d398952be56e4f426a7f59a1fb39517a8fe14e9a90df3e0aa21daca6b,2.65898414397725e-14,8
B2_penaltylow,B2,fitness,1,"{""b_ratio"": 1.6666666666666667, ""bias"": 2.0, ""fitness_mode"": ""count"", ""floor"": 0.1, ""jitter"": 0, ""motif_length"": 5, ""mutation_rate"": 0.001, ""n_cells"": 80, ""n_gens"": 150, ""n_metabolites"": 4, ""n_segments"": 4, ""n_seqs"": 8, ""p"": 1.0, ""penalty"": 0.2, ""penalty_ratio"": 0.1, ""reward"": 2.0, ""segment_order"": ""native"", ""seq_len"": 60, ""sigma"": 1.0, ""sigma_ratio"": 0.8333333333333334, ""stride"": 1, ""temperature"": 1.2}",2218564382,0.2273206780657841,0.2527185500269572,0.02539787196117311,1.50129231770834,0.19975427665214177,4.449895833333329,46.91374999999999,8a5d02baee980e5068f16e54f5dbc84fc2db080a7371688f2bd9c6a76c21d809,125407c69bbd452af48e7b8f56be8cfd211ddec0ad171617a608785df2e483b8,1.559863349598345e-14,8
B2_penaltylow,B2,fitness,2,"{""b_ratio"": 1.6666666666666667, ""bias"": 2.0, ""fitness_mode"": ""count"", ""floor"": 0.1, ""jitter"": 0, ""motif_length"": 5, ""mutation_rate"": 0.001, ""n_cells"": 80, ""n_gens"": 150, ""n_metabolites"": 4, ""n_segments"": 4, ""n_seqs"": 8, ""p"": 1.0, ""penalty"": 0.2, ""penalty_ratio"": 0.1, ""reward"": 2.0, ""segment_order"": ""native"", ""seq_len"": 60, ""sigma"": 1.0, ""sigma_ratio"": 0.8333333333333334, ""stride"": 1, ""temperature"": 1.2}",1136709106,0.2558851778141828,0.2833988420750052,0.0275136642608224,4.022674696180558,0.3382432379023708,3.5521770833333264,46.940000000000005,480ded95fac29641a3ce4d49d63e172166684b433fb4e5dc28a32a52ba93404b,ea27240ef6ca8ad6c67a224ec9514fdced795ad2572790ceed5ee1ee08c90e8f,1.4765966227514582e-14,8
B2_penaltylow,B2,fitness,3,"{""b_ratio"": 1.6666666666666667, ""bias"": 2.0, ""fitness_mode"": ""count"", ""floor"": 0.1, ""jitter"": 0, ""motif_length"": 5, ""mutation_rate"": 0.001, ""n_cells"": 80, ""n_gens"": 150, ""n_metabolites"": 4, ""n_segments"": 4, ""n_seqs"": 8, ""p"": 1.0, ""penalty"": 0.2, ""penalty_ratio"": 0.1, ""reward"": 2.0, ""segment_order"": ""native"", ""seq_len"": 60, ""sigma"": 1.0, ""sigma_ratio"": 0.8333333333333334, ""stride"": 1, ""temperature"": 1.2}",999609862,0.2670743929446639,0.2966249343749347,0.029550541430270826,1.20092556423611,0.33666014847916753,2.7488124999999997,45.49875,9c564bd5e7995ceca1053fbfda41d30661d7254e9c7f1f5f209544b25099e8cc,7df69e9619585daa26ab4249e1ab25683225e042ccc1973aa1688b285c8ce0f8,1.3100631690576847e-14,8
B2_penaltylow,B2,fitness,4,"{""b_ratio"": 1.6666666666666667, ""bias"": 2.0, ""fitness_mode"": ""count"", ""floor"": 0.1, ""jitter"": 0, ""motif_length"": 5, ""mutation_rate"": 0.001, ""n_cells"": 80, ""n_gens"": 150, ""n_metabolites"": 4, ""n_segments"": 4, ""n_seqs"": 8, ""p"": 1.0, ""penalty"": 0.2, ""penalty_ratio"": 0.1, ""reward"": 2.0, ""segment_order"": ""native"", ""seq_len"": 60, ""sigma"": 1.0, ""sigma_ratio"": 0.8333333333333334, ""stride"": 1, ""temperature"": 1.2}",1557377829,0.28871510769637,0.31916610231721243,0.030450994620842418,3.163347439236107,0.5230717606519847,3.825687500000001,47.159687500000004,e5a50816d48219e319247f54c770c8b6b11e862eb5bb663516af13a8132388d6,66bd7183345449896862cde77d288ca2fdaf772405bdf1acfe926ba457dfd364,2.2426505097428162e-14,8
B2_penaltylow,B2,fitness,5,"{""b_ratio"": 1.6666666666666667, ""bias"": 2.0, ""fitness_mode"": ""count"", ""floor"": 0.1, ""jitter"": 0, ""motif_length"": 5, ""mutation_rate"": 0.001, ""n_cells"": 80, ""n_gens"": 150, ""n_metabolites"": 4, ""n_segments"": 4, ""n_seqs"": 8, ""p"": 1.0, ""penalty"": 0.2, ""penalty_ratio"": 0.1, ""reward"": 2.0, ""segment_order"": ""native"", ""seq_len"": 60, ""sigma"": 1.0, ""sigma_ratio"": 0.8333333333333334, ""stride"": 1, ""temperature"": 1.2}",2057727390,0.2600137555078698,0.28875649984780927,0.028742744339939477,2.6957074652777733,0.7051051576241556,4.798270833333326,48.090312499999996,2138e22dcbfa431e2f0151056ff52c58bce7e3cf162207b37509fe0de88868f9,0eecebc5509a5981b37f746ecd9c5716b9d0b02beb283b80fcbc8cfb57c406da,1.326716514427062e-14,8
B2_penaltylow,B2,fitness,6,"{""b_ratio"": 1.6666666666666667, ""bias"": 2.0, ""fitness_mode"": ""count"", ""floor"": 0.1, ""jitter"": 0, ""motif_length"": 5, ""mutation_rate"": 0.001, ""n_cells"": 80, ""n_gens"": 150, ""n_metabolites"": 4, ""n_segments"": 4, ""n_seqs"": 8, ""p"": 1.0, ""penalty"": 0.2, ""penalty_ratio"": 0.1, ""reward"": 2.0, ""segment_order"": ""native"", ""seq_len"": 60, ""sigma"": 1.0, ""sigma_ratio"": 0.8333333333333334, ""stride"": 1, ""temperature"": 1.2}",2421199139,0.23102944152967417,0.25866553560657296,0.0276360940768988,0.3662185329861076,0.3379653565640199,2.5089062499999955,44.0409375,3f69bdd7022f6f1a74f7809f02211ed79c3d999e469c8bb1433d858a2a3c1525,ca8d7fab702a8ae1b51439400aa84fac592602b6e3e1e618a152a319bd32dea6,1.304512053934559e-14,8
B2_penaltylow,B2,fitness,7,"{""b_ratio"": 1.6666666666666667, ""bias"": 2.0, ""fitness_mode"": ""count"", ""floor"": 0.1, ""jitter"": 0, ""motif_length"": 5, ""mutation_rate"": 0.001, ""n_cells"": 80, ""n_gens"": 150, ""n_metabolites"": 4, ""n_segments"": 4, ""n_seqs"": 8, ""p"": 1.0, ""penalty"": 0.2, ""penalty_ratio"": 0.1, ""reward"": 2.0, ""segment_order"": ""native"", ""seq_len"": 60, ""sigma"": 1.0, ""sigma_ratio"": 0.8333333333333334, ""stride"": 1, ""temperature"": 1.2}",3552369102,0.23106201304767776,0.26304767562775133,0.031985662580073564,1.6330360243055573,0.2855906458719187,2.174041666666689,44.1734375,8a38ecc9dbdaadb5579ed2a8771e55827733b0fa1d2d51d3fb9c76bb5e4f239b,9046761b3b19b5a330f40d866cb8eeb271c988c9830f3756cbbb6f1010d1ed14,2.3425705819590803e-14,8
B2_reverse,B2,position,0,"{""b_ratio"": 1.6666666666666667, ""bias"": 2.0, ""fitness_mode"": ""count"", ""floor"": 0.1, ""jitter"": 0, ""motif_length"": 5, ""mutation_rate"": 0.001, ""n_cells"": 80, ""n_gens"": 150, ""n_metabolites"": 4, ""n_segments"": 4, ""n_seqs"": 8, ""p"": 1.0, ""penalty"": 0.5, ""penalty_ratio"": 0.25, ""reward"": 2.0, ""segment_order"": ""reverse"", ""seq_len"": 60, ""sigma"": 1.0, ""sigma_ratio"": 0.8333333333333334, ""stride"": 1, ""temperature"": 1.2}",3150101425,0.2781035064410499,0.30277860080199853,0.024675094360948616,4.800176323784722,0.3680042828985511,6.782526041666671,42.37890625,2a7b321751c8900d6a5170bac27e3daaa74b60e36227ab835b21160f86ab053b,750b8dd439b5d44bca4228c0c5880cc22607597ea7bcea4076243a7c7d44c382,3.297362383136715e-14,8
B2_reverse,B2,position,1,"{""b_ratio"": 1.6666666666666667, ""bias"": 2.0, ""fitness_mode"": ""count"", ""floor"": 0.1, ""jitter"": 0, ""motif_length"": 5, ""mutation_rate"": 0.001, ""n_cells"": 80, ""n_gens"": 150, ""n_metabolites"": 4, ""n_segments"": 4, ""n_seqs"": 8, ""p"": 1.0, ""penalty"": 0.5, ""penalty_ratio"": 0.25, ""reward"": 2.0, ""segment_order"": ""reverse"", ""seq_len"": 60, ""sigma"": 1.0, ""sigma_ratio"": 0.8333333333333334, ""stride"": 1, ""temperature"": 1.2}",3869421429,0.21125979271230033,0.23968141020278205,0.02842161749048171,3.300819227430555,0.4075727340852318,4.874661458333328,41.4,0877187ea19ec3c00a9c8cc57a1e792b99080275b1714baeec5d60851e01c014,c87485d06c95eb996270f3fdaffadaf394d75bcad41ff26fec8d1d2f3b7cdd0d,1.2684298056342413e-14,8
B2_reverse,B2,position,2,"{""b_ratio"": 1.6666666666666667, ""bias"": 2.0, ""fitness_mode"": ""count"", ""floor"": 0.1, ""jitter"": 0, ""motif_length"": 5, ""mutation_rate"": 0.001, ""n_cells"": 80, ""n_gens"": 150, ""n_metabolites"": 4, ""n_segments"": 4, ""n_seqs"": 8, ""p"": 1.0, ""penalty"": 0.5, ""penalty_ratio"": 0.25, ""reward"": 2.0, ""segment_order"": ""reverse"", ""seq_len"": 60, ""sigma"": 1.0, ""sigma_ratio"": 0.8333333333333334, ""stride"": 1, ""temperature"": 1.2}",1639893103,0.24645675170573053,0.274140442725358,0.027683691019627456,2.5691162109374996,0.48730111303440077,3.795651041666673,39.68203125,7e466dd8d53ca8748972a5924e960a01842192bf2c45e80b051d4ca54b69075b,13de26b0a9053c92dfb0f1ae2bf2cac93fd2c0a68ad78dfe7e017c7abbad0a7e,1.2545520178264269e-14,8
B2_reverse,B2,position,3,"{""b_ratio"": 1.6666666666666667, ""bias"": 2.0, ""fitness_mode"": ""count"", ""floor"": 0.1, ""jitter"": 0, ""motif_length"": 5, ""mutation_rate"": 0.001, ""n_cells"": 80, ""n_gens"": 150, ""n_metabolites"": 4, ""n_segments"": 4, ""n_seqs"": 8, ""p"": 1.0, ""penalty"": 0.5, ""penalty_ratio"": 0.25, ""reward"": 2.0, ""segment_order"": ""reverse"", ""seq_len"": 60, ""sigma"": 1.0, ""sigma_ratio"": 0.8333333333333334, ""stride"": 1, ""temperature"": 1.2}",3932555811,0.25652328955000075,0.28660961591503614,0.030086326365035394,2.2724989149305586,0.48123033142124394,4.224427083333332,40.68046875,b55a1efbe3bf23c2af22f7ca3a2b2c2c8615ae73a9f81d46dae2dbc38d5d1486,774a507fddb0575221e85fe2d0d2a28a8310bc9a4e801b0cc4543ecfa7bbb34c,1.865174681370263e-14,8
B2_reverse,B2,position,4,"{""b_ratio"": 1.6666666666666667, ""bias"": 2.0, ""fitness_mode"": ""count"", ""floor"": 0.1, ""jitter"": 0, ""motif_length"": 5, ""mutation_rate"": 0.001, ""n_cells"": 80, ""n_gens"": 150, ""n_metabolites"": 4, ""n_segments"": 4, ""n_seqs"": 8, ""p"": 1.0, ""penalty"": 0.5, ""penalty_ratio"": 0.25, ""reward"": 2.0, ""segment_order"": ""reverse"", ""seq_len"": 60, ""sigma"": 1.0, ""sigma_ratio"": 0.8333333333333334, ""stride"": 1, ""temperature"": 1.2}",2915275451,0.25746901102607533,0.28977624226427157,0.03230723123819626,3.066110568576388,0.5123105703757171,7.440260416666668,42.27265625,621a4d201652074f0a4d9a05fccf8b516131cf829f69835ab62d9350108054f5,a36b86171577c85b0a4f98cb3dcd3032c09289c770320c99e7b5cb9d9372bc63,1.1657341758564144e-14,8
B2_reverse,B2,position,5,"{""b_ratio"": 1.6666666666666667, ""bias"": 2.0, ""fitness_mode"": ""count"", ""floor"": 0.1, ""jitter"": 0, ""motif_length"": 5, ""mutation_rate"": 0.001, ""n_cells"": 80, ""n_gens"": 150, ""n_metabolites"": 4, ""n_segments"": 4, ""n_seqs"": 8, ""p"": 1.0, ""penalty"": 0.5, ""penalty_ratio"": 0.25, ""reward"": 2.0, ""segment_order"": ""reverse"", ""seq_len"": 60, ""sigma"": 1.0, ""sigma_ratio"": 0.8333333333333334, ""stride"": 1, ""temperature"": 1.2}",2474713713,0.27569670942681207,0.3058134885113494,0.03011677908453732,1.8520480685763836,0.6379706289106601,4.693932291666663,39.28671875,fe003416123a20f864b1b701c3a0a5c1ca5755b1a0a00b39a1ca97fbba708e63,a322f39cf169f3456aa1f008eb016fa1b297d02b77cbb626d9d2609c0608a98b,1.4099832412739488e-14,8
B2_reverse,B2,position,6,"{""b_ratio"": 1.6666666666666667, ""bias"": 2.0, ""fitness_mode"": ""count"", ""floor"": 0.1, ""jitter"": 0, ""motif_length"": 5, ""mutation_rate"": 0.001, ""n_cells"": 80, ""n_gens"": 150, ""n_metabolites"": 4, ""n_segments"": 4, ""n_seqs"": 8, ""p"": 1.0, ""penalty"": 0.5, ""penalty_ratio"": 0.25, ""reward"": 2.0, ""segment_order"": ""reverse"", ""seq_len"": 60, ""sigma"": 1.0, ""sigma_ratio"": 0.8333333333333334, ""stride"": 1, ""temperature"": 1.2}",1286685242,0.2514644496457452,0.2806628347905378,0.029198385144792564,2.5656385633680516,0.5280192021306365,4.699375000000003,38.93125,8136f9a726e1d27d546daef9968b8afbab8c90bf96bcb99c84b140a69128b950,bb46666069f0dc17b9b60c360b121c75c6b00e839bf35b428d1c3d9b7b4aa74b,1.0880185641326534e-14,8
B2_reverse,B2,position,7,"{""b_ratio"": 1.6666666666666667, ""bias"": 2.0, ""fitness_mode"": ""count"", ""floor"": 0.1, ""jitter"": 0, ""motif_length"": 5, ""mutation_rate"": 0.001, ""n_cells"": 80, ""n_gens"": 150, ""n_metabolites"": 4, ""n_segments"": 4, ""n_seqs"": 8, ""p"": 1.0, ""penalty"": 0.5, ""penalty_ratio"": 0.25, ""reward"": 2.0, ""segment_order"": ""reverse"", ""seq_len"": 60, ""sigma"": 1.0, ""sigma_ratio"": 0.8333333333333334, ""stride"": 1, ""temperature"": 1.2}",1839233644,0.2542798929359055,0.28370134979477457,0.029421456858869027,2.528955078125003,0.24413881992002615,5.255572916666672,40.321875,eac2a2de815e20aeb6a9602e99a20ba4c918f04f606327744033ee8d790bd99a,007540e2b215b203672dd168a0bea9ab0d047017d933b451267315c4401137bc,2.298161660974074e-14,8
B2_reward1,B2,fitness,0,"{""b_ratio"": 1.6666666666666667, ""bias"": 2.0, ""fitness_mode"": ""count"", ""floor"": 0.1, ""jitter"": 0, ""motif_length"": 5, ""mutation_rate"": 0.001, ""n_cells"": 80, ""n_gens"": 150, ""n_metabolites"": 4, ""n_segments"": 4, ""n_seqs"": 8, ""p"": 1.0, ""penalty"": 0.25, ""penalty_ratio"": 0.25, ""reward"": 1, ""segment_order"": ""native"", ""seq_len"": 60, ""sigma"": 1.0, ""sigma_ratio"": 0.8333333333333334, ""stride"": 1, ""temperature"": 1.2}",1370975215,0.2597719821479233,0.29090179005356925,0.03112980790564596,2.227757432725695,0.26652472426057283,2.9766666666666737,21.590625,c9b68a5aef83f16eeefc41d6152605d55e50b6e74fce8c8365852934e001541e,3a10ef5cd58f8ee51c780e75273d3b89570a2ae0b48fddc763fce97ee236238e,3.574918139293004e-14,8
B2_reward1,B2,fitness,1,"{""b_ratio"": 1.6666666666666667, ""bias"": 2.0, ""fitness_mode"": ""count"", ""floor"": 0.1, ""jitter"": 0, ""motif_length"": 5, ""mutation_rate"": 0.001, ""n_cells"": 80, ""n_gens"": 150, ""n_metabolites"": 4, ""n_segments"": 4, ""n_seqs"": 8, ""p"": 1.0, ""penalty"": 0.25, ""penalty_ratio"": 0.25, ""reward"": 1, ""segment_order"": ""native"", ""seq_len"": 60, ""sigma"": 1.0, ""sigma_ratio"": 0.8333333333333334, ""stride"": 1, ""temperature"": 1.2}",100651250,0.25695306128321144,0.28637286427624326,0.02941980299303181,1.2510131835937512,0.4226234006813871,1.6960546874999949,19.63046875,661b5e28c90f4df74bedc5f7e039495fe9d3fdaef3f3ded01ce4b63ae7375f90,cd34b0a39a87272547d54ef36d2a2dfa92489fcc99aeda44bd81750244ef21a2,3.086420008457935e-14,8
B2_reward1,B2,fitness,2,"{""b_ratio"": 1.6666666666666667, ""bias"": 2.0, ""fitness_mode"": ""count"", ""floor"": 0.1, ""jitter"": 0, ""motif_length"": 5, ""mutation_rate"": 0.001, ""n_cells"": 80, ""n_gens"": 150, ""n_metabolites"": 4, ""n_segments"": 4, ""n_seqs"": 8, ""p"": 1.0, ""penalty"": 0.25, ""penalty_ratio"": 0.25, ""reward"": 1, ""segment_order"": ""native"", ""seq_len"": 60, ""sigma"": 1.0, ""sigma_ratio"": 0.8333333333333334, ""stride"": 1, ""temperature"": 1.2}",823058648,0.2669832544440634,0.2972594584682984,0.030276204024234966,1.4851738823784721,0.2574603595195905,2.239908854166657,19.991015625,aa3272903d56a523c888674d817fdb1721030fcc37aeed889dfdb7662a20cff0,8ff9fb6a168a041719da8b7bed19a4701ac6fbad62942f5a0b99576af865f20e,5.6066262743570405e-15,8
B2_reward1,B2,fitness,3,"{""b_ratio"": 1.6666666666666667, ""bias"": 2.0, ""fitness_mode"": ""count"", ""floor"": 0.1, ""jitter"": 0, ""motif_length"": 5, ""mutation_rate"": 0.001, ""n_cells"": 80, ""n_gens"": 150, ""n_metabolites"": 4, ""n_segments"": 4, ""n_seqs"": 8, ""p"": 1.0, ""penalty"": 0.25, ""penalty_ratio"": 0.25, ""reward"": 1, ""segment_order"": ""native"", ""seq_len"": 60, ""sigma"": 1.0, ""sigma_ratio"": 0.8333333333333334, ""stride"": 1, ""temperature"": 1.2}",792188688,0.27480637156087856,0.3047863484334139,0.029979976872535348,1.69713677300347,0.3517482741508214,1.8875260416666642,19.83125,35ee5107c90d688a7ca297c0c62e2dbafe847d8b0fdffcdc5b84e904935c2661,dfaf9672c4440a21187c8b4516e6cfc0ef360e8991cc51fa74b77c8a593b3f26,1.815214645262131e-14,8
B2_reward1,B2,fitness,4,"{""b_ratio"": 1.6666666666666667, ""bias"": 2.0, ""fitness_mode"": ""count"", ""floor"": 0.1, ""jitter"": 0, ""motif_length"": 5, ""mutation_rate"": 0.001, ""n_cells"": 80, ""n_gens"": 150, ""n_metabolites"": 4, ""n_segments"": 4, ""n_seqs"": 8, ""p"": 1.0, ""penalty"": 0.25, ""penalty_ratio"": 0.25, ""reward"": 1, ""segment_order"": ""native"", ""seq_len"": 60, ""sigma"": 1.0, ""sigma_ratio"": 0.8333333333333334, ""stride"": 1, ""temperature"": 1.2}",2223958768,0.2676414758034675,0.2975417489233436,0.02990027311987614,0.9697197808159714,0.2849500790398602,1.4551953125000026,19.087109375,9d7b374373b870b7ef15ce821891e3377e4d0e4172dc6287811282bbfa14bf3e,990a357ec74b9be4fed7b979a2500456a34f88101519967766643a1fdbaa89a8,2.4202861936828413e-14,8
B2_reward1,B2,fitness,5,"{""b_ratio"": 1.6666666666666667, ""bias"": 2.0, ""fitness_mode"": ""count"", ""floor"": 0.1, ""jitter"": 0, ""motif_length"": 5, ""mutation_rate"": 0.001, ""n_cells"": 80, ""n_gens"": 150, ""n_metabolites"": 4, ""n_segments"": 4, ""n_seqs"": 8, ""p"": 1.0, ""penalty"": 0.25, ""penalty_ratio"": 0.25, ""reward"": 1, ""segment_order"": ""native"", ""seq_len"": 60, ""sigma"": 1.0, ""sigma_ratio"": 0.8333333333333334, ""stride"": 1, ""temperature"": 1.2}",242633722,0.2910571364862625,0.31837538375139196,0.02731824726512943,1.251490614149306,0.13409860682070823,1.7766796875000033,19.83203125,3c24869957ac369f86d08334bf786af6d77ad5441358019a243b004d8cf20be5,8fa4065f49002487a59ea56947ff6611275def31a06cb5299a724f4499be60db,1.8540724511240114e-14,8
B2_reward1,B2,fitness,6,"{""b_ratio"": 1.6666666666666667, ""bias"": 2.0, ""fitness_mode"": ""count"", ""floor"": 0.1, ""jitter"": 0, ""motif_length"": 5, ""mutation_rate"": 0.001, ""n_cells"": 80, ""n_gens"": 150, ""n_metabolites"": 4, ""n_segments"": 4, ""n_seqs"": 8, ""p"": 1.0, ""penalty"": 0.25, ""penalty_ratio"": 0.25, ""reward"": 1, ""segment_order"": ""native"", ""seq_len"": 60, ""sigma"": 1.0, ""sigma_ratio"": 0.8333333333333334, ""stride"": 1, ""temperature"": 1.2}",1559445017,0.26494204950815153,0.2942025833436195,0.029260533835467943,1.6615804036458335,0.1469650985352708,2.9106510416666644,20.490625,54598fa728b4bbbe16419675bc9aed68e562567d23529f983f4d70e12fe998cd,6b7282592e9f019f28d97e2d37ce7eec16aa5f6ec9a0823bfc896f511a7f98e9,1.659783421814609e-14,8
B2_reward1,B2,fitness,7,"{""b_ratio"": 1.6666666666666667, ""bias"": 2.0, ""fitness_mode"": ""count"", ""floor"": 0.1, ""jitter"": 0, ""motif_length"": 5, ""mutation_rate"": 0.001, ""n_cells"": 80, ""n_gens"": 150, ""n_metabolites"": 4, ""n_segments"": 4, ""n_seqs"": 8, ""p"": 1.0, ""penalty"": 0.25, ""penalty_ratio"": 0.25, ""reward"": 1, ""segment_order"": ""native"", ""seq_len"": 60, ""sigma"": 1.0, ""sigma_ratio"": 0.8333333333333334, ""stride"": 1, ""temperature"": 1.2}",950243025,0.23182697324899343,0.25728930480788414,0.025462331558890706,0.35107964409722214,0.17018546576267843,1.5663802083333316,19.2203125,091ed2366189a9d09d8fc2330af412bb4da19527d802372a1ebd11f29b423158,3741c18a8c25ab90874f0671c5470c9261946319741e60e233b72fc30c2ebb20,1.3988810110276972e-14,8
B2_reward3,B2,fitness,0,"{""b_ratio"": 1.6666666666666667, ""bias"": 2.0, ""fitness_mode"": ""count"", ""floor"": 0.1, ""jitter"": 0, ""motif_length"": 5, ""mutation_rate"": 0.001, ""n_cells"": 80, ""n_gens"": 150, ""n_metabolites"": 4, ""n_segments"": 4, ""n_seqs"": 8, ""p"": 1.0, ""penalty"": 0.75, ""penalty_ratio"": 0.25, ""reward"": 3, ""segment_order"": ""native"", ""seq_len"": 60, ""sigma"": 1.0, ""sigma_ratio"": 0.8333333333333334, ""stride"": 1, ""temperature"": 1.2}",104813202,0.2558036658001349,0.28185755005343716,0.026053884253302222,4.046634928385418,0.5171483382982882,11.084921874999992,63.136328125,51535b95d36d97f27d3099d44d6e0388b2e8819626af5eccf959ee6124679985,e31f1ce1c0382c25a921a1e59ef75dacc152f0a48d29c84663f80f8d7b594383,2.2093438190040615e-14,8
B2_reward3,B2,fitness,1,"{""b_ratio"": 1.6666666666666667, ""bias"": 2.0, ""fitness_mode"": ""count"", ""floor"": 0.1, ""jitter"": 0, ""motif_length"": 5, ""mutation_rate"": 0.001, ""n_cells"": 80, ""n_gens"": 150, ""n_metabolites"": 4, ""n_segments"": 4, ""n_seqs"": 8, ""p"": 1.0, ""penalty"": 0.75, ""penalty_ratio"": 0.25, ""reward"": 3, ""segment_order"": ""native"", ""seq_len"": 60, ""sigma"": 1.0, ""sigma_ratio"": 0.8333333333333334, ""stride"": 1, ""temperature"": 1.2}",886984895,0.22696864224284327,0.25497390514584645,0.02800526290300318,3.2947794596354143,0.7613503456018554,8.8268359375,61.9890625,84e14f4aa6a1692df33bafc959c2ede4296c710c198d3524fea3e483a2411423,4a52f42686119136ddc7c47a93f9a2d30ba7d3e836d9dad5a26069b480d53151,1.0408340855860843e-14,8
B2_reward3,B2,fitness,2,"{""b_ratio"": 1.6666666666666667, ""bias"": 2.0, ""fitness_mode"": ""count"", ""floor"": 0.1, ""jitter"": 0, ""motif_length"": 5, ""mutation_rate"": 0.001, ""n_cells"": 80, ""n_gens"": 150, ""n_metabolites"": 4, ""n_segments"": 4, ""n_seqs"": 8, ""p"": 1.0, ""penalty"": 0.75, ""penalty_ratio"": 0.25, ""reward"": 3, ""segment_order"": ""native"", ""seq_len"": 60, ""sigma"": 1.0, ""sigma_ratio"": 0.8333333333333334, ""stride"": 1, ""temperature"": 1.2}",1703827509,0.23036536533685437,0.2617523839840007,0.03138701864714631,1.6788981119791702,0.7170263069749171,1.7399999999999949,51.799609375,268172414c5a169eb2ab1d8d1bb595822ee4cd7391c6b37e985701a8503840a6,a0b593fc0ef91f4bf1d567b5554017dfb63a072671384aab569e22af5f6f9314,1.2545520178264269e-14,8
B2_reward3,B2,fitness,3,"{""b_ratio"": 1.6666666666666667, ""bias"": 2.0, ""fitness_mode"": ""count"", ""floor"": 0.1, ""jitter"": 0, ""motif_length"": 5, ""mutation_rate"": 0.001, ""n_cells"": 80, ""n_gens"": 150, ""n_metabolites"": 4, ""n_segments"": 4, ""n_seqs"": 8, ""p"": 1.0, ""penalty"": 0.75, ""penalty_ratio"": 0.25, ""reward"": 3, ""segment_order"": ""native"", ""seq_len"": 60, ""sigma"": 1.0, ""sigma_ratio"": 0.8333333333333334, ""stride"": 1, ""temperature"": 1.2}",3026022932,0.2738458437540212,0.29835336081722097,0.02450751706319975,3.2447347005208327,0.45990726925979675,8.956250000000018,60.293359375,95af586744665cc46273b1b7bcde1fbce1cbe03065147067baef284d460f09f8,f986afa7d423b18e279ae4915c58bc3eb5313f8ca9e00afc67c521f13ca5e5e5,1.2378986724570495e-14,8
B2_reward3,B2,fitness,4,"{""b_ratio"": 1.6666666666666667, ""bias"": 2.0, ""fitness_mode"": ""count"", ""floor"": 0.1, ""jitter"": 0, ""motif_length"": 5, ""mutation_rate"": 0.001, ""n_cells"": 80, ""n_gens"": 150, ""n_metabolites"": 4, ""n_segments"": 4, ""n_seqs"": 8, ""p"": 1.0, ""penalty"": 0.75, ""penalty_ratio"": 0.25, ""reward"": 3, ""segment_order"": ""native"", ""seq_len"": 60, ""sigma"": 1.0, ""sigma_ratio"": 0.8333333333333334, ""stride"": 1, ""temperature"": 1.2}",353760480,0.26323939426986553,0.29251541122571256,0.029276016955847025,3.0197102864583387,0.6661512228301298,5.500195312500004,57.0859375,6c69cc5b2eb7138f4c7124a79a3fac0ac191dfc5868e59676244e1241215580c,fad8bb17e7f2487acfb415935f1239c7179505c4bfb8f00a6d7daac3854ceac0,2.0761170560490427e-14,8
B2_reward3,B2,fitness,5,"{""b_ratio"": 1.6666666666666667, ""bias"": 2.0, ""fitness_mode"": ""count"", ""floor"": 0.1, ""jitter"": 0, ""motif_length"": 5, ""mutation_rate"": 0.001, ""n_cells"": 80, ""n_gens"": 150, ""n_metabolites"": 4, ""n_segments"": 4, ""n_seqs"": 8, ""p"": 1.0, ""penalty"": 0.75, ""penalty_ratio"": 0.25, ""reward"": 3, ""segment_order"": ""native"", ""seq_len"": 60, ""sigma"": 1.0, ""sigma_ratio"": 0.8333333333333334, ""stride"": 1, ""temperature"": 1.2}",140450958,0.3192191991222933,0.348524793068902,0.029305593946608696,4.758402506510419,0.38659199822005846,6.893710937499996,59.262109375,a784852453cc6dff622a9c63fa8672afe9c1dd9ce89edcc4a9565617c0357b4f,2428a78f885deac0c7a4cad21da5b2e506b4ba4d133cfbac2ac74eab99626e13,1.4876988529977098e-14,8
B2_reward3,B2,fitness,6,"{""b_ratio"": 1.6666666666666667, ""bias"": 2.0, ""fitness_mode"": ""count"", ""floor"": 0.1, ""jitter"": 0, ""motif_length"": 5, ""mutation_rate"": 0.001, ""n_cells"": 80, ""n_gens"": 150, ""n_metabolites"": 4, ""n_segments"": 4, ""n_seqs"": 8, ""p"": 1.0, ""penalty"": 0.75, ""penalty_ratio"": 0.25, ""reward"": 3, ""segment_order"": ""native"", ""seq_len"": 60, ""sigma"": 1.0, ""sigma_ratio"": 0.8333333333333334, ""stride"": 1, ""temperature"": 1.2}",3321241581,0.2844366187180552,0.31003305447846796,0.025596435760412747,2.8919433593749924,0.5863923847603997,11.6155859375,62.5140625,111620a085eea0cab5189ecfca02f8f03fecebc618220ac542e0df1540ae6c0d,e8a63df37fe5e052c08b97885ba078f1b08c3c8248342c0dd76b39ecb5372f62,1.7541523789077473e-14,8
B2_reward3,B2,fitness,7,"{""b_ratio"": 1.6666666666666667, ""bias"": 2.0, ""fitness_mode"": ""count"", ""floor"": 0.1, ""jitter"": 0, ""motif_length"": 5, ""mutation_rate"": 0.001, ""n_cells"": 80, ""n_gens"": 150, ""n_metabolites"": 4, ""n_segments"": 4, ""n_seqs"": 8, ""p"": 1.0, ""penalty"": 0.75, ""penalty_ratio"": 0.25, ""reward"": 3, ""segment_order"": ""native"", ""seq_len"": 60, ""sigma"": 1.0, ""sigma_ratio"": 0.8333333333333334, ""stride"": 1, ""temperature"": 1.2}",1946821117,0.2710930910470006,0.3004977976718686,0.02940470662486804,1.3376953124999975,0.992186211097775,4.671328125000009,55.43828125,34118f3b3d2f345c6033eab3065b852b44485598ed1960079c09705b279ab15c,0d1569044465c0ab51c9e2873f185ac4a8f5596f72368c9813df3ab08ac59513,1.9872992140790302e-14,8
B2_seg2,B2,position,0,"{""b_ratio"": 1.6666666666666667, ""bias"": 2.0, ""fitness_mode"": ""count"", ""floor"": 0.1, ""jitter"": 0, ""motif_length"": 5, ""mutation_rate"": 0.001, ""n_cells"": 80, ""n_gens"": 150, ""n_metabolites"": 4, ""n_segments"": 2, ""n_seqs"": 8, ""p"": 1.0, ""penalty"": 0.5, ""penalty_ratio"": 0.25, ""reward"": 2.0, ""segment_order"": ""native"", ""seq_len"": 60, ""sigma"": 1.0, ""sigma_ratio"": 0.8333333333333334, ""stride"": 1, ""temperature"": 1.2}",3066343001,0.2603448829915299,0.29194870619494406,0.03160382320341416,1.9974310980902787,0.3986513989852712,3.3142447916666598,39.0609375,342e2f61d5e17ee1a444fd2dad69e2b9aefbf9616b1a3b79b655e524359a6146,ff96858cb9bb6f5efd2eabdab5c3c8e9a6faf90492858c3d24f124606d8001cb,3.2529534621517087e-14,8
B2_seg2,B2,position,1,"{""b_ratio"": 1.6666666666666667, ""bias"": 2.0, ""fitness_mode"": ""count"", ""floor"": 0.1, ""jitter"": 0, ""motif_length"": 5, ""mutation_rate"": 0.001, ""n_cells"": 80, ""n_gens"": 150, ""n_metabolites"": 4, ""n_segments"": 2, ""n_seqs"": 8, ""p"": 1.0, ""penalty"": 0.5, ""penalty_ratio"": 0.25, ""reward"": 2.0, ""segment_order"": ""native"", ""seq_len"": 60, ""sigma"": 1.0, ""sigma_ratio"": 0.8333333333333334, ""stride"": 1, ""temperature"": 1.2}",2896661088,0.2679084258623267,0.29485044954728235,0.026942023684955643,2.801052517361108,0.4382940601592914,3.4009635416666626,38.471875,6552050c85cf839a17d0e4209fe28ff17ffb913bf6bbd117bf6cb55ea34338d7,9588eea3b66515ee247eb2276a6457f479e4253bfb6edaf03dc1ebc40cf16039,1.3433698597964394e-14,8
B2_seg2,B2,position,2,"{""b_ratio"": 1.6666666666666667, ""bias"": 2.0, ""fitness_mode"": ""count"", ""floor"": 0.1, ""jitter"": 0, ""motif_length"": 5, ""mutation_rate"": 0.001, ""n_cells"": 80, ""n_gens"": 150, ""n_metabolites"": 4, ""n_segments"": 2, ""n_seqs"": 8, ""p"": 1.0, ""penalty"": 0.5, ""penalty_ratio"": 0.25, ""reward"": 2.0, ""segment_order"": ""native"", ""seq_len"": 60, ""sigma"": 1.0, ""sigma_ratio"": 0.8333333333333334, ""stride"": 1, ""temperature"": 1.2}",2660127518,0.27780630866824885,0.3014335421613177,0.02362723349306885,3.0302734374999956,0.6018450658195941,4.005755208333333,39.51953125,3c014789ea1e286517d0140200087a4131b0cfe4a3a13239648c83c038174c12,6a26ebaf820c816f04f41d9d53c7b021e72529a041a49c9ab38eb51a22d5ec48,1.3988810110276972e-14,8
B2_seg2,B2,position,3,"{""b_ratio"": 1.6666666666666667, ""bias"": 2.0, ""fitness_mode"": ""count"", ""floor"": 0.1, ""jitter"": 0, ""motif_length"": 5, ""mutation_rate"": 0.001, ""n_cells"": 80, ""n_gens"": 150, ""n_metabolites"": 4, ""n_segments"": 2, ""n_seqs"": 8, ""p"": 1.0, ""penalty"": 0.5, ""penalty_ratio"": 0.25, ""reward"": 2.0, ""segment_order"": ""native"", ""seq_len"": 60, ""sigma"": 1.0, ""sigma_ratio"": 0.8333333333333334, ""stride"": 1, ""temperature"": 1.2}",401676724,0.2648094477060275,0.29316845240034073,0.028359004694313263,1.210872395833337,0.48039630869707656,5.553489583333331,41.3015625,81c9d99af00f444ed67fa0de419e213cbc0956633f7eeff8986a90ac33b801f8,c45a126ddb209d533bc6ce55ddd12181d480f9ea0ef1ba6807d8d273ebdc52c1,2.8199664825478976e-14,8
B2_seg2,B2,position,4,"{""b_ratio"": 1.6666666666666667, ""bias"": 2.0, ""fitness_mode"": ""count"", ""floor"": 0.1, ""jitter"": 0, ""motif_length"": 5, ""mutation_rate"": 0.001, ""n_cells"": 80, ""n_gens"": 150, ""n_metabolites"": 4, ""n_segments"": 2, ""n_seqs"": 8, ""p"": 1.0, ""penalty"": 0.5, ""penalty_ratio"": 0.25, ""reward"": 2.0, ""segment_order"": ""native"", ""seq_len"": 60, ""sigma"": 1.0, ""sigma_ratio"": 0.8333333333333334, ""stride"": 1, ""temperature"": 1.2}",400828164,0.29280822273590046,0.31776281090485875,0.024954588168958278,1.4694118923611112,0.44431468416632736,4.315963541666655,39.43828125,557b6fcb36d8c94b128da043688c24d66e102deee950c9e835fbed0aab63ac7a,7d22f749b15478dfa68403896d269213d90dfbc5751b34c3e1f82d324fc37e44,1.9317880628477724e-14,8
B2_seg2,B2,position,5,"{""b_ratio"": 1.6666666666666667, ""bias"": 2.0, ""fitness_mode"": ""count"", ""floor"": 0.1, ""jitter"": 0, ""motif_length"": 5, ""mutation_rate"": 0.001, ""n_cells"": 80, ""n_gens"": 150, ""n_metabolites"": 4, ""n_segments"": 2, ""n_seqs"": 8, ""p"": 1.0, ""penalty"": 0.5, ""penalty_ratio"": 0.25, ""reward"": 2.0, ""segment_order"": ""native"", ""seq_len"": 60, ""sigma"": 1.0, ""sigma_ratio"": 0.8333333333333334, ""stride"": 1, ""temperature"": 1.2}",1460882097,0.29802371481857104,0.32699500722871255,0.028971292410141514,0.2113037109375,0.4745721563373759,4.067343750000006,37.7484375,a0422db740abdad6f5198aa3ee572c3cd65f00cb1d5903ac593e56e4743dd0da,667e030a32f39cbc0429d70a848f5b5b5b4a365f8d852196cac1a96a271d557a,3.4638958368304884e-14,8
B2_seg2,B2,position,6,"{""b_ratio"": 1.6666666666666667, ""bias"": 2.0, ""fitness_mode"": ""count"", ""floor"": 0.1, ""jitter"": 0, ""motif_length"": 5, ""mutation_rate"": 0.001, ""n_cells"": 80, ""n_gens"": 150, ""n_metabolites"": 4, ""n_segments"": 2, ""n_seqs"": 8, ""p"": 1.0, ""penalty"": 0.5, ""penalty_ratio"": 0.25, ""reward"": 2.0, ""segment_order"": ""native"", ""seq_len"": 60, ""sigma"": 1.0, ""sigma_ratio"": 0.8333333333333334, ""stride"": 1, ""temperature"": 1.2}",2036146830,0.2590674842026588,0.28703375456452296,0.027966270361864165,0.9050781249999993,0.2696331039738094,2.8182552083333405,38.0125,c62950876ff564f5088704264fa4fb317d3bb8830a9839e3a637a31714fd21e9,989cfbb12a2e4c6780e295786e6b40d086001ce33a63e8638c24222ab21f7b38,4.596323321948148e-14,8
B2_seg2,B2,position,7,"{""b_ratio"": 1.6666666666666667, ""bias"": 2.0, ""fitness_mode"": ""count"", ""floor"": 0.1, ""jitter"": 0, ""motif_length"": 5, ""mutation_rate"": 0.001, ""n_cells"": 80, ""n_gens"": 150, ""n_metabolites"": 4, ""n_segments"": 2, ""n_seqs"": 8, ""p"": 1.0, ""penalty"": 0.5, ""penalty_ratio"": 0.25, ""reward"": 2.0, ""segment_order"": ""native"", ""seq_len"": 60, ""sigma"": 1.0, ""sigma_ratio"": 0.8333333333333334, ""stride"": 1, ""temperature"": 1.2}",2331823292,0.20546695532008627,0.2377464770084598,0.03227952168837353,3.0198567708333357,0.3508519030119687,4.3365625000000065,38.2375,42a38f5dbfa2c5018fec329e98f20c85cd467d75e0580b929e2a4788e4cd6f44,def9794053e23a76f3c6305a029dd835983ea70cc01f11cbc8a99e3cd7f818da,3.108624468950438e-14,8
B2_seg8,B2,position,0,"{""b_ratio"": 1.6666666666666667, ""bias"": 2.0, ""fitness_mode"": ""count"", ""floor"": 0.1, ""jitter"": 0, ""motif_length"": 5, ""mutation_rate"": 0.001, ""n_cells"": 80, ""n_gens"": 150, ""n_metabolites"": 4, ""n_segments"": 8, ""n_seqs"": 8, ""p"": 1.0, ""penalty"": 0.5, ""penalty_ratio"": 0.25, ""reward"": 2.0, ""segment_order"": ""native"", ""seq_len"": 60, ""sigma"": 1.0, ""sigma_ratio"": 0.8333333333333334, ""stride"": 1, ""temperature"": 1.2}",3517414448,0.26331142053339274,0.292756206858949,0.029444786325556235,2.9950764973958304,0.745194903749733,4.307447916666668,40.95234375,dfee142cfd2c6c8268dd275732f1ac02b63974f451c5ec4b95ef0b551572d575,c615b169296239fe4692353d5cb87eb4945a24099ca8c9aa9101590ad4f19a5a,1.992850329202156e-14,8
B2_seg8,B2,position,1,"{""b_ratio"": 1.6666666666666667, ""bias"": 2.0, ""fitness_mode"": ""count"", ""floor"": 0.1, ""jitter"": 0, ""motif_length"": 5, ""mutation_rate"": 0.001, ""n_cells"": 80, ""n_gens"": 150, ""n_metabolites"": 4, ""n_segments"": 8, ""n_seqs"": 8, ""p"": 1.0, ""penalty"": 0.5, ""penalty_ratio"": 0.25, ""reward"": 2.0, ""segment_order"": ""native"", ""seq_len"": 60, ""sigma"": 1.0, ""sigma_ratio"": 0.8333333333333334, ""stride"": 1, ""temperature"": 1.2}",117027127,0.23100553299427523,0.26743961705552965,0.03643408406125442,2.266208224826391,0.5598267169253667,1.883567708333338,36.7234375,632a3dd253745a1b43cc3f75f154207970a8d31883bc2f5daaa54c7fa0c1685a,e35a5dd306b1bfe4d4725321058f8ede8c4d09784484fb0a2dd5e2dc36336583,1.3988810110276972e-14,8
B2_seg8,B2,position,2,"{""b_ratio"": 1.6666666666666667, ""bias"": 2.0, ""fitness_mode"": ""count"", ""floor"": 0.1, ""jitter"": 0, ""motif_length"": 5, ""mutation_rate"": 0.001, ""n_cells"": 80, ""n_gens"": 150, ""n_metabolites"": 4, ""n_segments"": 8, ""n_seqs"": 8, ""p"": 1.0, ""penalty"": 0.5, ""penalty_ratio"": 0.25, ""reward"": 2.0, ""segment_order"": ""native"", ""seq_len"": 60, ""sigma"": 1.0, ""sigma_ratio"": 0.8333333333333334, ""stride"": 1, ""temperature"": 1.2}",971193241,0.24756739096690406,0.27896361769707856,0.03139622673017449,2.3268853081597234,0.7263380266487713,1.2570312499999972,37.76796875,41d99e63997ed3f7082d26df612fff6f1ea4e441dd06e583c247587a1d9a4c98,2c0038e296d9485beca45a5399a794096c3805c2dbe6a533106b5b17e7471cb4,1.8762769116165146e-14,8
B2_seg8,B2,position,3,"{""b_ratio"": 1.6666666666666667, ""bias"": 2.0, ""fitness_mode"": ""count"", ""floor"": 0.1, ""jitter"": 0, ""motif_length"": 5, ""mutation_rate"": 0.001, ""n_cells"": 80, ""n_gens"": 150, ""n_metabolites"": 4, ""n_segments"": 8, ""n_seqs"": 8, ""p"": 1.0, ""penalty"": 0.5, ""penalty_ratio"": 0.25, ""reward"": 2.0, ""segment_order"": ""native"", ""seq_len"": 60, ""sigma"": 1.0, ""sigma_ratio"": 0.8333333333333334, ""stride"": 1, ""temperature"": 1.2}",3748268331,0.2663390029284705,0.2989546863619136,0.03261568343344308,2.9094807942708334,0.8171459167517494,4.283229166666665,40.009375,7f793a8f81463fb4951d021e5370df6b5ca878e9385813f47e904f56c896f08e,6a4d51a8a30a0a40364f1cffca4cae0ce13d5800bd478949beb15b629f7098b6,1.709743457922741e-14,8
B2_seg8,B2,position,4,"{""b_ratio"": 1.6666666666666667, ""bias"": 2.0, ""fitness_mode"": ""count"", ""floor"": 0.1, ""jitter"": 0, ""motif_length"": 5, ""mutation_rate"": 0.001, ""n_cells"": 80, ""n_gens"": 150, ""n_metabolites"": 4, ""n_segments"": 8, ""n_seqs"": 8, ""p"": 1.0, ""penalty"": 0.5, ""penalty_ratio"": 0.25, ""reward"": 2.0, ""segment_order"": ""native"", ""seq_len"": 60, ""sigma"": 1.0, ""sigma_ratio"": 0.8333333333333334, ""stride"": 1, ""temperature"": 1.2}",626344630,0.24373664192533154,0.27025204835207883,0.02651540642674729,1.9699707031249991,0.4360338197141115,2.7322916666666615,38.90390625,28ddb6125b9f0422a1669118976e2924e118c59171de3b1038541386641a9bbe,ab8d3559d31755160b8bdd2639f93a3fd21effc5cc273e5b92f5d91a195f140c,1.199040866595169e-14,8
B2_seg8,B2,position,5,"{""b_ratio"": 1.6666666666666667, ""bias"": 2.0, ""fitness_mode"": ""count"", ""floor"": 0.1, ""jitter"": 0, ""motif_length"": 5, ""mutation_rate"": 0.001, ""n_cells"": 80, ""n_gens"": 150, ""n_metabolites"": 4, ""n_segments"": 8, ""n_seqs"": 8, ""p"": 1.0, ""penalty"": 0.5, ""penalty_ratio"": 0.25, ""reward"": 2.0, ""segment_order"": ""native"", ""seq_len"": 60, ""sigma"": 1.0, ""sigma_ratio"": 0.8333333333333334, ""stride"": 1, ""temperature"": 1.2}",1820199577,0.24578630649432082,0.2762709560732142,0.030484649578893394,2.7281982421875,0.6924566898128628,5.487812500000004,40.43046875,182805f7739e8646b3102004b8eac25e8866394847cf09e03976f70e6e2b6bc9,3faa65230c5a3230acc2fbb3710ee7484ad3f3e55dfb70a408956d88647caf0f,1.2378986724570495e-14,8
B2_seg8,B2,position,6,"{""b_ratio"": 1.6666666666666667, ""bias"": 2.0, ""fitness_mode"": ""count"", ""floor"": 0.1, ""jitter"": 0, ""motif_length"": 5, ""mutation_rate"": 0.001, ""n_cells"": 80, ""n_gens"": 150, ""n_metabolites"": 4, ""n_segments"": 8, ""n_seqs"": 8, ""p"": 1.0, ""penalty"": 0.5, ""penalty_ratio"": 0.25, ""reward"": 2.0, ""segment_order"": ""native"", ""seq_len"": 60, ""sigma"": 1.0, ""sigma_ratio"": 0.8333333333333334, ""stride"": 1, ""temperature"": 1.2}",1944910537,0.21875775585037024,0.24822735062692963,0.029469594776559395,1.6650037977430596,0.3564852965764193,3.1136979166666663,37.6484375,bf3511b97398c3011a5227406fdee42fb7de6a0ffe21277304958b8bc030bba8,f3c93a0400715528985d8c6088d228bc81464c85c08b5ef19f8aa37b557a6784,1.3655743202889425e-14,8
B2_seg8,B2,position,7,"{""b_ratio"": 1.6666666666666667, ""bias"": 2.0, ""fitness_mode"": ""count"", ""floor"": 0.1, ""jitter"": 0, ""motif_length"": 5, ""mutation_rate"": 0.001, ""n_cells"": 80, ""n_gens"": 150, ""n_metabolites"": 4, ""n_segments"": 8, ""n_seqs"": 8, ""p"": 1.0, ""penalty"": 0.5, ""penalty_ratio"": 0.25, ""reward"": 2.0, ""segment_order"": ""native"", ""seq_len"": 60, ""sigma"": 1.0, ""sigma_ratio"": 0.8333333333333334, ""stride"": 1, ""temperature"": 1.2}",548488366,0.21628652109180163,0.24496946520834614,0.028682944116544522,3.4013617621527787,0.4636522250121426,6.940729166666671,42.0609375,8a9c00ca563ed11c998397a768be45921b08305943f95980d37d6f44927a3b68,dc16ef4cefcca3a8b4276eefffa756ce156054bef99db907a1955b74bc17e39f,1.687538997430238e-14,8
B2_stride2,B2,window,0,"{""b_ratio"": 1.6666666666666667, ""bias"": 2.0, ""fitness_mode"": ""count"", ""floor"": 0.1, ""jitter"": 0, ""motif_length"": 5, ""mutation_rate"": 0.001, ""n_cells"": 80, ""n_gens"": 150, ""n_metabolites"": 4, ""n_segments"": 4, ""n_seqs"": 8, ""p"": 1.0, ""penalty"": 0.5, ""penalty_ratio"": 0.25, ""reward"": 2.0, ""segment_order"": ""native"", ""seq_len"": 60, ""sigma"": 1.0, ""sigma_ratio"": 0.8333333333333334, ""stride"": 2, ""temperature"": 1.2}",3868352801,0.25883007484412224,0.2908414435965176,0.03201136875239538,0.5297932942708337,0.2306992569219452,2.747760416666665,20.61328125,6a20c6b071939198e84167634f48fe943178b355aba38b8cfe826acffe181ddd,188a404b94797cef11451132c39f3b06a5aa87ddaf28d4cbecbd2dd5e679295c,1.1657341758564144e-14,8
B2_stride2,B2,window,1,"{""b_ratio"": 1.6666666666666667, ""bias"": 2.0, ""fitness_mode"": ""count"", ""floor"": 0.1, ""jitter"": 0, ""motif_length"": 5, ""mutation_rate"": 0.001, ""n_cells"": 80, ""n_gens"": 150, ""n_metabolites"": 4, ""n_segments"": 4, ""n_seqs"": 8, ""p"": 1.0, ""penalty"": 0.5, ""penalty_ratio"": 0.25, ""reward"": 2.0, ""segment_order"": ""native"", ""seq_len"": 60, ""sigma"": 1.0, ""sigma_ratio"": 0.8333333333333334, ""stride"": 2, ""temperature"": 1.2}",1383639860,0.24105863514910095,0.26967277159096054,0.028614136441859585,1.9461995442708346,0.3468412102719002,2.380729166666665,21.4453125,12fa21e597f789324436e6d582745cafafb93724d9e146f6f5eb3d96e6575b6a,1f1ba19fdd0745f4fae884b20dd79e1f09d7f539fff7ba516d4152613514628f,1.5210055437364645e-14,8
B2_stride2,B2,window,2,"{""b_ratio"": 1.6666666666666667, ""bias"": 2.0, ""fitness_mode"": ""count"", ""floor"": 0.1, ""jitter"": 0, ""motif_length"": 5, ""mutation_rate"": 0.001, ""n_cells"": 80, ""n_gens"": 150, ""n_metabolites"": 4, ""n_segments"": 4, ""n_seqs"": 8, ""p"": 1.0, ""penalty"": 0.5, ""penalty_ratio"": 0.25, ""reward"": 2.0, ""segment_order"": ""native"", ""seq_len"": 60, ""sigma"": 1.0, ""sigma_ratio"": 0.8333333333333334, ""stride"": 2, ""temperature"": 1.2}",1624951364,0.3062988110268804,0.33853977240761696,0.03224096138073656,1.7371609157986092,0.36582820248838166,3.6385416666666615,20.9703125,024650a348592f2decc7fbc98e5afdaf89916f4233a2b37f3b9ed86700c856a0,fef6c8bc1a3db8f711056c8cac5be2cc07ceca6f9e2b2c81724e43b695d0d22a,6.63358257213531e-15,8
B2_stride2,B2,window,3,"{""b_ratio"": 1.6666666666666667, ""bias"": 2.0, ""fitness_mode"": ""count"", ""floor"": 0.1, ""jitter"": 0, ""motif_length"": 5, ""mutation_rate"": 0.001, ""n_cells"": 80, ""n_gens"": 150, ""n_metabolites"": 4, ""n_segments"": 4, ""n_seqs"": 8, ""p"": 1.0, ""penalty"": 0.5, ""penalty_ratio"": 0.25, ""reward"": 2.0, ""segment_order"": ""native"", ""seq_len"": 60, ""sigma"": 1.0, ""sigma_ratio"": 0.8333333333333334, ""stride"": 2, ""temperature"": 1.2}",1782595452,0.2881150029981064,0.31469993310287614,0.026584930104769772,3.0047444661458353,0.23451282269909893,3.6342968750000004,22.90859375,cb87bfee7fdd549f077d56c7a35e80bd8fb6a77e7952843cf8790105cbadd1d6,178b84d29a5015d19374b7b1e2f745af6a60a052c1cb98356eaff38d447cb066,1.3877787807814457e-14,8
B2_stride2,B2,window,4,"{""b_ratio"": 1.6666666666666667, ""bias"": 2.0, ""fitness_mode"": ""count"", ""floor"": 0.1, ""jitter"": 0, ""motif_length"": 5, ""mutation_rate"": 0.001, ""n_cells"": 80, ""n_gens"": 150, ""n_metabolites"": 4, ""n_segments"": 4, ""n_seqs"": 8, ""p"": 1.0, ""penalty"": 0.5, ""penalty_ratio"": 0.25, ""reward"": 2.0, ""segment_order"": ""native"", ""seq_len"": 60, ""sigma"": 1.0, ""sigma_ratio"": 0.8333333333333334, ""stride"": 2, ""temperature"": 1.2}",389452764,0.202630834888604,0.22715785244247755,0.024527017553873546,1.874430338541666,0.4768836445957474,2.2433593750000043,21.321875,33388ffad79926047ba17506e9b1b51d9dd150f78cd22654bf5a1168991bb9e0,1e039b0940a498e2cdf13cd401844a2b790532c5b53194e8f1488d7f69beadd0,2.7644553313166398e-14,8
B2_stride2,B2,window,5,"{""b_ratio"": 1.6666666666666667, ""bias"": 2.0, ""fitness_mode"": ""count"", ""floor"": 0.1, ""jitter"": 0, ""motif_length"": 5, ""mutation_rate"": 0.001, ""n_cells"": 80, ""n_gens"": 150, ""n_metabolites"": 4, ""n_segments"": 4, ""n_seqs"": 8, ""p"": 1.0, ""penalty"": 0.5, ""penalty_ratio"": 0.25, ""reward"": 2.0, ""segment_order"": ""native"", ""seq_len"": 60, ""sigma"": 1.0, ""sigma_ratio"": 0.8333333333333334, ""stride"": 2, ""temperature"": 1.2}",425811038,0.24972618167699256,0.2792564469015938,0.029530265224601237,1.336477322048614,0.19693633331141058,2.4609895833333404,21.34765625,17b15464c6e83d26c6d0e9862af80347cd4102c8138035cb0a98815425b6bd2a,66aa1f2d7efafed8087845e6bf66f853b6a6ca7147c4d6bbc6001366b2c7921f,1.6542323066914832e-14,8
B2_stride2,B2,window,6,"{""b_ratio"": 1.6666666666666667, ""bias"": 2.0, ""fitness_mode"": ""count"", ""floor"": 0.1, ""jitter"": 0, ""motif_length"": 5, ""mutation_rate"": 0.001, ""n_cells"": 80, ""n_gens"": 150, ""n_metabolites"": 4, ""n_segments"": 4, ""n_seqs"": 8, ""p"": 1.0, ""penalty"": 0.5, ""penalty_ratio"": 0.25, ""reward"": 2.0, ""segment_order"": ""native"", ""seq_len"": 60, ""sigma"": 1.0, ""sigma_ratio"": 0.8333333333333334, ""stride"": 2, ""temperature"": 1.2}",2130318128,0.23642108897358888,0.2658700080433053,0.02944891906971642,2.247973632812502,0.5096313701731893,1.623776041666666,19.78203125,2496635f36313b96d185607dc1fbb2e95d7a17347954f9319d1a745537419ecd,68b385904abac9e2fcb95589477b056c2ec6c5bc1909e592b9ba317a25a3a07e,1.709743457922741e-14,8
B2_stride2,B2,window,7,"{""b_ratio"": 1.6666666666666667, ""bias"": 2.0, ""fitness_mode"": ""count"", ""floor"": 0.1, ""jitter"": 0, ""motif_length"": 5, ""mutation_rate"": 0.001, ""n_cells"": 80, ""n_gens"": 150, ""n_metabolites"": 4, ""n_segments"": 4, ""n_seqs"": 8, ""p"": 1.0, ""penalty"": 0.5, ""penalty_ratio"": 0.25, ""reward"": 2.0, ""segment_order"": ""native"", ""seq_len"": 60, ""sigma"": 1.0, ""sigma_ratio"": 0.8333333333333334, ""stride"": 2, ""temperature"": 1.2}",3425271848,0.28585012890194994,0.31385606717745707,0.028005938275507104,1.7628906250000012,0.3286596428876719,3.0147656250000026,21.7515625,a92fbaee2262815b7454bb9c9ad0fae7b309d683cb0653379f4a7b0af0f0fe49,a8b2eabab01cc07efdf697f65f32eb5a10716799e0f5558a5abbdf09584cc350,2.2648549702353193e-14,8
B2_stride5,B2,window,0,"{""b_ratio"": 1.6666666666666667, ""bias"": 2.0, ""fitness_mode"": ""count"", ""floor"": 0.1, ""jitter"": 0, ""motif_length"": 5, ""mutation_rate"": 0.001, ""n_cells"": 80, ""n_gens"": 150, ""n_metabolites"": 4, ""n_segments"": 4, ""n_seqs"": 8, ""p"": 1.0, ""penalty"": 0.5, ""penalty_ratio"": 0.25, ""reward"": 2.0, ""segment_order"": ""native"", ""seq_len"": 60, ""sigma"": 1.0, ""sigma_ratio"": 0.8333333333333334, ""stride"": 5, ""temperature"": 1.2}",2504782373,0.2761848546156437,0.3045227197968475,0.028337865181203785,1.5768554687499996,0.18099809864203883,1.6981249999999992,10.8171875,374341a31aa994b977f6aa18e332d655c29fb852a4fd38919292ea01ecd84c81,4fe6f3267f263b2c2650ea6ada0b91750ad24e64653f2831395002710cabeffd,5.440092820663267e-15,8
B2_stride5,B2,window,1,"{""b_ratio"": 1.6666666666666667, ""bias"": 2.0, ""fitness_mode"": ""count"", ""floor"": 0.1, ""jitter"": 0, ""motif_length"": 5, ""mutation_rate"": 0.001, ""n_cells"": 80, ""n_gens"": 150, ""n_metabolites"": 4, ""n_segments"": 4, ""n_seqs"": 8, ""p"": 1.0, ""penalty"": 0.5, ""penalty_ratio"": 0.25, ""reward"": 2.0, ""segment_order"": ""native"", ""seq_len"": 60, ""sigma"": 1.0, ""sigma_ratio"": 0.8333333333333334, ""stride"": 5, ""temperature"": 1.2}",4240922139,0.2922936304540868,0.32263959602473236,0.03034596557064554,1.5277859157986102,0.17004282439864987,1.2296354166666674,10.59765625,cd64db70ce4563afa62c19dfd1776b2310a3855066c5ac3642359a8b453d0951,0412fec4d1e9203aa9c61c72bacbb0cb57d76c700e5807bdc0cfe9380607cdf0,6.494804694057166e-15,8
B2_stride5,B2,window,2,"{""b_ratio"": 1.6666666666666667, ""bias"": 2.0, ""fitness_mode"": ""count"", ""floor"": 0.1, ""jitter"": 0, ""motif_length"": 5, ""mutation_rate"": 0.001, ""n_cells"": 80, ""n_gens"": 150, ""n_metabolites"": 4, ""n_segments"": 4, ""n_seqs"": 8, ""p"": 1.0, ""penalty"": 0.5, ""penalty_ratio"": 0.25, ""reward"": 2.0, ""segment_order"": ""native"", ""seq_len"": 60, ""sigma"": 1.0, ""sigma_ratio"": 0.8333333333333334, ""stride"": 5, ""temperature"": 1.2}",2065450519,0.31463262382569807,0.3443303910228767,0.02969776719717864,1.9328342013888888,0.15513222760392173,2.597213541666667,10.61875,27f233793951b1a4fb3f19fce5fa73b22950bdb1afe7848cf537a39b724d55cf,c37ff5bccb7b28205fe37847b7dbec612e7498994cfe90656d911b064af32185,1.6542323066914832e-14,8
B2_stride5,B2,window,3,"{""b_ratio"": 1.6666666666666667, ""bias"": 2.0, ""fitness_mode"": ""count"", ""floor"": 0.1, ""jitter"": 0, ""motif_length"": 5, ""mutation_rate"": 0.001, ""n_cells"": 80, ""n_gens"": 150, ""n_metabolites"": 4, ""n_segments"": 4, ""n_seqs"": 8, ""p"": 1.0, ""penalty"": 0.5, ""penalty_ratio"": 0.25, ""reward"": 2.0, ""segment_order"": ""native"", ""seq_len"": 60, ""sigma"": 1.0, ""sigma_ratio"": 0.8333333333333334, ""stride"": 5, ""temperature"": 1.2}",1737070582,0.23312276851904376,0.2602862203797263,0.027163451860682555,1.8391818576388899,0.21234406821937468,1.7344791666666666,10.04296875,4ed84e2b118e0dff6144d0c34b12258b6eae5ac246e3f8add45b58f2595378a5,c3402411bb3efa3fdbc645ed60d57b1b27d5a8070530d3147e89144f18cff8dd,8.1601392309949e-15,8
B2_stride5,B2,window,4,"{""b_ratio"": 1.6666666666666667, ""bias"": 2.0, ""fitness_mode"": ""count"", ""floor"": 0.1, ""jitter"": 0, ""motif_length"": 5, ""mutation_rate"": 0.001, ""n_cells"": 80, ""n_gens"": 150, ""n_metabolites"": 4, ""n_segments"": 4, ""n_seqs"": 8, ""p"": 1.0, ""penalty"": 0.5, ""penalty_ratio"": 0.25, ""reward"": 2.0, ""segment_order"": ""native"", ""seq_len"": 60, ""sigma"": 1.0, ""sigma_ratio"": 0.8333333333333334, ""stride"": 5, ""temperature"": 1.2}",2786970244,0.22591806471393724,0.2576642673717519,0.031746202657814665,1.5255452473958326,0.25995598265752395,1.4071093749999974,9.8953125,23606ce474315e696f33f9268c2f075b5929c98b8cc23c29b3c8c4bdea0a28c6,067a1f9d7ea43105e8472872086f424f77ad2cbc7b2db13bfa256001fc3b96f8,1.2490009027033011e-14,8
B2_stride5,B2,window,5,"{""b_ratio"": 1.6666666666666667, ""bias"": 2.0, ""fitness_mode"": ""count"", ""floor"": 0.1, ""jitter"": 0, ""motif_length"": 5, ""mutation_rate"": 0.001, ""n_cells"": 80, ""n_gens"": 150, ""n_metabolites"": 4, ""n_segments"": 4, ""n_seqs"": 8, ""p"": 1.0, ""penalty"": 0.5, ""penalty_ratio"": 0.25, ""reward"": 2.0, ""segment_order"": ""native"", ""seq_len"": 60, ""sigma"": 1.0, ""sigma_ratio"": 0.8333333333333334, ""stride"": 5, ""temperature"": 1.2}",1656041755,0.24684391360931793,0.28286498089098683,0.03602106728166891,1.7785129123263894,0.08242146069025565,1.6989062500000003,10.85703125,cc644659675161b7d2b711cecf671b5ad788187c39bcafe6cf8c2af7dd9df7d4,10ff715983b12db79143b6be171e4e955d0e6ae13eb03d96742b24bac6d6e962,6.6058269965196814e-15,8
B2_stride5,B2,window,6,"{""b_ratio"": 1.6666666666666667, ""bias"": 2.0, ""fitness_mode"": ""count"", ""floor"": 0.1, ""jitter"": 0, ""motif_length"": 5, ""mutation_rate"": 0.001, ""n_cells"": 80, ""n_gens"": 150, ""n_metabolites"": 4, ""n_segments"": 4, ""n_seqs"": 8, ""p"": 1.0, ""penalty"": 0.5, ""penalty_ratio"": 0.25, ""reward"": 2.0, ""segment_order"": ""native"", ""seq_len"": 60, ""sigma"": 1.0, ""sigma_ratio"": 0.8333333333333334, ""stride"": 5, ""temperature"": 1.2}",1662167302,0.18461018340271762,0.21157199015475053,0.02696180675203291,1.35146213107639,0.15349508840006543,1.3653385416666666,10.084375,5750ccf2e874885ce8127437ed944c167507fc49952215e7dcc71fbce7dae9dc,8ba878acbe390ba6c8ae17cc06191cdf5cac28f26943b70a205a1b06a5019b98,7.993605777301127e-15,8
B2_stride5,B2,window,7,"{""b_ratio"": 1.6666666666666667, ""bias"": 2.0, ""fitness_mode"": ""count"", ""floor"": 0.1, ""jitter"": 0, ""motif_length"": 5, ""mutation_rate"": 0.001, ""n_cells"": 80, ""n_gens"": 150, ""n_metabolites"": 4, ""n_segments"": 4, ""n_seqs"": 8, ""p"": 1.0, ""penalty"": 0.5, ""penalty_ratio"": 0.25, ""reward"": 2.0, ""segment_order"": ""native"", ""seq_len"": 60, ""sigma"": 1.0, ""sigma_ratio"": 0.8333333333333334, ""stride"": 5, ""temperature"": 1.2}",2826187820,0.2923306449476215,0.31831246364459853,0.025981818696977025,2.1231933593750005,0.1257343680119997,2.093802083333335,10.74296875,aa34edab8d89c0f3a522f7290b470f2b19048ab377a21da169e019c7c53b5a96,5273ff1788f17c4422529656556fc0047435e931ad46e1063799592035e5de1b,4.884981308350689e-15,8
B2_stride7,B2,window,0,"{""b_ratio"": 1.6666666666666667, ""bias"": 2.0, ""fitness_mode"": ""count"", ""floor"": 0.1, ""jitter"": 0, ""motif_length"": 5, ""mutation_rate"": 0.001, ""n_cells"": 80, ""n_gens"": 150, ""n_metabolites"": 4, ""n_segments"": 4, ""n_seqs"": 8, ""p"": 1.0, ""penalty"": 0.5, ""penalty_ratio"": 0.25, ""reward"": 2.0, ""segment_order"": ""native"", ""seq_len"": 60, ""sigma"": 1.0, ""sigma_ratio"": 0.8333333333333334, ""stride"": 7, ""temperature"": 1.2}",2543587176,0.2605581547261495,0.28535506280086853,0.024796908074719032,1.361610243055556,0.09209811504908966,0.5881770833333322,7.10703125,c0f5bdd293284814392e00efe2b3ba1435c5deaceb2abfcd01054e37f4b70280,099451573a28d58e8e15e320538ddd8553dfcbd0c26bb2dd73a179028ba4180f,6.494804694057166e-15,8
B2_stride7,B2,window,1,"{""b_ratio"": 1.6666666666666667, ""bias"": 2.0, ""fitness_mode"": ""count"", ""floor"": 0.1, ""jitter"": 0, ""motif_length"": 5, ""mutation_rate"": 0.001, ""n_cells"": 80, ""n_gens"": 150, ""n_metabolites"": 4, ""n_segments"": 4, ""n_seqs"": 8, ""p"": 1.0, ""penalty"": 0.5, ""penalty_ratio"": 0.25, ""reward"": 2.0, ""segment_order"": ""native"", ""seq_len"": 60, ""sigma"": 1.0, ""sigma_ratio"": 0.8333333333333334, ""stride"": 7, ""temperature"": 1.2}",1734456103,0.3076220141059837,0.3406762273783558,0.03305421327237207,1.5299696180555553,0.11278952410705784,1.170208333333333,7.6234375,5c2250d6406dcfd2b3d69e349369f5e0751a1af507daaa866e3e0242007e7315,57096353dac27c0d810a310abc386f991f6ca5f1bd3d788928fc99ea35251059,7.216449660063518e-15,8
B2_stride7,B2,window,2,"{""b_ratio"": 1.6666666666666667, ""bias"": 2.0, ""fitness_mode"": ""count"", ""floor"": 0.1, ""jitter"": 0, ""motif_length"": 5, ""mutation_rate"": 0.001, ""n_cells"": 80, ""n_gens"": 150, ""n_metabolites"": 4, ""n_segments"": 4, ""n_seqs"": 8, ""p"": 1.0, ""penalty"": 0.5, ""penalty_ratio"": 0.25, ""reward"": 2.0, ""segment_order"": ""native"", ""seq_len"": 60, ""sigma"": 1.0, ""sigma_ratio"": 0.8333333333333334, ""stride"": 7, ""temperature"": 1.2}",524569815,0.2409724720908131,0.26543343592365787,0.02446096383284476,1.6225911458333337,0.10694461493005686,1.6122135416666667,7.6546875,79974caa6b499180b68e96c5fba45eaeb8a26d05cbc604c41290c1489b7fde98,930116629f8b1bb8bccc4572211503131a0c84e9863b5bbae94562bd9a82d6a8,5.440092820663267e-15,8
B2_stride7,B2,window,3,"{""b_ratio"": 1.6666666666666667, ""bias"": 2.0, ""fitness_mode"": ""count"", ""floor"": 0.1, ""jitter"": 0, ""motif_length"": 5, ""mutation_rate"": 0.001, ""n_cells"": 80, ""n_gens"": 150, ""n_metabolites"": 4, ""n_segments"": 4, ""n_seqs"": 8, ""p"": 1.0, ""penalty"": 0.5, ""penalty_ratio"": 0.25, ""reward"": 2.0, ""segment_order"": ""native"", ""seq_len"": 60, ""sigma"": 1.0, ""sigma_ratio"": 0.8333333333333334, ""stride"": 7, ""temperature"": 1.2}",854302054,0.2082978901605892,0.24109125208788426,0.03279336192729507,1.2695719401041665,0.18578345874334234,0.9334114583333344,7.65,1bb7459690ff9c5168956ab96473156d119f26b42bc3866eb3d13d7ca9b698be,f537f44e5281097e8662824c0322b7ce181e3557f11f272ebd6d0f9e61f605e1,9.103828801926284e-15,8
B2_stride7,B2,window,4,"{""b_ratio"": 1.6666666666666667, ""bias"": 2.0, ""fitness_mode"": ""count"", ""floor"": 0.1, ""jitter"": 0, ""motif_length"": 5, ""mutation_rate"": 0.001, ""n_cells"": 80, ""n_gens"": 150, ""n_metabolites"": 4, ""n_segments"": 4, ""n_seqs"": 8, ""p"": 1.0, ""penalty"": 0.5, ""penalty_ratio"": 0.25, ""reward"": 2.0, ""segment_order"": ""native"", ""seq_len"": 60, ""sigma"": 1.0, ""sigma_ratio"": 0.8333333333333334, ""stride"": 7, ""temperature"": 1.2}",2713075097,0.17968672330651167,0.20332286043618922,0.023636137129677538,1.220458984375,0.13300290654407018,0.9950520833333334,7.0265625,c1e59abe684e632e13b64b149d6770cc63fc8bf3658cbca6b0f19b76ed709d26,a7f2655c014f4b0d844f0f762d3b16fa7d4c9cacbae24cb63fe41ebd6d347ed4,6.328271240363392e-15,8
B2_stride7,B2,window,5,"{""b_ratio"": 1.6666666666666667, ""bias"": 2.0, ""fitness_mode"": ""count"", ""floor"": 0.1, ""jitter"": 0, ""motif_length"": 5, ""mutation_rate"": 0.001, ""n_cells"": 80, ""n_gens"": 150, ""n_metabolites"": 4, ""n_segments"": 4, ""n_seqs"": 8, ""p"": 1.0, ""penalty"": 0.5, ""penalty_ratio"": 0.25, ""reward"": 2.0, ""segment_order"": ""native"", ""seq_len"": 60, ""sigma"": 1.0, ""sigma_ratio"": 0.8333333333333334, ""stride"": 7, ""temperature"": 1.2}",1041898905,0.21486521702410238,0.24232334231350872,0.027458125289406318,1.3354031032986104,0.09519825708285665,0.8518750000000024,7.2921875,4685b4dd45d433d9e8d049681befc9cb9bec7b03dcc43d1a991aa80fcbd89097,d55fe630adee8c71fec464781e3364e707676d587f4389ef62fc3195c62bd533,5.329070518200751e-15,8
B2_stride7,B2,window,6,"{""b_ratio"": 1.6666666666666667, ""bias"": 2.0, ""fitness_mode"": ""count"", ""floor"": 0.1, ""jitter"": 0, ""motif_length"": 5, ""mutation_rate"": 0.001, ""n_cells"": 80, ""n_gens"": 150, ""n_metabolites"": 4, ""n_segments"": 4, ""n_seqs"": 8, ""p"": 1.0, ""penalty"": 0.5, ""penalty_ratio"": 0.25, ""reward"": 2.0, ""segment_order"": ""native"", ""seq_len"": 60, ""sigma"": 1.0, ""sigma_ratio"": 0.8333333333333334, ""stride"": 7, ""temperature"": 1.2}",4143062155,0.20122786226709988,0.2277837621137181,0.026555899846618224,1.7576334635416666,0.055639408045395085,1.672447916666668,7.6828125,85eb7f6191e1cc4583fca0ae130567389730286708a84c9e03aa36e0ce538117,51279bce683ebe1d94448aad88f9538d21840cc55a1a8a4c171e01d47a3f8488,6.050715484207103e-15,8
B2_stride7,B2,window,7,"{""b_ratio"": 1.6666666666666667, ""bias"": 2.0, ""fitness_mode"": ""count"", ""floor"": 0.1, ""jitter"": 0, ""motif_length"": 5, ""mutation_rate"": 0.001, ""n_cells"": 80, ""n_gens"": 150, ""n_metabolites"": 4, ""n_segments"": 4, ""n_seqs"": 8, ""p"": 1.0, ""penalty"": 0.5, ""penalty_ratio"": 0.25, ""reward"": 2.0, ""segment_order"": ""native"", ""seq_len"": 60, ""sigma"": 1.0, ""sigma_ratio"": 0.8333333333333334, ""stride"": 7, ""temperature"": 1.2}",970247228,0.18718495081422437,0.21295338994941415,0.02576843913518979,0.9981906467013894,0.048051179150553715,0.8141145833333345,7.0078125,45f20a0827d7357e411d7a50ed30fb6b2fcaad8bdcc53486fb114f368447d9c2,0ebff1306e62585f3bca8e1f6ebcf500e17fcd0296fd709325bf59032e7874f1,5.995204332975845e-15,8
