replicate,baseline_replicate,map_id,map_hash,method,endpoint_type,actual_groups,observed_retained_information,permutation_mean,corrected_retained_information
0,selective_p1.0_r00,m000_constant,9f1dcbc35c350d6027f98be0f5c8b43b42ca52b7604459c0c42be3aa88913d47,constant,constant,1,8.008566259537292e-17,8.008566259537293e-17,-1.232595164407831e-32
0,selective_p1.0_r00,m001_balanced_random_group,74484e9508b33b029e993a9e9ccafe4f01d96055374e557f6aa5a37d25bd9c9f,balanced_random_group,intermediate,2,0.012655721712256849,0.0002394883812409094,0.012416233331015939
0,selective_p1.0_r00,m002_balanced_random_group,e96a93c5fa6154fe18dcd30eb7bdbc3a6e3320a989da83ae67372a9adf58cbba,balanced_random_group,intermediate,4,0.04013649139653942,0.0007317610055254036,0.03940473039101402
0,selective_p1.0_r00,m003_balanced_random_group,14f0105f9e20916e897f4df17fdec0d896085dd5f5320e129bc322820142f8a6,balanced_random_group,intermediate,8,0.0911000773055047,0.0016927090530518335,0.08940736825245288
0,selective_p1.0_r00,m004_balanced_random_group,bb2ba2d5c103ddf6a98d341d94ebe51e88d622a6cb807898cdf9fd63b491a80f,balanced_random_group,intermediate,16,0.11024053191030694,0.0036676614811856512,0.1065728704291213
0,selective_p1.0_r00,m005_balanced_random_group,c65bd191d1da1176a8030b84146455e1d1f9bf63bb8d4993a72ab07906c80b78,balanced_random_group,intermediate,32,0.1790419079927366,0.007402003277365743,0.17163990471537086
0,selective_p1.0_r00,m006_balanced_random_group,54146794238237c8e13f9205ac93004ce5acfdbc51f3cd9b991ee15e2a36f684,balanced_random_group,intermediate,64,0.20321995221711137,0.01331534853894989,0.18990460367816148
0,selective_p1.0_r00,m007_balanced_random_group,e179435da112ea8d971ae26891de689741e68338ddf13a7241197cfbaded0b83,balanced_random_group,intermediate,128,0.23856628047736567,0.018436216860271904,0.22013006361709375
0,selective_p1.0_r00,m008_balanced_random_group,e471d7c08820922fc6c21006a6b4685c49e9368d31cd4fbe021c3167456046e0,balanced_random_group,intermediate,256,0.25221451590645544,0.022910899483689434,0.229303616422766
0,selective_p1.0_r00,m009_balanced_random_group,3394d1cdf22e9723777f99c632a137ebcd7b9bff50e9406fa9f5a34da26ac720,balanced_random_group,intermediate,512,0.2759691036555512,0.026208509042683126,0.2497605946128681
0,selective_p1.0_r00,m010_affinity_rank_group,3f53151fb2f814971fd6c0128c5c0b7afe1b5cb5257e46a1db18b8ebc9946d94,affinity_rank_group,intermediate,2,0.007958574827634013,0.00024847492615009655,0.007710099901483917
0,selective_p1.0_r00,m011_affinity_rank_group,92e56b0f11cdce879476507882d715f1eecc12de134fc3982530e28ffd4eba29,affinity_rank_group,intermediate,4,0.027354714536518634,0.0007105831812299262,0.026644131355288706
0,selective_p1.0_r00,m012_affinity_rank_group,0a19adabdd017fc722384804e89caf4ecf35837689486f63c24094087da5c2ba,affinity_rank_group,intermediate,8,0.06389033753235739,0.0016865414410131834,0.0622037960913442
0,selective_p1.0_r00,m013_affinity_rank_group,d176c8d0ee881709b5af7061b49578d8041bef9dde73ceb9e47e4dd86f7ee987,affinity_rank_group,intermediate,16,0.12262355163550837,0.0036933564058613372,0.11893019522964703
0,selective_p1.0_r00,m014_affinity_rank_group,a08bb91ec0e66d0b3afe5332032fd3fb6769016bc04c2710b5e01a8e599df454,affinity_rank_group,intermediate,32,0.1708456854148966,0.007534505709648076,0.1633111797052485
0,selective_p1.0_r00,m015_affinity_rank_group,6ac4e014d135d7a7fbd4592fdf320f48570dc4bce5e1a5c2ca6054715b80f98a,affinity_rank_group,intermediate,64,0.2216957642140725,0.013316058987837909,0.20837970522623459
0,selective_p1.0_r00,m016_affinity_rank_group,4c0d0a036a5c51abb14f88b143c35a9a2e7cecb590d4d0752b078fe3b59a18dd,affinity_rank_group,intermediate,128,0.2489238398669475,0.018993069594990173,0.22993077027195732
0,selective_p1.0_r00,m017_affinity_rank_group,cf78b05538711825e0795152b13c3d2c15b5cd16f89c1995f7b006d8bc57c6a2,affinity_rank_group,intermediate,256,0.26378274101266413,0.02282400910783096,0.2409587319048332
0,selective_p1.0_r00,m018_affinity_rank_group,24a6acb87a7364b0b1cbbe6fecc84df53e5243c78a06a6c6c4e7354b3e359435,affinity_rank_group,intermediate,512,0.2758840505610481,0.025841039738680162,0.2500430108223679
0,selective_p1.0_r00,m019_contiguous_substring,16cfd655e57fba08a658c1d50e1fe5976b2f905eee09ec260833cfb2b49d6f38,contiguous_substring,intermediate,4,0.04528121071278689,0.0007477996679144608,0.04453341104487243
0,selective_p1.0_r00,m020_contiguous_substring,6fb076d21f3b26febc2e6a328628b3ea581ce0709de4263bbe675d61bdb74942,contiguous_substring,intermediate,4,0.03304960154716062,0.0007221643749977278,0.032327437172162896
0,selective_p1.0_r00,m021_contiguous_substring,3ac98b3bd2edbbfc3b4339ca0066047ccba8e1cfa0ce798acbd27bab5b87d8af,contiguous_substring,intermediate,4,0.04410224209153324,0.0007169972798385609,0.04338524481169468
0,selective_p1.0_r00,m022_contiguous_substring,fc015e86e4e7f2c734c05fb1135856a6186a7b6e6f3079acc6d6c6e4aa7442e4,contiguous_substring,intermediate,4,0.04440666752293186,0.0007223481187287993,0.04368431940420306
0,selective_p1.0_r00,m023_contiguous_substring,6d8bb74bcdeefe62988bcebfe3cdb7110ea14648c3393721f4a4095032ddf61b,contiguous_substring,intermediate,4,0.027714657999205417,0.0007068276205752946,0.02700783037863012
0,selective_p1.0_r00,m024_contiguous_substring,94ab69bff5420fbcf4c18d7a247ef0e4b9577d1295271abf78a62f51c3b59a0f,contiguous_substring,intermediate,16,0.12261091214029567,0.003571149544554193,0.11903976259574148
0,selective_p1.0_r00,m025_contiguous_substring,ae330f3e6dd51f734f790820a896827f916e8d775c69ea1f205c55aa81507fe0,contiguous_substring,intermediate,16,0.1164606362101202,0.003559574676936314,0.1129010615331839
0,selective_p1.0_r00,m026_contiguous_substring,5d3c5ea59a3a81c2ffdcfc7029fe0ab078b39be0217f1ee2611101845014273b,contiguous_substring,intermediate,16,0.1257960942743205,0.003506693893407042,0.12228940038091346
0,selective_p1.0_r00,m027_contiguous_substring,6edfbfdb62fbf79744d4ecfb6fe43de95b2133d87a10f24061ecc84297b1c267,contiguous_substring,intermediate,16,0.12338526219959772,0.0035317152459253386,0.11985354695367238
0,selective_p1.0_r00,m028_contiguous_substring,6f9a04216ce84ed3a2ef19a2010723c498d866f2bb5d6eda67ea1bd16782bfd8,contiguous_substring,intermediate,64,0.1998709138625553,0.010478675123406236,0.18939223873914907
0,selective_p1.0_r00,m029_contiguous_substring,8d4ddfbfac0226f6a695d6b22ee21fbf533251852e95baca71b09f7710bfb22c,contiguous_substring,intermediate,64,0.19908180563891653,0.010577918086688544,0.188503887552228
0,selective_p1.0_r00,m030_contiguous_substring,6ff19e1927dcafbb441ab0b4a0a61b92d1295d402f3277307a3f5b9d7850b98a,contiguous_substring,intermediate,64,0.20833969323798668,0.010679167515288725,0.19766052572269796
0,selective_p1.0_r00,m031_contiguous_substring,c824c782df91faee7515c9d811fab43ed5426465074d2e812a5277507d28ae96,contiguous_substring,intermediate,256,0.24528181489006715,0.019841926527111375,0.22543988836295578
0,selective_p1.0_r00,m032_contiguous_substring,ef835eb9c371f618c6958654a7d25a1df1d12c09a53ecf66f9209fb882a8542d,contiguous_substring,intermediate,256,0.24242520724043193,0.019983056111367803,0.22244215112906413
0,selective_p1.0_r00,m033_identity,2f88e9ce00d238e7e011a7b140b413dcad818f1da41a721f914f1af604d0e217,identity,identity,1024,0.2770772466033623,0.026760103372428463,0.25031714323093385
1,selective_p1.0_r01,m000_constant,9f1dcbc35c350d6027f98be0f5c8b43b42ca52b7604459c0c42be3aa88913d47,constant,constant,1,0.0,0.0,0.0
1,selective_p1.0_r01,m001_balanced_random_group,74484e9508b33b029e993a9e9ccafe4f01d96055374e557f6aa5a37d25bd9c9f,balanced_random_group,intermediate,2,0.003340297197585096,0.00023426505187009727,0.003106032145714999
1,selective_p1.0_r01,m002_balanced_random_group,e96a93c5fa6154fe18dcd30eb7bdbc3a6e3320a989da83ae67372a9adf58cbba,balanced_random_group,intermediate,4,0.03308995530872004,0.0007301748852424009,0.03235978042347764
1,selective_p1.0_r01,m003_balanced_random_group,14f0105f9e20916e897f4df17fdec0d896085dd5f5320e129bc322820142f8a6,balanced_random_group,intermediate,8,0.06433977528608137,0.0016954538380518308,0.06264432144802953
1,selective_p1.0_r01,m004_balanced_random_group,bb2ba2d5c103ddf6a98d341d94ebe51e88d622a6cb807898cdf9fd63b491a80f,balanced_random_group,intermediate,16,0.10123185424438536,0.0036182862077927085,0.09761356803659264
1,selective_p1.0_r01,m005_balanced_random_group,c65bd191d1da1176a8030b84146455e1d1f9bf63bb8d4993a72ab07906c80b78,balanced_random_group,intermediate,32,0.1526277494786457,0.007536154356171859,0.14509159512247385
1,selective_p1.0_r01,m006_balanced_random_group,54146794238237c8e13f9205ac93004ce5acfdbc51f3cd9b991ee15e2a36f684,balanced_random_group,intermediate,64,0.18321239302381737,0.013823031225607121,0.16938936179821024
1,selective_p1.0_r01,m007_balanced_random_group,e179435da112ea8d971ae26891de689741e68338ddf13a7241197cfbaded0b83,balanced_random_group,intermediate,128,0.2040308965613339,0.020569034540225347,0.18346186202110856
1,selective_p1.0_r01,m008_balanced_random_group,e471d7c08820922fc6c21006a6b4685c49e9368d31cd4fbe021c3167456046e0,balanced_random_group,intermediate,256,0.24058422097360338,0.026144420363732757,0.2144398006098706
1,selective_p1.0_r01,m009_balanced_random_group,3394d1cdf22e9723777f99c632a137ebcd7b9bff50e9406fa9f5a34da26ac720,balanced_random_group,intermediate,512,0.24443846310053283,0.028598002754730387,0.21584046034580245
1,selective_p1.0_r01,m010_affinity_rank_group,3f53151fb2f814971fd6c0128c5c0b7afe1b5cb5257e46a1db18b8ebc9946d94,affinity_rank_group,intermediate,2,0.016635283672371316,0.00023885725247310086,0.016396426419898216
1,selective_p1.0_r01,m011_affinity_rank_group,92e56b0f11cdce879476507882d715f1eecc12de134fc3982530e28ffd4eba29,affinity_rank_group,intermediate,4,0.037885883280600996,0.0007184946143382633,0.037167388666262735
1,selective_p1.0_r01,m012_affinity_rank_group,0a19adabdd017fc722384804e89caf4ecf35837689486f63c24094087da5c2ba,affinity_rank_group,intermediate,8,0.0699042049337315,0.0016938799230672558,0.06821032501066425
1,selective_p1.0_r01,m013_affinity_rank_group,d176c8d0ee881709b5af7061b49578d8041bef9dde73ceb9e47e4dd86f7ee987,affinity_rank_group,intermediate,16,0.10685957966325814,0.003639126834434062,0.10322045282882408
1,selective_p1.0_r01,m014_affinity_rank_group,a08bb91ec0e66d0b3afe5332032fd3fb6769016bc04c2710b5e01a8e599df454,affinity_rank_group,intermediate,32,0.16276164365661597,0.0074488354469628435,0.15531280820965312
1,selective_p1.0_r01,m015_affinity_rank_group,6ac4e014d135d7a7fbd4592fdf320f48570dc4bce5e1a5c2ca6054715b80f98a,affinity_rank_group,intermediate,64,0.207613765631723,0.013986459505646854,0.19362730612607615
1,selective_p1.0_r01,m016_affinity_rank_group,4c0d0a036a5c51abb14f88b143c35a9a2e7cecb590d4d0752b078fe3b59a18dd,affinity_rank_group,intermediate,128,0.232738721106724,0.02046830756904474,0.21227041353767925
1,selective_p1.0_r01,m017_affinity_rank_group,cf78b05538711825e0795152b13c3d2c15b5cd16f89c1995f7b006d8bc57c6a2,affinity_rank_group,intermediate,256,0.24337826232990128,0.02492911480017178,0.2184491475297295
1,selective_p1.0_r01,m018_affinity_rank_group,24a6acb87a7364b0b1cbbe6fecc84df53e5243c78a06a6c6c4e7354b3e359435,affinity_rank_group,intermediate,512,0.2504034688243124,0.028206142590484352,0.22219732623382807
1,selective_p1.0_r01,m019_contiguous_substring,16cfd655e57fba08a658c1d50e1fe5976b2f905eee09ec260833cfb2b49d6f38,contiguous_substring,intermediate,4,0.024035501053005087,0.0007144870796046289,0.02332101397340046
1,selective_p1.0_r01,m020_contiguous_substring,6fb076d21f3b26febc2e6a328628b3ea581ce0709de4263bbe675d61bdb74942,contiguous_substring,intermediate,4,0.025685372061640215,0.0007113885494267506,0.024973983512213464
1,selective_p1.0_r01,m021_contiguous_substring,3ac98b3bd2edbbfc3b4339ca0066047ccba8e1cfa0ce798acbd27bab5b87d8af,contiguous_substring,intermediate,4,0.02482393493450497,0.0007198358264555281,0.02410409910804944
1,selective_p1.0_r01,m022_contiguous_substring,fc015e86e4e7f2c734c05fb1135856a6186a7b6e6f3079acc6d6c6e4aa7442e4,contiguous_substring,intermediate,4,0.034424093418460026,0.0007067618515014979,0.03371733156695853
1,selective_p1.0_r01,m023_contiguous_substring,6d8bb74bcdeefe62988bcebfe3cdb7110ea14648c3393721f4a4095032ddf61b,contiguous_substring,intermediate,4,0.028958809006377973,0.00073308481029092,0.028225724196087053
1,selective_p1.0_r01,m024_contiguous_substring,94ab69bff5420fbcf4c18d7a247ef0e4b9577d1295271abf78a62f51c3b59a0f,contiguous_substring,intermediate,16,0.09994555352716747,0.003576742887298837,0.09636881063986863
1,selective_p1.0_r01,m025_contiguous_substring,ae330f3e6dd51f734f790820a896827f916e8d775c69ea1f205c55aa81507fe0,contiguous_substring,intermediate,16,0.10347126135349846,0.0036108028045642028,0.09986045854893426
1,selective_p1.0_r01,m026_contiguous_substring,5d3c5ea59a3a81c2ffdcfc7029fe0ab078b39be0217f1ee2611101845014273b,contiguous_substring,intermediate,16,0.10303112304618484,0.0035985522524002965,0.09943257079378454
1,selective_p1.0_r01,m027_contiguous_substring,6edfbfdb62fbf79744d4ecfb6fe43de95b2133d87a10f24061ecc84297b1c267,contiguous_substring,intermediate,16,0.11067441292585513,0.0035887068358484873,0.10708570609000664
1,selective_p1.0_r01,m028_contiguous_substring,6f9a04216ce84ed3a2ef19a2010723c498d866f2bb5d6eda67ea1bd16782bfd8,contiguous_substring,intermediate,64,0.1674980793149095,0.011145999143226813,0.1563520801716827
1,selective_p1.0_r01,m029_contiguous_substring,8d4ddfbfac0226f6a695d6b22ee21fbf533251852e95baca71b09f7710bfb22c,contiguous_substring,intermediate,64,0.1661495246072484,0.01110808732981226,0.15504143727743616
1,selective_p1.0_r01,m030_contiguous_substring,6ff19e1927dcafbb441ab0b4a0a61b92d1295d402f3277307a3f5b9d7850b98a,contiguous_substring,intermediate,64,0.1660544293635821,0.011102574687267504,0.15495185467631462
1,selective_p1.0_r01,m031_contiguous_substring,c824c782df91faee7515c9d811fab43ed5426465074d2e812a5277507d28ae96,contiguous_substring,intermediate,256,0.21606522371921827,0.021063273956805267,0.195001949762413
1,selective_p1.0_r01,m032_contiguous_substring,ef835eb9c371f618c6958654a7d25a1df1d12c09a53ecf66f9209fb882a8542d,contiguous_substring,intermediate,256,0.21684406060946132,0.02137241648933084,0.1954716441201305
1,selective_p1.0_r01,m033_identity,2f88e9ce00d238e7e011a7b140b413dcad818f1da41a721f914f1af604d0e217,identity,identity,1024,0.2526763888582233,0.03038906760343794,0.22228732125478537
2,selective_p1.0_r02,m000_constant,9f1dcbc35c350d6027f98be0f5c8b43b42ca52b7604459c0c42be3aa88913d47,constant,constant,1,0.0,0.0,0.0
2,selective_p1.0_r02,m001_balanced_random_group,74484e9508b33b029e993a9e9ccafe4f01d96055374e557f6aa5a37d25bd9c9f,balanced_random_group,intermediate,2,0.003904384170041089,0.0002231216784789588,0.0036812624915621302
2,selective_p1.0_r02,m002_balanced_random_group,e96a93c5fa6154fe18dcd30eb7bdbc3a6e3320a989da83ae67372a9adf58cbba,balanced_random_group,intermediate,4,0.03755360291604399,0.0007288328870935695,0.03682477002895042
2,selective_p1.0_r02,m003_balanced_random_group,14f0105f9e20916e897f4df17fdec0d896085dd5f5320e129bc322820142f8a6,balanced_random_group,intermediate,8,0.061467415762418307,0.0017064901229364438,0.05976092563948186
2,selective_p1.0_r02,m004_balanced_random_group,bb2ba2d5c103ddf6a98d341d94ebe51e88d622a6cb807898cdf9fd63b491a80f,balanced_random_group,intermediate,16,0.11036524254100025,0.0036629740046242166,0.10670226853637603
2,selective_p1.0_r02,m005_balanced_random_group,c65bd191d1da1176a8030b84146455e1d1f9bf63bb8d4993a72ab07906c80b78,balanced_random_group,intermediate,32,0.16261694354094616,0.0074709108346341655,0.155146032706312
2,selective_p1.0_r02,m006_balanced_random_group,54146794238237c8e13f9205ac93004ce5acfdbc51f3cd9b991ee15e2a36f684,balanced_random_group,intermediate,64,0.22099620770295716,0.01449009030831657,0.2065061173946406
2,selective_p1.0_r02,m007_balanced_random_group,e179435da112ea8d971ae26891de689741e68338ddf13a7241197cfbaded0b83,balanced_random_group,intermediate,128,0.24925874428556571,0.02185501591327859,0.22740372837228712
2,selective_p1.0_r02,m008_balanced_random_group,e471d7c08820922fc6c21006a6b4685c49e9368d31cd4fbe021c3167456046e0,balanced_random_group,intermediate,256,0.27817298676814395,0.027750704589912578,0.25042228217823137
2,selective_p1.0_r02,m009_balanced_random_group,3394d1cdf22e9723777f99c632a137ebcd7b9bff50e9406fa9f5a34da26ac720,balanced_random_group,intermediate,512,0.2937808029807568,0.031916383173836736,0.2618644198069201
2,selective_p1.0_r02,m010_affinity_rank_group,3f53151fb2f814971fd6c0128c5c0b7afe1b5cb5257e46a1db18b8ebc9946d94,affinity_rank_group,intermediate,2,0.013175189498098813,0.00024244022056264558,0.012932749277536166
2,selective_p1.0_r02,m011_affinity_rank_group,92e56b0f11cdce879476507882d715f1eecc12de134fc3982530e28ffd4eba29,affinity_rank_group,intermediate,4,0.036543845609909836,0.0007267627028746939,0.03581708290703514
2,selective_p1.0_r02,m012_affinity_rank_group,0a19adabdd017fc722384804e89caf4ecf35837689486f63c24094087da5c2ba,affinity_rank_group,intermediate,8,0.07154298644767919,0.0017215754688058049,0.06982141097887339
2,selective_p1.0_r02,m013_affinity_rank_group,d176c8d0ee881709b5af7061b49578d8041bef9dde73ceb9e47e4dd86f7ee987,affinity_rank_group,intermediate,16,0.1114485125049034,0.0036618381600530547,0.10778667434485034
2,selective_p1.0_r02,m014_affinity_rank_group,a08bb91ec0e66d0b3afe5332032fd3fb6769016bc04c2710b5e01a8e599df454,affinity_rank_group,intermediate,32,0.16201238334929774,0.007603282437611071,0.15440910091168666
2,selective_p1.0_r02,m015_affinity_rank_group,6ac4e014d135d7a7fbd4592fdf320f48570dc4bce5e1a5c2ca6054715b80f98a,affinity_rank_group,intermediate,64,0.20786809816139779,0.014074041268949107,0.1937940568924487
2,selective_p1.0_r02,m016_affinity_rank_group,4c0d0a036a5c51abb14f88b143c35a9a2e7cecb590d4d0752b078fe3b59a18dd,affinity_rank_group,intermediate,128,0.255566252752506,0.021153912177519222,0.23441234057498678
2,selective_p1.0_r02,m017_affinity_rank_group,cf78b05538711825e0795152b13c3d2c15b5cd16f89c1995f7b006d8bc57c6a2,affinity_rank_group,intermediate,256,0.2751837284076155,0.027094023507525627,0.24808970490008989
2,selective_p1.0_r02,m018_affinity_rank_group,24a6acb87a7364b0b1cbbe6fecc84df53e5243c78a06a6c6c4e7354b3e359435,affinity_rank_group,intermediate,512,0.2928686268720522,0.031393799400520284,0.2614748274715319
2,selective_p1.0_r02,m019_contiguous_substring,16cfd655e57fba08a658c1d50e1fe5976b2f905eee09ec260833cfb2b49d6f38,contiguous_substring,intermediate,4,0.02767548333768082,0.0007185135813958482,0.026956969756284973
2,selective_p1.0_r02,m020_contiguous_substring,6fb076d21f3b26febc2e6a328628b3ea581ce0709de4263bbe675d61bdb74942,contiguous_substring,intermediate,4,0.01930560146106028,0.0007264907853771149,0.018579110675683165
2,selective_p1.0_r02,m021_contiguous_substring,3ac98b3bd2edbbfc3b4339ca0066047ccba8e1cfa0ce798acbd27bab5b87d8af,contiguous_substring,intermediate,4,0.028316347865538168,0.0007233335741066423,0.027593014291431524
2,selective_p1.0_r02,m022_contiguous_substring,fc015e86e4e7f2c734c05fb1135856a6186a7b6e6f3079acc6d6c6e4aa7442e4,contiguous_substring,intermediate,4,0.0237102580191539,0.00071249880225313,0.022997759216900768
2,selective_p1.0_r02,m023_contiguous_substring,6d8bb74bcdeefe62988bcebfe3cdb7110ea14648c3393721f4a4095032ddf61b,contiguous_substring,intermediate,4,0.01751744861014534,0.0007221016550435672,0.01679534695510177
2,selective_p1.0_r02,m024_contiguous_substring,94ab69bff5420fbcf4c18d7a247ef0e4b9577d1295271abf78a62f51c3b59a0f,contiguous_substring,intermediate,16,0.09005482866380117,0.003613640953961592,0.08644118770983958
2,selective_p1.0_r02,m025_contiguous_substring,ae330f3e6dd51f734f790820a896827f916e8d775c69ea1f205c55aa81507fe0,contiguous_substring,intermediate,16,0.10694299724207101,0.003590668310601732,0.10335232893146928
2,selective_p1.0_r02,m026_contiguous_substring,5d3c5ea59a3a81c2ffdcfc7029fe0ab078b39be0217f1ee2611101845014273b,contiguous_substring,intermediate,16,0.08875941656858406,0.0036054435893860355,0.08515397297919802
2,selective_p1.0_r02,m027_contiguous_substring,6edfbfdb62fbf79744d4ecfb6fe43de95b2133d87a10f24061ecc84297b1c267,contiguous_substring,intermediate,16,0.08012619497280449,0.003558911227824103,0.07656728374498038
2,selective_p1.0_r02,m028_contiguous_substring,6f9a04216ce84ed3a2ef19a2010723c498d866f2bb5d6eda67ea1bd16782bfd8,contiguous_substring,intermediate,64,0.19659686551047287,0.01236061747734442,0.18423624803312844
2,selective_p1.0_r02,m029_contiguous_substring,8d4ddfbfac0226f6a695d6b22ee21fbf533251852e95baca71b09f7710bfb22c,contiguous_substring,intermediate,64,0.1837610740656136,0.012398590736055365,0.17136248332955822
2,selective_p1.0_r02,m030_contiguous_substring,6ff19e1927dcafbb441ab0b4a0a61b92d1295d402f3277307a3f5b9d7850b98a,contiguous_substring,intermediate,64,0.16287319128519506,0.011999458732677794,0.15087373255251726
2,selective_p1.0_r02,m031_contiguous_substring,c824c782df91faee7515c9d811fab43ed5426465074d2e812a5277507d28ae96,contiguous_substring,intermediate,256,0.2557589462178397,0.024205007200529996,0.2315539390173097
2,selective_p1.0_r02,m032_contiguous_substring,ef835eb9c371f618c6958654a7d25a1df1d12c09a53ecf66f9209fb882a8542d,contiguous_substring,intermediate,256,0.24639048388973134,0.024125951947464416,0.22226453194226692
2,selective_p1.0_r02,m033_identity,2f88e9ce00d238e7e011a7b140b413dcad818f1da41a721f914f1af604d0e217,identity,identity,1024,0.2980063334655645,0.033757495602278684,0.2642488378632858
3,selective_p1.0_r03,m000_constant,9f1dcbc35c350d6027f98be0f5c8b43b42ca52b7604459c0c42be3aa88913d47,constant,constant,1,0.0,0.0,0.0
3,selective_p1.0_r03,m001_balanced_random_group,74484e9508b33b029e993a9e9ccafe4f01d96055374e557f6aa5a37d25bd9c9f,balanced_random_group,intermediate,2,0.04845572620540346,0.0002306332697708628,0.0482250929356326
3,selective_p1.0_r03,m002_balanced_random_group,e96a93c5fa6154fe18dcd30eb7bdbc3a6e3320a989da83ae67372a9adf58cbba,balanced_random_group,intermediate,4,0.03425362377425948,0.0007213775539130718,0.03353224622034641
3,selective_p1.0_r03,m003_balanced_random_group,14f0105f9e20916e897f4df17fdec0d896085dd5f5320e129bc322820142f8a6,balanced_random_group,intermediate,8,0.08088015377559842,0.0016786082380375405,0.07920154553756087
3,selective_p1.0_r03,m004_balanced_random_group,bb2ba2d5c103ddf6a98d341d94ebe51e88d622a6cb807898cdf9fd63b491a80f,balanced_random_group,intermediate,16,0.16042392817175713,0.0037358127399693387,0.1566881154317878
3,selective_p1.0_r03,m005_balanced_random_group,c65bd191d1da1176a8030b84146455e1d1f9bf63bb8d4993a72ab07906c80b78,balanced_random_group,intermediate,32,0.20641787746689244,0.007401433361787093,0.19901644410510536
3,selective_p1.0_r03,m006_balanced_random_group,54146794238237c8e13f9205ac93004ce5acfdbc51f3cd9b991ee15e2a36f684,balanced_random_group,intermediate,64,0.2519523603360843,0.013303740339873343,0.23864861999621098
3,selective_p1.0_r03,m007_balanced_random_group,e179435da112ea8d971ae26891de689741e68338ddf13a7241197cfbaded0b83,balanced_random_group,intermediate,128,0.26059854195353543,0.01762958519931592,0.2429689567542195
3,selective_p1.0_r03,m008_balanced_random_group,e471d7c08820922fc6c21006a6b4685c49e9368d31cd4fbe021c3167456046e0,balanced_random_group,intermediate,256,0.27858801183337584,0.022456258560011558,0.2561317532733643
3,selective_p1.0_r03,m009_balanced_random_group,3394d1cdf22e9723777f99c632a137ebcd7b9bff50e9406fa9f5a34da26ac720,balanced_random_group,intermediate,512,0.2731370823820777,0.024710824109693566,0.24842625827238413
3,selective_p1.0_r03,m010_affinity_rank_group,3f53151fb2f814971fd6c0128c5c0b7afe1b5cb5257e46a1db18b8ebc9946d94,affinity_rank_group,intermediate,2,0.02092542709037698,0.00023356943002787088,0.02069185766034911
3,selective_p1.0_r03,m011_affinity_rank_group,92e56b0f11cdce879476507882d715f1eecc12de134fc3982530e28ffd4eba29,affinity_rank_group,intermediate,4,0.05792533292964261,0.0007246680263069187,0.05720066490333569
3,selective_p1.0_r03,m012_affinity_rank_group,0a19adabdd017fc722384804e89caf4ecf35837689486f63c24094087da5c2ba,affinity_rank_group,intermediate,8,0.09410303313459367,0.0017133778384412518,0.09238965529615242
3,selective_p1.0_r03,m013_affinity_rank_group,d176c8d0ee881709b5af7061b49578d8041bef9dde73ceb9e47e4dd86f7ee987,affinity_rank_group,intermediate,16,0.15674418543993163,0.003711866600055265,0.15303231883987636
3,selective_p1.0_r03,m014_affinity_rank_group,a08bb91ec0e66d0b3afe5332032fd3fb6769016bc04c2710b5e01a8e599df454,affinity_rank_group,intermediate,32,0.21394485207482178,0.0077726279125682595,0.20617222416225353
3,selective_p1.0_r03,m015_affinity_rank_group,6ac4e014d135d7a7fbd4592fdf320f48570dc4bce5e1a5c2ca6054715b80f98a,affinity_rank_group,intermediate,64,0.24421075115419083,0.013477656096992773,0.23073309505719805
3,selective_p1.0_r03,m016_affinity_rank_group,4c0d0a036a5c51abb14f88b143c35a9a2e7cecb590d4d0752b078fe3b59a18dd,affinity_rank_group,intermediate,128,0.26700821220728654,0.019221331278274946,0.2477868809290116
3,selective_p1.0_r03,m017_affinity_rank_group,cf78b05538711825e0795152b13c3d2c15b5cd16f89c1995f7b006d8bc57c6a2,affinity_rank_group,intermediate,256,0.2759123442733953,0.022637104204475563,0.2532752400689197
3,selective_p1.0_r03,m018_affinity_rank_group,24a6acb87a7364b0b1cbbe6fecc84df53e5243c78a06a6c6c4e7354b3e359435,affinity_rank_group,intermediate,512,0.2858498212974194,0.024675726063474516,0.2611740952339449
3,selective_p1.0_r03,m019_contiguous_substring,16cfd655e57fba08a658c1d50e1fe5976b2f905eee09ec260833cfb2b49d6f38,contiguous_substring,intermediate,4,0.04518331419294039,0.0007475373611958197,0.044435776831744565
3,selective_p1.0_r03,m020_contiguous_substring,6fb076d21f3b26febc2e6a328628b3ea581ce0709de4263bbe675d61bdb74942,contiguous_substring,intermediate,4,0.032433067361553575,0.0007277349319224641,0.03170533242963111
3,selective_p1.0_r03,m021_contiguous_substring,3ac98b3bd2edbbfc3b4339ca0066047ccba8e1cfa0ce798acbd27bab5b87d8af,contiguous_substring,intermediate,4,0.05755079186548414,0.0007239932425758959,0.056826798622908244
3,selective_p1.0_r03,m022_contiguous_substring,fc015e86e4e7f2c734c05fb1135856a6186a7b6e6f3079acc6d6c6e4aa7442e4,contiguous_substring,intermediate,4,0.047242307986061535,0.0007252241068584092,0.04651708387920313
3,selective_p1.0_r03,m023_contiguous_substring,6d8bb74bcdeefe62988bcebfe3cdb7110ea14648c3393721f4a4095032ddf61b,contiguous_substring,intermediate,4,0.03811860184234273,0.0007093327873384074,0.03740926905500432
3,selective_p1.0_r03,m024_contiguous_substring,94ab69bff5420fbcf4c18d7a247ef0e4b9577d1295271abf78a62f51c3b59a0f,contiguous_substring,intermediate,16,0.12070847217618631,0.0034603372217364248,0.11724813495444988
3,selective_p1.0_r03,m025_contiguous_substring,ae330f3e6dd51f734f790820a896827f916e8d775c69ea1f205c55aa81507fe0,contiguous_substring,intermediate,16,0.1338572701292162,0.003496337017268911,0.13036093311194727
3,selective_p1.0_r03,m026_contiguous_substring,5d3c5ea59a3a81c2ffdcfc7029fe0ab078b39be0217f1ee2611101845014273b,contiguous_substring,intermediate,16,0.13283353697451747,0.0034894058337263524,0.12934413114079113
3,selective_p1.0_r03,m027_contiguous_substring,6edfbfdb62fbf79744d4ecfb6fe43de95b2133d87a10f24061ecc84297b1c267,contiguous_substring,intermediate,16,0.1324291148635255,0.003575328003049266,0.12885378686047622
3,selective_p1.0_r03,m028_contiguous_substring,6f9a04216ce84ed3a2ef19a2010723c498d866f2bb5d6eda67ea1bd16782bfd8,contiguous_substring,intermediate,64,0.2140754773369705,0.009613443843210839,0.20446203349375966
3,selective_p1.0_r03,m029_contiguous_substring,8d4ddfbfac0226f6a695d6b22ee21fbf533251852e95baca71b09f7710bfb22c,contiguous_substring,intermediate,64,0.19834073745356592,0.009657216272408866,0.18868352118115705
3,selective_p1.0_r03,m030_contiguous_substring,6ff19e1927dcafbb441ab0b4a0a61b92d1295d402f3277307a3f5b9d7850b98a,contiguous_substring,intermediate,64,0.20096505274865667,0.0097204609969005,0.19124459175175618
3,selective_p1.0_r03,m031_contiguous_substring,c824c782df91faee7515c9d811fab43ed5426465074d2e812a5277507d28ae96,contiguous_substring,intermediate,256,0.2536833028562391,0.017763809047498764,0.2359194938087403
3,selective_p1.0_r03,m032_contiguous_substring,ef835eb9c371f618c6958654a7d25a1df1d12c09a53ecf66f9209fb882a8542d,contiguous_substring,intermediate,256,0.2530775451166015,0.017855034539340495,0.235222510577261
3,selective_p1.0_r03,m033_identity,2f88e9ce00d238e7e011a7b140b413dcad818f1da41a721f914f1af604d0e217,identity,identity,1024,0.28764812369781145,0.025804290150179,0.26184383354763247
4,selective_p1.0_r04,m000_constant,9f1dcbc35c350d6027f98be0f5c8b43b42ca52b7604459c0c42be3aa88913d47,constant,constant,1,8.008566259537292e-17,8.008566259537293e-17,-1.232595164407831e-32
4,selective_p1.0_r04,m001_balanced_random_group,74484e9508b33b029e993a9e9ccafe4f01d96055374e557f6aa5a37d25bd9c9f,balanced_random_group,intermediate,2,0.018599349195033803,0.0002340795236021706,0.018365269671431633
4,selective_p1.0_r04,m002_balanced_random_group,e96a93c5fa6154fe18dcd30eb7bdbc3a6e3320a989da83ae67372a9adf58cbba,balanced_random_group,intermediate,4,0.028022032171171645,0.0007006574392192027,0.027321374731952442
4,selective_p1.0_r04,m003_balanced_random_group,14f0105f9e20916e897f4df17fdec0d896085dd5f5320e129bc322820142f8a6,balanced_random_group,intermediate,8,0.05008364384791472,0.0016887044379704833,0.048394939409944236
4,selective_p1.0_r04,m004_balanced_random_group,bb2ba2d5c103ddf6a98d341d94ebe51e88d622a6cb807898cdf9fd63b491a80f,balanced_random_group,intermediate,16,0.11761510684919987,0.00366192931214822,0.11395317753705166
4,selective_p1.0_r04,m005_balanced_random_group,c65bd191d1da1176a8030b84146455e1d1f9bf63bb8d4993a72ab07906c80b78,balanced_random_group,intermediate,32,0.17243308791222778,0.007296289025480815,0.16513679888674695
4,selective_p1.0_r04,m006_balanced_random_group,54146794238237c8e13f9205ac93004ce5acfdbc51f3cd9b991ee15e2a36f684,balanced_random_group,intermediate,64,0.23721314684888364,0.013116377151947974,0.22409676969693568
4,selective_p1.0_r04,m007_balanced_random_group,e179435da112ea8d971ae26891de689741e68338ddf13a7241197cfbaded0b83,balanced_random_group,intermediate,128,0.26683307040885357,0.018684014363927647,0.24814905604492593
4,selective_p1.0_r04,m008_balanced_random_group,e471d7c08820922fc6c21006a6b4685c49e9368d31cd4fbe021c3167456046e0,balanced_random_group,intermediate,256,0.2836739996062182,0.02371410740201431,0.2599598922042039
4,selective_p1.0_r04,m009_balanced_random_group,3394d1cdf22e9723777f99c632a137ebcd7b9bff50e9406fa9f5a34da26ac720,balanced_random_group,intermediate,512,0.29250842309592456,0.025540199602693756,0.2669682234932308
4,selective_p1.0_r04,m010_affinity_rank_group,3f53151fb2f814971fd6c0128c5c0b7afe1b5cb5257e46a1db18b8ebc9946d94,affinity_rank_group,intermediate,2,0.010994628545147078,0.00023169404035215245,0.010762934504794925
4,selective_p1.0_r04,m011_affinity_rank_group,92e56b0f11cdce879476507882d715f1eecc12de134fc3982530e28ffd4eba29,affinity_rank_group,intermediate,4,0.044556203209711494,0.0007159411351483739,0.04384026207456312
4,selective_p1.0_r04,m012_affinity_rank_group,0a19adabdd017fc722384804e89caf4ecf35837689486f63c24094087da5c2ba,affinity_rank_group,intermediate,8,0.0691096672097139,0.001663986439401855,0.06744568077031204
4,selective_p1.0_r04,m013_affinity_rank_group,d176c8d0ee881709b5af7061b49578d8041bef9dde73ceb9e47e4dd86f7ee987,affinity_rank_group,intermediate,16,0.1360397277974779,0.003620550364602313,0.13241917743287557
4,selective_p1.0_r04,m014_affinity_rank_group,a08bb91ec0e66d0b3afe5332032fd3fb6769016bc04c2710b5e01a8e599df454,affinity_rank_group,intermediate,32,0.18213937880177855,0.00761082124069709,0.17452855756108146
4,selective_p1.0_r04,m015_affinity_rank_group,6ac4e014d135d7a7fbd4592fdf320f48570dc4bce5e1a5c2ca6054715b80f98a,affinity_rank_group,intermediate,64,0.2229993254599032,0.012539834514661395,0.2104594909452418
4,selective_p1.0_r04,m016_affinity_rank_group,4c0d0a036a5c51abb14f88b143c35a9a2e7cecb590d4d0752b078fe3b59a18dd,affinity_rank_group,intermediate,128,0.2560510885396584,0.01826347118522843,0.23778761735443
4,selective_p1.0_r04,m017_affinity_rank_group,cf78b05538711825e0795152b13c3d2c15b5cd16f89c1995f7b006d8bc57c6a2,affinity_rank_group,intermediate,256,0.27287530900148227,0.022317953381833292,0.250557355619649
4,selective_p1.0_r04,m018_affinity_rank_group,24a6acb87a7364b0b1cbbe6fecc84df53e5243c78a06a6c6c4e7354b3e359435,affinity_rank_group,intermediate,512,0.28630712622249,0.025369981489915455,0.26093714473257457
4,selective_p1.0_r04,m019_contiguous_substring,16cfd655e57fba08a658c1d50e1fe5976b2f905eee09ec260833cfb2b49d6f38,contiguous_substring,intermediate,4,0.05221551127086786,0.0007246865721215083,0.05149082469874636
4,selective_p1.0_r04,m020_contiguous_substring,6fb076d21f3b26febc2e6a328628b3ea581ce0709de4263bbe675d61bdb74942,contiguous_substring,intermediate,4,0.03405650665641902,0.0007297806088382015,0.033326726047580815
4,selective_p1.0_r04,m021_contiguous_substring,3ac98b3bd2edbbfc3b4339ca0066047ccba8e1cfa0ce798acbd27bab5b87d8af,contiguous_substring,intermediate,4,0.033079826992580455,0.0007087524026213216,0.03237107458995914
4,selective_p1.0_r04,m022_contiguous_substring,fc015e86e4e7f2c734c05fb1135856a6186a7b6e6f3079acc6d6c6e4aa7442e4,contiguous_substring,intermediate,4,0.029319149716765167,0.0007222683127754892,0.02859688140398968
4,selective_p1.0_r04,m023_contiguous_substring,6d8bb74bcdeefe62988bcebfe3cdb7110ea14648c3393721f4a4095032ddf61b,contiguous_substring,intermediate,4,0.04650778753554237,0.0007149581314166922,0.04579282940412568
4,selective_p1.0_r04,m024_contiguous_substring,94ab69bff5420fbcf4c18d7a247ef0e4b9577d1295271abf78a62f51c3b59a0f,contiguous_substring,intermediate,16,0.13098464564939113,0.0034533367794682256,0.12753130886992292
4,selective_p1.0_r04,m025_contiguous_substring,ae330f3e6dd51f734f790820a896827f916e8d775c69ea1f205c55aa81507fe0,contiguous_substring,intermediate,16,0.11278143362517795,0.003475572633670029,0.10930586099150792
4,selective_p1.0_r04,m026_contiguous_substring,5d3c5ea59a3a81c2ffdcfc7029fe0ab078b39be0217f1ee2611101845014273b,contiguous_substring,intermediate,16,0.1100654605425028,0.0035852132089291017,0.1064802473335737
4,selective_p1.0_r04,m027_contiguous_substring,6edfbfdb62fbf79744d4ecfb6fe43de95b2133d87a10f24061ecc84297b1c267,contiguous_substring,intermediate,16,0.11472814064474252,0.003544114791900464,0.11118402585284205
4,selective_p1.0_r04,m028_contiguous_substring,6f9a04216ce84ed3a2ef19a2010723c498d866f2bb5d6eda67ea1bd16782bfd8,contiguous_substring,intermediate,64,0.2000254834008947,0.010025508586097864,0.18999997481479686
4,selective_p1.0_r04,m029_contiguous_substring,8d4ddfbfac0226f6a695d6b22ee21fbf533251852e95baca71b09f7710bfb22c,contiguous_substring,intermediate,64,0.17760105095234535,0.009950459970082119,0.16765059098226323
4,selective_p1.0_r04,m030_contiguous_substring,6ff19e1927dcafbb441ab0b4a0a61b92d1295d402f3277307a3f5b9d7850b98a,contiguous_substring,intermediate,64,0.17795244413302047,0.010153389846987595,0.16779905428603287
4,selective_p1.0_r04,m031_contiguous_substring,c824c782df91faee7515c9d811fab43ed5426465074d2e812a5277507d28ae96,contiguous_substring,intermediate,256,0.25715034152388083,0.018814960648780504,0.23833538087510034
4,selective_p1.0_r04,m032_contiguous_substring,ef835eb9c371f618c6958654a7d25a1df1d12c09a53ecf66f9209fb882a8542d,contiguous_substring,intermediate,256,0.250607562370506,0.01873451779855799,0.23187304457194802
4,selective_p1.0_r04,m033_identity,2f88e9ce00d238e7e011a7b140b413dcad818f1da41a721f914f1af604d0e217,identity,identity,1024,0.2966878611635775,0.02728038728531198,0.2694074738782655
5,selective_p1.0_r05,m000_constant,9f1dcbc35c350d6027f98be0f5c8b43b42ca52b7604459c0c42be3aa88913d47,constant,constant,1,8.008566259537292e-17,8.008566259537293e-17,-1.232595164407831e-32
5,selective_p1.0_r05,m001_balanced_random_group,74484e9508b33b029e993a9e9ccafe4f01d96055374e557f6aa5a37d25bd9c9f,balanced_random_group,intermediate,2,0.005646221276160976,0.00023617245032461222,0.0054100488258363635
5,selective_p1.0_r05,m002_balanced_random_group,e96a93c5fa6154fe18dcd30eb7bdbc3a6e3320a989da83ae67372a9adf58cbba,balanced_random_group,intermediate,4,0.034002502955545674,0.0007039892466592035,0.03329851370888647
5,selective_p1.0_r05,m003_balanced_random_group,14f0105f9e20916e897f4df17fdec0d896085dd5f5320e129bc322820142f8a6,balanced_random_group,intermediate,8,0.050465938650486056,0.001684244422061053,0.048781694228425
5,selective_p1.0_r05,m004_balanced_random_group,bb2ba2d5c103ddf6a98d341d94ebe51e88d622a6cb807898cdf9fd63b491a80f,balanced_random_group,intermediate,16,0.12877643517644766,0.0036390592718803516,0.1251373759045673
5,selective_p1.0_r05,m005_balanced_random_group,c65bd191d1da1176a8030b84146455e1d1f9bf63bb8d4993a72ab07906c80b78,balanced_random_group,intermediate,32,0.17644782183966817,0.00763183317776836,0.1688159886618998
5,selective_p1.0_r05,m006_balanced_random_group,54146794238237c8e13f9205ac93004ce5acfdbc51f3cd9b991ee15e2a36f684,balanced_random_group,intermediate,64,0.20358116449533553,0.013372480483794698,0.19020868401154084
5,selective_p1.0_r05,m007_balanced_random_group,e179435da112ea8d971ae26891de689741e68338ddf13a7241197cfbaded0b83,balanced_random_group,intermediate,128,0.24554405366079232,0.020646148931709626,0.2248979047290827
5,selective_p1.0_r05,m008_balanced_random_group,e471d7c08820922fc6c21006a6b4685c49e9368d31cd4fbe021c3167456046e0,balanced_random_group,intermediate,256,0.2601153487182979,0.025699115614237263,0.23441623310406062
5,selective_p1.0_r05,m009_balanced_random_group,3394d1cdf22e9723777f99c632a137ebcd7b9bff50e9406fa9f5a34da26ac720,balanced_random_group,intermediate,512,0.2731994087513778,0.029139971153969782,0.24405943759740806
5,selective_p1.0_r05,m010_affinity_rank_group,3f53151fb2f814971fd6c0128c5c0b7afe1b5cb5257e46a1db18b8ebc9946d94,affinity_rank_group,intermediate,2,0.027280429862833758,0.00023980907066847496,0.027040620792165283
5,selective_p1.0_r05,m011_affinity_rank_group,92e56b0f11cdce879476507882d715f1eecc12de134fc3982530e28ffd4eba29,affinity_rank_group,intermediate,4,0.043688393531761224,0.0007386084163380158,0.04294978511542321
5,selective_p1.0_r05,m012_affinity_rank_group,0a19adabdd017fc722384804e89caf4ecf35837689486f63c24094087da5c2ba,affinity_rank_group,intermediate,8,0.08382554432390782,0.0016835590478922417,0.08214198527601557
5,selective_p1.0_r05,m013_affinity_rank_group,d176c8d0ee881709b5af7061b49578d8041bef9dde73ceb9e47e4dd86f7ee987,affinity_rank_group,intermediate,16,0.12326115568907856,0.0036481727975384093,0.11961298289154014
5,selective_p1.0_r05,m014_affinity_rank_group,a08bb91ec0e66d0b3afe5332032fd3fb6769016bc04c2710b5e01a8e599df454,affinity_rank_group,intermediate,32,0.1794505510308043,0.007630103185428343,0.17182044784537595
5,selective_p1.0_r05,m015_affinity_rank_group,6ac4e014d135d7a7fbd4592fdf320f48570dc4bce5e1a5c2ca6054715b80f98a,affinity_rank_group,intermediate,64,0.22716289607390033,0.013554186919655608,0.21360870915424474
5,selective_p1.0_r05,m016_affinity_rank_group,4c0d0a036a5c51abb14f88b143c35a9a2e7cecb590d4d0752b078fe3b59a18dd,affinity_rank_group,intermediate,128,0.24980510506434167,0.02025195235102189,0.22955315271331977
5,selective_p1.0_r05,m017_affinity_rank_group,cf78b05538711825e0795152b13c3d2c15b5cd16f89c1995f7b006d8bc57c6a2,affinity_rank_group,intermediate,256,0.2582825049031245,0.02567494867315072,0.23260755622997376
5,selective_p1.0_r05,m018_affinity_rank_group,24a6acb87a7364b0b1cbbe6fecc84df53e5243c78a06a6c6c4e7354b3e359435,affinity_rank_group,intermediate,512,0.27240513973502156,0.028803436320003258,0.2436017034150183
5,selective_p1.0_r05,m019_contiguous_substring,16cfd655e57fba08a658c1d50e1fe5976b2f905eee09ec260833cfb2b49d6f38,contiguous_substring,intermediate,4,0.02619078273972961,0.0006970226876597765,0.025493760052069835
5,selective_p1.0_r05,m020_contiguous_substring,6fb076d21f3b26febc2e6a328628b3ea581ce0709de4263bbe675d61bdb74942,contiguous_substring,intermediate,4,0.022957518234399607,0.0007214340341206136,0.022236084200278994
5,selective_p1.0_r05,m021_contiguous_substring,3ac98b3bd2edbbfc3b4339ca0066047ccba8e1cfa0ce798acbd27bab5b87d8af,contiguous_substring,intermediate,4,0.029549245677812978,0.0007150856551960549,0.028834160022616923
5,selective_p1.0_r05,m022_contiguous_substring,fc015e86e4e7f2c734c05fb1135856a6186a7b6e6f3079acc6d6c6e4aa7442e4,contiguous_substring,intermediate,4,0.03240323135237239,0.0007198999159175706,0.03168333143645482
5,selective_p1.0_r05,m023_contiguous_substring,6d8bb74bcdeefe62988bcebfe3cdb7110ea14648c3393721f4a4095032ddf61b,contiguous_substring,intermediate,4,0.02320625777479139,0.000723281911026559,0.02248297586376483
5,selective_p1.0_r05,m024_contiguous_substring,94ab69bff5420fbcf4c18d7a247ef0e4b9577d1295271abf78a62f51c3b59a0f,contiguous_substring,intermediate,16,0.10200871375700506,0.0035792540445750286,0.09842945971243003
5,selective_p1.0_r05,m025_contiguous_substring,ae330f3e6dd51f734f790820a896827f916e8d775c69ea1f205c55aa81507fe0,contiguous_substring,intermediate,16,0.10760935277831699,0.0035694939893440468,0.10403985878897294
5,selective_p1.0_r05,m026_contiguous_substring,5d3c5ea59a3a81c2ffdcfc7029fe0ab078b39be0217f1ee2611101845014273b,contiguous_substring,intermediate,16,0.09550800932549697,0.003600411692000981,0.09190759763349599
5,selective_p1.0_r05,m027_contiguous_substring,6edfbfdb62fbf79744d4ecfb6fe43de95b2133d87a10f24061ecc84297b1c267,contiguous_substring,intermediate,16,0.10865432930124258,0.0035919972887537045,0.10506233201248888
5,selective_p1.0_r05,m028_contiguous_substring,6f9a04216ce84ed3a2ef19a2010723c498d866f2bb5d6eda67ea1bd16782bfd8,contiguous_substring,intermediate,64,0.1979837764017625,0.011159536337727633,0.1868242400640349
5,selective_p1.0_r05,m029_contiguous_substring,8d4ddfbfac0226f6a695d6b22ee21fbf533251852e95baca71b09f7710bfb22c,contiguous_substring,intermediate,64,0.18247216648344272,0.01108783166698989,0.17138433481645282
5,selective_p1.0_r05,m030_contiguous_substring,6ff19e1927dcafbb441ab0b4a0a61b92d1295d402f3277307a3f5b9d7850b98a,contiguous_substring,intermediate,64,0.1830237731532569,0.01126625243492297,0.17175752071833394
5,selective_p1.0_r05,m031_contiguous_substring,c824c782df91faee7515c9d811fab43ed5426465074d2e812a5277507d28ae96,contiguous_substring,intermediate,256,0.24288894821637153,0.021755562637292187,0.22113338557907933
5,selective_p1.0_r05,m032_contiguous_substring,ef835eb9c371f618c6958654a7d25a1df1d12c09a53ecf66f9209fb882a8542d,contiguous_substring,intermediate,256,0.2355700527044737,0.021943778341951062,0.21362627436252263
5,selective_p1.0_r05,m033_identity,2f88e9ce00d238e7e011a7b140b413dcad818f1da41a721f914f1af604d0e217,identity,identity,1024,0.27691340084727784,0.031025965173738946,0.24588743567353888
6,selective_p1.0_r06,m000_constant,9f1dcbc35c350d6027f98be0f5c8b43b42ca52b7604459c0c42be3aa88913d47,constant,constant,1,8.008566259537292e-17,8.008566259537293e-17,-1.232595164407831e-32
6,selective_p1.0_r06,m001_balanced_random_group,74484e9508b33b029e993a9e9ccafe4f01d96055374e557f6aa5a37d25bd9c9f,balanced_random_group,intermediate,2,0.01441137942431785,0.00023676216131130362,0.014174617263006546
6,selective_p1.0_r06,m002_balanced_random_group,e96a93c5fa6154fe18dcd30eb7bdbc3a6e3320a989da83ae67372a9adf58cbba,balanced_random_group,intermediate,4,0.05523912730286845,0.0007194175282261404,0.05451970977464231
6,selective_p1.0_r06,m003_balanced_random_group,14f0105f9e20916e897f4df17fdec0d896085dd5f5320e129bc322820142f8a6,balanced_random_group,intermediate,8,0.07626355853343642,0.0017063895053949962,0.07455716902804142
6,selective_p1.0_r06,m004_balanced_random_group,bb2ba2d5c103ddf6a98d341d94ebe51e88d622a6cb807898cdf9fd63b491a80f,balanced_random_group,intermediate,16,0.13700228813500784,0.0037199738004194123,0.13328231433458843
6,selective_p1.0_r06,m005_balanced_random_group,c65bd191d1da1176a8030b84146455e1d1f9bf63bb8d4993a72ab07906c80b78,balanced_random_group,intermediate,32,0.17480385474771243,0.007421027054938445,0.167382827692774
6,selective_p1.0_r06,m006_balanced_random_group,54146794238237c8e13f9205ac93004ce5acfdbc51f3cd9b991ee15e2a36f684,balanced_random_group,intermediate,64,0.215488670464081,0.013215898986789765,0.20227277147729122
6,selective_p1.0_r06,m007_balanced_random_group,e179435da112ea8d971ae26891de689741e68338ddf13a7241197cfbaded0b83,balanced_random_group,intermediate,128,0.24108429105099263,0.018193840392458183,0.22289045065853444
6,selective_p1.0_r06,m008_balanced_random_group,e471d7c08820922fc6c21006a6b4685c49e9368d31cd4fbe021c3167456046e0,balanced_random_group,intermediate,256,0.25298962351397913,0.022014326766341057,0.2309752967476381
6,selective_p1.0_r06,m009_balanced_random_group,3394d1cdf22e9723777f99c632a137ebcd7b9bff50e9406fa9f5a34da26ac720,balanced_random_group,intermediate,512,0.2619351284100946,0.02437951453996391,0.2375556138701307
6,selective_p1.0_r06,m010_affinity_rank_group,3f53151fb2f814971fd6c0128c5c0b7afe1b5cb5257e46a1db18b8ebc9946d94,affinity_rank_group,intermediate,2,0.013107884371088303,0.0002522395631273679,0.012855644807960935
6,selective_p1.0_r06,m011_affinity_rank_group,92e56b0f11cdce879476507882d715f1eecc12de134fc3982530e28ffd4eba29,affinity_rank_group,intermediate,4,0.03524546349828815,0.0007335558218942369,0.034511907676393914
6,selective_p1.0_r06,m012_affinity_rank_group,0a19adabdd017fc722384804e89caf4ecf35837689486f63c24094087da5c2ba,affinity_rank_group,intermediate,8,0.07083069682459708,0.001720553782622549,0.06911014304197453
6,selective_p1.0_r06,m013_affinity_rank_group,d176c8d0ee881709b5af7061b49578d8041bef9dde73ceb9e47e4dd86f7ee987,affinity_rank_group,intermediate,16,0.133950394247272,0.0037039054690753163,0.1302464887781967
6,selective_p1.0_r06,m014_affinity_rank_group,a08bb91ec0e66d0b3afe5332032fd3fb6769016bc04c2710b5e01a8e599df454,affinity_rank_group,intermediate,32,0.16849297868770013,0.0075696603646071845,0.16092331832309295
6,selective_p1.0_r06,m015_affinity_rank_group,6ac4e014d135d7a7fbd4592fdf320f48570dc4bce5e1a5c2ca6054715b80f98a,affinity_rank_group,intermediate,64,0.22658222520567578,0.01300020837996582,0.21358201682570996
6,selective_p1.0_r06,m016_affinity_rank_group,4c0d0a036a5c51abb14f88b143c35a9a2e7cecb590d4d0752b078fe3b59a18dd,affinity_rank_group,intermediate,128,0.24550160458360987,0.018364278986729574,0.2271373255968803
6,selective_p1.0_r06,m017_affinity_rank_group,cf78b05538711825e0795152b13c3d2c15b5cd16f89c1995f7b006d8bc57c6a2,affinity_rank_group,intermediate,256,0.2553056940005668,0.02216837272266158,0.2331373212779052
6,selective_p1.0_r06,m018_affinity_rank_group,24a6acb87a7364b0b1cbbe6fecc84df53e5243c78a06a6c6c4e7354b3e359435,affinity_rank_group,intermediate,512,0.2618297459947063,0.024936967711640036,0.2368927782830663
6,selective_p1.0_r06,m019_contiguous_substring,16cfd655e57fba08a658c1d50e1fe5976b2f905eee09ec260833cfb2b49d6f38,contiguous_substring,intermediate,4,0.045217181364187016,0.0007264229300159988,0.04449075843417102
6,selective_p1.0_r06,m020_contiguous_substring,6fb076d21f3b26febc2e6a328628b3ea581ce0709de4263bbe675d61bdb74942,contiguous_substring,intermediate,4,0.04619854318021793,0.0007255058591929394,0.04547303732102499
6,selective_p1.0_r06,m021_contiguous_substring,3ac98b3bd2edbbfc3b4339ca0066047ccba8e1cfa0ce798acbd27bab5b87d8af,contiguous_substring,intermediate,4,0.03850224162264662,0.0007210162697423841,0.037781225352904235
6,selective_p1.0_r06,m022_contiguous_substring,fc015e86e4e7f2c734c05fb1135856a6186a7b6e6f3079acc6d6c6e4aa7442e4,contiguous_substring,intermediate,4,0.03851775922104346,0.0007075485539942947,0.03781021066704916
6,selective_p1.0_r06,m023_contiguous_substring,6d8bb74bcdeefe62988bcebfe3cdb7110ea14648c3393721f4a4095032ddf61b,contiguous_substring,intermediate,4,0.03991741107085304,0.0007162610728904216,0.03920114999796262
6,selective_p1.0_r06,m024_contiguous_substring,94ab69bff5420fbcf4c18d7a247ef0e4b9577d1295271abf78a62f51c3b59a0f,contiguous_substring,intermediate,16,0.12074996013080178,0.003635133426432162,0.11711482670436961
6,selective_p1.0_r06,m025_contiguous_substring,ae330f3e6dd51f734f790820a896827f916e8d775c69ea1f205c55aa81507fe0,contiguous_substring,intermediate,16,0.11671405749745825,0.0035344078623635662,0.11317964963509468
6,selective_p1.0_r06,m026_contiguous_substring,5d3c5ea59a3a81c2ffdcfc7029fe0ab078b39be0217f1ee2611101845014273b,contiguous_substring,intermediate,16,0.10271276704141555,0.0035746762577814908,0.09913809078363406
6,selective_p1.0_r06,m027_contiguous_substring,6edfbfdb62fbf79744d4ecfb6fe43de95b2133d87a10f24061ecc84297b1c267,contiguous_substring,intermediate,16,0.11112264337241293,0.003599837729786394,0.10752280564262653
6,selective_p1.0_r06,m028_contiguous_substring,6f9a04216ce84ed3a2ef19a2010723c498d866f2bb5d6eda67ea1bd16782bfd8,contiguous_substring,intermediate,64,0.18873546312459955,0.010187228618799806,0.17854823450579974
6,selective_p1.0_r06,m029_contiguous_substring,8d4ddfbfac0226f6a695d6b22ee21fbf533251852e95baca71b09f7710bfb22c,contiguous_substring,intermediate,64,0.18072437431265825,0.010164729417997809,0.17055964489466044
6,selective_p1.0_r06,m030_contiguous_substring,6ff19e1927dcafbb441ab0b4a0a61b92d1295d402f3277307a3f5b9d7850b98a,contiguous_substring,intermediate,64,0.17918400490580888,0.010321450879634896,0.16886255402617398
6,selective_p1.0_r06,m031_contiguous_substring,c824c782df91faee7515c9d811fab43ed5426465074d2e812a5277507d28ae96,contiguous_substring,intermediate,256,0.23322542826761078,0.01847248407108946,0.21475294419652133
6,selective_p1.0_r06,m032_contiguous_substring,ef835eb9c371f618c6958654a7d25a1df1d12c09a53ecf66f9209fb882a8542d,contiguous_substring,intermediate,256,0.22750057939435864,0.018633307518449764,0.20886727187590887
6,selective_p1.0_r06,m033_identity,2f88e9ce00d238e7e011a7b140b413dcad818f1da41a721f914f1af604d0e217,identity,identity,1024,0.2637872661500619,0.025972497172047585,0.23781476897801435
7,selective_p1.0_r07,m000_constant,9f1dcbc35c350d6027f98be0f5c8b43b42ca52b7604459c0c42be3aa88913d47,constant,constant,1,8.008566259537293e-17,8.008566259537295e-17,-2.465190328815662e-32
7,selective_p1.0_r07,m001_balanced_random_group,74484e9508b33b029e993a9e9ccafe4f01d96055374e557f6aa5a37d25bd9c9f,balanced_random_group,intermediate,2,0.010133909434308202,0.00023465450953600166,0.009899254924772201
7,selective_p1.0_r07,m002_balanced_random_group,e96a93c5fa6154fe18dcd30eb7bdbc3a6e3320a989da83ae67372a9adf58cbba,balanced_random_group,intermediate,4,0.04778499267423845,0.000721098300361985,0.047063894373876466
7,selective_p1.0_r07,m003_balanced_random_group,14f0105f9e20916e897f4df17fdec0d896085dd5f5320e129bc322820142f8a6,balanced_random_group,intermediate,8,0.07198420013706458,0.0017195116909235893,0.07026468844614099
7,selective_p1.0_r07,m004_balanced_random_group,bb2ba2d5c103ddf6a98d341d94ebe51e88d622a6cb807898cdf9fd63b491a80f,balanced_random_group,intermediate,16,0.13589979908172334,0.003602106075093704,0.13229769300662964
7,selective_p1.0_r07,m005_balanced_random_group,c65bd191d1da1176a8030b84146455e1d1f9bf63bb8d4993a72ab07906c80b78,balanced_random_group,intermediate,32,0.1698119846932443,0.007748224092599627,0.16206376060064467
7,selective_p1.0_r07,m006_balanced_random_group,54146794238237c8e13f9205ac93004ce5acfdbc51f3cd9b991ee15e2a36f684,balanced_random_group,intermediate,64,0.2196944161973001,0.014008673828344038,0.20568574236895606
7,selective_p1.0_r07,m007_balanced_random_group,e179435da112ea8d971ae26891de689741e68338ddf13a7241197cfbaded0b83,balanced_random_group,intermediate,128,0.2479757964977912,0.021211484836344788,0.2267643116614464
7,selective_p1.0_r07,m008_balanced_random_group,e471d7c08820922fc6c21006a6b4685c49e9368d31cd4fbe021c3167456046e0,balanced_random_group,intermediate,256,0.2732686923486472,0.027589449299725316,0.24567924304892189
7,selective_p1.0_r07,m009_balanced_random_group,3394d1cdf22e9723777f99c632a137ebcd7b9bff50e9406fa9f5a34da26ac720,balanced_random_group,intermediate,512,0.283904444316646,0.030690520491532265,0.25321392382511376
7,selective_p1.0_r07,m010_affinity_rank_group,3f53151fb2f814971fd6c0128c5c0b7afe1b5cb5257e46a1db18b8ebc9946d94,affinity_rank_group,intermediate,2,0.005617634397459076,0.00023661837534369955,0.005381016022115376
7,selective_p1.0_r07,m011_affinity_rank_group,92e56b0f11cdce879476507882d715f1eecc12de134fc3982530e28ffd4eba29,affinity_rank_group,intermediate,4,0.035504497657252505,0.0007114663119360676,0.03479303134531644
7,selective_p1.0_r07,m012_affinity_rank_group,0a19adabdd017fc722384804e89caf4ecf35837689486f63c24094087da5c2ba,affinity_rank_group,intermediate,8,0.07192567579062106,0.001668533066052998,0.07025714272456807
7,selective_p1.0_r07,m013_affinity_rank_group,d176c8d0ee881709b5af7061b49578d8041bef9dde73ceb9e47e4dd86f7ee987,affinity_rank_group,intermediate,16,0.1142409546174042,0.0036564131257245027,0.1105845414916797
7,selective_p1.0_r07,m014_affinity_rank_group,a08bb91ec0e66d0b3afe5332032fd3fb6769016bc04c2710b5e01a8e599df454,affinity_rank_group,intermediate,32,0.16950220214703993,0.007689443930262551,0.16181275821677737
7,selective_p1.0_r07,m015_affinity_rank_group,6ac4e014d135d7a7fbd4592fdf320f48570dc4bce5e1a5c2ca6054715b80f98a,affinity_rank_group,intermediate,64,0.20567950631647777,0.01436362445031107,0.19131588186616671
7,selective_p1.0_r07,m016_affinity_rank_group,4c0d0a036a5c51abb14f88b143c35a9a2e7cecb590d4d0752b078fe3b59a18dd,affinity_rank_group,intermediate,128,0.23964723812966143,0.02156252331796465,0.21808471481169678
7,selective_p1.0_r07,m017_affinity_rank_group,cf78b05538711825e0795152b13c3d2c15b5cd16f89c1995f7b006d8bc57c6a2,affinity_rank_group,intermediate,256,0.26318790700253314,0.026808902968611586,0.23637900403392156
7,selective_p1.0_r07,m018_affinity_rank_group,24a6acb87a7364b0b1cbbe6fecc84df53e5243c78a06a6c6c4e7354b3e359435,affinity_rank_group,intermediate,512,0.2860230619731147,0.030547848813283505,0.25547521315983124
7,selective_p1.0_r07,m019_contiguous_substring,16cfd655e57fba08a658c1d50e1fe5976b2f905eee09ec260833cfb2b49d6f38,contiguous_substring,intermediate,4,0.04522955013198848,0.0007294308000144219,0.044500119331974064
7,selective_p1.0_r07,m020_contiguous_substring,6fb076d21f3b26febc2e6a328628b3ea581ce0709de4263bbe675d61bdb74942,contiguous_substring,intermediate,4,0.03883410136032385,0.0007219220475392693,0.03811217931278458
7,selective_p1.0_r07,m021_contiguous_substring,3ac98b3bd2edbbfc3b4339ca0066047ccba8e1cfa0ce798acbd27bab5b87d8af,contiguous_substring,intermediate,4,0.04170879931582426,0.000735220765368377,0.040973578550455886
7,selective_p1.0_r07,m022_contiguous_substring,fc015e86e4e7f2c734c05fb1135856a6186a7b6e6f3079acc6d6c6e4aa7442e4,contiguous_substring,intermediate,4,0.04656992785005715,0.0007215292368599405,0.04584839861319721
7,selective_p1.0_r07,m023_contiguous_substring,6d8bb74bcdeefe62988bcebfe3cdb7110ea14648c3393721f4a4095032ddf61b,contiguous_substring,intermediate,4,0.03794660943467432,0.0007155763014055806,0.03723103313326873
7,selective_p1.0_r07,m024_contiguous_substring,94ab69bff5420fbcf4c18d7a247ef0e4b9577d1295271abf78a62f51c3b59a0f,contiguous_substring,intermediate,16,0.12379931864268957,0.0037165273440620404,0.12008279129862753
7,selective_p1.0_r07,m025_contiguous_substring,ae330f3e6dd51f734f790820a896827f916e8d775c69ea1f205c55aa81507fe0,contiguous_substring,intermediate,16,0.134127462960604,0.0037113547177005657,0.13041610824290342
7,selective_p1.0_r07,m026_contiguous_substring,5d3c5ea59a3a81c2ffdcfc7029fe0ab078b39be0217f1ee2611101845014273b,contiguous_substring,intermediate,16,0.1278954022072766,0.003676925231840625,0.12421847697543598
7,selective_p1.0_r07,m027_contiguous_substring,6edfbfdb62fbf79744d4ecfb6fe43de95b2133d87a10f24061ecc84297b1c267,contiguous_substring,intermediate,16,0.1336271473596746,0.0036884427867783327,0.12993870457289627
7,selective_p1.0_r07,m028_contiguous_substring,6f9a04216ce84ed3a2ef19a2010723c498d866f2bb5d6eda67ea1bd16782bfd8,contiguous_substring,intermediate,64,0.22601983261317998,0.013124479484331899,0.21289535312884808
7,selective_p1.0_r07,m029_contiguous_substring,8d4ddfbfac0226f6a695d6b22ee21fbf533251852e95baca71b09f7710bfb22c,contiguous_substring,intermediate,64,0.22310477027222508,0.013019829303319255,0.21008494096890584
7,selective_p1.0_r07,m030_contiguous_substring,6ff19e1927dcafbb441ab0b4a0a61b92d1295d402f3277307a3f5b9d7850b98a,contiguous_substring,intermediate,64,0.2262866143126229,0.01295771520641465,0.21332889910620825
7,selective_p1.0_r07,m031_contiguous_substring,c824c782df91faee7515c9d811fab43ed5426465074d2e812a5277507d28ae96,contiguous_substring,intermediate,256,0.26414984217158544,0.02434731696898323,0.2398025252026022
7,selective_p1.0_r07,m032_contiguous_substring,ef835eb9c371f618c6958654a7d25a1df1d12c09a53ecf66f9209fb882a8542d,contiguous_substring,intermediate,256,0.2623466818351651,0.024135436192004294,0.2382112456431608
7,selective_p1.0_r07,m033_identity,2f88e9ce00d238e7e011a7b140b413dcad818f1da41a721f914f1af604d0e217,identity,identity,1024,0.29002878002446264,0.03304980488622867,0.256978975138234
8,selective_p1.0_r08,m000_constant,9f1dcbc35c350d6027f98be0f5c8b43b42ca52b7604459c0c42be3aa88913d47,constant,constant,1,0.0,0.0,0.0
8,selective_p1.0_r08,m001_balanced_random_group,74484e9508b33b029e993a9e9ccafe4f01d96055374e557f6aa5a37d25bd9c9f,balanced_random_group,intermediate,2,0.01878971995890549,0.0002517514447658556,0.018537968514139636
8,selective_p1.0_r08,m002_balanced_random_group,e96a93c5fa6154fe18dcd30eb7bdbc3a6e3320a989da83ae67372a9adf58cbba,balanced_random_group,intermediate,4,0.03438751752034925,0.0007225630162608518,0.0336649545040884
8,selective_p1.0_r08,m003_balanced_random_group,14f0105f9e20916e897f4df17fdec0d896085dd5f5320e129bc322820142f8a6,balanced_random_group,intermediate,8,0.05881471865723737,0.001690676837941282,0.05712404181929609
8,selective_p1.0_r08,m004_balanced_random_group,bb2ba2d5c103ddf6a98d341d94ebe51e88d622a6cb807898cdf9fd63b491a80f,balanced_random_group,intermediate,16,0.1311986808342159,0.003695898298112623,0.12750278253610328
8,selective_p1.0_r08,m005_balanced_random_group,c65bd191d1da1176a8030b84146455e1d1f9bf63bb8d4993a72ab07906c80b78,balanced_random_group,intermediate,32,0.1561383777205897,0.00765020317538592,0.14848817454520377
8,selective_p1.0_r08,m006_balanced_random_group,54146794238237c8e13f9205ac93004ce5acfdbc51f3cd9b991ee15e2a36f684,balanced_random_group,intermediate,64,0.228264426439791,0.013818471566782287,0.21444595487300872
8,selective_p1.0_r08,m007_balanced_random_group,e179435da112ea8d971ae26891de689741e68338ddf13a7241197cfbaded0b83,balanced_random_group,intermediate,128,0.263188669011478,0.02042174121581017,0.24276692779566786
8,selective_p1.0_r08,m008_balanced_random_group,e471d7c08820922fc6c21006a6b4685c49e9368d31cd4fbe021c3167456046e0,balanced_random_group,intermediate,256,0.2714448966629389,0.02455942601791558,0.24688547064502334
8,selective_p1.0_r08,m009_balanced_random_group,3394d1cdf22e9723777f99c632a137ebcd7b9bff50e9406fa9f5a34da26ac720,balanced_random_group,intermediate,512,0.28832127486663256,0.02782969802175157,0.260491576844881
8,selective_p1.0_r08,m010_affinity_rank_group,3f53151fb2f814971fd6c0128c5c0b7afe1b5cb5257e46a1db18b8ebc9946d94,affinity_rank_group,intermediate,2,0.013045261541349294,0.0002461717950232551,0.012799089746326039
8,selective_p1.0_r08,m011_affinity_rank_group,92e56b0f11cdce879476507882d715f1eecc12de134fc3982530e28ffd4eba29,affinity_rank_group,intermediate,4,0.03137420322580557,0.0007501540460955543,0.030624049179710018
8,selective_p1.0_r08,m012_affinity_rank_group,0a19adabdd017fc722384804e89caf4ecf35837689486f63c24094087da5c2ba,affinity_rank_group,intermediate,8,0.07326398804575189,0.0017311664223161338,0.07153282162343576
8,selective_p1.0_r08,m013_affinity_rank_group,d176c8d0ee881709b5af7061b49578d8041bef9dde73ceb9e47e4dd86f7ee987,affinity_rank_group,intermediate,16,0.1291832156706237,0.0036897116058527,0.125493504064771
8,selective_p1.0_r08,m014_affinity_rank_group,a08bb91ec0e66d0b3afe5332032fd3fb6769016bc04c2710b5e01a8e599df454,affinity_rank_group,intermediate,32,0.1728483823653111,0.007689600587243522,0.1651587817780676
8,selective_p1.0_r08,m015_affinity_rank_group,6ac4e014d135d7a7fbd4592fdf320f48570dc4bce5e1a5c2ca6054715b80f98a,affinity_rank_group,intermediate,64,0.22847396429191882,0.013608667367760905,0.21486529692415793
8,selective_p1.0_r08,m016_affinity_rank_group,4c0d0a036a5c51abb14f88b143c35a9a2e7cecb590d4d0752b078fe3b59a18dd,affinity_rank_group,intermediate,128,0.2555763651661571,0.01953818294207159,0.2360381822240855
8,selective_p1.0_r08,m017_affinity_rank_group,cf78b05538711825e0795152b13c3d2c15b5cd16f89c1995f7b006d8bc57c6a2,affinity_rank_group,intermediate,256,0.276190232033256,0.024485882745828774,0.25170434928742724
8,selective_p1.0_r08,m018_affinity_rank_group,24a6acb87a7364b0b1cbbe6fecc84df53e5243c78a06a6c6c4e7354b3e359435,affinity_rank_group,intermediate,512,0.28921497876040125,0.027570685384390385,0.26164429337601086
8,selective_p1.0_r08,m019_contiguous_substring,16cfd655e57fba08a658c1d50e1fe5976b2f905eee09ec260833cfb2b49d6f38,contiguous_substring,intermediate,4,0.06498156845316871,0.0007000052015460259,0.0642815632516227
8,selective_p1.0_r08,m020_contiguous_substring,6fb076d21f3b26febc2e6a328628b3ea581ce0709de4263bbe675d61bdb74942,contiguous_substring,intermediate,4,0.056611772816064505,0.0007294372365308682,0.055882335579533635
8,selective_p1.0_r08,m021_contiguous_substring,3ac98b3bd2edbbfc3b4339ca0066047ccba8e1cfa0ce798acbd27bab5b87d8af,contiguous_substring,intermediate,4,0.04664781181685719,0.0007325475287781987,0.04591526428807899
8,selective_p1.0_r08,m022_contiguous_substring,fc015e86e4e7f2c734c05fb1135856a6186a7b6e6f3079acc6d6c6e4aa7442e4,contiguous_substring,intermediate,4,0.03528116696839022,0.0007492713150449238,0.034531895653345294
8,selective_p1.0_r08,m023_contiguous_substring,6d8bb74bcdeefe62988bcebfe3cdb7110ea14648c3393721f4a4095032ddf61b,contiguous_substring,intermediate,4,0.04248349481242403,0.0007225054418520674,0.04176098937057196
8,selective_p1.0_r08,m024_contiguous_substring,94ab69bff5420fbcf4c18d7a247ef0e4b9577d1295271abf78a62f51c3b59a0f,contiguous_substring,intermediate,16,0.13322625583660339,0.0036721497835153273,0.12955410605308806
8,selective_p1.0_r08,m025_contiguous_substring,ae330f3e6dd51f734f790820a896827f916e8d775c69ea1f205c55aa81507fe0,contiguous_substring,intermediate,16,0.14745652393186626,0.003617397548824527,0.14383912638304172
8,selective_p1.0_r08,m026_contiguous_substring,5d3c5ea59a3a81c2ffdcfc7029fe0ab078b39be0217f1ee2611101845014273b,contiguous_substring,intermediate,16,0.10474226273664841,0.003612772925205755,0.10112948981144265
8,selective_p1.0_r08,m027_contiguous_substring,6edfbfdb62fbf79744d4ecfb6fe43de95b2133d87a10f24061ecc84297b1c267,contiguous_substring,intermediate,16,0.12479531868961694,0.003594604307389096,0.12120071438222783
8,selective_p1.0_r08,m028_contiguous_substring,6f9a04216ce84ed3a2ef19a2010723c498d866f2bb5d6eda67ea1bd16782bfd8,contiguous_substring,intermediate,64,0.21247025693912158,0.011059910151735564,0.201410346787386
8,selective_p1.0_r08,m029_contiguous_substring,8d4ddfbfac0226f6a695d6b22ee21fbf533251852e95baca71b09f7710bfb22c,contiguous_substring,intermediate,64,0.20897414688927912,0.010853669404830745,0.1981204774844484
8,selective_p1.0_r08,m030_contiguous_substring,6ff19e1927dcafbb441ab0b4a0a61b92d1295d402f3277307a3f5b9d7850b98a,contiguous_substring,intermediate,64,0.19669479007367618,0.010851971835787844,0.18584281823788834
8,selective_p1.0_r08,m031_contiguous_substring,c824c782df91faee7515c9d811fab43ed5426465074d2e812a5277507d28ae96,contiguous_substring,intermediate,256,0.26155972756434076,0.02090517960545408,0.2406545479588867
8,selective_p1.0_r08,m032_contiguous_substring,ef835eb9c371f618c6958654a7d25a1df1d12c09a53ecf66f9209fb882a8542d,contiguous_substring,intermediate,256,0.2574167848799068,0.020667107927127084,0.23674967695277974
8,selective_p1.0_r08,m033_identity,2f88e9ce00d238e7e011a7b140b413dcad818f1da41a721f914f1af604d0e217,identity,identity,1024,0.2951876572985622,0.029798939611839624,0.2653887176867226
9,selective_p1.0_r09,m000_constant,9f1dcbc35c350d6027f98be0f5c8b43b42ca52b7604459c0c42be3aa88913d47,constant,constant,1,0.0,0.0,0.0
9,selective_p1.0_r09,m001_balanced_random_group,74484e9508b33b029e993a9e9ccafe4f01d96055374e557f6aa5a37d25bd9c9f,balanced_random_group,intermediate,2,0.0074261757743145735,0.00025754804634173456,0.007168627727972839
9,selective_p1.0_r09,m002_balanced_random_group,e96a93c5fa6154fe18dcd30eb7bdbc3a6e3320a989da83ae67372a9adf58cbba,balanced_random_group,intermediate,4,0.03926276800713291,0.0007360765886009757,0.03852669141853193
9,selective_p1.0_r09,m003_balanced_random_group,14f0105f9e20916e897f4df17fdec0d896085dd5f5320e129bc322820142f8a6,balanced_random_group,intermediate,8,0.06833648685404796,0.0016809948983456547,0.0666554919557023
9,selective_p1.0_r09,m004_balanced_random_group,bb2ba2d5c103ddf6a98d341d94ebe51e88d622a6cb807898cdf9fd63b491a80f,balanced_random_group,intermediate,16,0.12188659454171871,0.0036654023271293443,0.11822119221458936
9,selective_p1.0_r09,m005_balanced_random_group,c65bd191d1da1176a8030b84146455e1d1f9bf63bb8d4993a72ab07906c80b78,balanced_random_group,intermediate,32,0.15648925537833447,0.007627383212073496,0.14886187216626098
9,selective_p1.0_r09,m006_balanced_random_group,54146794238237c8e13f9205ac93004ce5acfdbc51f3cd9b991ee15e2a36f684,balanced_random_group,intermediate,64,0.22272578301460103,0.013918674256065855,0.20880710875853517
9,selective_p1.0_r09,m007_balanced_random_group,e179435da112ea8d971ae26891de689741e68338ddf13a7241197cfbaded0b83,balanced_random_group,intermediate,128,0.25305144295579224,0.0208495912967553,0.23220185165903695
9,selective_p1.0_r09,m008_balanced_random_group,e471d7c08820922fc6c21006a6b4685c49e9368d31cd4fbe021c3167456046e0,balanced_random_group,intermediate,256,0.27866478208521933,0.02716599615880132,0.251498785926418
9,selective_p1.0_r09,m009_balanced_random_group,3394d1cdf22e9723777f99c632a137ebcd7b9bff50e9406fa9f5a34da26ac720,balanced_random_group,intermediate,512,0.2835919343387441,0.0311849652830667,0.2524069690556774
9,selective_p1.0_r09,m010_affinity_rank_group,3f53151fb2f814971fd6c0128c5c0b7afe1b5cb5257e46a1db18b8ebc9946d94,affinity_rank_group,intermediate,2,0.01004342061069153,0.00023203929418176214,0.009811381316509767
9,selective_p1.0_r09,m011_affinity_rank_group,92e56b0f11cdce879476507882d715f1eecc12de134fc3982530e28ffd4eba29,affinity_rank_group,intermediate,4,0.033157462299247605,0.0007137689715461937,0.03244369332770141
9,selective_p1.0_r09,m012_affinity_rank_group,0a19adabdd017fc722384804e89caf4ecf35837689486f63c24094087da5c2ba,affinity_rank_group,intermediate,8,0.07399774396307739,0.0016851893321120416,0.07231255463096535
9,selective_p1.0_r09,m013_affinity_rank_group,d176c8d0ee881709b5af7061b49578d8041bef9dde73ceb9e47e4dd86f7ee987,affinity_rank_group,intermediate,16,0.11323805708461981,0.003636311856969953,0.10960174522764986
9,selective_p1.0_r09,m014_affinity_rank_group,a08bb91ec0e66d0b3afe5332032fd3fb6769016bc04c2710b5e01a8e599df454,affinity_rank_group,intermediate,32,0.17307130133138243,0.0076363300725725706,0.16543497125880985
9,selective_p1.0_r09,m015_affinity_rank_group,6ac4e014d135d7a7fbd4592fdf320f48570dc4bce5e1a5c2ca6054715b80f98a,affinity_rank_group,intermediate,64,0.22552380013423096,0.014904591216898301,0.21061920891733266
9,selective_p1.0_r09,m016_affinity_rank_group,4c0d0a036a5c51abb14f88b143c35a9a2e7cecb590d4d0752b078fe3b59a18dd,affinity_rank_group,intermediate,128,0.2568604339790701,0.02252791884445464,0.23433251513461545
9,selective_p1.0_r09,m017_affinity_rank_group,cf78b05538711825e0795152b13c3d2c15b5cd16f89c1995f7b006d8bc57c6a2,affinity_rank_group,intermediate,256,0.2713442644648084,0.027876839307835705,0.2434674251569727
9,selective_p1.0_r09,m018_affinity_rank_group,24a6acb87a7364b0b1cbbe6fecc84df53e5243c78a06a6c6c4e7354b3e359435,affinity_rank_group,intermediate,512,0.2831257370966544,0.031272560338786205,0.25185317675786817
9,selective_p1.0_r09,m019_contiguous_substring,16cfd655e57fba08a658c1d50e1fe5976b2f905eee09ec260833cfb2b49d6f38,contiguous_substring,intermediate,4,0.029119659207275418,0.0007220757317305856,0.028397583475544833
9,selective_p1.0_r09,m020_contiguous_substring,6fb076d21f3b26febc2e6a328628b3ea581ce0709de4263bbe675d61bdb74942,contiguous_substring,intermediate,4,0.030420911769491084,0.000731290844154128,0.029689620925336956
9,selective_p1.0_r09,m021_contiguous_substring,3ac98b3bd2edbbfc3b4339ca0066047ccba8e1cfa0ce798acbd27bab5b87d8af,contiguous_substring,intermediate,4,0.02453796867193902,0.0007019480921262109,0.02383602057981281
9,selective_p1.0_r09,m022_contiguous_substring,fc015e86e4e7f2c734c05fb1135856a6186a7b6e6f3079acc6d6c6e4aa7442e4,contiguous_substring,intermediate,4,0.04865796319889891,0.0007262461207930809,0.047931717078105826
9,selective_p1.0_r09,m023_contiguous_substring,6d8bb74bcdeefe62988bcebfe3cdb7110ea14648c3393721f4a4095032ddf61b,contiguous_substring,intermediate,4,0.037046953306218676,0.0007231903575019208,0.036323762948716753
9,selective_p1.0_r09,m024_contiguous_substring,94ab69bff5420fbcf4c18d7a247ef0e4b9577d1295271abf78a62f51c3b59a0f,contiguous_substring,intermediate,16,0.13372207296387972,0.0036348536139433197,0.13008721934993642
9,selective_p1.0_r09,m025_contiguous_substring,ae330f3e6dd51f734f790820a896827f916e8d775c69ea1f205c55aa81507fe0,contiguous_substring,intermediate,16,0.12019360648856518,0.0035938712450915623,0.11659973524347363
9,selective_p1.0_r09,m026_contiguous_substring,5d3c5ea59a3a81c2ffdcfc7029fe0ab078b39be0217f1ee2611101845014273b,contiguous_substring,intermediate,16,0.12096821461387355,0.0036019213889636843,0.11736629322490987
9,selective_p1.0_r09,m027_contiguous_substring,6edfbfdb62fbf79744d4ecfb6fe43de95b2133d87a10f24061ecc84297b1c267,contiguous_substring,intermediate,16,0.11440722614372034,0.0036076351574713555,0.11079959098624899
9,selective_p1.0_r09,m028_contiguous_substring,6f9a04216ce84ed3a2ef19a2010723c498d866f2bb5d6eda67ea1bd16782bfd8,contiguous_substring,intermediate,64,0.2014490947087104,0.012388201208282183,0.1890608935004282
9,selective_p1.0_r09,m029_contiguous_substring,8d4ddfbfac0226f6a695d6b22ee21fbf533251852e95baca71b09f7710bfb22c,contiguous_substring,intermediate,64,0.20247583234519834,0.01216856336724079,0.19030726897795755
9,selective_p1.0_r09,m030_contiguous_substring,6ff19e1927dcafbb441ab0b4a0a61b92d1295d402f3277307a3f5b9d7850b98a,contiguous_substring,intermediate,64,0.20400190685972786,0.012059453303559252,0.1919424535561686
9,selective_p1.0_r09,m031_contiguous_substring,c824c782df91faee7515c9d811fab43ed5426465074d2e812a5277507d28ae96,contiguous_substring,intermediate,256,0.24773492102157343,0.023708199605205288,0.22402672141636815
9,selective_p1.0_r09,m032_contiguous_substring,ef835eb9c371f618c6958654a7d25a1df1d12c09a53ecf66f9209fb882a8542d,contiguous_substring,intermediate,256,0.250920797477488,0.023548028691538648,0.22737276878594936
9,selective_p1.0_r09,m033_identity,2f88e9ce00d238e7e011a7b140b413dcad818f1da41a721f914f1af604d0e217,identity,identity,1024,0.2905617582107096,0.03318301512767565,0.257378743083034
10,selective_p1.0_r10,m000_constant,9f1dcbc35c350d6027f98be0f5c8b43b42ca52b7604459c0c42be3aa88913d47,constant,constant,1,0.0,0.0,0.0
10,selective_p1.0_r10,m001_balanced_random_group,74484e9508b33b029e993a9e9ccafe4f01d96055374e557f6aa5a37d25bd9c9f,balanced_random_group,intermediate,2,0.01761453607119559,0.00023502299084826128,0.01737951308034733
10,selective_p1.0_r10,m002_balanced_random_group,e96a93c5fa6154fe18dcd30eb7bdbc3a6e3320a989da83ae67372a9adf58cbba,balanced_random_group,intermediate,4,0.030493342505205693,0.0007315199440875672,0.029761822561118124
10,selective_p1.0_r10,m003_balanced_random_group,14f0105f9e20916e897f4df17fdec0d896085dd5f5320e129bc322820142f8a6,balanced_random_group,intermediate,8,0.05418737781273532,0.0016988376598801066,0.052488540152855215
10,selective_p1.0_r10,m004_balanced_random_group,bb2ba2d5c103ddf6a98d341d94ebe51e88d622a6cb807898cdf9fd63b491a80f,balanced_random_group,intermediate,16,0.1061051458965569,0.003649368809395511,0.10245577708716139
10,selective_p1.0_r10,m005_balanced_random_group,c65bd191d1da1176a8030b84146455e1d1f9bf63bb8d4993a72ab07906c80b78,balanced_random_group,intermediate,32,0.1547170139219315,0.007642938954339527,0.14707407496759195
10,selective_p1.0_r10,m006_balanced_random_group,54146794238237c8e13f9205ac93004ce5acfdbc51f3cd9b991ee15e2a36f684,balanced_random_group,intermediate,64,0.20368700126728698,0.014081703047088685,0.18960529822019828
10,selective_p1.0_r10,m007_balanced_random_group,e179435da112ea8d971ae26891de689741e68338ddf13a7241197cfbaded0b83,balanced_random_group,intermediate,128,0.2378345819845074,0.019957465208142487,0.21787711677636493
10,selective_p1.0_r10,m008_balanced_random_group,e471d7c08820922fc6c21006a6b4685c49e9368d31cd4fbe021c3167456046e0,balanced_random_group,intermediate,256,0.2502725149845874,0.0253837320861642,0.2248887828984232
10,selective_p1.0_r10,m009_balanced_random_group,3394d1cdf22e9723777f99c632a137ebcd7b9bff50e9406fa9f5a34da26ac720,balanced_random_group,intermediate,512,0.26269357672813776,0.028563220582753054,0.2341303561453847
10,selective_p1.0_r10,m010_affinity_rank_group,3f53151fb2f814971fd6c0128c5c0b7afe1b5cb5257e46a1db18b8ebc9946d94,affinity_rank_group,intermediate,2,0.005230992953025976,0.0002361461186640182,0.004994846834361958
10,selective_p1.0_r10,m011_affinity_rank_group,92e56b0f11cdce879476507882d715f1eecc12de134fc3982530e28ffd4eba29,affinity_rank_group,intermediate,4,0.016724772353652887,0.000709246870069228,0.01601552548358366
10,selective_p1.0_r10,m012_affinity_rank_group,0a19adabdd017fc722384804e89caf4ecf35837689486f63c24094087da5c2ba,affinity_rank_group,intermediate,8,0.06746930926313889,0.0016844188102636232,0.06578489045287526
10,selective_p1.0_r10,m013_affinity_rank_group,d176c8d0ee881709b5af7061b49578d8041bef9dde73ceb9e47e4dd86f7ee987,affinity_rank_group,intermediate,16,0.11251585844808315,0.0036547747734221704,0.10886108367466098
10,selective_p1.0_r10,m014_affinity_rank_group,a08bb91ec0e66d0b3afe5332032fd3fb6769016bc04c2710b5e01a8e599df454,affinity_rank_group,intermediate,32,0.1628906519776055,0.007690209367114797,0.1552004426104907
10,selective_p1.0_r10,m015_affinity_rank_group,6ac4e014d135d7a7fbd4592fdf320f48570dc4bce5e1a5c2ca6054715b80f98a,affinity_rank_group,intermediate,64,0.20377768137928523,0.0135556278217751,0.19022205355751012
10,selective_p1.0_r10,m016_affinity_rank_group,4c0d0a036a5c51abb14f88b143c35a9a2e7cecb590d4d0752b078fe3b59a18dd,affinity_rank_group,intermediate,128,0.2389646542786829,0.020386842444069984,0.21857781183461292
10,selective_p1.0_r10,m017_affinity_rank_group,cf78b05538711825e0795152b13c3d2c15b5cd16f89c1995f7b006d8bc57c6a2,affinity_rank_group,intermediate,256,0.25583073297342884,0.02515644545170706,0.23067428752172178
10,selective_p1.0_r10,m018_affinity_rank_group,24a6acb87a7364b0b1cbbe6fecc84df53e5243c78a06a6c6c4e7354b3e359435,affinity_rank_group,intermediate,512,0.26589556791169333,0.028319882498067092,0.23757568541362623
10,selective_p1.0_r10,m019_contiguous_substring,16cfd655e57fba08a658c1d50e1fe5976b2f905eee09ec260833cfb2b49d6f38,contiguous_substring,intermediate,4,0.03275330497757861,0.0007116140439851279,0.032041690933593485
10,selective_p1.0_r10,m020_contiguous_substring,6fb076d21f3b26febc2e6a328628b3ea581ce0709de4263bbe675d61bdb74942,contiguous_substring,intermediate,4,0.026197822980136967,0.0007307829521550267,0.02546704002798194
10,selective_p1.0_r10,m021_contiguous_substring,3ac98b3bd2edbbfc3b4339ca0066047ccba8e1cfa0ce798acbd27bab5b87d8af,contiguous_substring,intermediate,4,0.028560913665865956,0.0007167372661743969,0.02784417639969156
10,selective_p1.0_r10,m022_contiguous_substring,fc015e86e4e7f2c734c05fb1135856a6186a7b6e6f3079acc6d6c6e4aa7442e4,contiguous_substring,intermediate,4,0.030766436346199633,0.0007246960241552818,0.03004174032204435
10,selective_p1.0_r10,m023_contiguous_substring,6d8bb74bcdeefe62988bcebfe3cdb7110ea14648c3393721f4a4095032ddf61b,contiguous_substring,intermediate,4,0.03343675212106892,0.0007159836653481302,0.03272076845572079
10,selective_p1.0_r10,m024_contiguous_substring,94ab69bff5420fbcf4c18d7a247ef0e4b9577d1295271abf78a62f51c3b59a0f,contiguous_substring,intermediate,16,0.10283105396404486,0.00369935226495885,0.09913170169908601
10,selective_p1.0_r10,m025_contiguous_substring,ae330f3e6dd51f734f790820a896827f916e8d775c69ea1f205c55aa81507fe0,contiguous_substring,intermediate,16,0.10420008617816953,0.0036215198745732113,0.10057856630359632
10,selective_p1.0_r10,m026_contiguous_substring,5d3c5ea59a3a81c2ffdcfc7029fe0ab078b39be0217f1ee2611101845014273b,contiguous_substring,intermediate,16,0.09470029565995935,0.003549880239587326,0.09115041542037203
10,selective_p1.0_r10,m027_contiguous_substring,6edfbfdb62fbf79744d4ecfb6fe43de95b2133d87a10f24061ecc84297b1c267,contiguous_substring,intermediate,16,0.09363505753501174,0.003589069683757454,0.09004598785125428
10,selective_p1.0_r10,m028_contiguous_substring,6f9a04216ce84ed3a2ef19a2010723c498d866f2bb5d6eda67ea1bd16782bfd8,contiguous_substring,intermediate,64,0.19392348774224913,0.011558721338701646,0.18236476640354748
10,selective_p1.0_r10,m029_contiguous_substring,8d4ddfbfac0226f6a695d6b22ee21fbf533251852e95baca71b09f7710bfb22c,contiguous_substring,intermediate,64,0.18391310049650822,0.011357967194506427,0.17255513330200178
10,selective_p1.0_r10,m030_contiguous_substring,6ff19e1927dcafbb441ab0b4a0a61b92d1295d402f3277307a3f5b9d7850b98a,contiguous_substring,intermediate,64,0.17108763763650503,0.01110658156195877,0.15998105607454627
10,selective_p1.0_r10,m031_contiguous_substring,c824c782df91faee7515c9d811fab43ed5426465074d2e812a5277507d28ae96,contiguous_substring,intermediate,256,0.24772592773521535,0.02145087298948857,0.2262750547457268
10,selective_p1.0_r10,m032_contiguous_substring,ef835eb9c371f618c6958654a7d25a1df1d12c09a53ecf66f9209fb882a8542d,contiguous_substring,intermediate,256,0.231852557853567,0.02117257172317252,0.2106799861303945
10,selective_p1.0_r10,m033_identity,2f88e9ce00d238e7e011a7b140b413dcad818f1da41a721f914f1af604d0e217,identity,identity,1024,0.2748345883629545,0.030033522686997972,0.24480106567595653
11,selective_p1.0_r11,m000_constant,9f1dcbc35c350d6027f98be0f5c8b43b42ca52b7604459c0c42be3aa88913d47,constant,constant,1,8.008566259537293e-17,8.008566259537295e-17,-2.465190328815662e-32
11,selective_p1.0_r11,m001_balanced_random_group,74484e9508b33b029e993a9e9ccafe4f01d96055374e557f6aa5a37d25bd9c9f,balanced_random_group,intermediate,2,0.011821823260705501,0.00024042742983686703,0.011581395830868634
11,selective_p1.0_r11,m002_balanced_random_group,e96a93c5fa6154fe18dcd30eb7bdbc3a6e3320a989da83ae67372a9adf58cbba,balanced_random_group,intermediate,4,0.03370639100298385,0.0007280712109148776,0.03297831979206897
11,selective_p1.0_r11,m003_balanced_random_group,14f0105f9e20916e897f4df17fdec0d896085dd5f5320e129bc322820142f8a6,balanced_random_group,intermediate,8,0.09395681989685875,0.0017040741290268826,0.09225274576783186
11,selective_p1.0_r11,m004_balanced_random_group,bb2ba2d5c103ddf6a98d341d94ebe51e88d622a6cb807898cdf9fd63b491a80f,balanced_random_group,intermediate,16,0.16292701322532505,0.0036714017806744746,0.15925561144465056
11,selective_p1.0_r11,m005_balanced_random_group,c65bd191d1da1176a8030b84146455e1d1f9bf63bb8d4993a72ab07906c80b78,balanced_random_group,intermediate,32,0.19985489022847958,0.0078081729467187645,0.19204671728176081
11,selective_p1.0_r11,m006_balanced_random_group,54146794238237c8e13f9205ac93004ce5acfdbc51f3cd9b991ee15e2a36f684,balanced_random_group,intermediate,64,0.21035342526636186,0.013645249712556208,0.19670817555380565
11,selective_p1.0_r11,m007_balanced_random_group,e179435da112ea8d971ae26891de689741e68338ddf13a7241197cfbaded0b83,balanced_random_group,intermediate,128,0.2685350694174941,0.021141327650594465,0.24739374176689966
11,selective_p1.0_r11,m008_balanced_random_group,e471d7c08820922fc6c21006a6b4685c49e9368d31cd4fbe021c3167456046e0,balanced_random_group,intermediate,256,0.26184386892003597,0.027159251518383835,0.23468461740165214
11,selective_p1.0_r11,m009_balanced_random_group,3394d1cdf22e9723777f99c632a137ebcd7b9bff50e9406fa9f5a34da26ac720,balanced_random_group,intermediate,512,0.29362368305607,0.031552925607530584,0.2620707574485394
11,selective_p1.0_r11,m010_affinity_rank_group,3f53151fb2f814971fd6c0128c5c0b7afe1b5cb5257e46a1db18b8ebc9946d94,affinity_rank_group,intermediate,2,0.011600636798296086,0.0002372667696841824,0.011363370028611904
11,selective_p1.0_r11,m011_affinity_rank_group,92e56b0f11cdce879476507882d715f1eecc12de134fc3982530e28ffd4eba29,affinity_rank_group,intermediate,4,0.042556860462298896,0.0007180771349517384,0.041838783327347154
11,selective_p1.0_r11,m012_affinity_rank_group,0a19adabdd017fc722384804e89caf4ecf35837689486f63c24094087da5c2ba,affinity_rank_group,intermediate,8,0.09996614156631714,0.0016709820675232365,0.0982951594987939
11,selective_p1.0_r11,m013_affinity_rank_group,d176c8d0ee881709b5af7061b49578d8041bef9dde73ceb9e47e4dd86f7ee987,affinity_rank_group,intermediate,16,0.16880623984480897,0.003624002161024826,0.16518223768378415
11,selective_p1.0_r11,m014_affinity_rank_group,a08bb91ec0e66d0b3afe5332032fd3fb6769016bc04c2710b5e01a8e599df454,affinity_rank_group,intermediate,32,0.20783046146615963,0.007725545339806517,0.20010491612635312
11,selective_p1.0_r11,m015_affinity_rank_group,6ac4e014d135d7a7fbd4592fdf320f48570dc4bce5e1a5c2ca6054715b80f98a,affinity_rank_group,intermediate,64,0.2503806101321775,0.014594194786088035,0.23578641534608946
11,selective_p1.0_r11,m016_affinity_rank_group,4c0d0a036a5c51abb14f88b143c35a9a2e7cecb590d4d0752b078fe3b59a18dd,affinity_rank_group,intermediate,128,0.26922451810643677,0.02245656726874315,0.24676795083769362
11,selective_p1.0_r11,m017_affinity_rank_group,cf78b05538711825e0795152b13c3d2c15b5cd16f89c1995f7b006d8bc57c6a2,affinity_rank_group,intermediate,256,0.28339644813902254,0.027414230616716048,0.2559822175223065
11,selective_p1.0_r11,m018_affinity_rank_group,24a6acb87a7364b0b1cbbe6fecc84df53e5243c78a06a6c6c4e7354b3e359435,affinity_rank_group,intermediate,512,0.29060451484613314,0.03143394739876512,0.259170567447368
11,selective_p1.0_r11,m019_contiguous_substring,16cfd655e57fba08a658c1d50e1fe5976b2f905eee09ec260833cfb2b49d6f38,contiguous_substring,intermediate,4,0.04684330348577468,0.000710804380986926,0.046132499104787755
11,selective_p1.0_r11,m020_contiguous_substring,6fb076d21f3b26febc2e6a328628b3ea581ce0709de4263bbe675d61bdb74942,contiguous_substring,intermediate,4,0.043815254091081446,0.0007293982073103975,0.04308585588377105
11,selective_p1.0_r11,m021_contiguous_substring,3ac98b3bd2edbbfc3b4339ca0066047ccba8e1cfa0ce798acbd27bab5b87d8af,contiguous_substring,intermediate,4,0.03244516139083975,0.0007180750703007537,0.03172708632053899
11,selective_p1.0_r11,m022_contiguous_substring,fc015e86e4e7f2c734c05fb1135856a6186a7b6e6f3079acc6d6c6e4aa7442e4,contiguous_substring,intermediate,4,0.03779595335359679,0.0007341778983139882,0.0370617754552828
11,selective_p1.0_r11,m023_contiguous_substring,6d8bb74bcdeefe62988bcebfe3cdb7110ea14648c3393721f4a4095032ddf61b,contiguous_substring,intermediate,4,0.034409290265573184,0.0007263805049945145,0.033682909760578666
11,selective_p1.0_r11,m024_contiguous_substring,94ab69bff5420fbcf4c18d7a247ef0e4b9577d1295271abf78a62f51c3b59a0f,contiguous_substring,intermediate,16,0.13764651459552102,0.0037467650895341834,0.13389974950598685
11,selective_p1.0_r11,m025_contiguous_substring,ae330f3e6dd51f734f790820a896827f916e8d775c69ea1f205c55aa81507fe0,contiguous_substring,intermediate,16,0.1345010789264367,0.00364431030691623,0.13085676861952047
11,selective_p1.0_r11,m026_contiguous_substring,5d3c5ea59a3a81c2ffdcfc7029fe0ab078b39be0217f1ee2611101845014273b,contiguous_substring,intermediate,16,0.13693907164487815,0.0036376493171142704,0.13330142232776387
11,selective_p1.0_r11,m027_contiguous_substring,6edfbfdb62fbf79744d4ecfb6fe43de95b2133d87a10f24061ecc84297b1c267,contiguous_substring,intermediate,16,0.1376545079418257,0.0036194063534898437,0.13403510158833587
11,selective_p1.0_r11,m028_contiguous_substring,6f9a04216ce84ed3a2ef19a2010723c498d866f2bb5d6eda67ea1bd16782bfd8,contiguous_substring,intermediate,64,0.22618282720554087,0.012822456390944917,0.21336037081459594
11,selective_p1.0_r11,m029_contiguous_substring,8d4ddfbfac0226f6a695d6b22ee21fbf533251852e95baca71b09f7710bfb22c,contiguous_substring,intermediate,64,0.21508347259649535,0.012809364620557005,0.20227410797593834
11,selective_p1.0_r11,m030_contiguous_substring,6ff19e1927dcafbb441ab0b4a0a61b92d1295d402f3277307a3f5b9d7850b98a,contiguous_substring,intermediate,64,0.22005379519923612,0.012570015791104254,0.20748377940813187
11,selective_p1.0_r11,m031_contiguous_substring,c824c782df91faee7515c9d811fab43ed5426465074d2e812a5277507d28ae96,contiguous_substring,intermediate,256,0.27203579306109404,0.02416210397731872,0.24787368908377533
11,selective_p1.0_r11,m032_contiguous_substring,ef835eb9c371f618c6958654a7d25a1df1d12c09a53ecf66f9209fb882a8542d,contiguous_substring,intermediate,256,0.27120586146423753,0.023868488024964187,0.24733737343927334
11,selective_p1.0_r11,m033_identity,2f88e9ce00d238e7e011a7b140b413dcad818f1da41a721f914f1af604d0e217,identity,identity,1024,0.2961406112002671,0.033355059348068254,0.2627855518521988
12,selective_p1.0_r12,m000_constant,9f1dcbc35c350d6027f98be0f5c8b43b42ca52b7604459c0c42be3aa88913d47,constant,constant,1,0.0,0.0,0.0
12,selective_p1.0_r12,m001_balanced_random_group,74484e9508b33b029e993a9e9ccafe4f01d96055374e557f6aa5a37d25bd9c9f,balanced_random_group,intermediate,2,0.011672626490067846,0.0002547939022020218,0.011417832587865825
12,selective_p1.0_r12,m002_balanced_random_group,e96a93c5fa6154fe18dcd30eb7bdbc3a6e3320a989da83ae67372a9adf58cbba,balanced_random_group,intermediate,4,0.03290712594013754,0.0007152027775010522,0.032191923162636485
12,selective_p1.0_r12,m003_balanced_random_group,14f0105f9e20916e897f4df17fdec0d896085dd5f5320e129bc322820142f8a6,balanced_random_group,intermediate,8,0.07772786112195491,0.0016934979058747604,0.07603436321608015
12,selective_p1.0_r12,m004_balanced_random_group,bb2ba2d5c103ddf6a98d341d94ebe51e88d622a6cb807898cdf9fd63b491a80f,balanced_random_group,intermediate,16,0.10470573732786502,0.0036570552045529065,0.10104868212331211
12,selective_p1.0_r12,m005_balanced_random_group,c65bd191d1da1176a8030b84146455e1d1f9bf63bb8d4993a72ab07906c80b78,balanced_random_group,intermediate,32,0.17932530031162136,0.007571795119720725,0.17175350519190064
12,selective_p1.0_r12,m006_balanced_random_group,54146794238237c8e13f9205ac93004ce5acfdbc51f3cd9b991ee15e2a36f684,balanced_random_group,intermediate,64,0.19752889352404857,0.01374232801321892,0.18378656551082964
12,selective_p1.0_r12,m007_balanced_random_group,e179435da112ea8d971ae26891de689741e68338ddf13a7241197cfbaded0b83,balanced_random_group,intermediate,128,0.24018695794293543,0.019923990431983795,0.22026296751095165
12,selective_p1.0_r12,m008_balanced_random_group,e471d7c08820922fc6c21006a6b4685c49e9368d31cd4fbe021c3167456046e0,balanced_random_group,intermediate,256,0.24785893790221078,0.02414259612790924,0.22371634177430155
12,selective_p1.0_r12,m009_balanced_random_group,3394d1cdf22e9723777f99c632a137ebcd7b9bff50e9406fa9f5a34da26ac720,balanced_random_group,intermediate,512,0.26351865595727375,0.02824406659753085,0.2352745893597429
12,selective_p1.0_r12,m010_affinity_rank_group,3f53151fb2f814971fd6c0128c5c0b7afe1b5cb5257e46a1db18b8ebc9946d94,affinity_rank_group,intermediate,2,0.026765478699265113,0.00023951475239378733,0.026525963946871327
12,selective_p1.0_r12,m011_affinity_rank_group,92e56b0f11cdce879476507882d715f1eecc12de134fc3982530e28ffd4eba29,affinity_rank_group,intermediate,4,0.060871088102148016,0.0007098028809863105,0.06016128522116171
12,selective_p1.0_r12,m012_affinity_rank_group,0a19adabdd017fc722384804e89caf4ecf35837689486f63c24094087da5c2ba,affinity_rank_group,intermediate,8,0.09326220847213579,0.0016759176883932906,0.0915862907837425
12,selective_p1.0_r12,m013_affinity_rank_group,d176c8d0ee881709b5af7061b49578d8041bef9dde73ceb9e47e4dd86f7ee987,affinity_rank_group,intermediate,16,0.13150587499944796,0.003638120224528612,0.12786775477491935
12,selective_p1.0_r12,m014_affinity_rank_group,a08bb91ec0e66d0b3afe5332032fd3fb6769016bc04c2710b5e01a8e599df454,affinity_rank_group,intermediate,32,0.18707979145102926,0.007452052904235024,0.17962773854679423
12,selective_p1.0_r12,m015_affinity_rank_group,6ac4e014d135d7a7fbd4592fdf320f48570dc4bce5e1a5c2ca6054715b80f98a,affinity_rank_group,intermediate,64,0.2153053130064861,0.013546862697956227,0.20175845030852985
12,selective_p1.0_r12,m016_affinity_rank_group,4c0d0a036a5c51abb14f88b143c35a9a2e7cecb590d4d0752b078fe3b59a18dd,affinity_rank_group,intermediate,128,0.23647543339366944,0.020060771336489872,0.21641466205717957
12,selective_p1.0_r12,m017_affinity_rank_group,cf78b05538711825e0795152b13c3d2c15b5cd16f89c1995f7b006d8bc57c6a2,affinity_rank_group,intermediate,256,0.2556596411949484,0.025775884850665273,0.2298837563442831
12,selective_p1.0_r12,m018_affinity_rank_group,24a6acb87a7364b0b1cbbe6fecc84df53e5243c78a06a6c6c4e7354b3e359435,affinity_rank_group,intermediate,512,0.2643582417942568,0.02878364903912114,0.23557459275513568
12,selective_p1.0_r12,m019_contiguous_substring,16cfd655e57fba08a658c1d50e1fe5976b2f905eee09ec260833cfb2b49d6f38,contiguous_substring,intermediate,4,0.0384908932438374,0.0007464274555231233,0.03774446578831428
12,selective_p1.0_r12,m020_contiguous_substring,6fb076d21f3b26febc2e6a328628b3ea581ce0709de4263bbe675d61bdb74942,contiguous_substring,intermediate,4,0.04247098759314075,0.0007029599280251688,0.04176802766511558
12,selective_p1.0_r12,m021_contiguous_substring,3ac98b3bd2edbbfc3b4339ca0066047ccba8e1cfa0ce798acbd27bab5b87d8af,contiguous_substring,intermediate,4,0.038056878912508384,0.0007188097084372109,0.03733806920407117
12,selective_p1.0_r12,m022_contiguous_substring,fc015e86e4e7f2c734c05fb1135856a6186a7b6e6f3079acc6d6c6e4aa7442e4,contiguous_substring,intermediate,4,0.03144531114697102,0.0007102587729743154,0.030735052373996707
12,selective_p1.0_r12,m023_contiguous_substring,6d8bb74bcdeefe62988bcebfe3cdb7110ea14648c3393721f4a4095032ddf61b,contiguous_substring,intermediate,4,0.025657311072705892,0.0007061071980382086,0.024951203874667684
12,selective_p1.0_r12,m024_contiguous_substring,94ab69bff5420fbcf4c18d7a247ef0e4b9577d1295271abf78a62f51c3b59a0f,contiguous_substring,intermediate,16,0.10527020851871956,0.003663702584831264,0.1016065059338883
12,selective_p1.0_r12,m025_contiguous_substring,ae330f3e6dd51f734f790820a896827f916e8d775c69ea1f205c55aa81507fe0,contiguous_substring,intermediate,16,0.10355798063949143,0.0036959864382233288,0.0998619942012681
12,selective_p1.0_r12,m026_contiguous_substring,5d3c5ea59a3a81c2ffdcfc7029fe0ab078b39be0217f1ee2611101845014273b,contiguous_substring,intermediate,16,0.10574146574578837,0.0036446270299337535,0.10209683871585462
12,selective_p1.0_r12,m027_contiguous_substring,6edfbfdb62fbf79744d4ecfb6fe43de95b2133d87a10f24061ecc84297b1c267,contiguous_substring,intermediate,16,0.11312929923802786,0.0035803419374889874,0.10954895730053887
12,selective_p1.0_r12,m028_contiguous_substring,6f9a04216ce84ed3a2ef19a2010723c498d866f2bb5d6eda67ea1bd16782bfd8,contiguous_substring,intermediate,64,0.17601584218646033,0.011401990497565788,0.16461385168889453
12,selective_p1.0_r12,m029_contiguous_substring,8d4ddfbfac0226f6a695d6b22ee21fbf533251852e95baca71b09f7710bfb22c,contiguous_substring,intermediate,64,0.16657582365705198,0.011340964411388045,0.15523485924566394
12,selective_p1.0_r12,m030_contiguous_substring,6ff19e1927dcafbb441ab0b4a0a61b92d1295d402f3277307a3f5b9d7850b98a,contiguous_substring,intermediate,64,0.18980680789117227,0.01130907232185197,0.1784977355693203
12,selective_p1.0_r12,m031_contiguous_substring,c824c782df91faee7515c9d811fab43ed5426465074d2e812a5277507d28ae96,contiguous_substring,intermediate,256,0.22143293733913774,0.021465755699198015,0.19996718163993973
12,selective_p1.0_r12,m032_contiguous_substring,ef835eb9c371f618c6958654a7d25a1df1d12c09a53ecf66f9209fb882a8542d,contiguous_substring,intermediate,256,0.23442153207513935,0.02140342544884927,0.2130181066262901
12,selective_p1.0_r12,m033_identity,2f88e9ce00d238e7e011a7b140b413dcad818f1da41a721f914f1af604d0e217,identity,identity,1024,0.267058503784815,0.030146901534115242,0.23691160225069974
13,selective_p1.0_r13,m000_constant,9f1dcbc35c350d6027f98be0f5c8b43b42ca52b7604459c0c42be3aa88913d47,constant,constant,1,0.0,0.0,0.0
13,selective_p1.0_r13,m001_balanced_random_group,74484e9508b33b029e993a9e9ccafe4f01d96055374e557f6aa5a37d25bd9c9f,balanced_random_group,intermediate,2,0.01588931223554687,0.0002311855489785325,0.01565812668656834
13,selective_p1.0_r13,m002_balanced_random_group,e96a93c5fa6154fe18dcd30eb7bdbc3a6e3320a989da83ae67372a9adf58cbba,balanced_random_group,intermediate,4,0.03493097995007563,0.0007297834133523363,0.034201196536723294
13,selective_p1.0_r13,m003_balanced_random_group,14f0105f9e20916e897f4df17fdec0d896085dd5f5320e129bc322820142f8a6,balanced_random_group,intermediate,8,0.1011528198954123,0.001693132516971686,0.09945968737844062
13,selective_p1.0_r13,m004_balanced_random_group,bb2ba2d5c103ddf6a98d341d94ebe51e88d622a6cb807898cdf9fd63b491a80f,balanced_random_group,intermediate,16,0.13984791518967393,0.003647177924748547,0.13620073726492538
13,selective_p1.0_r13,m005_balanced_random_group,c65bd191d1da1176a8030b84146455e1d1f9bf63bb8d4993a72ab07906c80b78,balanced_random_group,intermediate,32,0.1707301982361219,0.007578761060614039,0.16315143717550787
13,selective_p1.0_r13,m006_balanced_random_group,54146794238237c8e13f9205ac93004ce5acfdbc51f3cd9b991ee15e2a36f684,balanced_random_group,intermediate,64,0.21845960274619602,0.014363389385180432,0.2040962133610156
13,selective_p1.0_r13,m007_balanced_random_group,e179435da112ea8d971ae26891de689741e68338ddf13a7241197cfbaded0b83,balanced_random_group,intermediate,128,0.24992891591785898,0.021027880192519586,0.2289010357253394
13,selective_p1.0_r13,m008_balanced_random_group,e471d7c08820922fc6c21006a6b4685c49e9368d31cd4fbe021c3167456046e0,balanced_random_group,intermediate,256,0.2766277823867811,0.025727919974167637,0.2508998624126135
13,selective_p1.0_r13,m009_balanced_random_group,3394d1cdf22e9723777f99c632a137ebcd7b9bff50e9406fa9f5a34da26ac720,balanced_random_group,intermediate,512,0.2820842698598049,0.029370767935875258,0.2527135019239296
13,selective_p1.0_r13,m010_affinity_rank_group,3f53151fb2f814971fd6c0128c5c0b7afe1b5cb5257e46a1db18b8ebc9946d94,affinity_rank_group,intermediate,2,0.015510179207551917,0.00024292929239938695,0.01526724991515253
13,selective_p1.0_r13,m011_affinity_rank_group,92e56b0f11cdce879476507882d715f1eecc12de134fc3982530e28ffd4eba29,affinity_rank_group,intermediate,4,0.04056203995556743,0.0007424234625972516,0.03981961649297018
13,selective_p1.0_r13,m012_affinity_rank_group,0a19adabdd017fc722384804e89caf4ecf35837689486f63c24094087da5c2ba,affinity_rank_group,intermediate,8,0.08789603197807908,0.0016961398813468086,0.08619989209673226
13,selective_p1.0_r13,m013_affinity_rank_group,d176c8d0ee881709b5af7061b49578d8041bef9dde73ceb9e47e4dd86f7ee987,affinity_rank_group,intermediate,16,0.14630803183523922,0.003652112714664009,0.1426559191205752
13,selective_p1.0_r13,m014_affinity_rank_group,a08bb91ec0e66d0b3afe5332032fd3fb6769016bc04c2710b5e01a8e599df454,affinity_rank_group,intermediate,32,0.19037039929023092,0.007683699870674685,0.18268669941955623
13,selective_p1.0_r13,m015_affinity_rank_group,6ac4e014d135d7a7fbd4592fdf320f48570dc4bce5e1a5c2ca6054715b80f98a,affinity_rank_group,intermediate,64,0.23690304788300687,0.014508561690092465,0.2223944861929144
13,selective_p1.0_r13,m016_affinity_rank_group,4c0d0a036a5c51abb14f88b143c35a9a2e7cecb590d4d0752b078fe3b59a18dd,affinity_rank_group,intermediate,128,0.25534776384411845,0.021502211916899886,0.23384555192721856
13,selective_p1.0_r13,m017_affinity_rank_group,cf78b05538711825e0795152b13c3d2c15b5cd16f89c1995f7b006d8bc57c6a2,affinity_rank_group,intermediate,256,0.27265236520666847,0.026067049831667563,0.2465853153750009
13,selective_p1.0_r13,m018_affinity_rank_group,24a6acb87a7364b0b1cbbe6fecc84df53e5243c78a06a6c6c4e7354b3e359435,affinity_rank_group,intermediate,512,0.2817697802767115,0.02964672693155623,0.2521230533451553
13,selective_p1.0_r13,m019_contiguous_substring,16cfd655e57fba08a658c1d50e1fe5976b2f905eee09ec260833cfb2b49d6f38,contiguous_substring,intermediate,4,0.04828812201852285,0.0007311965157372105,0.04755692550278564
13,selective_p1.0_r13,m020_contiguous_substring,6fb076d21f3b26febc2e6a328628b3ea581ce0709de4263bbe675d61bdb74942,contiguous_substring,intermediate,4,0.049734077319328315,0.000720572493063164,0.04901350482626515
13,selective_p1.0_r13,m021_contiguous_substring,3ac98b3bd2edbbfc3b4339ca0066047ccba8e1cfa0ce798acbd27bab5b87d8af,contiguous_substring,intermediate,4,0.03439420531774516,0.0007442689634207464,0.033649936354324415
13,selective_p1.0_r13,m022_contiguous_substring,fc015e86e4e7f2c734c05fb1135856a6186a7b6e6f3079acc6d6c6e4aa7442e4,contiguous_substring,intermediate,4,0.043603199107208196,0.0007334000888930047,0.04286979901831519
13,selective_p1.0_r13,m023_contiguous_substring,6d8bb74bcdeefe62988bcebfe3cdb7110ea14648c3393721f4a4095032ddf61b,contiguous_substring,intermediate,4,0.04444082770998147,0.0007436839848275323,0.04369714372515394
13,selective_p1.0_r13,m024_contiguous_substring,94ab69bff5420fbcf4c18d7a247ef0e4b9577d1295271abf78a62f51c3b59a0f,contiguous_substring,intermediate,16,0.14154202428902846,0.0036274640855838212,0.13791456020344464
13,selective_p1.0_r13,m025_contiguous_substring,ae330f3e6dd51f734f790820a896827f916e8d775c69ea1f205c55aa81507fe0,contiguous_substring,intermediate,16,0.10825350046955959,0.0036713421425067783,0.10458215832705281
13,selective_p1.0_r13,m026_contiguous_substring,5d3c5ea59a3a81c2ffdcfc7029fe0ab078b39be0217f1ee2611101845014273b,contiguous_substring,intermediate,16,0.11898433775733985,0.0037074113559152967,0.11527692640142456
13,selective_p1.0_r13,m027_contiguous_substring,6edfbfdb62fbf79744d4ecfb6fe43de95b2133d87a10f24061ecc84297b1c267,contiguous_substring,intermediate,16,0.1148565869486779,0.003681065289429678,0.11117552165924822
13,selective_p1.0_r13,m028_contiguous_substring,6f9a04216ce84ed3a2ef19a2010723c498d866f2bb5d6eda67ea1bd16782bfd8,contiguous_substring,intermediate,64,0.20436091741770324,0.01148446460259248,0.19287645281511076
13,selective_p1.0_r13,m029_contiguous_substring,8d4ddfbfac0226f6a695d6b22ee21fbf533251852e95baca71b09f7710bfb22c,contiguous_substring,intermediate,64,0.18036350333963683,0.01129787038409519,0.16906563295554164
13,selective_p1.0_r13,m030_contiguous_substring,6ff19e1927dcafbb441ab0b4a0a61b92d1295d402f3277307a3f5b9d7850b98a,contiguous_substring,intermediate,64,0.18217793311782898,0.011233434745406074,0.1709444983724229
13,selective_p1.0_r13,m031_contiguous_substring,c824c782df91faee7515c9d811fab43ed5426465074d2e812a5277507d28ae96,contiguous_substring,intermediate,256,0.24783099858456015,0.02140386469564431,0.22642713388891583
13,selective_p1.0_r13,m032_contiguous_substring,ef835eb9c371f618c6958654a7d25a1df1d12c09a53ecf66f9209fb882a8542d,contiguous_substring,intermediate,256,0.24330306068044705,0.021211959792411594,0.22209110088803546
13,selective_p1.0_r13,m033_identity,2f88e9ce00d238e7e011a7b140b413dcad818f1da41a721f914f1af604d0e217,identity,identity,1024,0.28544442211061805,0.03134603148251641,0.25409839062810163
14,selective_p1.0_r14,m000_constant,9f1dcbc35c350d6027f98be0f5c8b43b42ca52b7604459c0c42be3aa88913d47,constant,constant,1,8.008566259537292e-17,8.008566259537293e-17,-1.232595164407831e-32
14,selective_p1.0_r14,m001_balanced_random_group,74484e9508b33b029e993a9e9ccafe4f01d96055374e557f6aa5a37d25bd9c9f,balanced_random_group,intermediate,2,0.020843146774958438,0.0002479518812669164,0.02059519489369152
14,selective_p1.0_r14,m002_balanced_random_group,e96a93c5fa6154fe18dcd30eb7bdbc3a6e3320a989da83ae67372a9adf58cbba,balanced_random_group,intermediate,4,0.052944043563930385,0.0007151867785276017,0.05222885678540278
14,selective_p1.0_r14,m003_balanced_random_group,14f0105f9e20916e897f4df17fdec0d896085dd5f5320e129bc322820142f8a6,balanced_random_group,intermediate,8,0.10974909306219958,0.0016956156730542743,0.10805347738914531
14,selective_p1.0_r14,m004_balanced_random_group,bb2ba2d5c103ddf6a98d341d94ebe51e88d622a6cb807898cdf9fd63b491a80f,balanced_random_group,intermediate,16,0.15240235341482306,0.0037016476530518437,0.14870070576177122
14,selective_p1.0_r14,m005_balanced_random_group,c65bd191d1da1176a8030b84146455e1d1f9bf63bb8d4993a72ab07906c80b78,balanced_random_group,intermediate,32,0.19106223204352032,0.007753115349095666,0.18330911669442465
14,selective_p1.0_r14,m006_balanced_random_group,54146794238237c8e13f9205ac93004ce5acfdbc51f3cd9b991ee15e2a36f684,balanced_random_group,intermediate,64,0.236390564783111,0.013636466802124032,0.22275409798098697
14,selective_p1.0_r14,m007_balanced_random_group,e179435da112ea8d971ae26891de689741e68338ddf13a7241197cfbaded0b83,balanced_random_group,intermediate,128,0.24914641032108376,0.018798194987309773,0.23034821533377398
14,selective_p1.0_r14,m008_balanced_random_group,e471d7c08820922fc6c21006a6b4685c49e9368d31cd4fbe021c3167456046e0,balanced_random_group,intermediate,256,0.24967500726444225,0.02224382840889997,0.2274311788555423
14,selective_p1.0_r14,m009_balanced_random_group,3394d1cdf22e9723777f99c632a137ebcd7b9bff50e9406fa9f5a34da26ac720,balanced_random_group,intermediate,512,0.2685317715845118,0.0253663576774207,0.2431654139070911
14,selective_p1.0_r14,m010_affinity_rank_group,3f53151fb2f814971fd6c0128c5c0b7afe1b5cb5257e46a1db18b8ebc9946d94,affinity_rank_group,intermediate,2,0.015256204349906821,0.00023463959119055845,0.015021564758716263
14,selective_p1.0_r14,m011_affinity_rank_group,92e56b0f11cdce879476507882d715f1eecc12de134fc3982530e28ffd4eba29,affinity_rank_group,intermediate,4,0.03720570990031283,0.0007104993194452291,0.0364952105808676
14,selective_p1.0_r14,m012_affinity_rank_group,0a19adabdd017fc722384804e89caf4ecf35837689486f63c24094087da5c2ba,affinity_rank_group,intermediate,8,0.09524499455840316,0.001676318879379272,0.09356867567902388
14,selective_p1.0_r14,m013_affinity_rank_group,d176c8d0ee881709b5af7061b49578d8041bef9dde73ceb9e47e4dd86f7ee987,affinity_rank_group,intermediate,16,0.1380196001060065,0.0036723041007798267,0.13434729600522669
14,selective_p1.0_r14,m014_affinity_rank_group,a08bb91ec0e66d0b3afe5332032fd3fb6769016bc04c2710b5e01a8e599df454,affinity_rank_group,intermediate,32,0.18520071602007127,0.007819803924436142,0.1773809120956351
14,selective_p1.0_r14,m015_affinity_rank_group,6ac4e014d135d7a7fbd4592fdf320f48570dc4bce5e1a5c2ca6054715b80f98a,affinity_rank_group,intermediate,64,0.23067531764347585,0.01365509877412457,0.21702021886935127
14,selective_p1.0_r14,m016_affinity_rank_group,4c0d0a036a5c51abb14f88b143c35a9a2e7cecb590d4d0752b078fe3b59a18dd,affinity_rank_group,intermediate,128,0.25260438620231707,0.018819445792266295,0.23378494041005077
14,selective_p1.0_r14,m017_affinity_rank_group,cf78b05538711825e0795152b13c3d2c15b5cd16f89c1995f7b006d8bc57c6a2,affinity_rank_group,intermediate,256,0.2591314284174956,0.023038006718439284,0.2360934216990563
14,selective_p1.0_r14,m018_affinity_rank_group,24a6acb87a7364b0b1cbbe6fecc84df53e5243c78a06a6c6c4e7354b3e359435,affinity_rank_group,intermediate,512,0.26390323898726775,0.025164419894836712,0.23873881909243105
14,selective_p1.0_r14,m019_contiguous_substring,16cfd655e57fba08a658c1d50e1fe5976b2f905eee09ec260833cfb2b49d6f38,contiguous_substring,intermediate,4,0.05656578390235098,0.0007276863214885243,0.05583809758086246
14,selective_p1.0_r14,m020_contiguous_substring,6fb076d21f3b26febc2e6a328628b3ea581ce0709de4263bbe675d61bdb74942,contiguous_substring,intermediate,4,0.05269318668810695,0.0007021818813357025,0.05199100480677125
14,selective_p1.0_r14,m021_contiguous_substring,3ac98b3bd2edbbfc3b4339ca0066047ccba8e1cfa0ce798acbd27bab5b87d8af,contiguous_substring,intermediate,4,0.04240806443629283,0.0007222846571341263,0.0416857797791587
14,selective_p1.0_r14,m022_contiguous_substring,fc015e86e4e7f2c734c05fb1135856a6186a7b6e6f3079acc6d6c6e4aa7442e4,contiguous_substring,intermediate,4,0.047208809217229794,0.0007349254120364002,0.04647388380519339
14,selective_p1.0_r14,m023_contiguous_substring,6d8bb74bcdeefe62988bcebfe3cdb7110ea14648c3393721f4a4095032ddf61b,contiguous_substring,intermediate,4,0.07622417522473755,0.0007209991704978285,0.07550317605423973
14,selective_p1.0_r14,m024_contiguous_substring,94ab69bff5420fbcf4c18d7a247ef0e4b9577d1295271abf78a62f51c3b59a0f,contiguous_substring,intermediate,16,0.15340655312144483,0.003674850747341821,0.149731702374103
14,selective_p1.0_r14,m025_contiguous_substring,ae330f3e6dd51f734f790820a896827f916e8d775c69ea1f205c55aa81507fe0,contiguous_substring,intermediate,16,0.14532310414106075,0.003652567929346233,0.14167053621171452
14,selective_p1.0_r14,m026_contiguous_substring,5d3c5ea59a3a81c2ffdcfc7029fe0ab078b39be0217f1ee2611101845014273b,contiguous_substring,intermediate,16,0.12717526121107817,0.003679732088340235,0.12349552912273794
14,selective_p1.0_r14,m027_contiguous_substring,6edfbfdb62fbf79744d4ecfb6fe43de95b2133d87a10f24061ecc84297b1c267,contiguous_substring,intermediate,16,0.13940710174323226,0.0037413428979096858,0.13566575884532256
14,selective_p1.0_r14,m028_contiguous_substring,6f9a04216ce84ed3a2ef19a2010723c498d866f2bb5d6eda67ea1bd16782bfd8,contiguous_substring,intermediate,64,0.22734195503216303,0.010770493453775811,0.21657146157838722
14,selective_p1.0_r14,m029_contiguous_substring,8d4ddfbfac0226f6a695d6b22ee21fbf533251852e95baca71b09f7710bfb22c,contiguous_substring,intermediate,64,0.2288976173289387,0.010675255252499445,0.21822236207643927
14,selective_p1.0_r14,m030_contiguous_substring,6ff19e1927dcafbb441ab0b4a0a61b92d1295d402f3277307a3f5b9d7850b98a,contiguous_substring,intermediate,64,0.2251254264662072,0.010479471074413499,0.2146459553917937
14,selective_p1.0_r14,m031_contiguous_substring,c824c782df91faee7515c9d811fab43ed5426465074d2e812a5277507d28ae96,contiguous_substring,intermediate,256,0.2534165042461492,0.019593337939252598,0.2338231663068966
14,selective_p1.0_r14,m032_contiguous_substring,ef835eb9c371f618c6958654a7d25a1df1d12c09a53ecf66f9209fb882a8542d,contiguous_substring,intermediate,256,0.2530776860107038,0.019215651715237928,0.23386203429546587
14,selective_p1.0_r14,m033_identity,2f88e9ce00d238e7e011a7b140b413dcad818f1da41a721f914f1af604d0e217,identity,identity,1024,0.27046703246756154,0.026359365725917752,0.2441076667416438
15,selective_p1.0_r15,m000_constant,9f1dcbc35c350d6027f98be0f5c8b43b42ca52b7604459c0c42be3aa88913d47,constant,constant,1,8.008566259537292e-17,8.008566259537293e-17,-1.232595164407831e-32
15,selective_p1.0_r15,m001_balanced_random_group,74484e9508b33b029e993a9e9ccafe4f01d96055374e557f6aa5a37d25bd9c9f,balanced_random_group,intermediate,2,0.009042990500501766,0.00024643431143570613,0.00879655618906606
15,selective_p1.0_r15,m002_balanced_random_group,e96a93c5fa6154fe18dcd30eb7bdbc3a6e3320a989da83ae67372a9adf58cbba,balanced_random_group,intermediate,4,0.03481677015576395,0.0007289259634626574,0.03408784419230129
15,selective_p1.0_r15,m003_balanced_random_group,14f0105f9e20916e897f4df17fdec0d896085dd5f5320e129bc322820142f8a6,balanced_random_group,intermediate,8,0.06200062332390675,0.0016734051337668047,0.06032721819013995
15,selective_p1.0_r15,m004_balanced_random_group,bb2ba2d5c103ddf6a98d341d94ebe51e88d622a6cb807898cdf9fd63b491a80f,balanced_random_group,intermediate,16,0.0988087685544943,0.003634686096120342,0.09517408245837396
15,selective_p1.0_r15,m005_balanced_random_group,c65bd191d1da1176a8030b84146455e1d1f9bf63bb8d4993a72ab07906c80b78,balanced_random_group,intermediate,32,0.1528815855222151,0.007650972259262526,0.14523061326295256
15,selective_p1.0_r15,m006_balanced_random_group,54146794238237c8e13f9205ac93004ce5acfdbc51f3cd9b991ee15e2a36f684,balanced_random_group,intermediate,64,0.19464182899221086,0.014211112594995093,0.18043071639721575
15,selective_p1.0_r15,m007_balanced_random_group,e179435da112ea8d971ae26891de689741e68338ddf13a7241197cfbaded0b83,balanced_random_group,intermediate,128,0.2255488212174926,0.02254292388460675,0.20300589733288585
15,selective_p1.0_r15,m008_balanced_random_group,e471d7c08820922fc6c21006a6b4685c49e9368d31cd4fbe021c3167456046e0,balanced_random_group,intermediate,256,0.2434598061385766,0.028890526232589527,0.21456927990598706
15,selective_p1.0_r15,m009_balanced_random_group,3394d1cdf22e9723777f99c632a137ebcd7b9bff50e9406fa9f5a34da26ac720,balanced_random_group,intermediate,512,0.25661073066340667,0.032315108603797334,0.22429562205960935
15,selective_p1.0_r15,m010_affinity_rank_group,3f53151fb2f814971fd6c0128c5c0b7afe1b5cb5257e46a1db18b8ebc9946d94,affinity_rank_group,intermediate,2,0.006460551007912159,0.00022488449977165544,0.006235666508140504
15,selective_p1.0_r15,m011_affinity_rank_group,92e56b0f11cdce879476507882d715f1eecc12de134fc3982530e28ffd4eba29,affinity_rank_group,intermediate,4,0.02549632043174943,0.0006946649036701644,0.024801655528079267
15,selective_p1.0_r15,m012_affinity_rank_group,0a19adabdd017fc722384804e89caf4ecf35837689486f63c24094087da5c2ba,affinity_rank_group,intermediate,8,0.04769038023290729,0.0016635698192471239,0.04602681041366016
15,selective_p1.0_r15,m013_affinity_rank_group,d176c8d0ee881709b5af7061b49578d8041bef9dde73ceb9e47e4dd86f7ee987,affinity_rank_group,intermediate,16,0.09311958857859273,0.0036051769028393413,0.08951441167575339
15,selective_p1.0_r15,m014_affinity_rank_group,a08bb91ec0e66d0b3afe5332032fd3fb6769016bc04c2710b5e01a8e599df454,affinity_rank_group,intermediate,32,0.14292115011180861,0.0075777417817486726,0.13534340833005995
15,selective_p1.0_r15,m015_affinity_rank_group,6ac4e014d135d7a7fbd4592fdf320f48570dc4bce5e1a5c2ca6054715b80f98a,affinity_rank_group,intermediate,64,0.18627265071131172,0.014446454576953404,0.17182619613435832
15,selective_p1.0_r15,m016_affinity_rank_group,4c0d0a036a5c51abb14f88b143c35a9a2e7cecb590d4d0752b078fe3b59a18dd,affinity_rank_group,intermediate,128,0.22487766526262237,0.022432514303124308,0.20244515095949805
15,selective_p1.0_r15,m017_affinity_rank_group,cf78b05538711825e0795152b13c3d2c15b5cd16f89c1995f7b006d8bc57c6a2,affinity_rank_group,intermediate,256,0.24564344494368823,0.029041828329324795,0.21660161661436345
15,selective_p1.0_r15,m018_affinity_rank_group,24a6acb87a7364b0b1cbbe6fecc84df53e5243c78a06a6c6c4e7354b3e359435,affinity_rank_group,intermediate,512,0.2585933497702967,0.033056406796336424,0.22553694297396026
15,selective_p1.0_r15,m019_contiguous_substring,16cfd655e57fba08a658c1d50e1fe5976b2f905eee09ec260833cfb2b49d6f38,contiguous_substring,intermediate,4,0.03475040625325179,0.0007132521964718407,0.03403715405677995
15,selective_p1.0_r15,m020_contiguous_substring,6fb076d21f3b26febc2e6a328628b3ea581ce0709de4263bbe675d61bdb74942,contiguous_substring,intermediate,4,0.02107335415480422,0.0007279294949714101,0.02034542465983281
15,selective_p1.0_r15,m021_contiguous_substring,3ac98b3bd2edbbfc3b4339ca0066047ccba8e1cfa0ce798acbd27bab5b87d8af,contiguous_substring,intermediate,4,0.030931132949889827,0.0007148822802578184,0.03021625066963201
15,selective_p1.0_r15,m022_contiguous_substring,fc015e86e4e7f2c734c05fb1135856a6186a7b6e6f3079acc6d6c6e4aa7442e4,contiguous_substring,intermediate,4,0.023181772538498503,0.0007475957179880931,0.02243417682051041
15,selective_p1.0_r15,m023_contiguous_substring,6d8bb74bcdeefe62988bcebfe3cdb7110ea14648c3393721f4a4095032ddf61b,contiguous_substring,intermediate,4,0.02797470282885125,0.0007128801923117719,0.027261822636539475
15,selective_p1.0_r15,m024_contiguous_substring,94ab69bff5420fbcf4c18d7a247ef0e4b9577d1295271abf78a62f51c3b59a0f,contiguous_substring,intermediate,16,0.10456941783724732,0.0036114423577939324,0.1009579754794534
15,selective_p1.0_r15,m025_contiguous_substring,ae330f3e6dd51f734f790820a896827f916e8d775c69ea1f205c55aa81507fe0,contiguous_substring,intermediate,16,0.0815919239176872,0.003643748284723505,0.07794817563296369
15,selective_p1.0_r15,m026_contiguous_substring,5d3c5ea59a3a81c2ffdcfc7029fe0ab078b39be0217f1ee2611101845014273b,contiguous_substring,intermediate,16,0.10226385540037353,0.0036563059560375676,0.09860754944433596
15,selective_p1.0_r15,m027_contiguous_substring,6edfbfdb62fbf79744d4ecfb6fe43de95b2133d87a10f24061ecc84297b1c267,contiguous_substring,intermediate,16,0.0998002924196249,0.003615827095199769,0.09618446532442514
15,selective_p1.0_r15,m028_contiguous_substring,6f9a04216ce84ed3a2ef19a2010723c498d866f2bb5d6eda67ea1bd16782bfd8,contiguous_substring,intermediate,64,0.17035605815802632,0.011927573718161697,0.15842848443986463
15,selective_p1.0_r15,m029_contiguous_substring,8d4ddfbfac0226f6a695d6b22ee21fbf533251852e95baca71b09f7710bfb22c,contiguous_substring,intermediate,64,0.17519549221234507,0.012262951860536728,0.16293254035180835
15,selective_p1.0_r15,m030_contiguous_substring,6ff19e1927dcafbb441ab0b4a0a61b92d1295d402f3277307a3f5b9d7850b98a,contiguous_substring,intermediate,64,0.1811066434712309,0.01252141319909265,0.16858523027213826
15,selective_p1.0_r15,m031_contiguous_substring,c824c782df91faee7515c9d811fab43ed5426465074d2e812a5277507d28ae96,contiguous_substring,intermediate,256,0.23278505247593323,0.02548257510714929,0.20730247736878393
15,selective_p1.0_r15,m032_contiguous_substring,ef835eb9c371f618c6958654a7d25a1df1d12c09a53ecf66f9209fb882a8542d,contiguous_substring,intermediate,256,0.23079704713613036,0.025665427713354873,0.2051316194227755
15,selective_p1.0_r15,m033_identity,2f88e9ce00d238e7e011a7b140b413dcad818f1da41a721f914f1af604d0e217,identity,identity,1024,0.2644877727941119,0.03537798392538189,0.22910978886873
16,selective_p1.0_r16,m000_constant,9f1dcbc35c350d6027f98be0f5c8b43b42ca52b7604459c0c42be3aa88913d47,constant,constant,1,0.0,0.0,0.0
16,selective_p1.0_r16,m001_balanced_random_group,74484e9508b33b029e993a9e9ccafe4f01d96055374e557f6aa5a37d25bd9c9f,balanced_random_group,intermediate,2,0.012738310900619434,0.00024198525979451143,0.012496325640824923
16,selective_p1.0_r16,m002_balanced_random_group,e96a93c5fa6154fe18dcd30eb7bdbc3a6e3320a989da83ae67372a9adf58cbba,balanced_random_group,intermediate,4,0.03510864548963186,0.0007266274053058478,0.03438201808432601
16,selective_p1.0_r16,m003_balanced_random_group,14f0105f9e20916e897f4df17fdec0d896085dd5f5320e129bc322820142f8a6,balanced_random_group,intermediate,8,0.06774650181976057,0.0016819080080636472,0.06606459381169692
16,selective_p1.0_r16,m004_balanced_random_group,bb2ba2d5c103ddf6a98d341d94ebe51e88d622a6cb807898cdf9fd63b491a80f,balanced_random_group,intermediate,16,0.16093748155875628,0.0036700389982915246,0.15726744256046477
16,selective_p1.0_r16,m005_balanced_random_group,c65bd191d1da1176a8030b84146455e1d1f9bf63bb8d4993a72ab07906c80b78,balanced_random_group,intermediate,32,0.20117656163564973,0.007322997158929709,0.19385356447672003
16,selective_p1.0_r16,m006_balanced_random_group,54146794238237c8e13f9205ac93004ce5acfdbc51f3cd9b991ee15e2a36f684,balanced_random_group,intermediate,64,0.25100144771570876,0.013890164493082127,0.23711128322262665
16,selective_p1.0_r16,m007_balanced_random_group,e179435da112ea8d971ae26891de689741e68338ddf13a7241197cfbaded0b83,balanced_random_group,intermediate,128,0.2916066982141433,0.020662225565457756,0.27094447264868554
16,selective_p1.0_r16,m008_balanced_random_group,e471d7c08820922fc6c21006a6b4685c49e9368d31cd4fbe021c3167456046e0,balanced_random_group,intermediate,256,0.2996926013937089,0.026289143415774312,0.2734034579779346
16,selective_p1.0_r16,m009_balanced_random_group,3394d1cdf22e9723777f99c632a137ebcd7b9bff50e9406fa9f5a34da26ac720,balanced_random_group,intermediate,512,0.3134361056728449,0.028350035412368527,0.2850860702604764
16,selective_p1.0_r16,m010_affinity_rank_group,3f53151fb2f814971fd6c0128c5c0b7afe1b5cb5257e46a1db18b8ebc9946d94,affinity_rank_group,intermediate,2,0.017836324393588315,0.00024481191629428133,0.017591512477294034
16,selective_p1.0_r16,m011_affinity_rank_group,92e56b0f11cdce879476507882d715f1eecc12de134fc3982530e28ffd4eba29,affinity_rank_group,intermediate,4,0.046508098994906356,0.0007174954985156219,0.04579060349639073
16,selective_p1.0_r16,m012_affinity_rank_group,0a19adabdd017fc722384804e89caf4ecf35837689486f63c24094087da5c2ba,affinity_rank_group,intermediate,8,0.0865914289642266,0.0016837213124036659,0.08490770765182293
16,selective_p1.0_r16,m013_affinity_rank_group,d176c8d0ee881709b5af7061b49578d8041bef9dde73ceb9e47e4dd86f7ee987,affinity_rank_group,intermediate,16,0.15363257014819373,0.003668095802979776,0.14996447434521396
16,selective_p1.0_r16,m014_affinity_rank_group,a08bb91ec0e66d0b3afe5332032fd3fb6769016bc04c2710b5e01a8e599df454,affinity_rank_group,intermediate,32,0.19782460888920056,0.007761462070291681,0.19006314681890887
16,selective_p1.0_r16,m015_affinity_rank_group,6ac4e014d135d7a7fbd4592fdf320f48570dc4bce5e1a5c2ca6054715b80f98a,affinity_rank_group,intermediate,64,0.2454948196549912,0.014167856089008128,0.23132696356598306
16,selective_p1.0_r16,m016_affinity_rank_group,4c0d0a036a5c51abb14f88b143c35a9a2e7cecb590d4d0752b078fe3b59a18dd,affinity_rank_group,intermediate,128,0.27084565909463465,0.020715238234807806,0.25013042085982684
16,selective_p1.0_r16,m017_affinity_rank_group,cf78b05538711825e0795152b13c3d2c15b5cd16f89c1995f7b006d8bc57c6a2,affinity_rank_group,intermediate,256,0.3052515199009812,0.026452524862317795,0.2787989950386634
16,selective_p1.0_r16,m018_affinity_rank_group,24a6acb87a7364b0b1cbbe6fecc84df53e5243c78a06a6c6c4e7354b3e359435,affinity_rank_group,intermediate,512,0.3162168503835604,0.029208333831144975,0.28700851655241544
16,selective_p1.0_r16,m019_contiguous_substring,16cfd655e57fba08a658c1d50e1fe5976b2f905eee09ec260833cfb2b49d6f38,contiguous_substring,intermediate,4,0.045547379015477577,0.0007138108615808725,0.044833568153896705
16,selective_p1.0_r16,m020_contiguous_substring,6fb076d21f3b26febc2e6a328628b3ea581ce0709de4263bbe675d61bdb74942,contiguous_substring,intermediate,4,0.0617751341625018,0.0007057329280898049,0.06106940123441199
16,selective_p1.0_r16,m021_contiguous_substring,3ac98b3bd2edbbfc3b4339ca0066047ccba8e1cfa0ce798acbd27bab5b87d8af,contiguous_substring,intermediate,4,0.041638439008478245,0.0007234366043505744,0.04091500240412767
16,selective_p1.0_r16,m022_contiguous_substring,fc015e86e4e7f2c734c05fb1135856a6186a7b6e6f3079acc6d6c6e4aa7442e4,contiguous_substring,intermediate,4,0.028349515042658563,0.0007029657148088026,0.02764654932784976
16,selective_p1.0_r16,m023_contiguous_substring,6d8bb74bcdeefe62988bcebfe3cdb7110ea14648c3393721f4a4095032ddf61b,contiguous_substring,intermediate,4,0.038756909974869254,0.0007226539291668463,0.03803425604570241
16,selective_p1.0_r16,m024_contiguous_substring,94ab69bff5420fbcf4c18d7a247ef0e4b9577d1295271abf78a62f51c3b59a0f,contiguous_substring,intermediate,16,0.14633943823723286,0.0036838607156448756,0.14265557752158797
16,selective_p1.0_r16,m025_contiguous_substring,ae330f3e6dd51f734f790820a896827f916e8d775c69ea1f205c55aa81507fe0,contiguous_substring,intermediate,16,0.15842448195949363,0.003619838489583404,0.1548046434699102
16,selective_p1.0_r16,m026_contiguous_substring,5d3c5ea59a3a81c2ffdcfc7029fe0ab078b39be0217f1ee2611101845014273b,contiguous_substring,intermediate,16,0.14335019047084277,0.003634846035150596,0.13971534443569217
16,selective_p1.0_r16,m027_contiguous_substring,6edfbfdb62fbf79744d4ecfb6fe43de95b2133d87a10f24061ecc84297b1c267,contiguous_substring,intermediate,16,0.1275587141059636,0.003629421236513949,0.12392929286944963
16,selective_p1.0_r16,m028_contiguous_substring,6f9a04216ce84ed3a2ef19a2010723c498d866f2bb5d6eda67ea1bd16782bfd8,contiguous_substring,intermediate,64,0.23757038338306063,0.01160826892611077,0.22596211445694986
16,selective_p1.0_r16,m029_contiguous_substring,8d4ddfbfac0226f6a695d6b22ee21fbf533251852e95baca71b09f7710bfb22c,contiguous_substring,intermediate,64,0.22430185307940403,0.011617384349889726,0.2126844687295143
16,selective_p1.0_r16,m030_contiguous_substring,6ff19e1927dcafbb441ab0b4a0a61b92d1295d402f3277307a3f5b9d7850b98a,contiguous_substring,intermediate,64,0.2150049263763345,0.011931734125501962,0.20307319225083253
16,selective_p1.0_r16,m031_contiguous_substring,c824c782df91faee7515c9d811fab43ed5426465074d2e812a5277507d28ae96,contiguous_substring,intermediate,256,0.28575360096089786,0.021294648632324525,0.2644589523285733
16,selective_p1.0_r16,m032_contiguous_substring,ef835eb9c371f618c6958654a7d25a1df1d12c09a53ecf66f9209fb882a8542d,contiguous_substring,intermediate,256,0.2826344889206549,0.02167986664499412,0.2609546222756608
16,selective_p1.0_r16,m033_identity,2f88e9ce00d238e7e011a7b140b413dcad818f1da41a721f914f1af604d0e217,identity,identity,1024,0.3208149810797718,0.03098552548424712,0.2898294555955247
17,selective_p1.0_r17,m000_constant,9f1dcbc35c350d6027f98be0f5c8b43b42ca52b7604459c0c42be3aa88913d47,constant,constant,1,0.0,0.0,0.0
17,selective_p1.0_r17,m001_balanced_random_group,74484e9508b33b029e993a9e9ccafe4f01d96055374e557f6aa5a37d25bd9c9f,balanced_random_group,intermediate,2,0.005903878598561263,0.0002497828076176284,0.005654095790943634
17,selective_p1.0_r17,m002_balanced_random_group,e96a93c5fa6154fe18dcd30eb7bdbc3a6e3320a989da83ae67372a9adf58cbba,balanced_random_group,intermediate,4,0.031531331145522465,0.0007165200221244033,0.03081481112339806
17,selective_p1.0_r17,m003_balanced_random_group,14f0105f9e20916e897f4df17fdec0d896085dd5f5320e129bc322820142f8a6,balanced_random_group,intermediate,8,0.07014134681592674,0.0016843000153987325,0.068457046800528
17,selective_p1.0_r17,m004_balanced_random_group,bb2ba2d5c103ddf6a98d341d94ebe51e88d622a6cb807898cdf9fd63b491a80f,balanced_random_group,intermediate,16,0.15308812452427964,0.003695403631946144,0.1493927208923335
17,selective_p1.0_r17,m005_balanced_random_group,c65bd191d1da1176a8030b84146455e1d1f9bf63bb8d4993a72ab07906c80b78,balanced_random_group,intermediate,32,0.19463858243391668,0.007591333572818619,0.18704724886109805
17,selective_p1.0_r17,m006_balanced_random_group,54146794238237c8e13f9205ac93004ce5acfdbc51f3cd9b991ee15e2a36f684,balanced_random_group,intermediate,64,0.24300354361916293,0.01313996112527265,0.22986358249389027
17,selective_p1.0_r17,m007_balanced_random_group,e179435da112ea8d971ae26891de689741e68338ddf13a7241197cfbaded0b83,balanced_random_group,intermediate,128,0.2496586879922929,0.018874784830748326,0.23078390316154457
17,selective_p1.0_r17,m008_balanced_random_group,e471d7c08820922fc6c21006a6b4685c49e9368d31cd4fbe021c3167456046e0,balanced_random_group,intermediate,256,0.27708726363812497,0.022702800514490553,0.25438446312363444
17,selective_p1.0_r17,m009_balanced_random_group,3394d1cdf22e9723777f99c632a137ebcd7b9bff50e9406fa9f5a34da26ac720,balanced_random_group,intermediate,512,0.30267238463072854,0.025490999462071614,0.2771813851686569
17,selective_p1.0_r17,m010_affinity_rank_group,3f53151fb2f814971fd6c0128c5c0b7afe1b5cb5257e46a1db18b8ebc9946d94,affinity_rank_group,intermediate,2,0.022377852714229405,0.0002372809464186595,0.022140571767810747
17,selective_p1.0_r17,m011_affinity_rank_group,92e56b0f11cdce879476507882d715f1eecc12de134fc3982530e28ffd4eba29,affinity_rank_group,intermediate,4,0.04568553056573245,0.0007264670560970972,0.044959063509635355
17,selective_p1.0_r17,m012_affinity_rank_group,0a19adabdd017fc722384804e89caf4ecf35837689486f63c24094087da5c2ba,affinity_rank_group,intermediate,8,0.09186678804070467,0.0016909976298138394,0.09017579041089083
17,selective_p1.0_r17,m013_affinity_rank_group,d176c8d0ee881709b5af7061b49578d8041bef9dde73ceb9e47e4dd86f7ee987,affinity_rank_group,intermediate,16,0.13890580794038793,0.003697961366302519,0.1352078465740854
17,selective_p1.0_r17,m014_affinity_rank_group,a08bb91ec0e66d0b3afe5332032fd3fb6769016bc04c2710b5e01a8e599df454,affinity_rank_group,intermediate,32,0.2137637880501344,0.0076320739429006435,0.20613171410723377
17,selective_p1.0_r17,m015_affinity_rank_group,6ac4e014d135d7a7fbd4592fdf320f48570dc4bce5e1a5c2ca6054715b80f98a,affinity_rank_group,intermediate,64,0.2578968226016233,0.013643506472523851,0.24425331612909942
17,selective_p1.0_r17,m016_affinity_rank_group,4c0d0a036a5c51abb14f88b143c35a9a2e7cecb590d4d0752b078fe3b59a18dd,affinity_rank_group,intermediate,128,0.2821022452178351,0.019500091857736917,0.2626021533600982
17,selective_p1.0_r17,m017_affinity_rank_group,cf78b05538711825e0795152b13c3d2c15b5cd16f89c1995f7b006d8bc57c6a2,affinity_rank_group,intermediate,256,0.3004919697347439,0.023749911683778407,0.2767420580509655
17,selective_p1.0_r17,m018_affinity_rank_group,24a6acb87a7364b0b1cbbe6fecc84df53e5243c78a06a6c6c4e7354b3e359435,affinity_rank_group,intermediate,512,0.30368047372108775,0.025844593834141626,0.27783587988694614
17,selective_p1.0_r17,m019_contiguous_substring,16cfd655e57fba08a658c1d50e1fe5976b2f905eee09ec260833cfb2b49d6f38,contiguous_substring,intermediate,4,0.03516614319774755,0.0007125141624719102,0.03445362903527564
17,selective_p1.0_r17,m020_contiguous_substring,6fb076d21f3b26febc2e6a328628b3ea581ce0709de4263bbe675d61bdb74942,contiguous_substring,intermediate,4,0.046508065761119044,0.0007124621324231113,0.04579560362869593
17,selective_p1.0_r17,m021_contiguous_substring,3ac98b3bd2edbbfc3b4339ca0066047ccba8e1cfa0ce798acbd27bab5b87d8af,contiguous_substring,intermediate,4,0.03188624485346677,0.0007129334515227081,0.031173311401944064
17,selective_p1.0_r17,m022_contiguous_substring,fc015e86e4e7f2c734c05fb1135856a6186a7b6e6f3079acc6d6c6e4aa7442e4,contiguous_substring,intermediate,4,0.04331076766743771,0.0007136004046359634,0.042597167262801744
17,selective_p1.0_r17,m023_contiguous_substring,6d8bb74bcdeefe62988bcebfe3cdb7110ea14648c3393721f4a4095032ddf61b,contiguous_substring,intermediate,4,0.040502779892818974,0.000721291632385035,0.03978148826043394
17,selective_p1.0_r17,m024_contiguous_substring,94ab69bff5420fbcf4c18d7a247ef0e4b9577d1295271abf78a62f51c3b59a0f,contiguous_substring,intermediate,16,0.13465012836489543,0.003549266575544181,0.13110086178935124
17,selective_p1.0_r17,m025_contiguous_substring,ae330f3e6dd51f734f790820a896827f916e8d775c69ea1f205c55aa81507fe0,contiguous_substring,intermediate,16,0.14146390882180637,0.0035743615614696133,0.13788954726033675
17,selective_p1.0_r17,m026_contiguous_substring,5d3c5ea59a3a81c2ffdcfc7029fe0ab078b39be0217f1ee2611101845014273b,contiguous_substring,intermediate,16,0.100328424561848,0.0035620587342323905,0.09676636582761561
17,selective_p1.0_r17,m027_contiguous_substring,6edfbfdb62fbf79744d4ecfb6fe43de95b2133d87a10f24061ecc84297b1c267,contiguous_substring,intermediate,16,0.1266597074881834,0.003511323459035558,0.12314838402914784
17,selective_p1.0_r17,m028_contiguous_substring,6f9a04216ce84ed3a2ef19a2010723c498d866f2bb5d6eda67ea1bd16782bfd8,contiguous_substring,intermediate,64,0.22800878897189983,0.010887482445635675,0.21712130652626416
17,selective_p1.0_r17,m029_contiguous_substring,8d4ddfbfac0226f6a695d6b22ee21fbf533251852e95baca71b09f7710bfb22c,contiguous_substring,intermediate,64,0.21726035274120653,0.010889696342117443,0.20637065639908908
17,selective_p1.0_r17,m030_contiguous_substring,6ff19e1927dcafbb441ab0b4a0a61b92d1295d402f3277307a3f5b9d7850b98a,contiguous_substring,intermediate,64,0.20299828712814344,0.010956282870126035,0.1920420042580174
17,selective_p1.0_r17,m031_contiguous_substring,c824c782df91faee7515c9d811fab43ed5426465074d2e812a5277507d28ae96,contiguous_substring,intermediate,256,0.2694194585010472,0.019617296087083486,0.24980216241396372
17,selective_p1.0_r17,m032_contiguous_substring,ef835eb9c371f618c6958654a7d25a1df1d12c09a53ecf66f9209fb882a8542d,contiguous_substring,intermediate,256,0.2660252400786546,0.01986889328675283,0.24615634679190174
17,selective_p1.0_r17,m033_identity,2f88e9ce00d238e7e011a7b140b413dcad818f1da41a721f914f1af604d0e217,identity,identity,1024,0.306222004026527,0.027050708322547443,0.2791712957039795
18,selective_p1.0_r18,m000_constant,9f1dcbc35c350d6027f98be0f5c8b43b42ca52b7604459c0c42be3aa88913d47,constant,constant,1,0.0,0.0,0.0
18,selective_p1.0_r18,m001_balanced_random_group,74484e9508b33b029e993a9e9ccafe4f01d96055374e557f6aa5a37d25bd9c9f,balanced_random_group,intermediate,2,0.003701450497087964,0.000250158246737681,0.003451292250350283
18,selective_p1.0_r18,m002_balanced_random_group,e96a93c5fa6154fe18dcd30eb7bdbc3a6e3320a989da83ae67372a9adf58cbba,balanced_random_group,intermediate,4,0.02686414336753452,0.0007441489547687991,0.02611999441276572
18,selective_p1.0_r18,m003_balanced_random_group,14f0105f9e20916e897f4df17fdec0d896085dd5f5320e129bc322820142f8a6,balanced_random_group,intermediate,8,0.06721275276452257,0.0017023891095028737,0.0655103636550197
18,selective_p1.0_r18,m004_balanced_random_group,bb2ba2d5c103ddf6a98d341d94ebe51e88d622a6cb807898cdf9fd63b491a80f,balanced_random_group,intermediate,16,0.11921751862128169,0.003693777907924381,0.1155237407133573
18,selective_p1.0_r18,m005_balanced_random_group,c65bd191d1da1176a8030b84146455e1d1f9bf63bb8d4993a72ab07906c80b78,balanced_random_group,intermediate,32,0.19702278696735592,0.007610978863666677,0.18941180810368924
18,selective_p1.0_r18,m006_balanced_random_group,54146794238237c8e13f9205ac93004ce5acfdbc51f3cd9b991ee15e2a36f684,balanced_random_group,intermediate,64,0.21284673360933803,0.014207691656275436,0.1986390419530626
18,selective_p1.0_r18,m007_balanced_random_group,e179435da112ea8d971ae26891de689741e68338ddf13a7241197cfbaded0b83,balanced_random_group,intermediate,128,0.24019276777942147,0.020914454913160876,0.2192783128662606
18,selective_p1.0_r18,m008_balanced_random_group,e471d7c08820922fc6c21006a6b4685c49e9368d31cd4fbe021c3167456046e0,balanced_random_group,intermediate,256,0.2638634202154062,0.025979171220644273,0.23788424899476193
18,selective_p1.0_r18,m009_balanced_random_group,3394d1cdf22e9723777f99c632a137ebcd7b9bff50e9406fa9f5a34da26ac720,balanced_random_group,intermediate,512,0.2728020089445841,0.02848327000550114,0.24431873893908299
18,selective_p1.0_r18,m010_affinity_rank_group,3f53151fb2f814971fd6c0128c5c0b7afe1b5cb5257e46a1db18b8ebc9946d94,affinity_rank_group,intermediate,2,0.00799296186015992,0.00023768524790284407,0.007755276612257077
18,selective_p1.0_r18,m011_affinity_rank_group,92e56b0f11cdce879476507882d715f1eecc12de134fc3982530e28ffd4eba29,affinity_rank_group,intermediate,4,0.01755276753864983,0.0007323930029816822,0.016820374535668148
18,selective_p1.0_r18,m012_affinity_rank_group,0a19adabdd017fc722384804e89caf4ecf35837689486f63c24094087da5c2ba,affinity_rank_group,intermediate,8,0.05468779822204341,0.0016980772886209187,0.05298972093342249
18,selective_p1.0_r18,m013_affinity_rank_group,d176c8d0ee881709b5af7061b49578d8041bef9dde73ceb9e47e4dd86f7ee987,affinity_rank_group,intermediate,16,0.11703398852083101,0.0037003494205178843,0.11333363910031312
18,selective_p1.0_r18,m014_affinity_rank_group,a08bb91ec0e66d0b3afe5332032fd3fb6769016bc04c2710b5e01a8e599df454,affinity_rank_group,intermediate,32,0.17355773631624394,0.007693585579864323,0.1658641507363796
18,selective_p1.0_r18,m015_affinity_rank_group,6ac4e014d135d7a7fbd4592fdf320f48570dc4bce5e1a5c2ca6054715b80f98a,affinity_rank_group,intermediate,64,0.2191434789949056,0.014075654032793285,0.20506782496211232
18,selective_p1.0_r18,m016_affinity_rank_group,4c0d0a036a5c51abb14f88b143c35a9a2e7cecb590d4d0752b078fe3b59a18dd,affinity_rank_group,intermediate,128,0.25001534181201945,0.020874072242394997,0.22914126956962447
18,selective_p1.0_r18,m017_affinity_rank_group,cf78b05538711825e0795152b13c3d2c15b5cd16f89c1995f7b006d8bc57c6a2,affinity_rank_group,intermediate,256,0.2692092170587016,0.026213748887344693,0.24299546817135692
18,selective_p1.0_r18,m018_affinity_rank_group,24a6acb87a7364b0b1cbbe6fecc84df53e5243c78a06a6c6c4e7354b3e359435,affinity_rank_group,intermediate,512,0.27621798588345614,0.029022191334990108,0.24719579454846602
18,selective_p1.0_r18,m019_contiguous_substring,16cfd655e57fba08a658c1d50e1fe5976b2f905eee09ec260833cfb2b49d6f38,contiguous_substring,intermediate,4,0.03588769452557895,0.0007422682256836354,0.03514542629989532
18,selective_p1.0_r18,m020_contiguous_substring,6fb076d21f3b26febc2e6a328628b3ea581ce0709de4263bbe675d61bdb74942,contiguous_substring,intermediate,4,0.05031527943769566,0.0007279133496383804,0.049587366088057284
18,selective_p1.0_r18,m021_contiguous_substring,3ac98b3bd2edbbfc3b4339ca0066047ccba8e1cfa0ce798acbd27bab5b87d8af,contiguous_substring,intermediate,4,0.02819526279300414,0.0007274690074535547,0.027467793785550587
18,selective_p1.0_r18,m022_contiguous_substring,fc015e86e4e7f2c734c05fb1135856a6186a7b6e6f3079acc6d6c6e4aa7442e4,contiguous_substring,intermediate,4,0.026223944352512043,0.0007434633148884484,0.025480481037623594
18,selective_p1.0_r18,m023_contiguous_substring,6d8bb74bcdeefe62988bcebfe3cdb7110ea14648c3393721f4a4095032ddf61b,contiguous_substring,intermediate,4,0.033336271197480095,0.0007401463384366258,0.03259612485904347
18,selective_p1.0_r18,m024_contiguous_substring,94ab69bff5420fbcf4c18d7a247ef0e4b9577d1295271abf78a62f51c3b59a0f,contiguous_substring,intermediate,16,0.12413585649957609,0.003714199010491034,0.12042165748908505
18,selective_p1.0_r18,m025_contiguous_substring,ae330f3e6dd51f734f790820a896827f916e8d775c69ea1f205c55aa81507fe0,contiguous_substring,intermediate,16,0.11391776421759071,0.003720558150178949,0.11019720606741176
18,selective_p1.0_r18,m026_contiguous_substring,5d3c5ea59a3a81c2ffdcfc7029fe0ab078b39be0217f1ee2611101845014273b,contiguous_substring,intermediate,16,0.11386352851535458,0.0036395069751530397,0.11022402154020154
18,selective_p1.0_r18,m027_contiguous_substring,6edfbfdb62fbf79744d4ecfb6fe43de95b2133d87a10f24061ecc84297b1c267,contiguous_substring,intermediate,16,0.11886821656121756,0.003637310936140469,0.11523090562507708
18,selective_p1.0_r18,m028_contiguous_substring,6f9a04216ce84ed3a2ef19a2010723c498d866f2bb5d6eda67ea1bd16782bfd8,contiguous_substring,intermediate,64,0.19374274679091172,0.011742338214280237,0.18200040857663147
18,selective_p1.0_r18,m029_contiguous_substring,8d4ddfbfac0226f6a695d6b22ee21fbf533251852e95baca71b09f7710bfb22c,contiguous_substring,intermediate,64,0.2006791644411771,0.011757260889679232,0.18892190355149785
18,selective_p1.0_r18,m030_contiguous_substring,6ff19e1927dcafbb441ab0b4a0a61b92d1295d402f3277307a3f5b9d7850b98a,contiguous_substring,intermediate,64,0.19543007019579645,0.011689836397428249,0.1837402337983682
18,selective_p1.0_r18,m031_contiguous_substring,c824c782df91faee7515c9d811fab43ed5426465074d2e812a5277507d28ae96,contiguous_substring,intermediate,256,0.24586455057534956,0.022288278899135837,0.22357627167621372
18,selective_p1.0_r18,m032_contiguous_substring,ef835eb9c371f618c6958654a7d25a1df1d12c09a53ecf66f9209fb882a8542d,contiguous_substring,intermediate,256,0.24605781637133206,0.022180375827765362,0.2238774405435667
18,selective_p1.0_r18,m033_identity,2f88e9ce00d238e7e011a7b140b413dcad818f1da41a721f914f1af604d0e217,identity,identity,1024,0.28048436534369453,0.030815280349139603,0.24966908499455492
19,selective_p1.0_r19,m000_constant,9f1dcbc35c350d6027f98be0f5c8b43b42ca52b7604459c0c42be3aa88913d47,constant,constant,1,8.008566259537293e-17,8.008566259537295e-17,-2.465190328815662e-32
19,selective_p1.0_r19,m001_balanced_random_group,74484e9508b33b029e993a9e9ccafe4f01d96055374e557f6aa5a37d25bd9c9f,balanced_random_group,intermediate,2,0.006191242104342062,0.00023999153728469986,0.005951250567057363
19,selective_p1.0_r19,m002_balanced_random_group,e96a93c5fa6154fe18dcd30eb7bdbc3a6e3320a989da83ae67372a9adf58cbba,balanced_random_group,intermediate,4,0.020597815542316128,0.0007177632064587567,0.019880052335857372
19,selective_p1.0_r19,m003_balanced_random_group,14f0105f9e20916e897f4df17fdec0d896085dd5f5320e129bc322820142f8a6,balanced_random_group,intermediate,8,0.04917203830819275,0.0016767109801334266,0.04749532732805933
19,selective_p1.0_r19,m004_balanced_random_group,bb2ba2d5c103ddf6a98d341d94ebe51e88d622a6cb807898cdf9fd63b491a80f,balanced_random_group,intermediate,16,0.09538426595608637,0.0035787140504641058,0.09180555190562227
19,selective_p1.0_r19,m005_balanced_random_group,c65bd191d1da1176a8030b84146455e1d1f9bf63bb8d4993a72ab07906c80b78,balanced_random_group,intermediate,32,0.145495466260873,0.007568308515930366,0.13792715774494263
19,selective_p1.0_r19,m006_balanced_random_group,54146794238237c8e13f9205ac93004ce5acfdbc51f3cd9b991ee15e2a36f684,balanced_random_group,intermediate,64,0.1824344120561056,0.01433533878178922,0.1680990732743164
19,selective_p1.0_r19,m007_balanced_random_group,e179435da112ea8d971ae26891de689741e68338ddf13a7241197cfbaded0b83,balanced_random_group,intermediate,128,0.22748680594817827,0.02292578907055834,0.20456101687761993
19,selective_p1.0_r19,m008_balanced_random_group,e471d7c08820922fc6c21006a6b4685c49e9368d31cd4fbe021c3167456046e0,balanced_random_group,intermediate,256,0.25361277410479605,0.029209696445899772,0.22440307765889628
19,selective_p1.0_r19,m009_balanced_random_group,3394d1cdf22e9723777f99c632a137ebcd7b9bff50e9406fa9f5a34da26ac720,balanced_random_group,intermediate,512,0.2749804970212082,0.03451436632756516,0.24046613069364303
19,selective_p1.0_r19,m010_affinity_rank_group,3f53151fb2f814971fd6c0128c5c0b7afe1b5cb5257e46a1db18b8ebc9946d94,affinity_rank_group,intermediate,2,0.01183426425807801,0.00023923575307884372,0.011595028504999166
19,selective_p1.0_r19,m011_affinity_rank_group,92e56b0f11cdce879476507882d715f1eecc12de134fc3982530e28ffd4eba29,affinity_rank_group,intermediate,4,0.03734675399556321,0.0007200042270096722,0.03662674976855354
19,selective_p1.0_r19,m012_affinity_rank_group,0a19adabdd017fc722384804e89caf4ecf35837689486f63c24094087da5c2ba,affinity_rank_group,intermediate,8,0.07299090444771501,0.0016916756921277042,0.07129922875558731
19,selective_p1.0_r19,m013_affinity_rank_group,d176c8d0ee881709b5af7061b49578d8041bef9dde73ceb9e47e4dd86f7ee987,affinity_rank_group,intermediate,16,0.1167954516189825,0.0036171007385061766,0.11317835088047633
19,selective_p1.0_r19,m014_affinity_rank_group,a08bb91ec0e66d0b3afe5332032fd3fb6769016bc04c2710b5e01a8e599df454,affinity_rank_group,intermediate,32,0.16331834642570545,0.0076821612724633235,0.15563618515324212
19,selective_p1.0_r19,m015_affinity_rank_group,6ac4e014d135d7a7fbd4592fdf320f48570dc4bce5e1a5c2ca6054715b80f98a,affinity_rank_group,intermediate,64,0.20526051402854303,0.014835298907607193,0.19042521512093585
19,selective_p1.0_r19,m016_affinity_rank_group,4c0d0a036a5c51abb14f88b143c35a9a2e7cecb590d4d0752b078fe3b59a18dd,affinity_rank_group,intermediate,128,0.2362333948925121,0.023313486557443794,0.2129199083350683
19,selective_p1.0_r19,m017_affinity_rank_group,cf78b05538711825e0795152b13c3d2c15b5cd16f89c1995f7b006d8bc57c6a2,affinity_rank_group,intermediate,256,0.255521119126193,0.029460236945708703,0.2260608821804843
19,selective_p1.0_r19,m018_affinity_rank_group,24a6acb87a7364b0b1cbbe6fecc84df53e5243c78a06a6c6c4e7354b3e359435,affinity_rank_group,intermediate,512,0.2749637931089738,0.03403248164161254,0.24093131146736124
19,selective_p1.0_r19,m019_contiguous_substring,16cfd655e57fba08a658c1d50e1fe5976b2f905eee09ec260833cfb2b49d6f38,contiguous_substring,intermediate,4,0.02360208174987312,0.0007099336037214124,0.022892148146151706
19,selective_p1.0_r19,m020_contiguous_substring,6fb076d21f3b26febc2e6a328628b3ea581ce0709de4263bbe675d61bdb74942,contiguous_substring,intermediate,4,0.0335102541900315,0.0007137046237855181,0.03279654956624598
19,selective_p1.0_r19,m021_contiguous_substring,3ac98b3bd2edbbfc3b4339ca0066047ccba8e1cfa0ce798acbd27bab5b87d8af,contiguous_substring,intermediate,4,0.03688292155628849,0.0007334640305321796,0.03614945752575631
19,selective_p1.0_r19,m022_contiguous_substring,fc015e86e4e7f2c734c05fb1135856a6186a7b6e6f3079acc6d6c6e4aa7442e4,contiguous_substring,intermediate,4,0.029202397956520635,0.0007136238109741194,0.028488774145546517
19,selective_p1.0_r19,m023_contiguous_substring,6d8bb74bcdeefe62988bcebfe3cdb7110ea14648c3393721f4a4095032ddf61b,contiguous_substring,intermediate,4,0.04189392872614101,0.000702652435556497,0.041191276290584514
19,selective_p1.0_r19,m024_contiguous_substring,94ab69bff5420fbcf4c18d7a247ef0e4b9577d1295271abf78a62f51c3b59a0f,contiguous_substring,intermediate,16,0.10193799880193004,0.0036036977201278782,0.09833430108180216
19,selective_p1.0_r19,m025_contiguous_substring,ae330f3e6dd51f734f790820a896827f916e8d775c69ea1f205c55aa81507fe0,contiguous_substring,intermediate,16,0.10705337227559486,0.003621776959647598,0.10343159531594726
19,selective_p1.0_r19,m026_contiguous_substring,5d3c5ea59a3a81c2ffdcfc7029fe0ab078b39be0217f1ee2611101845014273b,contiguous_substring,intermediate,16,0.10993976546177457,0.0036467032586823367,0.10629306220309223
19,selective_p1.0_r19,m027_contiguous_substring,6edfbfdb62fbf79744d4ecfb6fe43de95b2133d87a10f24061ecc84297b1c267,contiguous_substring,intermediate,16,0.11592380667672085,0.003583039183335478,0.11234076749338537
19,selective_p1.0_r19,m028_contiguous_substring,6f9a04216ce84ed3a2ef19a2010723c498d866f2bb5d6eda67ea1bd16782bfd8,contiguous_substring,intermediate,64,0.19061030572138038,0.01313152908105424,0.17747877664032613
19,selective_p1.0_r19,m029_contiguous_substring,8d4ddfbfac0226f6a695d6b22ee21fbf533251852e95baca71b09f7710bfb22c,contiguous_substring,intermediate,64,0.18683611125152602,0.013051161862089522,0.1737849493894365
19,selective_p1.0_r19,m030_contiguous_substring,6ff19e1927dcafbb441ab0b4a0a61b92d1295d402f3277307a3f5b9d7850b98a,contiguous_substring,intermediate,64,0.19319549671647657,0.012982937395155254,0.18021255932132133
19,selective_p1.0_r19,m031_contiguous_substring,c824c782df91faee7515c9d811fab43ed5426465074d2e812a5277507d28ae96,contiguous_substring,intermediate,256,0.24302582117583074,0.026064635091951213,0.21696118608387954
19,selective_p1.0_r19,m032_contiguous_substring,ef835eb9c371f618c6958654a7d25a1df1d12c09a53ecf66f9209fb882a8542d,contiguous_substring,intermediate,256,0.24438765221928016,0.026122288001551492,0.21826536421772866
19,selective_p1.0_r19,m033_identity,2f88e9ce00d238e7e011a7b140b413dcad818f1da41a721f914f1af604d0e217,identity,identity,1024,0.2781025328704907,0.03634938359217708,0.24175314927831362
