confirm_id,replicate,map_id,map_hash,method,endpoint_type,actual_groups,observed_retained_information,permutation_mean,corrected_retained_information
D0,0,m000_constant,9f1dcbc35c350d6027f98be0f5c8b43b42ca52b7604459c0c42be3aa88913d47,constant,constant,1,0.0,0.0,0.0
D0,0,m001_balanced_random_group,f9a61013dcfd5168cfac382b0103ebc61175babf90ead3fb241727582f7ebff8,balanced_random_group,intermediate,2,0.0010500947512937,0.0002459353342059,0.0008041594170877
D0,0,m002_affinity_rank_group,3f53151fb2f814971fd6c0128c5c0b7afe1b5cb5257e46a1db18b8ebc9946d94,affinity_rank_group,intermediate,2,0.0004603435588174,0.0002524746495505,0.0002078689092668
D0,0,m003_balanced_random_group,c3045d2c1c1e20ffe9a4bb2a2e96a1861dba82bdee39680a0c34776015233f77,balanced_random_group,intermediate,4,0.0018287180387964,0.0007281529059714,0.0011005651328249
D0,0,m004_affinity_rank_group,92e56b0f11cdce879476507882d715f1eecc12de134fc3982530e28ffd4eba29,affinity_rank_group,intermediate,4,0.0031466330402849,0.0007489745801405,0.0023976584601443
D0,0,m005_balanced_random_group,04a74209e8dcd69b7ec938b6492b48b960e41d4a73c85f733213da8532e73d49,balanced_random_group,intermediate,8,0.0102463725684298,0.0016834486404412,0.0085629239279886
D0,0,m006_affinity_rank_group,0a19adabdd017fc722384804e89caf4ecf35837689486f63c24094087da5c2ba,affinity_rank_group,intermediate,8,0.0074630849604844,0.0016861452440413,0.0057769397164431
D0,0,m007_balanced_random_group,848d2d075b0b38086c555c9d0d8524dccec4f14f30d66b4673f732303caf3b02,balanced_random_group,intermediate,16,0.0169827805602694,0.0036061595960819,0.0133766209641875
D0,0,m008_affinity_rank_group,d176c8d0ee881709b5af7061b49578d8041bef9dde73ceb9e47e4dd86f7ee987,affinity_rank_group,intermediate,16,0.0163924070072949,0.0036510284756795,0.0127413785316153
D0,0,m009_balanced_random_group,8471d3b7d2a757d28b10f6d16b93b4054dd06f1fdee394c0a09cb0b6aab741ce,balanced_random_group,intermediate,32,0.0328833073748682,0.0075090868209669,0.0253742205539012
D0,0,m010_affinity_rank_group,a08bb91ec0e66d0b3afe5332032fd3fb6769016bc04c2710b5e01a8e599df454,affinity_rank_group,intermediate,32,0.0381450550798562,0.0075637422307959,0.0305813128490602
D0,0,m011_balanced_random_group,4f9b5634a7d1bdacc1d585643a286967dc0947786f9e18f05c5d84fe662c78d7,balanced_random_group,intermediate,64,0.0702533939446559,0.0153596754060976,0.0548937185385582
D0,0,m012_affinity_rank_group,6ac4e014d135d7a7fbd4592fdf320f48570dc4bce5e1a5c2ca6054715b80f98a,affinity_rank_group,intermediate,64,0.0741317157060137,0.0153683721926752,0.0587633435133385
D0,0,m013_balanced_random_group,8c867de60c19d7bde11f4cc8d3068f7701c8f347c9f932320be77db3baf097e5,balanced_random_group,intermediate,128,0.1367567147361311,0.0311795923483397,0.1055771223877913
D0,0,m014_affinity_rank_group,4c0d0a036a5c51abb14f88b143c35a9a2e7cecb590d4d0752b078fe3b59a18dd,affinity_rank_group,intermediate,128,0.1377362356646493,0.0312121249255808,0.1065241107390685
D0,0,m015_balanced_random_group,e0af73e8f613a1ebdf93671723d799f6c478b0888f37d40a4251e5bfa3441ce6,balanced_random_group,intermediate,256,0.2534116886469549,0.0646096628986467,0.1888020257483082
D0,0,m016_affinity_rank_group,cf78b05538711825e0795152b13c3d2c15b5cd16f89c1995f7b006d8bc57c6a2,affinity_rank_group,intermediate,256,0.2624182479613121,0.0645442942338056,0.1978739537275065
D0,0,m017_balanced_random_group,624eb3be9bfd0f1a3005c27c92924e9e5a273a32f646217df21900a4492271ec,balanced_random_group,intermediate,512,0.4552061122259533,0.1375988652552378,0.3176072469707155
D0,0,m018_affinity_rank_group,24a6acb87a7364b0b1cbbe6fecc84df53e5243c78a06a6c6c4e7354b3e359435,affinity_rank_group,intermediate,512,0.4631664067088783,0.1373943518458694,0.3257720548630088
D0,0,m019_contiguous_substring,16cfd655e57fba08a658c1d50e1fe5976b2f905eee09ec260833cfb2b49d6f38,contiguous_substring,intermediate,4,0.0041946471843824,0.000711904799698,0.0034827423846843
D0,0,m020_contiguous_substring,6fb076d21f3b26febc2e6a328628b3ea581ce0709de4263bbe675d61bdb74942,contiguous_substring,intermediate,4,0.0029166894147384,0.0007223124292974,0.0021943769854409
D0,0,m021_contiguous_substring,3ac98b3bd2edbbfc3b4339ca0066047ccba8e1cfa0ce798acbd27bab5b87d8af,contiguous_substring,intermediate,4,0.0025646023667038,0.0007478068516956,0.0018167955150082
D0,0,m022_contiguous_substring,fc015e86e4e7f2c734c05fb1135856a6186a7b6e6f3079acc6d6c6e4aa7442e4,contiguous_substring,intermediate,4,0.0023647744699425,0.0007264259873804,0.001638348482562
D0,0,m023_contiguous_substring,6d8bb74bcdeefe62988bcebfe3cdb7110ea14648c3393721f4a4095032ddf61b,contiguous_substring,intermediate,4,0.0024605524027097,0.0007153609632233,0.0017451914394864
D0,0,m024_contiguous_substring,94ab69bff5420fbcf4c18d7a247ef0e4b9577d1295271abf78a62f51c3b59a0f,contiguous_substring,intermediate,16,0.0154016057642769,0.0036066292105967,0.0117949765536802
D0,0,m025_contiguous_substring,ae330f3e6dd51f734f790820a896827f916e8d775c69ea1f205c55aa81507fe0,contiguous_substring,intermediate,16,0.0154057006831406,0.0036545030360698,0.0117511976470708
D0,0,m026_contiguous_substring,5d3c5ea59a3a81c2ffdcfc7029fe0ab078b39be0217f1ee2611101845014273b,contiguous_substring,intermediate,16,0.0142371577430503,0.0036674967708062,0.0105696609722441
D0,0,m027_contiguous_substring,6edfbfdb62fbf79744d4ecfb6fe43de95b2133d87a10f24061ecc84297b1c267,contiguous_substring,intermediate,16,0.0132534609607132,0.0036048927659842,0.009648568194729
D0,0,m028_contiguous_substring,6f9a04216ce84ed3a2ef19a2010723c498d866f2bb5d6eda67ea1bd16782bfd8,contiguous_substring,intermediate,64,0.0638254515529906,0.0152976215087743,0.0485278300442163
D0,0,m029_contiguous_substring,8d4ddfbfac0226f6a695d6b22ee21fbf533251852e95baca71b09f7710bfb22c,contiguous_substring,intermediate,64,0.0586307553748508,0.0154485978432686,0.0431821575315822
D0,0,m030_contiguous_substring,6ff19e1927dcafbb441ab0b4a0a61b92d1295d402f3277307a3f5b9d7850b98a,contiguous_substring,intermediate,64,0.0630207289248614,0.0154032755027482,0.0476174534221131
D0,0,m031_contiguous_substring,c824c782df91faee7515c9d811fab43ed5426465074d2e812a5277507d28ae96,contiguous_substring,intermediate,256,0.2487873660766485,0.0644284368326098,0.1843589292440386
D0,0,m032_contiguous_substring,ef835eb9c371f618c6958654a7d25a1df1d12c09a53ecf66f9209fb882a8542d,contiguous_substring,intermediate,256,0.2449000811231472,0.0646319761702527,0.1802681049528944
D0,0,m033_identity,2f88e9ce00d238e7e011a7b140b413dcad818f1da41a721f914f1af604d0e217,identity,identity,1024,0.7499773003440944,0.2772271781638091,0.4727501221802853
D0,1,m000_constant,9f1dcbc35c350d6027f98be0f5c8b43b42ca52b7604459c0c42be3aa88913d47,constant,constant,1,8.008566259537293e-17,8.008566259537294e-17,-2.465190328815662e-32
D0,1,m001_balanced_random_group,f9a61013dcfd5168cfac382b0103ebc61175babf90ead3fb241727582f7ebff8,balanced_random_group,intermediate,2,0.0004400842737783,0.0002505866596842,0.0001894976140941
D0,1,m002_affinity_rank_group,3f53151fb2f814971fd6c0128c5c0b7afe1b5cb5257e46a1db18b8ebc9946d94,affinity_rank_group,intermediate,2,0.0006203567066919,0.0002418443059699,0.000378512400722
D0,1,m003_balanced_random_group,c3045d2c1c1e20ffe9a4bb2a2e96a1861dba82bdee39680a0c34776015233f77,balanced_random_group,intermediate,4,0.0016801391713612,0.000708957402854,0.0009711817685071
D0,1,m004_affinity_rank_group,92e56b0f11cdce879476507882d715f1eecc12de134fc3982530e28ffd4eba29,affinity_rank_group,intermediate,4,0.0033021953135944,0.0007147962148715,0.0025873990987229
D0,1,m005_balanced_random_group,04a74209e8dcd69b7ec938b6492b48b960e41d4a73c85f733213da8532e73d49,balanced_random_group,intermediate,8,0.0071911947130638,0.0017191857198248,0.0054720089932389
D0,1,m006_affinity_rank_group,0a19adabdd017fc722384804e89caf4ecf35837689486f63c24094087da5c2ba,affinity_rank_group,intermediate,8,0.0065810275503966,0.0017043869402014,0.0048766406101952
D0,1,m007_balanced_random_group,848d2d075b0b38086c555c9d0d8524dccec4f14f30d66b4673f732303caf3b02,balanced_random_group,intermediate,16,0.0172471537329121,0.0036427721781679,0.0136043815547442
D0,1,m008_affinity_rank_group,d176c8d0ee881709b5af7061b49578d8041bef9dde73ceb9e47e4dd86f7ee987,affinity_rank_group,intermediate,16,0.0164852107558257,0.0036457384440756,0.0128394723117501
D0,1,m009_balanced_random_group,8471d3b7d2a757d28b10f6d16b93b4054dd06f1fdee394c0a09cb0b6aab741ce,balanced_random_group,intermediate,32,0.0358846750144029,0.0074792728627509,0.028405402151652
D0,1,m010_affinity_rank_group,a08bb91ec0e66d0b3afe5332032fd3fb6769016bc04c2710b5e01a8e599df454,affinity_rank_group,intermediate,32,0.0357802759160578,0.0075710332253327,0.0282092426907251
D0,1,m011_balanced_random_group,4f9b5634a7d1bdacc1d585643a286967dc0947786f9e18f05c5d84fe662c78d7,balanced_random_group,intermediate,64,0.0650265327487588,0.0153366815216414,0.0496898512271173
D0,1,m012_affinity_rank_group,6ac4e014d135d7a7fbd4592fdf320f48570dc4bce5e1a5c2ca6054715b80f98a,affinity_rank_group,intermediate,64,0.0672275680633626,0.0153985994105819,0.0518289686527806
D0,1,m013_balanced_random_group,8c867de60c19d7bde11f4cc8d3068f7701c8f347c9f932320be77db3baf097e5,balanced_random_group,intermediate,128,0.1306224096879142,0.0311456225835385,0.0994767871043757
D0,1,m014_affinity_rank_group,4c0d0a036a5c51abb14f88b143c35a9a2e7cecb590d4d0752b078fe3b59a18dd,affinity_rank_group,intermediate,128,0.1332424876849973,0.0312633138547677,0.1019791738302295
D0,1,m015_balanced_random_group,e0af73e8f613a1ebdf93671723d799f6c478b0888f37d40a4251e5bfa3441ce6,balanced_random_group,intermediate,256,0.2399605481746448,0.0645171525018787,0.1754433956727661
D0,1,m016_affinity_rank_group,cf78b05538711825e0795152b13c3d2c15b5cd16f89c1995f7b006d8bc57c6a2,affinity_rank_group,intermediate,256,0.2545972478531333,0.0646464937674881,0.1899507540856451
D0,1,m017_balanced_random_group,624eb3be9bfd0f1a3005c27c92924e9e5a273a32f646217df21900a4492271ec,balanced_random_group,intermediate,512,0.4397586060944295,0.1372771253558032,0.3024814807386263
D0,1,m018_affinity_rank_group,24a6acb87a7364b0b1cbbe6fecc84df53e5243c78a06a6c6c4e7354b3e359435,affinity_rank_group,intermediate,512,0.4585565528553867,0.1375708892344631,0.3209856636209235
D0,1,m019_contiguous_substring,16cfd655e57fba08a658c1d50e1fe5976b2f905eee09ec260833cfb2b49d6f38,contiguous_substring,intermediate,4,0.0047065532476379,0.0007262620356424,0.0039802912119955
D0,1,m020_contiguous_substring,6fb076d21f3b26febc2e6a328628b3ea581ce0709de4263bbe675d61bdb74942,contiguous_substring,intermediate,4,0.0028605460645073,0.0007326736053104,0.0021278724591969
D0,1,m021_contiguous_substring,3ac98b3bd2edbbfc3b4339ca0066047ccba8e1cfa0ce798acbd27bab5b87d8af,contiguous_substring,intermediate,4,0.0018807647133801,0.0007114523194623,0.0011693123939177
D0,1,m022_contiguous_substring,fc015e86e4e7f2c734c05fb1135856a6186a7b6e6f3079acc6d6c6e4aa7442e4,contiguous_substring,intermediate,4,0.0023771062767649,0.000729141850601,0.0016479644261638
D0,1,m023_contiguous_substring,6d8bb74bcdeefe62988bcebfe3cdb7110ea14648c3393721f4a4095032ddf61b,contiguous_substring,intermediate,4,0.0016971062812976,0.0007152856773559,0.0009818206039417
D0,1,m024_contiguous_substring,94ab69bff5420fbcf4c18d7a247ef0e4b9577d1295271abf78a62f51c3b59a0f,contiguous_substring,intermediate,16,0.0156684563288402,0.0036280240050248,0.0120404323238153
D0,1,m025_contiguous_substring,ae330f3e6dd51f734f790820a896827f916e8d775c69ea1f205c55aa81507fe0,contiguous_substring,intermediate,16,0.0167378855946419,0.0036356088969369,0.0131022766977049
D0,1,m026_contiguous_substring,5d3c5ea59a3a81c2ffdcfc7029fe0ab078b39be0217f1ee2611101845014273b,contiguous_substring,intermediate,16,0.0137307573936205,0.003621149303831,0.0101096080897895
D0,1,m027_contiguous_substring,6edfbfdb62fbf79744d4ecfb6fe43de95b2133d87a10f24061ecc84297b1c267,contiguous_substring,intermediate,16,0.0110521723591218,0.0035956984318234,0.0074564739272984
D0,1,m028_contiguous_substring,6f9a04216ce84ed3a2ef19a2010723c498d866f2bb5d6eda67ea1bd16782bfd8,contiguous_substring,intermediate,64,0.0656713771886209,0.0153413519629441,0.0503300252256767
D0,1,m029_contiguous_substring,8d4ddfbfac0226f6a695d6b22ee21fbf533251852e95baca71b09f7710bfb22c,contiguous_substring,intermediate,64,0.0613307968910432,0.0153520662057488,0.0459787306852943
D0,1,m030_contiguous_substring,6ff19e1927dcafbb441ab0b4a0a61b92d1295d402f3277307a3f5b9d7850b98a,contiguous_substring,intermediate,64,0.0553619190073984,0.0152817783046155,0.0400801407027828
D0,1,m031_contiguous_substring,c824c782df91faee7515c9d811fab43ed5426465074d2e812a5277507d28ae96,contiguous_substring,intermediate,256,0.2477108729539214,0.0645302141075392,0.1831806588463822
D0,1,m032_contiguous_substring,ef835eb9c371f618c6958654a7d25a1df1d12c09a53ecf66f9209fb882a8542d,contiguous_substring,intermediate,256,0.2341959226716815,0.0645218446935159,0.1696740779781655
D0,1,m033_identity,2f88e9ce00d238e7e011a7b140b413dcad818f1da41a721f914f1af604d0e217,identity,identity,1024,0.7414491950415988,0.2783301739930575,0.4631190210485412
D0,2,m000_constant,9f1dcbc35c350d6027f98be0f5c8b43b42ca52b7604459c0c42be3aa88913d47,constant,constant,1,0.0,0.0,0.0
D0,2,m001_balanced_random_group,f9a61013dcfd5168cfac382b0103ebc61175babf90ead3fb241727582f7ebff8,balanced_random_group,intermediate,2,0.0011844162432788,0.0002411745628129,0.0009432416804658
D0,2,m002_affinity_rank_group,3f53151fb2f814971fd6c0128c5c0b7afe1b5cb5257e46a1db18b8ebc9946d94,affinity_rank_group,intermediate,2,0.0010040754074681,0.0002537697758369,0.0007503056316311
D0,2,m003_balanced_random_group,c3045d2c1c1e20ffe9a4bb2a2e96a1861dba82bdee39680a0c34776015233f77,balanced_random_group,intermediate,4,0.0033667338250583,0.0007296617479742,0.0026370720770841
D0,2,m004_affinity_rank_group,92e56b0f11cdce879476507882d715f1eecc12de134fc3982530e28ffd4eba29,affinity_rank_group,intermediate,4,0.0031615125762212,0.0007225576765026,0.0024389548997185
D0,2,m005_balanced_random_group,04a74209e8dcd69b7ec938b6492b48b960e41d4a73c85f733213da8532e73d49,balanced_random_group,intermediate,8,0.0076379878675405,0.0016996792677004,0.00593830859984
D0,2,m006_affinity_rank_group,0a19adabdd017fc722384804e89caf4ecf35837689486f63c24094087da5c2ba,affinity_rank_group,intermediate,8,0.0072715150284282,0.0016861571094588,0.0055853579189693
D0,2,m007_balanced_random_group,848d2d075b0b38086c555c9d0d8524dccec4f14f30d66b4673f732303caf3b02,balanced_random_group,intermediate,16,0.0175013441520887,0.0036166469309474,0.0138846972211413
D0,2,m008_affinity_rank_group,d176c8d0ee881709b5af7061b49578d8041bef9dde73ceb9e47e4dd86f7ee987,affinity_rank_group,intermediate,16,0.0165018284311982,0.0036013190328127,0.0129005093983854
D0,2,m009_balanced_random_group,8471d3b7d2a757d28b10f6d16b93b4054dd06f1fdee394c0a09cb0b6aab741ce,balanced_random_group,intermediate,32,0.0358032366735941,0.0074610111896504,0.0283422254839437
D0,2,m010_affinity_rank_group,a08bb91ec0e66d0b3afe5332032fd3fb6769016bc04c2710b5e01a8e599df454,affinity_rank_group,intermediate,32,0.0356611779775314,0.0075127884766668,0.0281483895008645
D0,2,m011_balanced_random_group,4f9b5634a7d1bdacc1d585643a286967dc0947786f9e18f05c5d84fe662c78d7,balanced_random_group,intermediate,64,0.0753166316203215,0.0153161276293373,0.0600005039909841
D0,2,m012_affinity_rank_group,6ac4e014d135d7a7fbd4592fdf320f48570dc4bce5e1a5c2ca6054715b80f98a,affinity_rank_group,intermediate,64,0.0699838144303552,0.0153600143987437,0.0546238000316115
D0,2,m013_balanced_random_group,8c867de60c19d7bde11f4cc8d3068f7701c8f347c9f932320be77db3baf097e5,balanced_random_group,intermediate,128,0.1354660197384498,0.0311993136810418,0.1042667060574079
D0,2,m014_affinity_rank_group,4c0d0a036a5c51abb14f88b143c35a9a2e7cecb590d4d0752b078fe3b59a18dd,affinity_rank_group,intermediate,128,0.1322364685277827,0.0311438946056024,0.1010925739221803
D0,2,m015_balanced_random_group,e0af73e8f613a1ebdf93671723d799f6c478b0888f37d40a4251e5bfa3441ce6,balanced_random_group,intermediate,256,0.237975089363901,0.0645183135319608,0.1734567758319402
D0,2,m016_affinity_rank_group,cf78b05538711825e0795152b13c3d2c15b5cd16f89c1995f7b006d8bc57c6a2,affinity_rank_group,intermediate,256,0.2577830434396196,0.0644201816837024,0.1933628617559172
D0,2,m017_balanced_random_group,624eb3be9bfd0f1a3005c27c92924e9e5a273a32f646217df21900a4492271ec,balanced_random_group,intermediate,512,0.4401059942359656,0.1371188804132178,0.3029871138227478
D0,2,m018_affinity_rank_group,24a6acb87a7364b0b1cbbe6fecc84df53e5243c78a06a6c6c4e7354b3e359435,affinity_rank_group,intermediate,512,0.4548143987875815,0.1374296672827476,0.3173847315048339
D0,2,m019_contiguous_substring,16cfd655e57fba08a658c1d50e1fe5976b2f905eee09ec260833cfb2b49d6f38,contiguous_substring,intermediate,4,0.0046196240156789,0.0007394996285796,0.0038801243870992
D0,2,m020_contiguous_substring,6fb076d21f3b26febc2e6a328628b3ea581ce0709de4263bbe675d61bdb74942,contiguous_substring,intermediate,4,0.0023433746808724,0.0007246783710672,0.0016186963098051
D0,2,m021_contiguous_substring,3ac98b3bd2edbbfc3b4339ca0066047ccba8e1cfa0ce798acbd27bab5b87d8af,contiguous_substring,intermediate,4,0.0029665097488703,0.0007299896271768,0.0022365201216934
D0,2,m022_contiguous_substring,fc015e86e4e7f2c734c05fb1135856a6186a7b6e6f3079acc6d6c6e4aa7442e4,contiguous_substring,intermediate,4,0.0025939748699254,0.000731880778714,0.0018620940912113
D0,2,m023_contiguous_substring,6d8bb74bcdeefe62988bcebfe3cdb7110ea14648c3393721f4a4095032ddf61b,contiguous_substring,intermediate,4,0.0024643691502156,0.0007280342416138,0.0017363349086018
D0,2,m024_contiguous_substring,94ab69bff5420fbcf4c18d7a247ef0e4b9577d1295271abf78a62f51c3b59a0f,contiguous_substring,intermediate,16,0.0162550192804992,0.0036722849193739,0.0125827343611252
D0,2,m025_contiguous_substring,ae330f3e6dd51f734f790820a896827f916e8d775c69ea1f205c55aa81507fe0,contiguous_substring,intermediate,16,0.0196561438122134,0.0036459788193203,0.016010164992893
D0,2,m026_contiguous_substring,5d3c5ea59a3a81c2ffdcfc7029fe0ab078b39be0217f1ee2611101845014273b,contiguous_substring,intermediate,16,0.0153043673014357,0.0036316653298976,0.011672701971538
D0,2,m027_contiguous_substring,6edfbfdb62fbf79744d4ecfb6fe43de95b2133d87a10f24061ecc84297b1c267,contiguous_substring,intermediate,16,0.013085169899424,0.0036439780563465,0.0094411918430775
D0,2,m028_contiguous_substring,6f9a04216ce84ed3a2ef19a2010723c498d866f2bb5d6eda67ea1bd16782bfd8,contiguous_substring,intermediate,64,0.0724178888657824,0.0154295953637002,0.0569882935020821
D0,2,m029_contiguous_substring,8d4ddfbfac0226f6a695d6b22ee21fbf533251852e95baca71b09f7710bfb22c,contiguous_substring,intermediate,64,0.0629722971015039,0.0154015012054093,0.0475707958960945
D0,2,m030_contiguous_substring,6ff19e1927dcafbb441ab0b4a0a61b92d1295d402f3277307a3f5b9d7850b98a,contiguous_substring,intermediate,64,0.0619018917333312,0.0153406622795406,0.0465612294537906
D0,2,m031_contiguous_substring,c824c782df91faee7515c9d811fab43ed5426465074d2e812a5277507d28ae96,contiguous_substring,intermediate,256,0.247264989775349,0.0646688461538437,0.1825961436215052
D0,2,m032_contiguous_substring,ef835eb9c371f618c6958654a7d25a1df1d12c09a53ecf66f9209fb882a8542d,contiguous_substring,intermediate,256,0.2418217429308869,0.0644773743591316,0.1773443685717553
D0,2,m033_identity,2f88e9ce00d238e7e011a7b140b413dcad818f1da41a721f914f1af604d0e217,identity,identity,1024,0.7529626047999642,0.2808340953552546,0.4721285094447096
D0,3,m000_constant,9f1dcbc35c350d6027f98be0f5c8b43b42ca52b7604459c0c42be3aa88913d47,constant,constant,1,0.0,0.0,0.0
D0,3,m001_balanced_random_group,f9a61013dcfd5168cfac382b0103ebc61175babf90ead3fb241727582f7ebff8,balanced_random_group,intermediate,2,0.0012353340223313,0.0002573722882496,0.0009779617340816
D0,3,m002_affinity_rank_group,3f53151fb2f814971fd6c0128c5c0b7afe1b5cb5257e46a1db18b8ebc9946d94,affinity_rank_group,intermediate,2,0.0008533699249894,0.0002389257339612,0.0006144441910281
D0,3,m003_balanced_random_group,c3045d2c1c1e20ffe9a4bb2a2e96a1861dba82bdee39680a0c34776015233f77,balanced_random_group,intermediate,4,0.0025418799206551,0.0007253226588963,0.0018165572617587
D0,3,m004_affinity_rank_group,92e56b0f11cdce879476507882d715f1eecc12de134fc3982530e28ffd4eba29,affinity_rank_group,intermediate,4,0.0031622004867788,0.0007244514989979,0.0024377489877808
D0,3,m005_balanced_random_group,04a74209e8dcd69b7ec938b6492b48b960e41d4a73c85f733213da8532e73d49,balanced_random_group,intermediate,8,0.0084157754653723,0.001667922320266,0.0067478531451062
D0,3,m006_affinity_rank_group,0a19adabdd017fc722384804e89caf4ecf35837689486f63c24094087da5c2ba,affinity_rank_group,intermediate,8,0.006560111757527,0.0016700865634292,0.0048900251940977
D0,3,m007_balanced_random_group,848d2d075b0b38086c555c9d0d8524dccec4f14f30d66b4673f732303caf3b02,balanced_random_group,intermediate,16,0.0152535054174845,0.0035924246103199,0.0116610808071645
D0,3,m008_affinity_rank_group,d176c8d0ee881709b5af7061b49578d8041bef9dde73ceb9e47e4dd86f7ee987,affinity_rank_group,intermediate,16,0.0145003016046715,0.0036274626811725,0.0108728389234989
D0,3,m009_balanced_random_group,8471d3b7d2a757d28b10f6d16b93b4054dd06f1fdee394c0a09cb0b6aab741ce,balanced_random_group,intermediate,32,0.0368972488001444,0.0074930315127965,0.0294042172873479
D0,3,m010_affinity_rank_group,a08bb91ec0e66d0b3afe5332032fd3fb6769016bc04c2710b5e01a8e599df454,affinity_rank_group,intermediate,32,0.033037432872332,0.007498202157679,0.0255392307146529
D0,3,m011_balanced_random_group,4f9b5634a7d1bdacc1d585643a286967dc0947786f9e18f05c5d84fe662c78d7,balanced_random_group,intermediate,64,0.0681117788592004,0.0152777728261579,0.0528340060330424
D0,3,m012_affinity_rank_group,6ac4e014d135d7a7fbd4592fdf320f48570dc4bce5e1a5c2ca6054715b80f98a,affinity_rank_group,intermediate,64,0.0662080613334662,0.0153059318701231,0.0509021294633431
D0,3,m013_balanced_random_group,8c867de60c19d7bde11f4cc8d3068f7701c8f347c9f932320be77db3baf097e5,balanced_random_group,intermediate,128,0.1296748944177808,0.0312060716309245,0.0984688227868563
D0,3,m014_affinity_rank_group,4c0d0a036a5c51abb14f88b143c35a9a2e7cecb590d4d0752b078fe3b59a18dd,affinity_rank_group,intermediate,128,0.1320467829125246,0.0312144608396764,0.1008323220728482
D0,3,m015_balanced_random_group,e0af73e8f613a1ebdf93671723d799f6c478b0888f37d40a4251e5bfa3441ce6,balanced_random_group,intermediate,256,0.2455804589459449,0.0645845301637229,0.1809959287822219
D0,3,m016_affinity_rank_group,cf78b05538711825e0795152b13c3d2c15b5cd16f89c1995f7b006d8bc57c6a2,affinity_rank_group,intermediate,256,0.2597219791750084,0.064340040066934,0.1953819391080744
D0,3,m017_balanced_random_group,624eb3be9bfd0f1a3005c27c92924e9e5a273a32f646217df21900a4492271ec,balanced_random_group,intermediate,512,0.4458939470197036,0.1369794714002528,0.3089144756194508
D0,3,m018_affinity_rank_group,24a6acb87a7364b0b1cbbe6fecc84df53e5243c78a06a6c6c4e7354b3e359435,affinity_rank_group,intermediate,512,0.4628891065443704,0.1369918465237946,0.3258972600205757
D0,3,m019_contiguous_substring,16cfd655e57fba08a658c1d50e1fe5976b2f905eee09ec260833cfb2b49d6f38,contiguous_substring,intermediate,4,0.003957721354827,0.0007423972791728,0.0032153240756541
D0,3,m020_contiguous_substring,6fb076d21f3b26febc2e6a328628b3ea581ce0709de4263bbe675d61bdb74942,contiguous_substring,intermediate,4,0.0031471114805952,0.0007359903034048,0.0024111211771904
D0,3,m021_contiguous_substring,3ac98b3bd2edbbfc3b4339ca0066047ccba8e1cfa0ce798acbd27bab5b87d8af,contiguous_substring,intermediate,4,0.0017398653876828,0.0007257166555406,0.0010141487321422
D0,3,m022_contiguous_substring,fc015e86e4e7f2c734c05fb1135856a6186a7b6e6f3079acc6d6c6e4aa7442e4,contiguous_substring,intermediate,4,0.001982985021551,0.0007193387206701,0.0012636463008809
D0,3,m023_contiguous_substring,6d8bb74bcdeefe62988bcebfe3cdb7110ea14648c3393721f4a4095032ddf61b,contiguous_substring,intermediate,4,0.0019064528122848,0.0007412056509212,0.0011652471613636
D0,3,m024_contiguous_substring,94ab69bff5420fbcf4c18d7a247ef0e4b9577d1295271abf78a62f51c3b59a0f,contiguous_substring,intermediate,16,0.0156128360376096,0.0036534136189395,0.01195942241867
D0,3,m025_contiguous_substring,ae330f3e6dd51f734f790820a896827f916e8d775c69ea1f205c55aa81507fe0,contiguous_substring,intermediate,16,0.013956089861931,0.003643992972651,0.01031209688928
D0,3,m026_contiguous_substring,5d3c5ea59a3a81c2ffdcfc7029fe0ab078b39be0217f1ee2611101845014273b,contiguous_substring,intermediate,16,0.0108641160138059,0.0036670574214705,0.0071970585923354
D0,3,m027_contiguous_substring,6edfbfdb62fbf79744d4ecfb6fe43de95b2133d87a10f24061ecc84297b1c267,contiguous_substring,intermediate,16,0.010246548668359,0.0036252232225911,0.0066213254457679
D0,3,m028_contiguous_substring,6f9a04216ce84ed3a2ef19a2010723c498d866f2bb5d6eda67ea1bd16782bfd8,contiguous_substring,intermediate,64,0.0612969055450766,0.0154024214552649,0.0458944840898117
D0,3,m029_contiguous_substring,8d4ddfbfac0226f6a695d6b22ee21fbf533251852e95baca71b09f7710bfb22c,contiguous_substring,intermediate,64,0.0560313619414869,0.0153875682532651,0.0406437936882218
D0,3,m030_contiguous_substring,6ff19e1927dcafbb441ab0b4a0a61b92d1295d402f3277307a3f5b9d7850b98a,contiguous_substring,intermediate,64,0.053296487244972,0.0153717607187286,0.0379247265262434
D0,3,m031_contiguous_substring,c824c782df91faee7515c9d811fab43ed5426465074d2e812a5277507d28ae96,contiguous_substring,intermediate,256,0.2414621061913396,0.064607270432621,0.1768548357587185
D0,3,m032_contiguous_substring,ef835eb9c371f618c6958654a7d25a1df1d12c09a53ecf66f9209fb882a8542d,contiguous_substring,intermediate,256,0.2348563560674803,0.0644581760459323,0.1703981800215479
D0,3,m033_identity,2f88e9ce00d238e7e011a7b140b413dcad818f1da41a721f914f1af604d0e217,identity,identity,1024,0.7497083201322936,0.2764997666079818,0.4732085535243117
D0,4,m000_constant,9f1dcbc35c350d6027f98be0f5c8b43b42ca52b7604459c0c42be3aa88913d47,constant,constant,1,8.008566259537292e-17,8.008566259537293e-17,-1.232595164407831e-32
D0,4,m001_balanced_random_group,f9a61013dcfd5168cfac382b0103ebc61175babf90ead3fb241727582f7ebff8,balanced_random_group,intermediate,2,0.0010335916492339,0.0002348395250475,0.0007987521241863
D0,4,m002_affinity_rank_group,3f53151fb2f814971fd6c0128c5c0b7afe1b5cb5257e46a1db18b8ebc9946d94,affinity_rank_group,intermediate,2,0.0007520413521313,0.0002446879092338,0.0005073534428975
D0,4,m003_balanced_random_group,c3045d2c1c1e20ffe9a4bb2a2e96a1861dba82bdee39680a0c34776015233f77,balanced_random_group,intermediate,4,0.0020113224403709,0.0007320264732984,0.0012792959670725
D0,4,m004_affinity_rank_group,92e56b0f11cdce879476507882d715f1eecc12de134fc3982530e28ffd4eba29,affinity_rank_group,intermediate,4,0.0028752003916173,0.000740612346124,0.0021345880454933
D0,4,m005_balanced_random_group,04a74209e8dcd69b7ec938b6492b48b960e41d4a73c85f733213da8532e73d49,balanced_random_group,intermediate,8,0.0083853609958577,0.0016891550996364,0.0066962058962212
D0,4,m006_affinity_rank_group,0a19adabdd017fc722384804e89caf4ecf35837689486f63c24094087da5c2ba,affinity_rank_group,intermediate,8,0.0072615204244239,0.0017218985034871,0.0055396219209368
D0,4,m007_balanced_random_group,848d2d075b0b38086c555c9d0d8524dccec4f14f30d66b4673f732303caf3b02,balanced_random_group,intermediate,16,0.0171226062491771,0.0036151951214944,0.0135074111276827
D0,4,m008_affinity_rank_group,d176c8d0ee881709b5af7061b49578d8041bef9dde73ceb9e47e4dd86f7ee987,affinity_rank_group,intermediate,16,0.0158154222054326,0.0036667309787214,0.0121486912267112
D0,4,m009_balanced_random_group,8471d3b7d2a757d28b10f6d16b93b4054dd06f1fdee394c0a09cb0b6aab741ce,balanced_random_group,intermediate,32,0.0408642884951588,0.0075369194083732,0.0333273690867855
D0,4,m010_affinity_rank_group,a08bb91ec0e66d0b3afe5332032fd3fb6769016bc04c2710b5e01a8e599df454,affinity_rank_group,intermediate,32,0.0359053969565283,0.007528326932938,0.0283770700235902
D0,4,m011_balanced_random_group,4f9b5634a7d1bdacc1d585643a286967dc0947786f9e18f05c5d84fe662c78d7,balanced_random_group,intermediate,64,0.0731190001924231,0.0153525218556814,0.0577664783367417
D0,4,m012_affinity_rank_group,6ac4e014d135d7a7fbd4592fdf320f48570dc4bce5e1a5c2ca6054715b80f98a,affinity_rank_group,intermediate,64,0.0710898012786857,0.0153630721997951,0.0557267290788906
D0,4,m013_balanced_random_group,8c867de60c19d7bde11f4cc8d3068f7701c8f347c9f932320be77db3baf097e5,balanced_random_group,intermediate,128,0.1406468238371185,0.0311681010876084,0.10947872274951
D0,4,m014_affinity_rank_group,4c0d0a036a5c51abb14f88b143c35a9a2e7cecb590d4d0752b078fe3b59a18dd,affinity_rank_group,intermediate,128,0.1415368138615268,0.0311877382196381,0.1103490756418887
D0,4,m015_balanced_random_group,e0af73e8f613a1ebdf93671723d799f6c478b0888f37d40a4251e5bfa3441ce6,balanced_random_group,intermediate,256,0.2511478456280373,0.0645302423456049,0.1866176032824323
D0,4,m016_affinity_rank_group,cf78b05538711825e0795152b13c3d2c15b5cd16f89c1995f7b006d8bc57c6a2,affinity_rank_group,intermediate,256,0.2708215331117765,0.0643726769344311,0.2064488561773454
D0,4,m017_balanced_random_group,624eb3be9bfd0f1a3005c27c92924e9e5a273a32f646217df21900a4492271ec,balanced_random_group,intermediate,512,0.4559430007835432,0.1373183263642045,0.3186246744193387
D0,4,m018_affinity_rank_group,24a6acb87a7364b0b1cbbe6fecc84df53e5243c78a06a6c6c4e7354b3e359435,affinity_rank_group,intermediate,512,0.4708046050992179,0.1371058265145453,0.3336987785846725
D0,4,m019_contiguous_substring,16cfd655e57fba08a658c1d50e1fe5976b2f905eee09ec260833cfb2b49d6f38,contiguous_substring,intermediate,4,0.0036580670579147,0.0007449654766357,0.002913101581279
D0,4,m020_contiguous_substring,6fb076d21f3b26febc2e6a328628b3ea581ce0709de4263bbe675d61bdb74942,contiguous_substring,intermediate,4,0.0024837061135481,0.0007186990672125,0.0017650070463356
D0,4,m021_contiguous_substring,3ac98b3bd2edbbfc3b4339ca0066047ccba8e1cfa0ce798acbd27bab5b87d8af,contiguous_substring,intermediate,4,0.0013726182582076,0.0007356837047155,0.000636934553492
D0,4,m022_contiguous_substring,fc015e86e4e7f2c734c05fb1135856a6186a7b6e6f3079acc6d6c6e4aa7442e4,contiguous_substring,intermediate,4,0.0027560061517812,0.0007207863765727,0.0020352197752085
D0,4,m023_contiguous_substring,6d8bb74bcdeefe62988bcebfe3cdb7110ea14648c3393721f4a4095032ddf61b,contiguous_substring,intermediate,4,0.0022922929525152,0.0007255101078995,0.0015667828446157
D0,4,m024_contiguous_substring,94ab69bff5420fbcf4c18d7a247ef0e4b9577d1295271abf78a62f51c3b59a0f,contiguous_substring,intermediate,16,0.0162182129223244,0.0036208748019951,0.0125973381203293
D0,4,m025_contiguous_substring,ae330f3e6dd51f734f790820a896827f916e8d775c69ea1f205c55aa81507fe0,contiguous_substring,intermediate,16,0.0160439084932704,0.0036291423537924,0.0124147661394779
D0,4,m026_contiguous_substring,5d3c5ea59a3a81c2ffdcfc7029fe0ab078b39be0217f1ee2611101845014273b,contiguous_substring,intermediate,16,0.011814231761899,0.0036352663465948,0.0081789654153042
D0,4,m027_contiguous_substring,6edfbfdb62fbf79744d4ecfb6fe43de95b2133d87a10f24061ecc84297b1c267,contiguous_substring,intermediate,16,0.0140680865390796,0.0036018235146647,0.0104662630244148
D0,4,m028_contiguous_substring,6f9a04216ce84ed3a2ef19a2010723c498d866f2bb5d6eda67ea1bd16782bfd8,contiguous_substring,intermediate,64,0.0610988549972252,0.0153494546553086,0.0457494003419166
D0,4,m029_contiguous_substring,8d4ddfbfac0226f6a695d6b22ee21fbf533251852e95baca71b09f7710bfb22c,contiguous_substring,intermediate,64,0.0599368781557559,0.0153237832792089,0.044613094876547
D0,4,m030_contiguous_substring,6ff19e1927dcafbb441ab0b4a0a61b92d1295d402f3277307a3f5b9d7850b98a,contiguous_substring,intermediate,64,0.0584071824802403,0.0152358954805003,0.0431712869997399
D0,4,m031_contiguous_substring,c824c782df91faee7515c9d811fab43ed5426465074d2e812a5277507d28ae96,contiguous_substring,intermediate,256,0.2510170470863405,0.0644525485971737,0.1865644984891668
D0,4,m032_contiguous_substring,ef835eb9c371f618c6958654a7d25a1df1d12c09a53ecf66f9209fb882a8542d,contiguous_substring,intermediate,256,0.2413979001660416,0.0644249387478676,0.176972961418174
D0,4,m033_identity,2f88e9ce00d238e7e011a7b140b413dcad818f1da41a721f914f1af604d0e217,identity,identity,1024,0.7511639721075245,0.278652904706428,0.4725110674010964
D0,5,m000_constant,9f1dcbc35c350d6027f98be0f5c8b43b42ca52b7604459c0c42be3aa88913d47,constant,constant,1,8.008566259537293e-17,8.008566259537294e-17,-2.465190328815662e-32
D0,5,m001_balanced_random_group,f9a61013dcfd5168cfac382b0103ebc61175babf90ead3fb241727582f7ebff8,balanced_random_group,intermediate,2,0.0008318487123578,0.0002521437867257,0.000579704925632
D0,5,m002_affinity_rank_group,3f53151fb2f814971fd6c0128c5c0b7afe1b5cb5257e46a1db18b8ebc9946d94,affinity_rank_group,intermediate,2,0.0007345270817594,0.000256432281799,0.0004780947999604
D0,5,m003_balanced_random_group,c3045d2c1c1e20ffe9a4bb2a2e96a1861dba82bdee39680a0c34776015233f77,balanced_random_group,intermediate,4,0.0017884711656621,0.0007110608894597,0.0010774102762024
D0,5,m004_affinity_rank_group,92e56b0f11cdce879476507882d715f1eecc12de134fc3982530e28ffd4eba29,affinity_rank_group,intermediate,4,0.0030342691809329,0.0007431998639735,0.0022910693169594
D0,5,m005_balanced_random_group,04a74209e8dcd69b7ec938b6492b48b960e41d4a73c85f733213da8532e73d49,balanced_random_group,intermediate,8,0.007736054874807,0.0016930859492337,0.0060429689255733
D0,5,m006_affinity_rank_group,0a19adabdd017fc722384804e89caf4ecf35837689486f63c24094087da5c2ba,affinity_rank_group,intermediate,8,0.0068708484566231,0.0017099349652794,0.0051609134913436
D0,5,m007_balanced_random_group,848d2d075b0b38086c555c9d0d8524dccec4f14f30d66b4673f732303caf3b02,balanced_random_group,intermediate,16,0.0196134331271887,0.0036007308913999,0.0160127022357887
D0,5,m008_affinity_rank_group,d176c8d0ee881709b5af7061b49578d8041bef9dde73ceb9e47e4dd86f7ee987,affinity_rank_group,intermediate,16,0.0168365911274898,0.0036462111238549,0.0131903800036348
D0,5,m009_balanced_random_group,8471d3b7d2a757d28b10f6d16b93b4054dd06f1fdee394c0a09cb0b6aab741ce,balanced_random_group,intermediate,32,0.0362251138181941,0.0074879078032481,0.0287372060149459
D0,5,m010_affinity_rank_group,a08bb91ec0e66d0b3afe5332032fd3fb6769016bc04c2710b5e01a8e599df454,affinity_rank_group,intermediate,32,0.0365278333007108,0.0075259239423034,0.0290019093584073
D0,5,m011_balanced_random_group,4f9b5634a7d1bdacc1d585643a286967dc0947786f9e18f05c5d84fe662c78d7,balanced_random_group,intermediate,64,0.0703155512253999,0.0154625982003601,0.0548529530250397
D0,5,m012_affinity_rank_group,6ac4e014d135d7a7fbd4592fdf320f48570dc4bce5e1a5c2ca6054715b80f98a,affinity_rank_group,intermediate,64,0.0714826956858543,0.0152922289560822,0.056190466729772
D0,5,m013_balanced_random_group,8c867de60c19d7bde11f4cc8d3068f7701c8f347c9f932320be77db3baf097e5,balanced_random_group,intermediate,128,0.1291800128556533,0.0312014598861553,0.097978552969498
D0,5,m014_affinity_rank_group,4c0d0a036a5c51abb14f88b143c35a9a2e7cecb590d4d0752b078fe3b59a18dd,affinity_rank_group,intermediate,128,0.1401863290324096,0.0312742606414261,0.1089120683909835
D0,5,m015_balanced_random_group,e0af73e8f613a1ebdf93671723d799f6c478b0888f37d40a4251e5bfa3441ce6,balanced_random_group,intermediate,256,0.246508590333968,0.0645393696048711,0.1819692207290968
D0,5,m016_affinity_rank_group,cf78b05538711825e0795152b13c3d2c15b5cd16f89c1995f7b006d8bc57c6a2,affinity_rank_group,intermediate,256,0.2607165993234398,0.0646068175683861,0.1961097817550537
D0,5,m017_balanced_random_group,624eb3be9bfd0f1a3005c27c92924e9e5a273a32f646217df21900a4492271ec,balanced_random_group,intermediate,512,0.4471365930110782,0.1374615273490231,0.3096750656620551
D0,5,m018_affinity_rank_group,24a6acb87a7364b0b1cbbe6fecc84df53e5243c78a06a6c6c4e7354b3e359435,affinity_rank_group,intermediate,512,0.4545028731784349,0.1371974389006837,0.3173054342777511
D0,5,m019_contiguous_substring,16cfd655e57fba08a658c1d50e1fe5976b2f905eee09ec260833cfb2b49d6f38,contiguous_substring,intermediate,4,0.0031516842514779,0.000726048256968,0.0024256359945099
D0,5,m020_contiguous_substring,6fb076d21f3b26febc2e6a328628b3ea581ce0709de4263bbe675d61bdb74942,contiguous_substring,intermediate,4,0.0041290036871993,0.0007102194629327,0.0034187842242666
D0,5,m021_contiguous_substring,3ac98b3bd2edbbfc3b4339ca0066047ccba8e1cfa0ce798acbd27bab5b87d8af,contiguous_substring,intermediate,4,0.0024802723746338,0.0007252229965779,0.0017550493780558
D0,5,m022_contiguous_substring,fc015e86e4e7f2c734c05fb1135856a6186a7b6e6f3079acc6d6c6e4aa7442e4,contiguous_substring,intermediate,4,0.0020835988802961,0.0007091520775618,0.0013744468027342
D0,5,m023_contiguous_substring,6d8bb74bcdeefe62988bcebfe3cdb7110ea14648c3393721f4a4095032ddf61b,contiguous_substring,intermediate,4,0.002894360790818,0.0007333067701404,0.0021610540206776
D0,5,m024_contiguous_substring,94ab69bff5420fbcf4c18d7a247ef0e4b9577d1295271abf78a62f51c3b59a0f,contiguous_substring,intermediate,16,0.0159071386749375,0.0036183307599106,0.0122888079150269
D0,5,m025_contiguous_substring,ae330f3e6dd51f734f790820a896827f916e8d775c69ea1f205c55aa81507fe0,contiguous_substring,intermediate,16,0.0174565580051458,0.0035786678054557,0.01387789019969
D0,5,m026_contiguous_substring,5d3c5ea59a3a81c2ffdcfc7029fe0ab078b39be0217f1ee2611101845014273b,contiguous_substring,intermediate,16,0.0145712500112293,0.0036223393520892,0.0109489106591401
D0,5,m027_contiguous_substring,6edfbfdb62fbf79744d4ecfb6fe43de95b2133d87a10f24061ecc84297b1c267,contiguous_substring,intermediate,16,0.0144095101097478,0.0035796791278989,0.0108298309818489
D0,5,m028_contiguous_substring,6f9a04216ce84ed3a2ef19a2010723c498d866f2bb5d6eda67ea1bd16782bfd8,contiguous_substring,intermediate,64,0.0716055278761889,0.0152595646533673,0.0563459632228215
D0,5,m029_contiguous_substring,8d4ddfbfac0226f6a695d6b22ee21fbf533251852e95baca71b09f7710bfb22c,contiguous_substring,intermediate,64,0.0644903357217914,0.0152191324098648,0.0492712033119265
D0,5,m030_contiguous_substring,6ff19e1927dcafbb441ab0b4a0a61b92d1295d402f3277307a3f5b9d7850b98a,contiguous_substring,intermediate,64,0.0616330501083302,0.0153042418471442,0.046328808261186
D0,5,m031_contiguous_substring,c824c782df91faee7515c9d811fab43ed5426465074d2e812a5277507d28ae96,contiguous_substring,intermediate,256,0.2528117142340969,0.0646304910740613,0.1881812231600355
D0,5,m032_contiguous_substring,ef835eb9c371f618c6958654a7d25a1df1d12c09a53ecf66f9209fb882a8542d,contiguous_substring,intermediate,256,0.2444226242085136,0.0646677691945559,0.1797548550139577
D0,5,m033_identity,2f88e9ce00d238e7e011a7b140b413dcad818f1da41a721f914f1af604d0e217,identity,identity,1024,0.734489894160474,0.2755949563114915,0.4588949378489825
D0,6,m000_constant,9f1dcbc35c350d6027f98be0f5c8b43b42ca52b7604459c0c42be3aa88913d47,constant,constant,1,8.008566259537293e-17,8.008566259537294e-17,-2.465190328815662e-32
D0,6,m001_balanced_random_group,f9a61013dcfd5168cfac382b0103ebc61175babf90ead3fb241727582f7ebff8,balanced_random_group,intermediate,2,0.0011862747946338,0.0002432098427719,0.0009430649518618
D0,6,m002_affinity_rank_group,3f53151fb2f814971fd6c0128c5c0b7afe1b5cb5257e46a1db18b8ebc9946d94,affinity_rank_group,intermediate,2,0.0006848528020873,0.0002388500600849,0.0004460027420024
D0,6,m003_balanced_random_group,c3045d2c1c1e20ffe9a4bb2a2e96a1861dba82bdee39680a0c34776015233f77,balanced_random_group,intermediate,4,0.0025978438963815,0.0007353392027903,0.0018625046935912
D0,6,m004_affinity_rank_group,92e56b0f11cdce879476507882d715f1eecc12de134fc3982530e28ffd4eba29,affinity_rank_group,intermediate,4,0.0030006302617559,0.0007440430042505,0.0022565872575054
D0,6,m005_balanced_random_group,04a74209e8dcd69b7ec938b6492b48b960e41d4a73c85f733213da8532e73d49,balanced_random_group,intermediate,8,0.0087801646672722,0.0016629001749122,0.0071172644923599
D0,6,m006_affinity_rank_group,0a19adabdd017fc722384804e89caf4ecf35837689486f63c24094087da5c2ba,affinity_rank_group,intermediate,8,0.0065840411549689,0.001697168226705,0.0048868729282639
D0,6,m007_balanced_random_group,848d2d075b0b38086c555c9d0d8524dccec4f14f30d66b4673f732303caf3b02,balanced_random_group,intermediate,16,0.0159762409910829,0.0036227037647115,0.0123535372263713
D0,6,m008_affinity_rank_group,d176c8d0ee881709b5af7061b49578d8041bef9dde73ceb9e47e4dd86f7ee987,affinity_rank_group,intermediate,16,0.0166103650551223,0.0036716981791119,0.0129386668760103
D0,6,m009_balanced_random_group,8471d3b7d2a757d28b10f6d16b93b4054dd06f1fdee394c0a09cb0b6aab741ce,balanced_random_group,intermediate,32,0.033764120870835,0.0075217899249265,0.0262423309459084
D0,6,m010_affinity_rank_group,a08bb91ec0e66d0b3afe5332032fd3fb6769016bc04c2710b5e01a8e599df454,affinity_rank_group,intermediate,32,0.0367733097638774,0.0075442387934702,0.0292290709704071
D0,6,m011_balanced_random_group,4f9b5634a7d1bdacc1d585643a286967dc0947786f9e18f05c5d84fe662c78d7,balanced_random_group,intermediate,64,0.0664023802286807,0.0153303468032991,0.0510720334253815
D0,6,m012_affinity_rank_group,6ac4e014d135d7a7fbd4592fdf320f48570dc4bce5e1a5c2ca6054715b80f98a,affinity_rank_group,intermediate,64,0.0693548949328634,0.0153621748289651,0.0539927201038982
D0,6,m013_balanced_random_group,8c867de60c19d7bde11f4cc8d3068f7701c8f347c9f932320be77db3baf097e5,balanced_random_group,intermediate,128,0.1309231853645137,0.0313168364887703,0.0996063488757434
D0,6,m014_affinity_rank_group,4c0d0a036a5c51abb14f88b143c35a9a2e7cecb590d4d0752b078fe3b59a18dd,affinity_rank_group,intermediate,128,0.1324852855795736,0.0312764800104364,0.1012088055691371
D0,6,m015_balanced_random_group,e0af73e8f613a1ebdf93671723d799f6c478b0888f37d40a4251e5bfa3441ce6,balanced_random_group,intermediate,256,0.2429168778451668,0.0646294947832508,0.1782873830619159
D0,6,m016_affinity_rank_group,cf78b05538711825e0795152b13c3d2c15b5cd16f89c1995f7b006d8bc57c6a2,affinity_rank_group,intermediate,256,0.2535125354722826,0.0645327028297926,0.1889798326424899
D0,6,m017_balanced_random_group,624eb3be9bfd0f1a3005c27c92924e9e5a273a32f646217df21900a4492271ec,balanced_random_group,intermediate,512,0.4354208444837662,0.1374617565755757,0.2979590879081905
D0,6,m018_affinity_rank_group,24a6acb87a7364b0b1cbbe6fecc84df53e5243c78a06a6c6c4e7354b3e359435,affinity_rank_group,intermediate,512,0.4520220458956009,0.1375368479446513,0.3144851979509496
D0,6,m019_contiguous_substring,16cfd655e57fba08a658c1d50e1fe5976b2f905eee09ec260833cfb2b49d6f38,contiguous_substring,intermediate,4,0.0042242310173365,0.0007352579106486,0.0034889731066879
D0,6,m020_contiguous_substring,6fb076d21f3b26febc2e6a328628b3ea581ce0709de4263bbe675d61bdb74942,contiguous_substring,intermediate,4,0.0015472844655187,0.0007168179024483,0.0008304665630703
D0,6,m021_contiguous_substring,3ac98b3bd2edbbfc3b4339ca0066047ccba8e1cfa0ce798acbd27bab5b87d8af,contiguous_substring,intermediate,4,0.0018919343285546,0.000716177757729,0.0011757565708255
D0,6,m022_contiguous_substring,fc015e86e4e7f2c734c05fb1135856a6186a7b6e6f3079acc6d6c6e4aa7442e4,contiguous_substring,intermediate,4,0.0021986325582495,0.0007199179489513,0.0014787146092982
D0,6,m023_contiguous_substring,6d8bb74bcdeefe62988bcebfe3cdb7110ea14648c3393721f4a4095032ddf61b,contiguous_substring,intermediate,4,0.0026521992926487,0.0007186430189874,0.0019335562736613
D0,6,m024_contiguous_substring,94ab69bff5420fbcf4c18d7a247ef0e4b9577d1295271abf78a62f51c3b59a0f,contiguous_substring,intermediate,16,0.0137576459336286,0.0036414308900949,0.0101162150435336
D0,6,m025_contiguous_substring,ae330f3e6dd51f734f790820a896827f916e8d775c69ea1f205c55aa81507fe0,contiguous_substring,intermediate,16,0.0136032762150093,0.003656914698292,0.0099463615167173
D0,6,m026_contiguous_substring,5d3c5ea59a3a81c2ffdcfc7029fe0ab078b39be0217f1ee2611101845014273b,contiguous_substring,intermediate,16,0.0123025978030589,0.00362603983879,0.0086765579642688
D0,6,m027_contiguous_substring,6edfbfdb62fbf79744d4ecfb6fe43de95b2133d87a10f24061ecc84297b1c267,contiguous_substring,intermediate,16,0.0118306142421472,0.003632919549006,0.0081976946931411
D0,6,m028_contiguous_substring,6f9a04216ce84ed3a2ef19a2010723c498d866f2bb5d6eda67ea1bd16782bfd8,contiguous_substring,intermediate,64,0.062375910236355,0.0153725417875966,0.0470033684487583
D0,6,m029_contiguous_substring,8d4ddfbfac0226f6a695d6b22ee21fbf533251852e95baca71b09f7710bfb22c,contiguous_substring,intermediate,64,0.0535823179663186,0.01529337987934,0.0382889380869786
D0,6,m030_contiguous_substring,6ff19e1927dcafbb441ab0b4a0a61b92d1295d402f3277307a3f5b9d7850b98a,contiguous_substring,intermediate,64,0.0562931319982916,0.0153387612434514,0.0409543707548401
D0,6,m031_contiguous_substring,c824c782df91faee7515c9d811fab43ed5426465074d2e812a5277507d28ae96,contiguous_substring,intermediate,256,0.2382768884109915,0.0645106506132767,0.1737662377977148
D0,6,m032_contiguous_substring,ef835eb9c371f618c6958654a7d25a1df1d12c09a53ecf66f9209fb882a8542d,contiguous_substring,intermediate,256,0.238491273175061,0.0645704904879515,0.1739207826871095
D0,6,m033_identity,2f88e9ce00d238e7e011a7b140b413dcad818f1da41a721f914f1af604d0e217,identity,identity,1024,0.7426695285836895,0.2780404810750287,0.4646290475086608
D0,7,m000_constant,9f1dcbc35c350d6027f98be0f5c8b43b42ca52b7604459c0c42be3aa88913d47,constant,constant,1,0.0,0.0,0.0
D0,7,m001_balanced_random_group,f9a61013dcfd5168cfac382b0103ebc61175babf90ead3fb241727582f7ebff8,balanced_random_group,intermediate,2,0.0010920814809539,0.0002498471640429,0.000842234316911
D0,7,m002_affinity_rank_group,3f53151fb2f814971fd6c0128c5c0b7afe1b5cb5257e46a1db18b8ebc9946d94,affinity_rank_group,intermediate,2,0.0009128405115288,0.0002365249674934,0.0006763155440353
D0,7,m003_balanced_random_group,c3045d2c1c1e20ffe9a4bb2a2e96a1861dba82bdee39680a0c34776015233f77,balanced_random_group,intermediate,4,0.0027622427173228,0.0007265166561324,0.0020357260611904
D0,7,m004_affinity_rank_group,92e56b0f11cdce879476507882d715f1eecc12de134fc3982530e28ffd4eba29,affinity_rank_group,intermediate,4,0.0027771525535546,0.0007163222558892,0.0020608302976653
D0,7,m005_balanced_random_group,04a74209e8dcd69b7ec938b6492b48b960e41d4a73c85f733213da8532e73d49,balanced_random_group,intermediate,8,0.0112431986245555,0.0017098950129019,0.0095333036116535
D0,7,m006_affinity_rank_group,0a19adabdd017fc722384804e89caf4ecf35837689486f63c24094087da5c2ba,affinity_rank_group,intermediate,8,0.0074049583291501,0.0016926371232941,0.005712321205856
D0,7,m007_balanced_random_group,848d2d075b0b38086c555c9d0d8524dccec4f14f30d66b4673f732303caf3b02,balanced_random_group,intermediate,16,0.0202078102623943,0.0036323898593352,0.016575420403059
D0,7,m008_affinity_rank_group,d176c8d0ee881709b5af7061b49578d8041bef9dde73ceb9e47e4dd86f7ee987,affinity_rank_group,intermediate,16,0.0180562513184684,0.0036430566165681,0.0144131947019002
D0,7,m009_balanced_random_group,8471d3b7d2a757d28b10f6d16b93b4054dd06f1fdee394c0a09cb0b6aab741ce,balanced_random_group,intermediate,32,0.0385060303814403,0.0075594917426595,0.0309465386387807
D0,7,m010_affinity_rank_group,a08bb91ec0e66d0b3afe5332032fd3fb6769016bc04c2710b5e01a8e599df454,affinity_rank_group,intermediate,32,0.0384229420593588,0.0074955254466142,0.0309274166127445
D0,7,m011_balanced_random_group,4f9b5634a7d1bdacc1d585643a286967dc0947786f9e18f05c5d84fe662c78d7,balanced_random_group,intermediate,64,0.0732951532893648,0.0153149729485007,0.0579801803408641
D0,7,m012_affinity_rank_group,6ac4e014d135d7a7fbd4592fdf320f48570dc4bce5e1a5c2ca6054715b80f98a,affinity_rank_group,intermediate,64,0.0693147514641398,0.0153536920352834,0.0539610594288563
D0,7,m013_balanced_random_group,8c867de60c19d7bde11f4cc8d3068f7701c8f347c9f932320be77db3baf097e5,balanced_random_group,intermediate,128,0.1427450930333357,0.0313420440182913,0.1114030490150443
D0,7,m014_affinity_rank_group,4c0d0a036a5c51abb14f88b143c35a9a2e7cecb590d4d0752b078fe3b59a18dd,affinity_rank_group,intermediate,128,0.1415918683104517,0.0313052053183378,0.1102866629921139
D0,7,m015_balanced_random_group,e0af73e8f613a1ebdf93671723d799f6c478b0888f37d40a4251e5bfa3441ce6,balanced_random_group,intermediate,256,0.2500892693331714,0.0648248073673822,0.1852644619657891
D0,7,m016_affinity_rank_group,cf78b05538711825e0795152b13c3d2c15b5cd16f89c1995f7b006d8bc57c6a2,affinity_rank_group,intermediate,256,0.2675910303940697,0.064740683911603,0.2028503464824667
D0,7,m017_balanced_random_group,624eb3be9bfd0f1a3005c27c92924e9e5a273a32f646217df21900a4492271ec,balanced_random_group,intermediate,512,0.4524606215905963,0.1381083856695574,0.3143522359210389
D0,7,m018_affinity_rank_group,24a6acb87a7364b0b1cbbe6fecc84df53e5243c78a06a6c6c4e7354b3e359435,affinity_rank_group,intermediate,512,0.4625828644339949,0.1379854105745579,0.3245974538594369
D0,7,m019_contiguous_substring,16cfd655e57fba08a658c1d50e1fe5976b2f905eee09ec260833cfb2b49d6f38,contiguous_substring,intermediate,4,0.0031489098946818,0.000716001250085,0.0024329086445968
D0,7,m020_contiguous_substring,6fb076d21f3b26febc2e6a328628b3ea581ce0709de4263bbe675d61bdb74942,contiguous_substring,intermediate,4,0.0042773959028713,0.0007140061181514,0.0035633897847198
D0,7,m021_contiguous_substring,3ac98b3bd2edbbfc3b4339ca0066047ccba8e1cfa0ce798acbd27bab5b87d8af,contiguous_substring,intermediate,4,0.0046951413644229,0.0007445395646044,0.0039506017998185
D0,7,m022_contiguous_substring,fc015e86e4e7f2c734c05fb1135856a6186a7b6e6f3079acc6d6c6e4aa7442e4,contiguous_substring,intermediate,4,0.0030023778304132,0.0007170968059798,0.0022852810244334
D0,7,m023_contiguous_substring,6d8bb74bcdeefe62988bcebfe3cdb7110ea14648c3393721f4a4095032ddf61b,contiguous_substring,intermediate,4,0.0033410275999191,0.0007218442511276,0.0026191833487915
D0,7,m024_contiguous_substring,94ab69bff5420fbcf4c18d7a247ef0e4b9577d1295271abf78a62f51c3b59a0f,contiguous_substring,intermediate,16,0.016387245205798,0.0036290353692773,0.0127582098365207
D0,7,m025_contiguous_substring,ae330f3e6dd51f734f790820a896827f916e8d775c69ea1f205c55aa81507fe0,contiguous_substring,intermediate,16,0.020419943122388,0.0036153589691454,0.0168045841532425
D0,7,m026_contiguous_substring,5d3c5ea59a3a81c2ffdcfc7029fe0ab078b39be0217f1ee2611101845014273b,contiguous_substring,intermediate,16,0.0172372340301265,0.0036519407941578,0.0135852932359686
D0,7,m027_contiguous_substring,6edfbfdb62fbf79744d4ecfb6fe43de95b2133d87a10f24061ecc84297b1c267,contiguous_substring,intermediate,16,0.013478672783997,0.003622621706619,0.009856051077378
D0,7,m028_contiguous_substring,6f9a04216ce84ed3a2ef19a2010723c498d866f2bb5d6eda67ea1bd16782bfd8,contiguous_substring,intermediate,64,0.0716587176814125,0.0152889486601736,0.0563697690212388
D0,7,m029_contiguous_substring,8d4ddfbfac0226f6a695d6b22ee21fbf533251852e95baca71b09f7710bfb22c,contiguous_substring,intermediate,64,0.0702369718503412,0.0153705289348502,0.0548664429154909
D0,7,m030_contiguous_substring,6ff19e1927dcafbb441ab0b4a0a61b92d1295d402f3277307a3f5b9d7850b98a,contiguous_substring,intermediate,64,0.0647174909394287,0.0153652418556221,0.0493522490838065
D0,7,m031_contiguous_substring,c824c782df91faee7515c9d811fab43ed5426465074d2e812a5277507d28ae96,contiguous_substring,intermediate,256,0.2643929844254635,0.0646990406990913,0.1996939437263722
D0,7,m032_contiguous_substring,ef835eb9c371f618c6958654a7d25a1df1d12c09a53ecf66f9209fb882a8542d,contiguous_substring,intermediate,256,0.2540389610970558,0.0646482531510461,0.1893907079460097
D0,7,m033_identity,2f88e9ce00d238e7e011a7b140b413dcad818f1da41a721f914f1af604d0e217,identity,identity,1024,0.7392705362524157,0.276911559599228,0.4623589766531877
D1,0,m000_constant,9f1dcbc35c350d6027f98be0f5c8b43b42ca52b7604459c0c42be3aa88913d47,constant,constant,1,8.008566259537292e-17,8.008566259537293e-17,-1.232595164407831e-32
D1,0,m001_balanced_random_group,92b504e9a4f322032a2ebce33411098a41a2a69d6887c968769f3a9a2ea21c06,balanced_random_group,intermediate,2,0.0230236146846799,0.000228230175512,0.0227953845091678
D1,0,m002_affinity_rank_group,3f53151fb2f814971fd6c0128c5c0b7afe1b5cb5257e46a1db18b8ebc9946d94,affinity_rank_group,intermediate,2,0.0166681904941947,0.0002377241941128,0.0164304663000819
D1,0,m003_balanced_random_group,9dfc99282a2611725eedb2b565b32cd10fc18a0134da7cdb73782304b3289c63,balanced_random_group,intermediate,4,0.0703479537103074,0.0007026114317249,0.0696453422785825
D1,0,m004_affinity_rank_group,92e56b0f11cdce879476507882d715f1eecc12de134fc3982530e28ffd4eba29,affinity_rank_group,intermediate,4,0.0521503491866845,0.0007097370754616,0.0514406121112228
D1,0,m005_balanced_random_group,e2b3ca6094b3924ebad53b485b64e15442e181cf7c3b24782a1ecc43aada1d67,balanced_random_group,intermediate,8,0.0884081283923229,0.0016887713860633,0.0867193570062595
D1,0,m006_affinity_rank_group,0a19adabdd017fc722384804e89caf4ecf35837689486f63c24094087da5c2ba,affinity_rank_group,intermediate,8,0.108718296976073,0.0016657964481197,0.1070525005279533
D1,0,m007_balanced_random_group,1e9c498addbf3c84d0e7fa0b4a7ed1547a79d3addeb621aee136d71ed6115385,balanced_random_group,intermediate,16,0.186112397907161,0.0036948341013181,0.1824175638058428
D1,0,m008_affinity_rank_group,d176c8d0ee881709b5af7061b49578d8041bef9dde73ceb9e47e4dd86f7ee987,affinity_rank_group,intermediate,16,0.1624742786470028,0.0036176119871267,0.158856666659876
D1,0,m009_balanced_random_group,0aed763827cb82fb93b7e68b65380843df3d67d84b6ded1b427ad8b179551498,balanced_random_group,intermediate,32,0.2203312768729461,0.0075697776077651,0.2127614992651809
D1,0,m010_affinity_rank_group,a08bb91ec0e66d0b3afe5332032fd3fb6769016bc04c2710b5e01a8e599df454,affinity_rank_group,intermediate,32,0.2117120924341329,0.007642673011463,0.2040694194226698
D1,0,m011_balanced_random_group,b63ae2e9169c6a1fbead64d1209982c801759cce33d761d4009afed76a67a448,balanced_random_group,intermediate,64,0.2479783619684826,0.0136951517120406,0.234283210256442
D1,0,m012_affinity_rank_group,6ac4e014d135d7a7fbd4592fdf320f48570dc4bce5e1a5c2ca6054715b80f98a,affinity_rank_group,intermediate,64,0.2412557660741725,0.0129111913585341,0.2283445747156383
D1,0,m013_balanced_random_group,8592d3fec701388f78dc4afe98264f46de098d11b571e0fc626bdf4ef128244a,balanced_random_group,intermediate,128,0.2700709355188669,0.0193045118971336,0.2507664236217333
D1,0,m014_affinity_rank_group,4c0d0a036a5c51abb14f88b143c35a9a2e7cecb590d4d0752b078fe3b59a18dd,affinity_rank_group,intermediate,128,0.2906523661291569,0.0190983399411424,0.2715540261880145
D1,0,m015_balanced_random_group,3f2241b0ff61b39e1ebdcccbaf77cc695344be10cc4c5c5e44bbc8cf4b9ee9e5,balanced_random_group,intermediate,256,0.2983399988866686,0.0232227224276553,0.2751172764590133
D1,0,m016_affinity_rank_group,cf78b05538711825e0795152b13c3d2c15b5cd16f89c1995f7b006d8bc57c6a2,affinity_rank_group,intermediate,256,0.2976719340949898,0.0234618869247554,0.2742100471702344
D1,0,m017_balanced_random_group,01c67fe0522330b039a343ca58f3517bce2156836302293eba1b0d27d77e2522,balanced_random_group,intermediate,512,0.3060556509496906,0.025542779726717,0.2805128712229736
D1,0,m018_affinity_rank_group,24a6acb87a7364b0b1cbbe6fecc84df53e5243c78a06a6c6c4e7354b3e359435,affinity_rank_group,intermediate,512,0.3004932560760259,0.0257802159381994,0.2747130401378265
D1,0,m019_contiguous_substring,16cfd655e57fba08a658c1d50e1fe5976b2f905eee09ec260833cfb2b49d6f38,contiguous_substring,intermediate,4,0.0647994111726892,0.0007259936495977,0.0640734175230914
D1,0,m020_contiguous_substring,6fb076d21f3b26febc2e6a328628b3ea581ce0709de4263bbe675d61bdb74942,contiguous_substring,intermediate,4,0.0641185803283781,0.0007176724216506,0.0634009079067274
D1,0,m021_contiguous_substring,3ac98b3bd2edbbfc3b4339ca0066047ccba8e1cfa0ce798acbd27bab5b87d8af,contiguous_substring,intermediate,4,0.0379379020278662,0.0007209253146561,0.03721697671321
D1,0,m022_contiguous_substring,fc015e86e4e7f2c734c05fb1135856a6186a7b6e6f3079acc6d6c6e4aa7442e4,contiguous_substring,intermediate,4,0.056012158969508,0.0007266262117442,0.0552855327577638
D1,0,m023_contiguous_substring,6d8bb74bcdeefe62988bcebfe3cdb7110ea14648c3393721f4a4095032ddf61b,contiguous_substring,intermediate,4,0.0540843156188666,0.0007192881656585,0.053365027453208
D1,0,m024_contiguous_substring,94ab69bff5420fbcf4c18d7a247ef0e4b9577d1295271abf78a62f51c3b59a0f,contiguous_substring,intermediate,16,0.2005906254500806,0.0036005031126461,0.1969901223374344
D1,0,m025_contiguous_substring,ae330f3e6dd51f734f790820a896827f916e8d775c69ea1f205c55aa81507fe0,contiguous_substring,intermediate,16,0.1727755448383944,0.0036029278363113,0.169172617002083
D1,0,m026_contiguous_substring,5d3c5ea59a3a81c2ffdcfc7029fe0ab078b39be0217f1ee2611101845014273b,contiguous_substring,intermediate,16,0.1538137247348553,0.0035747866705493,0.1502389380643059
D1,0,m027_contiguous_substring,6edfbfdb62fbf79744d4ecfb6fe43de95b2133d87a10f24061ecc84297b1c267,contiguous_substring,intermediate,16,0.1565485665183856,0.0035650722674446,0.152983494250941
D1,0,m028_contiguous_substring,6f9a04216ce84ed3a2ef19a2010723c498d866f2bb5d6eda67ea1bd16782bfd8,contiguous_substring,intermediate,64,0.2455498768781669,0.0119417034789784,0.2336081733991885
D1,0,m029_contiguous_substring,8d4ddfbfac0226f6a695d6b22ee21fbf533251852e95baca71b09f7710bfb22c,contiguous_substring,intermediate,64,0.2473724658271959,0.0116881679620963,0.2356842978650996
D1,0,m030_contiguous_substring,6ff19e1927dcafbb441ab0b4a0a61b92d1295d402f3277307a3f5b9d7850b98a,contiguous_substring,intermediate,64,0.2359288775691147,0.0113522137555202,0.2245766638135944
D1,0,m031_contiguous_substring,c824c782df91faee7515c9d811fab43ed5426465074d2e812a5277507d28ae96,contiguous_substring,intermediate,256,0.28090197919276,0.0200711036349437,0.2608308755578162
D1,0,m032_contiguous_substring,ef835eb9c371f618c6958654a7d25a1df1d12c09a53ecf66f9209fb882a8542d,contiguous_substring,intermediate,256,0.28447423495067,0.0200733352180855,0.2644008997325845
D1,0,m033_identity,2f88e9ce00d238e7e011a7b140b413dcad818f1da41a721f914f1af604d0e217,identity,identity,1024,0.3079143830573394,0.0272035894512997,0.2807107936060397
D1,1,m000_constant,9f1dcbc35c350d6027f98be0f5c8b43b42ca52b7604459c0c42be3aa88913d47,constant,constant,1,0.0,0.0,0.0
D1,1,m001_balanced_random_group,92b504e9a4f322032a2ebce33411098a41a2a69d6887c968769f3a9a2ea21c06,balanced_random_group,intermediate,2,0.0116223339328565,0.0002437321274438,0.0113786018054126
D1,1,m002_affinity_rank_group,3f53151fb2f814971fd6c0128c5c0b7afe1b5cb5257e46a1db18b8ebc9946d94,affinity_rank_group,intermediate,2,0.0082176947756405,0.0002330943596517,0.0079846004159887
D1,1,m003_balanced_random_group,9dfc99282a2611725eedb2b565b32cd10fc18a0134da7cdb73782304b3289c63,balanced_random_group,intermediate,4,0.0259144220075237,0.0007130932474731,0.0252013287600506
D1,1,m004_affinity_rank_group,92e56b0f11cdce879476507882d715f1eecc12de134fc3982530e28ffd4eba29,affinity_rank_group,intermediate,4,0.021922192119894,0.000723468669763,0.021198723450131
D1,1,m005_balanced_random_group,e2b3ca6094b3924ebad53b485b64e15442e181cf7c3b24782a1ecc43aada1d67,balanced_random_group,intermediate,8,0.0816709879519384,0.0016744609715112,0.0799965269804271
D1,1,m006_affinity_rank_group,0a19adabdd017fc722384804e89caf4ecf35837689486f63c24094087da5c2ba,affinity_rank_group,intermediate,8,0.0542111175154736,0.0016899358083642,0.0525211817071093
D1,1,m007_balanced_random_group,1e9c498addbf3c84d0e7fa0b4a7ed1547a79d3addeb621aee136d71ed6115385,balanced_random_group,intermediate,16,0.1299591421422639,0.0036011528816564,0.1263579892606074
D1,1,m008_affinity_rank_group,d176c8d0ee881709b5af7061b49578d8041bef9dde73ceb9e47e4dd86f7ee987,affinity_rank_group,intermediate,16,0.116593538844064,0.0036778765355528,0.1129156623085111
D1,1,m009_balanced_random_group,0aed763827cb82fb93b7e68b65380843df3d67d84b6ded1b427ad8b179551498,balanced_random_group,intermediate,32,0.1640286438375764,0.0076368094350442,0.1563918344025322
D1,1,m010_affinity_rank_group,a08bb91ec0e66d0b3afe5332032fd3fb6769016bc04c2710b5e01a8e599df454,affinity_rank_group,intermediate,32,0.1740306403963273,0.007642752318316,0.1663878880780112
D1,1,m011_balanced_random_group,b63ae2e9169c6a1fbead64d1209982c801759cce33d761d4009afed76a67a448,balanced_random_group,intermediate,64,0.2245332366734223,0.0142424089012152,0.210290827772207
D1,1,m012_affinity_rank_group,6ac4e014d135d7a7fbd4592fdf320f48570dc4bce5e1a5c2ca6054715b80f98a,affinity_rank_group,intermediate,64,0.2155528740234713,0.0138121296115276,0.2017407444119436
D1,1,m013_balanced_random_group,8592d3fec701388f78dc4afe98264f46de098d11b571e0fc626bdf4ef128244a,balanced_random_group,intermediate,128,0.2301705651500399,0.0195309512325151,0.2106396139175247
D1,1,m014_affinity_rank_group,4c0d0a036a5c51abb14f88b143c35a9a2e7cecb590d4d0752b078fe3b59a18dd,affinity_rank_group,intermediate,128,0.2464329834662784,0.0195366754561362,0.2268963080101421
D1,1,m015_balanced_random_group,3f2241b0ff61b39e1ebdcccbaf77cc695344be10cc4c5c5e44bbc8cf4b9ee9e5,balanced_random_group,intermediate,256,0.2620943357473461,0.0248161627257961,0.23727817302155
D1,1,m016_affinity_rank_group,cf78b05538711825e0795152b13c3d2c15b5cd16f89c1995f7b006d8bc57c6a2,affinity_rank_group,intermediate,256,0.2616670819054862,0.0247897948952586,0.2368772870102275
D1,1,m017_balanced_random_group,01c67fe0522330b039a343ca58f3517bce2156836302293eba1b0d27d77e2522,balanced_random_group,intermediate,512,0.2691634799616336,0.0278784073750999,0.2412850725865336
D1,1,m018_affinity_rank_group,24a6acb87a7364b0b1cbbe6fecc84df53e5243c78a06a6c6c4e7354b3e359435,affinity_rank_group,intermediate,512,0.2699344342539593,0.0279650719284082,0.241969362325551
D1,1,m019_contiguous_substring,16cfd655e57fba08a658c1d50e1fe5976b2f905eee09ec260833cfb2b49d6f38,contiguous_substring,intermediate,4,0.0396584749804361,0.0007131918189684,0.0389452831614676
D1,1,m020_contiguous_substring,6fb076d21f3b26febc2e6a328628b3ea581ce0709de4263bbe675d61bdb74942,contiguous_substring,intermediate,4,0.0220778280123544,0.000702923234835,0.0213749047775194
D1,1,m021_contiguous_substring,3ac98b3bd2edbbfc3b4339ca0066047ccba8e1cfa0ce798acbd27bab5b87d8af,contiguous_substring,intermediate,4,0.0368548493683889,0.0007285297052087,0.0361263196631802
D1,1,m022_contiguous_substring,fc015e86e4e7f2c734c05fb1135856a6186a7b6e6f3079acc6d6c6e4aa7442e4,contiguous_substring,intermediate,4,0.032884424310761,0.000718476565481,0.0321659477452799
D1,1,m023_contiguous_substring,6d8bb74bcdeefe62988bcebfe3cdb7110ea14648c3393721f4a4095032ddf61b,contiguous_substring,intermediate,4,0.0303957420504244,0.0007076400276376,0.0296881020227867
D1,1,m024_contiguous_substring,94ab69bff5420fbcf4c18d7a247ef0e4b9577d1295271abf78a62f51c3b59a0f,contiguous_substring,intermediate,16,0.0850834483191399,0.0036860131195414,0.0813974351995985
D1,1,m025_contiguous_substring,ae330f3e6dd51f734f790820a896827f916e8d775c69ea1f205c55aa81507fe0,contiguous_substring,intermediate,16,0.0969388696011082,0.0036819876584638,0.0932568819426443
D1,1,m026_contiguous_substring,5d3c5ea59a3a81c2ffdcfc7029fe0ab078b39be0217f1ee2611101845014273b,contiguous_substring,intermediate,16,0.1015376443703207,0.0036920096669554,0.0978456347033653
D1,1,m027_contiguous_substring,6edfbfdb62fbf79744d4ecfb6fe43de95b2133d87a10f24061ecc84297b1c267,contiguous_substring,intermediate,16,0.1045640965537122,0.0036488701666282,0.1009152263870839
D1,1,m028_contiguous_substring,6f9a04216ce84ed3a2ef19a2010723c498d866f2bb5d6eda67ea1bd16782bfd8,contiguous_substring,intermediate,64,0.1778435879175289,0.0110719571300746,0.1667716307874542
D1,1,m029_contiguous_substring,8d4ddfbfac0226f6a695d6b22ee21fbf533251852e95baca71b09f7710bfb22c,contiguous_substring,intermediate,64,0.1672865876205906,0.0110413286045354,0.1562452590160552
D1,1,m030_contiguous_substring,6ff19e1927dcafbb441ab0b4a0a61b92d1295d402f3277307a3f5b9d7850b98a,contiguous_substring,intermediate,64,0.1664358734881152,0.0113619068574194,0.1550739666306958
D1,1,m031_contiguous_substring,c824c782df91faee7515c9d811fab43ed5426465074d2e812a5277507d28ae96,contiguous_substring,intermediate,256,0.2329123461420005,0.0208195396344315,0.212092806507569
D1,1,m032_contiguous_substring,ef835eb9c371f618c6958654a7d25a1df1d12c09a53ecf66f9209fb882a8542d,contiguous_substring,intermediate,256,0.2214016783513985,0.0211260622598002,0.2002756160915982
D1,1,m033_identity,2f88e9ce00d238e7e011a7b140b413dcad818f1da41a721f914f1af604d0e217,identity,identity,1024,0.2718975802975821,0.0296919850044794,0.2422055952931026
D1,2,m000_constant,9f1dcbc35c350d6027f98be0f5c8b43b42ca52b7604459c0c42be3aa88913d47,constant,constant,1,0.0,0.0,0.0
D1,2,m001_balanced_random_group,92b504e9a4f322032a2ebce33411098a41a2a69d6887c968769f3a9a2ea21c06,balanced_random_group,intermediate,2,0.0092699798378144,0.0002549327541896,0.0090150470836247
D1,2,m002_affinity_rank_group,3f53151fb2f814971fd6c0128c5c0b7afe1b5cb5257e46a1db18b8ebc9946d94,affinity_rank_group,intermediate,2,0.009803907277172,0.0002396725939371,0.0095642346832348
D1,2,m003_balanced_random_group,9dfc99282a2611725eedb2b565b32cd10fc18a0134da7cdb73782304b3289c63,balanced_random_group,intermediate,4,0.0367960215277992,0.0007329841027695,0.0360630374250296
D1,2,m004_affinity_rank_group,92e56b0f11cdce879476507882d715f1eecc12de134fc3982530e28ffd4eba29,affinity_rank_group,intermediate,4,0.029193347801343,0.0007108618894076,0.0284824859119353
D1,2,m005_balanced_random_group,e2b3ca6094b3924ebad53b485b64e15442e181cf7c3b24782a1ecc43aada1d67,balanced_random_group,intermediate,8,0.0900229823460299,0.0016674309523888,0.0883555513936411
D1,2,m006_affinity_rank_group,0a19adabdd017fc722384804e89caf4ecf35837689486f63c24094087da5c2ba,affinity_rank_group,intermediate,8,0.0535194208983466,0.0016570056345785,0.051862415263768
D1,2,m007_balanced_random_group,1e9c498addbf3c84d0e7fa0b4a7ed1547a79d3addeb621aee136d71ed6115385,balanced_random_group,intermediate,16,0.1646520198695254,0.0036535310780095,0.1609984887915158
D1,2,m008_affinity_rank_group,d176c8d0ee881709b5af7061b49578d8041bef9dde73ceb9e47e4dd86f7ee987,affinity_rank_group,intermediate,16,0.1234089496504122,0.0036445646693078,0.1197643849811044
D1,2,m009_balanced_random_group,0aed763827cb82fb93b7e68b65380843df3d67d84b6ded1b427ad8b179551498,balanced_random_group,intermediate,32,0.2117849595927137,0.0075200713674309,0.2042648882252827
D1,2,m010_affinity_rank_group,a08bb91ec0e66d0b3afe5332032fd3fb6769016bc04c2710b5e01a8e599df454,affinity_rank_group,intermediate,32,0.1991437248579727,0.0075592879688667,0.191584436889106
D1,2,m011_balanced_random_group,b63ae2e9169c6a1fbead64d1209982c801759cce33d761d4009afed76a67a448,balanced_random_group,intermediate,64,0.2249096330771798,0.0129588087311365,0.2119508243460433
D1,2,m012_affinity_rank_group,6ac4e014d135d7a7fbd4592fdf320f48570dc4bce5e1a5c2ca6054715b80f98a,affinity_rank_group,intermediate,64,0.2328746540802421,0.0132334444211369,0.2196412096591051
D1,2,m013_balanced_random_group,8592d3fec701388f78dc4afe98264f46de098d11b571e0fc626bdf4ef128244a,balanced_random_group,intermediate,128,0.2903256568716609,0.01984131783324,0.2704843390384208
D1,2,m014_affinity_rank_group,4c0d0a036a5c51abb14f88b143c35a9a2e7cecb590d4d0752b078fe3b59a18dd,affinity_rank_group,intermediate,128,0.2916440229476024,0.0195352544756602,0.2721087684719421
D1,2,m015_balanced_random_group,3f2241b0ff61b39e1ebdcccbaf77cc695344be10cc4c5c5e44bbc8cf4b9ee9e5,balanced_random_group,intermediate,256,0.2953831249246504,0.0236339928401974,0.271749132084453
D1,2,m016_affinity_rank_group,cf78b05538711825e0795152b13c3d2c15b5cd16f89c1995f7b006d8bc57c6a2,affinity_rank_group,intermediate,256,0.3066210562027903,0.0246000902788747,0.2820209659239155
D1,2,m017_balanced_random_group,01c67fe0522330b039a343ca58f3517bce2156836302293eba1b0d27d77e2522,balanced_random_group,intermediate,512,0.3048505316263987,0.0267880250726833,0.2780625065537154
D1,2,m018_affinity_rank_group,24a6acb87a7364b0b1cbbe6fecc84df53e5243c78a06a6c6c4e7354b3e359435,affinity_rank_group,intermediate,512,0.3112512405574097,0.0271607981684764,0.2840904423889333
D1,2,m019_contiguous_substring,16cfd655e57fba08a658c1d50e1fe5976b2f905eee09ec260833cfb2b49d6f38,contiguous_substring,intermediate,4,0.0567691386060131,0.0007094409167288,0.0560596976892843
D1,2,m020_contiguous_substring,6fb076d21f3b26febc2e6a328628b3ea581ce0709de4263bbe675d61bdb74942,contiguous_substring,intermediate,4,0.0378753552015728,0.0007090143259704,0.0371663408756023
D1,2,m021_contiguous_substring,3ac98b3bd2edbbfc3b4339ca0066047ccba8e1cfa0ce798acbd27bab5b87d8af,contiguous_substring,intermediate,4,0.0319965217682424,0.0007098265557965,0.0312866952124459
D1,2,m022_contiguous_substring,fc015e86e4e7f2c734c05fb1135856a6186a7b6e6f3079acc6d6c6e4aa7442e4,contiguous_substring,intermediate,4,0.0344179614056952,0.0007171715457728,0.0337007898599223
D1,2,m023_contiguous_substring,6d8bb74bcdeefe62988bcebfe3cdb7110ea14648c3393721f4a4095032ddf61b,contiguous_substring,intermediate,4,0.0285115871758025,0.0007282093675864,0.027783377808216
D1,2,m024_contiguous_substring,94ab69bff5420fbcf4c18d7a247ef0e4b9577d1295271abf78a62f51c3b59a0f,contiguous_substring,intermediate,16,0.1257170225955465,0.0036082044990764,0.12210881809647
D1,2,m025_contiguous_substring,ae330f3e6dd51f734f790820a896827f916e8d775c69ea1f205c55aa81507fe0,contiguous_substring,intermediate,16,0.092361579415778,0.0035383991768266,0.0888231802389514
D1,2,m026_contiguous_substring,5d3c5ea59a3a81c2ffdcfc7029fe0ab078b39be0217f1ee2611101845014273b,contiguous_substring,intermediate,16,0.1139436275316477,0.0035567196516524,0.1103869078799953
D1,2,m027_contiguous_substring,6edfbfdb62fbf79744d4ecfb6fe43de95b2133d87a10f24061ecc84297b1c267,contiguous_substring,intermediate,16,0.1256120325786747,0.0035494885862336,0.122062543992441
D1,2,m028_contiguous_substring,6f9a04216ce84ed3a2ef19a2010723c498d866f2bb5d6eda67ea1bd16782bfd8,contiguous_substring,intermediate,64,0.1996569344531527,0.0108375578586686,0.188819376594484
D1,2,m029_contiguous_substring,8d4ddfbfac0226f6a695d6b22ee21fbf533251852e95baca71b09f7710bfb22c,contiguous_substring,intermediate,64,0.2028033529249613,0.0109325414997126,0.1918708114252487
D1,2,m030_contiguous_substring,6ff19e1927dcafbb441ab0b4a0a61b92d1295d402f3277307a3f5b9d7850b98a,contiguous_substring,intermediate,64,0.2128028588057119,0.0111301794522028,0.201672679353509
D1,2,m031_contiguous_substring,c824c782df91faee7515c9d811fab43ed5426465074d2e812a5277507d28ae96,contiguous_substring,intermediate,256,0.2636486000429853,0.0199425082828567,0.2437060917601285
D1,2,m032_contiguous_substring,ef835eb9c371f618c6958654a7d25a1df1d12c09a53ecf66f9209fb882a8542d,contiguous_substring,intermediate,256,0.2734182048258779,0.0201287000730032,0.2532895047528747
D1,2,m033_identity,2f88e9ce00d238e7e011a7b140b413dcad818f1da41a721f914f1af604d0e217,identity,identity,1024,0.3135163836416478,0.0284066589326601,0.2851097247089877
D1,3,m000_constant,9f1dcbc35c350d6027f98be0f5c8b43b42ca52b7604459c0c42be3aa88913d47,constant,constant,1,8.008566259537292e-17,8.008566259537293e-17,-1.232595164407831e-32
D1,3,m001_balanced_random_group,92b504e9a4f322032a2ebce33411098a41a2a69d6887c968769f3a9a2ea21c06,balanced_random_group,intermediate,2,0.0106129386781114,0.0002362152617904,0.0103767234163209
D1,3,m002_affinity_rank_group,3f53151fb2f814971fd6c0128c5c0b7afe1b5cb5257e46a1db18b8ebc9946d94,affinity_rank_group,intermediate,2,0.0077728555398435,0.0002538134208492,0.0075190421189942
D1,3,m003_balanced_random_group,9dfc99282a2611725eedb2b565b32cd10fc18a0134da7cdb73782304b3289c63,balanced_random_group,intermediate,4,0.0527669190473409,0.0007358803205323,0.0520310387268086
D1,3,m004_affinity_rank_group,92e56b0f11cdce879476507882d715f1eecc12de134fc3982530e28ffd4eba29,affinity_rank_group,intermediate,4,0.0375756699273783,0.0007276914357943,0.036847978491584
D1,3,m005_balanced_random_group,e2b3ca6094b3924ebad53b485b64e15442e181cf7c3b24782a1ecc43aada1d67,balanced_random_group,intermediate,8,0.1074692146957342,0.0016924246367485,0.1057767900589856
D1,3,m006_affinity_rank_group,0a19adabdd017fc722384804e89caf4ecf35837689486f63c24094087da5c2ba,affinity_rank_group,intermediate,8,0.088602312628059,0.0017027345166243,0.0868995781114347
D1,3,m007_balanced_random_group,1e9c498addbf3c84d0e7fa0b4a7ed1547a79d3addeb621aee136d71ed6115385,balanced_random_group,intermediate,16,0.1248566336094036,0.003679746342058,0.1211768872673456
D1,3,m008_affinity_rank_group,d176c8d0ee881709b5af7061b49578d8041bef9dde73ceb9e47e4dd86f7ee987,affinity_rank_group,intermediate,16,0.145397288100992,0.0037233311426126,0.1416739569583794
D1,3,m009_balanced_random_group,0aed763827cb82fb93b7e68b65380843df3d67d84b6ded1b427ad8b179551498,balanced_random_group,intermediate,32,0.1835228128690457,0.0073693543940244,0.1761534584750212
D1,3,m010_affinity_rank_group,a08bb91ec0e66d0b3afe5332032fd3fb6769016bc04c2710b5e01a8e599df454,affinity_rank_group,intermediate,32,0.2141490970951933,0.0077719923329759,0.2063771047622173
D1,3,m011_balanced_random_group,b63ae2e9169c6a1fbead64d1209982c801759cce33d761d4009afed76a67a448,balanced_random_group,intermediate,64,0.2233372624049746,0.0128519637779049,0.2104852986270696
D1,3,m012_affinity_rank_group,6ac4e014d135d7a7fbd4592fdf320f48570dc4bce5e1a5c2ca6054715b80f98a,affinity_rank_group,intermediate,64,0.2490079064479246,0.0140104052374239,0.2349975012105006
D1,3,m013_balanced_random_group,8592d3fec701388f78dc4afe98264f46de098d11b571e0fc626bdf4ef128244a,balanced_random_group,intermediate,128,0.2698090977515771,0.0189745402223335,0.2508345575292435
D1,3,m014_affinity_rank_group,4c0d0a036a5c51abb14f88b143c35a9a2e7cecb590d4d0752b078fe3b59a18dd,affinity_rank_group,intermediate,128,0.2727962943150332,0.0188299227333779,0.2539663715816553
D1,3,m015_balanced_random_group,3f2241b0ff61b39e1ebdcccbaf77cc695344be10cc4c5c5e44bbc8cf4b9ee9e5,balanced_random_group,intermediate,256,0.2878533001155766,0.0227418905451623,0.2651114095704143
D1,3,m016_affinity_rank_group,cf78b05538711825e0795152b13c3d2c15b5cd16f89c1995f7b006d8bc57c6a2,affinity_rank_group,intermediate,256,0.2878218209801743,0.0228198776433274,0.2650019433368469
D1,3,m017_balanced_random_group,01c67fe0522330b039a343ca58f3517bce2156836302293eba1b0d27d77e2522,balanced_random_group,intermediate,512,0.2981764166725674,0.0255631368772902,0.2726132797952771
D1,3,m018_affinity_rank_group,24a6acb87a7364b0b1cbbe6fecc84df53e5243c78a06a6c6c4e7354b3e359435,affinity_rank_group,intermediate,512,0.2953628077878975,0.0254536276437456,0.2699091801441519
D1,3,m019_contiguous_substring,16cfd655e57fba08a658c1d50e1fe5976b2f905eee09ec260833cfb2b49d6f38,contiguous_substring,intermediate,4,0.042141653350188,0.000711960983374,0.041429692366814
D1,3,m020_contiguous_substring,6fb076d21f3b26febc2e6a328628b3ea581ce0709de4263bbe675d61bdb74942,contiguous_substring,intermediate,4,0.0632243806144866,0.0007234191128738,0.0625009615016127
D1,3,m021_contiguous_substring,3ac98b3bd2edbbfc3b4339ca0066047ccba8e1cfa0ce798acbd27bab5b87d8af,contiguous_substring,intermediate,4,0.0490168037398091,0.0007398896372867,0.0482769141025224
D1,3,m022_contiguous_substring,fc015e86e4e7f2c734c05fb1135856a6186a7b6e6f3079acc6d6c6e4aa7442e4,contiguous_substring,intermediate,4,0.0258796597095743,0.0007183989844745,0.0251612607250998
D1,3,m023_contiguous_substring,6d8bb74bcdeefe62988bcebfe3cdb7110ea14648c3393721f4a4095032ddf61b,contiguous_substring,intermediate,4,0.0423910541148958,0.0007128265624433,0.0416782275524524
D1,3,m024_contiguous_substring,94ab69bff5420fbcf4c18d7a247ef0e4b9577d1295271abf78a62f51c3b59a0f,contiguous_substring,intermediate,16,0.1494569499930173,0.0035401924769234,0.1459167575160938
D1,3,m025_contiguous_substring,ae330f3e6dd51f734f790820a896827f916e8d775c69ea1f205c55aa81507fe0,contiguous_substring,intermediate,16,0.1336493760975048,0.0035827219117359,0.1300666541857689
D1,3,m026_contiguous_substring,5d3c5ea59a3a81c2ffdcfc7029fe0ab078b39be0217f1ee2611101845014273b,contiguous_substring,intermediate,16,0.1330681907714275,0.0036063983938254,0.1294617923776021
D1,3,m027_contiguous_substring,6edfbfdb62fbf79744d4ecfb6fe43de95b2133d87a10f24061ecc84297b1c267,contiguous_substring,intermediate,16,0.1371552135439003,0.0036817897604499,0.1334734237834504
D1,3,m028_contiguous_substring,6f9a04216ce84ed3a2ef19a2010723c498d866f2bb5d6eda67ea1bd16782bfd8,contiguous_substring,intermediate,64,0.2192659844921749,0.0108142708974902,0.2084517135946846
D1,3,m029_contiguous_substring,8d4ddfbfac0226f6a695d6b22ee21fbf533251852e95baca71b09f7710bfb22c,contiguous_substring,intermediate,64,0.2155317844281295,0.010898869257486,0.2046329151706435
D1,3,m030_contiguous_substring,6ff19e1927dcafbb441ab0b4a0a61b92d1295d402f3277307a3f5b9d7850b98a,contiguous_substring,intermediate,64,0.2356102919761369,0.011094027095317,0.2245162648808199
D1,3,m031_contiguous_substring,c824c782df91faee7515c9d811fab43ed5426465074d2e812a5277507d28ae96,contiguous_substring,intermediate,256,0.264526613262068,0.0195292207482844,0.2449973925137836
D1,3,m032_contiguous_substring,ef835eb9c371f618c6958654a7d25a1df1d12c09a53ecf66f9209fb882a8542d,contiguous_substring,intermediate,256,0.2701900892026475,0.0198143419598149,0.2503757472428325
D1,3,m033_identity,2f88e9ce00d238e7e011a7b140b413dcad818f1da41a721f914f1af604d0e217,identity,identity,1024,0.300658127436586,0.0269173607095814,0.2737407667270045
D1,4,m000_constant,9f1dcbc35c350d6027f98be0f5c8b43b42ca52b7604459c0c42be3aa88913d47,constant,constant,1,0.0,0.0,0.0
D1,4,m001_balanced_random_group,92b504e9a4f322032a2ebce33411098a41a2a69d6887c968769f3a9a2ea21c06,balanced_random_group,intermediate,2,0.0082818114641308,0.0002475665453123,0.0080342449188184
D1,4,m002_affinity_rank_group,3f53151fb2f814971fd6c0128c5c0b7afe1b5cb5257e46a1db18b8ebc9946d94,affinity_rank_group,intermediate,2,0.0076354258100634,0.0002322513497674,0.007403174460296
D1,4,m003_balanced_random_group,9dfc99282a2611725eedb2b565b32cd10fc18a0134da7cdb73782304b3289c63,balanced_random_group,intermediate,4,0.0352256171570112,0.0007090157404308,0.0345166014165803
D1,4,m004_affinity_rank_group,92e56b0f11cdce879476507882d715f1eecc12de134fc3982530e28ffd4eba29,affinity_rank_group,intermediate,4,0.0337711361214308,0.0007254271170088,0.033045709004422
D1,4,m005_balanced_random_group,e2b3ca6094b3924ebad53b485b64e15442e181cf7c3b24782a1ecc43aada1d67,balanced_random_group,intermediate,8,0.0708319160539086,0.0017148832785798,0.0691170327753288
D1,4,m006_affinity_rank_group,0a19adabdd017fc722384804e89caf4ecf35837689486f63c24094087da5c2ba,affinity_rank_group,intermediate,8,0.056698973104557,0.0017039823421913,0.0549949907623656
D1,4,m007_balanced_random_group,1e9c498addbf3c84d0e7fa0b4a7ed1547a79d3addeb621aee136d71ed6115385,balanced_random_group,intermediate,16,0.1348783039220121,0.0037176549349685,0.1311606489870435
D1,4,m008_affinity_rank_group,d176c8d0ee881709b5af7061b49578d8041bef9dde73ceb9e47e4dd86f7ee987,affinity_rank_group,intermediate,16,0.1139686429937968,0.0036752282745982,0.1102934147191986
D1,4,m009_balanced_random_group,0aed763827cb82fb93b7e68b65380843df3d67d84b6ded1b427ad8b179551498,balanced_random_group,intermediate,32,0.180174828592918,0.0075174702704679,0.17265735832245
D1,4,m010_affinity_rank_group,a08bb91ec0e66d0b3afe5332032fd3fb6769016bc04c2710b5e01a8e599df454,affinity_rank_group,intermediate,32,0.1901344176944113,0.0077672977888664,0.1823671199055449
D1,4,m011_balanced_random_group,b63ae2e9169c6a1fbead64d1209982c801759cce33d761d4009afed76a67a448,balanced_random_group,intermediate,64,0.2302969302954242,0.0138957836298539,0.2164011466655702
D1,4,m012_affinity_rank_group,6ac4e014d135d7a7fbd4592fdf320f48570dc4bce5e1a5c2ca6054715b80f98a,affinity_rank_group,intermediate,64,0.2401722464088834,0.0139939121652299,0.2261783342436535
D1,4,m013_balanced_random_group,8592d3fec701388f78dc4afe98264f46de098d11b571e0fc626bdf4ef128244a,balanced_random_group,intermediate,128,0.2572233739290189,0.0206446948683182,0.2365786790607007
D1,4,m014_affinity_rank_group,4c0d0a036a5c51abb14f88b143c35a9a2e7cecb590d4d0752b078fe3b59a18dd,affinity_rank_group,intermediate,128,0.2574962618373463,0.0200630913790897,0.2374331704582565
D1,4,m015_balanced_random_group,3f2241b0ff61b39e1ebdcccbaf77cc695344be10cc4c5c5e44bbc8cf4b9ee9e5,balanced_random_group,intermediate,256,0.2614782136462252,0.0235273911589006,0.2379508224873245
D1,4,m016_affinity_rank_group,cf78b05538711825e0795152b13c3d2c15b5cd16f89c1995f7b006d8bc57c6a2,affinity_rank_group,intermediate,256,0.2678374614869552,0.0246977295369995,0.2431397319499557
D1,4,m017_balanced_random_group,01c67fe0522330b039a343ca58f3517bce2156836302293eba1b0d27d77e2522,balanced_random_group,intermediate,512,0.2729308324517882,0.0271545549897922,0.2457762774619959
D1,4,m018_affinity_rank_group,24a6acb87a7364b0b1cbbe6fecc84df53e5243c78a06a6c6c4e7354b3e359435,affinity_rank_group,intermediate,512,0.2823033247566539,0.0274883680762478,0.254814956680406
D1,4,m019_contiguous_substring,16cfd655e57fba08a658c1d50e1fe5976b2f905eee09ec260833cfb2b49d6f38,contiguous_substring,intermediate,4,0.0481665083346001,0.0007040596387285,0.0474624486958716
D1,4,m020_contiguous_substring,6fb076d21f3b26febc2e6a328628b3ea581ce0709de4263bbe675d61bdb74942,contiguous_substring,intermediate,4,0.0459753981558961,0.0007091147997397,0.0452662833561563
D1,4,m021_contiguous_substring,3ac98b3bd2edbbfc3b4339ca0066047ccba8e1cfa0ce798acbd27bab5b87d8af,contiguous_substring,intermediate,4,0.0373656770530367,0.0007326058118901,0.0366330712411466
D1,4,m022_contiguous_substring,fc015e86e4e7f2c734c05fb1135856a6186a7b6e6f3079acc6d6c6e4aa7442e4,contiguous_substring,intermediate,4,0.0278178697264149,0.0007753550436616,0.0270425146827532
D1,4,m023_contiguous_substring,6d8bb74bcdeefe62988bcebfe3cdb7110ea14648c3393721f4a4095032ddf61b,contiguous_substring,intermediate,4,0.033087110562129,0.0007344561486976,0.0323526544134314
D1,4,m024_contiguous_substring,94ab69bff5420fbcf4c18d7a247ef0e4b9577d1295271abf78a62f51c3b59a0f,contiguous_substring,intermediate,16,0.1347800679548486,0.0035358462758346,0.131244221679014
D1,4,m025_contiguous_substring,ae330f3e6dd51f734f790820a896827f916e8d775c69ea1f205c55aa81507fe0,contiguous_substring,intermediate,16,0.1200516972721365,0.0035277202808208,0.1165239769913156
D1,4,m026_contiguous_substring,5d3c5ea59a3a81c2ffdcfc7029fe0ab078b39be0217f1ee2611101845014273b,contiguous_substring,intermediate,16,0.1188057956934778,0.0036588291979856,0.1151469664954922
D1,4,m027_contiguous_substring,6edfbfdb62fbf79744d4ecfb6fe43de95b2133d87a10f24061ecc84297b1c267,contiguous_substring,intermediate,16,0.1097488119791219,0.0036627314532488,0.106086080525873
D1,4,m028_contiguous_substring,6f9a04216ce84ed3a2ef19a2010723c498d866f2bb5d6eda67ea1bd16782bfd8,contiguous_substring,intermediate,64,0.2060160421317653,0.0109948009214401,0.1950212412103251
D1,4,m029_contiguous_substring,8d4ddfbfac0226f6a695d6b22ee21fbf533251852e95baca71b09f7710bfb22c,contiguous_substring,intermediate,64,0.208598272185373,0.0109950382067192,0.1976032339786538
D1,4,m030_contiguous_substring,6ff19e1927dcafbb441ab0b4a0a61b92d1295d402f3277307a3f5b9d7850b98a,contiguous_substring,intermediate,64,0.2020892861222004,0.0107009490292224,0.191388337092978
D1,4,m031_contiguous_substring,c824c782df91faee7515c9d811fab43ed5426465074d2e812a5277507d28ae96,contiguous_substring,intermediate,256,0.2571244251839645,0.0210772889995829,0.2360471361843815
D1,4,m032_contiguous_substring,ef835eb9c371f618c6958654a7d25a1df1d12c09a53ecf66f9209fb882a8542d,contiguous_substring,intermediate,256,0.2565097986013453,0.0205805085579129,0.2359292900434323
D1,4,m033_identity,2f88e9ce00d238e7e011a7b140b413dcad818f1da41a721f914f1af604d0e217,identity,identity,1024,0.2858631698935974,0.0288028538709754,0.2570603160226219
D1,5,m000_constant,9f1dcbc35c350d6027f98be0f5c8b43b42ca52b7604459c0c42be3aa88913d47,constant,constant,1,8.008566259537293e-17,8.008566259537294e-17,-2.465190328815662e-32
D1,5,m001_balanced_random_group,92b504e9a4f322032a2ebce33411098a41a2a69d6887c968769f3a9a2ea21c06,balanced_random_group,intermediate,2,0.007151645947438,0.0002420964634177,0.0069095494840203
D1,5,m002_affinity_rank_group,3f53151fb2f814971fd6c0128c5c0b7afe1b5cb5257e46a1db18b8ebc9946d94,affinity_rank_group,intermediate,2,0.0101424521098152,0.0002323928187465,0.0099100592910687
D1,5,m003_balanced_random_group,9dfc99282a2611725eedb2b565b32cd10fc18a0134da7cdb73782304b3289c63,balanced_random_group,intermediate,4,0.0430747248192129,0.0007173994911523,0.0423573253280606
D1,5,m004_affinity_rank_group,92e56b0f11cdce879476507882d715f1eecc12de134fc3982530e28ffd4eba29,affinity_rank_group,intermediate,4,0.0346231222844688,0.0007181299152441,0.0339049923692247
D1,5,m005_balanced_random_group,e2b3ca6094b3924ebad53b485b64e15442e181cf7c3b24782a1ecc43aada1d67,balanced_random_group,intermediate,8,0.0791981537498876,0.0016823756687153,0.0775157780811723
D1,5,m006_affinity_rank_group,0a19adabdd017fc722384804e89caf4ecf35837689486f63c24094087da5c2ba,affinity_rank_group,intermediate,8,0.0784707904892196,0.0016989005052827,0.0767718899839368
D1,5,m007_balanced_random_group,1e9c498addbf3c84d0e7fa0b4a7ed1547a79d3addeb621aee136d71ed6115385,balanced_random_group,intermediate,16,0.1171138538721997,0.003623378218634,0.1134904756535656
D1,5,m008_affinity_rank_group,d176c8d0ee881709b5af7061b49578d8041bef9dde73ceb9e47e4dd86f7ee987,affinity_rank_group,intermediate,16,0.1238896091931813,0.0037397309161237,0.1201498782770576
D1,5,m009_balanced_random_group,0aed763827cb82fb93b7e68b65380843df3d67d84b6ded1b427ad8b179551498,balanced_random_group,intermediate,32,0.1700185585164424,0.0073882180143315,0.1626303405021108
D1,5,m010_affinity_rank_group,a08bb91ec0e66d0b3afe5332032fd3fb6769016bc04c2710b5e01a8e599df454,affinity_rank_group,intermediate,32,0.1709861830639772,0.007809367048908,0.1631768160150691
D1,5,m011_balanced_random_group,b63ae2e9169c6a1fbead64d1209982c801759cce33d761d4009afed76a67a448,balanced_random_group,intermediate,64,0.2387703643836321,0.0131348905988039,0.2256354737848281
D1,5,m012_affinity_rank_group,6ac4e014d135d7a7fbd4592fdf320f48570dc4bce5e1a5c2ca6054715b80f98a,affinity_rank_group,intermediate,64,0.2226108672872961,0.013347447906272,0.209263419381024
D1,5,m013_balanced_random_group,8592d3fec701388f78dc4afe98264f46de098d11b571e0fc626bdf4ef128244a,balanced_random_group,intermediate,128,0.250706302351311,0.0173879643535443,0.2333183379977666
D1,5,m014_affinity_rank_group,4c0d0a036a5c51abb14f88b143c35a9a2e7cecb590d4d0752b078fe3b59a18dd,affinity_rank_group,intermediate,128,0.2556572778106805,0.0184120138434239,0.2372452639672565
D1,5,m015_balanced_random_group,3f2241b0ff61b39e1ebdcccbaf77cc695344be10cc4c5c5e44bbc8cf4b9ee9e5,balanced_random_group,intermediate,256,0.2683464037663007,0.0220015152051573,0.2463448885611433
D1,5,m016_affinity_rank_group,cf78b05538711825e0795152b13c3d2c15b5cd16f89c1995f7b006d8bc57c6a2,affinity_rank_group,intermediate,256,0.2680567085993747,0.0218599871961683,0.2461967214032064
D1,5,m017_balanced_random_group,01c67fe0522330b039a343ca58f3517bce2156836302293eba1b0d27d77e2522,balanced_random_group,intermediate,512,0.2743599396177202,0.0247265289684358,0.2496334106492844
D1,5,m018_affinity_rank_group,24a6acb87a7364b0b1cbbe6fecc84df53e5243c78a06a6c6c4e7354b3e359435,affinity_rank_group,intermediate,512,0.2732258592015942,0.0237238807057732,0.2495019784958209
D1,5,m019_contiguous_substring,16cfd655e57fba08a658c1d50e1fe5976b2f905eee09ec260833cfb2b49d6f38,contiguous_substring,intermediate,4,0.0361974316834627,0.0007354431384326,0.0354619885450301
D1,5,m020_contiguous_substring,6fb076d21f3b26febc2e6a328628b3ea581ce0709de4263bbe675d61bdb74942,contiguous_substring,intermediate,4,0.0382234316575255,0.0007127066533377,0.0375107250041878
D1,5,m021_contiguous_substring,3ac98b3bd2edbbfc3b4339ca0066047ccba8e1cfa0ce798acbd27bab5b87d8af,contiguous_substring,intermediate,4,0.0323910595846863,0.0007213932992725,0.0316696662854137
D1,5,m022_contiguous_substring,fc015e86e4e7f2c734c05fb1135856a6186a7b6e6f3079acc6d6c6e4aa7442e4,contiguous_substring,intermediate,4,0.0368904830457656,0.000733646968464,0.0361568360773015
D1,5,m023_contiguous_substring,6d8bb74bcdeefe62988bcebfe3cdb7110ea14648c3393721f4a4095032ddf61b,contiguous_substring,intermediate,4,0.0444223220284777,0.0007314282644779,0.0436908937639997
D1,5,m024_contiguous_substring,94ab69bff5420fbcf4c18d7a247ef0e4b9577d1295271abf78a62f51c3b59a0f,contiguous_substring,intermediate,16,0.1268172588144071,0.0035256487910723,0.1232916100233347
D1,5,m025_contiguous_substring,ae330f3e6dd51f734f790820a896827f916e8d775c69ea1f205c55aa81507fe0,contiguous_substring,intermediate,16,0.1245860264040961,0.0034424200702066,0.1211436063338894
D1,5,m026_contiguous_substring,5d3c5ea59a3a81c2ffdcfc7029fe0ab078b39be0217f1ee2611101845014273b,contiguous_substring,intermediate,16,0.1227125357043548,0.0034671167351329,0.1192454189692219
D1,5,m027_contiguous_substring,6edfbfdb62fbf79744d4ecfb6fe43de95b2133d87a10f24061ecc84297b1c267,contiguous_substring,intermediate,16,0.1299540052519839,0.0034579620826839,0.1264960431693
D1,5,m028_contiguous_substring,6f9a04216ce84ed3a2ef19a2010723c498d866f2bb5d6eda67ea1bd16782bfd8,contiguous_substring,intermediate,64,0.1925765241847148,0.0099324715845179,0.1826440526001968
D1,5,m029_contiguous_substring,8d4ddfbfac0226f6a695d6b22ee21fbf533251852e95baca71b09f7710bfb22c,contiguous_substring,intermediate,64,0.1840779350481037,0.0099646309988452,0.1741133040492585
D1,5,m030_contiguous_substring,6ff19e1927dcafbb441ab0b4a0a61b92d1295d402f3277307a3f5b9d7850b98a,contiguous_substring,intermediate,64,0.1846376499299251,0.0097769543512091,0.1748606955787159
D1,5,m031_contiguous_substring,c824c782df91faee7515c9d811fab43ed5426465074d2e812a5277507d28ae96,contiguous_substring,intermediate,256,0.2414911454025087,0.0179535709235887,0.22353757447892
D1,5,m032_contiguous_substring,ef835eb9c371f618c6958654a7d25a1df1d12c09a53ecf66f9209fb882a8542d,contiguous_substring,intermediate,256,0.2371423602569815,0.0178099137395914,0.2193324465173901
D1,5,m033_identity,2f88e9ce00d238e7e011a7b140b413dcad818f1da41a721f914f1af604d0e217,identity,identity,1024,0.2758901571400171,0.0252770518108996,0.2506131053291174
D1,6,m000_constant,9f1dcbc35c350d6027f98be0f5c8b43b42ca52b7604459c0c42be3aa88913d47,constant,constant,1,8.008566259537293e-17,8.008566259537294e-17,-2.465190328815662e-32
D1,6,m001_balanced_random_group,92b504e9a4f322032a2ebce33411098a41a2a69d6887c968769f3a9a2ea21c06,balanced_random_group,intermediate,2,0.0110607766314776,0.0002416093883395,0.0108191672431381
D1,6,m002_affinity_rank_group,3f53151fb2f814971fd6c0128c5c0b7afe1b5cb5257e46a1db18b8ebc9946d94,affinity_rank_group,intermediate,2,0.005090192102405,0.0002480109672707,0.0048421811351343
D1,6,m003_balanced_random_group,9dfc99282a2611725eedb2b565b32cd10fc18a0134da7cdb73782304b3289c63,balanced_random_group,intermediate,4,0.0543125913444176,0.0007258129400692,0.0535867784043483
D1,6,m004_affinity_rank_group,92e56b0f11cdce879476507882d715f1eecc12de134fc3982530e28ffd4eba29,affinity_rank_group,intermediate,4,0.0349653561397307,0.0007399049332723,0.0342254512064583
D1,6,m005_balanced_random_group,e2b3ca6094b3924ebad53b485b64e15442e181cf7c3b24782a1ecc43aada1d67,balanced_random_group,intermediate,8,0.0721454376466154,0.0017006201035147,0.0704448175431006
D1,6,m006_affinity_rank_group,0a19adabdd017fc722384804e89caf4ecf35837689486f63c24094087da5c2ba,affinity_rank_group,intermediate,8,0.0855500420898394,0.0017060417380966,0.0838440003517428
D1,6,m007_balanced_random_group,1e9c498addbf3c84d0e7fa0b4a7ed1547a79d3addeb621aee136d71ed6115385,balanced_random_group,intermediate,16,0.1152347546176671,0.0037161279595344,0.1115186266581327
D1,6,m008_affinity_rank_group,d176c8d0ee881709b5af7061b49578d8041bef9dde73ceb9e47e4dd86f7ee987,affinity_rank_group,intermediate,16,0.1413251795724198,0.0037026578272213,0.1376225217451984
D1,6,m009_balanced_random_group,0aed763827cb82fb93b7e68b65380843df3d67d84b6ded1b427ad8b179551498,balanced_random_group,intermediate,32,0.1812056725550484,0.0074079375057825,0.1737977350492658
D1,6,m010_affinity_rank_group,a08bb91ec0e66d0b3afe5332032fd3fb6769016bc04c2710b5e01a8e599df454,affinity_rank_group,intermediate,32,0.1897282878658554,0.0074879508430166,0.1822403370228388
D1,6,m011_balanced_random_group,b63ae2e9169c6a1fbead64d1209982c801759cce33d761d4009afed76a67a448,balanced_random_group,intermediate,64,0.2096962708291301,0.012034349203443,0.197661921625687
D1,6,m012_affinity_rank_group,6ac4e014d135d7a7fbd4592fdf320f48570dc4bce5e1a5c2ca6054715b80f98a,affinity_rank_group,intermediate,64,0.2303072849526492,0.01270598916282,0.2176012957898292
D1,6,m013_balanced_random_group,8592d3fec701388f78dc4afe98264f46de098d11b571e0fc626bdf4ef128244a,balanced_random_group,intermediate,128,0.2363494045279903,0.017598519388583,0.2187508851394072
D1,6,m014_affinity_rank_group,4c0d0a036a5c51abb14f88b143c35a9a2e7cecb590d4d0752b078fe3b59a18dd,affinity_rank_group,intermediate,128,0.2545635662216998,0.0174308193239901,0.2371327468977096
D1,6,m015_balanced_random_group,3f2241b0ff61b39e1ebdcccbaf77cc695344be10cc4c5c5e44bbc8cf4b9ee9e5,balanced_random_group,intermediate,256,0.2629250474090764,0.0220520650275304,0.240872982381546
D1,6,m016_affinity_rank_group,cf78b05538711825e0795152b13c3d2c15b5cd16f89c1995f7b006d8bc57c6a2,affinity_rank_group,intermediate,256,0.2685925051789335,0.0222661198595263,0.2463263853194071
D1,6,m017_balanced_random_group,01c67fe0522330b039a343ca58f3517bce2156836302293eba1b0d27d77e2522,balanced_random_group,intermediate,512,0.267957302231279,0.0244882938947686,0.2434690083365104
D1,6,m018_affinity_rank_group,24a6acb87a7364b0b1cbbe6fecc84df53e5243c78a06a6c6c4e7354b3e359435,affinity_rank_group,intermediate,512,0.2736621123293608,0.0245285144814537,0.249133597847907
D1,6,m019_contiguous_substring,16cfd655e57fba08a658c1d50e1fe5976b2f905eee09ec260833cfb2b49d6f38,contiguous_substring,intermediate,4,0.0433374558168693,0.0007142311103937,0.0426232247064755
D1,6,m020_contiguous_substring,6fb076d21f3b26febc2e6a328628b3ea581ce0709de4263bbe675d61bdb74942,contiguous_substring,intermediate,4,0.0462275926371937,0.0007323525551347,0.0454952400820589
D1,6,m021_contiguous_substring,3ac98b3bd2edbbfc3b4339ca0066047ccba8e1cfa0ce798acbd27bab5b87d8af,contiguous_substring,intermediate,4,0.0399162100466825,0.0007299562617752,0.0391862537849072
D1,6,m022_contiguous_substring,fc015e86e4e7f2c734c05fb1135856a6186a7b6e6f3079acc6d6c6e4aa7442e4,contiguous_substring,intermediate,4,0.0305912248684864,0.0007159916048795,0.0298752332636068
D1,6,m023_contiguous_substring,6d8bb74bcdeefe62988bcebfe3cdb7110ea14648c3393721f4a4095032ddf61b,contiguous_substring,intermediate,4,0.0305464914978735,0.0007179308912448,0.0298285606066286
D1,6,m024_contiguous_substring,94ab69bff5420fbcf4c18d7a247ef0e4b9577d1295271abf78a62f51c3b59a0f,contiguous_substring,intermediate,16,0.1093125243160027,0.0035047366592708,0.1058077876567318
D1,6,m025_contiguous_substring,ae330f3e6dd51f734f790820a896827f916e8d775c69ea1f205c55aa81507fe0,contiguous_substring,intermediate,16,0.129968062289202,0.0035053554376174,0.1264627068515846
D1,6,m026_contiguous_substring,5d3c5ea59a3a81c2ffdcfc7029fe0ab078b39be0217f1ee2611101845014273b,contiguous_substring,intermediate,16,0.1162443427755718,0.003508845563549,0.1127354972120227
D1,6,m027_contiguous_substring,6edfbfdb62fbf79744d4ecfb6fe43de95b2133d87a10f24061ecc84297b1c267,contiguous_substring,intermediate,16,0.1284168010887489,0.0035461764954835,0.1248706245932653
D1,6,m028_contiguous_substring,6f9a04216ce84ed3a2ef19a2010723c498d866f2bb5d6eda67ea1bd16782bfd8,contiguous_substring,intermediate,64,0.2088961850794363,0.0104142551402926,0.1984819299391437
D1,6,m029_contiguous_substring,8d4ddfbfac0226f6a695d6b22ee21fbf533251852e95baca71b09f7710bfb22c,contiguous_substring,intermediate,64,0.2101818542919724,0.0103490702722759,0.1998327840196964
D1,6,m030_contiguous_substring,6ff19e1927dcafbb441ab0b4a0a61b92d1295d402f3277307a3f5b9d7850b98a,contiguous_substring,intermediate,64,0.2084356930076319,0.0101795849706585,0.1982561080369734
D1,6,m031_contiguous_substring,c824c782df91faee7515c9d811fab43ed5426465074d2e812a5277507d28ae96,contiguous_substring,intermediate,256,0.2569254338565815,0.0186088590003508,0.2383165748562306
D1,6,m032_contiguous_substring,ef835eb9c371f618c6958654a7d25a1df1d12c09a53ecf66f9209fb882a8542d,contiguous_substring,intermediate,256,0.2529608358388789,0.0186581416199248,0.234302694218954
D1,6,m033_identity,2f88e9ce00d238e7e011a7b140b413dcad818f1da41a721f914f1af604d0e217,identity,identity,1024,0.2751514716399015,0.0256683974685686,0.2494830741713328
D1,7,m000_constant,9f1dcbc35c350d6027f98be0f5c8b43b42ca52b7604459c0c42be3aa88913d47,constant,constant,1,0.0,0.0,0.0
D1,7,m001_balanced_random_group,92b504e9a4f322032a2ebce33411098a41a2a69d6887c968769f3a9a2ea21c06,balanced_random_group,intermediate,2,0.0135238395822785,0.0002335733994392,0.0132902661828393
D1,7,m002_affinity_rank_group,3f53151fb2f814971fd6c0128c5c0b7afe1b5cb5257e46a1db18b8ebc9946d94,affinity_rank_group,intermediate,2,0.0127538968524775,0.0002401192975842,0.0125137775548932
D1,7,m003_balanced_random_group,9dfc99282a2611725eedb2b565b32cd10fc18a0134da7cdb73782304b3289c63,balanced_random_group,intermediate,4,0.0431081108709872,0.0007384726252186,0.0423696382457686
D1,7,m004_affinity_rank_group,92e56b0f11cdce879476507882d715f1eecc12de134fc3982530e28ffd4eba29,affinity_rank_group,intermediate,4,0.0359949139504945,0.0007168629900927,0.0352780509604017
D1,7,m005_balanced_random_group,e2b3ca6094b3924ebad53b485b64e15442e181cf7c3b24782a1ecc43aada1d67,balanced_random_group,intermediate,8,0.1007183408939055,0.0017265700191564,0.098991770874749
D1,7,m006_affinity_rank_group,0a19adabdd017fc722384804e89caf4ecf35837689486f63c24094087da5c2ba,affinity_rank_group,intermediate,8,0.0752707651348755,0.0017105143795979,0.0735602507552775
D1,7,m007_balanced_random_group,1e9c498addbf3c84d0e7fa0b4a7ed1547a79d3addeb621aee136d71ed6115385,balanced_random_group,intermediate,16,0.1794640989507267,0.0037685298979229,0.1756955690528037
D1,7,m008_affinity_rank_group,d176c8d0ee881709b5af7061b49578d8041bef9dde73ceb9e47e4dd86f7ee987,affinity_rank_group,intermediate,16,0.1224505298203458,0.0037392165411818,0.118711313279164
D1,7,m009_balanced_random_group,0aed763827cb82fb93b7e68b65380843df3d67d84b6ded1b427ad8b179551498,balanced_random_group,intermediate,32,0.1771374150388299,0.0075499698854535,0.1695874451533764
D1,7,m010_affinity_rank_group,a08bb91ec0e66d0b3afe5332032fd3fb6769016bc04c2710b5e01a8e599df454,affinity_rank_group,intermediate,32,0.1870203991178996,0.0076819002571764,0.1793384988607232
D1,7,m011_balanced_random_group,b63ae2e9169c6a1fbead64d1209982c801759cce33d761d4009afed76a67a448,balanced_random_group,intermediate,64,0.2379894144156411,0.0134909012117351,0.2244985132039059
D1,7,m012_affinity_rank_group,6ac4e014d135d7a7fbd4592fdf320f48570dc4bce5e1a5c2ca6054715b80f98a,affinity_rank_group,intermediate,64,0.2244134113358382,0.0132808160627747,0.2111325952730634
D1,7,m013_balanced_random_group,8592d3fec701388f78dc4afe98264f46de098d11b571e0fc626bdf4ef128244a,balanced_random_group,intermediate,128,0.2716328109280491,0.0193419387507554,0.2522908721772936
D1,7,m014_affinity_rank_group,4c0d0a036a5c51abb14f88b143c35a9a2e7cecb590d4d0752b078fe3b59a18dd,affinity_rank_group,intermediate,128,0.2434382220805704,0.018821683025682,0.2246165390548884
D1,7,m015_balanced_random_group,3f2241b0ff61b39e1ebdcccbaf77cc695344be10cc4c5c5e44bbc8cf4b9ee9e5,balanced_random_group,intermediate,256,0.2834838403809595,0.0235663712888603,0.2599174690920991
D1,7,m016_affinity_rank_group,cf78b05538711825e0795152b13c3d2c15b5cd16f89c1995f7b006d8bc57c6a2,affinity_rank_group,intermediate,256,0.270571076558482,0.0230244500100688,0.2475466265484131
D1,7,m017_balanced_random_group,01c67fe0522330b039a343ca58f3517bce2156836302293eba1b0d27d77e2522,balanced_random_group,intermediate,512,0.2880621157103477,0.0261341963317508,0.2619279193785969
D1,7,m018_affinity_rank_group,24a6acb87a7364b0b1cbbe6fecc84df53e5243c78a06a6c6c4e7354b3e359435,affinity_rank_group,intermediate,512,0.2846002330375562,0.026153358892801,0.2584468741447551
D1,7,m019_contiguous_substring,16cfd655e57fba08a658c1d50e1fe5976b2f905eee09ec260833cfb2b49d6f38,contiguous_substring,intermediate,4,0.0596418665054162,0.0007330393946629,0.0589088271107533
D1,7,m020_contiguous_substring,6fb076d21f3b26febc2e6a328628b3ea581ce0709de4263bbe675d61bdb74942,contiguous_substring,intermediate,4,0.0516014563942676,0.0007273768740546,0.050874079520213
D1,7,m021_contiguous_substring,3ac98b3bd2edbbfc3b4339ca0066047ccba8e1cfa0ce798acbd27bab5b87d8af,contiguous_substring,intermediate,4,0.0281113195418807,0.0007372231571018,0.0273740963847789
D1,7,m022_contiguous_substring,fc015e86e4e7f2c734c05fb1135856a6186a7b6e6f3079acc6d6c6e4aa7442e4,contiguous_substring,intermediate,4,0.0392533980651915,0.0007382070523265,0.0385151910128649
D1,7,m023_contiguous_substring,6d8bb74bcdeefe62988bcebfe3cdb7110ea14648c3393721f4a4095032ddf61b,contiguous_substring,intermediate,4,0.0357306271209324,0.0007098237733805,0.0350208033475519
D1,7,m024_contiguous_substring,94ab69bff5420fbcf4c18d7a247ef0e4b9577d1295271abf78a62f51c3b59a0f,contiguous_substring,intermediate,16,0.1499160135263314,0.0034486823644917,0.1464673311618397
D1,7,m025_contiguous_substring,ae330f3e6dd51f734f790820a896827f916e8d775c69ea1f205c55aa81507fe0,contiguous_substring,intermediate,16,0.1200232681265871,0.0035569171057054,0.1164663510208817
D1,7,m026_contiguous_substring,5d3c5ea59a3a81c2ffdcfc7029fe0ab078b39be0217f1ee2611101845014273b,contiguous_substring,intermediate,16,0.1113944712289003,0.0036097975602954,0.1077846736686048
D1,7,m027_contiguous_substring,6edfbfdb62fbf79744d4ecfb6fe43de95b2133d87a10f24061ecc84297b1c267,contiguous_substring,intermediate,16,0.1405184377497587,0.0035536498228467,0.1369647879269119
D1,7,m028_contiguous_substring,6f9a04216ce84ed3a2ef19a2010723c498d866f2bb5d6eda67ea1bd16782bfd8,contiguous_substring,intermediate,64,0.2103330002439492,0.0104567302464173,0.1998762699975318
D1,7,m029_contiguous_substring,8d4ddfbfac0226f6a695d6b22ee21fbf533251852e95baca71b09f7710bfb22c,contiguous_substring,intermediate,64,0.2041628388352011,0.0110056409223779,0.1931571979128231
D1,7,m030_contiguous_substring,6ff19e1927dcafbb441ab0b4a0a61b92d1295d402f3277307a3f5b9d7850b98a,contiguous_substring,intermediate,64,0.2198224142621494,0.0109628156457856,0.2088595986163638
D1,7,m031_contiguous_substring,c824c782df91faee7515c9d811fab43ed5426465074d2e812a5277507d28ae96,contiguous_substring,intermediate,256,0.255572776515351,0.0194382548220634,0.2361345216932875
D1,7,m032_contiguous_substring,ef835eb9c371f618c6958654a7d25a1df1d12c09a53ecf66f9209fb882a8542d,contiguous_substring,intermediate,256,0.2661645528831169,0.0202012579860559,0.2459632948970609
D1,7,m033_identity,2f88e9ce00d238e7e011a7b140b413dcad818f1da41a721f914f1af604d0e217,identity,identity,1024,0.2896683218519399,0.027297868329632,0.2623704535223078
D2,0,m000_constant,9f1dcbc35c350d6027f98be0f5c8b43b42ca52b7604459c0c42be3aa88913d47,constant,constant,1,-8.008566259537297e-17,-8.008566259537297e-17,0.0
D2,0,m001_balanced_random_group,d52123e063e4c7f12cf7d331526a34d45a7db62b251fda39a52b7a6e51dc81da,balanced_random_group,intermediate,2,0.1079325587458176,0.0017013215904315,0.1062312371553861
D2,0,m002_affinity_rank_group,3f53151fb2f814971fd6c0128c5c0b7afe1b5cb5257e46a1db18b8ebc9946d94,affinity_rank_group,intermediate,2,0.111510288455002,0.0016603678099663,0.1098499206450356
D2,0,m003_balanced_random_group,4daeed799e72bb6401d991026fcc59ed40b3ce561e3c7dcca0ae6832935d9374,balanced_random_group,intermediate,4,0.1390187412971607,0.0049895843602013,0.1340291569369593
D2,0,m004_affinity_rank_group,92e56b0f11cdce879476507882d715f1eecc12de134fc3982530e28ffd4eba29,affinity_rank_group,intermediate,4,0.1286807032956098,0.005282112497095,0.1233985907985147
D2,0,m005_balanced_random_group,133f24f68b3fddec3d8ed9a85a422bfcf4737bd728e769f2b1a595571768ceb1,balanced_random_group,intermediate,8,0.1637731100417408,0.0096011778268034,0.1541719322149374
D2,0,m006_affinity_rank_group,0a19adabdd017fc722384804e89caf4ecf35837689486f63c24094087da5c2ba,affinity_rank_group,intermediate,8,0.1967870402130268,0.0118254083803727,0.184961631832654
D2,0,m007_balanced_random_group,25ccd77da6a7a52851f2f535e8b83f3d72cca793b3fce300949dd17a4f765737,balanced_random_group,intermediate,16,0.1148910995948086,0.0151136006367823,0.0997774989580263
D2,0,m008_affinity_rank_group,d176c8d0ee881709b5af7061b49578d8041bef9dde73ceb9e47e4dd86f7ee987,affinity_rank_group,intermediate,16,0.2035436898481246,0.0170844748160242,0.1864592150321004
D2,0,m009_balanced_random_group,69c0c7f3bb16611e92670e95a45404361a87cf0019841eec47307d17f9b18d02,balanced_random_group,intermediate,32,0.2113752003448466,0.0198511834662477,0.1915240168785989
D2,0,m010_affinity_rank_group,a08bb91ec0e66d0b3afe5332032fd3fb6769016bc04c2710b5e01a8e599df454,affinity_rank_group,intermediate,32,0.2103839258518335,0.0200283515630167,0.1903555742888167
D2,0,m011_balanced_random_group,9ee348dcdb60a6d8b94644daf4e24f585414a22ccc692248a0eea7ff6d53b127,balanced_random_group,intermediate,64,0.2159275075403713,0.0229779385221196,0.1929495690182517
D2,0,m012_affinity_rank_group,6ac4e014d135d7a7fbd4592fdf320f48570dc4bce5e1a5c2ca6054715b80f98a,affinity_rank_group,intermediate,64,0.2161557210433337,0.0233359550927485,0.1928197659505851
D2,0,m013_balanced_random_group,c127ba6cf2bef776473edf53f0da2b8df4d42a0566a9850f3d21195dea5e8dc9,balanced_random_group,intermediate,128,0.2158279320210446,0.0227902216923293,0.1930377103287152
D2,0,m014_affinity_rank_group,4c0d0a036a5c51abb14f88b143c35a9a2e7cecb590d4d0752b078fe3b59a18dd,affinity_rank_group,intermediate,128,0.2161557210433336,0.0233359550927484,0.1928197659505851
D2,0,m015_balanced_random_group,d938170ba1bbcea521c8f61e2a21a624aedf2e1facb1d1b7a73246f98e6abbb1,balanced_random_group,intermediate,256,0.2174181934906567,0.0231732563905638,0.1942449371000929
D2,0,m016_affinity_rank_group,cf78b05538711825e0795152b13c3d2c15b5cd16f89c1995f7b006d8bc57c6a2,affinity_rank_group,intermediate,256,0.2164917932514992,0.0236450810522167,0.1928467121992824
D2,0,m017_balanced_random_group,b6b3bc7bfea0b8024176555b6791456fefb568bbd841db8af65e2e3f9b06bc11,balanced_random_group,intermediate,512,0.2176652311084234,0.0240960411770653,0.1935691899313581
D2,0,m018_affinity_rank_group,24a6acb87a7364b0b1cbbe6fecc84df53e5243c78a06a6c6c4e7354b3e359435,affinity_rank_group,intermediate,512,0.2176652311084235,0.0240960411770653,0.1935691899313581
D2,0,m019_contiguous_substring,16cfd655e57fba08a658c1d50e1fe5976b2f905eee09ec260833cfb2b49d6f38,contiguous_substring,intermediate,4,0.1418377163276016,0.0036037184775404,0.1382339978500611
D2,0,m020_contiguous_substring,6fb076d21f3b26febc2e6a328628b3ea581ce0709de4263bbe675d61bdb74942,contiguous_substring,intermediate,4,0.1471012059997044,0.0039196586859994,0.1431815473137049
D2,0,m021_contiguous_substring,3ac98b3bd2edbbfc3b4339ca0066047ccba8e1cfa0ce798acbd27bab5b87d8af,contiguous_substring,intermediate,4,0.0825767282891201,0.0041730664868484,0.0784036618022716
D2,0,m022_contiguous_substring,fc015e86e4e7f2c734c05fb1135856a6186a7b6e6f3079acc6d6c6e4aa7442e4,contiguous_substring,intermediate,4,0.1374116639574746,0.0037788477483916,0.1336328162090829
D2,0,m023_contiguous_substring,6d8bb74bcdeefe62988bcebfe3cdb7110ea14648c3393721f4a4095032ddf61b,contiguous_substring,intermediate,4,0.0989252518430867,0.0048395890172047,0.094085662825882
D2,0,m024_contiguous_substring,94ab69bff5420fbcf4c18d7a247ef0e4b9577d1295271abf78a62f51c3b59a0f,contiguous_substring,intermediate,16,0.1713110956428974,0.0090719941749302,0.1622391014679672
D2,0,m025_contiguous_substring,ae330f3e6dd51f734f790820a896827f916e8d775c69ea1f205c55aa81507fe0,contiguous_substring,intermediate,16,0.1825753166394456,0.0097625808812288,0.1728127357582167
D2,0,m026_contiguous_substring,5d3c5ea59a3a81c2ffdcfc7029fe0ab078b39be0217f1ee2611101845014273b,contiguous_substring,intermediate,16,0.165659512357304,0.0087998258218152,0.1568596865354888
D2,0,m027_contiguous_substring,6edfbfdb62fbf79744d4ecfb6fe43de95b2133d87a10f24061ecc84297b1c267,contiguous_substring,intermediate,16,0.1615503315878523,0.0100524136687084,0.1514979179191438
D2,0,m028_contiguous_substring,6f9a04216ce84ed3a2ef19a2010723c498d866f2bb5d6eda67ea1bd16782bfd8,contiguous_substring,intermediate,64,0.190807331071576,0.0141046648865826,0.1767026661849934
D2,0,m029_contiguous_substring,8d4ddfbfac0226f6a695d6b22ee21fbf533251852e95baca71b09f7710bfb22c,contiguous_substring,intermediate,64,0.1938755545846202,0.0139351715695449,0.1799403830150752
D2,0,m030_contiguous_substring,6ff19e1927dcafbb441ab0b4a0a61b92d1295d402f3277307a3f5b9d7850b98a,contiguous_substring,intermediate,64,0.182578044141091,0.0151168582958907,0.1674611858452002
D2,0,m031_contiguous_substring,c824c782df91faee7515c9d811fab43ed5426465074d2e812a5277507d28ae96,contiguous_substring,intermediate,256,0.2001742460918076,0.0182502219430963,0.1819240241487113
D2,0,m032_contiguous_substring,ef835eb9c371f618c6958654a7d25a1df1d12c09a53ecf66f9209fb882a8542d,contiguous_substring,intermediate,256,0.2125061087302391,0.0197738016327102,0.1927323070975289
D2,0,m033_identity,2f88e9ce00d238e7e011a7b140b413dcad818f1da41a721f914f1af604d0e217,identity,identity,1024,0.2176652311084235,0.0240960411770654,0.1935691899313581
D2,1,m000_constant,9f1dcbc35c350d6027f98be0f5c8b43b42ca52b7604459c0c42be3aa88913d47,constant,constant,1,8.008566259537294e-17,8.008566259537294e-17,-1.232595164407831e-32
D2,1,m001_balanced_random_group,d52123e063e4c7f12cf7d331526a34d45a7db62b251fda39a52b7a6e51dc81da,balanced_random_group,intermediate,2,0.0189282864201575,0.0017214416518624,0.017206844768295
D2,1,m002_affinity_rank_group,3f53151fb2f814971fd6c0128c5c0b7afe1b5cb5257e46a1db18b8ebc9946d94,affinity_rank_group,intermediate,2,0.0598602054366548,0.0016893182890773,0.0581708871475775
D2,1,m003_balanced_random_group,4daeed799e72bb6401d991026fcc59ed40b3ce561e3c7dcca0ae6832935d9374,balanced_random_group,intermediate,4,0.1714230964722305,0.0052793934850849,0.1661437029871456
D2,1,m004_affinity_rank_group,92e56b0f11cdce879476507882d715f1eecc12de134fc3982530e28ffd4eba29,affinity_rank_group,intermediate,4,0.1350906029952789,0.0048369512971355,0.1302536516981433
D2,1,m005_balanced_random_group,133f24f68b3fddec3d8ed9a85a422bfcf4737bd728e769f2b1a595571768ceb1,balanced_random_group,intermediate,8,0.2027934787287035,0.0120135081752675,0.1907799705534359
D2,1,m006_affinity_rank_group,0a19adabdd017fc722384804e89caf4ecf35837689486f63c24094087da5c2ba,affinity_rank_group,intermediate,8,0.2075041425812943,0.0105854408121764,0.1969187017691179
D2,1,m007_balanced_random_group,25ccd77da6a7a52851f2f535e8b83f3d72cca793b3fce300949dd17a4f765737,balanced_random_group,intermediate,16,0.2040034651627089,0.0175420158668313,0.1864614492958775
D2,1,m008_affinity_rank_group,d176c8d0ee881709b5af7061b49578d8041bef9dde73ceb9e47e4dd86f7ee987,affinity_rank_group,intermediate,16,0.2269905164835625,0.01837731053977,0.2086132059437925
D2,1,m009_balanced_random_group,69c0c7f3bb16611e92670e95a45404361a87cf0019841eec47307d17f9b18d02,balanced_random_group,intermediate,32,0.2412519961657429,0.0221598685597271,0.2190921276060158
D2,1,m010_affinity_rank_group,a08bb91ec0e66d0b3afe5332032fd3fb6769016bc04c2710b5e01a8e599df454,affinity_rank_group,intermediate,32,0.2406563952865438,0.0240541226610715,0.2166022726254723
D2,1,m011_balanced_random_group,9ee348dcdb60a6d8b94644daf4e24f585414a22ccc692248a0eea7ff6d53b127,balanced_random_group,intermediate,64,0.2583817143095193,0.0279101297020405,0.2304715846074786
D2,1,m012_affinity_rank_group,6ac4e014d135d7a7fbd4592fdf320f48570dc4bce5e1a5c2ca6054715b80f98a,affinity_rank_group,intermediate,64,0.2486971587213456,0.0291437134109776,0.2195534453103679
D2,1,m013_balanced_random_group,c127ba6cf2bef776473edf53f0da2b8df4d42a0566a9850f3d21195dea5e8dc9,balanced_random_group,intermediate,128,0.2660110214838512,0.0312568054881141,0.2347542159957371
D2,1,m014_affinity_rank_group,4c0d0a036a5c51abb14f88b143c35a9a2e7cecb590d4d0752b078fe3b59a18dd,affinity_rank_group,intermediate,128,0.2673080613427444,0.031823604833348,0.2354844565093963
D2,1,m015_balanced_random_group,d938170ba1bbcea521c8f61e2a21a624aedf2e1facb1d1b7a73246f98e6abbb1,balanced_random_group,intermediate,256,0.2663494557565706,0.0319729746115797,0.2343764811449908
D2,1,m016_affinity_rank_group,cf78b05538711825e0795152b13c3d2c15b5cd16f89c1995f7b006d8bc57c6a2,affinity_rank_group,intermediate,256,0.2676986863427442,0.0322394295402947,0.2354592568024495
D2,1,m017_balanced_random_group,b6b3bc7bfea0b8024176555b6791456fefb568bbd841db8af65e2e3f9b06bc11,balanced_random_group,intermediate,512,0.2677089960110692,0.0321841427759884,0.2355248532350808
D2,1,m018_affinity_rank_group,24a6acb87a7364b0b1cbbe6fecc84df53e5243c78a06a6c6c4e7354b3e359435,affinity_rank_group,intermediate,512,0.2681436482427307,0.0326045675825203,0.2355390806602103
D2,1,m019_contiguous_substring,16cfd655e57fba08a658c1d50e1fe5976b2f905eee09ec260833cfb2b49d6f38,contiguous_substring,intermediate,4,0.1547243306786929,0.0046302896493794,0.1500940410293134
D2,1,m020_contiguous_substring,6fb076d21f3b26febc2e6a328628b3ea581ce0709de4263bbe675d61bdb74942,contiguous_substring,intermediate,4,0.1310164671680784,0.0050458611908429,0.1259706059772354
D2,1,m021_contiguous_substring,3ac98b3bd2edbbfc3b4339ca0066047ccba8e1cfa0ce798acbd27bab5b87d8af,contiguous_substring,intermediate,4,0.1086297887900927,0.0036975478583087,0.104932240931784
D2,1,m022_contiguous_substring,fc015e86e4e7f2c734c05fb1135856a6186a7b6e6f3079acc6d6c6e4aa7442e4,contiguous_substring,intermediate,4,0.1195560551740528,0.0041991701435722,0.1153568850304806
D2,1,m023_contiguous_substring,6d8bb74bcdeefe62988bcebfe3cdb7110ea14648c3393721f4a4095032ddf61b,contiguous_substring,intermediate,4,0.0772165776697331,0.0045166958629765,0.0726998818067565
D2,1,m024_contiguous_substring,94ab69bff5420fbcf4c18d7a247ef0e4b9577d1295271abf78a62f51c3b59a0f,contiguous_substring,intermediate,16,0.1942140374525769,0.0122232883020466,0.1819907491505303
D2,1,m025_contiguous_substring,ae330f3e6dd51f734f790820a896827f916e8d775c69ea1f205c55aa81507fe0,contiguous_substring,intermediate,16,0.1560556656099174,0.0103370633852321,0.1457186022246853
D2,1,m026_contiguous_substring,5d3c5ea59a3a81c2ffdcfc7029fe0ab078b39be0217f1ee2611101845014273b,contiguous_substring,intermediate,16,0.1524424377935498,0.010813099208077,0.1416293385854728
D2,1,m027_contiguous_substring,6edfbfdb62fbf79744d4ecfb6fe43de95b2133d87a10f24061ecc84297b1c267,contiguous_substring,intermediate,16,0.1418780429643094,0.0111574055760745,0.1307206373882349
D2,1,m028_contiguous_substring,6f9a04216ce84ed3a2ef19a2010723c498d866f2bb5d6eda67ea1bd16782bfd8,contiguous_substring,intermediate,64,0.2222294760265404,0.0189209212502623,0.2033085547762781
D2,1,m029_contiguous_substring,8d4ddfbfac0226f6a695d6b22ee21fbf533251852e95baca71b09f7710bfb22c,contiguous_substring,intermediate,64,0.1793426142491813,0.0178826557824821,0.1614599584666991
D2,1,m030_contiguous_substring,6ff19e1927dcafbb441ab0b4a0a61b92d1295d402f3277307a3f5b9d7850b98a,contiguous_substring,intermediate,64,0.1698773311596334,0.0165513066386219,0.1533260245210114
D2,1,m031_contiguous_substring,c824c782df91faee7515c9d811fab43ed5426465074d2e812a5277507d28ae96,contiguous_substring,intermediate,256,0.2468496891246261,0.0265184860713317,0.2203312030532944
D2,1,m032_contiguous_substring,ef835eb9c371f618c6958654a7d25a1df1d12c09a53ecf66f9209fb882a8542d,contiguous_substring,intermediate,256,0.1995585056992078,0.0239385800009864,0.1756199256982214
D2,1,m033_identity,2f88e9ce00d238e7e011a7b140b413dcad818f1da41a721f914f1af604d0e217,identity,identity,1024,0.2681436482427305,0.0326045675825203,0.2355390806602101
D2,2,m000_constant,9f1dcbc35c350d6027f98be0f5c8b43b42ca52b7604459c0c42be3aa88913d47,constant,constant,1,0.0,0.0,0.0
D2,2,m001_balanced_random_group,d52123e063e4c7f12cf7d331526a34d45a7db62b251fda39a52b7a6e51dc81da,balanced_random_group,intermediate,2,0.1309846001320688,0.0016678653395096,0.1293167347925591
D2,2,m002_affinity_rank_group,3f53151fb2f814971fd6c0128c5c0b7afe1b5cb5257e46a1db18b8ebc9946d94,affinity_rank_group,intermediate,2,0.0444042840340654,0.0016872815107862,0.0427170025232791
D2,2,m003_balanced_random_group,4daeed799e72bb6401d991026fcc59ed40b3ce561e3c7dcca0ae6832935d9374,balanced_random_group,intermediate,4,0.1537850472137356,0.0051171432057042,0.1486679040080314
D2,2,m004_affinity_rank_group,92e56b0f11cdce879476507882d715f1eecc12de134fc3982530e28ffd4eba29,affinity_rank_group,intermediate,4,0.1281064235659761,0.0050919803759196,0.1230144431900565
D2,2,m005_balanced_random_group,133f24f68b3fddec3d8ed9a85a422bfcf4737bd728e769f2b1a595571768ceb1,balanced_random_group,intermediate,8,0.2096245797085386,0.0116301096558616,0.197994470052677
D2,2,m006_affinity_rank_group,0a19adabdd017fc722384804e89caf4ecf35837689486f63c24094087da5c2ba,affinity_rank_group,intermediate,8,0.1594860626480726,0.010510651831294,0.1489754108167785
D2,2,m007_balanced_random_group,25ccd77da6a7a52851f2f535e8b83f3d72cca793b3fce300949dd17a4f765737,balanced_random_group,intermediate,16,0.2298800658813886,0.0147922938571089,0.2150877720242796
D2,2,m008_affinity_rank_group,d176c8d0ee881709b5af7061b49578d8041bef9dde73ceb9e47e4dd86f7ee987,affinity_rank_group,intermediate,16,0.2269484976822525,0.0166660684492322,0.2102824292330202
D2,2,m009_balanced_random_group,69c0c7f3bb16611e92670e95a45404361a87cf0019841eec47307d17f9b18d02,balanced_random_group,intermediate,32,0.2157128438272315,0.0203467039621327,0.1953661398650988
D2,2,m010_affinity_rank_group,a08bb91ec0e66d0b3afe5332032fd3fb6769016bc04c2710b5e01a8e599df454,affinity_rank_group,intermediate,32,0.2559533580461318,0.0220966790706243,0.2338566789755074
D2,2,m011_balanced_random_group,9ee348dcdb60a6d8b94644daf4e24f585414a22ccc692248a0eea7ff6d53b127,balanced_random_group,intermediate,64,0.2627247427474883,0.0236026530270419,0.2391220897204464
D2,2,m012_affinity_rank_group,6ac4e014d135d7a7fbd4592fdf320f48570dc4bce5e1a5c2ca6054715b80f98a,affinity_rank_group,intermediate,64,0.2574896253878167,0.0241887846129738,0.2333008407748428
D2,2,m013_balanced_random_group,c127ba6cf2bef776473edf53f0da2b8df4d42a0566a9850f3d21195dea5e8dc9,balanced_random_group,intermediate,128,0.2626369436272733,0.0259165118155845,0.2367204318116887
D2,2,m014_affinity_rank_group,4c0d0a036a5c51abb14f88b143c35a9a2e7cecb590d4d0752b078fe3b59a18dd,affinity_rank_group,intermediate,128,0.264452560654282,0.0258096084530505,0.2386429522012314
D2,2,m015_balanced_random_group,d938170ba1bbcea521c8f61e2a21a624aedf2e1facb1d1b7a73246f98e6abbb1,balanced_random_group,intermediate,256,0.2655713754871696,0.0266279432566993,0.2389434322304702
D2,2,m016_affinity_rank_group,cf78b05538711825e0795152b13c3d2c15b5cd16f89c1995f7b006d8bc57c6a2,affinity_rank_group,intermediate,256,0.2655713754871695,0.0266279432566993,0.2389434322304702
D2,2,m017_balanced_random_group,b6b3bc7bfea0b8024176555b6791456fefb568bbd841db8af65e2e3f9b06bc11,balanced_random_group,intermediate,512,0.2655713754871695,0.0266279432566993,0.2389434322304702
D2,2,m018_affinity_rank_group,24a6acb87a7364b0b1cbbe6fecc84df53e5243c78a06a6c6c4e7354b3e359435,affinity_rank_group,intermediate,512,0.2655713754871694,0.0266279432566993,0.2389434322304701
D2,2,m019_contiguous_substring,16cfd655e57fba08a658c1d50e1fe5976b2f905eee09ec260833cfb2b49d6f38,contiguous_substring,intermediate,4,0.1747134973649569,0.0039147786301022,0.1707987187348547
D2,2,m020_contiguous_substring,6fb076d21f3b26febc2e6a328628b3ea581ce0709de4263bbe675d61bdb74942,contiguous_substring,intermediate,4,0.1379067890777084,0.0055249793389547,0.1323818097387537
D2,2,m021_contiguous_substring,3ac98b3bd2edbbfc3b4339ca0066047ccba8e1cfa0ce798acbd27bab5b87d8af,contiguous_substring,intermediate,4,0.0891741708633746,0.0039668673871217,0.0852073034762529
D2,2,m022_contiguous_substring,fc015e86e4e7f2c734c05fb1135856a6186a7b6e6f3079acc6d6c6e4aa7442e4,contiguous_substring,intermediate,4,0.1562087805261686,0.0032218345227349,0.1529869460034337
D2,2,m023_contiguous_substring,6d8bb74bcdeefe62988bcebfe3cdb7110ea14648c3393721f4a4095032ddf61b,contiguous_substring,intermediate,4,0.1435227579506063,0.0045824309694417,0.1389403269811645
D2,2,m024_contiguous_substring,94ab69bff5420fbcf4c18d7a247ef0e4b9577d1295271abf78a62f51c3b59a0f,contiguous_substring,intermediate,16,0.2279993668679331,0.0113068401797849,0.2166925266881481
D2,2,m025_contiguous_substring,ae330f3e6dd51f734f790820a896827f916e8d775c69ea1f205c55aa81507fe0,contiguous_substring,intermediate,16,0.2141125868114549,0.0105988143713788,0.2035137724400761
D2,2,m026_contiguous_substring,5d3c5ea59a3a81c2ffdcfc7029fe0ab078b39be0217f1ee2611101845014273b,contiguous_substring,intermediate,16,0.1833981500999241,0.007931712835015,0.1754664372649091
D2,2,m027_contiguous_substring,6edfbfdb62fbf79744d4ecfb6fe43de95b2133d87a10f24061ecc84297b1c267,contiguous_substring,intermediate,16,0.176330117694416,0.0092168366219418,0.1671132810724742
D2,2,m028_contiguous_substring,6f9a04216ce84ed3a2ef19a2010723c498d866f2bb5d6eda67ea1bd16782bfd8,contiguous_substring,intermediate,64,0.2386403772181665,0.0154134827931651,0.2232268944250014
D2,2,m029_contiguous_substring,8d4ddfbfac0226f6a695d6b22ee21fbf533251852e95baca71b09f7710bfb22c,contiguous_substring,intermediate,64,0.2255129859669049,0.0153770832471655,0.2101359027197393
D2,2,m030_contiguous_substring,6ff19e1927dcafbb441ab0b4a0a61b92d1295d402f3277307a3f5b9d7850b98a,contiguous_substring,intermediate,64,0.204645997395973,0.0146199991869812,0.1900259982089917
D2,2,m031_contiguous_substring,c824c782df91faee7515c9d811fab43ed5426465074d2e812a5277507d28ae96,contiguous_substring,intermediate,256,0.2474492646677672,0.0197595726337522,0.2276896920340149
D2,2,m032_contiguous_substring,ef835eb9c371f618c6958654a7d25a1df1d12c09a53ecf66f9209fb882a8542d,contiguous_substring,intermediate,256,0.2435141992107097,0.0220518952183097,0.2214623039924
D2,2,m033_identity,2f88e9ce00d238e7e011a7b140b413dcad818f1da41a721f914f1af604d0e217,identity,identity,1024,0.2655713754871696,0.0266279432566993,0.2389434322304702
D2,3,m000_constant,9f1dcbc35c350d6027f98be0f5c8b43b42ca52b7604459c0c42be3aa88913d47,constant,constant,1,0.0,0.0,0.0
D2,3,m001_balanced_random_group,d52123e063e4c7f12cf7d331526a34d45a7db62b251fda39a52b7a6e51dc81da,balanced_random_group,intermediate,2,0.0486847183593748,0.00172536092613,0.0469593574332447
D2,3,m002_affinity_rank_group,3f53151fb2f814971fd6c0128c5c0b7afe1b5cb5257e46a1db18b8ebc9946d94,affinity_rank_group,intermediate,2,0.1668427856382832,0.0016366793084385,0.1652061063298447
D2,3,m003_balanced_random_group,4daeed799e72bb6401d991026fcc59ed40b3ce561e3c7dcca0ae6832935d9374,balanced_random_group,intermediate,4,0.2235053294304453,0.0048870408735232,0.2186182885569221
D2,3,m004_affinity_rank_group,92e56b0f11cdce879476507882d715f1eecc12de134fc3982530e28ffd4eba29,affinity_rank_group,intermediate,4,0.194943353622325,0.005011045780362,0.1899323078419629
D2,3,m005_balanced_random_group,133f24f68b3fddec3d8ed9a85a422bfcf4737bd728e769f2b1a595571768ceb1,balanced_random_group,intermediate,8,0.2230761042487087,0.0101456567672782,0.2129304474814305
D2,3,m006_affinity_rank_group,0a19adabdd017fc722384804e89caf4ecf35837689486f63c24094087da5c2ba,affinity_rank_group,intermediate,8,0.2545710231827899,0.0100460060366821,0.2445250171461077
D2,3,m007_balanced_random_group,25ccd77da6a7a52851f2f535e8b83f3d72cca793b3fce300949dd17a4f765737,balanced_random_group,intermediate,16,0.2623952804566561,0.0158833143046155,0.2465119661520406
D2,3,m008_affinity_rank_group,d176c8d0ee881709b5af7061b49578d8041bef9dde73ceb9e47e4dd86f7ee987,affinity_rank_group,intermediate,16,0.2714424739867316,0.0162049964718333,0.2552374775148983
D2,3,m009_balanced_random_group,69c0c7f3bb16611e92670e95a45404361a87cf0019841eec47307d17f9b18d02,balanced_random_group,intermediate,32,0.2287401873625114,0.0178659564732892,0.2108742308892222
D2,3,m010_affinity_rank_group,a08bb91ec0e66d0b3afe5332032fd3fb6769016bc04c2710b5e01a8e599df454,affinity_rank_group,intermediate,32,0.2785422033458879,0.0207819536145909,0.2577602497312969
D2,3,m011_balanced_random_group,9ee348dcdb60a6d8b94644daf4e24f585414a22ccc692248a0eea7ff6d53b127,balanced_random_group,intermediate,64,0.2749296625578874,0.0212117213071658,0.2537179412507216
D2,3,m012_affinity_rank_group,6ac4e014d135d7a7fbd4592fdf320f48570dc4bce5e1a5c2ca6054715b80f98a,affinity_rank_group,intermediate,64,0.2797642365792975,0.022197169543203,0.2575670670360945
D2,3,m013_balanced_random_group,c127ba6cf2bef776473edf53f0da2b8df4d42a0566a9850f3d21195dea5e8dc9,balanced_random_group,intermediate,128,0.2800590834244043,0.0231531596680499,0.2569059237563544
D2,3,m014_affinity_rank_group,4c0d0a036a5c51abb14f88b143c35a9a2e7cecb590d4d0752b078fe3b59a18dd,affinity_rank_group,intermediate,128,0.2821836371994979,0.0235362845710599,0.2586473526284379
D2,3,m015_balanced_random_group,d938170ba1bbcea521c8f61e2a21a624aedf2e1facb1d1b7a73246f98e6abbb1,balanced_random_group,intermediate,256,0.2805161292390073,0.0224095879905953,0.258106541248412
D2,3,m016_affinity_rank_group,cf78b05538711825e0795152b13c3d2c15b5cd16f89c1995f7b006d8bc57c6a2,affinity_rank_group,intermediate,256,0.2824073182596007,0.023804771324729,0.2586025469348717
D2,3,m017_balanced_random_group,b6b3bc7bfea0b8024176555b6791456fefb568bbd841db8af65e2e3f9b06bc11,balanced_random_group,intermediate,512,0.2823043893932636,0.0234611839312155,0.258843205462048
D2,3,m018_affinity_rank_group,24a6acb87a7364b0b1cbbe6fecc84df53e5243c78a06a6c6c4e7354b3e359435,affinity_rank_group,intermediate,512,0.2824073182596007,0.023804771324729,0.2586025469348717
D2,3,m019_contiguous_substring,16cfd655e57fba08a658c1d50e1fe5976b2f905eee09ec260833cfb2b49d6f38,contiguous_substring,intermediate,4,0.1636294095427417,0.0036294456873231,0.1599999638554186
D2,3,m020_contiguous_substring,6fb076d21f3b26febc2e6a328628b3ea581ce0709de4263bbe675d61bdb74942,contiguous_substring,intermediate,4,0.2200032013478715,0.0039063873570143,0.2160968139908571
D2,3,m021_contiguous_substring,3ac98b3bd2edbbfc3b4339ca0066047ccba8e1cfa0ce798acbd27bab5b87d8af,contiguous_substring,intermediate,4,0.1598967378699648,0.0032348312385426,0.1566619066314222
D2,3,m022_contiguous_substring,fc015e86e4e7f2c734c05fb1135856a6186a7b6e6f3079acc6d6c6e4aa7442e4,contiguous_substring,intermediate,4,0.204409786795166,0.004048533816199,0.200361252978967
D2,3,m023_contiguous_substring,6d8bb74bcdeefe62988bcebfe3cdb7110ea14648c3393721f4a4095032ddf61b,contiguous_substring,intermediate,4,0.2233237396911653,0.0040200166719597,0.2193037230192056
D2,3,m024_contiguous_substring,94ab69bff5420fbcf4c18d7a247ef0e4b9577d1295271abf78a62f51c3b59a0f,contiguous_substring,intermediate,16,0.2311319951514476,0.0084615182150568,0.2226704769363908
D2,3,m025_contiguous_substring,ae330f3e6dd51f734f790820a896827f916e8d775c69ea1f205c55aa81507fe0,contiguous_substring,intermediate,16,0.229869786275974,0.008081011428932,0.221788774847042
D2,3,m026_contiguous_substring,5d3c5ea59a3a81c2ffdcfc7029fe0ab078b39be0217f1ee2611101845014273b,contiguous_substring,intermediate,16,0.2479168208410758,0.0089414634357375,0.2389753574053382
D2,3,m027_contiguous_substring,6edfbfdb62fbf79744d4ecfb6fe43de95b2133d87a10f24061ecc84297b1c267,contiguous_substring,intermediate,16,0.2505043697822547,0.009542107396768,0.2409622623854867
D2,3,m028_contiguous_substring,6f9a04216ce84ed3a2ef19a2010723c498d866f2bb5d6eda67ea1bd16782bfd8,contiguous_substring,intermediate,64,0.2402444572074507,0.0126748625488031,0.2275695946586476
D2,3,m029_contiguous_substring,8d4ddfbfac0226f6a695d6b22ee21fbf533251852e95baca71b09f7710bfb22c,contiguous_substring,intermediate,64,0.254975179868898,0.0140546556349425,0.2409205242339554
D2,3,m030_contiguous_substring,6ff19e1927dcafbb441ab0b4a0a61b92d1295d402f3277307a3f5b9d7850b98a,contiguous_substring,intermediate,64,0.2607947783828657,0.0139085889441578,0.2468861894387078
D2,3,m031_contiguous_substring,c824c782df91faee7515c9d811fab43ed5426465074d2e812a5277507d28ae96,contiguous_substring,intermediate,256,0.2671564698646857,0.0189092359285029,0.2482472339361828
D2,3,m032_contiguous_substring,ef835eb9c371f618c6958654a7d25a1df1d12c09a53ecf66f9209fb882a8542d,contiguous_substring,intermediate,256,0.2684885931775952,0.0190643857693008,0.2494242074082943
D2,3,m033_identity,2f88e9ce00d238e7e011a7b140b413dcad818f1da41a721f914f1af604d0e217,identity,identity,1024,0.2824073182596008,0.023804771324729,0.2586025469348718
D2,4,m000_constant,9f1dcbc35c350d6027f98be0f5c8b43b42ca52b7604459c0c42be3aa88913d47,constant,constant,1,0.0,0.0,0.0
D2,4,m001_balanced_random_group,d52123e063e4c7f12cf7d331526a34d45a7db62b251fda39a52b7a6e51dc81da,balanced_random_group,intermediate,2,0.1335140717826649,0.0016682305146722,0.1318458412679926
D2,4,m002_affinity_rank_group,3f53151fb2f814971fd6c0128c5c0b7afe1b5cb5257e46a1db18b8ebc9946d94,affinity_rank_group,intermediate,2,0.1173242097577311,0.0018184323267461,0.1155057774309849
D2,4,m003_balanced_random_group,4daeed799e72bb6401d991026fcc59ed40b3ce561e3c7dcca0ae6832935d9374,balanced_random_group,intermediate,4,0.1472664127083041,0.005444734033315,0.141821678674989
D2,4,m004_affinity_rank_group,92e56b0f11cdce879476507882d715f1eecc12de134fc3982530e28ffd4eba29,affinity_rank_group,intermediate,4,0.2172319453266392,0.005364246581012,0.2118676987456271
D2,4,m005_balanced_random_group,133f24f68b3fddec3d8ed9a85a422bfcf4737bd728e769f2b1a595571768ceb1,balanced_random_group,intermediate,8,0.1933939124358085,0.0098435185021709,0.1835503939336376
D2,4,m006_affinity_rank_group,0a19adabdd017fc722384804e89caf4ecf35837689486f63c24094087da5c2ba,affinity_rank_group,intermediate,8,0.2567655516555697,0.0108476293629333,0.2459179222926363
D2,4,m007_balanced_random_group,25ccd77da6a7a52851f2f535e8b83f3d72cca793b3fce300949dd17a4f765737,balanced_random_group,intermediate,16,0.276055215515583,0.0143254064322101,0.2617298090833728
D2,4,m008_affinity_rank_group,d176c8d0ee881709b5af7061b49578d8041bef9dde73ceb9e47e4dd86f7ee987,affinity_rank_group,intermediate,16,0.2696278023599161,0.0153833829061686,0.2542444194537475
D2,4,m009_balanced_random_group,69c0c7f3bb16611e92670e95a45404361a87cf0019841eec47307d17f9b18d02,balanced_random_group,intermediate,32,0.3143001465025404,0.0191451042272408,0.2951550422752995
D2,4,m010_affinity_rank_group,a08bb91ec0e66d0b3afe5332032fd3fb6769016bc04c2710b5e01a8e599df454,affinity_rank_group,intermediate,32,0.2764232288333635,0.0181860830480514,0.2582371457853121
D2,4,m011_balanced_random_group,9ee348dcdb60a6d8b94644daf4e24f585414a22ccc692248a0eea7ff6d53b127,balanced_random_group,intermediate,64,0.3148798109551217,0.0205871590735366,0.294292651881585
D2,4,m012_affinity_rank_group,6ac4e014d135d7a7fbd4592fdf320f48570dc4bce5e1a5c2ca6054715b80f98a,affinity_rank_group,intermediate,64,0.2823493880625138,0.0213427241936137,0.2610066638689001
D2,4,m013_balanced_random_group,c127ba6cf2bef776473edf53f0da2b8df4d42a0566a9850f3d21195dea5e8dc9,balanced_random_group,intermediate,128,0.3194744681758732,0.0235278848224338,0.2959465833534393
D2,4,m014_affinity_rank_group,4c0d0a036a5c51abb14f88b143c35a9a2e7cecb590d4d0752b078fe3b59a18dd,affinity_rank_group,intermediate,128,0.3146693538778792,0.0228923646212751,0.291776989256604
D2,4,m015_balanced_random_group,d938170ba1bbcea521c8f61e2a21a624aedf2e1facb1d1b7a73246f98e6abbb1,balanced_random_group,intermediate,256,0.3200559018347995,0.0237348177260186,0.2963210841087809
D2,4,m016_affinity_rank_group,cf78b05538711825e0795152b13c3d2c15b5cd16f89c1995f7b006d8bc57c6a2,affinity_rank_group,intermediate,256,0.3205676812012388,0.024211908050856,0.2963557731503827
D2,4,m017_balanced_random_group,b6b3bc7bfea0b8024176555b6791456fefb568bbd841db8af65e2e3f9b06bc11,balanced_random_group,intermediate,512,0.3205676812012389,0.0242119080508561,0.2963557731503828
D2,4,m018_affinity_rank_group,24a6acb87a7364b0b1cbbe6fecc84df53e5243c78a06a6c6c4e7354b3e359435,affinity_rank_group,intermediate,512,0.3205676812012388,0.0242119080508561,0.2963557731503827
D2,4,m019_contiguous_substring,16cfd655e57fba08a658c1d50e1fe5976b2f905eee09ec260833cfb2b49d6f38,contiguous_substring,intermediate,4,0.1515805328446897,0.0034841167529358,0.1480964160917539
D2,4,m020_contiguous_substring,6fb076d21f3b26febc2e6a328628b3ea581ce0709de4263bbe675d61bdb74942,contiguous_substring,intermediate,4,0.0597763427963566,0.0024831344817479,0.0572932083146087
D2,4,m021_contiguous_substring,3ac98b3bd2edbbfc3b4339ca0066047ccba8e1cfa0ce798acbd27bab5b87d8af,contiguous_substring,intermediate,4,0.149402190600792,0.0048972342066992,0.1445049563940928
D2,4,m022_contiguous_substring,fc015e86e4e7f2c734c05fb1135856a6186a7b6e6f3079acc6d6c6e4aa7442e4,contiguous_substring,intermediate,4,0.1104388423681143,0.0038911540127064,0.1065476883554078
D2,4,m023_contiguous_substring,6d8bb74bcdeefe62988bcebfe3cdb7110ea14648c3393721f4a4095032ddf61b,contiguous_substring,intermediate,4,0.2161437988865943,0.0035074004931835,0.2126363983934108
D2,4,m024_contiguous_substring,94ab69bff5420fbcf4c18d7a247ef0e4b9577d1295271abf78a62f51c3b59a0f,contiguous_substring,intermediate,16,0.1585679691566071,0.0074161966441769,0.1511517725124301
D2,4,m025_contiguous_substring,ae330f3e6dd51f734f790820a896827f916e8d775c69ea1f205c55aa81507fe0,contiguous_substring,intermediate,16,0.1592383883174159,0.0085095687349301,0.1507288195824858
D2,4,m026_contiguous_substring,5d3c5ea59a3a81c2ffdcfc7029fe0ab078b39be0217f1ee2611101845014273b,contiguous_substring,intermediate,16,0.1748571094808307,0.0111400063441934,0.1637171031366373
D2,4,m027_contiguous_substring,6edfbfdb62fbf79744d4ecfb6fe43de95b2133d87a10f24061ecc84297b1c267,contiguous_substring,intermediate,16,0.2448686708580379,0.0087412895282198,0.2361273813298181
D2,4,m028_contiguous_substring,6f9a04216ce84ed3a2ef19a2010723c498d866f2bb5d6eda67ea1bd16782bfd8,contiguous_substring,intermediate,64,0.1663186944036415,0.0135946106286087,0.1527240837750328
D2,4,m029_contiguous_substring,8d4ddfbfac0226f6a695d6b22ee21fbf533251852e95baca71b09f7710bfb22c,contiguous_substring,intermediate,64,0.185383012429034,0.0154824224587609,0.1699005899702731
D2,4,m030_contiguous_substring,6ff19e1927dcafbb441ab0b4a0a61b92d1295d402f3277307a3f5b9d7850b98a,contiguous_substring,intermediate,64,0.3025217276057099,0.0161414561678859,0.2863802714378239
D2,4,m031_contiguous_substring,c824c782df91faee7515c9d811fab43ed5426465074d2e812a5277507d28ae96,contiguous_substring,intermediate,256,0.1926290620273791,0.0200707517416674,0.1725583102857117
D2,4,m032_contiguous_substring,ef835eb9c371f618c6958654a7d25a1df1d12c09a53ecf66f9209fb882a8542d,contiguous_substring,intermediate,256,0.3132917765797247,0.0199592513407502,0.2933325252389745
D2,4,m033_identity,2f88e9ce00d238e7e011a7b140b413dcad818f1da41a721f914f1af604d0e217,identity,identity,1024,0.3205676812012389,0.0242119080508561,0.2963557731503828
D2,5,m000_constant,9f1dcbc35c350d6027f98be0f5c8b43b42ca52b7604459c0c42be3aa88913d47,constant,constant,1,0.0,0.0,0.0
D2,5,m001_balanced_random_group,d52123e063e4c7f12cf7d331526a34d45a7db62b251fda39a52b7a6e51dc81da,balanced_random_group,intermediate,2,0.1256774992629965,0.0017139586320105,0.1239635406309859
D2,5,m002_affinity_rank_group,3f53151fb2f814971fd6c0128c5c0b7afe1b5cb5257e46a1db18b8ebc9946d94,affinity_rank_group,intermediate,2,0.0800763532175969,0.0017658793610144,0.0783104738565825
D2,5,m003_balanced_random_group,4daeed799e72bb6401d991026fcc59ed40b3ce561e3c7dcca0ae6832935d9374,balanced_random_group,intermediate,4,0.1642676412526117,0.0052611364911954,0.1590065047614162
D2,5,m004_affinity_rank_group,92e56b0f11cdce879476507882d715f1eecc12de134fc3982530e28ffd4eba29,affinity_rank_group,intermediate,4,0.1811626539527059,0.005206697482225,0.1759559564704809
D2,5,m005_balanced_random_group,133f24f68b3fddec3d8ed9a85a422bfcf4737bd728e769f2b1a595571768ceb1,balanced_random_group,intermediate,8,0.1878383442773252,0.0112553016778112,0.176583042599514
D2,5,m006_affinity_rank_group,0a19adabdd017fc722384804e89caf4ecf35837689486f63c24094087da5c2ba,affinity_rank_group,intermediate,8,0.1969409687333072,0.0107868182061575,0.1861541505271496
D2,5,m007_balanced_random_group,25ccd77da6a7a52851f2f535e8b83f3d72cca793b3fce300949dd17a4f765737,balanced_random_group,intermediate,16,0.2297927078991277,0.0181831650611505,0.2116095428379771
D2,5,m008_affinity_rank_group,d176c8d0ee881709b5af7061b49578d8041bef9dde73ceb9e47e4dd86f7ee987,affinity_rank_group,intermediate,16,0.2204520024476573,0.0176721416787375,0.2027798607689197
D2,5,m009_balanced_random_group,69c0c7f3bb16611e92670e95a45404361a87cf0019841eec47307d17f9b18d02,balanced_random_group,intermediate,32,0.24293837414812,0.0247724769144197,0.2181658972337002
D2,5,m010_affinity_rank_group,a08bb91ec0e66d0b3afe5332032fd3fb6769016bc04c2710b5e01a8e599df454,affinity_rank_group,intermediate,32,0.247646020692152,0.0228393991762186,0.2248066215159334
D2,5,m011_balanced_random_group,9ee348dcdb60a6d8b94644daf4e24f585414a22ccc692248a0eea7ff6d53b127,balanced_random_group,intermediate,64,0.2423721328588612,0.026792255481866,0.2155798773769952
D2,5,m012_affinity_rank_group,6ac4e014d135d7a7fbd4592fdf320f48570dc4bce5e1a5c2ca6054715b80f98a,affinity_rank_group,intermediate,64,0.2520297543704965,0.0265750096451244,0.225454744725372
D2,5,m013_balanced_random_group,c127ba6cf2bef776473edf53f0da2b8df4d42a0566a9850f3d21195dea5e8dc9,balanced_random_group,intermediate,128,0.2527343862417889,0.0278789530829917,0.2248554331587971
D2,5,m014_affinity_rank_group,4c0d0a036a5c51abb14f88b143c35a9a2e7cecb590d4d0752b078fe3b59a18dd,affinity_rank_group,intermediate,128,0.2552227799606337,0.0290097587936362,0.2262130211669975
D2,5,m015_balanced_random_group,d938170ba1bbcea521c8f61e2a21a624aedf2e1facb1d1b7a73246f98e6abbb1,balanced_random_group,intermediate,256,0.2546992862610073,0.0292197756510913,0.2254795106099159
D2,5,m016_affinity_rank_group,cf78b05538711825e0795152b13c3d2c15b5cd16f89c1995f7b006d8bc57c6a2,affinity_rank_group,intermediate,256,0.2560101898092659,0.0297316437379611,0.2262785460713047
D2,5,m017_balanced_random_group,b6b3bc7bfea0b8024176555b6791456fefb568bbd841db8af65e2e3f9b06bc11,balanced_random_group,intermediate,512,0.256532719128487,0.0295368450881978,0.2269958740402891
D2,5,m018_affinity_rank_group,24a6acb87a7364b0b1cbbe6fecc84df53e5243c78a06a6c6c4e7354b3e359435,affinity_rank_group,intermediate,512,0.2560101898092658,0.0297316437379611,0.2262785460713046
D2,5,m019_contiguous_substring,16cfd655e57fba08a658c1d50e1fe5976b2f905eee09ec260833cfb2b49d6f38,contiguous_substring,intermediate,4,0.0591667193077341,0.003636668166305,0.055530051141429
D2,5,m020_contiguous_substring,6fb076d21f3b26febc2e6a328628b3ea581ce0709de4263bbe675d61bdb74942,contiguous_substring,intermediate,4,0.1313208229226515,0.0042442653247382,0.1270765575979132
D2,5,m021_contiguous_substring,3ac98b3bd2edbbfc3b4339ca0066047ccba8e1cfa0ce798acbd27bab5b87d8af,contiguous_substring,intermediate,4,0.1302819474283068,0.0046333222436997,0.1256486251846071
D2,5,m022_contiguous_substring,fc015e86e4e7f2c734c05fb1135856a6186a7b6e6f3079acc6d6c6e4aa7442e4,contiguous_substring,intermediate,4,0.1633950648825025,0.0045047003923088,0.1588903644901937
D2,5,m023_contiguous_substring,6d8bb74bcdeefe62988bcebfe3cdb7110ea14648c3393721f4a4095032ddf61b,contiguous_substring,intermediate,4,0.1492636517516034,0.004443352636443,0.1448202991151604
D2,5,m024_contiguous_substring,94ab69bff5420fbcf4c18d7a247ef0e4b9577d1295271abf78a62f51c3b59a0f,contiguous_substring,intermediate,16,0.1387439278583764,0.0088882749980277,0.1298556528603487
D2,5,m025_contiguous_substring,ae330f3e6dd51f734f790820a896827f916e8d775c69ea1f205c55aa81507fe0,contiguous_substring,intermediate,16,0.1795238262106522,0.0102296351905323,0.1692941910201198
D2,5,m026_contiguous_substring,5d3c5ea59a3a81c2ffdcfc7029fe0ab078b39be0217f1ee2611101845014273b,contiguous_substring,intermediate,16,0.2077367376987323,0.0109618006798789,0.1967749370188533
D2,5,m027_contiguous_substring,6edfbfdb62fbf79744d4ecfb6fe43de95b2133d87a10f24061ecc84297b1c267,contiguous_substring,intermediate,16,0.1860558138630235,0.0110905088328798,0.1749653050301436
D2,5,m028_contiguous_substring,6f9a04216ce84ed3a2ef19a2010723c498d866f2bb5d6eda67ea1bd16782bfd8,contiguous_substring,intermediate,64,0.1870089356904627,0.0148789595718797,0.1721299761185829
D2,5,m029_contiguous_substring,8d4ddfbfac0226f6a695d6b22ee21fbf533251852e95baca71b09f7710bfb22c,contiguous_substring,intermediate,64,0.2267215657021826,0.0177008698258794,0.2090206958763032
D2,5,m030_contiguous_substring,6ff19e1927dcafbb441ab0b4a0a61b92d1295d402f3277307a3f5b9d7850b98a,contiguous_substring,intermediate,64,0.2317533080368942,0.019581977284664,0.2121713307522302
D2,5,m031_contiguous_substring,c824c782df91faee7515c9d811fab43ed5426465074d2e812a5277507d28ae96,contiguous_substring,intermediate,256,0.2358171456520983,0.0229111962413083,0.21290594941079
D2,5,m032_contiguous_substring,ef835eb9c371f618c6958654a7d25a1df1d12c09a53ecf66f9209fb882a8542d,contiguous_substring,intermediate,256,0.2477243708048579,0.024984873580972,0.2227394972238859
D2,5,m033_identity,2f88e9ce00d238e7e011a7b140b413dcad818f1da41a721f914f1af604d0e217,identity,identity,1024,0.2569112093440918,0.0301948869648837,0.226716322379208
D2,6,m000_constant,9f1dcbc35c350d6027f98be0f5c8b43b42ca52b7604459c0c42be3aa88913d47,constant,constant,1,0.0,0.0,0.0
D2,6,m001_balanced_random_group,d52123e063e4c7f12cf7d331526a34d45a7db62b251fda39a52b7a6e51dc81da,balanced_random_group,intermediate,2,0.11406710509858,0.0018146777636037,0.1122524273349762
D2,6,m002_affinity_rank_group,3f53151fb2f814971fd6c0128c5c0b7afe1b5cb5257e46a1db18b8ebc9946d94,affinity_rank_group,intermediate,2,0.1157481450607538,0.001671749193055,0.1140763958676987
D2,6,m003_balanced_random_group,4daeed799e72bb6401d991026fcc59ed40b3ce561e3c7dcca0ae6832935d9374,balanced_random_group,intermediate,4,0.1803956292105341,0.004813506509108,0.175582122701426
D2,6,m004_affinity_rank_group,92e56b0f11cdce879476507882d715f1eecc12de134fc3982530e28ffd4eba29,affinity_rank_group,intermediate,4,0.1966074655185136,0.0051086366280137,0.1914988288904999
D2,6,m005_balanced_random_group,133f24f68b3fddec3d8ed9a85a422bfcf4737bd728e769f2b1a595571768ceb1,balanced_random_group,intermediate,8,0.2036825417832833,0.0095348027920666,0.1941477389912166
D2,6,m006_affinity_rank_group,0a19adabdd017fc722384804e89caf4ecf35837689486f63c24094087da5c2ba,affinity_rank_group,intermediate,8,0.2192046508873649,0.011151011167721,0.2080536397196438
D2,6,m007_balanced_random_group,25ccd77da6a7a52851f2f535e8b83f3d72cca793b3fce300949dd17a4f765737,balanced_random_group,intermediate,16,0.2436593964226857,0.0164581621207734,0.2272012343019123
D2,6,m008_affinity_rank_group,d176c8d0ee881709b5af7061b49578d8041bef9dde73ceb9e47e4dd86f7ee987,affinity_rank_group,intermediate,16,0.235112925151597,0.0168132735907673,0.2182996515608297
D2,6,m009_balanced_random_group,69c0c7f3bb16611e92670e95a45404361a87cf0019841eec47307d17f9b18d02,balanced_random_group,intermediate,32,0.2406401842211022,0.0219314064788617,0.2187087777422404
D2,6,m010_affinity_rank_group,a08bb91ec0e66d0b3afe5332032fd3fb6769016bc04c2710b5e01a8e599df454,affinity_rank_group,intermediate,32,0.2485614957376397,0.0214202607695967,0.227141234968043
D2,6,m011_balanced_random_group,9ee348dcdb60a6d8b94644daf4e24f585414a22ccc692248a0eea7ff6d53b127,balanced_random_group,intermediate,64,0.26298696861515,0.0244271279541548,0.2385598406609951
D2,6,m012_affinity_rank_group,6ac4e014d135d7a7fbd4592fdf320f48570dc4bce5e1a5c2ca6054715b80f98a,affinity_rank_group,intermediate,64,0.2631755898293094,0.0250636117657095,0.2381119780635998
D2,6,m013_balanced_random_group,c127ba6cf2bef776473edf53f0da2b8df4d42a0566a9850f3d21195dea5e8dc9,balanced_random_group,intermediate,128,0.2429757822203152,0.0258419590963957,0.2171338231239194
D2,6,m014_affinity_rank_group,4c0d0a036a5c51abb14f88b143c35a9a2e7cecb590d4d0752b078fe3b59a18dd,affinity_rank_group,intermediate,128,0.2641050327674282,0.0258436272833583,0.2382614054840698
D2,6,m015_balanced_random_group,d938170ba1bbcea521c8f61e2a21a624aedf2e1facb1d1b7a73246f98e6abbb1,balanced_random_group,intermediate,256,0.2764117001188595,0.0262536995812771,0.2501580005375824
D2,6,m016_affinity_rank_group,cf78b05538711825e0795152b13c3d2c15b5cd16f89c1995f7b006d8bc57c6a2,affinity_rank_group,intermediate,256,0.2644956577674282,0.0260291741583583,0.2384664836090699
D2,6,m017_balanced_random_group,b6b3bc7bfea0b8024176555b6791456fefb568bbd841db8af65e2e3f9b06bc11,balanced_random_group,intermediate,512,0.2642037619417446,0.0263986913546721,0.2378050705870724
D2,6,m018_affinity_rank_group,24a6acb87a7364b0b1cbbe6fecc84df53e5243c78a06a6c6c4e7354b3e359435,affinity_rank_group,intermediate,512,0.2652574027927974,0.0263457191679938,0.2389116836248036
D2,6,m019_contiguous_substring,16cfd655e57fba08a658c1d50e1fe5976b2f905eee09ec260833cfb2b49d6f38,contiguous_substring,intermediate,4,0.1679924313850734,0.0041154883321042,0.1638769430529691
D2,6,m020_contiguous_substring,6fb076d21f3b26febc2e6a328628b3ea581ce0709de4263bbe675d61bdb74942,contiguous_substring,intermediate,4,0.1863209150202599,0.0038406061415013,0.1824803088787586
D2,6,m021_contiguous_substring,3ac98b3bd2edbbfc3b4339ca0066047ccba8e1cfa0ce798acbd27bab5b87d8af,contiguous_substring,intermediate,4,0.1893296312227763,0.0034099126003002,0.185919718622476
D2,6,m022_contiguous_substring,fc015e86e4e7f2c734c05fb1135856a6186a7b6e6f3079acc6d6c6e4aa7442e4,contiguous_substring,intermediate,4,0.0653255880277705,0.0039260409770305,0.0613995470507399
D2,6,m023_contiguous_substring,6d8bb74bcdeefe62988bcebfe3cdb7110ea14648c3393721f4a4095032ddf61b,contiguous_substring,intermediate,4,0.1681866780259082,0.003206626302014,0.1649800517238941
D2,6,m024_contiguous_substring,94ab69bff5420fbcf4c18d7a247ef0e4b9577d1295271abf78a62f51c3b59a0f,contiguous_substring,intermediate,16,0.2108375249125116,0.011081013027613,0.1997565118848985
D2,6,m025_contiguous_substring,ae330f3e6dd51f734f790820a896827f916e8d775c69ea1f205c55aa81507fe0,contiguous_substring,intermediate,16,0.2217452205163138,0.0090812230900621,0.2126639974262517
D2,6,m026_contiguous_substring,5d3c5ea59a3a81c2ffdcfc7029fe0ab078b39be0217f1ee2611101845014273b,contiguous_substring,intermediate,16,0.2148914513046989,0.0107228146422813,0.2041686366624175
D2,6,m027_contiguous_substring,6edfbfdb62fbf79744d4ecfb6fe43de95b2133d87a10f24061ecc84297b1c267,contiguous_substring,intermediate,16,0.1864078247335848,0.0092665923149306,0.1771412324186542
D2,6,m028_contiguous_substring,6f9a04216ce84ed3a2ef19a2010723c498d866f2bb5d6eda67ea1bd16782bfd8,contiguous_substring,intermediate,64,0.2443687577624161,0.0162634043402397,0.2281053534221764
D2,6,m029_contiguous_substring,8d4ddfbfac0226f6a695d6b22ee21fbf533251852e95baca71b09f7710bfb22c,contiguous_substring,intermediate,64,0.2423629406012779,0.0150611567186147,0.2273017838826631
D2,6,m030_contiguous_substring,6ff19e1927dcafbb441ab0b4a0a61b92d1295d402f3277307a3f5b9d7850b98a,contiguous_substring,intermediate,64,0.2263161216188819,0.0154643317123933,0.2108517899064885
D2,6,m031_contiguous_substring,c824c782df91faee7515c9d811fab43ed5426465074d2e812a5277507d28ae96,contiguous_substring,intermediate,256,0.2666641094398463,0.0224843922628549,0.2441797171769913
D2,6,m032_contiguous_substring,ef835eb9c371f618c6958654a7d25a1df1d12c09a53ecf66f9209fb882a8542d,contiguous_substring,intermediate,256,0.2532764380110662,0.0193823637056564,0.2338940743054098
D2,6,m033_identity,2f88e9ce00d238e7e011a7b140b413dcad818f1da41a721f914f1af604d0e217,identity,identity,1024,0.276970107585243,0.026821937126046,0.250148170459197
D2,7,m000_constant,9f1dcbc35c350d6027f98be0f5c8b43b42ca52b7604459c0c42be3aa88913d47,constant,constant,1,0.0,0.0,0.0
D2,7,m001_balanced_random_group,d52123e063e4c7f12cf7d331526a34d45a7db62b251fda39a52b7a6e51dc81da,balanced_random_group,intermediate,2,0.0851038762755263,0.0017392338551961,0.0833646424203302
D2,7,m002_affinity_rank_group,3f53151fb2f814971fd6c0128c5c0b7afe1b5cb5257e46a1db18b8ebc9946d94,affinity_rank_group,intermediate,2,0.0699679203059554,0.0016630216264796,0.0683048986794757
D2,7,m003_balanced_random_group,4daeed799e72bb6401d991026fcc59ed40b3ce561e3c7dcca0ae6832935d9374,balanced_random_group,intermediate,4,0.1244198294162633,0.0050586451951841,0.1193611842210792
D2,7,m004_affinity_rank_group,92e56b0f11cdce879476507882d715f1eecc12de134fc3982530e28ffd4eba29,affinity_rank_group,intermediate,4,0.1133700849899457,0.00524876480055,0.1081213201893957
D2,7,m005_balanced_random_group,133f24f68b3fddec3d8ed9a85a422bfcf4737bd728e769f2b1a595571768ceb1,balanced_random_group,intermediate,8,0.205045926826346,0.0115782742331789,0.1934676525931671
D2,7,m006_affinity_rank_group,0a19adabdd017fc722384804e89caf4ecf35837689486f63c24094087da5c2ba,affinity_rank_group,intermediate,8,0.1524109521962942,0.010984701336637,0.1414262508596572
D2,7,m007_balanced_random_group,25ccd77da6a7a52851f2f535e8b83f3d72cca793b3fce300949dd17a4f765737,balanced_random_group,intermediate,16,0.1921633402127854,0.0167548887270335,0.1754084514857518
D2,7,m008_affinity_rank_group,d176c8d0ee881709b5af7061b49578d8041bef9dde73ceb9e47e4dd86f7ee987,affinity_rank_group,intermediate,16,0.2071471764271171,0.017975494472382,0.1891716819547351
D2,7,m009_balanced_random_group,69c0c7f3bb16611e92670e95a45404361a87cf0019841eec47307d17f9b18d02,balanced_random_group,intermediate,32,0.2220754787918044,0.023893196245085,0.1981822825467194
D2,7,m010_affinity_rank_group,a08bb91ec0e66d0b3afe5332032fd3fb6769016bc04c2710b5e01a8e599df454,affinity_rank_group,intermediate,32,0.2216658805479923,0.0234254976864305,0.1982403828615618
D2,7,m011_balanced_random_group,9ee348dcdb60a6d8b94644daf4e24f585414a22ccc692248a0eea7ff6d53b127,balanced_random_group,intermediate,64,0.2532989281978547,0.0283367206797621,0.2249622075180926
D2,7,m012_affinity_rank_group,6ac4e014d135d7a7fbd4592fdf320f48570dc4bce5e1a5c2ca6054715b80f98a,affinity_rank_group,intermediate,64,0.2551207326946536,0.0275639239990488,0.2275568086956047
D2,7,m013_balanced_random_group,c127ba6cf2bef776473edf53f0da2b8df4d42a0566a9850f3d21195dea5e8dc9,balanced_random_group,intermediate,128,0.2574484066975841,0.0295177814878622,0.2279306252097219
D2,7,m014_affinity_rank_group,4c0d0a036a5c51abb14f88b143c35a9a2e7cecb590d4d0752b078fe3b59a18dd,affinity_rank_group,intermediate,128,0.2567493241268869,0.0296378425949182,0.2271114815319686
D2,7,m015_balanced_random_group,d938170ba1bbcea521c8f61e2a21a624aedf2e1facb1d1b7a73246f98e6abbb1,balanced_random_group,intermediate,256,0.2589005455727164,0.0307216831460659,0.2281788624266504
D2,7,m016_affinity_rank_group,cf78b05538711825e0795152b13c3d2c15b5cd16f89c1995f7b006d8bc57c6a2,affinity_rank_group,intermediate,256,0.2596817955727163,0.0312431675210659,0.2284386280516503
D2,7,m017_balanced_random_group,b6b3bc7bfea0b8024176555b6791456fefb568bbd841db8af65e2e3f9b06bc11,balanced_random_group,intermediate,512,0.2596817955727164,0.0312431675210659,0.2284386280516505
D2,7,m018_affinity_rank_group,24a6acb87a7364b0b1cbbe6fecc84df53e5243c78a06a6c6c4e7354b3e359435,affinity_rank_group,intermediate,512,0.2596817955727163,0.0312431675210659,0.2284386280516503
D2,7,m019_contiguous_substring,16cfd655e57fba08a658c1d50e1fe5976b2f905eee09ec260833cfb2b49d6f38,contiguous_substring,intermediate,4,0.0925289143687645,0.0047165968597791,0.0878123175089853
D2,7,m020_contiguous_substring,6fb076d21f3b26febc2e6a328628b3ea581ce0709de4263bbe675d61bdb74942,contiguous_substring,intermediate,4,0.1002420451508192,0.003700307963878,0.0965417371869411
D2,7,m021_contiguous_substring,3ac98b3bd2edbbfc3b4339ca0066047ccba8e1cfa0ce798acbd27bab5b87d8af,contiguous_substring,intermediate,4,0.0723595633211898,0.004511229303528,0.0678483340176617
D2,7,m022_contiguous_substring,fc015e86e4e7f2c734c05fb1135856a6186a7b6e6f3079acc6d6c6e4aa7442e4,contiguous_substring,intermediate,4,0.1037073487727009,0.0039362844987475,0.0997710642739533
D2,7,m023_contiguous_substring,6d8bb74bcdeefe62988bcebfe3cdb7110ea14648c3393721f4a4095032ddf61b,contiguous_substring,intermediate,4,0.0629091936942505,0.0046283164690171,0.0582808772252333
D2,7,m024_contiguous_substring,94ab69bff5420fbcf4c18d7a247ef0e4b9577d1295271abf78a62f51c3b59a0f,contiguous_substring,intermediate,16,0.1388979017327319,0.0108389890165232,0.1280589127162086
D2,7,m025_contiguous_substring,ae330f3e6dd51f734f790820a896827f916e8d775c69ea1f205c55aa81507fe0,contiguous_substring,intermediate,16,0.1585301188358516,0.0107782430801528,0.1477518757556987
D2,7,m026_contiguous_substring,5d3c5ea59a3a81c2ffdcfc7029fe0ab078b39be0217f1ee2611101845014273b,contiguous_substring,intermediate,16,0.1619769759143222,0.0118118558732669,0.1501651200410552
D2,7,m027_contiguous_substring,6edfbfdb62fbf79744d4ecfb6fe43de95b2133d87a10f24061ecc84297b1c267,contiguous_substring,intermediate,16,0.1445949062114352,0.011260770697588,0.1333341355138471
D2,7,m028_contiguous_substring,6f9a04216ce84ed3a2ef19a2010723c498d866f2bb5d6eda67ea1bd16782bfd8,contiguous_substring,intermediate,64,0.1890462531561301,0.0178631135386519,0.1711831396174782
D2,7,m029_contiguous_substring,8d4ddfbfac0226f6a695d6b22ee21fbf533251852e95baca71b09f7710bfb22c,contiguous_substring,intermediate,64,0.2067914134546923,0.0171573626778801,0.1896340507768121
D2,7,m030_contiguous_substring,6ff19e1927dcafbb441ab0b4a0a61b92d1295d402f3277307a3f5b9d7850b98a,contiguous_substring,intermediate,64,0.201765914721954,0.0181714571723519,0.183594457549602
D2,7,m031_contiguous_substring,c824c782df91faee7515c9d811fab43ed5426465074d2e812a5277507d28ae96,contiguous_substring,intermediate,256,0.2429202987570887,0.0246898512394884,0.2182304475176002
D2,7,m032_contiguous_substring,ef835eb9c371f618c6958654a7d25a1df1d12c09a53ecf66f9209fb882a8542d,contiguous_substring,intermediate,256,0.2283084384130829,0.0241863839443105,0.2041220544687723
D2,7,m033_identity,2f88e9ce00d238e7e011a7b140b413dcad818f1da41a721f914f1af604d0e217,identity,identity,1024,0.2596817955727163,0.0312431675210659,0.2284386280516504
